system:index,defo,elevation,rand,slope,treecover2000,.geo
0000000000000000045f,0,469,0.2786747089970597,1,84,"{""type"":""Point"",""coordinates"":[108.57506624675167,14.183499712598543]}"
00000000000000000255,0,685,0.6824117469637364,3,73,"{""type"":""Point"",""coordinates"":[108.54622924023903,14.285367876164512]}"
00000000000000000258,0,672,0.520381092998101,3,66,"{""type"":""Point"",""coordinates"":[108.42981102993566,14.22823341436671]}"
00000000000000000337,0,568,0.6873887825056485,3,33,"{""type"":""Point"",""coordinates"":[108.5599766487868,14.199940418182598]}"
00000000000000000247,0,807,0.004255621251412656,4,69,"{""type"":""Point"",""coordinates"":[108.32874996366037,14.410681993069504]}"
00000000000000000342,0,1065,0.6186637076447529,4,70,"{""type"":""Point"",""coordinates"":[108.52440194058242,14.515247912772809]}"
000000000000000003c4,0,905,0.6584404013995446,4,32,"{""type"":""Point"",""coordinates"":[108.47993578487744,14.339537035761776]}"
0000000000000000018d,0,575,0.3320955241318898,5,63,"{""type"":""Point"",""coordinates"":[108.4616088795478,14.29345222637441]}"
000000000000000001de,0,849,0.6623422138116435,5,37,"{""type"":""Point"",""coordinates"":[108.53140718833737,14.354626633726637]}"
00000000000000000251,0,500,0.21649186075413862,5,53,"{""type"":""Point"",""coordinates"":[108.53167919350163,14.200747515473271]}"
00000000000000000473,0,681,0.46590905028864127,5,99,"{""type"":""Point"",""coordinates"":[108.60875475521046,14.255456226298]}"
000000000000000004e7,0,879,0.6310599468975059,5,32,"{""type"":""Point"",""coordinates"":[108.52278328690002,14.398557697305185]}"
0000000000000000056e,0,661,0.32567044119087685,5,30,"{""type"":""Point"",""coordinates"":[108.48451528165936,14.228772965594178]}"
00000000000000000613,0,711,0.6169375769341553,5,60,"{""type"":""Point"",""coordinates"":[108.5252090378731,14.085131943359528]}"
000000000000000000da,0,654,0.005238852987389686,6,77,"{""type"":""Point"",""coordinates"":[108.47966823881426,14.217455767120535]}"
000000000000000000e3,0,504,0.3844600396079372,6,40,"{""type"":""Point"",""coordinates"":[108.59123494717147,14.045789294764973]}"
0000000000000000029b,0,842,0.31923397099156814,6,99,"{""type"":""Point"",""coordinates"":[108.6313936112588,14.34330943525299]}"
000000000000000002d1,0,519,0.6195928145759285,6,70,"{""type"":""Point"",""coordinates"":[108.53248629079232,14.145499253421079]}"
000000000000000005d9,0,538,0.37532538469052623,6,33,"{""type"":""Point"",""coordinates"":[108.50041643601593,14.15062276053149]}"
00000000000000000261,0,975,0.400956839102798,7,84,"{""type"":""Point"",""coordinates"":[108.43493007794503,14.39720658968599]}"
00000000000000000345,0,746,0.6414244266806735,7,60,"{""type"":""Point"",""coordinates"":[108.58180394844344,14.293724231538672]}"
000000000000000005f2,0,735,0.5356759559041193,7,64,"{""type"":""Point"",""coordinates"":[108.33494811412467,14.457306353684338]}"
00000000000000000361,0,472,0.07617941827580355,8,33,"{""type"":""Point"",""coordinates"":[108.58665545038957,14.119360003045779]}"
00000000000000000482,0,849,0.7855749017754674,8,99,"{""type"":""Point"",""coordinates"":[108.59123494717147,14.360017686900251]}"
0000000000000000006a,0,655,0.4177086395235492,9,70,"{""type"":""Point"",""coordinates"":[108.66022615867037,14.154395160022702]}"
000000000000000000c0,0,519,0.6131760408613921,9,66,"{""type"":""Point"",""coordinates"":[108.53545159299286,14.181341507688677]}"
0000000000000000023e,0,563,0.4271854673099651,9,33,"{""type"":""Point"",""coordinates"":[108.55781844387694,14.141459307866656]}"
00000000000000000257,0,756,0.4184371507044381,9,60,"{""type"":""Point"",""coordinates"":[108.61710665148355,14.283749222482115]}"
00000000000000000386,0,849,0.33330604013475407,10,37,"{""type"":""Point"",""coordinates"":[108.56482815073296,14.4300880008541]}"
0000000000000000040f,0,806,0.06738055249807962,11,48,"{""type"":""Point"",""coordinates"":[108.47966823881426,14.281863022736507]}"
00000000000000000340,0,537,0.24127747740997607,12,64,"{""type"":""Point"",""coordinates"":[108.52628814032803,14.14388505883973]}"
00000000000000000455,0,623,0.7649979092118655,13,73,"{""type"":""Point"",""coordinates"":[108.49421828555164,14.046324386891385]}"
000000000000000004b3,0,978,0.06722662523495448,13,31,"{""type"":""Point"",""coordinates"":[108.47346562924889,14.0695027941672]}"
00000000000000000047,0,666,0.6296326301587121,14,99,"{""type"":""Point"",""coordinates"":[108.5564717953588,14.225000566102965]}"
00000000000000000053,0,855,0.38924024344426544,14,99,"{""type"":""Point"",""coordinates"":[108.38857772249446,14.190504960353508]}"
000000000000000001a6,0,897,0.32781027848474265,14,43,"{""type"":""Point"",""coordinates"":[108.32605220752305,14.361364335418392]}"
00000000000000000403,0,559,0.7510473126460979,15,70,"{""type"":""Point"",""coordinates"":[108.56725390170602,14.133642503719964]}"
00000000000000000233,0,885,0.6420792645320963,17,66,"{""type"":""Point"",""coordinates"":[108.53491204176538,14.358131487154644]}"
0000000000000000009c,0,705,0.5138932792154468,18,61,"{""type"":""Point"",""coordinates"":[108.52089708715441,14.05872514692102]}"
000000000000000004a1,0,977,0.6886678742446786,20,40,"{""type"":""Point"",""coordinates"":[108.44517263306479,14.439786545645344]}"
00000000000000000577,0,903,0.007207487167137594,20,64,"{""type"":""Point"",""coordinates"":[108.44004912595437,14.360824784190923]}"
0000000000000000011a,0,748,0.21084109687446173,21,53,"{""type"":""Point"",""coordinates"":[108.60282415080935,14.29938283077549]}"
000000000000000004d8,0,916,0.2950640617702126,21,73,"{""type"":""Point"",""coordinates"":[108.51146608842637,14.056566942011154]}"
00000000000000000113,0,1000,0.05437959468774389,23,31,"{""type"":""Point"",""coordinates"":[108.48182198462307,14.129063006938077]}"
00000000000000000524,0,678,0.7085111257067921,26,34,"{""type"":""Point"",""coordinates"":[108.49529738800656,14.273778672526612]}"
00000000000000000596,0,1275,0.2955399943863284,29,93,"{""type"":""Point"",""coordinates"":[108.32443801294168,14.268120073289785]}"
000000000000000004df,0,785,0.4220306486236187,32,73,"{""type"":""Point"",""coordinates"":[108.4769704826769,14.168138109469421]}"
0000000000000000052b,0,756,0.7517420130157252,36,99,"{""type"":""Point"",""coordinates"":[108.49125298335109,14.13849400566611]}"
0000000000000000053c,0,914,0.4728291123698709,37,63,"{""type"":""Point"",""coordinates"":[108.48208953068627,14.053873644974873]}"
000000000000000004c1,0,822,0.405728151987781,38,77,"{""type"":""Point"",""coordinates"":[108.42899947354395,14.278902179637019]}"
00000000000000000484,0,510,0.5385552736761023,1,44,"{""type"":""Point"",""coordinates"":[108.51200563965384,14.22688676584857]}"
0000000000000000048f,0,769,0.4906939969215396,3,45,"{""type"":""Point"",""coordinates"":[108.51173809359062,14.340076586989245]}"
000000000000000001d5,0,535,0.486530074592034,5,45,"{""type"":""Point"",""coordinates"":[108.49718358775219,14.282402573963973]}"
00000000000000000493,0,1216,0.23707059699852517,5,45,"{""type"":""Point"",""coordinates"":[108.39692961876754,14.540847611920642]}"
00000000000000000216,0,1102,0.23306131007131592,6,45,"{""type"":""Point"",""coordinates"":[108.42819237625326,14.506352006171179]}"
000000000000000003ac,0,879,0.23052470556887206,6,45,"{""type"":""Point"",""coordinates"":[108.5324862907923,14.384542742694203]}"
0000000000000000007c,0,959,0.7436813999870658,10,45,"{""type"":""Point"",""coordinates"":[108.46457418174832,14.412028641587646]}"
0000000000000000002d,0,784,0.4137283588619586,11,45,"{""type"":""Point"",""coordinates"":[108.46268798200272,14.251144275579314]}"
0000000000000000010a,0,702,0.06010545011578061,11,45,"{""type"":""Point"",""coordinates"":[108.60282415080935,14.295877977347486]}"
00000000000000000146,0,582,0.2854828886136791,11,45,"{""type"":""Point"",""coordinates"":[108.49071343212363,14.15142985782216]}"
000000000000000001ee,0,668,0.6891537247776195,14,45,"{""type"":""Point"",""coordinates"":[108.53787734396592,14.128791001773816]}"
0000000000000000041a,0,582,0.21548415763064088,15,45,"{""type"":""Point"",""coordinates"":[108.47804958513184,14.293991777601876]}"
000000000000000005ba,0,556,0.5582635603497297,15,45,"{""type"":""Point"",""coordinates"":[108.52763478884617,14.163019061460068]}"
00000000000000000201,0,647,0.32579782888550146,29,45,"{""type"":""Point"",""coordinates"":[108.48532683805107,14.298843279548027]}"
0000000000000000031c,0,1009,0.34437002399251526,36,45,"{""type"":""Point"",""coordinates"":[108.44463308183731,14.440058550809605]}"
00000000000000000117,0,583,0.7572982726115153,9,47,"{""type"":""Point"",""coordinates"":[108.49745113381537,14.136068254693038]}"
00000000000000000221,0,1012,0.344693254766674,22,47,"{""type"":""Point"",""coordinates"":[108.40879082756973,14.400711443113998]}"
0000000000000000064d,0,619,0.28629053572823415,27,47,"{""type"":""Point"",""coordinates"":[108.50688659164447,14.288333178365056]}"
00000000000000000271,0,724,0.3980074349423769,4,49,"{""type"":""Point"",""coordinates"":[108.4715794295033,14.196975115982058]}"
000000000000000003d9,0,889,0.2180462878484859,7,49,"{""type"":""Point"",""coordinates"":[108.48182198462307,14.341690781570591]}"
000000000000000003c3,0,581,0.08937096969273706,13,49,"{""type"":""Point"",""coordinates"":[108.55323894709505,14.082438646323247]}"
000000000000000002c3,0,777,0.05109668940133838,16,49,"{""type"":""Point"",""coordinates"":[108.4696932297577,14.236857315804079]}"
00000000000000000466,0,603,0.04162008902341374,3,51,"{""type"":""Point"",""coordinates"":[108.5190108874088,14.248178973378776]}"
0000000000000000054b,0,658,0.33793250891223303,5,51,"{""type"":""Point"",""coordinates"":[108.52736724278296,14.23955507194141]}"
00000000000000000115,0,499,0.4199685538911556,3,52,"{""type"":""Point"",""coordinates"":[108.5564717953588,14.188618760607898]}"
00000000000000000606,0,876,0.1465012190764795,5,52,"{""type"":""Point"",""coordinates"":[108.54892699637637,14.440865648100278]}"
000000000000000003df,0,612,0.38457158723425067,21,52,"{""type"":""Point"",""coordinates"":[108.50418883550714,14.245213671178234]}"
0000000000000000030f,0,613,0.3487828654168764,30,52,"{""type"":""Point"",""coordinates"":[108.49017833999721,14.169484757987565]}"
0000000000000000027d,0,672,0.43975028531318905,1,54,"{""type"":""Point"",""coordinates"":[108.54084264616648,14.273778672526612]}"
0000000000000000009b,0,718,0.05037342600347827,3,54,"{""type"":""Point"",""coordinates"":[108.52251574083681,14.274590228918335]}"
00000000000000000008,0,526,0.3642911544218108,6,54,"{""type"":""Point"",""coordinates"":[108.5009559872434,14.255723772361202]}"
000000000000000004a6,0,609,0.5421003758609244,11,54,"{""type"":""Point"",""coordinates"":[108.57048674996977,14.213950913692528]}"
000000000000000001c5,0,571,0.12699365645567096,4,55,"{""type"":""Point"",""coordinates"":[108.52979299375602,14.1511578526579]}"
00000000000000000042,0,517,0.3728755928346953,5,55,"{""type"":""Point"",""coordinates"":[108.52979299375603,14.198321764500196]}"
000000000000000002b3,0,653,0.43058461337822895,1,56,"{""type"":""Point"",""coordinates"":[108.48020333094065,14.217995318348002]}"
00000000000000000167,0,1003,0.7469234708448828,3,56,"{""type"":""Point"",""coordinates"":[108.43681627769064,14.455687700001933]}"
000000000000000005e5,0,494,0.20873755702735142,4,56,"{""type"":""Point"",""coordinates"":[108.53599114422032,14.199940418182598]}"
00000000000000000269,0,1132,0.3515723356671381,7,56,"{""type"":""Point"",""coordinates"":[108.4389744826005,14.507431108626118]}"
00000000000000000246,0,473,0.5057172638235554,8,56,"{""type"":""Point"",""coordinates"":[108.56806099899671,14.178648210652396]}"
00000000000000000446,0,929,0.7303989431690716,6,58,"{""type"":""Point"",""coordinates"":[108.42091512333404,14.390740893158494]}"
00000000000000000387,0,770,0.4807734530105142,10,58,"{""type"":""Point"",""coordinates"":[108.46403463052086,14.248446519441984]}"
0000000000000000056b,0,939,0.023591335001551306,20,58,"{""type"":""Point"",""coordinates"":[108.51038698597142,14.068423691712265]}"
000000000000000002c0,0,694,0.5606298582902881,29,58,"{""type"":""Point"",""coordinates"":[108.45487117785603,14.37106733931069]}"
00000000000000000497,0,679,0.49089460721273914,5,59,"{""type"":""Point"",""coordinates"":[108.52359484329175,14.241169266522759]}"
000000000000000000f0,0,569,0.2780893490105787,10,59,"{""type"":""Point"",""coordinates"":[108.52440194058241,14.138222000501855]}"
00000000000000000050,0,776,0.4001723650814003,7,62,"{""type"":""Point"",""coordinates"":[108.59824465402748,14.346002732289275]}"
0000000000000000044d,0,637,0.2598971652405413,8,71,"{""type"":""Point"",""coordinates"":[108.64055260482256,14.159781754095265]}"
000000000000000005fb,0,725,0.7052309578547808,14,71,"{""type"":""Point"",""coordinates"":[108.41579607532469,14.216916215893066]}"
00000000000000000212,0,798,0.31889841063240776,16,71,"{""type"":""Point"",""coordinates"":[108.33791341632521,14.423078293998085]}"
0000000000000000044b,0,876,0.43820431074533295,19,71,"{""type"":""Point"",""coordinates"":[108.43789538014558,14.375111743966162]}"
0000000000000000062e,0,610,0.11630593149407598,3,72,"{""type"":""Point"",""coordinates"":[108.47319808318571,14.149811204139759]}"
000000000000000002bf,0,859,0.5587517540609831,7,72,"{""type"":""Point"",""coordinates"":[108.47211898073077,14.319323930686505]}"
000000000000000002fa,0,1051,0.018439667018565364,9,72,"{""type"":""Point"",""coordinates"":[108.44058867718184,14.4268506934893]}"
00000000000000000508,0,631,0.5606751775866977,9,72,"{""type"":""Point"",""coordinates"":[108.50122353330661,14.061146438793044]}"
00000000000000000082,0,1156,0.026002643691099614,12,72,"{""type"":""Point"",""coordinates"":[108.42199422578898,14.515787464000272]}"
000000000000000001ad,0,779,0.6322283051007086,15,72,"{""type"":""Point"",""coordinates"":[108.33440856289718,14.427662249881026]}"
0000000000000000049b,0,750,0.7090167172512307,16,72,"{""type"":""Point"",""coordinates"":[108.60632900423737,14.305308976075525]}"
000000000000000005a5,0,877,0.21584821544780475,19,72,"{""type"":""Point"",""coordinates"":[108.44975212984667,14.313125780222213]}"
0000000000000000055e,0,646,0.6515044688509221,21,72,"{""type"":""Point"",""coordinates"":[108.53275829595658,14.229312516821645]}"
00000000000000000240,0,654,0.42855963441165945,26,72,"{""type"":""Point"",""coordinates"":[108.57345205217032,14.243055466268366]}"
00000000000000000089,0,817,0.09578905894780632,7,74,"{""type"":""Point"",""coordinates"":[108.33117571463345,14.394780838712915]}"
0000000000000000033e,0,739,0.5169145690994308,8,74,"{""type"":""Point"",""coordinates"":[108.41148412460602,14.209910968138102]}"
00000000000000000356,0,567,0.2222418787053856,9,74,"{""type"":""Point"",""coordinates"":[108.53006053981923,14.181613512852936]}"
0000000000000000050b,0,573,0.32215383719005464,9,74,"{""type"":""Point"",""coordinates"":[108.55215984464012,14.145231707357869]}"
00000000000000000097,0,829,0.03688407864898613,19,74,"{""type"":""Point"",""coordinates"":[108.44032113111865,14.244406573887561]}"
000000000000000003fb,0,969,0.061553479788534315,27,74,"{""type"":""Point"",""coordinates"":[108.32201226196862,14.432513751827175]}"
00000000000000000129,0,941,0.5904143725951637,31,74,"{""type"":""Point"",""coordinates"":[108.40043447219557,14.244406573887561]}"
0000000000000000057f,0,834,0.2533683336036858,8,75,"{""type"":""Point"",""coordinates"":[108.3319828119241,14.367022934655212]}"
0000000000000000012b,0,904,0.7751069997266254,9,75,"{""type"":""Point"",""coordinates"":[108.49367873432418,14.35301243914529]}"
00000000000000000448,0,1259,0.3888168596959699,10,75,"{""type"":""Point"",""coordinates"":[108.38911727372192,14.592591020544827]}"
00000000000000000624,0,628,0.6011670932205124,11,75,"{""type"":""Point"",""coordinates"":[108.49583693923404,14.198861315727664]}"
00000000000000000021,0,1132,0.27165650389775875,12,75,"{""type"":""Point"",""coordinates"":[108.43924202866371,14.513361713027205]}"
000000000000000000ce,0,1114,0.3971298026543175,10,76,"{""type"":""Point"",""coordinates"":[108.41417742164228,14.509049762308523]}"
000000000000000003bb,0,743,0.2935988631266715,10,76,"{""type"":""Point"",""coordinates"":[108.41148412460602,14.238208423423274]}"
00000000000000000217,0,900,0.3401711335851302,11,76,"{""type"":""Point"",""coordinates"":[108.53518404692966,14.431974200599708]}"
000000000000000005e0,0,640,0.5845063677101733,12,76,"{""type"":""Point"",""coordinates"":[108.62680965537587,14.146038804648542]}"
000000000000000001e0,0,650,0.394965819167412,15,76,"{""type"":""Point"",""coordinates"":[108.59312114691707,14.227426317076038]}"
0000000000000000052d,0,855,0.3985252334988676,16,76,"{""type"":""Point"",""coordinates"":[108.49799068504285,14.098339800679835]}"
00000000000000000262,0,749,0.033161481213707544,17,76,"{""type"":""Point"",""coordinates"":[108.48478728682359,14.141726853929864]}"
000000000000000003f4,0,645,0.793936488597052,17,76,"{""type"":""Point"",""coordinates"":[108.56374904827801,14.135528703465573]}"
000000000000000005f9,0,693,0.6621259111830818,17,76,"{""type"":""Point"",""coordinates"":[108.47454473170384,14.219074420802936]}"
000000000000000002ca,0,542,0.2739904135289509,21,76,"{""type"":""Point"",""coordinates"":[108.54919454243958,14.1527765063403]}"
00000000000000000017,0,782,0.5070866319762681,22,76,"{""type"":""Point"",""coordinates"":[108.53410494447472,14.12690480202821]}"
00000000000000000022,0,1172,0.026791680661917727,23,76,"{""type"":""Point"",""coordinates"":[108.41444942680654,14.514975907608552]}"
000000000000000003e7,0,870,0.08260115308945415,25,76,"{""type"":""Point"",""coordinates"":[108.35327501945432,14.479133653340948]}"
00000000000000000395,0,948,0.48702624831434027,27,76,"{""type"":""Point"",""coordinates"":[108.31796785731314,14.382924089011802]}"
000000000000000001b6,0,1174,0.024757517567499554,31,76,"{""type"":""Point"",""coordinates"":[108.31770031124992,14.35381953643596]}"
000000000000000004d7,0,759,0.4823774853206957,32,76,"{""type"":""Point"",""coordinates"":[108.49287163703349,14.134449601010637]}"
000000000000000005e6,0,992,0.10301148788307202,36,76,"{""type"":""Point"",""coordinates"":[108.34949816086204,14.458653002202476]}"
00000000000000000489,0,883,0.11714086233479415,3,78,"{""type"":""Point"",""coordinates"":[108.33575521141533,14.341962786734848]}"
0000000000000000060d,0,669,0.2630830325360607,5,78,"{""type"":""Point"",""coordinates"":[108.59016030381758,14.25195137286999]}"
00000000000000000350,0,876,0.7678249486845967,6,78,"{""type"":""Point"",""coordinates"":[108.32794286636971,14.331720231615085]}"
000000000000000000ca,0,877,0.25725206976455384,8,78,"{""type"":""Point"",""coordinates"":[108.59985884860883,14.406642047515081]}"
000000000000000004ea,0,1009,0.14207724998904692,15,78,"{""type"":""Point"",""coordinates"":[108.3263242126873,14.295070880056812]}"
00000000000000000305,0,687,0.5936674880063413,18,78,"{""type"":""Point"",""coordinates"":[108.42576662528019,14.248178973378776]}"
00000000000000000304,0,570,0.1970410452384438,22,78,"{""type"":""Point"",""coordinates"":[108.5486549912121,14.176762010906788]}"
00000000000000000610,0,630,0.5188060015889389,22,78,"{""type"":""Point"",""coordinates"":[108.44840548132855,14.282135027900768]}"
000000000000000005bc,0,1008,0.32665575485193754,23,78,"{""type"":""Point"",""coordinates"":[108.35677541378126,14.471321308295314]}"
000000000000000005fc,0,748,0.06903056491373294,24,78,"{""type"":""Point"",""coordinates"":[108.44166777963679,14.24602076846891]}"
000000000000000000c1,0,788,0.2854219977721023,26,78,"{""type"":""Point"",""coordinates"":[108.33683431387026,14.45299440296565]}"
0000000000000000026b,0,592,0.46094352668243876,32,78,"{""type"":""Point"",""coordinates"":[108.47023278098516,14.299110825611235]}"
000000000000000005c7,0,870,0.482611283566615,35,78,"{""type"":""Point"",""coordinates"":[108.48909923754229,14.138222000501855]}"
0000000000000000063a,0,867,0.1105291933325585,4,79,"{""type"":""Point"",""coordinates"":[108.55000609883129,14.407449144805756]}"
0000000000000000032f,0,876,0.27396832309415753,5,79,"{""type"":""Point"",""coordinates"":[108.54622924023903,14.438439897127205]}"
0000000000000000019d,0,641,0.03281215606696686,19,79,"{""type"":""Point"",""coordinates"":[108.54191728952034,14.116394700845238]}"
00000000000000000147,0,688,0.658350888845997,6,81,"{""type"":""Point"",""coordinates"":[108.54650124540329,14.27701597989141]}"
00000000000000000476,0,834,0.15989084223507244,13,81,"{""type"":""Point"",""coordinates"":[108.46457418174832,14.137686908375441]}"
0000000000000000002f,0,568,0.46612942300873594,14,81,"{""type"":""Point"",""coordinates"":[108.56778899383244,14.128791001773816]}"
000000000000000000bc,0,782,0.7312257301748192,14,81,"{""type"":""Point"",""coordinates"":[108.3360272165796,14.424429401617274]}"
000000000000000001f6,0,998,0.44772474032378096,22,81,"{""type"":""Point"",""coordinates"":[108.33360146560652,14.320670579204643]}"
00000000000000000404,0,856,0.3950772394738198,39,81,"{""type"":""Point"",""coordinates"":[108.44813347616429,14.316630633650224]}"
000000000000000003f5,0,666,0.5514470224319441,2,82,"{""type"":""Point"",""coordinates"":[108.59123494717146,14.262461474052962]}"
000000000000000004e0,0,615,0.3317934534513799,3,82,"{""type"":""Point"",""coordinates"":[108.56886809628737,14.145499253421079]}"
00000000000000000449,0,491,0.6412562283215276,5,82,"{""type"":""Point"",""coordinates"":[108.57210094455114,14.150350755367226]}"
0000000000000000040c,0,638,0.27670368803528334,6,82,"{""type"":""Point"",""coordinates"":[108.58450170458076,14.2441345687233]}"
00000000000000000184,0,633,0.327444924139047,8,82,"{""type"":""Point"",""coordinates"":[108.57857110017969,14.214490464919994]}"
0000000000000000049f,0,518,0.7403779213165848,9,82,"{""type"":""Point"",""coordinates"":[108.68259746865552,14.137954454438647]}"
000000000000000001f2,0,720,0.7885732605110253,10,82,"{""type"":""Point"",""coordinates"":[108.60444280449178,14.277283525954617]}"
000000000000000004fd,0,755,0.30915952244330924,10,82,"{""type"":""Point"",""coordinates"":[108.4748167368681,14.184039263826012]}"
00000000000000000564,0,610,0.3680352897264003,10,82,"{""type"":""Point"",""coordinates"":[108.59312114691707,14.183227707434284]}"
000000000000000005a0,0,1110,0.15586904418593983,12,82,"{""type"":""Point"",""coordinates"":[108.43439052671755,14.518480761036555]}"
000000000000000003b5,0,813,0.28091589476963885,16,82,"{""type"":""Point"",""coordinates"":[108.44840548132855,14.163286607523272]}"
0000000000000000042a,0,1008,0.13498898435663154,16,82,"{""type"":""Point"",""coordinates"":[108.32686376391476,14.289412280819992]}"
0000000000000000046c,0,655,0.6278929272768964,21,82,"{""type"":""Point"",""coordinates"":[108.54919454243957,14.138222000501855]}"
00000000000000000176,0,774,0.14809140280468058,24,82,"{""type"":""Point"",""coordinates"":[108.4117516706692,14.197782213272728]}"
000000000000000003a6,0,698,0.47103147034248405,24,82,"{""type"":""Point"",""coordinates"":[108.48155443855985,14.227698322240299]}"
00000000000000000532,0,819,0.10949302010693696,25,82,"{""type"":""Point"",""coordinates"":[108.34383956162523,14.459999650720613]}"
00000000000000000475,0,939,0.44440249673267873,30,82,"{""type"":""Point"",""coordinates"":[108.46942568369447,14.220688615384278]}"
000000000000000002ac,0,871,0.056197367922837915,9,83,"{""type"":""Point"",""coordinates"":[108.33360146560652,14.376997943711773]}"
000000000000000004fe,0,881,0.04449617539273121,10,83,"{""type"":""Point"",""coordinates"":[108.51200563965384,14.350586688172218]}"
00000000000000000133,0,632,0.7451234856358074,16,83,"{""type"":""Point"",""coordinates"":[108.6065965503006,14.206138568646887]}"
000000000000000003c5,0,798,0.5408264741201975,19,83,"{""type"":""Point"",""coordinates"":[108.40717217388732,14.215837113438129]}"
00000000000000000556,0,893,0.536977592633041,21,83,"{""type"":""Point"",""coordinates"":[108.48047533610492,14.12070665156392]}"
00000000000000000534,0,925,0.6086406537779464,36,83,"{""type"":""Point"",""coordinates"":[108.33063616340597,14.426043596198625]}"
00000000000000000311,0,747,0.6684447091444872,3,85,"{""type"":""Point"",""coordinates"":[108.51955043863626,14.285635422227719]}"
00000000000000000522,0,694,0.7346433508784673,4,85,"{""type"":""Point"",""coordinates"":[108.56051620001428,14.224193468812286]}"
00000000000000000102,0,817,0.7345062405633103,5,85,"{""type"":""Point"",""coordinates"":[108.50176308453406,14.094295396024357]}"
000000000000000003d6,0,838,0.7691718927906632,5,85,"{""type"":""Point"",""coordinates"":[108.57156585242471,14.380770343202984]}"
00000000000000000290,0,987,0.3441093070185779,8,85,"{""type"":""Point"",""coordinates"":[108.45379653450215,14.45002910076511]}"
000000000000000002af,0,1130,0.052729110398164636,9,85,"{""type"":""Point"",""coordinates"":[108.38641951758459,14.489376208460714]}"
00000000000000000392,0,842,0.5175476201847862,10,85,"{""type"":""Point"",""coordinates"":[108.59042784988078,14.386968493667277]}"
000000000000000004ad,0,753,0.18528777610124458,10,85,"{""type"":""Point"",""coordinates"":[108.502842186989,14.212336719111175]}"
000000000000000005c4,0,639,0.3223012494266787,15,85,"{""type"":""Point"",""coordinates"":[108.5287138913011,14.1331029524925]}"
00000000000000000401,0,903,0.44450187091081816,16,85,"{""type"":""Point"",""coordinates"":[108.41633562655215,14.387775590957952]}"
0000000000000000016b,0,808,0.341802257812287,17,85,"{""type"":""Point"",""coordinates"":[108.50526793796209,14.067349048358386]}"
00000000000000000547,0,870,0.6278624686762666,18,85,"{""type"":""Point"",""coordinates"":[108.47346562924889,14.237936418259011]}"
00000000000000000420,0,742,0.4335472370344742,19,85,"{""type"":""Point"",""coordinates"":[108.45460363179284,14.25249092409746]}"
00000000000000000413,0,590,0.4954146678852086,20,85,"{""type"":""Point"",""coordinates"":[108.53625869028352,14.139840654184255]}"
00000000000000000397,0,1363,0.6419546558971186,25,85,"{""type"":""Point"",""coordinates"":[108.38669152274883,14.203173266446344]}"
00000000000000000411,0,831,0.24493186692382407,25,85,"{""type"":""Point"",""coordinates"":[108.42253377701644,14.254644669906272]}"
00000000000000000189,0,887,0.019164623518390766,32,85,"{""type"":""Point"",""coordinates"":[108.45675737760163,14.134721606174898]}"
0000000000000000038b,0,923,0.5400224627805412,34,85,"{""type"":""Point"",""coordinates"":[108.47131188344008,14.141187302702395]}"
00000000000000000450,0,850,0.1897996167526973,36,85,"{""type"":""Point"",""coordinates"":[108.51362429333624,14.101305102880374]}"
0000000000000000029e,0,576,0.5269631704052691,39,85,"{""type"":""Point"",""coordinates"":[108.53033254498351,14.228772965594178]}"
000000000000000004d5,0,1470,0.638133004031866,39,85,"{""type"":""Point"",""coordinates"":[108.36297356424558,14.379958786811263]}"
00000000000000000157,0,1457,0.5565884146212189,41,85,"{""type"":""Point"",""coordinates"":[108.31284880930377,14.309353380730998]}"
00000000000000000372,0,730,0.48503346096842936,5,86,"{""type"":""Point"",""coordinates"":[108.61118050618353,14.223386371521617]}"
00000000000000000495,0,892,0.5023786420428827,6,86,"{""type"":""Point"",""coordinates"":[108.41714272384283,14.385621845149142]}"
000000000000000000e8,0,936,0.27156676316279615,7,86,"{""type"":""Point"",""coordinates"":[108.42576662528019,14.326868729668934]}"
000000000000000004c5,0,1106,0.02665399219307585,9,86,"{""type"":""Point"",""coordinates"":[108.42495952798951,14.501232958161832]}"
00000000000000000635,0,656,0.4330685750076534,9,86,"{""type"":""Point"",""coordinates"":[108.4847872868236,14.19347026255405]}"
000000000000000004bd,0,815,0.03172215002020318,10,86,"{""type"":""Point"",""coordinates"":[108.50068844118019,14.353279985208497]}"
00000000000000000248,0,669,0.41327530394659673,11,86,"{""type"":""Point"",""coordinates"":[108.58827410407197,14.216376664665601]}"
000000000000000003da,0,777,0.37979415393521576,11,86,"{""type"":""Point"",""coordinates"":[108.48909923754229,14.181073961625467]}"
00000000000000000444,0,1149,0.4575164650567315,12,86,"{""type"":""Point"",""coordinates"":[108.42361287947139,14.516327015227745]}"
00000000000000000643,0,671,0.7718629234478788,15,86,"{""type"":""Point"",""coordinates"":[108.49475783677912,14.049022143028724]}"
00000000000000000038,0,1001,0.5447097766613128,16,86,"{""type"":""Point"",""coordinates"":[108.4893667836055,14.10669169695294]}"
00000000000000000287,0,847,0.007527408127906421,21,86,"{""type"":""Point"",""coordinates"":[108.41202367583347,14.252218918933197]}"
00000000000000000200,0,985,0.6192679227694017,23,86,"{""type"":""Point"",""coordinates"":[108.35057726331699,14.457845904911801]}"
000000000000000004b9,0,898,0.23464374108685682,23,86,"{""type"":""Point"",""coordinates"":[108.4748167368681,14.241441271687018]}"
00000000000000000296,0,865,0.10149913027220303,38,86,"{""type"":""Point"",""coordinates"":[108.42603863044447,14.254377123843067]}"
0000000000000000044f,0,775,0.7964129359925403,1,87,"{""type"":""Point"",""coordinates"":[108.61172005741099,14.4839851552871]}"
00000000000000000191,0,898,0.41450435062920565,6,87,"{""type"":""Point"",""coordinates"":[108.53545159299286,14.476979907532137]}"
000000000000000003f2,0,582,0.6185211453064203,7,87,"{""type"":""Point"",""coordinates"":[108.59285360085386,14.182153064080405]}"
000000000000000004c9,0,901,0.054182090940778194,7,87,"{""type"":""Point"",""coordinates"":[108.51577803914505,14.35570573618157]}"
0000000000000000019a,0,1049,0.17975792019541514,8,87,"{""type"":""Point"",""coordinates"":[108.40932591969613,14.4268506934893]}"
000000000000000002c8,0,684,0.45456555525836984,9,87,"{""type"":""Point"",""coordinates"":[108.48748058385989,14.143345507612262]}"
0000000000000000004b,0,649,0.20077625559784273,11,87,"{""type"":""Point"",""coordinates"":[108.540303094939,14.224733020039757]}"
000000000000000003ba,0,922,0.39987168668090134,11,87,"{""type"":""Point"",""coordinates"":[108.40636507659666,14.204519914964486]}"
00000000000000000370,0,689,0.6547685274784026,14,87,"{""type"":""Point"",""coordinates"":[108.44948458378346,14.275125321044747]}"
0000000000000000020c,0,682,0.2564969679288015,15,87,"{""type"":""Point"",""coordinates"":[108.46619283543073,14.147925004394153]}"
000000000000000005d3,0,975,0.6581187082486466,16,87,"{""type"":""Point"",""coordinates"":[108.445440179128,14.391280444385961]}"
00000000000000000250,0,919,0.34863148998529225,18,87,"{""type"":""Point"",""coordinates"":[108.48855968631483,14.1331029524925]}"
00000000000000000015,0,572,0.18796398841381323,19,87,"{""type"":""Point"",""coordinates"":[108.51901088740881,14.175143357224385]}"
000000000000000004d1,0,1046,0.5005937280914576,20,87,"{""type"":""Point"",""coordinates"":[108.4052859741417,14.4023300967964]}"
0000000000000000002a,0,1074,0.6396315882622261,22,87,"{""type"":""Point"",""coordinates"":[108.47724248784118,14.120706651563916]}"
00000000000000000390,0,764,0.12487311245023403,22,87,"{""type"":""Point"",""coordinates"":[108.43519762400824,14.254377123843067]}"
00000000000000000170,0,894,0.778211024101548,23,87,"{""type"":""Point"",""coordinates"":[108.41902892358843,14.18727211208976]}"
000000000000000002f4,0,1167,0.4434138596827576,30,87,"{""type"":""Point"",""coordinates"":[108.32363091565102,14.288061173200797]}"
00000000000000000274,0,1155,0.44927074877825257,36,87,"{""type"":""Point"",""coordinates"":[108.37159746568292,14.190776965517767]}"
000000000000000005e2,0,868,0.39354858734953957,47,87,"{""type"":""Point"",""coordinates"":[108.50769368893515,14.300189928066168]}"
000000000000000004fa,0,667,0.37870464342114085,0,89,"{""type"":""Point"",""coordinates"":[108.63381490313083,14.145771258585338]}"
000000000000000004bf,0,705,0.4891364074807044,1,89,"{""type"":""Point"",""coordinates"":[108.56778899383244,14.242248368977695]}"
0000000000000000020f,0,660,0.38613771760123017,3,89,"{""type"":""Point"",""coordinates"":[108.66265190964344,14.154395160022702]}"
00000000000000000478,0,674,0.43495930241303493,3,89,"{""type"":""Point"",""coordinates"":[108.66507766061652,14.155469803376581]}"
000000000000000005da,0,1103,0.19347288993923029,3,89,"{""type"":""Point"",""coordinates"":[108.39639452664113,14.450296646828315]}"
00000000000000000642,0,743,0.32224805724768,3,89,"{""type"":""Point"",""coordinates"":[108.59689800550935,14.291566026628804]}"
00000000000000000043,0,1052,0.7268817463791596,4,89,"{""type"":""Point"",""coordinates"":[108.42522707405271,14.455420153938721]}"
00000000000000000073,0,961,0.7470986551965079,4,89,"{""type"":""Point"",""coordinates"":[108.52197618960933,14.372953539056294]}"
00000000000000000014,0,828,0.19919343510224874,5,89,"{""type"":""Point"",""coordinates"":[108.48344063830547,14.281863022736504]}"
000000000000000000d0,0,659,0.3729995536939187,5,89,"{""type"":""Point"",""coordinates"":[108.6615728071885,14.155741808540842]}"
00000000000000000366,0,691,0.16937205385033915,5,89,"{""type"":""Point"",""coordinates"":[108.51335228817199,14.201826617928205]}"
00000000000000000599,0,641,0.07423444325670381,5,89,"{""type"":""Point"",""coordinates"":[108.50823324016262,14.181341507688677]}"
00000000000000000622,0,833,0.6088646180763421,5,89,"{""type"":""Point"",""coordinates"":[108.61926485639341,14.382924089011805]}"
0000000000000000018b,0,1174,0.12475809852044795,6,89,"{""type"":""Point"",""coordinates"":[108.39477587295875,14.481559404314025]}"
000000000000000004c2,0,666,0.4430223655681893,6,89,"{""type"":""Point"",""coordinates"":[108.60498235571924,14.222574815129887]}"
00000000000000000558,0,1190,0.3960091881903486,6,89,"{""type"":""Point"",""coordinates"":[108.38480532300325,14.511475513281594]}"
000000000000000000dc,0,768,0.7947344945233902,7,89,"{""type"":""Point"",""coordinates"":[108.4470588328104,14.247367416987048]}"
000000000000000002a6,0,664,0.48629853478706897,7,89,"{""type"":""Point"",""coordinates"":[108.50176308453406,14.316898179713432]}"
000000000000000003ca,0,934,0.40759174179586266,7,89,"{""type"":""Point"",""coordinates"":[108.59501180576373,14.440326096872809]}"
000000000000000004c6,0,657,0.24350510705371586,7,89,"{""type"":""Point"",""coordinates"":[108.5993237564824,14.234164018767792]}"
00000000000000000469,0,685,0.3644305489546007,8,89,"{""type"":""Point"",""coordinates"":[108.57452669552421,14.234164018767796]}"
000000000000000004bb,0,682,0.7242805122254456,8,89,"{""type"":""Point"",""coordinates"":[108.45891558251151,14.147385453166684]}"
000000000000000001d4,0,667,0.48875283024542726,9,89,"{""type"":""Point"",""coordinates"":[108.54084264616648,14.16975676315182]}"
0000000000000000022c,0,794,0.48365480036320696,9,89,"{""type"":""Point"",""coordinates"":[108.4866734865692,14.25949617185242]}"
00000000000000000341,0,1077,0.3057090697354733,9,89,"{""type"":""Point"",""coordinates"":[108.45918312857471,14.515515458836015]}"
00000000000000000501,0,847,0.6704034589339137,9,89,"{""type"":""Point"",""coordinates"":[108.49179253457856,14.17918776187986]}"
0000000000000000059f,0,1138,0.309482542053368,9,89,"{""type"":""Point"",""coordinates"":[108.3799538210571,14.433588395181054]}"
000000000000000000b4,0,1001,0.11956339878566824,10,89,"{""type"":""Point"",""coordinates"":[108.42172667972578,14.394245746586504]}"
0000000000000000014b,0,993,0.04611452209138245,10,89,"{""type"":""Point"",""coordinates"":[108.30988350710325,14.384542742694206]}"
00000000000000000436,0,1123,0.009782967025429024,10,89,"{""type"":""Point"",""coordinates"":[108.41687517777962,14.488029559942579]}"
00000000000000000464,0,656,0.0617128242508721,10,89,"{""type"":""Point"",""coordinates"":[108.45675737760165,14.366755388592013]}"
000000000000000004f7,0,744,0.3372786415507433,10,89,"{""type"":""Point"",""coordinates"":[108.53033254498351,14.253837572615598]}"
00000000000000000515,0,821,0.5188698907132622,10,89,"{""type"":""Point"",""coordinates"":[108.6173786566478,14.322017227722784]}"
000000000000000005eb,0,666,0.6345051164686418,10,89,"{""type"":""Point"",""coordinates"":[108.54865499121212,14.223653917584823]}"
00000000000000000254,0,654,0.46316759917740746,11,89,"{""type"":""Point"",""coordinates"":[108.5025746409258,14.178380664589184]}"
00000000000000000286,0,886,0.5843549685722155,11,89,"{""type"":""Point"",""coordinates"":[108.44867302739175,14.314744433904615]}"
000000000000000005d5,0,992,0.6521999056106212,11,89,"{""type"":""Point"",""coordinates"":[108.45055922713735,14.138761551729322]}"
00000000000000000563,0,672,0.7256969910582803,12,89,"{""type"":""Point"",""coordinates"":[108.62519100169347,14.247906968214519]}"
00000000000000000068,0,655,0.7096999178437468,13,89,"{""type"":""Point"",""coordinates"":[108.50149553847086,14.121513748854593]}"
0000000000000000006d,0,1263,0.4657005168312227,13,89,"{""type"":""Point"",""coordinates"":[108.40312776923186,14.5850462215624]}"
0000000000000000006f,0,661,0.6166945779046219,13,89,"{""type"":""Point"",""coordinates"":[108.48748058385989,14.203440812509553]}"
00000000000000000076,0,689,0.13246351158820668,13,89,"{""type"":""Point"",""coordinates"":[108.47912868758678,14.081359543868313]}"
0000000000000000016e,0,689,0.29998435984915583,14,89,"{""type"":""Point"",""coordinates"":[108.49637649046151,14.225807663393638]}"
00000000000000000253,0,904,0.3138578759508178,14,89,"{""type"":""Point"",""coordinates"":[108.39585497541368,14.227965868303505]}"
00000000000000000293,0,702,0.24116929037570523,14,89,"{""type"":""Point"",""coordinates"":[108.6001308537731,14.278630174472758]}"
0000000000000000036e,0,993,0.4044249381708158,14,89,"{""type"":""Point"",""coordinates"":[108.40690462782412,14.378344592229912]}"
0000000000000000041e,0,634,0.02226230421293285,14,89,"{""type"":""Point"",""coordinates"":[108.4532569832747,14.346814288680996]}"
000000000000000000db,0,864,0.17057215936542836,15,89,"{""type"":""Point"",""coordinates"":[108.44867302739175,14.160053759259524]}"
0000000000000000010b,0,712,0.5571722510231839,15,89,"{""type"":""Point"",""coordinates"":[108.52763478884617,14.2441345687233]}"
00000000000000000193,0,801,0.5103653538183871,15,89,"{""type"":""Point"",""coordinates"":[108.51469893669012,14.290758929338132]}"
000000000000000003e0,0,614,0.33574316729168896,15,89,"{""type"":""Point"",""coordinates"":[108.50742614287194,14.12043910550071]}"
00000000000000000491,0,1285,0.6695954090731576,15,89,"{""type"":""Point"",""coordinates"":[108.3837262205483,14.55540211775909]}"
0000000000000000028c,0,898,0.6728849155715241,16,89,"{""type"":""Point"",""coordinates"":[108.43088567328955,14.181073961625467]}"
0000000000000000042d,0,844,0.3042395599715929,16,89,"{""type"":""Point"",""coordinates"":[108.54461504565768,14.303155230266709]}"
000000000000000004a5,0,1136,0.14100549710798305,16,89,"{""type"":""Point"",""coordinates"":[108.44112822840931,14.195356462299653]}"
0000000000000000060b,0,1035,0.3668902159730414,16,89,"{""type"":""Point"",""coordinates"":[108.44517263306479,14.411221544296971]}"
00000000000000000628,0,1014,0.0540528659070052,16,89,"{""type"":""Point"",""coordinates"":[108.465381279039,14.452187305674979]}"
00000000000000000631,0,738,0.7461090291841639,16,89,"{""type"":""Point"",""coordinates"":[108.5481198990857,14.30153657658431]}"
00000000000000000232,0,670,0.08915415378533853,17,89,"{""type"":""Point"",""coordinates"":[108.4950253828423,14.165444812433137]}"
00000000000000000344,0,752,0.2529812945969879,17,89,"{""type"":""Point"",""coordinates"":[108.46106932832032,14.139840654184255]}"
0000000000000000051c,0,774,0.5832642124469393,17,89,"{""type"":""Point"",""coordinates"":[108.58881365529945,14.334417987752422]}"
00000000000000000465,0,828,0.32610796703352163,18,89,"{""type"":""Point"",""coordinates"":[108.41876137752524,14.233624467540327]}"
00000000000000000494,0,651,0.14194063270910906,18,89,"{""type"":""Point"",""coordinates"":[108.44867302739175,14.263540576507898]}"
0000000000000000008b,0,941,0.4616325102183887,19,89,"{""type"":""Point"",""coordinates"":[108.49960933872526,14.36217589181012]}"
00000000000000000100,0,916,0.7959311314146035,19,89,"{""type"":""Point"",""coordinates"":[108.43142522451703,14.388315142185421]}"
000000000000000003ce,0,905,0.4904380162820646,19,89,"{""type"":""Point"",""coordinates"":[108.33521566018787,14.36675538859201]}"
0000000000000000043d,0,927,0.6707103767876615,19,89,"{""type"":""Point"",""coordinates"":[108.39585497541368,14.220421069321075]}"
00000000000000000632,0,1123,0.534265046201128,19,89,"{""type"":""Point"",""coordinates"":[108.36028026720929,14.441137653264539]}"
0000000000000000000d,0,850,0.49417594043778823,20,89,"{""type"":""Point"",""coordinates"":[108.46295552806593,14.17784111336172]}"
00000000000000000282,0,772,0.16253418151105037,21,89,"{""type"":""Point"",""coordinates"":[108.4909854372879,14.176494464843582]}"
000000000000000005db,0,561,0.5341756105306881,21,89,"{""type"":""Point"",""coordinates"":[108.54326839713954,14.14388505883973]}"
000000000000000004fb,0,624,0.14786293009649532,22,89,"{""type"":""Point"",""coordinates"":[108.49826269020713,14.20532701225516]}"
000000000000000000ac,0,757,0.7480824050625603,23,89,"{""type"":""Point"",""coordinates"":[108.42522707405271,14.295877977347482]}"
000000000000000000c4,0,689,0.7032561149576375,23,89,"{""type"":""Point"",""coordinates"":[108.49610448529724,14.178380664589184]}"
00000000000000000431,0,853,0.1690089199446101,23,89,"{""type"":""Point"",""coordinates"":[108.55054119095772,14.400171891886531]}"
00000000000000000467,0,1145,0.30247002327910877,23,89,"{""type"":""Point"",""coordinates"":[108.38723107397632,14.420384996961806]}"
0000000000000000047b,0,855,0.707966296247985,23,89,"{""type"":""Point"",""coordinates"":[108.49987688478845,14.075700944631487]}"
00000000000000000425,0,752,0.41247380509865184,24,89,"{""type"":""Point"",""coordinates"":[108.5009559872434,14.124479051055134]}"
000000000000000002bc,0,645,0.37567179054790145,25,89,"{""type"":""Point"",""coordinates"":[108.43600918039995,14.285907427391985]}"
00000000000000000618,0,690,0.59559254003126,25,89,"{""type"":""Point"",""coordinates"":[108.46592083026648,14.147657458330947]}"
000000000000000000ef,0,838,0.07866799864002372,26,89,"{""type"":""Point"",""coordinates"":[108.44058867718185,14.349240039654074]}"
00000000000000000224,0,1108,0.19669460550280404,26,89,"{""type"":""Point"",""coordinates"":[108.43466253188183,14.484524706514566]}"
0000000000000000035f,0,1030,0.7118672479216982,26,89,"{""type"":""Point"",""coordinates"":[108.56132329730494,14.333338885297483]}"
0000000000000000061d,0,1016,0.5973978976766976,27,89,"{""type"":""Point"",""coordinates"":[108.4211871284983,14.326329178441467]}"
0000000000000000043c,0,1025,0.09715427895617701,29,89,"{""type"":""Point"",""coordinates"":[108.46619283543073,14.085943499751254]}"
00000000000000000457,0,794,0.1782368177013628,29,89,"{""type"":""Point"",""coordinates"":[108.4516383295923,14.394245746586504]}"
000000000000000005e3,0,1026,0.301748653486993,30,89,"{""type"":""Point"",""coordinates"":[108.33629476264281,14.378612138293123]}"
000000000000000000c7,0,1115,0.21713769084961143,31,89,"{""type"":""Point"",""coordinates"":[108.32389846171422,14.378072587065656]}"
00000000000000000400,0,1119,0.7228060546827174,32,89,"{""type"":""Point"",""coordinates"":[108.32093315951369,14.323096330177716]}"
000000000000000004b4,0,1233,0.1476417298372713,32,89,"{""type"":""Point"",""coordinates"":[108.37105791445548,14.477247453595345]}"
000000000000000004c0,0,1390,0.3846095598880227,32,89,"{""type"":""Point"",""coordinates"":[108.41094457337853,14.292105577856269]}"
000000000000000004cf,0,746,0.7308159830401025,32,89,"{""type"":""Point"",""coordinates"":[108.45648983153843,14.387508044894746]}"
0000000000000000052f,0,1022,0.0748711950070664,32,89,"{""type"":""Point"",""coordinates"":[108.38857772249445,14.382656542948599]}"
00000000000000000536,0,796,0.4835598189639302,34,89,"{""type"":""Point"",""coordinates"":[108.46134133348458,14.231198716567253]}"
000000000000000005c6,0,823,0.470443630636148,34,89,"{""type"":""Point"",""coordinates"":[108.4095979248604,14.241708817750226]}"
000000000000000000a0,0,933,0.49405846698054956,35,89,"{""type"":""Point"",""coordinates"":[108.49475783677912,14.072196091203482]}"
000000000000000002d5,0,886,0.2760941146526503,35,89,"{""type"":""Point"",""coordinates"":[108.3247055590049,14.387236039730485]}"
0000000000000000017a,0,1021,0.4534236229181242,37,89,"{""type"":""Point"",""coordinates"":[108.35273546822685,14.438711902291466]}"
00000000000000000541,0,1502,0.12671686091488787,38,89,"{""type"":""Point"",""coordinates"":[108.38803817126698,14.253298021388133]}"
00000000000000000218,0,1046,0.341251606493747,42,89,"{""type"":""Point"",""coordinates"":[108.31662120879498,14.400983448278259]}"
00000000000000000439,0,913,0.7973460181445609,45,89,"{""type"":""Point"",""coordinates"":[108.32363091565102,14.43763279983653]}"
00000000000000000177,0,859,0.7776683145702972,55,89,"{""type"":""Point"",""coordinates"":[108.44004912595437,14.323907886569447]}"
00000000000000000178,0,677,0.3904789020494892,2,90,"{""type"":""Point"",""coordinates"":[108.57021474480551,14.223114366357358]}"
000000000000000004af,0,1185,0.008931999030504012,2,90,"{""type"":""Point"",""coordinates"":[108.43115767845381,14.512822161799736]}"
00000000000000000567,0,1082,0.21865062168309235,3,90,"{""type"":""Point"",""coordinates"":[108.40879082756972,14.371334885373892]}"
00000000000000000194,0,933,0.6224187876578622,4,90,"{""type"":""Point"",""coordinates"":[108.52386238935495,14.473207508040922]}"
0000000000000000022f,0,860,0.07006572897387486,4,90,"{""type"":""Point"",""coordinates"":[108.42549907921698,14.193737808617254]}"
0000000000000000023d,0,902,0.051485482087099466,4,90,"{""type"":""Point"",""coordinates"":[108.52197618960933,14.39693904362278]}"
00000000000000000353,0,897,0.6844289140167107,4,90,"{""type"":""Point"",""coordinates"":[108.6098338576654,14.359750140837045]}"
00000000000000000415,0,924,0.5657897982707887,4,90,"{""type"":""Point"",""coordinates"":[108.54784789392144,14.538154314884363]}"
000000000000000000a8,0,1065,0.4609053009986146,5,90,"{""type"":""Point"",""coordinates"":[108.41471697286975,14.439786545645344]}"
000000000000000000d4,0,967,0.42195769277888706,5,90,"{""type"":""Point"",""coordinates"":[108.43762337498131,14.17918776187986]}"
00000000000000000347,0,1049,0.6255088397770463,5,90,"{""type"":""Point"",""coordinates"":[108.48101488733239,14.500425860871156]}"
0000000000000000047c,0,1056,0.49958900761205116,5,90,"{""type"":""Point"",""coordinates"":[108.51982244380052,14.534649461456352]}"
00000000000000000529,0,1133,0.2968712032913816,5,90,"{""type"":""Point"",""coordinates"":[108.44058867718184,14.49099040304206]}"
0000000000000000005e,0,784,0.6963514155904982,6,90,"{""type"":""Point"",""coordinates"":[108.4473263788736,14.24278792020516]}"
0000000000000000006b,0,624,0.5165423268061168,6,90,"{""type"":""Point"",""coordinates"":[108.53302584201977,14.170024309215028]}"
000000000000000000b9,0,964,0.22771732598100325,6,90,"{""type"":""Point"",""coordinates"":[108.52844634523788,14.450568651992576]}"
00000000000000000324,0,762,0.7701585915371192,6,90,"{""type"":""Point"",""coordinates"":[108.42172667972578,14.25195137286999]}"
00000000000000000554,0,713,0.10955482323792076,6,90,"{""type"":""Point"",""coordinates"":[108.62492345563025,14.194816911072188]}"
00000000000000000589,0,762,0.633615847309423,6,90,"{""type"":""Point"",""coordinates"":[108.59527935182693,14.296417528574953]}"
0000000000000000062a,0,831,0.5497117812986244,6,90,"{""type"":""Point"",""coordinates"":[108.4672674787846,14.285367876164512]}"
000000000000000000aa,0,690,0.11772985799474667,7,90,"{""type"":""Point"",""coordinates"":[108.48640148140494,14.14388505883973]}"
0000000000000000014f,0,1116,0.7530521520050328,7,90,"{""type"":""Point"",""coordinates"":[108.43493007794503,14.492609056724465]}"
00000000000000000586,0,1240,0.5414701836858408,7,90,"{""type"":""Point"",""coordinates"":[108.44678682764615,14.549471513358007]}"
00000000000000000608,0,1161,0.4901154183893325,7,90,"{""type"":""Point"",""coordinates"":[108.46188088471206,14.52359980904591]}"
00000000000000000032,0,801,0.179194847074732,8,90,"{""type"":""Point"",""coordinates"":[108.44867302739175,14.246020768468906]}"
00000000000000000292,0,694,0.08908318032819185,8,90,"{""type"":""Point"",""coordinates"":[108.5842296994165,14.234971116058471]}"
000000000000000002e3,0,841,0.2692388280764101,8,90,"{""type"":""Point"",""coordinates"":[108.48424773559613,14.122864856473786]}"
000000000000000000c5,0,891,0.38437626497618915,9,90,"{""type"":""Point"",""coordinates"":[108.4139098755791,14.177569108197462]}"
0000000000000000015b,0,1234,0.4147030358586462,9,90,"{""type"":""Point"",""coordinates"":[108.39989492096811,14.572110369406351]}"
00000000000000000359,0,807,0.19037670884601376,9,90,"{""type"":""Point"",""coordinates"":[108.51389183939945,14.317170184877689]}"
000000000000000003cb,0,644,0.4205035686536017,9,90,"{""type"":""Point"",""coordinates"":[108.58018975386207,14.219881518093606]}"
00000000000000000059,0,1189,0.7037345089061611,10,90,"{""type"":""Point"",""coordinates"":[108.43439052671755,14.537886768821151]}"
000000000000000000b6,0,1036,0.20348122970565308,10,90,"{""type"":""Point"",""coordinates"":[108.45460363179284,14.426315601362885]}"
00000000000000000137,0,878,0.5936989221943451,10,90,"{""type"":""Point"",""coordinates"":[108.60093795106377,14.437900345899736]}"
0000000000000000023b,0,764,0.14182475743100798,10,90,"{""type"":""Point"",""coordinates"":[108.54191728952034,14.126904802028207]}"
000000000000000005de,0,1046,0.22528351485866238,10,90,"{""type"":""Point"",""coordinates"":[108.43654873162743,14.426043596198625]}"
00000000000000000134,0,1144,0.2206322263989282,11,90,"{""type"":""Point"",""coordinates"":[108.34114626458896,14.393434190194775]}"
00000000000000000252,0,1047,0.09791844086272705,11,90,"{""type"":""Point"",""coordinates"":[108.49880224143459,14.461078753175546]}"
000000000000000002bb,0,977,0.5318070306353226,11,90,"{""type"":""Point"",""coordinates"":[108.44759838403786,14.38184498655687]}"
000000000000000003dd,0,841,0.3953499252827133,11,90,"{""type"":""Point"",""coordinates"":[108.59231404962641,14.412300646751904]}"
000000000000000004d9,0,682,0.3034166444500963,11,90,"{""type"":""Point"",""coordinates"":[108.49179253457856,14.203440812509553]}"
000000000000000004f8,0,1297,0.4729551071001996,11,90,"{""type"":""Point"",""coordinates"":[108.31150216078564,14.339537035761776]}"
0000000000000000042e,0,750,0.13791492462866184,12,90,"{""type"":""Point"",""coordinates"":[108.33656230870601,14.464044055376093]}"
000000000000000004a3,0,871,0.10508175748546811,12,90,"{""type"":""Point"",""coordinates"":[108.44624727641866,14.314472428740356]}"
000000000000000005b1,0,790,0.6452680193640565,12,90,"{""type"":""Point"",""coordinates"":[108.4715794295033,14.19077696551777]}"
000000000000000005c2,0,757,0.24221751342858655,12,90,"{""type"":""Point"",""coordinates"":[108.61144805224673,14.289947372946404]}"
000000000000000000a9,0,622,0.7492576158127925,13,90,"{""type"":""Point"",""coordinates"":[108.61764620271103,14.221495712674951]}"
000000000000000003f9,0,951,0.7557002611911481,13,90,"{""type"":""Point"",""coordinates"":[108.45244542688296,14.402869648023866]}"
0000000000000000041b,0,705,0.6495317586318583,13,90,"{""type"":""Point"",""coordinates"":[108.56860055022416,14.236857315804079]}"
00000000000000000557,0,732,0.26028671392676794,13,90,"{""type"":""Point"",""coordinates"":[108.59527935182693,14.317170184877689]}"
00000000000000000594,0,787,0.793890962184511,13,90,"{""type"":""Point"",""coordinates"":[108.63408690829509,14.279169725700223]}"
00000000000000000023,0,835,0.08976854100196674,14,90,"{""type"":""Point"",""coordinates"":[108.43035058116314,14.336304187498026]}"
0000000000000000025b,0,811,0.7906134597854936,14,90,"{""type"":""Point"",""coordinates"":[108.65322091091542,14.258417069397487]}"
000000000000000004cc,0,1060,0.7092671793608761,14,90,"{""type"":""Point"",""coordinates"":[108.40097402342305,14.375111743966166]}"
00000000000000000081,0,1118,0.7353173094166764,15,90,"{""type"":""Point"",""coordinates"":[108.44247487692745,14.471856400421728]}"
00000000000000000087,0,1206,0.7699427470734658,15,90,"{""type"":""Point"",""coordinates"":[108.37025081716479,14.248446519441984]}"
000000000000000001bd,0,787,0.2461229747620839,15,90,"{""type"":""Point"",""coordinates"":[108.48829214025162,14.12636525080074]}"
0000000000000000024e,0,1036,0.05661895529767891,15,90,"{""type"":""Point"",""coordinates"":[108.46619283543073,14.513629259090408]}"
0000000000000000051a,0,1322,0.13643337535127287,16,90,"{""type"":""Point"",""coordinates"":[108.36593886644611,14.497728104733824]}"
00000000000000000600,0,1105,0.41714703885581195,16,90,"{""type"":""Point"",""coordinates"":[108.40959792486039,14.502312060616763]}"
00000000000000000002,0,920,0.7370170788060728,17,90,"{""type"":""Point"",""coordinates"":[108.33521566018787,14.345735186226067]}"
000000000000000002a5,0,891,0.3659645565400437,17,90,"{""type"":""Point"",""coordinates"":[108.38857772249445,14.192123614035907]}"
000000000000000002ce,0,1027,0.07266727451900579,17,90,"{""type"":""Point"",""coordinates"":[108.53275829595658,14.559442063313513]}"
00000000000000000511,0,820,0.29569200405452456,17,90,"{""type"":""Point"",""coordinates"":[108.50634704041703,14.094295396024357]}"
00000000000000000085,0,849,0.19697198593984833,18,90,"{""type"":""Point"",""coordinates"":[108.46106932832032,14.071660999077066]}"
0000000000000000032a,0,647,0.4505673870837321,18,90,"{""type"":""Point"",""coordinates"":[108.6157600029654,14.215569567374926]}"
000000000000000004d2,0,942,0.5351779731077438,18,90,"{""type"":""Point"",""coordinates"":[108.5206295410912,14.446256701273896]}"
0000000000000000029d,0,843,0.7704639509431436,19,90,"{""type"":""Point"",""coordinates"":[108.59016030381757,14.409874895778833]}"
000000000000000004de,0,1171,0.3023428530545552,19,90,"{""type"":""Point"",""coordinates"":[108.4473263788736,14.186465014799085]}"
00000000000000000544,0,878,0.07334795296829677,19,90,"{""type"":""Point"",""coordinates"":[108.46295552806593,14.080012895350167]}"
00000000000000000063,0,988,0.15873697850367796,20,90,"{""type"":""Point"",""coordinates"":[108.39181057075821,14.38184498655687]}"
00000000000000000080,0,1075,0.3474989332068963,20,90,"{""type"":""Point"",""coordinates"":[108.3163536627318,14.3387299384711]}"
000000000000000003d2,0,934,0.5209989221903257,20,90,"{""type"":""Point"",""coordinates"":[108.5206295410912,14.387236039730485]}"
00000000000000000107,0,783,0.7582573311697204,21,90,"{""type"":""Point"",""coordinates"":[108.5758778031434,14.323907886569447]}"
0000000000000000015e,0,1192,0.2895410344686046,21,90,"{""type"":""Point"",""coordinates"":[108.47562383415878,14.12528614834581]}"
00000000000000000440,0,1092,0.15408551446203123,21,90,"{""type"":""Point"",""coordinates"":[108.40259267710545,14.370799793247482]}"
00000000000000000583,0,700,0.5556282767499472,21,90,"{""type"":""Point"",""coordinates"":[108.52386238935496,14.125286148345806]}"
000000000000000000fc,0,1349,0.6861723458807791,22,90,"{""type"":""Point"",""coordinates"":[108.36351311547303,14.207752763228239]}"
0000000000000000028e,0,873,0.6092722063349293,22,90,"{""type"":""Point"",""coordinates"":[108.41876137752524,14.181341507688677]}"
00000000000000000351,0,867,0.22438110930398036,22,90,"{""type"":""Point"",""coordinates"":[108.3424929131071,14.457306353684338]}"
00000000000000000109,0,994,0.5985488362921472,23,90,"{""type"":""Point"",""coordinates"":[108.52844634523788,14.314204882677148]}"
00000000000000000260,0,1121,0.09548370713494936,23,90,"{""type"":""Point"",""coordinates"":[108.38992437101258,14.209099411746374]}"
0000000000000000043f,0,570,0.4718264536340221,23,90,"{""type"":""Point"",""coordinates"":[108.59042784988078,14.206138568646887]}"
00000000000000000396,0,1584,0.16200979656301884,24,90,"{""type"":""Point"",""coordinates"":[108.39181057075821,14.302883225102446]}"
00000000000000000024,0,1052,0.38398877354728644,25,90,"{""type"":""Point"",""coordinates"":[108.42226177185219,14.40448384260521]}"
000000000000000003d4,0,748,0.402237769374831,25,90,"{""type"":""Point"",""coordinates"":[108.42899947354395,14.285100330101304]}"
00000000000000000479,0,1018,0.6257237556524489,25,90,"{""type"":""Point"",""coordinates"":[108.55054119095772,14.327680286060659]}"
00000000000000000568,0,828,0.5178524326288904,25,90,"{""type"":""Point"",""coordinates"":[108.55727889264946,14.320942584368904]}"
0000000000000000000b,0,723,0.33224376684819334,26,90,"{""type"":""Point"",""coordinates"":[108.51766423889066,14.103191302625982]}"
000000000000000005f1,0,1272,0.022461289139860008,26,90,"{""type"":""Point"",""coordinates"":[108.36701796890105,14.494227710406866]}"
00000000000000000186,0,1034,0.13250414424925694,27,90,"{""type"":""Point"",""coordinates"":[108.42738527896259,14.175143357224385]}"
000000000000000005d8,0,1001,0.46008411511047265,27,90,"{""type"":""Point"",""coordinates"":[108.55189229857692,14.561332722160175]}"
00000000000000000000,0,1333,0.6237533568138378,28,90,"{""type"":""Point"",""coordinates"":[108.38399376661151,14.402869648023866]}"
0000000000000000004c,0,792,0.20782780771409048,28,90,"{""type"":""Point"",""coordinates"":[108.49233208580604,14.316358628485963]}"
00000000000000000349,0,991,0.7343882797714607,28,90,"{""type"":""Point"",""coordinates"":[108.40717217388732,14.3910084392217]}"
000000000000000001af,0,1259,0.023503106851959332,29,90,"{""type"":""Point"",""coordinates"":[108.38695906881206,14.415805500179912]}"
0000000000000000039d,0,811,0.6515505382524769,29,90,"{""type"":""Point"",""coordinates"":[108.54569414811262,14.302883225102446]}"
00000000000000000512,0,741,0.3443501190274697,29,90,"{""type"":""Point"",""coordinates"":[108.4616088795478,14.155741808540842]}"
00000000000000000542,0,1276,0.172459601981517,29,90,"{""type"":""Point"",""coordinates"":[108.30099205960266,14.410142441842039]}"
000000000000000000ad,0,789,0.5652331723694533,30,90,"{""type"":""Point"",""coordinates"":[108.54596169417582,14.302076127811775]}"
000000000000000002ad,0,1229,0.7223738880586343,31,90,"{""type"":""Point"",""coordinates"":[108.37564187033841,14.222574815129887]}"
0000000000000000015d,0,1231,0.26315034284454575,32,90,"{""type"":""Point"",""coordinates"":[108.3147350090494,14.353279985208497]}"
000000000000000002dc,0,698,0.7616572388300474,32,90,"{""type"":""Point"",""coordinates"":[108.55970464362254,14.130137650291957]}"
0000000000000000045e,0,1017,0.4111417202366213,32,90,"{""type"":""Point"",""coordinates"":[108.3346761089604,14.378612138293123]}"
0000000000000000008f,0,1264,0.2971279880387103,34,90,"{""type"":""Point"",""coordinates"":[108.36863216348239,14.495034807697541]}"
00000000000000000559,0,1356,0.405564400083508,34,90,"{""type"":""Point"",""coordinates"":[108.38264711809337,14.40259764285961]}"
00000000000000000263,0,1104,0.7955123634430903,35,90,"{""type"":""Point"",""coordinates"":[108.40636507659664,14.467816454867307]}"
0000000000000000039a,0,1222,0.5115876865517573,35,90,"{""type"":""Point"",""coordinates"":[108.47131188344008,14.057106493238619]}"
0000000000000000042f,0,1032,0.4151610717318748,35,90,"{""type"":""Point"",""coordinates"":[108.32443801294168,14.329294480642007]}"
000000000000000001ac,0,1028,0.6247645025474835,36,90,"{""type"":""Point"",""coordinates"":[108.3441115667895,14.389394244640354]}"
00000000000000000518,0,704,0.5737986082997336,36,90,"{""type"":""Point"",""coordinates"":[108.5128127369445,14.130137650291957]}"
000000000000000002e4,0,1206,0.4493412244848034,37,90,"{""type"":""Point"",""coordinates"":[108.36378512063729,14.35112623939968]}"
000000000000000002f0,0,1188,0.6859041198741626,39,90,"{""type"":""Point"",""coordinates"":[108.41202367583347,14.268392078454045]}"
000000000000000000cc,0,804,0.7104612798087878,43,90,"{""type"":""Point"",""coordinates"":[108.33332946044226,14.42981599568984]}"
0000000000000000005b,0,1061,0.7435250772442147,45,90,"{""type"":""Point"",""coordinates"":[108.3147350090494,14.419845445734337]}"
000000000000000000ea,0,1232,0.37411310667914943,2,91,"{""type"":""Point"",""coordinates"":[108.39935536974065,14.526297565183247]}"
000000000000000005bb,0,687,0.21319333252127348,3,91,"{""type"":""Point"",""coordinates"":[108.55593224413134,14.271624926717793]}"
00000000000000000093,0,976,0.5699838434137617,5,91,"{""type"":""Point"",""coordinates"":[108.49044588606041,14.49314860795193]}"
0000000000000000058e,0,697,0.06542497934335423,5,91,"{""type"":""Point"",""coordinates"":[108.66696386036215,14.17972731310733]}"
0000000000000000019b,0,925,0.5246265212749073,7,91,"{""type"":""Point"",""coordinates"":[108.59905175131814,14.440598102037074]}"
00000000000000000433,0,931,0.6936840470046999,7,91,"{""type"":""Point"",""coordinates"":[108.52494149180987,14.377805041002444]}"
000000000000000001d0,0,767,0.41600815226088095,8,91,"{""type"":""Point"",""coordinates"":[108.64297835579565,14.25195137286999]}"
00000000000000000163,0,964,0.568653645133003,9,91,"{""type"":""Point"",""coordinates"":[108.56320949705056,14.334145982588158]}"
00000000000000000285,0,755,0.30097460028457723,9,91,"{""type"":""Point"",""coordinates"":[108.5977051028,14.300189928066168]}"
00000000000000000143,0,924,0.16883429505025116,10,91,"{""type"":""Point"",""coordinates"":[108.54650124540329,14.40448384260521]}"
00000000000000000592,0,821,0.35955460132203665,11,91,"{""type"":""Point"",""coordinates"":[108.63543355681321,14.464044055376093]}"
00000000000000000028,0,930,0.4435428617955699,12,91,"{""type"":""Point"",""coordinates"":[108.52467394574667,14.308274278276066]}"
000000000000000005b4,0,836,0.4077048235185389,12,91,"{""type"":""Point"",""coordinates"":[108.61791820787528,14.497460558670618]}"
0000000000000000001c,0,870,0.09614333309272949,13,91,"{""type"":""Point"",""coordinates"":[108.47050478614942,14.255456226298]}"
0000000000000000004a,0,822,0.471202500717935,13,91,"{""type"":""Point"",""coordinates"":[108.60956185250113,14.322828784114515]}"
000000000000000001fe,0,1031,0.35884914949455815,13,91,"{""type"":""Point"",""coordinates"":[108.41822182629775,14.328219837288131]}"
0000000000000000045a,0,1245,0.5965726300803035,13,91,"{""type"":""Point"",""coordinates"":[108.42010802604337,14.545971119031053]}"
000000000000000002f6,0,1138,0.12547271467583987,14,91,"{""type"":""Point"",""coordinates"":[108.42981102993566,14.464311601439295]}"
000000000000000003f7,0,1206,0.6173504877721381,15,91,"{""type"":""Point"",""coordinates"":[108.43978157989118,14.549203967294801]}"
000000000000000004e1,0,868,0.5772062685708763,16,91,"{""type"":""Point"",""coordinates"":[108.47077233221263,14.255184221133739]}"
000000000000000004d3,0,1241,0.6784422939985736,17,91,"{""type"":""Point"",""coordinates"":[108.35812206229943,14.36891359350188]}"
000000000000000000d3,0,1012,0.6868771153350784,20,91,"{""type"":""Point"",""coordinates"":[108.44247487692745,14.214490464919994]}"
00000000000000000633,0,1145,0.3919929178009509,23,91,"{""type"":""Point"",""coordinates"":[108.48586638927854,14.534381915393148]}"
00000000000000000213,0,1349,0.7101516556489896,25,91,"{""type"":""Point"",""coordinates"":[108.36621087161036,14.558634966022842]}"
000000000000000001ec,0,1309,0.791857780021275,27,91,"{""type"":""Point"",""coordinates"":[108.39369677050382,14.253565567451338]}"
00000000000000000069,0,1279,0.014502703836110076,41,91,"{""type"":""Point"",""coordinates"":[108.39746916999503,14.27701597989141]}"
000000000000000001be,0,1259,0.4197329395865864,5,92,"{""type"":""Point"",""coordinates"":[108.41229122189667,14.546506211157464]}"
0000000000000000059b,0,949,0.6519577312134678,5,92,"{""type"":""Point"",""coordinates"":[108.50580748918954,14.416880143533794]}"
0000000000000000012a,0,1492,0.029075528499122205,8,92,"{""type"":""Point"",""coordinates"":[108.32551711539664,14.235243121222728]}"
0000000000000000005d,0,663,0.6129021991234436,9,92,"{""type"":""Point"",""coordinates"":[108.54326839713954,14.211525162719452]}"
0000000000000000059c,0,1003,0.014383704437732403,9,92,"{""type"":""Point"",""coordinates"":[108.52386238935496,14.536807666366224]}"
000000000000000005ac,0,1477,0.3942029462155068,11,92,"{""type"":""Point"",""coordinates"":[108.33144326069664,14.234703569995261]}"
00000000000000000091,0,1138,0.3672214844832211,12,92,"{""type"":""Point"",""coordinates"":[108.43762337498131,14.172182514124898]}"
00000000000000000414,0,1640,0.19637046268173175,14,92,"{""type"":""Point"",""coordinates"":[108.33629476264281,14.258417069397487]}"
00000000000000000423,0,1037,0.6098203621009194,14,92,"{""type"":""Point"",""coordinates"":[108.32901750972357,14.28132793061009]}"
0000000000000000042c,0,826,0.74437856305637,14,92,"{""type"":""Point"",""coordinates"":[108.56024419485,14.308546283440327]}"
000000000000000005c5,0,1520,0.1462462128457277,16,92,"{""type"":""Point"",""coordinates"":[108.33306191437904,14.240901720459552]}"
00000000000000000617,0,1060,0.5047409279022812,16,92,"{""type"":""Point"",""coordinates"":[108.50364928427967,14.45973210465741]}"
00000000000000000327,0,1133,0.12939768964316312,17,92,"{""type"":""Point"",""coordinates"":[108.41013747608785,14.170563860442497]}"
00000000000000000040,0,1471,0.11453901076166151,18,92,"{""type"":""Point"",""coordinates"":[108.35057726331698,14.231738267794718]}"
00000000000000000164,0,646,0.2198001088238415,21,92,"{""type"":""Point"",""coordinates"":[108.51847133618134,14.235510667285936]}"
00000000000000000112,0,670,0.026431737411764855,25,92,"{""type"":""Point"",""coordinates"":[108.50203508969832,14.207752763228239]}"
0000000000000000038e,0,1232,0.45669309817711756,27,92,"{""type"":""Point"",""coordinates"":[108.37672097279335,14.227698322240299]}"
000000000000000003a4,0,1526,0.5327964982381718,28,92,"{""type"":""Point"",""coordinates"":[108.37536986517414,14.259496171852417]}"
0000000000000000055d,0,1288,0.025112379596696766,30,92,"{""type"":""Point"",""coordinates"":[108.36836461741918,14.376997943711777]}"
000000000000000002ee,0,1481,0.2697430485104534,32,92,"{""type"":""Point"",""coordinates"":[108.33440856289718,14.254105118678806]}"
000000000000000004ac,0,1339,0.26196951877190555,33,92,"{""type"":""Point"",""coordinates"":[108.39935536974065,14.278630174472758]}"
00000000000000000367,0,689,0.7650315650556632,2,94,"{""type"":""Point"",""coordinates"":[108.48694103263242,14.253565567451338]}"
00000000000000000521,0,1007,0.5118429336176457,2,94,"{""type"":""Point"",""coordinates"":[108.53571913905607,14.561332722160175]}"
00000000000000000046,0,849,0.15749298742084172,3,94,"{""type"":""Point"",""coordinates"":[108.61333425199234,14.326868729668938]}"
000000000000000000d1,0,1023,0.47495706247660774,4,94,"{""type"":""Point"",""coordinates"":[108.44112822840931,14.391819995613428]}"
00000000000000000169,0,1174,0.20622980988923567,4,94,"{""type"":""Point"",""coordinates"":[108.45191033475653,14.495302353760747]}"
00000000000000000222,0,672,0.05737130316921779,4,94,"{""type"":""Point"",""coordinates"":[108.61980440762089,14.191044511580973]}"
000000000000000001c3,0,954,0.28594891743393924,5,94,"{""type"":""Point"",""coordinates"":[108.5222481947736,14.476979907532133]}"
000000000000000002c1,0,705,0.6119786229624531,5,94,"{""type"":""Point"",""coordinates"":[108.61657155935715,14.270545824262861]}"
0000000000000000021b,0,1027,0.16732310088260083,9,94,"{""type"":""Point"",""coordinates"":[108.57614534920661,14.51470836154534]}"
0000000000000000022d,0,1045,0.029356128837029427,9,94,"{""type"":""Point"",""coordinates"":[108.44301442815491,14.179994859170534]}"
00000000000000000434,0,948,0.7053299641196691,9,94,"{""type"":""Point"",""coordinates"":[108.45783648005659,14.407181598742547]}"
00000000000000000072,0,1142,0.7908665394212818,15,94,"{""type"":""Point"",""coordinates"":[108.42549907921698,14.469970200676121]}"
00000000000000000159,0,1484,0.08146581422281873,15,94,"{""type"":""Point"",""coordinates"":[108.37806762131147,14.273778672526612]}"
00000000000000000523,0,1269,0.23255125718797065,16,94,"{""type"":""Point"",""coordinates"":[108.42873192748074,14.557288317504698]}"
000000000000000001d8,0,1008,0.7271663700975497,18,94,"{""type"":""Point"",""coordinates"":[108.52979299375602,14.109117447926012]}"
00000000000000000088,0,866,0.6439490256710191,19,94,"{""type"":""Point"",""coordinates"":[108.43950957472693,14.37564683609258]}"
00000000000000000018,0,1478,0.2576588798119194,21,94,"{""type"":""Point"",""coordinates"":[108.36539931521865,14.369181139565082]}"
000000000000000005a4,0,1104,0.46235568797268356,21,94,"{""type"":""Point"",""coordinates"":[108.44463308183731,14.142805956384798]}"
000000000000000000f2,0,990,0.4759705356193543,27,94,"{""type"":""Point"",""coordinates"":[108.53302584201977,14.118013354527635]}"
00000000000000000595,0,1173,0.19486405520672867,30,94,"{""type"":""Point"",""coordinates"":[108.35219591699938,14.283214130355699]}"
00000000000000000096,0,1214,0.18892375251280746,1,95,"{""type"":""Point"",""coordinates"":[108.41229122189667,14.521985614464567]}"
000000000000000000c6,0,819,0.6749395018741203,1,95,"{""type"":""Point"",""coordinates"":[108.61629955419288,14.308274278276066]}"
000000000000000003a2,0,722,0.04418606017108806,1,95,"{""type"":""Point"",""coordinates"":[108.63974550753191,14.204787461027696]}"
000000000000000003e3,0,824,0.6804115678958301,1,95,"{""type"":""Point"",""coordinates"":[108.60552190694669,14.482638506768959]}"
0000000000000000047f,0,825,0.4116951239218365,1,95,"{""type"":""Point"",""coordinates"":[108.60498235571924,14.482906052832167]}"
0000000000000000060a,0,787,0.34553316594857153,1,95,"{""type"":""Point"",""coordinates"":[108.59554689789013,14.345467640162859]}"
00000000000000000365,0,1023,0.56523983843487,2,95,"{""type"":""Point"",""coordinates"":[108.57129384726046,14.492069505496998]}"
00000000000000000071,0,923,0.08109854209679968,3,95,"{""type"":""Point"",""coordinates"":[108.52251574083681,14.472395951649194]}"
0000000000000000009d,0,798,0.5922976632722188,3,95,"{""type"":""Point"",""coordinates"":[108.6413641612143,14.264887225026039]}"
00000000000000000188,0,1449,0.30784563409874044,3,95,"{""type"":""Point"",""coordinates"":[108.35300301429007,14.231470721731512]}"
000000000000000002a3,0,748,0.07958156618500434,3,95,"{""type"":""Point"",""coordinates"":[108.62276970982144,14.261654376762293]}"
00000000000000000321,0,749,0.706396599941379,3,95,"{""type"":""Point"",""coordinates"":[108.62061150491155,14.251679367705728]}"
000000000000000003b6,0,951,0.38271423345110234,3,95,"{""type"":""Point"",""coordinates"":[108.53275829595658,14.477519458759605]}"
000000000000000003db,0,696,0.0343791535840593,3,95,"{""type"":""Point"",""coordinates"":[108.6076756527555,14.268120073289788]}"
000000000000000003e5,0,1097,0.12413719857065242,3,95,"{""type"":""Point"",""coordinates"":[108.3998949209681,14.45676680245687]}"
000000000000000004a4,0,725,0.5430244997950727,3,95,"{""type"":""Point"",""coordinates"":[108.6529533648522,14.20398036373702]}"
00000000000000000152,0,1204,0.6161564536833465,4,95,"{""type"":""Point"",""coordinates"":[108.43654873162743,14.541926714375577]}"
00000000000000000241,0,790,0.689768379125392,4,95,"{""type"":""Point"",""coordinates"":[108.64378991218739,14.302348132976034]}"
00000000000000000427,0,1103,0.6300730462941916,4,95,"{""type"":""Point"",""coordinates"":[108.36647841767358,14.350047136944745]}"
000000000000000004b2,0,992,0.24173457875673154,4,95,"{""type"":""Point"",""coordinates"":[108.54003108977474,14.545159562639325]}"
00000000000000000585,0,994,0.04885325693505038,4,95,"{""type"":""Point"",""coordinates"":[108.58126439721595,14.563218921905783]}"
000000000000000000b0,0,940,0.4699318949982281,5,95,"{""type"":""Point"",""coordinates"":[108.51523848791757,14.47347505410413]}"
000000000000000000e0,0,1062,0.13169775008004003,5,95,"{""type"":""Point"",""coordinates"":[108.5270952376187,14.499346758416223]}"
0000000000000000012e,0,1041,0.04201498398033121,5,95,"{""type"":""Point"",""coordinates"":[108.55943709755935,14.513361713027205]}"
00000000000000000175,0,1574,0.643715980881292,5,95,"{""type"":""Point"",""coordinates"":[108.37806762131149,14.283749222482115]}"
000000000000000002b7,0,1010,0.78433151973108,5,95,"{""type"":""Point"",""coordinates"":[108.51469893669012,14.29830372832056]}"
000000000000000002bd,0,939,0.430749883781929,5,95,"{""type"":""Point"",""coordinates"":[108.41984047998017,14.266501419607385]}"
000000000000000002e0,0,1202,0.7894651706018267,5,95,"{""type"":""Point"",""coordinates"":[108.40905837363294,14.518213214973352]}"
00000000000000000357,0,699,0.05377128982368773,5,95,"{""type"":""Point"",""coordinates"":[108.6020170535187,14.2735111264634]}"
0000000000000000045d,0,701,0.5630139466943038,5,95,"{""type"":""Point"",""coordinates"":[108.67019670862588,14.196703110817793]}"
0000000000000000050a,0,738,0.5449354871494506,5,95,"{""type"":""Point"",""coordinates"":[108.51874334134558,14.277283525954616]}"
0000000000000000006e,0,909,0.7389670609225166,6,95,"{""type"":""Point"",""coordinates"":[108.49233208580604,14.362443437873322]}"
00000000000000000198,0,888,0.10376779295502803,6,95,"{""type"":""Point"",""coordinates"":[108.54488259172089,14.385621845149142]}"
000000000000000001ae,0,745,0.4830172752452566,6,95,"{""type"":""Point"",""coordinates"":[108.53571913905607,14.25949617185242]}"
00000000000000000215,0,840,0.18803611602053838,6,95,"{""type"":""Point"",""coordinates"":[108.51497094185437,14.310432483185933]}"
0000000000000000026c,0,663,0.0031703631251300823,6,95,"{""type"":""Point"",""coordinates"":[108.44409353060985,14.35112623939968]}"
000000000000000003d3,0,529,0.34835891595750823,6,95,"{""type"":""Point"",""coordinates"":[108.67774596670935,14.136875351983713]}"
000000000000000005f4,0,1029,0.09770660839920176,6,95,"{""type"":""Point"",""coordinates"":[108.52844634523788,14.521713609300306]}"
000000000000000005f8,0,794,0.5910110675709643,6,95,"{""type"":""Point"",""coordinates"":[108.6413641612143,14.321749681659583]}"
0000000000000000019e,0,786,0.35323049317119526,7,95,"{""type"":""Point"",""coordinates"":[108.59177449839893,14.314744433904615]}"
000000000000000001a9,0,1040,0.1798780224678943,7,95,"{""type"":""Point"",""coordinates"":[108.54650124540329,14.574536120379427]}"
000000000000000001fb,0,1127,0.7454471733421798,7,95,"{""type"":""Point"",""coordinates"":[108.39127101953075,14.204519914964484]}"
000000000000000002a4,0,1192,0.7618577195346973,7,95,"{""type"":""Point"",""coordinates"":[108.32901750972358,14.260842820370561]}"
0000000000000000061e,0,644,0.2699803157809173,7,95,"{""type"":""Point"",""coordinates"":[108.59231404962641,14.213950913692528]}"
00000000000000000158,0,919,0.05506531298473483,8,95,"{""type"":""Point"",""coordinates"":[108.48963878876975,14.084324846068851]}"
000000000000000001bf,0,800,0.6343136807090024,8,95,"{""type"":""Point"",""coordinates"":[108.45271743204722,14.266773424771644]}"
000000000000000001f4,0,1210,0.34449212916411165,8,95,"{""type"":""Point"",""coordinates"":[108.35650786771808,14.280516374218367]}"
000000000000000002fc,0,993,0.5650276436689187,8,95,"{""type"":""Point"",""coordinates"":[108.53248629079232,14.552436815558547]}"
00000000000000000424,0,1148,0.7852384696515017,8,95,"{""type"":""Point"",""coordinates"":[108.45864357734725,14.084596851233112]}"
000000000000000004cb,0,923,0.5484345242495925,8,95,"{""type"":""Point"",""coordinates"":[108.48451528165936,14.376997943711777]}"
000000000000000004dd,0,871,0.09664135577693211,8,95,"{""type"":""Point"",""coordinates"":[108.32524511023236,14.388047596122213]}"
00000000000000000546,0,660,0.7037463332481732,8,95,"{""type"":""Point"",""coordinates"":[108.63058205486706,14.182420610143609]}"
00000000000000000166,0,961,0.3809785718189188,9,95,"{""type"":""Point"",""coordinates"":[108.48882723237801,14.407988696033222]}"
000000000000000001f0,0,1618,0.3815248024755884,9,95,"{""type"":""Point"",""coordinates"":[108.36998327110157,14.283749222482115]}"
0000000000000000020e,0,961,0.16858597685915222,9,95,"{""type"":""Point"",""coordinates"":[108.53194673956486,14.542198719539835]}"
00000000000000000265,0,1232,0.4035225939880731,9,95,"{""type"":""Point"",""coordinates"":[108.4176822750703,14.545159562639325]}"
0000000000000000035e,0,1103,0.36880365654569924,9,95,"{""type"":""Point"",""coordinates"":[108.39692961876756,14.450296646828315]}"
00000000000000000437,0,969,0.536309679316324,9,95,"{""type"":""Point"",""coordinates"":[108.53787734396592,14.538961412175034]}"
000000000000000005f6,0,1113,0.2471282596705051,9,95,"{""type"":""Point"",""coordinates"":[108.48559438411426,14.48048030185909]}"
00000000000000000601,0,623,0.6365186596404716,9,95,"{""type"":""Point"",""coordinates"":[108.61603200812968,14.177301562134256]}"
00000000000000000084,0,1480,0.5548725392140496,10,95,"{""type"":""Point"",""coordinates"":[108.334141016834,14.234971116058471]}"
000000000000000000f6,0,974,0.20190286742207564,10,95,"{""type"":""Point"",""coordinates"":[108.48963878876975,14.4104144470063]}"
000000000000000002eb,0,896,0.7010503917130539,10,95,"{""type"":""Point"",""coordinates"":[108.53787734396593,14.386968493667277]}"
00000000000000000380,0,1037,0.5145941919776647,10,95,"{""type"":""Point"",""coordinates"":[108.43978157989118,14.40637004235082]}"
00000000000000000383,0,681,0.02847946715197902,10,95,"{""type"":""Point"",""coordinates"":[108.5322187447291,14.231198716567256]}"
0000000000000000041c,0,822,0.08380982894119005,10,95,"{""type"":""Point"",""coordinates"":[108.63031450880386,14.348968034489813]}"
0000000000000000061f,0,939,0.5421430331426036,10,95,"{""type"":""Point"",""coordinates"":[108.5384168951934,14.475093707786531]}"
0000000000000000063e,0,1521,0.24181896394453217,10,95,"{""type"":""Point"",""coordinates"":[108.35327501945432,14.253030475324925]}"
000000000000000000b2,0,755,0.5770893798672126,11,95,"{""type"":""Point"",""coordinates"":[108.53167919350163,14.288061173200793]}"
00000000000000000168,0,1004,0.6952687226371528,11,95,"{""type"":""Point"",""coordinates"":[108.55027364489452,14.482638506768959]}"
0000000000000000024d,0,672,0.5815163173082091,11,95,"{""type"":""Point"",""coordinates"":[108.55027364489452,14.271892472781]}"
00000000000000000309,0,631,0.17641641515681472,11,95,"{""type"":""Point"",""coordinates"":[108.58800209890771,14.206673660773301]}"
00000000000000000374,0,939,0.66266463196218,11,95,"{""type"":""Point"",""coordinates"":[108.3389880596791,14.339537035761776]}"
000000000000000004f4,0,1034,0.4177781490132948,11,95,"{""type"":""Point"",""coordinates"":[108.42846438141754,14.369448685628292]}"
00000000000000000572,0,919,0.028683903267416322,11,95,"{""type"":""Point"",""coordinates"":[108.520361995028,14.432513751827175]}"
000000000000000000d6,0,863,0.3610251416181548,12,95,"{""type"":""Point"",""coordinates"":[108.62195815342972,14.366755388592013]}"
00000000000000000114,0,826,0.18015961610595166,12,95,"{""type"":""Point"",""coordinates"":[108.63112160609454,14.31609108242276]}"
00000000000000000128,0,822,0.5557184090884251,12,95,"{""type"":""Point"",""coordinates"":[108.4850548328868,14.2815954766733]}"
000000000000000001bc,0,991,0.6556262163596214,12,95,"{""type"":""Point"",""coordinates"":[108.57291250094285,14.473207508040922]}"
000000000000000002a7,0,1066,0.47872960940371323,12,95,"{""type"":""Point"",""coordinates"":[108.41848937236097,14.420652543025009]}"
0000000000000000043b,0,1044,0.5315246850303219,12,95,"{""type"":""Point"",""coordinates"":[108.53491204176538,14.575075671606895]}"
000000000000000005dd,0,746,0.19874010370706874,12,95,"{""type"":""Point"",""coordinates"":[108.45595028031096,14.158707110741384]}"
000000000000000005f3,0,892,0.1099115493099404,12,95,"{""type"":""Point"",""coordinates"":[108.59905175131814,14.525486008791525]}"
000000000000000000a1,0,946,0.3890051944260995,13,95,"{""type"":""Point"",""coordinates"":[108.52305529206427,14.474282151394801]}"
0000000000000000019c,0,868,0.16401877121136643,13,95,"{""type"":""Point"",""coordinates"":[108.46214843077526,14.385349839984878]}"
0000000000000000037f,0,1071,0.6169726777936494,13,95,"{""type"":""Point"",""coordinates"":[108.51415938546265,14.088369250724329]}"
000000000000000003e4,0,1497,0.5658133949746939,13,95,"{""type"":""Point"",""coordinates"":[108.33278990921478,14.250065173124383]}"
00000000000000000537,0,1302,0.4481752243579832,13,95,"{""type"":""Point"",""coordinates"":[108.37213701691039,14.565372667714596]}"
000000000000000005a6,0,842,0.28275505359504904,13,95,"{""type"":""Point"",""coordinates"":[108.61737865664782,14.497460558670618]}"
00000000000000000620,0,1218,0.2203615359964055,13,95,"{""type"":""Point"",""coordinates"":[108.39935536974065,14.590704820799223]}"
000000000000000000de,0,1426,0.19180011989868873,14,95,"{""type"":""Point"",""coordinates"":[108.37132991961971,14.175682908451854]}"
0000000000000000015a,0,722,0.4133409888336267,14,95,"{""type"":""Point"",""coordinates"":[108.6613052611253,14.20047551030901]}"
00000000000000000227,0,1206,0.14793376951759896,14,95,"{""type"":""Point"",""coordinates"":[108.46753948394887,14.54435246534865]}"
00000000000000000228,0,1150,0.7243291506930254,14,95,"{""type"":""Point"",""coordinates"":[108.43035058116314,14.481559404314025]}"
00000000000000000453,0,1285,0.20063265089438687,14,95,"{""type"":""Point"",""coordinates"":[108.40636507659666,14.584239124271722]}"
000000000000000005a7,0,628,0.7836225379946281,14,95,"{""type"":""Point"",""coordinates"":[108.52143663838187,14.208292314455703]}"
00000000000000000011,0,738,0.5141633095247656,15,95,"{""type"":""Point"",""coordinates"":[108.64055260482256,14.235243121222728]}"
00000000000000000119,0,1038,0.317447755901461,15,95,"{""type"":""Point"",""coordinates"":[108.45945513373898,14.44221229661842]}"
00000000000000000626,0,1149,0.1337732654540421,15,95,"{""type"":""Point"",""coordinates"":[108.39073146830326,14.460271655884874]}"
0000000000000000007e,0,1525,0.7911345967497759,16,95,"{""type"":""Point"",""coordinates"":[108.33360146560652,14.229852068049112]}"
00000000000000000302,0,968,0.6800429894978918,16,95,"{""type"":""Point"",""coordinates"":[108.50769368893516,14.447335803728828]}"
0000000000000000062d,0,1005,0.08621702644731422,16,95,"{""type"":""Point"",""coordinates"":[108.53356539324724,14.570763720888209]}"
00000000000000000095,0,723,0.002495695141446097,17,95,"{""type"":""Point"",""coordinates"":[108.52979299375602,14.243867022660092]}"
0000000000000000033c,0,854,0.17624977961436095,17,95,"{""type"":""Point"",""coordinates"":[108.47697048267692,14.326868729668934]}"
000000000000000003e2,0,953,0.65130938772238,17,95,"{""type"":""Point"",""coordinates"":[108.59016030381757,14.557288317504698]}"
00000000000000000488,0,850,0.31873257949939815,17,95,"{""type"":""Point"",""coordinates"":[108.540303094939,14.297496631029887]}"
000000000000000004da,0,1095,0.7574803334300916,17,95,"{""type"":""Point"",""coordinates"":[108.37564187033841,14.236857315804079]}"
00000000000000000566,0,845,0.03241501652563561,17,95,"{""type"":""Point"",""coordinates"":[108.59285360085386,14.368913593501878]}"
000000000000000000cd,0,1310,0.5973959397930431,18,95,"{""type"":""Point"",""coordinates"":[108.37079036839226,14.309620926794208]}"
00000000000000000322,0,959,0.6726520232709695,18,95,"{""type"":""Point"",""coordinates"":[108.33952761090654,14.348968034489813]}"
000000000000000003a7,0,650,0.6340674460503501,18,95,"{""type"":""Point"",""coordinates"":[108.5009559872434,14.17918776187986]}"
000000000000000001e9,0,1188,0.38995362452456794,19,95,"{""type"":""Point"",""coordinates"":[108.36378512063729,14.49180195943379]}"
00000000000000000435,0,1021,0.15075266942766907,19,95,"{""type"":""Point"",""coordinates"":[108.33764141116094,14.33576463627056]}"
00000000000000000214,0,938,0.003125698850140357,20,95,"{""type"":""Point"",""coordinates"":[108.45352452933788,14.40259764285961]}"
00000000000000000267,0,1090,0.22037235322173132,20,95,"{""type"":""Point"",""coordinates"":[108.32443801294168,14.289140275655729]}"
0000000000000000026f,0,750,0.27085187182502635,20,95,"{""type"":""Point"",""coordinates"":[108.4729305371225,14.222307269066683]}"
000000000000000002c7,0,836,0.5866945879808355,20,95,"{""type"":""Point"",""coordinates"":[108.52763478884617,14.087290148269394]}"
00000000000000000106,0,1039,0.25002867959806496,21,95,"{""type"":""Point"",""coordinates"":[108.40663262265987,14.379958786811263]}"
0000000000000000062f,0,926,0.7370876756004883,21,95,"{""type"":""Point"",""coordinates"":[108.60147750229122,14.519827409554699]}"
0000000000000000007b,0,1031,0.0430089879439155,22,95,"{""type"":""Point"",""coordinates"":[108.34680486382577,14.455148148774466]}"
000000000000000000a6,0,1057,0.5453323019137262,22,95,"{""type"":""Point"",""coordinates"":[108.48963878876975,14.477247453595345]}"
000000000000000002ab,0,1254,0.5866458802539012,22,95,"{""type"":""Point"",""coordinates"":[108.30368535663895,14.409607349715621]}"
00000000000000000301,0,1118,0.5742766262923461,22,95,"{""type"":""Point"",""coordinates"":[108.31931896493232,14.311779131704073]}"
0000000000000000039c,0,808,0.4448051009171653,22,95,"{""type"":""Point"",""coordinates"":[108.45109877836481,14.378344592229912]}"
00000000000000000155,0,1241,0.04243123948997296,23,95,"{""type"":""Point"",""coordinates"":[108.36432467186476,14.493416154015136]}"
000000000000000001b1,0,754,0.35675404508349684,23,95,"{""type"":""Point"",""coordinates"":[108.47616338538623,14.082438646323247]}"
0000000000000000034c,0,1250,0.191475180014543,23,95,"{""type"":""Point"",""coordinates"":[108.36162691572743,14.411493549461234]}"
00000000000000000407,0,866,0.49465228692892604,23,95,"{""type"":""Point"",""coordinates"":[108.33144326069666,14.35031468300795]}"
00000000000000000468,0,1533,0.3711942063112037,23,95,"{""type"":""Point"",""coordinates"":[108.34437911285269,14.246832324860636]}"
00000000000000000525,0,592,0.5097925874888263,24,95,"{""type"":""Point"",""coordinates"":[108.56778899383244,14.143613053675473]}"
0000000000000000036f,0,944,0.026601366431668105,25,95,"{""type"":""Point"",""coordinates"":[108.46349507929341,14.130949206683681]}"
000000000000000000ed,0,992,0.34702288220715105,26,95,"{""type"":""Point"",""coordinates"":[108.5168571416,14.062765092475443]}"
0000000000000000018f,0,882,0.4124113621551674,27,95,"{""type"":""Point"",""coordinates"":[108.4710443373769,14.25195137286999]}"
000000000000000001ea,0,1493,0.25714569142703514,27,95,"{""type"":""Point"",""coordinates"":[108.32901750972357,14.248718524606241]}"
00000000000000000244,0,1166,0.7533998950576012,27,95,"{""type"":""Point"",""coordinates"":[108.4230733282439,14.498267655961287]}"
00000000000000000355,0,1007,0.6479351033437755,27,95,"{""type"":""Point"",""coordinates"":[108.33656230870601,14.31366533144968]}"
00000000000000000381,0,994,0.16850909060086583,27,95,"{""type"":""Point"",""coordinates"":[108.39746916999503,14.242248368977695]}"
000000000000000001d7,0,1078,0.4207639515195125,28,95,"{""type"":""Point"",""coordinates"":[108.32524511023236,14.380230791975523]}"
0000000000000000027c,0,863,0.3038661609914185,28,95,"{""type"":""Point"",""coordinates"":[108.46942568369447,14.24278792020516]}"
000000000000000002fb,0,1227,0.7749897146185072,28,95,"{""type"":""Point"",""coordinates"":[108.3594731699186,14.348968034489813]}"
0000000000000000012c,0,836,0.1773222065846083,29,95,"{""type"":""Point"",""coordinates"":[108.55377849832253,14.302348132976038]}"
000000000000000004cd,0,964,0.5103035121307525,31,95,"{""type"":""Point"",""coordinates"":[108.31662120879498,14.415533495015652]}"
000000000000000004b8,0,1420,0.5106968476063388,32,95,"{""type"":""Point"",""coordinates"":[108.36162691572743,14.286714524682653]}"
0000000000000000059e,0,1534,0.37227677700851536,32,95,"{""type"":""Point"",""coordinates"":[108.36513176915544,14.273511126463399]}"
000000000000000001e2,0,895,0.5208690495617554,33,95,"{""type"":""Point"",""coordinates"":[108.44032113111865,14.36352254032826]}"
00000000000000000027,0,975,0.4914314514998903,34,95,"{""type"":""Point"",""coordinates"":[108.46915367853022,14.139840654184255]}"
000000000000000003de,0,1216,0.3252120453546097,34,95,"{""type"":""Point"",""coordinates"":[108.3896568249494,14.36352254032826]}"
0000000000000000003e,0,1277,0.08156024774426929,36,95,"{""type"":""Point"",""coordinates"":[108.3319828119241,14.271352921553536]}"
00000000000000000545,0,1005,0.24193138702365957,37,95,"{""type"":""Point"",""coordinates"":[108.33629476264281,14.372413987828832]}"
0000000000000000054d,0,1456,0.3942302294060184,37,95,"{""type"":""Point"",""coordinates"":[108.3389880596791,14.269466721807927]}"
000000000000000000eb,0,733,0.3484165184266589,38,95,"{""type"":""Point"",""coordinates"":[108.50661458648021,14.293724231538672]}"
0000000000000000056d,0,774,0.21534686039359685,38,95,"{""type"":""Point"",""coordinates"":[108.50149553847086,14.073814744885881]}"
00000000000000000276,0,1224,0.7150317934101461,40,95,"{""type"":""Point"",""coordinates"":[108.41148412460602,14.336032182333765]}"
0000000000000000019f,0,1107,0.3816026353900238,43,95,"{""type"":""Point"",""coordinates"":[108.31931896493232,14.394780838712915]}"
00000000000000000070,0,637,0.016737037566645463,5,96,"{""type"":""Point"",""coordinates"":[108.4893667836055,14.208024768392495]}"
000000000000000000d9,0,987,0.7354744611560321,5,96,"{""type"":""Point"",""coordinates"":[108.48182198462307,14.096721146997432]}"
0000000000000000018a,0,1591,0.5685333677245176,5,96,"{""type"":""Point"",""coordinates"":[108.37025081716479,14.294798874892551]}"
0000000000000000054c,0,846,0.12598933933956302,5,96,"{""type"":""Point"",""coordinates"":[108.62115105613903,14.354626633726637]}"
0000000000000000023a,0,770,0.12893859500231308,6,96,"{""type"":""Point"",""coordinates"":[108.61980440762089,14.274050677690868]}"
0000000000000000051d,0,652,0.23236217845886997,6,96,"{""type"":""Point"",""coordinates"":[108.6254630068577,14.163558612687535]}"
000000000000000005cb,0,836,0.33721149944607975,6,96,"{""type"":""Point"",""coordinates"":[108.58018975386207,14.362710983936534]}"
00000000000000000140,0,723,0.5401314810941256,7,96,"{""type"":""Point"",""coordinates"":[108.41390987557908,14.20532701225516]}"
00000000000000000343,0,1109,0.7428662945778626,8,96,"{""type"":""Point"",""coordinates"":[108.55162029341265,14.341690781570591]}"
0000000000000000013b,0,859,0.3441238369343419,12,96,"{""type"":""Point"",""coordinates"":[108.61144805224674,14.333338885297483]}"
00000000000000000605,0,855,0.5889208891265102,24,96,"{""type"":""Point"",""coordinates"":[108.46780703001207,14.103730853853447]}"
0000000000000000009e,0,1398,0.18907186792929098,34,96,"{""type"":""Point"",""coordinates"":[108.36081981843675,14.229584521985908]}"
00000000000000000066,0,1041,0.3786685556357757,1,97,"{""type"":""Point"",""coordinates"":[108.56428859950549,14.514168810317877]}"
000000000000000000c8,0,1540,0.36770862000039906,1,97,"{""type"":""Point"",""coordinates"":[108.38103292351202,14.29399177760188]}"
00000000000000000207,0,1083,0.548311937265414,1,97,"{""type"":""Point"",""coordinates"":[108.51982244380054,14.537614763656896]}"
00000000000000000331,0,1019,0.7707178112584211,1,97,"{""type"":""Point"",""coordinates"":[108.4950253828423,14.437365253773324]}"
000000000000000004c7,0,693,0.7322846368704785,1,97,"{""type"":""Point"",""coordinates"":[108.65699331040663,14.1789157567156]}"
00000000000000000579,0,744,0.2740993900302967,1,97,"{""type"":""Point"",""coordinates"":[108.52197618960933,14.257609972106813]}"
0000000000000000059a,0,848,0.5334340933057258,1,97,"{""type"":""Point"",""coordinates"":[108.63031450880386,14.345467640162859]}"
00000000000000000641,0,1036,0.35945468861418817,1,97,"{""type"":""Point"",""coordinates"":[108.54164974345716,14.58369957304426]}"
0000000000000000064b,0,971,0.09930889137791754,1,97,"{""type"":""Point"",""coordinates"":[108.59312114691707,14.526025560018985]}"
000000000000000000a3,0,1100,0.623617756875456,2,97,"{""type"":""Point"",""coordinates"":[108.4098654709236,14.416612597470582]}"
000000000000000000ae,0,929,0.21998906161159815,2,97,"{""type"":""Point"",""coordinates"":[108.51605004430931,14.421192094252474]}"
00000000000000000148,0,878,0.4902434538113012,2,97,"{""type"":""Point"",""coordinates"":[108.59258605479064,14.432241746662914]}"
000000000000000001b8,0,977,0.03195944567942943,2,97,"{""type"":""Point"",""coordinates"":[108.51766423889066,14.387775590957949]}"
000000000000000001f5,0,1130,0.004723954846204248,2,97,"{""type"":""Point"",""coordinates"":[108.39261766804887,14.444098496364028]}"
00000000000000000236,0,747,0.01521174068122877,2,97,"{""type"":""Point"",""coordinates"":[108.6216906073665,14.254916675070536]}"
00000000000000000297,0,1172,0.5692257610342316,2,97,"{""type"":""Point"",""coordinates"":[108.41067702731533,14.363790086391466]}"
0000000000000000031f,0,699,0.7259267559416274,2,97,"{""type"":""Point"",""coordinates"":[108.59770510280002,14.247367416987048]}"
00000000000000000358,0,918,0.06124979585700119,2,97,"{""type"":""Point"",""coordinates"":[108.49987688478845,14.384270737529945]}"
0000000000000000040e,0,966,0.3108667995118215,2,97,"{""type"":""Point"",""coordinates"":[108.52359484329175,14.412300646751904]}"
00000000000000000412,0,754,0.477222301489595,2,97,"{""type"":""Point"",""coordinates"":[108.65887951015223,14.234431564831]}"
0000000000000000048e,0,806,0.16592702623586786,2,97,"{""type"":""Point"",""coordinates"":[108.62734920660331,14.283214130355699]}"
00000000000000000540,0,787,0.6034264923481248,2,97,"{""type"":""Point"",""coordinates"":[108.64513656070551,14.27000627303539]}"
0000000000000000055f,0,877,0.7689204433295883,2,97,"{""type"":""Point"",""coordinates"":[108.574259149461,14.414726397724976]}"
00000000000000000571,0,1075,0.5220495024975497,2,97,"{""type"":""Point"",""coordinates"":[108.43088567328955,14.422810747934879]}"
000000000000000005ad,0,889,0.18850141636354367,2,97,"{""type"":""Point"",""coordinates"":[108.59743309763576,14.405830491123353]}"
000000000000000005dc,0,680,0.7711991734675997,2,97,"{""type"":""Point"",""coordinates"":[108.59231404962641,14.231198716567253]}"
00000000000000000615,0,745,0.4370179779550639,2,97,"{""type"":""Point"",""coordinates"":[108.64621566316045,14.223653917584823]}"
0000000000000000064a,0,976,0.2534698309730733,2,97,"{""type"":""Point"",""coordinates"":[108.5384168951934,14.566451770169529]}"
00000000000000000026,0,707,0.18258073013748144,3,97,"{""type"":""Point"",""coordinates"":[108.62761675266653,14.199940418182598]}"
000000000000000000ab,0,1163,0.0035161627878051993,3,97,"{""type"":""Point"",""coordinates"":[108.40825127634226,14.356784838636502]}"
000000000000000000df,0,1164,0.5747667836517155,3,97,"{""type"":""Point"",""coordinates"":[108.38156801563844,14.361096789355184]}"
000000000000000001aa,0,881,0.10724844485700558,3,97,"{""type"":""Point"",""coordinates"":[108.54138219739394,14.454073505420586]}"
000000000000000001cb,0,1215,0.1464556104508723,3,97,"{""type"":""Point"",""coordinates"":[108.39046392224006,14.520638965946423]}"
000000000000000001dc,0,750,0.013635207237422065,3,97,"{""type"":""Point"",""coordinates"":[108.65941906137971,14.240094623168877]}"
000000000000000001e3,0,1216,0.19052990204031528,3,97,"{""type"":""Point"",""coordinates"":[108.42576662528019,14.526565111246454]}"
00000000000000000203,0,931,0.23637948175701118,3,97,"{""type"":""Point"",""coordinates"":[108.56320949705056,14.546506211157464]}"
00000000000000000234,0,835,0.7835314440120491,3,97,"{""type"":""Point"",""coordinates"":[108.61629955419288,14.323368335341979]}"
000000000000000002a8,0,728,0.1577261231486754,3,97,"{""type"":""Point"",""coordinates"":[108.65295336485221,14.209371416910637]}"
000000000000000002c9,0,936,0.7771913526107964,3,97,"{""type"":""Point"",""coordinates"":[108.52359484329175,14.474014605331595]}"
000000000000000002ea,0,1056,0.6583710096517301,3,97,"{""type"":""Point"",""coordinates"":[108.50122353330661,14.492341510661253]}"
0000000000000000031b,0,802,0.03205496990106671,3,97,"{""type"":""Point"",""coordinates"":[108.62034395884837,14.297764177093095]}"
0000000000000000031e,0,1066,0.28724532245723244,3,97,"{""type"":""Point"",""coordinates"":[108.47885668242252,14.503119157907438]}"
0000000000000000034e,0,677,0.02320291409763664,3,97,"{""type"":""Point"",""coordinates"":[108.59258605479064,14.230659165339787]}"
0000000000000000035b,0,840,0.33781734630377724,3,97,"{""type"":""Point"",""coordinates"":[108.61172005741099,14.329834031869478]}"
00000000000000000373,0,909,0.17513720703614077,3,97,"{""type"":""Point"",""coordinates"":[108.60255660474617,14.393434190194771]}"
00000000000000000376,0,1046,0.34040506702545437,3,97,"{""type"":""Point"",""coordinates"":[108.55835799510442,14.50392625519811]}"
0000000000000000037d,0,780,0.5333582299135818,3,97,"{""type"":""Point"",""coordinates"":[108.4624204359395,14.26569432231671]}"
00000000000000000391,0,678,0.10094515712337537,3,97,"{""type"":""Point"",""coordinates"":[108.67801351277257,14.189158311835365]}"
000000000000000003be,0,920,0.3754225079613984,3,97,"{""type"":""Point"",""coordinates"":[108.56832854505991,14.569417072370076]}"
000000000000000003dc,0,1038,0.07796749863100483,3,97,"{""type"":""Point"",""coordinates"":[108.47400518047637,14.486143360196968]}"
00000000000000000452,0,687,0.14509969764230812,3,97,"{""type"":""Point"",""coordinates"":[108.59069985504505,14.232010272958982]}"
00000000000000000460,0,969,0.025512463858576973,3,97,"{""type"":""Point"",""coordinates"":[108.47804958513184,14.376997943711773]}"
0000000000000000046a,0,1008,0.7841428805622725,3,97,"{""type"":""Point"",""coordinates"":[108.56886809628739,14.487218003550847]}"
000000000000000004ab,0,1039,0.6266627113975821,3,97,"{""type"":""Point"",""coordinates"":[108.53302584201977,14.520638965946425]}"
000000000000000004bc,0,1253,0.3387086501955816,3,97,"{""type"":""Point"",""coordinates"":[108.3718694708472,14.567530872624465]}"
00000000000000000533,0,694,0.6924473305078144,3,97,"{""type"":""Point"",""coordinates"":[108.6613052611253,14.18269261530787]}"
00000000000000000539,0,987,0.04998238792182852,3,97,"{""type"":""Point"",""coordinates"":[108.48101488733239,14.390201341931029]}"
000000000000000005ef,0,882,0.009291660200033691,3,97,"{""type"":""Point"",""coordinates"":[108.57506624675166,14.431702195435447]}"
000000000000000005f0,0,1160,0.5147757576421567,3,97,"{""type"":""Point"",""coordinates"":[108.40959792486039,14.25949617185242]}"
0000000000000000062b,0,730,0.5197559727817789,3,97,"{""type"":""Point"",""coordinates"":[108.59689800550933,14.309353380730998]}"
00000000000000000640,0,729,0.4740381623140113,3,97,"{""type"":""Point"",""coordinates"":[108.662112358416,14.202633715218877]}"
00000000000000000009,0,721,0.7338472884377093,4,97,"{""type"":""Point"",""coordinates"":[108.53410494447472,14.262461474052964]}"
00000000000000000064,0,954,0.5731198925405296,4,97,"{""type"":""Point"",""coordinates"":[108.50957988868075,14.437093248609063]}"
000000000000000000ee,0,765,0.3503886118181282,4,97,"{""type"":""Point"",""coordinates"":[108.5270952376187,14.251411821642524]}"
0000000000000000015c,0,919,0.09235853230575419,4,97,"{""type"":""Point"",""coordinates"":[108.55323894709505,14.455420153938723]}"
000000000000000001b2,0,1537,0.12632449345001462,4,97,"{""type"":""Point"",""coordinates"":[108.38507286906643,14.2815954766733]}"
000000000000000001cc,0,1021,0.5901037652565506,4,97,"{""type"":""Point"",""coordinates"":[108.55269939586758,14.495034807697541]}"
000000000000000001e4,0,1216,0.17159887574962485,4,97,"{""type"":""Point"",""coordinates"":[108.44786593010106,14.550283069749733]}"
000000000000000001f1,0,1014,0.22606367306585762,4,97,"{""type"":""Point"",""coordinates"":[108.54569414811263,14.581001816906921]}"
0000000000000000021f,0,915,0.6951220579623193,4,97,"{""type"":""Point"",""coordinates"":[108.55081319612196,14.456766802456869]}"
000000000000000002d4,0,1031,0.512964959644451,4,97,"{""type"":""Point"",""coordinates"":[108.47373763441315,14.47293550287666]}"
000000000000000002f9,0,1017,0.02011933971058677,4,97,"{""type"":""Point"",""coordinates"":[108.56967519357806,14.509589313535983]}"
00000000000000000335,0,880,0.3648863907941533,4,97,"{""type"":""Point"",""coordinates"":[108.56347704311375,14.414726397724976]}"
00000000000000000399,0,864,0.11863328226399583,4,97,"{""type"":""Point"",""coordinates"":[108.60902230127367,14.417419694761259]}"
000000000000000003d1,0,1039,0.6093489497364261,4,97,"{""type"":""Point"",""coordinates"":[108.57156585242471,14.499614304479428]}"
00000000000000000480,0,755,0.24402566630711142,4,97,"{""type"":""Point"",""coordinates"":[108.52898143736431,14.260575274307351]}"
000000000000000004b7,0,894,0.16359775236413865,4,97,"{""type"":""Point"",""coordinates"":[108.56266994582309,14.440598102037074]}"
000000000000000004ec,0,1058,0.27575134712526095,4,97,"{""type"":""Point"",""coordinates"":[108.54650124540329,14.502312060616763]}"
00000000000000000510,0,1083,0.04766463222925421,4,97,"{""type"":""Point"",""coordinates"":[108.4211871284983,14.426583147426092]}"
000000000000000005b8,0,1540,0.5854070456491267,4,97,"{""type"":""Point"",""coordinates"":[108.3818400208027,14.288333178365056]}"
000000000000000005c1,0,664,0.006271510157779492,4,97,"{""type"":""Point"",""coordinates"":[108.64998806265166,14.162479510232597]}"
00000000000000000604,0,995,0.4333607314779494,4,97,"{""type"":""Point"",""coordinates"":[108.48909923754229,14.43466749763599]}"
00000000000000000003,0,1058,0.1942456641712248,5,97,"{""type"":""Point"",""coordinates"":[108.48829214025162,14.473207508040922]}"
00000000000000000067,0,771,0.2717311420579759,5,97,"{""type"":""Point"",""coordinates"":[108.64621566316045,14.288600724428264]}"
0000000000000000008a,0,1057,0.5242006530523136,5,97,"{""type"":""Point"",""coordinates"":[108.45810848522085,14.502579606679967]}"
00000000000000000098,0,928,0.4221032534405378,5,97,"{""type"":""Point"",""coordinates"":[108.54057064100222,14.430355546917307]}"
000000000000000000a2,0,1140,0.42405007927893656,5,97,"{""type"":""Point"",""coordinates"":[108.37564187033841,14.489643754523925]}"
000000000000000000a7,0,958,0.11538040066268684,5,97,"{""type"":""Point"",""coordinates"":[108.5265601454923,14.543545368057979]}"
000000000000000000d7,0,967,0.5295974672820403,5,97,"{""type"":""Point"",""coordinates"":[108.55431804954998,14.461346299238755]}"
000000000000000000dd,0,1034,0.002336093668279249,5,97,"{""type"":""Point"",""coordinates"":[108.51928289257306,14.540308060693178]}"
00000000000000000105,0,1236,0.3634939412155872,5,97,"{""type"":""Point"",""coordinates"":[108.42522707405271,14.547045762384933]}"
00000000000000000130,0,953,0.12231042709602691,5,97,"{""type"":""Point"",""coordinates"":[108.53949599764832,14.431702195435447]}"
00000000000000000149,0,781,0.671893917617754,5,97,"{""type"":""Point"",""coordinates"":[108.63381490313083,14.300997025356844]}"
0000000000000000023f,0,1043,0.5761168256277689,5,97,"{""type"":""Point"",""coordinates"":[108.52197618960933,14.517941209809091]}"
000000000000000002c2,0,1050,0.11835363280592992,5,97,"{""type"":""Point"",""coordinates"":[108.54730834269397,14.50096541209862]}"
000000000000000002ff,0,717,0.17693224737018387,5,97,"{""type"":""Point"",""coordinates"":[108.65402800820608,14.206138568646887]}"
00000000000000000300,0,799,0.5586209116660339,5,97,"{""type"":""Point"",""coordinates"":[108.64055260482256,14.264615219861776]}"
00000000000000000378,0,796,0.7531081590550417,5,97,"{""type"":""Point"",""coordinates"":[108.49206453974283,14.268927170580461]}"
000000000000000003c9,0,1131,0.15393418283786198,5,97,"{""type"":""Point"",""coordinates"":[108.39692961876754,14.475633259013998]}"
000000000000000003ea,0,1026,0.3227840852257067,5,97,"{""type"":""Point"",""coordinates"":[108.56832854505991,14.50823820591679]}"
000000000000000003ee,0,1196,0.09146523204858892,5,97,"{""type"":""Point"",""coordinates"":[108.45783648005659,14.537614763656892]}"
000000000000000003ef,0,799,0.7062677861884212,5,97,"{""type"":""Point"",""coordinates"":[108.63489400558575,14.291026475401338]}"
000000000000000003fc,0,1080,0.2106541109294311,5,97,"{""type"":""Point"",""coordinates"":[108.47535628809555,14.468356006094776]}"
00000000000000000406,0,1037,0.5877662287251041,5,97,"{""type"":""Point"",""coordinates"":[108.46915367853022,14.418766343279401]}"
0000000000000000042b,0,961,0.6275168450827905,5,97,"{""type"":""Point"",""coordinates"":[108.50068844118019,14.36675538859201]}"
0000000000000000046b,0,1054,0.7329799655741189,5,97,"{""type"":""Point"",""coordinates"":[108.5518922985769,14.511203508117333]}"
00000000000000000471,0,1038,0.5828470559426714,5,97,"{""type"":""Point"",""coordinates"":[108.54407549443023,14.524411365437643]}"
00000000000000000496,0,997,0.19197931014006375,5,97,"{""type"":""Point"",""coordinates"":[108.49206453974283,14.3910084392217]}"
00000000000000000527,0,803,0.5546145570436378,5,97,"{""type"":""Point"",""coordinates"":[108.56698189654178,14.304234332721645]}"
00000000000000000531,0,901,0.4868736558302571,5,97,"{""type"":""Point"",""coordinates"":[108.52143663838187,14.400983448278255]}"
00000000000000000575,0,772,0.6865825049939257,5,97,"{""type"":""Point"",""coordinates"":[108.6639985581616,14.241980822914485]}"
000000000000000005ce,0,754,0.4295264416327409,5,97,"{""type"":""Point"",""coordinates"":[108.6416317072775,14.241708817750226]}"
000000000000000005fa,0,698,0.4276536952812394,5,97,"{""type"":""Point"",""coordinates"":[108.66804296281707,14.16382615875074]}"
0000000000000000001e,0,913,0.6966340033424363,6,97,"{""type"":""Point"",""coordinates"":[108.57075429603299,14.563218921905783]}"
0000000000000000004d,0,1039,0.31913217710727637,6,97,"{""type"":""Point"",""coordinates"":[108.56320949705056,14.496921007443143]}"
0000000000000000005a,0,1067,0.2939277045497961,6,97,"{""type"":""Point"",""coordinates"":[108.52197618960933,14.51955986349149]}"
00000000000000000094,0,1151,0.10107291342602132,6,97,"{""type"":""Point"",""coordinates"":[108.39073146830327,14.4659302551217]}"
000000000000000000d5,0,1071,0.5610121543933392,6,97,"{""type"":""Point"",""coordinates"":[108.52548104303735,14.50770311379038]}"
000000000000000000fe,0,1041,0.3761978461932107,6,97,"{""type"":""Point"",""coordinates"":[108.55916509239509,14.515787464000272]}"
0000000000000000012d,0,1244,0.794303042972159,6,97,"{""type"":""Point"",""coordinates"":[108.38453331783899,14.56294691674152]}"
00000000000000000142,0,765,0.19114005061658568,6,97,"{""type"":""Point"",""coordinates"":[108.59312114691707,14.33495307987883]}"
0000000000000000016f,0,1078,0.5710444752596979,6,97,"{""type"":""Point"",""coordinates"":[108.41363787041483,14.434127946408521]}"
000000000000000001a0,0,991,0.1114777461540909,6,97,"{""type"":""Point"",""coordinates"":[108.5429963919753,14.546506211157464]}"
000000000000000001cd,0,1121,0.5693993793291126,6,97,"{""type"":""Point"",""coordinates"":[108.41687517777962,14.447603349792033]}"
000000000000000001e5,0,894,0.7601794776711173,6,97,"{""type"":""Point"",""coordinates"":[108.6136062571566,14.355977741345828]}"
0000000000000000021c,0,1062,0.6159894286517577,6,97,"{""type"":""Point"",""coordinates"":[108.42280132307964,14.369181139565082]}"
0000000000000000027a,0,677,0.7552277969294914,6,97,"{""type"":""Point"",""coordinates"":[108.59177449839893,14.261382371598026]}"
000000000000000002ed,0,1223,0.644315848593419,6,97,"{""type"":""Point"",""coordinates"":[108.38103292351202,14.530609515901933]}"
0000000000000000030c,0,1013,0.37743860473255886,6,97,"{""type"":""Point"",""coordinates"":[108.54973409366706,14.479405658505213]}"
00000000000000000318,0,1412,0.28882150428794573,6,97,"{""type"":""Point"",""coordinates"":[108.39585497541368,14.167059007014489]}"
00000000000000000362,0,937,0.018019675362314636,6,97,"{""type"":""Point"",""coordinates"":[108.51415938546266,14.380498338038727]}"
0000000000000000036a,0,1003,0.1885075644098081,6,97,"{""type"":""Point"",""coordinates"":[108.55620424929559,14.482638506768959]}"
0000000000000000037b,0,960,0.013122963397899201,6,97,"{""type"":""Point"",""coordinates"":[108.52925344252857,14.433588395181054]}"
00000000000000000398,0,1438,0.4530485499582009,6,97,"{""type"":""Point"",""coordinates"":[108.30018496231199,14.417152148698051]}"
000000000000000003a0,0,1004,0.19460020895107044,6,97,"{""type"":""Point"",""coordinates"":[108.56536324285938,14.519827409554699]}"
000000000000000003ad,0,1022,0.6386952074769212,6,97,"{""type"":""Point"",""coordinates"":[108.55135274734944,14.561600268223385]}"
000000000000000003c6,0,990,2.9740549098100644E-4,6,97,"{""type"":""Point"",""coordinates"":[108.51200563965384,14.487757554778318]}"
000000000000000003cf,0,1082,0.350404635301117,6,97,"{""type"":""Point"",""coordinates"":[108.42091512333404,14.426315601362882]}"
000000000000000003d7,0,1116,0.7943669641765401,6,97,"{""type"":""Point"",""coordinates"":[108.49691158258791,14.514436356381083]}"
00000000000000000402,0,1060,0.21061379139385883,6,97,"{""type"":""Point"",""coordinates"":[108.4408606823461,14.424157396453017]}"
00000000000000000421,0,938,0.250096905385533,6,97,"{""type"":""Point"",""coordinates"":[108.47912868758678,14.100493546488648]}"
0000000000000000045b,0,806,0.5970091566492581,6,97,"{""type"":""Point"",""coordinates"":[108.63812685384949,14.319056384623297]}"
000000000000000004b5,0,806,0.05954231106883079,6,97,"{""type"":""Point"",""coordinates"":[108.62303725588463,14.306120532467249]}"
000000000000000004c4,0,761,0.48415560817308967,6,97,"{""type"":""Point"",""coordinates"":[108.6653496657808,14.230659165339787]}"
000000000000000004db,0,975,0.42882598164298125,6,97,"{""type"":""Point"",""coordinates"":[108.54138219739394,14.541926714375577]}"
000000000000000004e6,0,906,0.11982729685084648,6,97,"{""type"":""Point"",""coordinates"":[108.47939623365,14.357052384699708]}"
000000000000000004f2,0,842,0.39388141166800084,6,97,"{""type"":""Point"",""coordinates"":[108.63058205486706,14.3664878425288]}"
00000000000000000500,0,1506,0.29851816785539853,6,97,"{""type"":""Point"",""coordinates"":[108.32201226196861,14.238475969486474]}"
0000000000000000057d,0,1075,0.5251875100270584,6,97,"{""type"":""Point"",""coordinates"":[108.52143663838187,14.520638965946423]}"
00000000000000000584,0,807,0.06162221260375689,6,97,"{""type"":""Point"",""coordinates"":[108.59554689789015,14.33845793330684]}"
000000000000000005cc,0,709,0.4166935376744113,6,97,"{""type"":""Point"",""coordinates"":[108.65510711066104,14.183499712598543]}"
00000000000000000629,0,856,0.11276716921546337,6,97,"{""type"":""Point"",""coordinates"":[108.60524990178243,14.345467640162859]}"
0000000000000000063c,0,1075,0.5685851806841771,6,97,"{""type"":""Point"",""coordinates"":[108.42738527896259,14.421731645479944]}"
00000000000000000010,0,1016,0.7950346041542684,7,97,"{""type"":""Point"",""coordinates"":[108.54704079663077,14.512282610572269]}"
00000000000000000045,0,929,0.7677596239887268,7,97,"{""type"":""Point"",""coordinates"":[108.51605004430931,14.477787004822808]}"
00000000000000000051,0,701,0.4234582206590384,7,97,"{""type"":""Point"",""coordinates"":[108.57452669552421,14.228505419530975]}"
00000000000000000057,0,1076,0.7942114178716561,7,97,"{""type"":""Point"",""coordinates"":[108.50984743474397,14.511203508117333]}"
0000000000000000009a,0,989,0.4916183715197596,7,97,"{""type"":""Point"",""coordinates"":[108.52467394574667,14.540847611920642]}"
0000000000000000010c,0,1072,0.5730594039837593,7,97,"{""type"":""Point"",""coordinates"":[108.52116909231867,14.502040055452502]}"
00000000000000000132,0,1241,0.5460601617891546,7,97,"{""type"":""Point"",""coordinates"":[108.36701796890104,14.35355199037275]}"
00000000000000000161,0,847,0.32120924939635753,7,97,"{""type"":""Point"",""coordinates"":[108.57291250094285,14.401518540404677]}"
0000000000000000016a,0,1062,0.5812169459320927,7,97,"{""type"":""Point"",""coordinates"":[108.39962737490488,14.180806415562262]}"
00000000000000000179,0,963,0.7869116590045495,7,97,"{""type"":""Point"",""coordinates"":[108.59501180576373,14.527104662473922]}"
000000000000000001d1,0,913,0.008634774845323046,7,97,"{""type"":""Point"",""coordinates"":[108.55755089781373,14.53518901268382]}"
00000000000000000226,0,1070,0.3889901313219034,7,97,"{""type"":""Point"",""coordinates"":[108.46834658123956,14.460271655884874]}"
0000000000000000022a,0,740,0.6507290526313044,7,97,"{""type"":""Point"",""coordinates"":[108.63516601075001,14.226347214621104]}"
00000000000000000264,0,959,0.5007580794086284,7,97,"{""type"":""Point"",""coordinates"":[108.52925344252857,14.411221544296971]}"
000000000000000002b9,0,1049,0.01914465365703888,7,97,"{""type"":""Point"",""coordinates"":[108.44274688209173,14.156009354604048]}"
000000000000000002f5,0,985,0.11756767824997749,7,97,"{""type"":""Point"",""coordinates"":[108.5421892946846,14.571570818178884]}"
000000000000000002fe,0,1054,0.38647087476684105,7,97,"{""type"":""Point"",""coordinates"":[108.48802013508735,14.530069964674462]}"
00000000000000000339,0,1289,0.21648470785212992,7,97,"{""type"":""Point"",""coordinates"":[108.36189892089168,14.575615222834363]}"
0000000000000000035a,0,1069,0.025931259451986266,7,97,"{""type"":""Point"",""coordinates"":[108.50796123499835,14.5297979595102]}"
000000000000000003ab,0,1065,0.12472039239435251,7,97,"{""type"":""Point"",""coordinates"":[108.42010802604337,14.432781297890383]}"
00000000000000000445,0,1245,0.7947649321163407,7,97,"{""type"":""Point"",""coordinates"":[108.36593886644611,14.475093707786531]}"
0000000000000000044c,0,851,0.7616261116062953,7,97,"{""type"":""Point"",""coordinates"":[108.50607503525276,14.347621385971674]}"
00000000000000000458,0,1136,0.1400725362874924,7,97,"{""type"":""Point"",""coordinates"":[108.42630617650767,14.462425401693693]}"
0000000000000000046d,0,863,0.6501722292256031,7,97,"{""type"":""Point"",""coordinates"":[108.55000609883129,14.356245287409036]}"
00000000000000000485,0,1111,0.5942502558831056,7,97,"{""type"":""Point"",""coordinates"":[108.38103292351204,14.440058550809605]}"
000000000000000004c8,0,1222,0.7414051309275397,7,97,"{""type"":""Point"",""coordinates"":[108.40070201825877,14.543273362893713]}"
00000000000000000504,0,673,0.23227219245748676,7,97,"{""type"":""Point"",""coordinates"":[108.6319287033852,14.194816911072188]}"
0000000000000000055c,0,926,0.7762379452292882,7,97,"{""type"":""Point"",""coordinates"":[108.57803154895221,14.443023853010146]}"
0000000000000000058a,0,793,0.11722311698413446,7,97,"{""type"":""Point"",""coordinates"":[108.63220070854946,14.300189928066168]}"
000000000000000005aa,0,955,0.01565112168462135,7,97,"{""type"":""Point"",""coordinates"":[108.56698189654178,14.528451310992065]}"
000000000000000005ec,0,721,0.43663088222084667,7,97,"{""type"":""Point"",""coordinates"":[108.54946654760384,14.231470721731512]}"
00000000000000000611,0,1198,0.6761342771675111,7,97,"{""type"":""Point"",""coordinates"":[108.41714272384283,14.522792711755242]}"
00000000000000000004,0,1551,0.12555553228363803,8,97,"{""type"":""Point"",""coordinates"":[108.37914672376641,14.294531328829343]}"
00000000000000000012,0,993,0.49448808245423603,8,97,"{""type"":""Point"",""coordinates"":[108.56778899383244,14.521446063237098]}"
00000000000000000039,0,1251,0.22149087415776425,8,97,"{""type"":""Point"",""coordinates"":[108.38399376661151,14.572649920633816]}"
0000000000000000003b,0,1128,0.38079641715954793,8,97,"{""type"":""Point"",""coordinates"":[108.4230733282439,14.470242205840382]}"
0000000000000000003d,0,1045,0.015968381879667093,8,97,"{""type"":""Point"",""coordinates"":[108.49367873432418,14.093488298733686]}"
00000000000000000056,0,852,0.22977219265964055,8,97,"{""type"":""Point"",""coordinates"":[108.4470588328104,14.313932877512888]}"
00000000000000000065,0,1097,0.7333516603168444,8,97,"{""type"":""Point"",""coordinates"":[108.39342922444061,14.425236498907953]}"
0000000000000000007d,0,1098,0.49581162108195864,8,97,"{""type"":""Point"",""coordinates"":[108.40016692613236,14.424696947680484]}"
000000000000000000a4,0,820,0.22443803851248134,8,97,"{""type"":""Point"",""coordinates"":[108.62411635833956,14.471049303131053]}"
000000000000000000a5,0,1015,0.48373873963256364,8,97,"{""type"":""Point"",""coordinates"":[108.52386238935495,14.489643754523925]}"
000000000000000000b3,0,814,0.02814009432519793,8,97,"{""type"":""Point"",""coordinates"":[108.65079515994235,14.26272902011617]}"
000000000000000000f5,0,1053,0.5561720533815804,8,97,"{""type"":""Point"",""coordinates"":[108.47804958513184,14.50392625519811]}"
000000000000000000f7,0,932,0.11017843674459116,8,97,"{""type"":""Point"",""coordinates"":[108.54111019222968,14.431702195435447]}"
0000000000000000010e,0,1254,0.013895430338787929,8,97,"{""type"":""Point"",""coordinates"":[108.38291912325764,14.570491715723952]}"
00000000000000000118,0,1096,0.5801529582000482,8,97,"{""type"":""Point"",""coordinates"":[108.4015135746505,14.416612597470582]}"
00000000000000000124,0,896,0.7093072897710458,8,97,"{""type"":""Point"",""coordinates"":[108.54003108977474,14.390468887994235]}"
00000000000000000127,0,661,0.14188017883110304,8,97,"{""type"":""Point"",""coordinates"":[108.56671435047858,14.21853486957547]}"
0000000000000000012f,0,1229,0.2609373784972523,8,97,"{""type"":""Point"",""coordinates"":[108.46807903517633,14.54300581683051]}"
00000000000000000138,0,961,0.662587629231528,8,97,"{""type"":""Point"",""coordinates"":[108.5109265371989,14.296417528574953]}"
00000000000000000139,0,1127,0.3408108892881192,8,97,"{""type"":""Point"",""coordinates"":[108.40825127634226,14.460539201948084]}"
00000000000000000141,0,1175,0.7574370386672694,8,97,"{""type"":""Point"",""coordinates"":[108.36728551496424,14.42874135233596]}"
0000000000000000016c,0,802,0.27820322214922644,8,97,"{""type"":""Point"",""coordinates"":[108.57048674996977,14.328487383351336]}"
0000000000000000018e,0,1280,0.7522003905515731,8,97,"{""type"":""Point"",""coordinates"":[108.445440179128,14.06815614564906]}"
00000000000000000192,0,947,0.1492973221405549,8,97,"{""type"":""Point"",""coordinates"":[108.62088351007581,14.517401658581628]}"
00000000000000000197,0,1162,0.36755138380526753,8,97,"{""type"":""Point"",""coordinates"":[108.42388042553459,14.510396410826665]}"
000000000000000001a3,0,949,0.49490705413834857,8,97,"{""type"":""Point"",""coordinates"":[108.46861858640382,14.371606890538157]}"
000000000000000001df,0,864,0.4336577954742252,8,97,"{""type"":""Point"",""coordinates"":[108.61818575393848,14.35085423423542]}"
000000000000000001fa,0,660,0.27836072188944305,8,97,"{""type"":""Point"",""coordinates"":[108.58611589916211,14.219881518093606]}"
0000000000000000022e,0,870,0.5858633478732002,8,97,"{""type"":""Point"",""coordinates"":[108.6065965503006,14.394245746586504]}"
00000000000000000238,0,1138,0.7697899597012078,8,97,"{""type"":""Point"",""coordinates"":[108.40743971995052,14.35867103838211]}"
000000000000000002d3,0,1427,0.44145463539946017,8,97,"{""type"":""Point"",""coordinates"":[108.35893361869115,14.231198716567253]}"
00000000000000000360,0,1025,0.7972499605956445,8,97,"{""type"":""Point"",""coordinates"":[108.5645561455687,14.489643754523925]}"
0000000000000000037a,0,893,0.5870629516138112,8,97,"{""type"":""Point"",""coordinates"":[108.60524990178243,14.525486008791525]}"
00000000000000000382,0,927,0.0787161120390979,8,97,"{""type"":""Point"",""coordinates"":[108.55243184980438,14.321482135596373]}"
00000000000000000394,0,855,0.49520893431505364,8,97,"{""type"":""Point"",""coordinates"":[108.58018975386207,14.389122239476093]}"
000000000000000003cd,0,920,0.4224576786723161,8,97,"{""type"":""Point"",""coordinates"":[108.52494149180987,14.306388078530459]}"
000000000000000003ed,0,1106,0.5927284771397242,8,97,"{""type"":""Point"",""coordinates"":[108.4516383295923,14.513361713027205]}"
00000000000000000408,0,939,0.6790677568940713,8,97,"{""type"":""Point"",""coordinates"":[108.57722445166154,14.540847611920642]}"
0000000000000000047d,0,1088,0.16996981081817786,8,97,"{""type"":""Point"",""coordinates"":[108.46080178225712,14.489104203296455]}"
00000000000000000487,0,936,0.4193826108372025,8,97,"{""type"":""Point"",""coordinates"":[108.47939623365,14.100226000425442]}"
00000000000000000490,0,874,0.45289439886157723,8,97,"{""type"":""Point"",""coordinates"":[108.61333425199234,14.348428483262346]}"
000000000000000004f5,0,715,0.18247595611225853,8,97,"{""type"":""Point"",""coordinates"":[108.64675075528687,14.209910968138102]}"
00000000000000000590,0,939,0.4047707656012559,8,97,"{""type"":""Point"",""coordinates"":[108.5761453492066,14.538693866111828]}"
000000000000000005ed,0,791,0.5647519239621602,8,97,"{""type"":""Point"",""coordinates"":[108.45460363179284,14.153855608795237]}"
000000000000000005fd,0,714,0.7494041580846126,8,97,"{""type"":""Point"",""coordinates"":[108.67666686425443,14.194009813781514]}"
000000000000000005ff,0,737,0.4391432338655742,8,97,"{""type"":""Point"",""coordinates"":[108.61657155935715,14.279976822990896]}"
00000000000000000649,0,979,0.3416780830121122,8,97,"{""type"":""Point"",""coordinates"":[108.58638790432636,14.551090167040412]}"
0000000000000000002c,0,1137,0.6152946308991014,9,97,"{""type"":""Point"",""coordinates"":[108.38399376661151,14.440865648100278]}"
00000000000000000037,0,1032,0.033965108707768366,9,97,"{""type"":""Point"",""coordinates"":[108.5287138913011,14.527104662473922]}"
0000000000000000008e,0,1037,0.037234108455813986,9,97,"{""type"":""Point"",""coordinates"":[108.5518922985769,14.50985685959919]}"
000000000000000000af,0,1128,0.2991746459376359,9,97,"{""type"":""Point"",""coordinates"":[108.4060930714324,14.45299440296565]}"
000000000000000000b1,0,809,0.04339578673744626,9,97,"{""type"":""Point"",""coordinates"":[108.58153640238021,14.327140734833199]}"
000000000000000000bb,0,1491,0.4707720754533883,9,97,"{""type"":""Point"",""coordinates"":[108.33306191437904,14.235510667285936]}"
000000000000000000d8,0,966,0.3308107268049798,9,97,"{""type"":""Point"",""coordinates"":[108.48020333094065,14.375111743966162]}"
000000000000000000e4,0,1002,0.3189096239577529,9,97,"{""type"":""Point"",""coordinates"":[108.55054119095772,14.545699113866792]}"
000000000000000000e6,0,1036,0.14031186001099227,9,97,"{""type"":""Point"",""coordinates"":[108.44624727641866,14.461618304403016]}"
00000000000000000108,0,1246,0.5881048330359296,9,97,"{""type"":""Point"",""coordinates"":[108.39720162393182,14.591244372026686]}"
00000000000000000122,0,1026,0.4788748322986145,9,97,"{""type"":""Point"",""coordinates"":[108.51739669282746,14.495841904988213]}"
00000000000000000165,0,1044,0.07010163715745588,9,97,"{""type"":""Point"",""coordinates"":[108.48640148140495,14.46889555732224]}"
0000000000000000017c,0,937,0.7154207836806402,9,97,"{""type"":""Point"",""coordinates"":[108.51658513643574,14.400171891886531]}"
000000000000000001ce,0,1056,0.7079208782868623,9,97,"{""type"":""Point"",""coordinates"":[108.49799068504285,14.448682452246972]}"
000000000000000001f3,0,1085,0.21877149051759115,9,97,"{""type"":""Point"",""coordinates"":[108.49583693923404,14.510396410826662]}"
000000000000000001ff,0,999,0.4064790835993545,9,97,"{""type"":""Point"",""coordinates"":[108.45756893399337,14.448142901019507]}"
0000000000000000023c,0,1119,0.12345566813385345,9,97,"{""type"":""Point"",""coordinates"":[108.44328643331917,14.516055010063484]}"
00000000000000000243,0,978,0.47690418498655307,9,97,"{""type"":""Point"",""coordinates"":[108.53707024667524,14.331992236779346]}"
0000000000000000024b,0,973,0.487595578964922,9,97,"{""type"":""Point"",""coordinates"":[108.52143663838187,14.454073505420583]}"
00000000000000000288,0,719,0.26295094815890563,9,97,"{""type"":""Point"",""coordinates"":[108.53625869028352,14.28752608107438]}"
0000000000000000029a,0,928,0.25961009902977517,9,97,"{""type"":""Point"",""coordinates"":[108.5365306954478,14.477787004822808]}"
000000000000000002d2,0,1220,0.29131054286000424,9,97,"{""type"":""Point"",""coordinates"":[108.40851882240547,14.531684159255809]}"
000000000000000002e2,0,961,0.5569254038155033,9,97,"{""type"":""Point"",""coordinates"":[108.54542214294837,14.468084000930514]}"
000000000000000002fd,0,711,0.6518912840233108,9,97,"{""type"":""Point"",""coordinates"":[108.6039032532643,14.285100330101304]}"
00000000000000000306,0,1441,0.6774379668535649,9,97,"{""type"":""Point"",""coordinates"":[108.3543496628082,14.233896472704588]}"
0000000000000000031d,0,1260,0.7357703532607287,9,97,"{""type"":""Point"",""coordinates"":[108.41525652409723,14.569145067205811]}"
00000000000000000325,0,1220,0.28895238853917826,9,97,"{""type"":""Point"",""coordinates"":[108.37914672376641,14.411221544296971]}"
0000000000000000033b,0,806,0.6555112128859538,9,97,"{""type"":""Point"",""coordinates"":[108.57479870068845,14.319323930686505]}"
0000000000000000034f,0,785,0.5636837855667618,9,97,"{""type"":""Point"",""coordinates"":[108.63731975655882,14.294259323665086]}"
00000000000000000363,0,951,0.4225767079561009,9,97,"{""type"":""Point"",""coordinates"":[108.60902230127367,14.461618304403016]}"
00000000000000000379,0,849,0.6151571787460094,9,97,"{""type"":""Point"",""coordinates"":[108.4777775799676,14.32309633017772]}"
00000000000000000410,0,745,0.6905563931896853,9,97,"{""type"":""Point"",""coordinates"":[108.63408690829509,14.271352921553534]}"
0000000000000000047a,0,908,0.42864003524287053,9,97,"{""type"":""Point"",""coordinates"":[108.54946654760384,14.430355546917307]}"
00000000000000000481,0,1111,0.026487298033549656,9,97,"{""type"":""Point"",""coordinates"":[108.4155285292615,14.472935502876663]}"
0000000000000000049d,0,682,0.7213432975912997,9,97,"{""type"":""Point"",""coordinates"":[108.62923540634893,14.206138568646887]}"
000000000000000004a2,0,1003,0.23365590431760364,9,97,"{""type"":""Point"",""coordinates"":[108.55269939586758,14.467544449703043]}"
00000000000000000530,0,1633,0.49677658657852086,9,97,"{""type"":""Point"",""coordinates"":[108.39073146830326,14.32471498386012]}"
00000000000000000535,0,1031,0.06692895918882458,9,97,"{""type"":""Point"",""coordinates"":[108.54057064100222,14.568605515978344]}"
0000000000000000053e,0,919,0.21725520459603698,9,97,"{""type"":""Point"",""coordinates"":[108.57857110017969,14.545699113866792]}"
000000000000000005b5,0,915,0.256873195686131,9,97,"{""type"":""Point"",""coordinates"":[108.63112160609454,14.490990403042062]}"
000000000000000005c3,0,918,0.7102348792750585,9,97,"{""type"":""Point"",""coordinates"":[108.54245684074782,14.467276903639835]}"
000000000000000005cd,0,1635,0.7318322951922756,9,97,"{""type"":""Point"",""coordinates"":[108.37025081716479,14.285635422227719]}"
000000000000000005e9,0,952,0.21518411747278487,9,97,"{""type"":""Point"",""coordinates"":[108.53033254498351,14.433053303054647]}"
000000000000000005fe,0,972,0.5874503198986962,9,97,"{""type"":""Point"",""coordinates"":[108.51281273694451,14.416880143533794]}"
00000000000000000648,0,1109,0.6846287649235141,9,97,"{""type"":""Point"",""coordinates"":[108.4831686331412,14.48425716045136]}"
00000000000000000049,0,927,0.7394631138177373,10,97,"{""type"":""Point"",""coordinates"":[108.59258605479064,14.540580065857435]}"
0000000000000000005c,0,687,0.5055377082963916,10,97,"{""type"":""Point"",""coordinates"":[108.63543355681321,14.191851608871648]}"
00000000000000000099,0,898,0.3997338203681533,10,97,"{""type"":""Point"",""coordinates"":[108.48262908191373,14.090522996533142]}"
000000000000000000bf,0,1053,0.6107075289631338,10,97,"{""type"":""Point"",""coordinates"":[108.445440179128,14.469163103385448]}"
000000000000000000c3,0,1547,0.7699343202503665,10,97,"{""type"":""Point"",""coordinates"":[108.36135936966421,14.256530869651877]}"
000000000000000000cb,0,1003,0.6248827623297866,10,97,"{""type"":""Point"",""coordinates"":[108.5386844412566,14.52117405807284]}"
000000000000000000f9,0,1246,0.528417749707501,10,97,"{""type"":""Point"",""coordinates"":[108.42846438141753,14.495841904988213]}"
0000000000000000011c,0,907,0.7928269947135228,10,97,"{""type"":""Point"",""coordinates"":[108.58665545038957,14.53195616442007]}"
0000000000000000011e,0,897,0.6635093234093091,10,97,"{""type"":""Point"",""coordinates"":[108.33737386509773,14.40448384260521]}"
00000000000000000131,0,998,0.7917876207335233,10,97,"{""type"":""Point"",""coordinates"":[108.5826110457341,14.557555863567906]}"
00000000000000000154,0,970,0.4160627729968941,10,97,"{""type"":""Point"",""coordinates"":[108.61198760347419,14.531149067129395]}"
00000000000000000196,0,847,0.6627583283733518,10,97,"{""type"":""Point"",""coordinates"":[108.62896786028573,14.340344133052447]}"
000000000000000001eb,0,917,0.5563401854003514,10,97,"{""type"":""Point"",""coordinates"":[108.60067040500054,14.430355546917307]}"
000000000000000001fd,0,851,0.06052771171804272,10,97,"{""type"":""Point"",""coordinates"":[108.5486549912121,14.382656542948595]}"
0000000000000000027f,0,1233,0.615566766074878,10,97,"{""type"":""Point"",""coordinates"":[108.41390987557908,14.558634966022838]}"
000000000000000002ba,0,975,0.15795910254253542,10,97,"{""type"":""Point"",""coordinates"":[108.5109265371989,14.456227251229398]}"
00000000000000000320,0,1541,0.5187286710174407,10,97,"{""type"":""Point"",""coordinates"":[108.38399376661152,14.286714524682653]}"
00000000000000000352,0,890,0.7241771934092531,10,97,"{""type"":""Point"",""coordinates"":[108.61064095495605,14.418226792051934]}"
000000000000000003a1,0,1027,0.4738607449408262,10,97,"{""type"":""Point"",""coordinates"":[108.54326839713954,14.501232958161832]}"
000000000000000003a5,0,950,0.05809755893203716,10,97,"{""type"":""Point"",""coordinates"":[108.52089708715441,14.470509751903586]}"
000000000000000003b7,0,1036,0.009720656244521453,10,97,"{""type"":""Point"",""coordinates"":[108.4710443373769,14.420117450898594]}"
000000000000000003b8,0,1523,0.4490635952366997,10,97,"{""type"":""Point"",""coordinates"":[108.35246346306259,14.242520374141952]}"
000000000000000003bc,0,786,0.640837509641068,10,97,"{""type"":""Point"",""coordinates"":[108.62357680711212,14.2815954766733]}"
000000000000000004a0,0,1021,0.32946021083043886,10,97,"{""type"":""Point"",""coordinates"":[108.55727889264946,14.510935962054125]}"
000000000000000004f9,0,1165,0.6644370937520538,10,97,"{""type"":""Point"",""coordinates"":[108.40205312587797,14.500153855706898]}"
0000000000000000057a,0,1266,0.14107590217322674,10,97,"{""type"":""Point"",""coordinates"":[108.42199422578898,14.562679370678314]}"
00000000000000000580,0,1156,0.2224580296271731,10,97,"{""type"":""Point"",""coordinates"":[108.40825127634226,14.354898638890894]}"
000000000000000005d1,0,716,0.3650807105843441,10,97,"{""type"":""Point"",""coordinates"":[108.61710665148355,14.261114825534822]}"
000000000000000005d4,0,719,0.15650725126761278,10,97,"{""type"":""Point"",""coordinates"":[108.62977495757639,14.45757389974754]}"
00000000000000000609,0,1051,0.7317998751098137,10,97,"{""type"":""Point"",""coordinates"":[108.41902892358843,14.407988696033222]}"
00000000000000000013,0,1013,0.18060462417791456,11,97,"{""type"":""Point"",""coordinates"":[108.53194673956486,14.312858234159007]}"
0000000000000000001b,0,1230,0.6020364668454982,11,97,"{""type"":""Point"",""coordinates"":[108.44517263306479,14.548396870004126]}"
0000000000000000001d,0,892,0.21035314361901536,11,97,"{""type"":""Point"",""coordinates"":[108.59177449839893,14.51955986349149]}"
00000000000000000144,0,1122,0.4942754874460129,11,97,"{""type"":""Point"",""coordinates"":[108.43519762400824,14.490183305751394]}"
0000000000000000014a,0,952,0.707387986556261,11,97,"{""type"":""Point"",""coordinates"":[108.52844634523788,14.489104203296455]}"
00000000000000000195,0,1131,0.08302576916496907,11,97,"{""type"":""Point"",""coordinates"":[108.46753948394887,14.489376208460714]}"
000000000000000001d6,0,1069,0.18385866966426212,11,97,"{""type"":""Point"",""coordinates"":[108.46376708445766,14.500965412098624]}"
00000000000000000219,0,1380,0.12187272460984155,11,97,"{""type"":""Point"",""coordinates"":[108.3853448742307,14.165712358496346]}"
00000000000000000277,0,784,0.08407240156258289,11,97,"{""type"":""Point"",""coordinates"":[108.6629239148077,14.249525621896918]}"
0000000000000000032e,0,1030,0.5235523535090065,11,97,"{""type"":""Point"",""coordinates"":[108.44705883281038,14.464851152666764]}"
00000000000000000377,0,787,0.4017461136080831,11,97,"{""type"":""Point"",""coordinates"":[108.64271080973245,14.305308976075525]}"
0000000000000000037c,0,1098,0.19303051157649398,11,97,"{""type"":""Point"",""coordinates"":[108.4230733282439,14.360017686900251]}"
0000000000000000037e,0,983,0.45371142503758843,11,97,"{""type"":""Point"",""coordinates"":[108.49691158258791,14.441677204492006]}"
000000000000000003a8,0,1076,0.13722392190937927,11,97,"{""type"":""Point"",""coordinates"":[108.46753948394887,14.061146438793044]}"
000000000000000003af,0,985,0.41121148175951927,11,97,"{""type"":""Point"",""coordinates"":[108.48990633483297,14.383735645403531]}"
000000000000000003b2,0,1107,0.1465999450731451,11,97,"{""type"":""Point"",""coordinates"":[108.44786593010106,14.481559404314025]}"
000000000000000003eb,0,1282,0.4547375074633436,11,97,"{""type"":""Point"",""coordinates"":[108.37590941640163,14.569417072370076]}"
000000000000000003f0,0,823,0.34865108498234365,11,97,"{""type"":""Point"",""coordinates"":[108.5599766487868,14.310432483185933]}"
00000000000000000459,0,989,0.5956323591436581,11,97,"{""type"":""Point"",""coordinates"":[108.38857772249445,14.379691240748052]}"
0000000000000000046e,0,1263,0.7997622179376153,11,97,"{""type"":""Point"",""coordinates"":[108.39692961876756,14.55836741995963]}"
0000000000000000046f,0,1193,0.6468647743673462,11,97,"{""type"":""Point"",""coordinates"":[108.45191033475653,14.530609515901933]}"
00000000000000000472,0,813,0.5142897245572222,11,97,"{""type"":""Point"",""coordinates"":[108.46619283543073,14.284288773709578]}"
000000000000000004d6,0,1040,0.2339362898838132,11,97,"{""type"":""Point"",""coordinates"":[108.49179253457856,14.465123157831025]}"
000000000000000004e8,0,762,0.3308281283863961,11,97,"{""type"":""Point"",""coordinates"":[108.5486549912121,14.30450187878485]}"
0000000000000000051e,0,1067,0.32218448807247546,11,97,"{""type"":""Point"",""coordinates"":[108.53006053981923,14.337378830851907]}"
0000000000000000053d,0,911,0.2300612099288919,11,97,"{""type"":""Point"",""coordinates"":[108.59501180576373,14.507431108626118]}"
0000000000000000058b,0,1037,0.0926861204388777,11,97,"{""type"":""Point"",""coordinates"":[108.49341118826098,14.463772050211828]}"
000000000000000005a3,0,991,0.02569373132427233,11,97,"{""type"":""Point"",""coordinates"":[108.49799068504285,14.438172351063997]}"
000000000000000005a9,0,1201,0.3072039788148967,11,97,"{""type"":""Point"",""coordinates"":[108.31958651099553,14.325254535087588]}"
000000000000000005d6,0,982,0.04914809572289747,11,97,"{""type"":""Point"",""coordinates"":[108.50526793796209,14.489376208460714]}"
000000000000000005f7,0,1194,0.584619710730476,11,97,"{""type"":""Point"",""coordinates"":[108.41902892358843,14.522525165692036]}"
0000000000000000060f,0,1473,0.2951324367463506,11,97,"{""type"":""Point"",""coordinates"":[108.37941426982962,14.26569432231671]}"
00000000000000000625,0,821,0.15314932355821997,11,97,"{""type"":""Point"",""coordinates"":[108.63839885901375,14.47644035630467]}"
0000000000000000063b,0,955,0.6760763581224914,11,97,"{""type"":""Point"",""coordinates"":[108.5087727913901,14.48425716045136]}"
00000000000000000019,0,933,0.05647409658001057,12,97,"{""type"":""Point"",""coordinates"":[108.5429963919753,14.437365253773327]}"
0000000000000000003c,0,902,0.22423790499413743,12,97,"{""type"":""Point"",""coordinates"":[108.42630617650767,14.308006732212856]}"
00000000000000000041,0,1059,0.6382701743847043,12,97,"{""type"":""Point"",""coordinates"":[108.48990633483297,14.470781757067847]}"
00000000000000000055,0,937,0.1981734748376135,12,97,"{""type"":""Point"",""coordinates"":[108.57722445166154,14.538421860947564]}"
00000000000000000062,0,1033,0.050968386824334466,12,97,"{""type"":""Point"",""coordinates"":[108.48101488733239,14.478594102113485]}"
00000000000000000092,0,830,0.23882301890943003,12,97,"{""type"":""Point"",""coordinates"":[108.62465590956702,14.338997484534305]}"
000000000000000000b5,0,995,0.12341593550966778,12,97,"{""type"":""Point"",""coordinates"":[108.5583579951044,14.518480761036555]}"
000000000000000000cf,0,1018,0.04796760994468885,12,97,"{""type"":""Point"",""coordinates"":[108.48802013508734,14.445177598818963]}"
00000000000000000111,0,1078,0.29006321743516694,12,97,"{""type"":""Point"",""coordinates"":[108.46753948394887,14.460539201948086]}"
00000000000000000187,0,857,0.4711354799185731,12,97,"{""type"":""Point"",""coordinates"":[108.62195815342972,14.355705736181568]}"
000000000000000001db,0,933,0.2666659593933244,12,97,"{""type"":""Point"",""coordinates"":[108.59554689789015,14.450296646828315]}"
00000000000000000223,0,1089,0.15308969981197562,12,97,"{""type"":""Point"",""coordinates"":[108.48451528165936,14.519827409554699]}"
00000000000000000245,0,1105,0.6221507755102004,12,97,"{""type"":""Point"",""coordinates"":[108.5025746409258,14.517134112518413]}"
00000000000000000249,0,943,0.7411247331000984,12,97,"{""type"":""Point"",""coordinates"":[108.57911065140713,14.557020771441492]}"
0000000000000000025d,0,1178,0.049662501424709515,12,97,"{""type"":""Point"",""coordinates"":[108.37052282232906,14.472395951649194]}"
0000000000000000028f,0,939,0.4407794040966576,12,97,"{""type"":""Point"",""coordinates"":[108.62007195368409,14.511203508117333]}"
000000000000000002b5,0,952,0.14175555533358408,12,97,"{""type"":""Point"",""coordinates"":[108.53922399248408,14.479673204568417]}"
000000000000000002d0,0,1566,0.510264601415023,12,97,"{""type"":""Point"",""coordinates"":[108.35812206229943,14.329026934578806]}"
000000000000000002d9,0,972,0.29098104174439,12,97,"{""type"":""Point"",""coordinates"":[108.50984743474397,14.41769169992552]}"
00000000000000000323,0,1029,0.7287286527010164,12,97,"{""type"":""Point"",""coordinates"":[108.4672674787846,14.473475054104126]}"
00000000000000000334,0,1227,0.4460969899137929,12,97,"{""type"":""Point"",""coordinates"":[108.40178112071371,14.550011064585473]}"
0000000000000000038a,0,1147,0.55975720507941,12,97,"{""type"":""Point"",""coordinates"":[108.37698851885655,14.49314860795193]}"
0000000000000000041d,0,1171,0.4016163897417073,12,97,"{""type"":""Point"",""coordinates"":[108.39261766804887,14.49638145621568]}"
00000000000000000463,0,959,0.7753819982789,12,97,"{""type"":""Point"",""coordinates"":[108.50553548402529,14.475633259013998]}"
000000000000000004ee,0,1312,0.4421754635245617,12,97,"{""type"":""Point"",""coordinates"":[108.32578466145982,14.258417069397487]}"
00000000000000000506,0,1204,0.13066168986323234,12,97,"{""type"":""Point"",""coordinates"":[108.3718694708472,14.34870048842661]}"
00000000000000000513,0,814,0.1681433481794703,12,97,"{""type"":""Point"",""coordinates"":[108.56914010145165,14.325522081150792]}"
00000000000000000553,0,1035,0.08121548170873827,12,97,"{""type"":""Point"",""coordinates"":[108.54973409366706,14.492609056724465]}"
00000000000000000591,0,821,0.22781571444857285,12,97,"{""type"":""Point"",""coordinates"":[108.61899285122917,14.310432483185933]}"
0000000000000000000a,0,816,0.101625228290666,13,97,"{""type"":""Point"",""coordinates"":[108.61198760347419,14.478866107277744]}"
0000000000000000000e,0,725,0.5545956666209308,13,97,"{""type"":""Point"",""coordinates"":[108.63246825461268,14.249525621896918]}"
0000000000000000004e,0,1112,0.3426541625858355,13,97,"{""type"":""Point"",""coordinates"":[108.4373558289181,14.48048030185909]}"
0000000000000000011d,0,1004,0.34036286354788725,13,97,"{""type"":""Point"",""coordinates"":[108.4713118834401,14.458920548265684]}"
0000000000000000011f,0,1018,0.05859360922741008,13,97,"{""type"":""Point"",""coordinates"":[108.48451528165936,14.452187305674979]}"
00000000000000000150,0,1314,0.6990775337013431,13,97,"{""type"":""Point"",""coordinates"":[108.48855968631482,14.540308060693178]}"
0000000000000000020a,0,771,0.5601481268000139,13,97,"{""type"":""Point"",""coordinates"":[108.65995861260718,14.252218918933197]}"
0000000000000000026e,0,838,0.3302675529773448,13,97,"{""type"":""Point"",""coordinates"":[108.51577803914505,14.122053300082058]}"
00000000000000000298,0,1036,0.7496348983541788,13,97,"{""type"":""Point"",""coordinates"":[108.44867302739175,14.465123157831025]}"
000000000000000002cf,0,767,0.10843951726167889,13,97,"{""type"":""Point"",""coordinates"":[108.63408690829509,14.277283525954616]}"
000000000000000002db,0,1021,0.706496721266014,13,97,"{""type"":""Point"",""coordinates"":[108.58018975386207,14.483445604059636]}"
000000000000000002ec,0,1252,0.3466631529018157,13,97,"{""type"":""Point"",""coordinates"":[108.30719021006696,14.399364794595856]}"
000000000000000002ef,0,1180,0.3532730111171497,13,97,"{""type"":""Point"",""coordinates"":[108.465381279039,14.528183764928853]}"
0000000000000000038c,0,1111,0.08011507590906408,13,97,"{""type"":""Point"",""coordinates"":[108.45298497811042,14.48425716045136]}"
0000000000000000038d,0,1554,0.2973700545296235,13,97,"{""type"":""Point"",""coordinates"":[108.36216646695489,14.256263323588673]}"
000000000000000003e8,0,1094,0.7503879090043453,13,97,"{""type"":""Point"",""coordinates"":[108.41984047998015,14.344116532543666]}"
0000000000000000040b,0,773,0.49244966051607864,13,97,"{""type"":""Point"",""coordinates"":[108.47616338538623,14.255184221133735]}"
00000000000000000474,0,1484,0.11623215560403644,13,97,"{""type"":""Point"",""coordinates"":[108.38723107397631,14.256263323588673]}"
000000000000000004a9,0,1237,0.6553196221803335,13,97,"{""type"":""Point"",""coordinates"":[108.47265853195823,14.547857318776657]}"
000000000000000004ca,0,1049,0.7589207992406455,13,97,"{""type"":""Point"",""coordinates"":[108.4572969288291,14.464851152666764]}"
000000000000000004ed,0,800,0.5084518117215853,13,97,"{""type"":""Point"",""coordinates"":[108.64836940896927,14.268659624517255]}"
00000000000000000509,0,1188,0.5977515050115938,13,97,"{""type"":""Point"",""coordinates"":[108.38992437101258,14.35139378546289]}"
00000000000000000517,0,778,0.6790955118719249,13,97,"{""type"":""Point"",""coordinates"":[108.63759176172307,14.298843279548027]}"
0000000000000000051b,0,1050,0.48356852904786374,13,97,"{""type"":""Point"",""coordinates"":[108.46053423619392,14.443291399073352]}"
0000000000000000051f,0,1085,0.7124988154809638,13,97,"{""type"":""Point"",""coordinates"":[108.48586638927854,14.508510211081054]}"
0000000000000000052e,0,764,0.5856339682348702,13,97,"{""type"":""Point"",""coordinates"":[108.48074288216813,14.142533951220537]}"
00000000000000000560,0,1017,0.31131292999436433,13,97,"{""type"":""Point"",""coordinates"":[108.55350649315825,14.578848071098106]}"
0000000000000000056f,0,897,0.15368616394947288,13,97,"{""type"":""Point"",""coordinates"":[108.56078374607749,14.404216296542007]}"
00000000000000000570,0,1146,0.5837734005285935,13,97,"{""type"":""Point"",""coordinates"":[108.39639452664113,14.4659302551217]}"
000000000000000005b6,0,1255,0.47104250948137216,13,97,"{""type"":""Point"",""coordinates"":[108.43142522451703,14.545699113866792]}"
000000000000000005cf,0,794,0.7649305071089505,13,97,"{""type"":""Point"",""coordinates"":[108.63489400558575,14.313397785386474]}"
00000000000000000627,0,1505,0.3236900012047971,13,97,"{""type"":""Point"",""coordinates"":[108.38587996635712,14.26919917574472]}"
00000000000000000630,0,981,0.693729273832916,13,97,"{""type"":""Point"",""coordinates"":[108.41876137752524,14.3387299384711]}"
00000000000000000086,0,1079,0.7515635675424812,14,97,"{""type"":""Point"",""coordinates"":[108.49933733356099,14.525758013955778]}"
000000000000000000c9,0,907,0.1132840848790001,14,97,"{""type"":""Point"",""coordinates"":[108.55701134658628,14.448949998310178]}"
00000000000000000160,0,1092,0.2630874558275027,14,97,"{""type"":""Point"",""coordinates"":[108.50607503525276,14.518213214973352]}"
000000000000000001b0,0,910,0.2148198689946531,14,97,"{""type"":""Point"",""coordinates"":[108.59851220009068,14.425236498907953]}"
000000000000000001dd,0,1108,0.6713467365002161,14,97,"{""type"":""Point"",""coordinates"":[108.32335891048676,14.289679826883198]}"
000000000000000001ef,0,904,0.09191894064475314,14,97,"{""type"":""Point"",""coordinates"":[108.55970464362255,14.405562945060149]}"
00000000000000000204,0,1260,0.168327503572257,14,97,"{""type"":""Point"",""coordinates"":[108.49421828555164,14.542198719539835]}"
0000000000000000021a,0,699,0.3711477597346291,14,97,"{""type"":""Point"",""coordinates"":[108.51847133618134,14.253837572615598]}"
00000000000000000266,0,1246,0.14896470864272493,14,97,"{""type"":""Point"",""coordinates"":[108.41337032435162,14.565912218942065]}"
000000000000000002b4,0,1122,0.16403906236361276,14,97,"{""type"":""Point"",""coordinates"":[108.39639452664113,14.458920548265684]}"
000000000000000002b6,0,1049,0.040442298442353364,14,97,"{""type"":""Point"",""coordinates"":[108.39881581851316,14.414726397724976]}"
000000000000000002d8,0,1020,0.6069936238530196,14,97,"{""type"":""Point"",""coordinates"":[108.48398018953291,14.448142901019507]}"
000000000000000002e6,0,1295,0.16210478184606036,14,97,"{""type"":""Point"",""coordinates"":[108.37052282232906,14.364329637618932]}"
00000000000000000307,0,1144,0.7245534778937184,14,97,"{""type"":""Point"",""coordinates"":[108.35839406746368,14.43628615131839]}"
00000000000000000310,0,1027,0.5229939558304029,14,97,"{""type"":""Point"",""coordinates"":[108.5421892946846,14.530337510737672]}"
00000000000000000338,0,1331,0.39808143286715936,14,97,"{""type"":""Point"",""coordinates"":[108.3818400208027,14.408256242096428]}"
0000000000000000033f,0,935,0.3848498083689893,14,97,"{""type"":""Point"",""coordinates"":[108.56671435047858,14.569684618433275]}"
00000000000000000346,0,816,0.02227343132423154,14,97,"{""type"":""Point"",""coordinates"":[108.40474642291424,14.188351214544692]}"
0000000000000000034d,0,789,0.5823850194494892,14,97,"{""type"":""Point"",""coordinates"":[108.65052761387913,14.293724231538672]}"
00000000000000000364,0,860,0.13263092133477417,14,97,"{""type"":""Point"",""coordinates"":[108.56886809628737,14.384542742694206]}"
0000000000000000048c,0,1160,0.45967700910138043,14,97,"{""type"":""Point"",""coordinates"":[108.43493007794503,14.524139360273379]}"
000000000000000004e9,0,686,0.49971966133886403,14,97,"{""type"":""Point"",""coordinates"":[108.58369014818902,14.23928306677715]}"
0000000000000000054e,0,935,0.4972664264809227,14,97,"{""type"":""Point"",""coordinates"":[108.54084264616648,14.299922382002961]}"
00000000000000000576,0,932,0.5914809347212207,14,97,"{""type"":""Point"",""coordinates"":[108.55620424929559,14.52899086221953]}"
0000000000000000057b,0,896,0.622019677539046,14,97,"{""type"":""Point"",""coordinates"":[108.55215984464012,14.435746600090923]}"
00000000000000000588,0,1302,0.49686718070616664,14,97,"{""type"":""Point"",""coordinates"":[108.36944371987413,14.56483311648713]}"
000000000000000005bd,0,900,0.008258105138167049,14,97,"{""type"":""Point"",""coordinates"":[108.56617479925109,14.436825702545862]}"
000000000000000005ea,0,1068,0.46003085767790564,14,97,"{""type"":""Point"",""coordinates"":[108.4195684748159,14.41445439256072]}"
00000000000000000621,0,1236,0.39197101883585483,14,97,"{""type"":""Point"",""coordinates"":[108.37914672376641,14.417152148698051]}"
00000000000000000060,0,1477,0.2899485724233928,15,97,"{""type"":""Point"",""coordinates"":[108.3441115667895,14.231470721731512]}"
00000000000000000077,0,1111,0.690922043881843,15,97,"{""type"":""Point"",""coordinates"":[108.53707024667524,14.307467180985393]}"
000000000000000000f1,0,1068,0.5799338272261123,15,97,"{""type"":""Point"",""coordinates"":[108.44436107667306,14.48425716045136]}"
00000000000000000172,0,1137,0.428341027087498,15,97,"{""type"":""Point"",""coordinates"":[108.41202367583347,14.353279985208497]}"
00000000000000000183,0,704,0.3249443598112487,15,97,"{""type"":""Point"",""coordinates"":[108.4866734865692,14.224461014875494]}"
000000000000000001e6,0,1255,0.7227079462392569,15,97,"{""type"":""Point"",""coordinates"":[108.38641951758459,14.567530872624465]}"
000000000000000001e8,0,711,0.0625210249991287,15,97,"{""type"":""Point"",""coordinates"":[108.64055260482256,14.211797167883713]}"
00000000000000000278,0,843,0.6886320119195956,15,97,"{""type"":""Point"",""coordinates"":[108.63058205486706,14.367834491046938]}"
0000000000000000027e,0,1171,0.3274205363761076,15,97,"{""type"":""Point"",""coordinates"":[108.4276528250258,14.484524706514566]}"
00000000000000000294,0,907,0.07788742089127998,15,97,"{""type"":""Point"",""coordinates"":[108.5985122000907,14.50419826036237]}"
00000000000000000313,0,944,0.776405136940075,15,97,"{""type"":""Point"",""coordinates"":[108.59554689789015,14.52009941471896]}"
00000000000000000388,0,750,0.42348443983474526,15,97,"{""type"":""Point"",""coordinates"":[108.62330480194785,14.258689074561747]}"
00000000000000000393,0,1087,0.3651900952518551,15,97,"{""type"":""Point"",""coordinates"":[108.48532683805107,14.518748307099766]}"
00000000000000000429,0,861,0.503699812762064,15,97,"{""type"":""Point"",""coordinates"":[108.59797264886322,14.38184498655687]}"
00000000000000000447,0,970,0.6925777999244237,15,97,"{""type"":""Point"",""coordinates"":[108.42388042553459,14.173257157478778]}"
00000000000000000492,0,1131,0.4489525297626925,15,97,"{""type"":""Point"",""coordinates"":[108.43466253188183,14.47805900998707]}"
000000000000000004be,0,896,0.7773233430216397,15,97,"{""type"":""Point"",""coordinates"":[108.54488259172089,14.344656083771131]}"
000000000000000004f0,0,876,0.41022647330427575,15,97,"{""type"":""Point"",""coordinates"":[108.5206295410912,14.342502337962316]}"
00000000000000000644,0,679,0.7949590367928577,15,97,"{""type"":""Point"",""coordinates"":[108.50068844118019,14.107503253344666]}"
0000000000000000013a,0,1051,0.17236151288138202,16,97,"{""type"":""Point"",""coordinates"":[108.51119854236318,14.499886309643689]}"
000000000000000001c1,0,1037,0.44013694735110664,16,97,"{""type"":""Point"",""coordinates"":[108.49044588606041,14.476168351140405]}"
00000000000000000314,0,927,0.6478911772851859,16,97,"{""type"":""Point"",""coordinates"":[108.58638790432636,14.486950457487639]}"
000000000000000003a3,0,740,0.09598012233320563,16,97,"{""type"":""Point"",""coordinates"":[108.6039032532643,14.311239580476608]}"
000000000000000003a9,0,1333,0.11008166420012333,16,97,"{""type"":""Point"",""coordinates"":[108.354082116745,14.26892717058046]}"
000000000000000003c2,0,1089,0.4786714663850835,16,97,"{""type"":""Point"",""coordinates"":[108.53464449570217,14.325254535087588]}"
00000000000000000417,0,856,0.017597467267791878,16,97,"{""type"":""Point"",""coordinates"":[108.54892699637637,14.30800673221286]}"
00000000000000000498,0,1683,0.35944470889646485,16,97,"{""type"":""Point"",""coordinates"":[108.38695906881206,14.31609108242276]}"
000000000000000004ae,0,1475,0.6381537105982271,16,97,"{""type"":""Point"",""coordinates"":[108.39288967321313,14.338190387243634]}"
000000000000000004ba,0,1003,0.6414697021001999,16,97,"{""type"":""Point"",""coordinates"":[108.48829214025162,14.42577605013542]}"
00000000000000000514,0,973,0.09255299088336855,16,97,"{""type"":""Point"",""coordinates"":[108.57398714429672,14.565644672878854]}"
0000000000000000058c,0,1198,0.4044607176218823,16,97,"{""type"":""Point"",""coordinates"":[108.4052859741417,14.514168810317877]}"
00000000000000000005,0,952,0.2473164581289342,17,97,"{""type"":""Point"",""coordinates"":[108.5564717953588,14.567530872624465]}"
000000000000000001ab,0,1051,0.2764369512884006,17,97,"{""type"":""Point"",""coordinates"":[108.35300301429007,14.362710983936534]}"
000000000000000001b4,0,969,0.7536706719338825,17,97,"{""type"":""Point"",""coordinates"":[108.5322187447291,14.336304187498026]}"
00000000000000000231,0,1159,0.6864616183721621,17,97,"{""type"":""Point"",""coordinates"":[108.3980087212225,14.505005357653046]}"
0000000000000000024f,0,1056,0.5117870383099137,17,97,"{""type"":""Point"",""coordinates"":[108.48424773559613,14.459732104657409]}"
0000000000000000025e,0,1189,0.18170877054753332,17,97,"{""type"":""Point"",""coordinates"":[108.37025081716479,14.421192094252474]}"
00000000000000000281,0,701,0.38032230789918253,17,97,"{""type"":""Point"",""coordinates"":[108.49583693923404,14.208831865683168]}"
000000000000000002c4,0,954,0.09499013664142064,17,97,"{""type"":""Point"",""coordinates"":[108.55296694193078,14.322556778950254]}"
00000000000000000308,0,804,0.058531429264914836,17,97,"{""type"":""Point"",""coordinates"":[108.60821520398298,14.310160478021674]}"
0000000000000000034a,0,941,0.5130558964605804,17,97,"{""type"":""Point"",""coordinates"":[108.47346562924889,14.390201341931029]}"
000000000000000003b3,0,791,0.4694456366549752,17,97,"{""type"":""Point"",""coordinates"":[108.40825127634226,14.229044970758439]}"
000000000000000003f3,0,1154,0.5109884063144688,17,97,"{""type"":""Point"",""coordinates"":[108.41876137752524,14.36352254032826]}"
000000000000000003f8,0,1212,0.28218428683498287,17,97,"{""type"":""Point"",""coordinates"":[108.3182398624774,14.333066880133222]}"
0000000000000000040a,0,1000,0.7968202589827854,17,97,"{""type"":""Point"",""coordinates"":[108.53194673956486,14.313665331449682]}"
0000000000000000044a,0,1232,0.33963258590403256,17,97,"{""type"":""Point"",""coordinates"":[108.31446746298619,14.403944291377746]}"
000000000000000004a8,0,1468,0.5322036045718175,17,97,"{""type"":""Point"",""coordinates"":[108.34491866408017,14.272971575235934]}"
000000000000000005a2,0,1023,0.6659639489830702,17,97,"{""type"":""Point"",""coordinates"":[108.54838744514889,14.488297106005783]}"
00000000000000000607,0,909,7.350070973414224E-4,17,97,"{""type"":""Point"",""coordinates"":[108.5985122000907,14.525218462728319]}"
00000000000000000190,0,775,0.48416082310946595,18,97,"{""type"":""Point"",""coordinates"":[108.64163170727751,14.303694781494178]}"
00000000000000000272,0,859,0.7276449199904009,18,97,"{""type"":""Point"",""coordinates"":[108.6270816605401,14.481831409478286]}"
00000000000000000280,0,896,0.14603877586349068,18,97,"{""type"":""Point"",""coordinates"":[108.55108074218518,14.43466749763599]}"
000000000000000002a2,0,1017,0.4327375353765428,18,97,"{""type"":""Point"",""coordinates"":[108.46942568369447,14.469970200676121]}"
000000000000000002c5,0,1026,0.3255664718693232,18,97,"{""type"":""Point"",""coordinates"":[108.46026223102965,14.456227251229398]}"
000000000000000002df,0,870,0.7621197692603265,18,97,"{""type"":""Point"",""coordinates"":[108.4769704826769,14.354087082499168]}"
000000000000000002e8,0,1380,0.5355852762121175,18,97,"{""type"":""Point"",""coordinates"":[108.36189892089168,14.27405067769087]}"
00000000000000000303,0,886,0.4189348009160705,18,97,"{""type"":""Point"",""coordinates"":[108.43196477574448,14.33765083601617]}"
00000000000000000312,0,1513,0.7463637044477603,18,97,"{""type"":""Point"",""coordinates"":[108.38130046957522,14.340883684279913]}"
00000000000000000317,0,1030,0.2856676314508724,18,97,"{""type"":""Point"",""coordinates"":[108.31904695976806,14.378344592229912]}"
00000000000000000333,0,1039,0.1812001848989212,18,97,"{""type"":""Point"",""coordinates"":[108.52763478884617,14.324982529923327]}"
0000000000000000039e,0,1018,0.763895303466271,18,97,"{""type"":""Point"",""coordinates"":[108.3379134163252,14.346002732289273]}"
000000000000000003c0,0,1133,0.23664674984044165,18,97,"{""type"":""Point"",""coordinates"":[108.38884526855767,14.447335803728825]}"
000000000000000003d8,0,1340,0.1120693434594231,18,97,"{""type"":""Point"",""coordinates"":[108.40232067194118,14.278630174472758]}"
00000000000000000418,0,894,0.21906543942258339,18,97,"{""type"":""Point"",""coordinates"":[108.42846438141754,14.342230332798058]}"
0000000000000000044e,0,1094,0.49067148386120196,18,97,"{""type"":""Point"",""coordinates"":[108.43088567328955,14.458920548265684]}"
00000000000000000551,0,1069,0.4636094387994404,18,97,"{""type"":""Point"",""coordinates"":[108.45487117785603,14.434939502800248]}"
00000000000000000647,0,1435,0.7425225450809573,18,97,"{""type"":""Point"",""coordinates"":[108.30153161083012,14.415805500179909]}"
0000000000000000002e,0,1107,0.36041756833684013,19,97,"{""type"":""Point"",""coordinates"":[108.468886132467,14.520099414718956]}"
0000000000000000010f,0,903,0.136626911151431,19,97,"{""type"":""Point"",""coordinates"":[108.59716555157254,14.452187305674979]}"
0000000000000000014e,0,894,0.3079202270866982,19,97,"{""type"":""Point"",""coordinates"":[108.52116909231867,14.34276988402552]}"
00000000000000000156,0,1563,0.4474358187781914,19,97,"{""type"":""Point"",""coordinates"":[108.38426577177577,14.296685074638159]}"
000000000000000001f9,0,959,0.6413933060401041,19,97,"{""type"":""Point"",""coordinates"":[108.543807948367,14.318784379459041]}"
00000000000000000230,0,801,0.7262169089503359,19,97,"{""type"":""Point"",""coordinates"":[108.54245684074782,14.296417528574953]}"
00000000000000000239,0,1042,0.014714763960331001,19,97,"{""type"":""Point"",""coordinates"":[108.53545159299286,14.305580981239785]}"
0000000000000000029f,0,1096,0.10850619531859096,19,97,"{""type"":""Point"",""coordinates"":[108.45487117785603,14.483178057996428]}"
000000000000000002a0,0,810,0.28810083855068724,19,97,"{""type"":""Point"",""coordinates"":[108.43950957472693,14.315551531195288]}"
000000000000000002be,0,1490,0.7493798830104988,19,97,"{""type"":""Point"",""coordinates"":[108.3462653125983,14.271892472781]}"
0000000000000000030d,0,1183,0.1800942021258911,19,97,"{""type"":""Point"",""coordinates"":[108.3901919170758,14.214490464919994]}"
00000000000000000332,0,1076,0.6540126509645681,19,97,"{""type"":""Point"",""coordinates"":[108.43708382375385,14.221767717839219]}"
00000000000000000369,0,1180,0.6220030279585255,19,97,"{""type"":""Point"",""coordinates"":[108.3497701660263,14.331180680387615]}"
00000000000000000562,0,922,0.3392293348009352,19,97,"{""type"":""Point"",""coordinates"":[108.33548766535213,14.351933336690355]}"
00000000000000000593,0,1323,0.14571211214967417,19,97,"{""type"":""Point"",""coordinates"":[108.37618142156587,14.407449144805756]}"
000000000000000005a8,0,989,0.5975620461136161,19,97,"{""type"":""Point"",""coordinates"":[108.54515459688515,14.472395951649194]}"
00000000000000000612,0,1482,0.29609742460458843,19,97,"{""type"":""Point"",""coordinates"":[108.37294411420108,14.313397785386476]}"
00000000000000000636,0,1006,0.3493996597457497,19,97,"{""type"":""Point"",""coordinates"":[108.52386238935495,14.491262408206323]}"
0000000000000000008c,0,1041,0.2702212992946402,20,97,"{""type"":""Point"",""coordinates"":[108.43816292620876,14.461618304403016]}"
00000000000000000283,0,721,0.2109474216869961,20,97,"{""type"":""Point"",""coordinates"":[108.48424773559613,14.26434767379857]}"
0000000000000000033a,0,1221,0.22985788532035212,20,97,"{""type"":""Point"",""coordinates"":[108.36647841767358,14.49288106188873]}"
00000000000000000348,0,1129,0.7685671997090988,20,97,"{""type"":""Point"",""coordinates"":[108.38777062520377,14.181073961625467]}"
0000000000000000035d,0,1149,0.24675383379732108,20,97,"{""type"":""Point"",""coordinates"":[108.35057726331699,14.296417528574953]}"
0000000000000000039f,0,1030,0.6523833496379041,20,97,"{""type"":""Point"",""coordinates"":[108.4767029366137,14.466469806349167]}"
000000000000000003aa,0,1194,0.3141529312980441,20,97,"{""type"":""Point"",""coordinates"":[108.4230733282439,14.494495256470072]}"
00000000000000000441,0,940,8.862755142591272E-5,20,97,"{""type"":""Point"",""coordinates"":[108.37860717253893,14.192663165263376]}"
0000000000000000048d,0,699,0.2843945343296367,20,97,"{""type"":""Point"",""coordinates"":[108.50230263576152,14.181073961625467]}"
000000000000000004a7,0,1310,0.3814891497536649,20,97,"{""type"":""Point"",""coordinates"":[108.33764141116094,14.286446978619448]}"
000000000000000004b0,0,1006,0.09489426956431213,20,97,"{""type"":""Point"",""coordinates"":[108.58369014818902,14.488569111170039]}"
00000000000000000503,0,694,0.7798575236626039,20,97,"{""type"":""Point"",""coordinates"":[108.62734920660331,14.251144275579314]}"
0000000000000000055a,0,851,0.7347237607185177,20,97,"{""type"":""Point"",""coordinates"":[108.60902230127367,14.405830491123353]}"
000000000000000005b3,0,915,0.09496105695110957,20,97,"{""type"":""Point"",""coordinates"":[108.60174504835443,14.518480761036555]}"
000000000000000005d7,0,1533,0.7895476103734382,20,97,"{""type"":""Point"",""coordinates"":[108.357586970173,14.240362169232089]}"
000000000000000001d2,0,701,0.48047688342473793,21,97,"{""type"":""Point"",""coordinates"":[108.48155443855985,14.19940086695513]}"
00000000000000000284,0,785,0.6948090726584918,21,97,"{""type"":""Point"",""coordinates"":[108.45756893399337,14.308546283440327]}"
0000000000000000036b,0,1218,0.26456623534236545,21,97,"{""type"":""Point"",""coordinates"":[108.41148412460602,14.28617497345519]}"
00000000000000000422,0,1146,0.4214707045293742,21,97,"{""type"":""Point"",""coordinates"":[108.43519762400824,14.522253160527772]}"
000000000000000004dc,0,1164,0.14214324602916795,21,97,"{""type"":""Point"",""coordinates"":[108.34357201556202,14.371874436601361]}"
00000000000000000645,0,993,0.7827340379329337,21,97,"{""type"":""Point"",""coordinates"":[108.55296694193078,14.35301243914529]}"
000000000000000000e1,0,902,0.6783890170976747,22,97,"{""type"":""Point"",""coordinates"":[108.44220733086424,14.329834031869478]}"
00000000000000000162,0,917,0.3553388497683163,22,97,"{""type"":""Point"",""coordinates"":[108.57264049577859,14.528183764928855]}"
0000000000000000025f,0,1347,0.6727390238241294,22,97,"{""type"":""Point"",""coordinates"":[108.3624340130181,14.309085834667792]}"
00000000000000000275,0,1203,0.10641967169630384,22,97,"{""type"":""Point"",""coordinates"":[108.34734441505323,14.32121013043211]}"
000000000000000002f1,0,1296,0.27006134377461377,22,97,"{""type"":""Point"",""coordinates"":[108.31689321395925,14.325522081150792]}"
00000000000000000405,0,916,0.5451984057407709,22,97,"{""type"":""Point"",""coordinates"":[108.53707024667524,14.341155689444177]}"
00000000000000000432,0,915,0.03190333607791407,22,97,"{""type"":""Point"",""coordinates"":[108.59527935182693,14.507431108626118]}"
000000000000000005f5,0,907,0.03410918014570197,22,97,"{""type"":""Point"",""coordinates"":[108.53625869028353,14.476707902367872]}"
0000000000000000062c,0,1234,0.6152758073927914,22,97,"{""type"":""Point"",""coordinates"":[108.37402321665601,14.40637004235082]}"
000000000000000000ba,0,1021,0.6285146795005503,23,97,"{""type"":""Point"",""coordinates"":[108.36782506619171,14.214222918856787]}"
0000000000000000010d,0,1115,0.4078303268111221,23,97,"{""type"":""Point"",""coordinates"":[108.41040502215108,14.488297106005783]}"
000000000000000001fc,0,1090,0.6138222994695878,23,97,"{""type"":""Point"",""coordinates"":[108.33117571463345,14.315819077258496]}"
0000000000000000020d,0,1217,0.20429445856625839,23,97,"{""type"":""Point"",""coordinates"":[108.35165636577192,14.396939043622783]}"
00000000000000000237,0,1420,0.016588299744018542,23,97,"{""type"":""Point"",""coordinates"":[108.35057726331699,14.224461014875498]}"
00000000000000000279,0,1074,0.14211284696453763,23,97,"{""type"":""Point"",""coordinates"":[108.34330001039775,14.355438190118369]}"
0000000000000000027b,0,969,0.5857188089771889,23,97,"{""type"":""Point"",""coordinates"":[108.43412298065434,14.347353839908466]}"
000000000000000002d6,0,999,0.7252885051759396,23,97,"{""type"":""Point"",""coordinates"":[108.53707024667524,14.538421860947567]}"
0000000000000000030a,0,1025,0.10785823498371139,23,97,"{""type"":""Point"",""coordinates"":[108.55943709755935,14.579655168388785]}"
000000000000000003b9,0,783,0.11386792162017867,23,97,"{""type"":""Point"",""coordinates"":[108.59851220009068,14.49314860795193]}"
0000000000000000040d,0,1688,0.7007437651978926,23,97,"{""type"":""Point"",""coordinates"":[108.3896568249494,14.318784379459037]}"
00000000000000000555,0,842,0.4010144866023021,23,97,"{""type"":""Point"",""coordinates"":[108.60686855546486,14.47374705926839]}"
00000000000000000582,0,1123,0.5152816346553318,23,97,"{""type"":""Point"",""coordinates"":[108.40555352020492,14.36217589181012]}"
0000000000000000059d,0,1121,0.07445421241140615,23,97,"{""type"":""Point"",""coordinates"":[108.36297356424556,14.465658249957436]}"
000000000000000005b7,0,1023,0.5733017921074444,23,97,"{""type"":""Point"",""coordinates"":[108.31958651099553,14.409874895778833]}"
00000000000000000205,0,1427,0.5517147479898474,24,97,"{""type"":""Point"",""coordinates"":[108.32928951488783,14.246020768468906]}"
00000000000000000295,0,1296,0.5439145687021693,24,97,"{""type"":""Point"",""coordinates"":[108.31123015562139,14.351933336690355]}"
0000000000000000032d,0,1104,0.5597155514611739,24,97,"{""type"":""Point"",""coordinates"":[108.41741472900708,14.457306353684338]}"
0000000000000000034b,0,1027,0.7805099042469902,24,97,"{""type"":""Point"",""coordinates"":[108.40690462782412,14.17784111336172]}"
00000000000000000549,0,1247,0.16635932080476556,24,97,"{""type"":""Point"",""coordinates"":[108.37590941640163,14.534381915393148]}"
00000000000000000602,0,1098,0.5833573159987365,24,97,"{""type"":""Point"",""coordinates"":[108.36270601818235,14.343848986480456]}"
00000000000000000225,0,1198,0.767728627733817,25,97,"{""type"":""Point"",""coordinates"":[108.36513176915544,14.465658249957436]}"
000000000000000002de,0,1001,0.06950782583762605,25,97,"{""type"":""Point"",""coordinates"":[108.3896568249494,14.18269261530787]}"
00000000000000000326,0,850,0.23370277065508527,25,97,"{""type"":""Point"",""coordinates"":[108.59069985504505,14.390740893158494]}"
0000000000000000041f,0,1028,0.40516606160182034,25,97,"{""type"":""Point"",""coordinates"":[108.47185143466754,14.461618304403016]}"
00000000000000000616,0,1133,0.28216862082466654,25,97,"{""type"":""Point"",""coordinates"":[108.36189892089169,14.46889555732224]}"
0000000000000000003f,0,1477,0.40803287416277045,26,97,"{""type"":""Point"",""coordinates"":[108.36135936966421,14.266233873544179]}"
0000000000000000007f,0,1004,0.5246505802523713,26,97,"{""type"":""Point"",""coordinates"":[108.5025746409258,14.463232498984363]}"
0000000000000000008d,0,1308,0.3521659054084759,26,97,"{""type"":""Point"",""coordinates"":[108.35192391183512,14.379691240748052]}"
0000000000000000028d,0,828,0.333241214650807,26,97,"{""type"":""Point"",""coordinates"":[108.49772313897964,14.345195634998598]}"
000000000000000002dd,0,1528,0.3781611209553768,26,97,"{""type"":""Point"",""coordinates"":[108.37079036839226,14.257609972106813]}"
00000000000000000454,0,1065,0.5096668978235919,26,97,"{""type"":""Point"",""coordinates"":[108.39504341902196,14.378884143457384]}"
0000000000000000050f,0,943,0.6672428021021781,26,97,"{""type"":""Point"",""coordinates"":[108.43250432697195,14.33980458182498]}"
0000000000000000054f,0,1141,0.31466024293638406,26,97,"{""type"":""Point"",""coordinates"":[108.37267656813786,14.377265489774983]}"
0000000000000000006c,0,825,0.061844998673793894,27,97,"{""type"":""Point"",""coordinates"":[108.46268798200272,14.352740433981028]}"
000000000000000000f8,0,1196,0.5687000990120744,27,97,"{""type"":""Point"",""coordinates"":[108.39181057075821,14.40340474015028]}"
000000000000000001c8,0,1261,0.7946209643281,27,97,"{""type"":""Point"",""coordinates"":[108.3818400208027,14.23820842342327]}"
00000000000000000209,0,1463,0.14590691732766214,27,97,"{""type"":""Point"",""coordinates"":[108.36324556940984,14.321482135596376]}"
0000000000000000054a,0,1426,0.7754285717687964,27,97,"{""type"":""Point"",""coordinates"":[108.37672097279335,14.250332719187591]}"
00000000000000000597,0,849,0.06223923732862546,27,97,"{""type"":""Point"",""coordinates"":[108.42846438141753,14.33576463627056]}"
000000000000000005bf,0,1048,0.6668404052327941,27,97,"{""type"":""Point"",""coordinates"":[108.40932591969614,14.175143357224385]}"
0000000000000000007a,0,1091,0.006568472044784279,28,97,"{""type"":""Point"",""coordinates"":[108.41013747608785,14.186193009634824]}"
00000000000000000135,0,1040,0.7532475615172671,28,97,"{""type"":""Point"",""coordinates"":[108.40097402342305,14.379423694684847]}"
0000000000000000014d,0,1099,0.34033338974989424,28,97,"{""type"":""Point"",""coordinates"":[108.3462653125983,14.434399951572779]}"
000000000000000004e5,0,1017,0.24987984715628775,28,97,"{""type"":""Point"",""coordinates"":[108.54892699637637,14.344928088935392]}"
000000000000000005d2,0,1431,0.4005791771741204,28,97,"{""type"":""Point"",""coordinates"":[108.37159746568294,14.335225085043088]}"
00000000000000000030,0,963,0.011245575902765426,29,97,"{""type"":""Point"",""coordinates"":[108.51631759037252,14.297764177093095]}"
000000000000000001a7,0,905,0.46306235351302016,29,97,"{""type"":""Point"",""coordinates"":[108.32335891048676,14.39801814607772]}"
0000000000000000031a,0,1529,0.19191316433380912,29,97,"{""type"":""Point"",""coordinates"":[108.39477587295875,14.33225978284255]}"
00000000000000000430,0,1358,0.4502903918885359,29,97,"{""type"":""Point"",""coordinates"":[108.37698851885655,14.355166184954104]}"
00000000000000000516,0,873,0.008907173982961258,29,97,"{""type"":""Point"",""coordinates"":[108.57318004700606,14.33980458182498]}"
00000000000000000526,0,1083,0.6022208831501183,29,97,"{""type"":""Point"",""coordinates"":[108.4767029366137,14.053062088583145]}"
00000000000000000048,0,1147,0.22095136507899904,30,97,"{""type"":""Point"",""coordinates"":[108.41067702731533,14.167059007014489]}"
0000000000000000050c,0,1221,0.26879448725233657,30,97,"{""type"":""Point"",""coordinates"":[108.36297356424558,14.230119614112317]}"
0000000000000000052c,0,1014,0.31561983914903613,30,97,"{""type"":""Point"",""coordinates"":[108.44166777963679,14.402597642859606]}"
00000000000000000538,0,1326,0.13491167450244612,30,97,"{""type"":""Point"",""coordinates"":[108.40259267710545,14.309085834667796]}"
00000000000000000044,0,1213,0.5900712439099568,31,97,"{""type"":""Point"",""coordinates"":[108.41390987557908,14.299110825611235]}"
000000000000000001a1,0,1215,0.4170517892375225,31,97,"{""type"":""Point"",""coordinates"":[108.38938481978514,14.392894638967308]}"
000000000000000002cb,0,777,0.2847013597492767,31,97,"{""type"":""Point"",""coordinates"":[108.4570293827659,14.387775590957952]}"
00000000000000000330,0,1203,0.3544627627012271,31,97,"{""type"":""Point"",""coordinates"":[108.33521566018787,14.299382830775494]}"
0000000000000000057e,0,773,0.006769107272285302,31,97,"{""type"":""Point"",""coordinates"":[108.44759838403786,14.364601642783196]}"
0000000000000000060e,0,1200,0.34975885556845265,31,97,"{""type"":""Point"",""coordinates"":[108.41363787041483,14.264615219861778]}"
00000000000000000035,0,1066,0.07736200411779515,32,97,"{""type"":""Point"",""coordinates"":[108.49017833999721,14.482098955541495]}"
000000000000000000e2,0,962,0.6410867564236664,32,97,"{""type"":""Point"",""coordinates"":[108.38453331783897,14.190776965517767]}"
0000000000000000013f,0,888,0.7173205455691811,32,97,"{""type"":""Point"",""coordinates"":[108.40743971995052,14.189697863062834]}"
000000000000000001f8,0,1054,0.16089187111051106,32,97,"{""type"":""Point"",""coordinates"":[108.4230733282439,14.316358628485967]}"
000000000000000002f3,0,1498,0.658966400584059,32,97,"{""type"":""Point"",""coordinates"":[108.39154302469498,14.336571733561232]}"
00000000000000000409,0,1072,0.5718700249032788,32,97,"{""type"":""Point"",""coordinates"":[108.35273546822685,14.419305894506866]}"
000000000000000004f6,0,710,0.4733173461189235,32,97,"{""type"":""Point"",""coordinates"":[108.5187433413456,14.10480549720733]}"
00000000000000000315,0,1037,0.754647336223776,33,97,"{""type"":""Point"",""coordinates"":[108.3799538210571,14.219074420802936]}"
00000000000000000316,0,878,0.1216854863487069,33,97,"{""type"":""Point"",""coordinates"":[108.4767029366137,14.226347214621104]}"
00000000000000000034,0,1122,0.669043602693738,34,97,"{""type"":""Point"",""coordinates"":[108.34491866408017,14.302615679039244]}"
0000000000000000020b,0,1336,0.001423605167491293,34,97,"{""type"":""Point"",""coordinates"":[108.33764141116094,14.27405067769087]}"
0000000000000000049c,0,1191,0.4456172139846357,34,97,"{""type"":""Point"",""coordinates"":[108.34465111801696,14.36864158833762]}"
00000000000000000637,0,1377,0.139477042538934,34,97,"{""type"":""Point"",""coordinates"":[108.37348366542855,14.321749681659579]}"
000000000000000002da,0,1216,0.4953227263770429,35,97,"{""type"":""Point"",""coordinates"":[108.40420687168678,14.304234332721645]}"
00000000000000000020,0,1206,0.022004584362736668,36,97,"{""type"":""Point"",""coordinates"":[108.31015551226751,14.421192094252477]}"
00000000000000000123,0,1249,0.4667068299980942,36,97,"{""type"":""Point"",""coordinates"":[108.30018496231199,14.382924089011802]}"
00000000000000000354,0,839,0.790024714874966,37,97,"{""type"":""Point"",""coordinates"":[108.34033916729828,14.421731645479944]}"
0000000000000000048a,0,1216,0.4663207082453025,37,97,"{""type"":""Point"",""coordinates"":[108.31204171201311,14.426315601362885]}"
000000000000000005ae,0,1037,0.5932575263745432,37,97,"{""type"":""Point"",""coordinates"":[108.42388042553459,14.346542283516742]}"
0000000000000000061c,0,1015,0.06786491754694057,37,97,"{""type"":""Point"",""coordinates"":[108.4667323866582,14.127444353255676]}"
00000000000000000371,0,1352,0.3897666126542425,38,97,"{""type"":""Point"",""coordinates"":[108.35516121919993,14.31231868293154]}"
000000000000000004e3,0,1274,0.3545658181241691,38,97,"{""type"":""Point"",""coordinates"":[108.37079036839226,14.479673204568417]}"
0000000000000000018c,0,1106,0.2127511339027568,39,97,"{""type"":""Point"",""coordinates"":[108.41283077312416,14.336032182333765]}"
0000000000000000043e,0,1128,0.38925922599970253,39,97,"{""type"":""Point"",""coordinates"":[108.38049337228456,14.386156937275553]}"
000000000000000005b9,0,956,0.09069977928442985,39,97,"{""type"":""Point"",""coordinates"":[108.34383956162523,14.387775590957952]}"
000000000000000003f6,0,1168,0.6508136476886263,40,97,"{""type"":""Point"",""coordinates"":[108.31716076002247,14.434399951572779]}"
000000000000000000d2,0,1331,0.2026400592041857,41,97,"{""type"":""Point"",""coordinates"":[108.36998327110157,14.34330943525299]}"
000000000000000000e5,0,1431,0.09440718296240869,41,97,"{""type"":""Point"",""coordinates"":[108.38992437101258,14.254377123843065]}"
000000000000000005c9,0,1077,0.03916407089696494,46,97,"{""type"":""Point"",""coordinates"":[108.37213701691039,14.21368336762932]}"
000000000000000001a8,0,1293,0.39192516511971054,48,97,"{""type"":""Point"",""coordinates"":[108.3497701660263,14.374572192738697]}"
000000000000000001c4,0,1129,0.07440528829618731,1,98,"{""type"":""Point"",""coordinates"":[108.39935536974063,14.441137653264539]}"
000000000000000001cf,0,973,0.12005706597601018,1,98,"{""type"":""Point"",""coordinates"":[108.58638790432637,14.472395951649194]}"
000000000000000003fa,0,829,0.3773396193418558,1,98,"{""type"":""Point"",""coordinates"":[108.62896786028573,14.317437730940897]}"
000000000000000005c0,0,697,0.05866874313122661,1,98,"{""type"":""Point"",""coordinates"":[108.6613052611253,14.184846361116682]}"
000000000000000001b7,0,1218,0.08544712865512294,2,98,"{""type"":""Point"",""coordinates"":[108.38857772249446,14.525486008791525]}"
0000000000000000043a,0,1083,0.14001140364166442,2,98,"{""type"":""Point"",""coordinates"":[108.36432467186476,14.452722397801397]}"
00000000000000000443,0,977,0.28795755205698403,2,98,"{""type"":""Point"",""coordinates"":[108.51551049308183,14.409067798488154]}"
00000000000000000470,0,889,0.6099555033233097,2,98,"{""type"":""Point"",""coordinates"":[108.43169722968126,14.317170184877689]}"
0000000000000000011b,0,951,0.6687104575187396,3,98,"{""type"":""Point"",""coordinates"":[108.58638790432636,14.45649925639366]}"
0000000000000000013e,0,880,0.16208962276553707,3,98,"{""type"":""Point"",""coordinates"":[108.62276970982144,14.364869188846402]}"
000000000000000001ba,0,817,0.40592354647011086,3,98,"{""type"":""Point"",""coordinates"":[108.62734920660331,14.319595935850762]}"
00000000000000000208,0,1089,0.7622447451121616,3,98,"{""type"":""Point"",""coordinates"":[108.41714272384283,14.418226792051934]}"
000000000000000002e7,0,915,0.692031261197789,3,98,"{""type"":""Point"",""coordinates"":[108.47050478614942,14.33980458182498]}"
0000000000000000032b,0,1254,0.7434632465151608,3,98,"{""type"":""Point"",""coordinates"":[108.37672097279335,14.56510512165139]}"
00000000000000000368,0,1040,0.6034317280921062,3,98,"{""type"":""Point"",""coordinates"":[108.48640148140494,14.470781757067847]}"
00000000000000000477,0,919,0.677057916838805,3,98,"{""type"":""Point"",""coordinates"":[108.57506624675166,14.450568651992576]}"
0000000000000000047e,0,947,0.3417837977376996,3,98,"{""type"":""Point"",""coordinates"":[108.57668490043406,14.44544960398322]}"
00000000000000000507,0,1132,0.055681110611632945,3,98,"{""type"":""Point"",""coordinates"":[108.38561242029391,14.440326096872809]}"
00000000000000000561,0,766,0.19622401242081966,3,98,"{""type"":""Point"",""coordinates"":[108.6459436579962,14.229852068049114]}"
0000000000000000001a,0,1028,0.14690179155483263,4,98,"{""type"":""Point"",""coordinates"":[108.46753948394887,14.411221544296971]}"
000000000000000000f3,0,641,0.5286942369502299,4,98,"{""type"":""Point"",""coordinates"":[108.55781844387694,14.219881518093606]}"
00000000000000000121,0,690,0.14120451260870004,4,98,"{""type"":""Point"",""coordinates"":[108.65861196408902,14.17945530794307]}"
00000000000000000171,0,998,0.5634190232799535,4,98,"{""type"":""Point"",""coordinates"":[108.48262908191374,14.418498797216191]}"
00000000000000000199,0,1144,0.44112733821076555,4,98,"{""type"":""Point"",""coordinates"":[108.40312776923184,14.351126239399683]}"
000000000000000001b9,0,933,0.3402023159432249,4,98,"{""type"":""Point"",""coordinates"":[108.52170864354613,14.375111743966162]}"
000000000000000002b8,0,963,0.2953869923711563,4,98,"{""type"":""Point"",""coordinates"":[108.52440194058241,14.413107744042579]}"
00000000000000000385,0,886,0.1642052111137342,4,98,"{""type"":""Point"",""coordinates"":[108.47023278098516,14.331720231615085]}"
000000000000000005a1,0,887,0.37607288241159387,4,98,"{""type"":""Point"",""coordinates"":[108.56536324285938,14.448142901019507]}"
00000000000000000054,0,899,0.21692143011098197,5,98,"{""type"":""Point"",""coordinates"":[108.5877345528445,14.437365253773324]}"
0000000000000000005f,0,707,0.043513274395191814,5,98,"{""type"":""Point"",""coordinates"":[108.65402800820608,14.198049759335937]}"
00000000000000000120,0,931,0.18383196891059062,5,98,"{""type"":""Point"",""coordinates"":[108.39073146830326,14.184578815053477]}"
00000000000000000145,0,678,0.7201514247870565,5,98,"{""type"":""Point"",""coordinates"":[108.42495952798953,14.2441345687233]}"
000000000000000001c0,0,999,0.24131604699123765,5,98,"{""type"":""Point"",""coordinates"":[108.4847872868236,14.410142441842039]}"
00000000000000000220,0,1252,0.6639679860038774,5,98,"{""type"":""Point"",""coordinates"":[108.38264711809337,14.573996569151959]}"
0000000000000000028a,0,897,0.5500409119102709,5,98,"{""type"":""Point"",""coordinates"":[108.59069985504505,14.435474594926662]}"
000000000000000003b1,0,917,0.5991744017325816,5,98,"{""type"":""Point"",""coordinates"":[108.6057894530099,14.424696947680484]}"
000000000000000003fe,0,896,0.016892615865569116,5,98,"{""type"":""Point"",""coordinates"":[108.56967519357806,14.405830491123353]}"
00000000000000000486,0,1002,0.7693299317738118,5,98,"{""type"":""Point"",""coordinates"":[108.4990697874978,14.40259764285961]}"
000000000000000004aa,0,1072,0.4503156598901311,5,98,"{""type"":""Point"",""coordinates"":[108.47185143466754,14.447875354956293]}"
000000000000000004eb,0,1041,0.37468177809134284,5,98,"{""type"":""Point"",""coordinates"":[108.5807248459885,14.491529954269533]}"
00000000000000000565,0,1113,0.4377449402983943,5,98,"{""type"":""Point"",""coordinates"":[108.41902892358843,14.440058550809605]}"
0000000000000000056c,0,734,0.5560092404558372,5,98,"{""type"":""Point"",""coordinates"":[108.66858251404453,14.202901261282088]}"
000000000000000005df,0,924,0.06251168781480865,5,98,"{""type"":""Point"",""coordinates"":[108.49853023627033,14.368374042274407]}"
00000000000000000061,0,735,0.7541158003629554,6,98,"{""type"":""Point"",""coordinates"":[108.41202367583347,14.203712817673814]}"
00000000000000000079,0,1123,0.3309624814543085,6,98,"{""type"":""Point"",""coordinates"":[108.42630617650767,14.467816454867307]}"
000000000000000000ec,0,1052,0.12396189049165818,6,98,"{""type"":""Point"",""coordinates"":[108.52979299375602,14.518480761036555]}"
0000000000000000016d,0,987,0.49273863954303754,6,98,"{""type"":""Point"",""coordinates"":[108.50392128944394,14.403676745314542]}"
00000000000000000182,0,731,0.6204408052284621,6,98,"{""type"":""Point"",""coordinates"":[108.61764620271101,14.246560319696375]}"
000000000000000001bb,0,793,0.5775854038018415,6,98,"{""type"":""Point"",""coordinates"":[108.65025560871489,14.277551072017824]}"
000000000000000001da,0,1091,0.7838300585629386,6,98,"{""type"":""Point"",""coordinates"":[108.46996523492194,14.493955705242605]}"
0000000000000000025c,0,912,0.5818303889269991,6,98,"{""type"":""Point"",""coordinates"":[108.58315059696157,14.446256701273896]}"
000000000000000002b1,0,1103,0.08198297562137857,6,98,"{""type"":""Point"",""coordinates"":[108.4033997743961,14.468356006094774]}"
000000000000000002e5,0,864,0.6432844609109218,6,98,"{""type"":""Point"",""coordinates"":[108.58827410407197,14.37753749493924]}"
0000000000000000030e,0,940,0.6690530752272028,6,98,"{""type"":""Point"",""coordinates"":[108.61872530516597,14.505005357653046]}"
00000000000000000319,0,949,0.7679263345909945,6,98,"{""type"":""Point"",""coordinates"":[108.57264049577859,14.459999650720613]}"
00000000000000000483,0,961,0.6884265643637939,6,98,"{""type"":""Point"",""coordinates"":[108.50661458648021,14.378612138293123]}"
000000000000000004c3,0,966,0.20972371573997572,6,98,"{""type"":""Point"",""coordinates"":[108.58962075259012,14.468623552157979]}"
00000000000000000573,0,840,0.7703095901791654,6,98,"{""type"":""Point"",""coordinates"":[108.61710665148355,14.337111284788698]}"
00000000000000000578,0,953,0.6640026840723431,6,98,"{""type"":""Point"",""coordinates"":[108.59096740110824,14.45002910076511]}"
00000000000000000001,0,1153,0.2555607954724173,7,98,"{""type"":""Point"",""coordinates"":[108.38830571733018,14.454608597546997]}"
00000000000000000033,0,1058,0.5824073674481655,7,98,"{""type"":""Point"",""coordinates"":[108.43304387819943,14.412840197979367]}"
00000000000000000052,0,880,0.43354233918611274,7,98,"{""type"":""Point"",""coordinates"":[108.59716555157254,14.397478594850249]}"
0000000000000000009f,0,1224,0.17224977149990628,7,98,"{""type"":""Point"",""coordinates"":[108.3901919170758,14.527911759764592]}"
000000000000000000fa,0,968,0.19777315543657759,7,98,"{""type"":""Point"",""coordinates"":[108.52548104303736,14.415805500179912]}"
00000000000000000181,0,810,0.43099975177680905,7,98,"{""type"":""Point"",""coordinates"":[108.6319287033852,14.326601183605728]}"
000000000000000001c7,0,1243,0.6329392527282103,7,98,"{""type"":""Point"",""coordinates"":[108.3977411751593,14.53653566120196]}"
000000000000000002aa,0,1036,0.6417088213766603,7,98,"{""type"":""Point"",""coordinates"":[108.51119854236318,14.492341510661253]}"
00000000000000000336,0,1139,0.1305871516254019,7,98,"{""type"":""Point"",""coordinates"":[108.4616088795478,14.505005357653046]}"
00000000000000000384,0,903,0.7031838627847974,7,98,"{""type"":""Point"",""coordinates"":[108.62034395884837,14.451647754447507]}"
000000000000000003b0,0,843,0.4619579474243345,7,98,"{""type"":""Point"",""coordinates"":[108.58503679670719,14.506624011335447]}"
000000000000000003b4,0,997,0.7830104302906385,7,98,"{""type"":""Point"",""coordinates"":[108.49556493406978,14.42550404497116]}"
00000000000000000548,0,953,0.5695679304986733,7,98,"{""type"":""Point"",""coordinates"":[108.62680965537587,14.52359980904591]}"
0000000000000000058f,0,867,0.16083401424196542,7,98,"{""type"":""Point"",""coordinates"":[108.59959130254562,14.3910084392217]}"
000000000000000005b2,0,705,0.11134269489665749,7,98,"{""type"":""Point"",""coordinates"":[108.66453810938907,14.192663165263376]}"
00000000000000000078,0,680,0.6846169815007663,8,98,"{""type"":""Point"",""coordinates"":[108.59770510280002,14.242248368977691]}"
000000000000000000c2,0,763,0.4741708014943111,8,98,"{""type"":""Point"",""coordinates"":[108.65268135968795,14.237396867031546]}"
00000000000000000180,0,871,0.3208442877855111,8,98,"{""type"":""Point"",""coordinates"":[108.42873192748074,14.35031468300795]}"
000000000000000001c2,0,942,0.12356218481307368,8,98,"{""type"":""Point"",""coordinates"":[108.57210094455114,14.464583606603561]}"
00000000000000000210,0,846,0.7748594657334907,8,98,"{""type"":""Point"",""coordinates"":[108.60821520398298,14.480752307023351]}"
00000000000000000229,0,686,0.35009102142656434,8,98,"{""type"":""Point"",""coordinates"":[108.65941906137971,14.194549365008983]}"
0000000000000000024c,0,926,0.08202552965366505,8,98,"{""type"":""Point"",""coordinates"":[108.58934874742586,14.453801500256326]}"
000000000000000003bf,0,961,0.5196725171480228,8,98,"{""type"":""Point"",""coordinates"":[108.51415938546266,14.418766343279398]}"
00000000000000000456,0,1097,0.1733553232417584,8,98,"{""type"":""Point"",""coordinates"":[108.50149553847086,14.52117405807284]}"
00000000000000000499,0,984,0.19007224166065018,8,98,"{""type"":""Point"",""coordinates"":[108.50931234261755,14.416612597470584]}"
000000000000000004b1,0,939,0.5224149660603029,8,98,"{""type"":""Point"",""coordinates"":[108.52790679401043,14.42388985038981]}"
000000000000000004ef,0,1063,0.1260535149589489,8,98,"{""type"":""Point"",""coordinates"":[108.45756893399337,14.438439897127205]}"
0000000000000000060c,0,966,0.5134164471758648,8,98,"{""type"":""Point"",""coordinates"":[108.50957988868075,14.367562485882681]}"
00000000000000000025,0,983,0.19300631085624953,9,98,"{""type"":""Point"",""coordinates"":[108.48101488733239,14.4104144470063]}"
00000000000000000036,0,712,0.15748619845260192,9,98,"{""type"":""Point"",""coordinates"":[108.63085406003134,14.249793167960124]}"
00000000000000000075,0,994,0.6514159870440962,9,98,"{""type"":""Point"",""coordinates"":[108.48748058385989,14.429548449626633]}"
000000000000000000be,0,1011,0.6970794680496956,9,98,"{""type"":""Point"",""coordinates"":[108.52116909231867,14.459732104657409]}"
00000000000000000116,0,984,0.5783013036901409,9,98,"{""type"":""Point"",""coordinates"":[108.48074288216813,14.409874895778833]}"
00000000000000000126,0,991,0.0775076386933583,9,98,"{""type"":""Point"",""coordinates"":[108.49799068504285,14.400983448278259]}"
00000000000000000256,0,1417,0.6734642907883406,9,98,"{""type"":""Point"",""coordinates"":[108.39908782367742,14.167331012178748]}"
000000000000000002a9,0,692,0.5717128075451389,9,98,"{""type"":""Point"",""coordinates"":[108.62465590956702,14.244946125115028]}"
00000000000000000461,0,1316,0.3666165939945861,9,98,"{""type"":""Point"",""coordinates"":[108.39073146830326,14.599600727400846]}"
0000000000000000049a,0,887,0.6389327100822004,9,98,"{""type"":""Point"",""coordinates"":[108.6060569990731,14.432241746662914]}"
000000000000000004e4,0,931,0.2612894269641949,9,98,"{""type"":""Point"",""coordinates"":[108.43466253188183,14.210718065428777]}"
000000000000000004f1,0,944,0.30582511491674513,9,98,"{""type"":""Point"",""coordinates"":[108.5087727913901,14.422003650644202]}"
0000000000000000057c,0,923,0.6140909107986211,9,98,"{""type"":""Point"",""coordinates"":[108.56914010145164,14.548124864839865]}"
000000000000000005d0,0,805,0.049090826972506885,9,98,"{""type"":""Point"",""coordinates"":[108.64271080973245,14.26704097083485]}"
00000000000000000007,0,812,0.2563406988348701,10,98,"{""type"":""Point"",""coordinates"":[108.59393270330881,14.341690781570591]}"
0000000000000000002b,0,918,0.382496034151667,10,98,"{""type"":""Point"",""coordinates"":[108.56401659434123,14.459192553429942]}"
00000000000000000074,0,885,0.6582428232292987,10,98,"{""type"":""Point"",""coordinates"":[108.5699471987423,14.438711902291466]}"
00000000000000000110,0,1044,0.06298580297442702,10,98,"{""type"":""Point"",""coordinates"":[108.47804958513184,14.443830950300818]}"
0000000000000000022b,0,910,0.32854031240358605,10,98,"{""type"":""Point"",""coordinates"":[108.59743309763576,14.425236498907953]}"
0000000000000000028b,0,1087,0.32079666143586094,10,98,"{""type"":""Point"",""coordinates"":[108.40420687168678,14.434127946408523]}"
000000000000000002f2,0,1166,0.4091478866031548,10,98,"{""type"":""Point"",""coordinates"":[108.45999468496643,14.086211045814462]}"
00000000000000000329,0,1217,0.2902198357537519,10,98,"{""type"":""Point"",""coordinates"":[108.38938481978512,14.533302812938212]}"
00000000000000000462,0,877,0.5481803787265719,10,98,"{""type"":""Point"",""coordinates"":[108.60659655030058,14.403944291377746]}"
000000000000000004ce,0,959,0.1661042400907421,10,98,"{""type"":""Point"",""coordinates"":[108.58153640238021,14.453261949028859]}"
000000000000000004ff,0,1003,0.04780576059637909,10,98,"{""type"":""Point"",""coordinates"":[108.56482815073296,14.479133653340948]}"
00000000000000000505,0,1033,0.4404311650838163,10,98,"{""type"":""Point"",""coordinates"":[108.4831686331412,14.477519458759605]}"
00000000000000000646,0,928,0.2460256043882757,10,98,"{""type"":""Point"",""coordinates"":[108.4729305371225,14.354359087663429]}"
000000000000000000fd,0,1598,0.7202961776370221,11,98,"{""type"":""Point"",""coordinates"":[108.40070201825877,14.282942125191438]}"
0000000000000000013d,0,1294,0.31369328412809294,11,98,"{""type"":""Point"",""coordinates"":[108.39639452664113,14.34276988402552]}"
00000000000000000174,0,1254,0.7745717491380291,11,98,"{""type"":""Point"",""coordinates"":[108.39989492096811,14.566179765005268]}"
0000000000000000032c,0,1149,0.4579037550115689,11,98,"{""type"":""Point"",""coordinates"":[108.45487117785603,14.48587135503271]}"
0000000000000000035c,0,748,0.2585792138656885,11,98,"{""type"":""Point"",""coordinates"":[108.4667323866582,14.271085375490328]}"
0000000000000000036c,0,855,0.04349079137673295,11,98,"{""type"":""Point"",""coordinates"":[108.5839621533533,14.375379290029372]}"
00000000000000000389,0,1138,0.17895397046074735,11,98,"{""type"":""Point"",""coordinates"":[108.41579607532469,14.308546283440327]}"
000000000000000003f1,0,993,0.13009718354237954,11,98,"{""type"":""Point"",""coordinates"":[108.5109265371989,14.449489549537644]}"
000000000000000004d4,0,733,0.31551601072611324,11,98,"{""type"":""Point"",""coordinates"":[108.59878420525496,14.319863481913973]}"
0000000000000000053a,0,718,0.11788610277110101,11,98,"{""type"":""Point"",""coordinates"":[108.6313936112588,14.253837572615598]}"
0000000000000000053f,0,989,0.3521757685075191,11,98,"{""type"":""Point"",""coordinates"":[108.49071343212363,14.422810747934879]}"
000000000000000005e1,0,659,0.34496305077808,11,98,"{""type"":""Point"",""coordinates"":[108.44786593010106,14.342230332798058]}"
00000000000000000623,0,1011,0.6778415981716691,11,98,"{""type"":""Point"",""coordinates"":[108.52952098859177,14.110196550380945]}"
000000000000000000f4,0,868,0.22297867758817325,12,98,"{""type"":""Point"",""coordinates"":[108.59635845428187,14.40259764285961]}"
00000000000000000151,0,1005,0.4308577481122199,12,98,"{""type"":""Point"",""coordinates"":[108.50634704041703,14.490455310915651]}"
00000000000000000173,0,1176,0.2827701405440477,12,98,"{""type"":""Point"",""coordinates"":[108.47131188344008,14.121785754018852]}"
000000000000000001c6,0,997,0.569717712018937,12,98,"{""type"":""Point"",""coordinates"":[108.5306000910467,14.317705277004103]}"
000000000000000001d3,0,1056,0.7875568129191247,12,98,"{""type"":""Point"",""coordinates"":[108.42549907921698,14.455420153938723]}"
00000000000000000211,0,1123,0.16343836900160758,12,98,"{""type"":""Point"",""coordinates"":[108.4893667836055,14.523871814210171]}"
000000000000000002b0,0,899,0.7194653228413694,12,98,"{""type"":""Point"",""coordinates"":[108.46619283543073,14.343576981316199]}"
000000000000000003c1,0,978,0.6031153241416741,12,98,"{""type"":""Point"",""coordinates"":[108.61495290567473,14.504737811589836]}"
000000000000000003d0,0,1028,0.7497916460992549,12,98,"{""type"":""Point"",""coordinates"":[108.56132329730494,14.518213214973352]}"
000000000000000003e9,0,912,0.4989963405878235,12,98,"{""type"":""Point"",""coordinates"":[108.46376708445766,14.229584521985908]}"
0000000000000000048b,0,747,0.5741099516610022,12,98,"{""type"":""Point"",""coordinates"":[108.6413641612143,14.248178973378776]}"
00000000000000000543,0,868,0.6248259299819815,12,98,"{""type"":""Point"",""coordinates"":[108.58503679670719,14.507970659853585]}"
00000000000000000614,0,1018,0.01598177757245578,12,98,"{""type"":""Point"",""coordinates"":[108.4748167368681,14.419038348443662]}"
0000000000000000063f,0,984,0.2448318757821769,12,98,"{""type"":""Point"",""coordinates"":[108.57668490043406,14.56429356525966]}"
00000000000000000090,0,843,0.5995025092030994,13,98,"{""type"":""Point"",""coordinates"":[108.43331142426261,14.324714983860124]}"
0000000000000000013c,0,1411,0.6785249820543043,13,98,"{""type"":""Point"",""coordinates"":[108.35974071598181,14.334145982588158]}"
0000000000000000014c,0,1248,0.3476453248672692,13,98,"{""type"":""Point"",""coordinates"":[108.38911727372192,14.553243912849219]}"
0000000000000000015f,0,955,0.5811124998452561,13,98,"{""type"":""Point"",""coordinates"":[108.58450170458075,14.497460558670616]}"
000000000000000001a5,0,1069,0.1893350111602492,13,98,"{""type"":""Point"",""coordinates"":[108.35623586255382,14.46107875317555]}"
000000000000000001ca,0,939,0.14102846044692474,13,98,"{""type"":""Point"",""coordinates"":[108.59554689789015,14.452722397801397]}"
0000000000000000021d,0,1057,0.6868281813774698,13,98,"{""type"":""Point"",""coordinates"":[108.34653731776257,14.324175432632655]}"
00000000000000000242,0,975,0.0759642649496014,13,98,"{""type"":""Point"",""coordinates"":[108.49799068504285,14.392627092904101]}"
0000000000000000025a,0,938,0.26787348344855444,13,98,"{""type"":""Point"",""coordinates"":[108.57857110017967,14.535728563911285]}"
00000000000000000273,0,666,0.22081879662350856,13,98,"{""type"":""Point"",""coordinates"":[108.55916509239509,14.221767717839215]}"
000000000000000002f7,0,1032,0.06945740643199771,13,98,"{""type"":""Point"",""coordinates"":[108.37402321665601,14.188079209380431]}"
00000000000000000375,0,742,0.02100318880674734,13,98,"{""type"":""Point"",""coordinates"":[108.63435445435827,14.236857315804079]}"
000000000000000003d5,0,1292,0.2333352697017489,13,98,"{""type"":""Point"",""coordinates"":[108.36351311547303,14.574268574316223]}"
0000000000000000050d,0,1105,0.46287450324502744,13,98,"{""type"":""Point"",""coordinates"":[108.42549907921698,14.460539201948084]}"
00000000000000000528,0,853,0.6516017087616143,13,98,"{""type"":""Point"",""coordinates"":[108.61522045173795,14.339265030597515]}"
0000000000000000056a,0,1149,0.6081842520796807,13,98,"{""type"":""Point"",""coordinates"":[108.3424929131071,14.31609108242276]}"
00000000000000000598,0,994,0.2722246683404379,13,98,"{""type"":""Point"",""coordinates"":[108.46214843077526,14.399904345823327]}"
000000000000000005e4,0,999,0.7442653686694862,13,98,"{""type"":""Point"",""coordinates"":[108.43007857599888,14.406642047515081]}"
000000000000000005ee,0,907,0.1650898605415192,13,98,"{""type"":""Point"",""coordinates"":[108.57991774869781,14.527644213701386]}"
0000000000000000061a,0,744,0.0820140155509933,13,98,"{""type"":""Point"",""coordinates"":[108.66804296281707,14.217723313183743]}"
000000000000000000b7,0,1675,0.05813204307151598,14,98,"{""type"":""Point"",""coordinates"":[108.3821075668659,14.32121013043211]}"
000000000000000000b8,0,1203,0.7629106031496229,14,98,"{""type"":""Point"",""coordinates"":[108.45379653450215,14.530337510737672]}"
00000000000000000101,0,1064,0.3723911805021002,14,98,"{""type"":""Point"",""coordinates"":[108.44517263306479,14.471856400421728]}"
000000000000000001c9,0,886,0.360787525579791,14,98,"{""type"":""Point"",""coordinates"":[108.6235768071121,14.450568651992576]}"
00000000000000000206,0,1123,0.2698694543477421,14,98,"{""type"":""Point"",""coordinates"":[108.45568273424776,14.488836657233247]}"
00000000000000000259,0,777,0.4594396067652361,14,98,"{""type"":""Point"",""coordinates"":[108.59069985504505,14.310972034413401]}"
0000000000000000026a,0,1104,0.08489096811261843,14,98,"{""type"":""Point"",""coordinates"":[108.40879082756973,14.443563404237613]}"
000000000000000002ae,0,1017,0.13515739140268712,14,98,"{""type"":""Point"",""coordinates"":[108.38561242029391,14.181613512852936]}"
000000000000000003cc,0,1143,0.6351242638069514,14,98,"{""type"":""Point"",""coordinates"":[108.36108736449995,14.454073505420583]}"
000000000000000003ec,0,1006,0.11419862795382629,14,98,"{""type"":""Point"",""coordinates"":[108.53491204176538,14.490455310915651]}"
00000000000000000426,0,923,0.3330679151512803,14,98,"{""type"":""Point"",""coordinates"":[108.56617479925109,14.534921466620613]}"
000000000000000004f3,0,937,0.5455365211607124,14,98,"{""type"":""Point"",""coordinates"":[108.58719500161703,14.446256701273896]}"
00000000000000000552,0,1059,0.7511254581925629,14,98,"{""type"":""Point"",""coordinates"":[108.45244542688296,14.065997940739189]}"
00000000000000000639,0,1040,0.5229324204037658,14,98,"{""type"":""Point"",""coordinates"":[108.48155443855985,14.444098496364028]}"
00000000000000000029,0,990,0.42296612047380666,15,98,"{""type"":""Point"",""coordinates"":[108.54973409366706,14.317977282168364]}"
00000000000000000083,0,857,0.5326546490045958,15,98,"{""type"":""Point"",""coordinates"":[108.57021474480551,14.391547990449167]}"
0000000000000000026d,0,765,0.21019729252555164,15,98,"{""type"":""Point"",""coordinates"":[108.45945513373898,14.38615693727555]}"
000000000000000002d7,0,702,0.02417188952929339,15,98,"{""type"":""Point"",""coordinates"":[108.61441335444727,14.240901720459552]}"
0000000000000000038f,0,935,0.6896149434718019,15,98,"{""type"":""Point"",""coordinates"":[108.54515459688515,14.333606431360694]}"
000000000000000003ae,0,967,0.4758377967387759,15,98,"{""type"":""Point"",""coordinates"":[108.49799068504285,14.41795924598873]}"
000000000000000003c7,0,1493,0.36259278529822525,15,98,"{""type"":""Point"",""coordinates"":[108.35704741894553,14.237668872195801]}"
00000000000000000416,0,1028,0.1885655345389612,15,98,"{""type"":""Point"",""coordinates"":[108.4672674787846,14.422003650644202]}"
0000000000000000045c,0,1222,0.23913969371689658,15,98,"{""type"":""Point"",""coordinates"":[108.40959792486039,14.34330943525299]}"
0000000000000000004f,0,1268,0.38701986239827213,16,98,"{""type"":""Point"",""coordinates"":[108.41444942680654,14.552436815558547]}"
00000000000000000136,0,1412,0.48347986879478255,16,98,"{""type"":""Point"",""coordinates"":[108.35785451623622,14.388315142185425]}"
0000000000000000024a,0,1463,0.790751671665484,16,98,"{""type"":""Point"",""coordinates"":[108.37833516737469,14.255184221133739]}"
000000000000000004e2,0,1421,0.15008374972753613,16,98,"{""type"":""Point"",""coordinates"":[108.3980087212225,14.341690781570591]}"
000000000000000005af,0,1260,0.32014535216809636,16,98,"{""type"":""Point"",""coordinates"":[108.3996273749049,14.56429356525966]}"
000000000000000000e7,0,1105,0.006429085020937975,17,98,"{""type"":""Point"",""coordinates"":[108.38561242029391,14.431974200599708]}"
0000000000000000017e,0,1180,0.5733063013156966,17,98,"{""type"":""Point"",""coordinates"":[108.36998327110157,14.415533495015652]}"
000000000000000001f7,0,1263,0.15865245658465255,17,98,"{""type"":""Point"",""coordinates"":[108.39235012198566,14.53977296856676]}"
00000000000000000291,0,1035,0.6195424312569741,17,98,"{""type"":""Point"",""coordinates"":[108.47831713119506,14.465123157831025]}"
000000000000000002e1,0,1007,0.24282161072743147,17,98,"{""type"":""Point"",""coordinates"":[108.3799538210571,14.187004566026554]}"
0000000000000000030b,0,1098,0.7470718647135713,17,98,"{""type"":""Point"",""coordinates"":[108.36405266670049,14.21503001614746]}"
00000000000000000519,0,1054,0.4817226637057046,17,98,"{""type"":""Point"",""coordinates"":[108.49341118826098,14.457845904911801]}"
00000000000000000550,0,1189,0.1462943601486436,17,98,"{""type"":""Point"",""coordinates"":[108.3934292244406,14.512282610572269]}"
000000000000000005ab,0,1146,0.38794123725799556,17,98,"{""type"":""Point"",""coordinates"":[108.40905837363294,14.499346758416223]}"
00000000000000000006,0,1044,0.1236507799245048,18,98,"{""type"":""Point"",""coordinates"":[108.46053423619392,14.445989155210684]}"
000000000000000001a2,0,892,0.453525262912405,18,98,"{""type"":""Point"",""coordinates"":[108.60875475521046,14.419845445734337]}"
00000000000000000268,0,954,0.487741058001818,18,98,"{""type"":""Point"",""coordinates"":[108.53248629079232,14.333878436524953]}"
0000000000000000029c,0,917,0.09872518797421437,18,98,"{""type"":""Point"",""coordinates"":[108.54407549443023,14.340883684279913]}"
000000000000000002a1,0,924,0.22998623367266147,18,98,"{""type"":""Point"",""coordinates"":[108.51982244380052,14.313397785386476]}"
000000000000000003bd,0,987,0.30900338734799915,18,98,"{""type"":""Point"",""coordinates"":[108.55296694193078,14.550550615812941]}"
00000000000000000438,0,893,0.3416130602917713,18,98,"{""type"":""Point"",""coordinates"":[108.46619283543073,14.363250535164003]}"
000000000000000001b5,0,1175,0.1753729773549273,19,98,"{""type"":""Point"",""coordinates"":[108.41067702731533,14.360289692064512]}"
000000000000000001d9,0,960,0.17792644858103068,19,98,"{""type"":""Point"",""coordinates"":[108.55674380052305,14.339537035761776]}"
00000000000000000270,0,1279,0.1323921355113198,19,98,"{""type"":""Point"",""coordinates"":[108.37644896762907,14.181881058916138]}"
000000000000000003e1,0,1246,0.14498077338797588,19,98,"{""type"":""Point"",""coordinates"":[108.30988350710324,14.400983448278255]}"
00000000000000000419,0,1062,0.11279755426598792,19,98,"{""type"":""Point"",""coordinates"":[108.49071343212363,14.526297565183247]}"
00000000000000000153,0,805,0.41736475124212946,20,98,"{""type"":""Point"",""coordinates"":[108.50014888995273,14.346814288680996]}"
0000000000000000017f,0,835,0.4995512704319487,20,98,"{""type"":""Point"",""coordinates"":[108.53194673956486,14.292645129083738]}"
000000000000000002cd,0,996,0.522512033621342,20,98,"{""type"":""Point"",""coordinates"":[108.55054119095772,14.347081834744202]}"
0000000000000000039b,0,884,0.36907347978171434,20,98,"{""type"":""Point"",""coordinates"":[108.41606362138789,14.232277819022185]}"
0000000000000000050e,0,692,0.6719802049839446,20,98,"{""type"":""Point"",""coordinates"":[108.62573055292091,14.244406573887561]}"
000000000000000005c8,0,1115,0.34205142382474496,20,98,"{""type"":""Point"",""coordinates"":[108.4947578367791,14.519287858327232]}"
0000000000000000001f,0,1045,0.5146807567035093,21,98,"{""type"":""Point"",""coordinates"":[108.48290108707799,14.491262408206321]}"
0000000000000000003a,0,902,0.740406292898647,21,98,"{""type"":""Point"",""coordinates"":[108.33818096238842,14.406642047515081]}"
0000000000000000033d,0,766,0.20122007903908246,22,98,"{""type"":""Point"",""coordinates"":[108.59096740110824,14.314744433904615]}"
000000000000000003ff,0,909,0.2501730556571028,22,98,"{""type"":""Point"",""coordinates"":[108.60471035055497,14.431974200599708]}"
00000000000000000581,0,896,0.7659839423893551,22,98,"{""type"":""Point"",""coordinates"":[108.60039839983628,14.522792711755242]}"
00000000000000000587,0,774,0.350748117519207,22,98,"{""type"":""Point"",""coordinates"":[108.47885668242252,14.279976822990896]}"
00000000000000000299,0,1355,0.07083144607400516,23,98,"{""type"":""Point"",""coordinates"":[108.38911727372192,14.345467640162859]}"
0000000000000000053b,0,721,0.7086977168757034,23,98,"{""type"":""Point"",""coordinates"":[108.49233208580603,14.218802415638674]}"
000000000000000002cc,0,921,0.5978002282107956,24,98,"{""type"":""Point"",""coordinates"":[108.41633562655215,14.229852068049114]}"
00000000000000000451,0,995,0.014263466388499402,24,98,"{""type"":""Point"",""coordinates"":[108.56132329730494,14.540847611920642]}"
000000000000000005e8,0,1270,0.3949941844251511,24,98,"{""type"":""Point"",""coordinates"":[108.38857772249446,14.347888932034882]}"
0000000000000000064c,0,806,0.1548632973372811,24,98,"{""type"":""Point"",""coordinates"":[108.47050478614942,14.105077502371591]}"
000000000000000002f8,0,1067,0.056634367345416936,25,98,"{""type"":""Point"",""coordinates"":[108.52844634523788,14.309892931958464]}"
00000000000000000428,0,1143,0.24136310013919515,25,98,"{""type"":""Point"",""coordinates"":[108.3837262205483,14.382924089011805]}"
000000000000000002c6,0,859,0.404975836624902,26,98,"{""type"":""Point"",""coordinates"":[108.62815630389399,14.476979907532133]}"
0000000000000000049e,0,1270,0.7351085271782929,26,98,"{""type"":""Point"",""coordinates"":[108.35893361869115,14.350586688172214]}"
00000000000000000638,0,1463,0.07737032114140407,27,98,"{""type"":""Point"",""coordinates"":[108.36432467186476,14.293184680311205]}"
00000000000000000520,0,1666,0.402225204084514,28,98,"{""type"":""Point"",""coordinates"":[108.34869106357138,14.254377123843065]}"
000000000000000003e6,0,766,0.1375185061220472,29,98,"{""type"":""Point"",""coordinates"":[108.43277187303516,14.23173826779472]}"
000000000000000003fd,0,1253,0.6677667069142802,29,98,"{""type"":""Point"",""coordinates"":[108.41794982113349,14.320403033141439]}"
0000000000000000063d,0,1311,0.035942145308260454,29,98,"{""type"":""Point"",""coordinates"":[108.35542876526313,14.21503001614746]}"
00000000000000000058,0,1195,0.18659085402364006,30,98,"{""type"":""Point"",""coordinates"":[108.35462166797247,14.436553697381601]}"
000000000000000000fb,0,1534,0.768790984219547,30,98,"{""type"":""Point"",""coordinates"":[108.40097402342303,14.315011979967824]}"
00000000000000000289,0,1181,0.4972819862505201,30,98,"{""type"":""Point"",""coordinates"":[108.41444942680654,14.362710983936534]}"
000000000000000001e1,0,777,0.365428216664591,31,98,"{""type"":""Point"",""coordinates"":[108.43331142426261,14.29695707980242]}"
0000000000000000052a,0,1282,0.3420178791425572,31,98,"{""type"":""Point"",""coordinates"":[108.36459221792796,14.363790086391466]}"
00000000000000000103,0,1304,0.6807460199750963,33,98,"{""type"":""Point"",""coordinates"":[108.36135936966421,14.356245287409036]}"
0000000000000000058d,0,679,0.7614855319906656,33,98,"{""type"":""Point"",""coordinates"":[108.50634704041703,14.20532701225516]}"
0000000000000000017b,0,960,0.27803295580711285,34,98,"{""type"":""Point"",""coordinates"":[108.42253377701645,14.301808581748569]}"
000000000000000001e7,0,1096,0.16569790733503353,35,98,"{""type"":""Point"",""coordinates"":[108.46996523492194,14.138761551729322]}"
000000000000000004d0,0,1133,0.573898201206248,35,98,"{""type"":""Point"",""coordinates"":[108.38291912325764,14.383196094176062]}"
0000000000000000017d,0,1073,0.2815876464259034,37,98,"{""type"":""Point"",""coordinates"":[108.51146608842637,14.08028490051443]}"
00000000000000000235,0,972,0.6672957595822478,37,98,"{""type"":""Point"",""coordinates"":[108.34276491827136,14.45299440296565]}"
00000000000000000634,0,1399,0.7575403108321823,38,98,"{""type"":""Point"",""coordinates"":[108.36324556940984,14.305308976075525]}"
00000000000000000603,0,1111,0.4433415622920086,39,98,"{""type"":""Point"",""coordinates"":[108.38777062520377,14.181341507688677]}"
000000000000000002b2,0,1421,0.01566574734631454,40,98,"{""type"":""Point"",""coordinates"":[108.36081981843675,14.37106733931069]}"
000000000000000005ca,0,726,0.5983297001713538,1,100,"{""type"":""Point"",""coordinates"":[108.51308474210876,14.277283525954617]}"
00000000000000000031,0,789,0.5085333965428428,4,100,"{""type"":""Point"",""coordinates"":[108.56320949705055,14.31663063365022]}"
0000000000000000055b,0,686,0.27902119792030755,4,100,"{""type"":""Point"",""coordinates"":[108.64567611193297,14.19724266204526]}"
00000000000000000104,0,737,0.1599882225101451,5,100,"{""type"":""Point"",""coordinates"":[108.5025746409258,14.321482135596373]}"
000000000000000001a4,0,705,0.23389212016849747,5,100,"{""type"":""Point"",""coordinates"":[108.54138219739394,14.28752608107438]}"
00000000000000000202,0,1109,0.18180981503610694,5,100,"{""type"":""Point"",""coordinates"":[108.42630617650767,14.438979448354669]}"
0000000000000000021e,0,729,0.631729246789689,6,100,"{""type"":""Point"",""coordinates"":[108.5306000910467,14.258417069397487]}"
00000000000000000016,0,759,0.20168495499423,8,100,"{""type"":""Point"",""coordinates"":[108.33764141116094,14.444098496364028]}"
000000000000000003c8,0,712,0.5498347128355985,8,100,"{""type"":""Point"",""coordinates"":[108.41444942680656,14.210985611491987]}"
00000000000000000619,0,618,0.18377316335999527,8,100,"{""type"":""Point"",""coordinates"":[108.59797264886322,14.236322223677663]}"
0000000000000000000c,0,733,0.595475901287922,9,100,"{""type"":""Point"",""coordinates"":[108.4117516706692,14.218802415638674]}"
000000000000000002e9,0,873,0.17205422146254945,9,100,"{""type"":""Point"",""coordinates"":[108.54919454243958,14.435474594926662]}"
0000000000000000036d,0,656,0.11433441434966785,9,100,"{""type"":""Point"",""coordinates"":[108.47454473170384,14.147117907103476]}"
000000000000000005b0,0,687,0.25657767976848256,9,100,"{""type"":""Point"",""coordinates"":[108.56778899383244,14.23173826779472]}"
000000000000000005be,0,718,0.5832300587572156,10,100,"{""type"":""Point"",""coordinates"":[108.55377849832252,14.24467411995077]}"
00000000000000000442,0,615,0.10966598899419289,11,100,"{""type"":""Point"",""coordinates"":[108.5580904490412,14.216376664665601]}"
00000000000000000185,0,906,0.6248370550571577,12,100,"{""type"":""Point"",""coordinates"":[108.5386844412566,14.37403264151123]}"
000000000000000004b6,0,732,0.7166552332861561,13,100,"{""type"":""Point"",""coordinates"":[108.50014888995273,14.243595017495833]}"
00000000000000000502,0,830,0.14335267229252713,14,100,"{""type"":""Point"",""coordinates"":[108.57183339848791,14.295877977347482]}"
00000000000000000569,0,753,0.6280544715699231,14,100,"{""type"":""Point"",""coordinates"":[108.54622924023903,14.295070880056812]}"
000000000000000000ff,0,642,0.45575737016674234,16,100,"{""type"":""Point"",""coordinates"":[108.56536324285938,14.220421069321075]}"
000000000000000000e9,0,915,0.33216639201664133,21,100,"{""type"":""Point"",""coordinates"":[108.35623586255382,14.47644035630467]}"
000000000000000001ed,0,761,0.335979381099752,21,100,"{""type"":""Point"",""coordinates"":[108.53410494447472,14.127983904483143]}"
000000000000000001b3,0,839,0.02485563454019679,23,100,"{""type"":""Point"",""coordinates"":[108.49637649046151,14.071388993912803]}"
00000000000000000574,0,655,0.11122098952885884,23,100,"{""type"":""Point"",""coordinates"":[108.45864357734725,14.358131487154644]}"
000000000000000005e7,0,623,0.3936929737635899,27,100,"{""type"":""Point"",""coordinates"":[108.59878420525496,14.21179716788371]}"
0000000000000000061b,0,1028,0.7865985036488155,28,100,"{""type"":""Point"",""coordinates"":[108.4950253828423,14.478866107277744]}"
0000000000000000000f,0,887,0.3030323463122242,29,100,"{""type"":""Point"",""coordinates"":[108.47508428293129,14.245213671178234]}"
00000000000000000328,0,666,0.4527931710738555,30,100,"{""type"":""Point"",""coordinates"":[108.50742614287194,14.289140275655729]}"
000000000000000000bd,0,817,0.43448944569725645,31,100,"{""type"":""Point"",""coordinates"":[108.4295390247714,14.271624926717793]}"
00000000000000000125,0,658,0.5069958309613114,31,100,"{""type"":""Point"",""coordinates"":[108.43466253188181,14.25060472435185]}"
000000000000000004fc,0,791,0.1629800525958035,31,100,"{""type"":""Point"",""coordinates"":[108.574259149461,14.29048692417387]}"
000000000000000009ec,1,688,0.04850631076291423,0,43,"{""type"":""Point"",""coordinates"":[108.54784789392144,14.28779362713759]}"
00000000000000000b47,1,521,0.20038427135766035,1,93,"{""type"":""Point"",""coordinates"":[108.51766423889066,14.184578815053477]}"
00000000000000000c4d,1,945,0.15900018071891064,1,63,"{""type"":""Point"",""coordinates"":[108.49772313897964,14.360017686900251]}"
00000000000000000899,1,845,0.7893552894603435,2,70,"{""type"":""Point"",""coordinates"":[108.56698189654178,14.372413987828832]}"
00000000000000000a66,1,619,0.7094813697640884,2,63,"{""type"":""Point"",""coordinates"":[108.66319146087092,14.144692156130404]}"
00000000000000000aaf,1,727,0.428081960191254,2,43,"{""type"":""Point"",""coordinates"":[108.47077233221263,14.266233873544179]}"
00000000000000000b46,1,546,0.5193052283803841,2,31,"{""type"":""Point"",""coordinates"":[108.51712468766318,14.144959702193612]}"
00000000000000000b94,1,555,0.6570615546774203,2,61,"{""type"":""Point"",""coordinates"":[108.51415938546266,14.185653458407355]}"
0000000000000000067f,1,535,0.035317428196485534,3,40,"{""type"":""Point"",""coordinates"":[108.5306000910467,14.140112659348516]}"
000000000000000008b0,1,541,0.6288129045367069,3,67,"{""type"":""Point"",""coordinates"":[108.50823324016262,14.145771258585338]}"
0000000000000000092a,1,1115,0.523793937164764,3,37,"{""type"":""Point"",""coordinates"":[108.37752807008401,14.476707902367876]}"
00000000000000000943,1,898,0.36676429053855286,3,60,"{""type"":""Point"",""coordinates"":[108.51173809359062,14.402869648023866]}"
0000000000000000099f,1,524,0.47998447020192625,3,67,"{""type"":""Point"",""coordinates"":[108.52736724278296,14.20371281767381]}"
000000000000000009ee,1,995,0.028397767024867515,3,64,"{""type"":""Point"",""coordinates"":[108.43924202866371,14.389122239476096]}"
00000000000000000aac,1,775,0.5350151243970768,3,69,"{""type"":""Point"",""coordinates"":[108.45352452933788,14.206673660773301]}"
00000000000000000b19,1,523,0.02483311656131504,3,69,"{""type"":""Point"",""coordinates"":[108.52628814032803,14.199128861790868]}"
00000000000000000850,1,1080,0.17113543601641334,4,66,"{""type"":""Point"",""coordinates"":[108.39935536974065,14.420117450898594]}"
0000000000000000088c,1,765,0.679565260409363,4,41,"{""type"":""Point"",""coordinates"":[108.45460363179284,14.212336719111175]}"
000000000000000008aa,1,583,0.36963717493998904,4,48,"{""type"":""Point"",""coordinates"":[108.57614534920661,14.11747380330017]}"
000000000000000008c0,1,952,0.4569185771280443,4,64,"{""type"":""Point"",""coordinates"":[108.50526793796209,14.36675538859201]}"
000000000000000008e0,1,727,0.5505883043575042,4,50,"{""type"":""Point"",""coordinates"":[108.47885668242252,14.248718524606241]}"
00000000000000000906,1,1024,0.6579894382459884,4,77,"{""type"":""Point"",""coordinates"":[108.43304387819941,14.400711443113998]}"
00000000000000000914,1,714,0.7644813522949647,4,53,"{""type"":""Point"",""coordinates"":[108.57722445166154,14.293724231538672]}"
00000000000000000963,1,505,0.5369346556413087,4,41,"{""type"":""Point"",""coordinates"":[108.54164974345716,14.15762800828645]}"
00000000000000000a05,1,555,0.3554824848264806,4,48,"{""type"":""Point"",""coordinates"":[108.51443139062691,14.185925463571618]}"
00000000000000000a9f,1,821,0.549827473213221,4,53,"{""type"":""Point"",""coordinates"":[108.32713130997797,14.397746140913458]}"
00000000000000000bc0,1,702,0.03667354443890891,4,53,"{""type"":""Point"",""coordinates"":[108.48236153585052,14.254644669906272]}"
00000000000000000854,1,868,0.2546605266655342,5,67,"{""type"":""Point"",""coordinates"":[108.53571913905607,14.380770343202988]}"
0000000000000000096d,1,672,0.13822064400294842,5,84,"{""type"":""Point"",""coordinates"":[108.42468752282525,14.222846820294148]}"
000000000000000009ff,1,653,0.7272843350000722,5,57,"{""type"":""Point"",""coordinates"":[108.4373558289181,14.284560778873843]}"
00000000000000000a9a,1,890,0.5464900014744806,5,63,"{""type"":""Point"",""coordinates"":[108.32767086120545,14.326601183605728]}"
00000000000000000b7e,1,961,0.23031175878464683,5,31,"{""type"":""Point"",""coordinates"":[108.47616338538623,14.40259764285961]}"
00000000000000000bb5,1,514,0.44028678785014963,5,37,"{""type"":""Point"",""coordinates"":[108.57183339848791,14.118280900590841]}"
00000000000000000bd7,1,613,0.0017680113659777064,5,42,"{""type"":""Point"",""coordinates"":[108.45029168107415,14.286174973455186]}"
00000000000000000c43,1,854,0.03029106426181505,5,57,"{""type"":""Point"",""coordinates"":[108.4767029366137,14.343041889189784]}"
0000000000000000068a,1,720,0.6478900524714715,6,57,"{""type"":""Point"",""coordinates"":[108.51631759037251,14.278090623245289]}"
000000000000000006b5,1,970,0.35270848427846213,6,40,"{""type"":""Point"",""coordinates"":[108.48451528165936,14.493955705242605]}"
000000000000000008ef,1,726,0.3811955959286001,6,61,"{""type"":""Point"",""coordinates"":[108.52548104303735,14.286714524682653]}"
0000000000000000093d,1,1019,0.5595706557786305,6,66,"{""type"":""Point"",""coordinates"":[108.40501396897746,14.412568192815112]}"
000000000000000009f5,1,787,0.06386878915910477,6,63,"{""type"":""Point"",""coordinates"":[108.45433162662856,14.201287066700742]}"
00000000000000000a5f,1,667,0.36903054830797977,6,67,"{""type"":""Point"",""coordinates"":[108.520361995028,14.237936418259011]}"
00000000000000000adc,1,1117,0.6464086326180406,6,60,"{""type"":""Point"",""coordinates"":[108.38264711809337,14.481559404314025]}"
00000000000000000b01,1,630,0.4138188166471046,6,70,"{""type"":""Point"",""coordinates"":[108.48586638927854,14.187811663317225]}"
00000000000000000b1a,1,801,0.40901312887489705,6,66,"{""type"":""Point"",""coordinates"":[108.44517263306479,14.242520374141952]}"
000000000000000006b2,1,853,0.7538366890555024,7,53,"{""type"":""Point"",""coordinates"":[108.53895644642087,14.345735186226067]}"
00000000000000000757,1,1022,0.1931889790401995,7,34,"{""type"":""Point"",""coordinates"":[108.42549907921698,14.450568651992576]}"
00000000000000000767,1,530,0.36450044889940414,7,53,"{""type"":""Point"",""coordinates"":[108.5764128952698,14.15897465680459]}"
0000000000000000080b,1,1032,0.4898810582556832,7,31,"{""type"":""Point"",""coordinates"":[108.44894503255601,14.420117450898594]}"
000000000000000008fc,1,520,0.4783644806122511,7,40,"{""type"":""Point"",""coordinates"":[108.53787734396593,14.203173266446344]}"
00000000000000000972,1,519,0.3429992180128316,7,64,"{""type"":""Point"",""coordinates"":[108.51254519088131,14.217188221057327]}"
00000000000000000a63,1,1141,0.3165707953277145,7,66,"{""type"":""Point"",""coordinates"":[108.42064757727083,14.498539661125548]}"
00000000000000000a6a,1,756,0.5669913405844608,7,88,"{""type"":""Point"",""coordinates"":[108.50607503525276,14.332799334070017]}"
00000000000000000a9d,1,634,0.11766840561485359,7,37,"{""type"":""Point"",""coordinates"":[108.43950957472693,14.252218918933197]}"
00000000000000000aa2,1,609,0.24455206427303,7,66,"{""type"":""Point"",""coordinates"":[108.4419353257,14.284560778873843]}"
00000000000000000b5b,1,845,0.6160769687922298,7,67,"{""type"":""Point"",""coordinates"":[108.32928951488783,14.361636340582653]}"
00000000000000000c08,1,941,0.3185210067273083,7,63,"{""type"":""Point"",""coordinates"":[108.44624727641866,14.373760636346972]}"
00000000000000000658,1,745,0.4313493167949132,8,77,"{""type"":""Point"",""coordinates"":[108.42576662528019,14.202901261282085]}"
00000000000000000727,1,472,0.32891806750216923,8,31,"{""type"":""Point"",""coordinates"":[108.61495290567474,14.014526537279265]}"
00000000000000000748,1,695,0.7269646294897127,8,77,"{""type"":""Point"",""coordinates"":[108.47535628809557,14.177029556969993]}"
000000000000000007ba,1,606,0.6532706779985215,8,70,"{""type"":""Point"",""coordinates"":[108.44139577447253,14.266773424771644]}"
00000000000000000872,1,663,0.26148435867818043,8,88,"{""type"":""Point"",""coordinates"":[108.48290108707799,14.22122816661175]}"
00000000000000000910,1,829,0.785455262938625,8,60,"{""type"":""Point"",""coordinates"":[108.5025746409258,14.35355199037275]}"
00000000000000000994,1,530,0.004235245326019266,8,66,"{""type"":""Point"",""coordinates"":[108.51712468766318,14.179994859170534]}"
00000000000000000a22,1,1129,0.11298274499672523,8,63,"{""type"":""Point"",""coordinates"":[108.41498897803402,14.513629259090408]}"
00000000000000000a3e,1,605,0.13476104133772948,8,50,"{""type"":""Point"",""coordinates"":[108.48721303779668,14.16651945578702]}"
00000000000000000b16,1,934,0.2097585960341296,8,63,"{""type"":""Point"",""coordinates"":[108.49367873432418,14.35759193592718]}"
00000000000000000b1f,1,610,0.5755499389713918,8,33,"{""type"":""Point"",""coordinates"":[108.44651928158292,14.281863022736507]}"
00000000000000000b43,1,781,0.20598224423412792,8,53,"{""type"":""Point"",""coordinates"":[108.44867302739175,14.23955507194141]}"
00000000000000000b7a,1,666,0.600500544760435,8,43,"{""type"":""Point"",""coordinates"":[108.4389744826005,14.261921922825497]}"
00000000000000000bef,1,651,0.6744230090131317,8,39,"{""type"":""Point"",""coordinates"":[108.57911065140713,14.25680287481614]}"
00000000000000000c64,1,613,0.3144398950154834,8,37,"{""type"":""Point"",""coordinates"":[108.4470588328104,14.28240257396397]}"
00000000000000000c71,1,849,0.7022116795266204,8,60,"{""type"":""Point"",""coordinates"":[108.56698189654178,14.361364335418392]}"
000000000000000006bc,1,755,0.20012398636086348,9,73,"{""type"":""Point"",""coordinates"":[108.50122353330661,14.10480549720733]}"
000000000000000006db,1,760,0.39022790069972957,9,60,"{""type"":""Point"",""coordinates"":[108.51335228817199,14.324982529923327]}"
000000000000000008d4,1,840,0.7285529390924964,9,31,"{""type"":""Point"",""coordinates"":[108.56698189654178,14.424157396453017]}"
000000000000000008ed,1,617,0.6550647275651981,9,64,"{""type"":""Point"",""coordinates"":[108.4866734865692,14.301808581748569]}"
0000000000000000091e,1,748,0.27040740803606167,9,57,"{""type"":""Point"",""coordinates"":[108.5764128952698,14.30584852730299]}"
0000000000000000093b,1,832,0.12867736181338474,9,64,"{""type"":""Point"",""coordinates"":[108.57857110017969,14.375111743966166]}"
00000000000000000986,1,959,0.32819765551804436,9,53,"{""type"":""Point"",""coordinates"":[108.48909923754229,14.489915759688186]}"
000000000000000009a1,1,596,0.3985791883014581,9,37,"{""type"":""Point"",""coordinates"":[108.50823324016261,14.1608608565502]}"
00000000000000000bb9,1,852,0.6055368267616139,9,30,"{""type"":""Point"",""coordinates"":[108.45918312857471,14.202901261282085]}"
00000000000000000bfc,1,532,0.3678098454570423,9,63,"{""type"":""Point"",""coordinates"":[108.51712468766318,14.180266864334797]}"
00000000000000000c56,1,678,0.29359168511434064,9,93,"{""type"":""Point"",""coordinates"":[108.54272884591208,14.24467411995077]}"
000000000000000006b1,1,518,0.22388325487799476,10,53,"{""type"":""Point"",""coordinates"":[108.5481198990857,14.189425857898572]}"
000000000000000006d4,1,593,0.7065931635437818,10,99,"{""type"":""Point"",""coordinates"":[108.51820379011812,14.173796708706245]}"
00000000000000000711,1,546,0.3428390955657723,10,39,"{""type"":""Point"",""coordinates"":[108.55674380052305,14.149811204139759]}"
000000000000000007ea,1,544,0.6153455525848184,10,70,"{""type"":""Point"",""coordinates"":[108.51362429333624,14.187004566026554]}"
00000000000000000801,1,842,0.25360579263510574,10,70,"{""type"":""Point"",""coordinates"":[108.32713130997796,14.389661790703556]}"
00000000000000000877,1,527,0.15518113756550067,10,36,"{""type"":""Point"",""coordinates"":[108.5564717953588,14.173257157478778]}"
000000000000000008ad,1,785,0.5486378548508104,10,77,"{""type"":""Point"",""coordinates"":[108.50661458648021,14.33845793330684]}"
00000000000000000a7c,1,902,0.26674325935869214,10,63,"{""type"":""Point"",""coordinates"":[108.44274688209173,14.373225544220558]}"
00000000000000000a89,1,569,0.2768593300930917,10,60,"{""type"":""Point"",""coordinates"":[108.55243184980436,14.076240495858954]}"
00000000000000000a90,1,588,0.09949708219176512,10,48,"{""type"":""Point"",""coordinates"":[108.49367873432418,14.302076127811775]}"
00000000000000000aa7,1,971,0.2764060865239827,10,66,"{""type"":""Point"",""coordinates"":[108.51065899113568,14.471856400421728]}"
00000000000000000b35,1,570,0.7336255289103109,10,33,"{""type"":""Point"",""coordinates"":[108.51200563965384,14.165172807268881]}"
00000000000000000b9a,1,860,0.47155968850457486,10,60,"{""type"":""Point"",""coordinates"":[108.43924202866371,14.226619219785364]}"
00000000000000000c48,1,863,0.5487656183834945,10,88,"{""type"":""Point"",""coordinates"":[108.48101488733239,14.350586688172218]}"
0000000000000000066f,1,532,0.6660180796650371,11,53,"{""type"":""Point"",""coordinates"":[108.55943709755935,14.108042804572133]}"
000000000000000007f3,1,1140,0.35229860250205314,11,70,"{""type"":""Point"",""coordinates"":[108.43789538014558,14.508510211081054]}"
0000000000000000084b,1,764,0.23345410089991847,11,60,"{""type"":""Point"",""coordinates"":[108.50823324016261,14.051447894001798]}"
00000000000000000862,1,482,0.1300356524059254,11,37,"{""type"":""Point"",""coordinates"":[108.55566469806813,14.158707110741384]}"
000000000000000008ba,1,986,0.14306772855778505,11,63,"{""type"":""Point"",""coordinates"":[108.43546962917249,14.359478135672784]}"
0000000000000000090a,1,603,0.5475000950497448,11,43,"{""type"":""Point"",""coordinates"":[108.49529738800656,14.04605684082818]}"
0000000000000000096e,1,504,0.04872652371989372,11,48,"{""type"":""Point"",""coordinates"":[108.60632900423738,14.178380664589184]}"
0000000000000000098a,1,534,0.474119662768103,11,36,"{""type"":""Point"",""coordinates"":[108.5960864491176,14.20559901741942]}"
000000000000000009a6,1,574,0.297753756724898,11,32,"{""type"":""Point"",""coordinates"":[108.47023278098516,14.311779131704073]}"
00000000000000000a1f,1,514,0.6362784630906461,11,40,"{""type"":""Point"",""coordinates"":[108.5580904490412,14.171642962897431]}"
00000000000000000c6e,1,812,0.5642108290819372,11,99,"{""type"":""Point"",""coordinates"":[108.56320949705056,14.312046677767281]}"
00000000000000000771,1,907,0.691142617732965,12,66,"{""type"":""Point"",""coordinates"":[108.51766423889066,14.355977741345828]}"
000000000000000007a2,1,727,0.44623238474677673,12,31,"{""type"":""Point"",""coordinates"":[108.52332283812747,14.28617497345519]}"
000000000000000007a4,1,733,0.11504503482822659,12,48,"{""type"":""Point"",""coordinates"":[108.50041643601593,14.325794086315053]}"
00000000000000000851,1,535,0.24720290354549967,12,48,"{""type"":""Point"",""coordinates"":[108.520361995028,14.184039263826012]}"
00000000000000000940,1,505,0.7553607889969884,12,50,"{""type"":""Point"",""coordinates"":[108.54784789392143,14.015605639734199]}"
00000000000000000c2b,1,1089,0.057076282438180526,12,37,"{""type"":""Point"",""coordinates"":[108.39208257592247,14.414186846497511]}"
00000000000000000c61,1,1067,0.05086489471838085,12,84,"{""type"":""Point"",""coordinates"":[108.465381279039,14.515247912772809]}"
000000000000000006be,1,722,0.16830225869758408,13,93,"{""type"":""Point"",""coordinates"":[108.47616338538623,14.27000627303539]}"
000000000000000006e7,1,716,0.6542999429063605,13,93,"{""type"":""Point"",""coordinates"":[108.4419353257,14.262189468888701]}"
0000000000000000076a,1,954,0.7932848819837893,13,77,"{""type"":""Point"",""coordinates"":[108.41660317261535,14.399904345823327]}"
0000000000000000082c,1,527,0.21659008298401883,13,36,"{""type"":""Point"",""coordinates"":[108.59905175131814,14.170563860442497]}"
000000000000000008a5,1,632,0.5050273984023157,13,43,"{""type"":""Point"",""coordinates"":[108.49475783677912,14.034200091127069]}"
00000000000000000909,1,876,0.05870885911550938,13,36,"{""type"":""Point"",""coordinates"":[108.45109877836481,14.382656542948595]}"
0000000000000000098b,1,683,0.4766130297506126,13,66,"{""type"":""Point"",""coordinates"":[108.47481673686809,14.17918776187986]}"
00000000000000000a68,1,1106,0.16075060572347144,13,77,"{""type"":""Point"",""coordinates"":[108.42226177185219,14.364601642783192]}"
00000000000000000acd,1,875,0.7667943356086192,13,36,"{""type"":""Point"",""coordinates"":[108.45109877836481,14.382384537784338]}"
00000000000000000bf5,1,731,0.13529368204035375,13,37,"{""type"":""Point"",""coordinates"":[108.47508428293129,14.195088916236449]}"
00000000000000000c05,1,965,0.7881833935662392,13,77,"{""type"":""Point"",""coordinates"":[108.41633562655215,14.40017189188653]}"
00000000000000000c19,1,643,0.28780117038212316,13,67,"{""type"":""Point"",""coordinates"":[108.44975212984667,14.283214130355699]}"
00000000000000000c29,1,1098,0.44885052195454456,13,43,"{""type"":""Point"",""coordinates"":[108.39154302469498,14.413914841333256]}"
00000000000000000686,1,585,0.6922031079487774,14,67,"{""type"":""Point"",""coordinates"":[108.55323894709505,14.076240495858958]}"
000000000000000007e9,1,549,0.6200242627916829,14,77,"{""type"":""Point"",""coordinates"":[108.5222481947736,14.184578815053477]}"
0000000000000000083f,1,655,0.7203768531979776,14,53,"{""type"":""Point"",""coordinates"":[108.51658513643574,14.251144275579314]}"
000000000000000008c6,1,601,0.13828570280248753,14,42,"{""type"":""Point"",""coordinates"":[108.52305529206427,14.194549365008983]}"
000000000000000008cc,1,814,0.7363933692107224,14,64,"{""type"":""Point"",""coordinates"":[108.46888613246702,14.202361710054618]}"
00000000000000000a81,1,597,0.19334564928086817,14,43,"{""type"":""Point"",""coordinates"":[108.4928716370335,14.304234332721645]}"
00000000000000000b51,1,1022,0.09320952472608413,14,93,"{""type"":""Point"",""coordinates"":[108.4052859741417,14.401518540404673]}"
00000000000000000c4f,1,795,0.60331243564583,14,88,"{""type"":""Point"",""coordinates"":[108.4195684748159,14.205059466191951]}"
00000000000000000650,1,619,0.5194646050065154,15,70,"{""type"":""Point"",""coordinates"":[108.50957988868076,14.271352921553536]}"
00000000000000000741,1,647,0.39214327854478737,15,66,"{""type"":""Point"",""coordinates"":[108.51712468766318,14.203440812509553]}"
0000000000000000079f,1,953,0.3122277502859344,15,84,"{""type"":""Point"",""coordinates"":[108.44651928158292,14.394513292649709]}"
0000000000000000081b,1,773,0.6764980716305555,15,99,"{""type"":""Point"",""coordinates"":[108.45433162662857,14.263268571343634]}"
000000000000000008ea,1,813,0.46253381657066317,15,48,"{""type"":""Point"",""coordinates"":[108.5985122000907,14.35570573618157]}"
00000000000000000926,1,725,0.2830256170730977,15,93,"{""type"":""Point"",""coordinates"":[108.42199422578898,14.20398036373702]}"
00000000000000000941,1,744,0.6207477591726738,15,99,"{""type"":""Point"",""coordinates"":[108.47346562924889,14.271352921553536]}"
000000000000000009b3,1,861,0.7955304428989922,15,32,"{""type"":""Point"",""coordinates"":[108.45244542688296,14.198321764500196]}"
00000000000000000bc2,1,607,0.6104640761766967,15,37,"{""type"":""Point"",""coordinates"":[108.55000609883129,14.06896324293973]}"
00000000000000000c17,1,1013,0.5471345891732516,15,31,"{""type"":""Point"",""coordinates"":[108.41256322706093,14.39720658968599]}"
00000000000000000c5b,1,609,0.683410725663795,15,57,"{""type"":""Point"",""coordinates"":[108.44436107667306,14.270545824262861]}"
000000000000000009d7,1,656,0.5742858419209089,16,66,"{""type"":""Point"",""coordinates"":[108.51712468766318,14.204519914964484]}"
00000000000000000a23,1,620,0.27501109979809757,16,63,"{""type"":""Point"",""coordinates"":[108.50796123499835,14.164633256041414]}"
00000000000000000a34,1,532,0.6252719812695064,16,39,"{""type"":""Point"",""coordinates"":[108.54569414811262,14.052254991292472]}"
00000000000000000a35,1,1007,0.03351505481944539,16,60,"{""type"":""Point"",""coordinates"":[108.45029168107415,14.419577899671127]}"
00000000000000000abc,1,566,0.2857200297001211,16,57,"{""type"":""Point"",""coordinates"":[108.54596169417582,14.063844194930375]}"
00000000000000000af5,1,867,0.2568766101100173,16,30,"{""type"":""Point"",""coordinates"":[108.45217788081975,14.198321764500193]}"
00000000000000000bbe,1,542,0.5460844157397083,16,43,"{""type"":""Point"",""coordinates"":[108.52116909231867,14.21476247008425]}"
00000000000000000679,1,1043,0.7350462471404692,17,70,"{""type"":""Point"",""coordinates"":[108.46565328420327,14.442484301782681]}"
000000000000000006de,1,553,0.36919118319024824,17,38,"{""type"":""Point"",""coordinates"":[108.51605004430931,14.23928306677715]}"
00000000000000000832,1,810,0.7547742338215174,17,30,"{""type"":""Point"",""coordinates"":[108.42630617650767,14.265966327480971]}"
0000000000000000087e,1,935,0.6801665179297073,17,99,"{""type"":""Point"",""coordinates"":[108.4990697874978,14.360289692064512]}"
00000000000000000996,1,1006,0.6741807915487666,17,46,"{""type"":""Point"",""coordinates"":[108.45217788081975,14.447335803728825]}"
000000000000000009cb,1,646,0.47570020092301524,17,70,"{""type"":""Point"",""coordinates"":[108.5518922985769,14.065997940739189]}"
000000000000000009d2,1,661,0.4768934055369074,17,48,"{""type"":""Point"",""coordinates"":[108.48478728682359,14.308274278276066]}"
00000000000000000a1c,1,651,0.36335368449429173,17,93,"{""type"":""Point"",""coordinates"":[108.45541072908351,14.284288773709578]}"
00000000000000000aec,1,634,0.004703246302661945,17,67,"{""type"":""Point"",""coordinates"":[108.5467687914665,14.082978197550712]}"
00000000000000000b99,1,763,0.7130277968275083,17,50,"{""type"":""Point"",""coordinates"":[108.46214843077524,14.219074420802936]}"
000000000000000006c0,1,520,0.46007412706900375,18,67,"{""type"":""Point"",""coordinates"":[108.58934874742586,14.134449601010637]}"
000000000000000006e0,1,599,0.6248656792978202,18,43,"{""type"":""Point"",""coordinates"":[108.5206295410912,14.051175888837534]}"
0000000000000000071a,1,847,0.7613217289588216,18,80,"{""type"":""Point"",""coordinates"":[108.60067040500056,14.411493549461234]}"
00000000000000000762,1,1013,0.6759242570423,18,99,"{""type"":""Point"",""coordinates"":[108.46053423619392,14.447335803728825]}"
000000000000000008e1,1,817,0.5452023230179465,18,32,"{""type"":""Point"",""coordinates"":[108.45352452933788,14.200475510309014]}"
000000000000000009ed,1,982,0.6254519417448514,18,67,"{""type"":""Point"",""coordinates"":[108.41363787041483,14.397746140913458]}"
00000000000000000a2c,1,715,0.0893687147414507,18,64,"{""type"":""Point"",""coordinates"":[108.43870247743624,14.246832324860636]}"
00000000000000000a6f,1,772,0.19170309329326884,18,84,"{""type"":""Point"",""coordinates"":[108.45648983153845,14.227965868303505]}"
00000000000000000b23,1,939,0.4384760966951837,18,77,"{""type"":""Point"",""coordinates"":[108.45137078352907,14.19481691107219]}"
00000000000000000b53,1,685,0.7297878111486004,18,60,"{""type"":""Point"",""coordinates"":[108.47643093144946,14.174336259933712]}"
0000000000000000066d,1,583,0.4175516470091125,19,77,"{""type"":""Point"",""coordinates"":[108.50230263576154,14.20586656348263]}"
000000000000000007e7,1,969,0.5736181624866047,19,77,"{""type"":""Point"",""coordinates"":[108.42415243069885,14.38346364023927]}"
00000000000000000901,1,704,0.03434775724213046,19,42,"{""type"":""Point"",""coordinates"":[108.42522707405271,14.227965868303505]}"
000000000000000009fa,1,526,0.5987130841997396,19,32,"{""type"":""Point"",""coordinates"":[108.57533825191592,14.126637255965003]}"
00000000000000000bd4,1,843,0.3537389318378339,19,32,"{""type"":""Point"",""coordinates"":[108.44570772519121,14.2441345687233]}"
0000000000000000070a,1,1160,0.16278172265038304,20,42,"{""type"":""Point"",""coordinates"":[108.42927147870819,14.51767366374588]}"
000000000000000007f6,1,590,0.33893394479064987,20,34,"{""type"":""Point"",""coordinates"":[108.54973409366706,14.06896324293973]}"
000000000000000009dc,1,621,0.44852684497815287,20,77,"{""type"":""Point"",""coordinates"":[108.5467687914665,14.1331029524925]}"
00000000000000000b05,1,627,0.07514429428261338,20,32,"{""type"":""Point"",""coordinates"":[108.4408606823461,14.291298480565596]}"
000000000000000008a1,1,804,0.25190943212675765,21,48,"{""type"":""Point"",""coordinates"":[108.59527935182693,14.35112623939968]}"
00000000000000000bf8,1,933,0.2294920152131953,21,64,"{""type"":""Point"",""coordinates"":[108.32443801294168,14.37430018757444]}"
000000000000000008dd,1,778,0.00677127183541637,22,53,"{""type"":""Point"",""coordinates"":[108.45083123230162,14.243595017495833]}"
0000000000000000093f,1,533,0.055708281186398256,22,53,"{""type"":""Point"",""coordinates"":[108.56967519357806,14.141459307866656]}"
00000000000000000a06,1,564,0.7249347100003529,22,48,"{""type"":""Point"",""coordinates"":[108.52359484329175,14.135800708629832]}"
00000000000000000aa0,1,573,0.2576107694999322,22,35,"{""type"":""Point"",""coordinates"":[108.49745113381537,14.148197009558412]}"
000000000000000007db,1,848,0.09596362998540153,23,40,"{""type"":""Point"",""coordinates"":[108.59312114691707,14.35355199037275]}"
0000000000000000082f,1,512,0.4582826622094087,23,33,"{""type"":""Point"",""coordinates"":[108.52817434007362,14.207485217165026]}"
000000000000000009bb,1,896,0.5115605027648973,23,57,"{""type"":""Point"",""coordinates"":[108.33629476264281,14.342502337962316]}"
00000000000000000a3b,1,573,0.30992817660939853,23,64,"{""type"":""Point"",""coordinates"":[108.51739669282746,14.21341136246506]}"
00000000000000000b15,1,684,0.7033947134527172,23,42,"{""type"":""Point"",""coordinates"":[108.48559438411426,14.159246661968853]}"
00000000000000000c31,1,606,0.17098626100782632,23,93,"{""type"":""Point"",""coordinates"":[108.50176308453406,14.302615679039246]}"
000000000000000008bf,1,767,0.3992211248563279,24,31,"{""type"":""Point"",""coordinates"":[108.42792483019005,14.258956620624955]}"
000000000000000008f9,1,597,0.647573713766116,24,31,"{""type"":""Point"",""coordinates"":[108.50230263576152,14.165444812433137]}"
0000000000000000096c,1,996,0.6345950517698316,24,70,"{""type"":""Point"",""coordinates"":[108.4909854372879,14.500425860871156]}"
00000000000000000ac1,1,589,0.24782418090656522,24,64,"{""type"":""Point"",""coordinates"":[108.5187433413456,14.21368336762932]}"
00000000000000000bf9,1,598,0.2534930338285377,24,61,"{""type"":""Point"",""coordinates"":[108.48398018953291,14.154934711250169]}"
00000000000000000c0e,1,743,0.4997355691947175,25,31,"{""type"":""Point"",""coordinates"":[108.4408606823461,14.260575274307355]}"
000000000000000008bc,1,617,0.6211542393840416,26,88,"{""type"":""Point"",""coordinates"":[108.50796123499836,14.172182514124898]}"
00000000000000000aa5,1,763,0.4864070653226601,26,93,"{""type"":""Point"",""coordinates"":[108.4295390247714,14.261382371598026]}"
00000000000000000897,1,618,0.7394057993710909,29,57,"{""type"":""Point"",""coordinates"":[108.50418883550714,14.241708817750226]}"
00000000000000000a75,1,656,0.5388340854170985,30,36,"{""type"":""Point"",""coordinates"":[108.61791820787529,14.198049759335937]}"
000000000000000009e1,1,953,0.4514176338635857,32,48,"{""type"":""Point"",""coordinates"":[108.40286022316863,14.386428942439814]}"
00000000000000000b92,1,1143,0.5150190560117892,32,84,"{""type"":""Point"",""coordinates"":[108.41902892358843,14.491529954269533]}"
00000000000000000691,1,755,0.07196683811251381,38,88,"{""type"":""Point"",""coordinates"":[108.47804958513184,14.164365709978206]}"
00000000000000000900,1,661,0.010512497759124106,3,44,"{""type"":""Point"",""coordinates"":[108.61980440762089,14.245213671178234]}"
00000000000000000a77,1,517,0.5918856414865706,3,44,"{""type"":""Point"",""coordinates"":[108.53571913905607,14.144152604902938]}"
0000000000000000067c,1,661,0.3218447987584657,5,44,"{""type"":""Point"",""coordinates"":[108.43358342942687,14.265966327480971]}"
00000000000000000661,1,722,0.2377227754754988,6,44,"{""type"":""Point"",""coordinates"":[108.55162029341264,14.27539732620901]}"
00000000000000000662,1,759,0.6502566522012209,6,44,"{""type"":""Point"",""coordinates"":[108.44894503255601,14.236050218513402]}"
000000000000000008d7,1,528,0.7971911189654995,6,44,"{""type"":""Point"",""coordinates"":[108.5125451908813,14.191044511580973]}"
00000000000000000ae9,1,561,0.5797045340053572,6,44,"{""type"":""Point"",""coordinates"":[108.50823324016261,14.133374957656757]}"
0000000000000000076b,1,688,0.22974943350426658,7,44,"{""type"":""Point"",""coordinates"":[108.58126439721595,14.237936418259011]}"
00000000000000000b2f,1,851,0.37381829947680456,7,44,"{""type"":""Point"",""coordinates"":[108.56617479925109,14.429548449626633]}"
00000000000000000bba,1,837,0.7195805227407495,7,44,"{""type"":""Point"",""coordinates"":[108.62141860220223,14.389394244640357]}"
00000000000000000879,1,548,0.01688673345195879,8,44,"{""type"":""Point"",""coordinates"":[108.55485314167639,14.079745349286965]}"
000000000000000008b2,1,526,0.041792403796210964,8,44,"{""type"":""Point"",""coordinates"":[108.52170864354615,14.191316516745234]}"
00000000000000000a33,1,630,0.7548067181764722,8,44,"{""type"":""Point"",""coordinates"":[108.53275829595657,14.13741490321118]}"
0000000000000000071e,1,620,0.6759786697721258,9,44,"{""type"":""Point"",""coordinates"":[108.48236153585052,14.306120532467249]}"
00000000000000000732,1,618,0.5616951004199081,9,44,"{""type"":""Point"",""coordinates"":[108.44058867718184,14.283749222482115]}"
00000000000000000a01,1,510,0.5958667085329074,9,44,"{""type"":""Point"",""coordinates"":[108.57560579797912,14.159514208032059]}"
00000000000000000934,1,567,0.19454055177711393,10,44,"{""type"":""Point"",""coordinates"":[108.5405706410022,14.103998399916659]}"
00000000000000000898,1,505,0.2933329017307649,12,44,"{""type"":""Point"",""coordinates"":[108.54758034785822,14.018566482833688]}"
00000000000000000a65,1,759,0.34389755434513203,12,44,"{""type"":""Point"",""coordinates"":[108.46349507929341,14.306388078530459]}"
00000000000000000b60,1,566,0.058368394416314584,12,44,"{""type"":""Point"",""coordinates"":[108.56401659434123,14.190237414290301]}"
000000000000000007af,1,607,0.2839303822315641,13,44,"{""type"":""Point"",""coordinates"":[108.48613393534174,14.153316057567766]}"
00000000000000000a12,1,570,0.1983095565134202,13,44,"{""type"":""Point"",""coordinates"":[108.51065899113568,14.16032130532273]}"
000000000000000008a8,1,1008,0.6575264624407209,15,44,"{""type"":""Point"",""coordinates"":[108.44004912595437,14.38993379586782]}"
00000000000000000bb4,1,758,0.7698567027628959,15,44,"{""type"":""Point"",""coordinates"":[108.45244542688296,14.235782672450197]}"
000000000000000006ec,1,648,0.5835411376449265,16,44,"{""type"":""Point"",""coordinates"":[108.5483874451489,14.081091997805109]}"
0000000000000000078b,1,565,0.06480416271141898,17,44,"{""type"":""Point"",""coordinates"":[108.51443139062691,14.142533951220537]}"
00000000000000000790,1,727,0.7189072518682257,24,44,"{""type"":""Point"",""coordinates"":[108.48074288216813,14.16166795384087]}"
00000000000000000846,1,1143,0.13067824816333196,24,44,"{""type"":""Point"",""coordinates"":[108.38749862003951,14.499079212353013]}"
00000000000000000bf1,1,1000,0.2663874964344938,1,45,"{""type"":""Point"",""coordinates"":[108.46592083026647,14.43466749763599]}"
00000000000000000730,1,611,0.20742629572222993,3,45,"{""type"":""Point"",""coordinates"":[108.44032113111865,14.285367876164512]}"
00000000000000000a0c,1,719,0.05428375206848712,3,45,"{""type"":""Point"",""coordinates"":[108.49987688478845,14.321482135596373]}"
000000000000000007f7,1,656,0.3656173453444309,4,45,"{""type"":""Point"",""coordinates"":[108.5222481947736,14.237396867031542]}"
00000000000000000c7c,1,726,0.28889699658511436,4,45,"{""type"":""Point"",""coordinates"":[108.47589138022197,14.280248828155155]}"
0000000000000000092e,1,745,0.15021869796508458,5,45,"{""type"":""Point"",""coordinates"":[108.53167919350163,14.284288773709578]}"
00000000000000000bdc,1,620,0.020126285330868576,5,45,"{""type"":""Point"",""coordinates"":[108.5599766487868,14.065190843448516]}"
000000000000000009d5,1,613,0.5242483018494145,6,45,"{""type"":""Point"",""coordinates"":[108.52359484329175,14.195628467463914]}"
00000000000000000c68,1,1044,0.36204480934581484,6,45,"{""type"":""Point"",""coordinates"":[108.41525652409723,14.41445439256072]}"
00000000000000000719,1,539,0.7925019829709533,7,45,"{""type"":""Point"",""coordinates"":[108.53113964227417,14.139573108121047]}"
00000000000000000908,1,1004,0.5661310828139811,7,45,"{""type"":""Point"",""coordinates"":[108.46565328420326,14.434939502800251]}"
00000000000000000ae3,1,988,0.7568803113205336,7,45,"{""type"":""Point"",""coordinates"":[108.44032113111865,14.388047596122213]}"
0000000000000000069e,1,910,0.18189106095067553,8,45,"{""type"":""Point"",""coordinates"":[108.52197618960933,14.359750140837045]}"
000000000000000006ca,1,776,0.2402962434156769,8,45,"{""type"":""Point"",""coordinates"":[108.42361287947138,14.213950913692525]}"
0000000000000000072a,1,597,0.4571119428356444,8,45,"{""type"":""Point"",""coordinates"":[108.48882723237801,14.307195175821134]}"
000000000000000008ac,1,588,0.1438486879548022,8,45,"{""type"":""Point"",""coordinates"":[108.44490062790052,14.278902179637015]}"
00000000000000000853,1,967,0.37145160793260046,9,45,"{""type"":""Point"",""coordinates"":[108.45298497811042,14.419038348443658]}"
00000000000000000a96,1,1047,0.46807575382392397,10,45,"{""type"":""Point"",""coordinates"":[108.42280132307964,14.443023853010146]}"
00000000000000000abd,1,656,0.006298752785208084,10,45,"{""type"":""Point"",""coordinates"":[108.47885668242252,14.181613512852934]}"
00000000000000000ba1,1,631,0.715515381941115,10,45,"{""type"":""Point"",""coordinates"":[108.43412298065434,14.258417069397487]}"
00000000000000000bbd,1,576,0.28747434142938366,10,45,"{""type"":""Point"",""coordinates"":[108.55404604438573,14.076780047086425]}"
00000000000000000c79,1,666,0.13294481292253058,10,45,"{""type"":""Point"",""coordinates"":[108.48344063830547,14.229852068049114]}"
0000000000000000086f,1,688,0.30704767432231506,13,45,"{""type"":""Point"",""coordinates"":[108.48909923754229,14.249258075833708]}"
000000000000000008ab,1,563,0.6477542880601537,13,45,"{""type"":""Point"",""coordinates"":[108.50203508969832,14.129870104228747]}"
000000000000000008b9,1,553,0.5523202738809261,13,45,"{""type"":""Point"",""coordinates"":[108.50931234261755,14.255991318424412]}"
000000000000000008c5,1,653,0.767943977489533,13,45,"{""type"":""Point"",""coordinates"":[108.49880224143459,14.049829240319395]}"
00000000000000000a24,1,585,0.30361037521236334,13,45,"{""type"":""Point"",""coordinates"":[108.5168571416,14.230119614112317]}"
00000000000000000c24,1,554,0.33215505393420197,13,45,"{""type"":""Point"",""coordinates"":[108.56778899383244,14.139573108121047]}"
00000000000000000672,1,704,0.7606554754135332,15,45,"{""type"":""Point"",""coordinates"":[108.47373763441315,14.17945530794307]}"
000000000000000006e8,1,1019,0.5809725545722737,15,45,"{""type"":""Point"",""coordinates"":[108.46619283543073,14.44059810203707]}"
00000000000000000bd2,1,563,0.49504678541628067,16,45,"{""type"":""Point"",""coordinates"":[108.50769368893515,14.257609972106813]}"
00000000000000000bee,1,581,0.7804976746606542,16,45,"{""type"":""Point"",""coordinates"":[108.5187433413456,14.241441271687018]}"
0000000000000000077d,1,717,0.3598236238038426,17,45,"{""type"":""Point"",""coordinates"":[108.64055260482256,14.233896472704588]}"
00000000000000000a1a,1,625,0.4662852154549304,19,45,"{""type"":""Point"",""coordinates"":[108.5386844412566,14.140112659348516]}"
0000000000000000065c,1,547,0.519099185818753,20,45,"{""type"":""Point"",""coordinates"":[108.53814489002914,14.206406114710095]}"
00000000000000000942,1,812,0.5542516688790063,20,45,"{""type"":""Point"",""coordinates"":[108.42657372257088,14.26569432231671]}"
00000000000000000ac8,1,585,0.14578709881321605,21,45,"{""type"":""Point"",""coordinates"":[108.61441335444727,14.125825699573275]}"
00000000000000000b71,1,539,0.1374889151263894,21,45,"{""type"":""Point"",""coordinates"":[108.53949599764832,14.198861315727667]}"
00000000000000000b7b,1,532,0.7352251710214112,21,45,"{""type"":""Point"",""coordinates"":[108.53949599764832,14.196435564754589]}"
00000000000000000b45,1,557,0.1591923488532201,22,45,"{""type"":""Point"",""coordinates"":[108.55431804954999,14.17487581116118]}"
00000000000000000859,1,660,0.0364365353341628,23,45,"{""type"":""Point"",""coordinates"":[108.48344063830547,14.164093704813949]}"
0000000000000000085b,1,655,0.6836569846276098,23,45,"{""type"":""Point"",""coordinates"":[108.54704079663075,14.07731959831389]}"
00000000000000000c35,1,973,0.5605679619315931,24,45,"{""type"":""Point"",""coordinates"":[108.4408606823461,14.397478594850249]}"
000000000000000007bc,1,726,0.729898041502395,26,45,"{""type"":""Point"",""coordinates"":[108.44328643331917,14.258149523334282]}"
00000000000000000b21,1,634,0.38429117124232826,34,45,"{""type"":""Point"",""coordinates"":[108.49367873432418,14.278902179637019]}"
000000000000000009d4,1,549,0.7263389199676286,1,47,"{""type"":""Point"",""coordinates"":[108.52008998986373,14.134721606174898]}"
0000000000000000092f,1,758,0.30208136767956717,3,47,"{""type"":""Point"",""coordinates"":[108.60147750229122,14.329566485806268]}"
000000000000000009fb,1,506,0.5343266169697052,3,47,"{""type"":""Point"",""coordinates"":[108.5384168951934,14.201826617928205]}"
0000000000000000070f,1,888,0.7626610598990817,5,47,"{""type"":""Point"",""coordinates"":[108.32605220752305,14.326329178441467]}"
00000000000000000b97,1,673,0.027069824706915657,6,47,"{""type"":""Point"",""coordinates"":[108.52143663838187,14.240094623168877]}"
00000000000000000804,1,758,0.08986113346294355,7,47,"{""type"":""Point"",""coordinates"":[108.51523848791757,14.329566485806268]}"
00000000000000000c21,1,709,0.030516055960900568,13,47,"{""type"":""Point"",""coordinates"":[108.49475783677912,14.134182054947429]}"
000000000000000009fc,1,860,0.17715649049131132,14,47,"{""type"":""Point"",""coordinates"":[108.56671435047858,14.414726397724976]}"
00000000000000000b5c,1,842,0.35834285586837256,15,47,"{""type"":""Point"",""coordinates"":[108.58396215335328,14.411761095524437]}"
000000000000000006dc,1,543,0.38717600983758094,16,47,"{""type"":""Point"",""coordinates"":[108.53949599764832,14.205327012255163]}"
00000000000000000995,1,601,0.5433604778104442,16,47,"{""type"":""Point"",""coordinates"":[108.47751003390437,14.293184680311207]}"
000000000000000006e1,1,561,0.20881556436770332,19,47,"{""type"":""Point"",""coordinates"":[108.52898143736431,14.194549365008983]}"
0000000000000000073a,1,835,0.07663566730296778,20,47,"{""type"":""Point"",""coordinates"":[108.32281935925928,14.418226792051934]}"
00000000000000000c55,1,600,0.6360304594288998,28,47,"{""type"":""Point"",""coordinates"":[108.62788875783079,14.147657458330947]}"
00000000000000000883,1,844,0.42192557825952504,5,49,"{""type"":""Point"",""coordinates"":[108.45837603128405,14.19804975933594]}"
00000000000000000a5c,1,895,0.2750387477266053,6,49,"{""type"":""Point"",""coordinates"":[108.42819237625328,14.385349839984878]}"
00000000000000000c40,1,582,0.5973284043352426,6,49,"{""type"":""Point"",""coordinates"":[108.49206453974283,14.165979904559558]}"
00000000000000000695,1,592,0.7631348769360117,7,49,"{""type"":""Point"",""coordinates"":[108.49287163703349,14.167331012178744]}"
00000000000000000c62,1,726,0.3605435233878391,7,49,"{""type"":""Point"",""coordinates"":[108.46268798200272,14.305041430012317]}"
00000000000000000c3f,1,660,0.6470799939533435,11,49,"{""type"":""Point"",""coordinates"":[108.48855968631483,14.189965409126039]}"
00000000000000000696,1,660,0.45006573570132846,12,49,"{""type"":""Point"",""coordinates"":[108.48775258902414,14.241980822914485]}"
000000000000000006e2,1,483,0.7331988369894302,12,49,"{""type"":""Point"",""coordinates"":[108.60255660474616,14.016412737024874]}"
000000000000000009f1,1,989,0.06289630025473014,12,49,"{""type"":""Point"",""coordinates"":[108.44058867718184,14.395320389940382]}"
00000000000000000983,1,772,0.0564391575836225,13,49,"{""type"":""Point"",""coordinates"":[108.50607503525276,14.33845793330684]}"
00000000000000000a3a,1,656,0.15188088689276136,18,49,"{""type"":""Point"",""coordinates"":[108.4408606823461,14.263001025280431]}"
00000000000000000858,1,677,0.5481313132148097,20,49,"{""type"":""Point"",""coordinates"":[108.55727889264946,14.06492329738531]}"
00000000000000000a29,1,675,0.12615170057691671,29,49,"{""type"":""Point"",""coordinates"":[108.44490062790052,14.259496171852417]}"
000000000000000008df,1,713,0.08523954815092094,2,51,"{""type"":""Point"",""coordinates"":[108.55108074218518,14.296957079802416]}"
00000000000000000ac6,1,890,0.32419452262334447,3,51,"{""type"":""Point"",""coordinates"":[108.4909854372879,14.344656083771131]}"
00000000000000000af2,1,685,0.011732120735838514,3,51,"{""type"":""Point"",""coordinates"":[108.41848937236097,14.220960620548542]}"
0000000000000000066a,1,723,0.5770367114798906,4,51,"{""type"":""Point"",""coordinates"":[108.47319808318571,14.279169725700225]}"
000000000000000008be,1,923,0.14832820519841683,4,51,"{""type"":""Point"",""coordinates"":[108.45055922713735,14.372146441765622]}"
000000000000000006f2,1,731,0.5082774760264709,5,51,"{""type"":""Point"",""coordinates"":[108.51308474210876,14.276204423499685]}"
0000000000000000080a,1,544,0.5526899589806737,6,51,"{""type"":""Point"",""coordinates"":[108.51605004430931,14.178915756715597]}"
00000000000000000700,1,579,0.7428215834444821,7,51,"{""type"":""Point"",""coordinates"":[108.5252090378731,14.140380205411722]}"
00000000000000000967,1,970,0.3066802468390548,7,51,"{""type"":""Point"",""coordinates"":[108.4893667836055,14.50096541209862]}"
00000000000000000ae6,1,852,0.35322760506938256,8,51,"{""type"":""Point"",""coordinates"":[108.56617479925109,14.360289692064512]}"
00000000000000000797,1,848,0.41867726172631325,9,51,"{""type"":""Point"",""coordinates"":[108.48398018953291,14.323096330177716]}"
000000000000000009df,1,1015,0.5549168333063246,10,51,"{""type"":""Point"",""coordinates"":[108.44004912595439,14.393166644131568]}"
00000000000000000b78,1,540,0.13770990875930733,11,51,"{""type"":""Point"",""coordinates"":[108.61683910542034,14.025036638462238]}"
00000000000000000b7c,1,598,0.009137092214644538,11,51,"{""type"":""Point"",""coordinates"":[108.49044588606041,14.155202257313375]}"
00000000000000000bae,1,683,0.5106736917458162,11,51,"{""type"":""Point"",""coordinates"":[108.49017833999721,14.235510667285936]}"
00000000000000000c41,1,960,0.26684276056984146,11,51,"{""type"":""Point"",""coordinates"":[108.43978157989118,14.399632340659066]}"
00000000000000000707,1,719,0.504697555565069,12,51,"{""type"":""Point"",""coordinates"":[108.41525652409723,14.207752763228235]}"
0000000000000000071c,1,950,0.5118153061953556,12,51,"{""type"":""Point"",""coordinates"":[108.42280132307964,14.396671497559577]}"
000000000000000007d1,1,616,0.6995516194906815,12,51,"{""type"":""Point"",""coordinates"":[108.50769368893515,14.164365709978206]}"
000000000000000009d0,1,581,0.06261207936939484,13,51,"{""type"":""Point"",""coordinates"":[108.52440194058242,14.134182054947429]}"
00000000000000000919,1,772,0.3174995389904104,15,51,"{""type"":""Point"",""coordinates"":[108.46214843077526,14.223921463648031]}"
00000000000000000841,1,598,0.2652893129275725,16,51,"{""type"":""Point"",""coordinates"":[108.5252090378731,14.134182054947429]}"
00000000000000000948,1,718,0.752535478743549,16,51,"{""type"":""Point"",""coordinates"":[108.42468752282525,14.226619219785364]}"
00000000000000000820,1,756,0.7732460195620773,17,51,"{""type"":""Point"",""coordinates"":[108.47400518047637,14.182960161371076]}"
00000000000000000a3d,1,818,0.14986224949865,17,51,"{""type"":""Point"",""coordinates"":[108.49287163703349,14.320403033141435]}"
000000000000000006f4,1,858,0.7668462783166662,18,51,"{""type"":""Point"",""coordinates"":[108.4408606823461,14.235782672450197]}"
00000000000000000c02,1,914,0.6597585864679428,18,51,"{""type"":""Point"",""coordinates"":[108.42441997676204,14.389661790703556]}"
000000000000000006da,1,555,0.31501785474958144,19,51,"{""type"":""Point"",""coordinates"":[108.51119854236318,14.186193009634824]}"
000000000000000007f2,1,644,0.10834511676927905,20,51,"{""type"":""Point"",""coordinates"":[108.43304387819943,14.264887225026039]}"
00000000000000000b9e,1,575,0.17328789278079637,20,51,"{""type"":""Point"",""coordinates"":[108.52440194058241,14.193737808617254]}"
00000000000000000681,1,603,0.6026485662351284,21,51,"{""type"":""Point"",""coordinates"":[108.5044608406714,14.242520374141952]}"
000000000000000006fa,1,643,2.2201804120869362E-4,21,51,"{""type"":""Point"",""coordinates"":[108.43573717523569,14.265966327480973]}"
00000000000000000717,1,592,0.11848578751358108,24,51,"{""type"":""Point"",""coordinates"":[108.53518404692966,14.22392146364803]}"
000000000000000007cd,1,874,0.6509028270949377,26,51,"{""type"":""Point"",""coordinates"":[108.4419353257,14.237936418259011]}"
000000000000000008d5,1,770,0.7970657002740024,1,52,"{""type"":""Point"",""coordinates"":[108.4408606823461,14.258689074561747]}"
00000000000000000949,1,760,0.45483246125322974,4,52,"{""type"":""Point"",""coordinates"":[108.50931234261755,14.337378830851907]}"
00000000000000000844,1,509,0.03234953402764085,5,52,"{""type"":""Point"",""coordinates"":[108.54003108977474,14.157356003122189]}"
00000000000000000a57,1,898,0.7781547542554182,5,52,"{""type"":""Point"",""coordinates"":[108.47562383415878,14.370260242020015]}"
00000000000000000b6e,1,806,0.6239426501693044,6,52,"{""type"":""Point"",""coordinates"":[108.45083123230162,14.206138568646887]}"
00000000000000000c16,1,579,0.16677572858305512,6,52,"{""type"":""Point"",""coordinates"":[108.49179253457856,14.162207505068338]}"
000000000000000007ad,1,511,0.7139584236692575,7,52,"{""type"":""Point"",""coordinates"":[108.57156585242471,14.118280900590841]}"
00000000000000000809,1,603,0.08283569981479799,7,52,"{""type"":""Point"",""coordinates"":[108.44247487692745,14.269466721807929]}"
00000000000000000775,1,606,0.7056099501354607,8,52,"{""type"":""Point"",""coordinates"":[108.44274688209173,14.269466721807929]}"
00000000000000000b3a,1,916,0.49983849745669606,8,52,"{""type"":""Point"",""coordinates"":[108.5206295410912,14.350586688172218]}"
000000000000000009a5,1,609,0.17215773572553994,11,52,"{""type"":""Point"",""coordinates"":[108.55000609883129,14.129063006938074]}"
0000000000000000098c,1,728,0.24221765940935724,12,52,"{""type"":""Point"",""coordinates"":[108.47023278098516,14.198861315727664]}"
00000000000000000bb2,1,554,0.5763080571426343,15,52,"{""type"":""Point"",""coordinates"":[108.51793624405491,14.242248368977695]}"
00000000000000000b84,1,550,0.2545440921161807,16,52,"{""type"":""Point"",""coordinates"":[108.51577803914505,14.178648210652396]}"
000000000000000009ea,1,763,0.39024214283666014,17,52,"{""type"":""Point"",""coordinates"":[108.49933733356099,14.33845793330684]}"
00000000000000000a1b,1,739,0.7115962123211459,17,52,"{""type"":""Point"",""coordinates"":[108.4551431830203,14.253837572615598]}"
00000000000000000ae1,1,904,0.7491953965367665,17,52,"{""type"":""Point"",""coordinates"":[108.41606362138789,14.387775590957952]}"
000000000000000007bb,1,804,0.5508881465642567,18,52,"{""type"":""Point"",""coordinates"":[108.45137078352907,14.20721321200077]}"
000000000000000008f2,1,603,0.6183914160959231,20,52,"{""type"":""Point"",""coordinates"":[108.48370818436867,14.149543658076553]}"
000000000000000007aa,1,926,0.12459386084251212,25,52,"{""type"":""Point"",""coordinates"":[108.43250432697195,14.382384537784338]}"
00000000000000000b79,1,578,0.43842464663285796,25,52,"{""type"":""Point"",""coordinates"":[108.52251574083681,14.19940086695513]}"
000000000000000007c0,1,865,0.5519624777079849,3,54,"{""type"":""Point"",""coordinates"":[108.62034395884837,14.378072587065656]}"
0000000000000000080c,1,564,0.43675626091792485,4,54,"{""type"":""Point"",""coordinates"":[108.49799068504285,14.14226640515733]}"
00000000000000000761,1,680,0.2591152915860351,5,54,"{""type"":""Point"",""coordinates"":[108.42441997676204,14.224461014875498]}"
000000000000000009b5,1,767,0.6389562113292118,5,54,"{""type"":""Point"",""coordinates"":[108.46376708445766,14.201826617928205]}"
000000000000000008b6,1,951,0.2897183191034207,7,54,"{""type"":""Point"",""coordinates"":[108.50769368893515,14.355977741345828]}"
00000000000000000c04,1,662,0.3293100974394202,7,54,"{""type"":""Point"",""coordinates"":[108.47858913635932,14.174603805996918]}"
00000000000000000a0e,1,553,0.05025977057902631,8,54,"{""type"":""Point"",""coordinates"":[108.5025746409258,14.14388505883973]}"
00000000000000000c72,1,865,0.5817219102563032,8,54,"{""type"":""Point"",""coordinates"":[108.45244542688296,14.375379290029372]}"
00000000000000000bb0,1,607,0.290442914354595,9,54,"{""type"":""Point"",""coordinates"":[108.50634704041703,14.17137095773317]}"
00000000000000000aba,1,732,0.7611800570989522,10,54,"{""type"":""Point"",""coordinates"":[108.4139098755791,14.206673660773301]}"
00000000000000000c45,1,855,0.5856476260069092,11,54,"{""type"":""Point"",""coordinates"":[108.48936678360549,14.35112623939968]}"
00000000000000000c06,1,872,0.37683740234914154,12,54,"{""type"":""Point"",""coordinates"":[108.4408606823461,14.380498338038727]}"
00000000000000000b6a,1,1142,0.597427931323807,13,54,"{""type"":""Point"",""coordinates"":[108.43681627769064,14.497193012607406]}"
00000000000000000b0f,1,669,0.7274199021892317,14,54,"{""type"":""Point"",""coordinates"":[108.45406408056537,14.317170184877689]}"
00000000000000000c70,1,560,0.1144832611092702,15,54,"{""type"":""Point"",""coordinates"":[108.5168571416,14.147117907103476]}"
000000000000000008b8,1,655,0.2768788867818326,16,54,"{""type"":""Point"",""coordinates"":[108.47804958513184,14.195896013527124]}"
00000000000000000731,1,776,0.4596881960959792,19,54,"{""type"":""Point"",""coordinates"":[108.51173809359062,14.323907886569447]}"
00000000000000000a59,1,599,0.09139837433171893,21,54,"{""type"":""Point"",""coordinates"":[108.53814489002914,14.10453795114412]}"
00000000000000000954,1,574,0.2460154981706093,22,54,"{""type"":""Point"",""coordinates"":[108.5128127369445,14.19347026255405]}"
00000000000000000971,1,552,0.1349578875641101,24,54,"{""type"":""Point"",""coordinates"":[108.55620424929559,14.153855608795237]}"
00000000000000000b5f,1,728,0.06465643527063814,24,54,"{""type"":""Point"",""coordinates"":[108.56240239975988,14.277823077182084]}"
00000000000000000ada,1,701,0.2471279670196429,33,54,"{""type"":""Point"",""coordinates"":[108.46565328420327,14.307467180985393]}"
00000000000000000706,1,712,0.36962850426766947,3,55,"{""type"":""Point"",""coordinates"":[108.55431804954998,14.296685074638159]}"
00000000000000000b2d,1,728,0.2148929777674966,3,55,"{""type"":""Point"",""coordinates"":[108.4651137329758,14.273511126463399]}"
00000000000000000823,1,518,0.0035807223723985926,4,55,"{""type"":""Point"",""coordinates"":[108.53383293931044,14.182960161371076]}"
0000000000000000074e,1,841,0.4576285248234233,6,55,"{""type"":""Point"",""coordinates"":[108.32955706095105,14.361903886645859]}"
000000000000000007dc,1,749,0.6299986524202313,6,55,"{""type"":""Point"",""coordinates"":[108.5128127369445,14.33064112916015]}"
00000000000000000758,1,573,0.4103890283706024,7,55,"{""type"":""Point"",""coordinates"":[108.50688659164447,14.130137650291957]}"
00000000000000000c4a,1,673,0.3312820386030032,7,55,"{""type"":""Point"",""coordinates"":[108.4276528250258,14.222574815129887]}"
00000000000000000a48,1,574,0.2796202176844891,9,55,"{""type"":""Point"",""coordinates"":[108.48640148140495,14.29561043128428]}"
00000000000000000a9b,1,675,0.1268898758999779,9,55,"{""type"":""Point"",""coordinates"":[108.42549907921698,14.220688615384281]}"
00000000000000000c4e,1,1017,0.3064071297313189,9,55,"{""type"":""Point"",""coordinates"":[108.45001967590987,14.407716690868961]}"
0000000000000000090b,1,772,0.6594443124909353,10,55,"{""type"":""Point"",""coordinates"":[108.46268798200272,14.22419346881229]}"
00000000000000000bfb,1,513,0.1154905490472743,10,55,"{""type"":""Point"",""coordinates"":[108.54622924023903,14.037165393327609]}"
00000000000000000812,1,879,0.6734349988880155,11,55,"{""type"":""Point"",""coordinates"":[108.43627672646318,14.37430018757444]}"
00000000000000000a25,1,531,0.7731736137237095,12,55,"{""type"":""Point"",""coordinates"":[108.5187433413456,14.182960161371076]}"
00000000000000000726,1,567,0.34574474222025064,13,55,"{""type"":""Point"",""coordinates"":[108.5128127369445,14.192930711326582]}"
00000000000000000a10,1,949,0.3674510032300846,14,55,"{""type"":""Point"",""coordinates"":[108.41984047998017,14.265966327480971]}"
00000000000000000bc4,1,548,0.26275119944253056,15,55,"{""type"":""Point"",""coordinates"":[108.55512514684065,14.14388505883973]}"
00000000000000000819,1,629,0.43699291472954416,16,55,"{""type"":""Point"",""coordinates"":[108.48424773559613,14.15762800828645]}"
00000000000000000a50,1,974,0.29839258451272566,17,55,"{""type"":""Point"",""coordinates"":[108.43223678090874,14.396399492395316]}"
00000000000000000978,1,947,0.6141732480660841,18,55,"{""type"":""Point"",""coordinates"":[108.44409353060985,14.380230791975523]}"
000000000000000008c9,1,901,0.6779852063364077,20,55,"{""type"":""Point"",""coordinates"":[108.4516383295923,14.372953539056297]}"
00000000000000000951,1,587,0.6131883288781149,20,55,"{""type"":""Point"",""coordinates"":[108.5128127369445,14.21503001614746]}"
00000000000000000b8c,1,578,0.7692389552425942,20,55,"{""type"":""Point"",""coordinates"":[108.51847133618134,14.213950913692525]}"
00000000000000000aea,1,962,0.47454075654154637,21,55,"{""type"":""Point"",""coordinates"":[108.42388042553458,14.391547990449167]}"
00000000000000000b98,1,891,0.3968475529056773,22,55,"{""type"":""Point"",""coordinates"":[108.56024419485001,14.420652543025009]}"
000000000000000007f5,1,999,0.14986093326931282,24,55,"{""type"":""Point"",""coordinates"":[108.44436107667306,14.422810747934877]}"
00000000000000000966,1,561,0.699539631117122,24,55,"{""type"":""Point"",""coordinates"":[108.54138219739394,14.203173266446344]}"
00000000000000000bf6,1,744,0.09631079652570707,25,55,"{""type"":""Point"",""coordinates"":[108.43654873162743,14.276743974727152]}"
00000000000000000a37,1,644,0.17760984436501603,27,55,"{""type"":""Point"",""coordinates"":[108.51362429333624,14.177301562134256]}"
000000000000000007b9,1,846,0.2947211988607029,4,56,"{""type"":""Point"",""coordinates"":[108.51065899113568,14.346002732289275]}"
00000000000000000683,1,617,0.34432830227246425,5,56,"{""type"":""Point"",""coordinates"":[108.44409353060985,14.269466721807927]}"
000000000000000007a1,1,616,0.015752372806437154,5,56,"{""type"":""Point"",""coordinates"":[108.4710443373769,14.150083209304022]}"
000000000000000007b1,1,607,0.6233652651748337,9,56,"{""type"":""Point"",""coordinates"":[108.55027364489452,14.067884140484798]}"
000000000000000008e7,1,536,0.04990687330165555,9,56,"{""type"":""Point"",""coordinates"":[108.50823324016261,14.145231707357869]}"
00000000000000000a19,1,1040,0.3837115698898177,9,56,"{""type"":""Point"",""coordinates"":[108.40178112071371,14.411221544296971]}"
00000000000000000874,1,515,0.15727151429845077,12,56,"{""type"":""Point"",""coordinates"":[108.59770510280002,14.161400407777665]}"
000000000000000006ef,1,960,0.20351701933283328,14,56,"{""type"":""Point"",""coordinates"":[108.44651928158292,14.394245746586504]}"
00000000000000000a8c,1,849,0.17387630015293887,14,56,"{""type"":""Point"",""coordinates"":[108.58180394844344,14.414726397724976]}"
00000000000000000735,1,564,0.2766216283344375,18,56,"{""type"":""Point"",""coordinates"":[108.52844634523788,14.18376725866175]}"
00000000000000000689,1,1033,0.04629755629530319,19,56,"{""type"":""Point"",""coordinates"":[108.44355397938239,14.422271196707413]}"
000000000000000007b2,1,1085,0.6182909825391468,20,56,"{""type"":""Point"",""coordinates"":[108.3901919170758,14.420117450898594]}"
00000000000000000c6d,1,745,0.21374754370282445,27,56,"{""type"":""Point"",""coordinates"":[108.4715794295033,14.1789157567156]}"
00000000000000000703,1,848,0.7216384411616009,1,58,"{""type"":""Point"",""coordinates"":[108.57506624675167,14.376186387320047]}"
0000000000000000095c,1,596,0.664778831376423,1,58,"{""type"":""Point"",""coordinates"":[108.44112822840931,14.278090623245289]}"
0000000000000000078e,1,880,0.32939631478138,3,58,"{""type"":""Point"",""coordinates"":[108.41876137752524,14.386696488503016]}"
00000000000000000c22,1,522,0.7564571448452238,3,58,"{""type"":""Point"",""coordinates"":[108.51362429333624,14.224733020039757]}"
00000000000000000654,1,682,0.09367880446262467,4,58,"{""type"":""Point"",""coordinates"":[108.42441997676204,14.224733020039757]}"
00000000000000000666,1,674,0.054991076543851936,4,58,"{""type"":""Point"",""coordinates"":[108.48559438411426,14.233896472704588]}"
00000000000000000b33,1,874,0.4023572173439154,6,58,"{""type"":""Point"",""coordinates"":[108.43439052671755,14.387508044894746]}"
00000000000000000895,1,780,0.3043654720985147,7,58,"{""type"":""Point"",""coordinates"":[108.46106932832032,14.207752763228239]}"
00000000000000000ab0,1,756,0.006623060286268578,7,58,"{""type"":""Point"",""coordinates"":[108.50850078622584,14.333606431360693]}"
0000000000000000068f,1,561,0.7066997530760586,8,58,"{""type"":""Point"",""coordinates"":[108.51415938546266,14.185118366280944]}"
00000000000000000a7e,1,770,0.5215505232546844,8,58,"{""type"":""Point"",""coordinates"":[108.62600255808518,14.308813829503528]}"
00000000000000000694,1,748,0.42310844642259204,9,58,"{""type"":""Point"",""coordinates"":[108.58099685115276,14.292105577856269]}"
0000000000000000082e,1,528,0.15077597780582175,10,58,"{""type"":""Point"",""coordinates"":[108.53491204176538,14.15466270608591]}"
000000000000000009cd,1,540,0.6202963434936382,11,58,"{""type"":""Point"",""coordinates"":[108.52413439451922,14.199940418182598]}"
00000000000000000a27,1,573,0.3708524230354362,11,58,"{""type"":""Point"",""coordinates"":[108.49745113381537,14.145771258585338]}"
00000000000000000c59,1,650,0.7519820180203527,12,58,"{""type"":""Point"",""coordinates"":[108.52386238935496,14.236589769740869]}"
000000000000000006d6,1,1114,0.784628857269451,14,58,"{""type"":""Point"",""coordinates"":[108.38641951758459,14.441944750555212]}"
0000000000000000081f,1,568,0.6355598412569067,16,58,"{""type"":""Point"",""coordinates"":[108.55701134658628,14.068423691712265]}"
000000000000000006a8,1,578,0.0935718459859175,17,58,"{""type"":""Point"",""coordinates"":[108.45460363179284,14.288333178365056]}"
00000000000000000813,1,690,0.5922221890574362,17,58,"{""type"":""Point"",""coordinates"":[108.47562383415878,14.181881058916138]}"
00000000000000000acc,1,533,0.004217431042109587,17,58,"{""type"":""Point"",""coordinates"":[108.51766423889066,14.17918776187986]}"
00000000000000000c5e,1,892,0.17596566936409463,19,58,"{""type"":""Point"",""coordinates"":[108.41606362138789,14.386156937275553]}"
0000000000000000070d,1,608,0.7277136575035236,21,58,"{""type"":""Point"",""coordinates"":[108.50661458648021,14.216109118602393]}"
00000000000000000818,1,737,0.3608274129058955,23,58,"{""type"":""Point"",""coordinates"":[108.43331142426263,14.254105118678806]}"
000000000000000008e8,1,1167,0.3080350500777962,23,58,"{""type"":""Point"",""coordinates"":[108.4373558289181,14.506624011335447]}"
00000000000000000a3f,1,697,0.27425598922500594,24,58,"{""type"":""Point"",""coordinates"":[108.48155443855985,14.159781754095265]}"
00000000000000000b93,1,591,0.31249036314078005,25,58,"{""type"":""Point"",""coordinates"":[108.55674380052305,14.067884140484798]}"
0000000000000000068c,1,571,0.5413812793208556,27,58,"{""type"":""Point"",""coordinates"":[108.5699471987423,14.124479051055134]}"
000000000000000006a7,1,1044,0.7307294131609386,30,58,"{""type"":""Point"",""coordinates"":[108.32012606222301,14.35921058960958]}"
00000000000000000ad2,1,745,0.07065337212574174,3,59,"{""type"":""Point"",""coordinates"":[108.47265853195823,14.180806415562262]}"
00000000000000000b02,1,720,0.41397114617345687,3,59,"{""type"":""Point"",""coordinates"":[108.47993578487744,14.251679367705732]}"
00000000000000000bc8,1,709,0.3602823853577437,3,59,"{""type"":""Point"",""coordinates"":[108.5306000910467,14.273239121299143]}"
000000000000000009f7,1,979,0.3872753538578656,6,59,"{""type"":""Point"",""coordinates"":[108.49691158258793,14.490455310915648]}"
000000000000000008c2,1,964,0.7410452709033389,7,59,"{""type"":""Point"",""coordinates"":[108.46403463052086,14.390468887994235]}"
00000000000000000c27,1,969,0.4812769651450278,8,59,"{""type"":""Point"",""coordinates"":[108.41363787041483,14.393166644131568]}"
00000000000000000993,1,867,0.5574744938330011,9,59,"{""type"":""Point"",""coordinates"":[108.54138219739394,14.340076586989241]}"
000000000000000006e6,1,828,0.3594352490437076,10,59,"{""type"":""Point"",""coordinates"":[108.47966823881426,14.285367876164516]}"
00000000000000000964,1,544,0.08774444940344639,15,59,"{""type"":""Point"",""coordinates"":[108.5125451908813,14.2457532224057]}"
00000000000000000a26,1,538,0.41895186467840984,15,59,"{""type"":""Point"",""coordinates"":[108.55781844387694,14.19158406280844]}"
00000000000000000a4b,1,713,0.5024640947982992,19,59,"{""type"":""Point"",""coordinates"":[108.42415243069885,14.226079668557897]}"
00000000000000000ba7,1,618,0.7261987832994072,22,59,"{""type"":""Point"",""coordinates"":[108.51443139062691,14.176222459679321]}"
000000000000000006a0,1,702,0.1568505801982787,23,59,"{""type"":""Point"",""coordinates"":[108.42495952798951,14.227426317076038]}"
00000000000000000b2c,1,913,0.28504602442999405,23,59,"{""type"":""Point"",""coordinates"":[108.43412298065434,14.36972069079255]}"
00000000000000000c36,1,738,0.22013974323570884,26,59,"{""type"":""Point"",""coordinates"":[108.42468752282525,14.216109118602393]}"
0000000000000000069b,1,709,0.07476678952819515,6,62,"{""type"":""Point"",""coordinates"":[108.41471697286975,14.211257616656246]}"
00000000000000000b49,1,681,0.6495179950352291,6,62,"{""type"":""Point"",""coordinates"":[108.42522707405271,14.220149064156816]}"
000000000000000007b6,1,550,0.22183818392277166,9,62,"{""type"":""Point"",""coordinates"":[108.5125451908813,14.186193009634824]}"
000000000000000006d7,1,566,0.056125387832549056,10,62,"{""type"":""Point"",""coordinates"":[108.52143663838187,14.194009813781514]}"
00000000000000000b3c,1,774,0.3452397805986862,10,62,"{""type"":""Point"",""coordinates"":[108.50796123499835,14.336571733561236]}"
00000000000000000688,1,816,0.07432383335079784,11,62,"{""type"":""Point"",""coordinates"":[108.49287163703349,14.320131027977176]}"
000000000000000009f2,1,757,0.4928820856327356,11,62,"{""type"":""Point"",""coordinates"":[108.44786593010106,14.248178973378776]}"
000000000000000007fe,1,791,0.09662215058388834,12,62,"{""type"":""Point"",""coordinates"":[108.45433162662857,14.203440812509553]}"
0000000000000000084f,1,987,0.6175079406911773,12,62,"{""type"":""Point"",""coordinates"":[108.43493007794503,14.398557697305185]}"
000000000000000009be,1,758,0.06745378008403402,13,62,"{""type"":""Point"",""coordinates"":[108.46430663568512,14.235782672450194]}"
00000000000000000a08,1,754,0.0671779068009487,13,62,"{""type"":""Point"",""coordinates"":[108.47966823881426,14.24548121724144]}"
00000000000000000b4b,1,699,0.43942120152142106,15,62,"{""type"":""Point"",""coordinates"":[108.47481673686809,14.181341507688677]}"
00000000000000000927,1,759,0.7623161856222761,16,62,"{""type"":""Point"",""coordinates"":[108.49610448529725,14.3387299384711]}"
00000000000000000768,1,541,0.3072731375856719,21,62,"{""type"":""Point"",""coordinates"":[108.57937819747035,14.162479510232597]}"
00000000000000000b08,1,707,0.6400046356713582,24,62,"{""type"":""Point"",""coordinates"":[108.42495952798951,14.226619219785361]}"
00000000000000000896,1,816,0.11422317257097259,30,62,"{""type"":""Point"",""coordinates"":[108.50850078622584,14.103730853853445]}"
00000000000000000866,1,1117,0.7424407591220017,3,68,"{""type"":""Point"",""coordinates"":[108.37806762131147,14.478059009987074]}"
00000000000000000afb,1,692,0.7556431821305676,3,68,"{""type"":""Point"",""coordinates"":[108.55081319612196,14.293724231538672]}"
000000000000000006e3,1,1063,0.16072764687776042,6,68,"{""type"":""Point"",""coordinates"":[108.42441997676204,14.363790086391466]}"
00000000000000000a40,1,960,0.512079034902978,7,68,"{""type"":""Point"",""coordinates"":[108.44490062790052,14.416880143533794]}"
00000000000000000a02,1,549,0.451287127052343,10,68,"{""type"":""Point"",""coordinates"":[108.5324862907923,14.181341507688677]}"
0000000000000000073c,1,603,0.6797753716288298,11,68,"{""type"":""Point"",""coordinates"":[108.48586638927854,14.153048511504561]}"
0000000000000000066b,1,729,0.26335071346509775,12,68,"{""type"":""Point"",""coordinates"":[108.4767029366137,14.27970927692769]}"
00000000000000000856,1,560,0.2657361900856442,13,68,"{""type"":""Point"",""coordinates"":[108.51577803914505,14.177301562134256]}"
0000000000000000091f,1,867,0.685813830722817,14,68,"{""type"":""Point"",""coordinates"":[108.49367873432418,14.346002732289275]}"
00000000000000000791,1,519,0.6351520122405709,15,68,"{""type"":""Point"",""coordinates"":[108.53733779273846,14.213950913692525]}"
000000000000000008de,1,578,0.4853177074273499,15,68,"{""type"":""Point"",""coordinates"":[108.5222481947736,14.226079668557897]}"
000000000000000009a7,1,890,0.6665116740214739,15,68,"{""type"":""Point"",""coordinates"":[108.42549907921698,14.389122239476093]}"
00000000000000000abe,1,705,0.6374350794400676,16,68,"{""type"":""Point"",""coordinates"":[108.4139098755791,14.220421069321075]}"
0000000000000000065f,1,768,0.6967017943401198,18,68,"{""type"":""Point"",""coordinates"":[108.43789538014558,14.255184221133739]}"
0000000000000000074a,1,870,0.7016017705988762,18,68,"{""type"":""Point"",""coordinates"":[108.44678682764615,14.201554612763944]}"
00000000000000000ba9,1,934,0.324078859487688,22,68,"{""type"":""Point"",""coordinates"":[108.44570772519121,14.372685992993093]}"
00000000000000000b62,1,1004,0.6874989004049862,6,71,"{""type"":""Point"",""coordinates"":[108.42253377701644,14.379151689520587]}"
00000000000000000bdf,1,683,0.6529044964632511,6,71,"{""type"":""Point"",""coordinates"":[108.47831713119506,14.17271760625131]}"
00000000000000000c76,1,844,0.4132882181678398,6,71,"{""type"":""Point"",""coordinates"":[108.45810848522085,14.197782213272731]}"
00000000000000000835,1,920,0.3976068093730363,8,71,"{""type"":""Point"",""coordinates"":[108.42657372257086,14.382656542948595]}"
000000000000000009af,1,1178,0.2547881162270088,8,71,"{""type"":""Point"",""coordinates"":[108.42361287947139,14.518748307099766]}"
00000000000000000a18,1,620,0.22391027992036017,8,71,"{""type"":""Point"",""coordinates"":[108.52628814032803,14.134182054947429]}"
000000000000000006a4,1,1142,0.32606427374796276,9,71,"{""type"":""Point"",""coordinates"":[108.41417742164228,14.513901264254669]}"
0000000000000000073d,1,712,0.1507993347861747,11,71,"{""type"":""Point"",""coordinates"":[108.48101488733239,14.243867022660092]}"
00000000000000000ab9,1,590,0.39911838913449293,11,71,"{""type"":""Point"",""coordinates"":[108.48532683805107,14.154395160022702]}"
00000000000000000afe,1,762,0.7205947045381438,11,71,"{""type"":""Point"",""coordinates"":[108.45972267980217,14.228505419530975]}"
00000000000000000b4a,1,984,0.18637358019995487,11,71,"{""type"":""Point"",""coordinates"":[108.43466253188183,14.40340474015028]}"
00000000000000000c1e,1,539,0.010896845955857715,11,71,"{""type"":""Point"",""coordinates"":[108.53787734396592,14.208831865683168]}"
0000000000000000085e,1,595,0.654117438744012,13,71,"{""type"":""Point"",""coordinates"":[108.54838744514889,14.131756303974356]}"
000000000000000009d6,1,884,0.5455901061343692,14,71,"{""type"":""Point"",""coordinates"":[108.33360146560652,14.3354926311063]}"
000000000000000009a2,1,637,0.42118433550030354,15,71,"{""type"":""Point"",""coordinates"":[108.4338509754901,14.26434767379857]}"
00000000000000000811,1,779,0.19327822708809794,20,71,"{""type"":""Point"",""coordinates"":[108.47319808318571,14.21503001614746]}"
0000000000000000087c,1,750,0.3792778038272011,20,71,"{""type"":""Point"",""coordinates"":[108.45541072908351,14.254105118678806]}"
00000000000000000746,1,646,0.3223491535326283,22,71,"{""type"":""Point"",""coordinates"":[108.4847872868236,14.157895554349658]}"
000000000000000008f1,1,929,0.49690158197526313,24,71,"{""type"":""Point"",""coordinates"":[108.44759838403786,14.393973741422244]}"
00000000000000000bb1,1,665,0.6512549081118925,25,71,"{""type"":""Point"",""coordinates"":[108.43627672646316,14.249793167960124]}"
00000000000000000c49,1,984,0.3341866706269907,27,71,"{""type"":""Point"",""coordinates"":[108.32363091565102,14.364601642783192]}"
000000000000000009f9,1,869,0.41966944875847134,31,71,"{""type"":""Point"",""coordinates"":[108.32416600777742,14.388582688248627]}"
00000000000000000701,1,668,0.5843497346065923,32,71,"{""type"":""Point"",""coordinates"":[108.47050478614942,14.30396232755738]}"
0000000000000000096f,1,937,0.00819650160977381,4,72,"{""type"":""Point"",""coordinates"":[108.4944902907159,14.357052384699712]}"
00000000000000000a47,1,742,0.7723451445828071,4,72,"{""type"":""Point"",""coordinates"":[108.46430663568513,14.259768177016682]}"
00000000000000000674,1,1137,0.55303366731959,5,72,"{""type"":""Point"",""coordinates"":[108.43331142426263,14.516055010063484]}"
00000000000000000799,1,1132,0.7863862977927601,6,72,"{""type"":""Point"",""coordinates"":[108.43924202866371,14.506891557398653]}"
000000000000000008f5,1,654,0.20068069785253473,6,72,"{""type"":""Point"",""coordinates"":[108.53895644642087,14.127711899318882]}"
000000000000000009b4,1,896,0.28652921669075193,6,72,"{""type"":""Point"",""coordinates"":[108.52413439451922,14.384810288757409]}"
000000000000000009c8,1,977,0.40664431108120813,6,72,"{""type"":""Point"",""coordinates"":[108.41417742164228,14.395052843877176]}"
000000000000000009f6,1,605,0.024079192928146864,6,72,"{""type"":""Point"",""coordinates"":[108.45109877836481,14.330373583096943]}"
0000000000000000077a,1,698,0.15172232843768774,7,72,"{""type"":""Point"",""coordinates"":[108.47239098589503,14.178108659424925]}"
000000000000000009b8,1,893,0.7205249237942667,7,72,"{""type"":""Point"",""coordinates"":[108.52197618960933,14.35355199037275]}"
000000000000000009b9,1,637,0.638345729054284,7,72,"{""type"":""Point"",""coordinates"":[108.49206453974283,14.195356462299653]}"
00000000000000000ad9,1,1084,0.3074470336962546,7,72,"{""type"":""Point"",""coordinates"":[108.3883057173302,14.42550404497116]}"
00000000000000000c10,1,698,0.7905626153824423,8,72,"{""type"":""Point"",""coordinates"":[108.42684572773511,14.215297562210663]}"
00000000000000000ae0,1,782,0.44495326577011174,9,72,"{""type"":""Point"",""coordinates"":[108.56320949705056,14.318784379459037]}"
000000000000000006b9,1,668,0.5770912213038869,10,72,"{""type"":""Point"",""coordinates"":[108.52548104303735,14.240362169232085]}"
000000000000000008d0,1,789,0.7188284975319922,10,72,"{""type"":""Point"",""coordinates"":[108.5322187447291,14.128251450546347]}"
00000000000000000c3e,1,643,0.6629512351154164,12,72,"{""type"":""Point"",""coordinates"":[108.48398018953291,14.191044511580973]}"
00000000000000000857,1,670,0.465335844001073,13,72,"{""type"":""Point"",""coordinates"":[108.48855968631482,14.240362169232085]}"
000000000000000009bf,1,623,0.48092603450699134,13,72,"{""type"":""Point"",""coordinates"":[108.50580748918954,14.17137095773317]}"
00000000000000000a15,1,1116,0.021119579654856224,13,72,"{""type"":""Point"",""coordinates"":[108.39261766804887,14.411221544296971]}"
00000000000000000b32,1,676,0.2847649007508941,13,72,"{""type"":""Point"",""coordinates"":[108.48586638927854,14.231198716567253]}"
000000000000000007c9,1,751,0.4698981291349872,14,72,"{""type"":""Point"",""coordinates"":[108.5128127369445,14.331452685551875]}"
000000000000000008ca,1,964,0.45853232419520384,14,72,"{""type"":""Point"",""coordinates"":[108.44409353060985,14.380770343202988]}"
0000000000000000089c,1,900,0.05685389323400214,15,72,"{""type"":""Point"",""coordinates"":[108.4354696291725,14.378072587065656]}"
000000000000000007ed,1,586,0.10197515829129389,17,72,"{""type"":""Point"",""coordinates"":[108.48559438411426,14.15142985782216]}"
00000000000000000668,1,559,0.34558391654373477,21,72,"{""type"":""Point"",""coordinates"":[108.5265601454923,14.212064713946917]}"
0000000000000000094c,1,966,0.30963657192530225,21,72,"{""type"":""Point"",""coordinates"":[108.32389846171421,14.35085423423542]}"
00000000000000000b5a,1,643,0.53794683432355,22,72,"{""type"":""Point"",""coordinates"":[108.48478728682359,14.186193009634824]}"
00000000000000000b1d,1,729,0.06857684991678792,1,74,"{""type"":""Point"",""coordinates"":[108.47562383415878,14.269199175744717]}"
00000000000000000723,1,1075,0.49359322713452936,4,74,"{""type"":""Point"",""coordinates"":[108.39612252147688,14.429548449626633]}"
000000000000000006df,1,850,0.416450087046348,7,74,"{""type"":""Point"",""coordinates"":[108.5087727913901,14.347888932034882]}"
00000000000000000bc1,1,749,0.06551821621302545,7,74,"{""type"":""Point"",""coordinates"":[108.49880224143459,14.336571733561232]}"
00000000000000000bda,1,771,0.5203172207090667,7,74,"{""type"":""Point"",""coordinates"":[108.46430663568513,14.202633715218877]}"
000000000000000009e3,1,867,0.08447782033488827,8,74,"{""type"":""Point"",""coordinates"":[108.32605220752305,14.344388537707923]}"
00000000000000000a97,1,945,0.501659002565,8,74,"{""type"":""Point"",""coordinates"":[108.31500701421366,14.37753749493924]}"
00000000000000000b5e,1,723,0.16179792618130018,9,74,"{""type"":""Point"",""coordinates"":[108.4376233749813,14.281863022736507]}"
0000000000000000078d,1,972,0.4471957875135215,10,74,"{""type"":""Point"",""coordinates"":[108.44948458378346,14.400983448278259]}"
000000000000000007d7,1,785,0.26028395577031416,10,74,"{""type"":""Point"",""coordinates"":[108.49799068504285,14.33845793330684]}"
00000000000000000afd,1,565,0.7035901480948732,12,74,"{""type"":""Point"",""coordinates"":[108.50392128944394,14.128251450546347]}"
00000000000000000b24,1,930,0.35644794226387533,12,74,"{""type"":""Point"",""coordinates"":[108.40690462782412,14.385621845149142]}"
00000000000000000b34,1,622,0.7958542332647351,12,74,"{""type"":""Point"",""coordinates"":[108.48532683805107,14.157356003122189]}"
00000000000000000ac7,1,593,0.25508055981386435,14,74,"{""type"":""Point"",""coordinates"":[108.44975212984667,14.291298480565596]}"
0000000000000000089e,1,1163,0.3328588958307157,16,74,"{""type"":""Point"",""coordinates"":[108.37429522182028,14.499079212353013]}"
00000000000000000afc,1,957,0.47920306924636336,16,74,"{""type"":""Point"",""coordinates"":[108.43007857599888,14.376997943711777]}"
00000000000000000c15,1,952,0.3486683748322611,16,74,"{""type"":""Point"",""coordinates"":[108.41984047998015,14.400711443113998]}"
00000000000000000766,1,697,0.6450860830712969,17,74,"{""type"":""Point"",""coordinates"":[108.42873192748074,14.26272902011617]}"
00000000000000000be2,1,628,0.4777233203494343,17,74,"{""type"":""Point"",""coordinates"":[108.48290108707799,14.165712358496346]}"
000000000000000007b4,1,713,0.0035690544009997494,19,74,"{""type"":""Point"",""coordinates"":[108.43843493137302,14.24763942215131]}"
00000000000000000a28,1,785,0.09995021869784748,19,74,"{""type"":""Point"",""coordinates"":[108.42927147870819,14.209371416910637]}"
00000000000000000ad1,1,1044,0.43399958135907435,20,74,"{""type"":""Point"",""coordinates"":[108.47804958513184,14.500153855706898]}"
00000000000000000ab5,1,1094,0.2062728361967947,22,74,"{""type"":""Point"",""coordinates"":[108.39450386779448,14.41095399823376]}"
0000000000000000089a,1,708,0.02630360265586351,25,74,"{""type"":""Point"",""coordinates"":[108.42549907921698,14.213950913692525]}"
000000000000000006f1,1,761,0.19054657032210975,27,74,"{""type"":""Point"",""coordinates"":[108.42927147870819,14.274318223754078]}"
00000000000000000a73,1,923,0.5282455042172296,27,74,"{""type"":""Point"",""coordinates"":[108.32309136442356,14.353819536435962]}"
00000000000000000939,1,717,0.11519076957981589,28,74,"{""type"":""Point"",""coordinates"":[108.45217788081975,14.261114825534824]}"
000000000000000007a8,1,785,0.290234516290349,29,74,"{""type"":""Point"",""coordinates"":[108.42010802604338,14.225807663393638]}"
00000000000000000af0,1,1012,0.5449807044640659,1,75,"{""type"":""Point"",""coordinates"":[108.42172667972578,14.395320389940382]}"
00000000000000000a3c,1,895,0.12108689503530301,3,75,"{""type"":""Point"",""coordinates"":[108.46915367853022,14.217188221057327]}"
00000000000000000a8b,1,1090,0.3691998889824476,4,75,"{""type"":""Point"",""coordinates"":[108.39073146830327,14.416340592306323]}"
000000000000000006b6,1,661,0.7007256326252551,5,75,"{""type"":""Point"",""coordinates"":[108.64001751269616,14.166251909723814]}"
00000000000000000830,1,774,0.02959690932446768,5,75,"{""type"":""Point"",""coordinates"":[108.57183339848791,14.306120532467249]}"
00000000000000000969,1,626,0.4641927006005908,7,75,"{""type"":""Point"",""coordinates"":[108.48155443855985,14.16840565553263]}"
00000000000000000c5d,1,709,0.33356894404015136,7,75,"{""type"":""Point"",""coordinates"":[108.48370818436868,14.264615219861776]}"
00000000000000000837,1,864,0.5972218020151401,8,75,"{""type"":""Point"",""coordinates"":[108.3247055590049,14.393166644131568]}"
00000000000000000873,1,1201,0.12793014217260879,9,75,"{""type"":""Point"",""coordinates"":[108.38480532300325,14.507431108626118]}"
0000000000000000094f,1,850,0.22289375501643993,9,75,"{""type"":""Point"",""coordinates"":[108.60067040500054,14.410142441842039]}"
00000000000000000a99,1,680,0.5056497665314262,9,75,"{""type"":""Point"",""coordinates"":[108.41848937236098,14.221767717839219]}"
00000000000000000a8a,1,1148,0.05519498416606661,10,75,"{""type"":""Point"",""coordinates"":[108.42846438141754,14.525218462728315]}"
0000000000000000091c,1,822,0.35238376215281153,11,75,"{""type"":""Point"",""coordinates"":[108.45783648005659,14.20209416399141]}"
0000000000000000099d,1,745,0.5242397688223421,11,75,"{""type"":""Point"",""coordinates"":[108.4710443373769,14.263268571343634]}"
00000000000000000880,1,602,0.04192107701358938,12,75,"{""type"":""Point"",""coordinates"":[108.50661458648021,14.161400407777665]}"
000000000000000006d0,1,680,0.7456964960251687,13,75,"{""type"":""Point"",""coordinates"":[108.45810848522085,14.29857127438377]}"
00000000000000000c66,1,612,0.30673240788545475,13,75,"{""type"":""Point"",""coordinates"":[108.46026223102965,14.33064112916015]}"
00000000000000000656,1,617,0.612216768846701,14,75,"{""type"":""Point"",""coordinates"":[108.48613393534174,14.162747056295805]}"
0000000000000000095b,1,840,0.2938292812012251,14,75,"{""type"":""Point"",""coordinates"":[108.60309615597362,14.369988236855754]}"
00000000000000000af4,1,803,0.5561016176879562,15,75,"{""type"":""Point"",""coordinates"":[108.51119854236318,14.341690781570591]}"
000000000000000008a4,1,884,0.1478480866795978,17,75,"{""type"":""Point"",""coordinates"":[108.53113964227417,14.361636340582653]}"
000000000000000006cc,1,902,0.5150319854800475,19,75,"{""type"":""Point"",""coordinates"":[108.32901750972357,14.334417987752422]}"
00000000000000000718,1,1001,0.33990249177825815,19,75,"{""type"":""Point"",""coordinates"":[108.41660317261535,14.379958786811263]}"
00000000000000000981,1,645,0.2555419168806192,24,75,"{""type"":""Point"",""coordinates"":[108.5128127369445,14.131488757911152]}"
00000000000000000796,1,1029,0.6573056919461951,39,75,"{""type"":""Point"",""coordinates"":[108.32012606222301,14.35867103838211]}"
00000000000000000ae4,1,1127,0.7081866090946421,2,76,"{""type"":""Point"",""coordinates"":[108.43843493137302,14.504465806425575]}"
00000000000000000b37,1,661,0.1801880823342109,2,76,"{""type"":""Point"",""coordinates"":[108.45055922713736,14.261382371598026]}"
000000000000000007c2,1,673,0.32651419070536836,3,76,"{""type"":""Point"",""coordinates"":[108.48532683805107,14.233896472704588]}"
00000000000000000b64,1,587,0.2337322430525247,3,76,"{""type"":""Point"",""coordinates"":[108.49853023627033,14.17191050896064]}"
00000000000000000bec,1,842,0.03852255100788671,3,76,"{""type"":""Point"",""coordinates"":[108.5699471987423,14.364601642783192]}"
000000000000000008e3,1,555,0.37670863219757555,5,76,"{""type"":""Point"",""coordinates"":[108.49044588606041,14.148197009558412]}"
00000000000000000b50,1,760,0.6213862562544217,5,76,"{""type"":""Point"",""coordinates"":[108.45864357734725,14.231738267794718]}"
00000000000000000c00,1,726,0.4782723771044054,5,76,"{""type"":""Point"",""coordinates"":[108.52925344252857,14.280788379382622]}"
000000000000000008fd,1,831,0.11495929401841154,6,76,"{""type"":""Point"",""coordinates"":[108.56159084336815,14.373493090283764]}"
00000000000000000985,1,796,0.6345229874835284,6,76,"{""type"":""Point"",""coordinates"":[108.44436107667306,14.226079668557897]}"
00000000000000000904,1,825,0.663731032359882,7,76,"{""type"":""Point"",""coordinates"":[108.43843493137302,14.36810203711015]}"
000000000000000009b2,1,764,0.09270207924495666,7,76,"{""type"":""Point"",""coordinates"":[108.44463308183731,14.240094623168877]}"
00000000000000000a54,1,1019,0.2035963163023854,7,76,"{""type"":""Point"",""coordinates"":[108.45217788081975,14.451375749283251]}"
00000000000000000c0a,1,821,0.0607000896606632,7,76,"{""type"":""Point"",""coordinates"":[108.43439052671755,14.2735111264634]}"
00000000000000000bd5,1,645,0.03481534147165355,8,76,"{""type"":""Point"",""coordinates"":[108.48208953068627,14.189425857898572]}"
00000000000000000677,1,553,0.010522263945996202,9,76,"{""type"":""Point"",""coordinates"":[108.5206295410912,14.149543658076553]}"
00000000000000000814,1,1090,0.20738818597921926,9,76,"{""type"":""Point"",""coordinates"":[108.39935536974063,14.420924548189271]}"
0000000000000000090c,1,1005,0.5211158625731848,9,76,"{""type"":""Point"",""coordinates"":[108.46834658123954,14.441137653264539]}"
000000000000000006d1,1,1186,0.215589674629595,11,76,"{""type"":""Point"",""coordinates"":[108.42927147870819,14.515787464000272]}"
000000000000000008d2,1,964,0.37194247373863887,11,76,"{""type"":""Point"",""coordinates"":[108.44813347616429,14.388047596122213]}"
00000000000000000937,1,968,0.5129646043365987,11,76,"{""type"":""Point"",""coordinates"":[108.41633562655215,14.278090623245289]}"
000000000000000009fd,1,782,0.6115390923204893,11,76,"{""type"":""Point"",""coordinates"":[108.4729305371225,14.21476247008425]}"
0000000000000000078a,1,908,0.62841554217468,12,76,"{""type"":""Point"",""coordinates"":[108.32363091565102,14.410953998233762]}"
000000000000000008f3,1,567,0.21328862359827094,12,76,"{""type"":""Point"",""coordinates"":[108.52089708715441,14.145499253421079]}"
00000000000000000b03,1,643,0.5684877490800128,12,76,"{""type"":""Point"",""coordinates"":[108.45001967590989,14.253565567451338]}"
00000000000000000b1c,1,904,0.1410891543331665,12,76,"{""type"":""Point"",""coordinates"":[108.33171526586092,14.33037358309694]}"
00000000000000000ba5,1,998,0.15316540740298312,12,76,"{""type"":""Point"",""coordinates"":[108.44220733086425,14.414186846497511]}"
0000000000000000068d,1,1120,0.5623380963330838,13,76,"{""type"":""Point"",""coordinates"":[108.43600918039995,14.512282610572273]}"
0000000000000000069a,1,863,0.543350550281263,13,76,"{""type"":""Point"",""coordinates"":[108.4419353257,14.371874436601361]}"
00000000000000000945,1,754,0.10474519666343407,13,76,"{""type"":""Point"",""coordinates"":[108.50769368893515,14.331992236779346]}"
000000000000000009f4,1,999,0.33467546585526076,13,76,"{""type"":""Point"",""coordinates"":[108.43924202866371,14.394780838712915]}"
00000000000000000b70,1,773,0.11925355929305237,13,76,"{""type"":""Point"",""coordinates"":[108.47077233221262,14.180806415562262]}"
00000000000000000c6c,1,568,0.41247189487601255,13,76,"{""type"":""Point"",""coordinates"":[108.52494149180987,14.20559901741942]}"
0000000000000000080d,1,1141,0.3321951248266328,14,76,"{""type"":""Point"",""coordinates"":[108.43546962917249,14.50608446010798]}"
00000000000000000933,1,608,0.33553494672908457,14,76,"{""type"":""Point"",""coordinates"":[108.45055922713735,14.286714524682653]}"
00000000000000000b75,1,959,0.5477948896116994,14,76,"{""type"":""Point"",""coordinates"":[108.42091512333404,14.382656542948595]}"
000000000000000006d9,1,812,0.7277496316965885,15,76,"{""type"":""Point"",""coordinates"":[108.45999468496643,14.196435564754589]}"
00000000000000000792,1,676,0.6882333840798409,15,76,"{""type"":""Point"",""coordinates"":[108.48155443855985,14.222035263902423]}"
00000000000000000c7d,1,809,0.7286133153054973,15,76,"{""type"":""Point"",""coordinates"":[108.5125451908813,14.341962786734848]}"
0000000000000000082b,1,566,0.30811662406081974,16,76,"{""type"":""Point"",""coordinates"":[108.52170864354615,14.183499712598543]}"
0000000000000000090e,1,1186,0.41223016414725633,16,76,"{""type"":""Point"",""coordinates"":[108.38291912325764,14.507163562562914]}"
00000000000000000a38,1,911,0.7034498815881429,16,76,"{""type"":""Point"",""coordinates"":[108.45083123230162,14.387236039730482]}"
00000000000000000a71,1,648,0.7254795718447368,16,76,"{""type"":""Point"",""coordinates"":[108.45406408056536,14.295070880056812]}"
00000000000000000c6a,1,536,0.3260724681105188,16,76,"{""type"":""Point"",""coordinates"":[108.53679824151101,14.215837113438132]}"
000000000000000007b3,1,689,0.6314343408948988,17,76,"{""type"":""Point"",""coordinates"":[108.48424773559613,14.241708817750226]}"
00000000000000000665,1,865,0.08096407026067409,18,76,"{""type"":""Point"",""coordinates"":[108.3247055590049,14.392627092904101]}"
0000000000000000081a,1,1166,0.12172264695531743,18,76,"{""type"":""Point"",""coordinates"":[108.42899947354395,14.517941209809091]}"
0000000000000000064e,1,869,0.7675181148654601,19,76,"{""type"":""Point"",""coordinates"":[108.4295390247714,14.310972034413398]}"
000000000000000006b8,1,688,0.22807644126167936,19,76,"{""type"":""Point"",""coordinates"":[108.47993578487744,14.189697863062834]}"
000000000000000006bd,1,632,0.5731257718271946,20,76,"{""type"":""Point"",""coordinates"":[108.50418883550714,14.1608608565502]}"
000000000000000008a9,1,605,0.576287753420062,20,76,"{""type"":""Point"",""coordinates"":[108.54245684074782,14.203440812509553]}"
00000000000000000aff,1,1122,0.636946656846291,20,76,"{""type"":""Point"",""coordinates"":[108.43277187303516,14.518213214973352]}"
00000000000000000c13,1,887,0.07620379798809085,20,76,"{""type"":""Point"",""coordinates"":[108.32524511023236,14.365408740073867]}"
00000000000000000b06,1,533,0.021363746012586393,21,76,"{""type"":""Point"",""coordinates"":[108.54407549443023,14.179994859170534]}"
00000000000000000adf,1,794,0.3335123907098355,22,76,"{""type"":""Point"",""coordinates"":[108.4295390247714,14.268392078454045]}"
000000000000000009a0,1,821,0.5470700239265863,23,76,"{""type"":""Point"",""coordinates"":[108.45972267980217,14.201826617928205]}"
000000000000000006c2,1,768,0.03565287638631276,24,76,"{""type"":""Point"",""coordinates"":[108.42172667972578,14.227426317076036]}"
0000000000000000072c,1,886,0.05846992577192378,24,76,"{""type"":""Point"",""coordinates"":[108.42846438141753,14.309353380730998]}"
000000000000000009d3,1,564,0.34660807728693566,24,76,"{""type"":""Point"",""coordinates"":[108.49960933872526,14.232277819022185]}"
00000000000000000924,1,885,0.5311398405548805,27,76,"{""type"":""Point"",""coordinates"":[108.31931896493232,14.418766343279401]}"
00000000000000000be3,1,719,0.4216689426146316,27,76,"{""type"":""Point"",""coordinates"":[108.43816292620876,14.254105118678803]}"
00000000000000000a0f,1,1165,0.02634422801045977,28,76,"{""type"":""Point"",""coordinates"":[108.42253377701644,14.512015064509058]}"
00000000000000000781,1,654,0.696471525435269,32,76,"{""type"":""Point"",""coordinates"":[108.49233208580604,14.168945206760094]}"
00000000000000000b61,1,936,0.568852225430119,34,76,"{""type"":""Point"",""coordinates"":[108.32551711539664,14.363522540328258]}"
000000000000000007dd,1,1109,0.19691076299801435,35,76,"{""type"":""Point"",""coordinates"":[108.44247487692745,14.508510211081058]}"
00000000000000000a56,1,721,0.22620903311307983,1,78,"{""type"":""Point"",""coordinates"":[108.42253377701644,14.200207964245802]}"
00000000000000000659,1,603,0.6671648427284288,3,78,"{""type"":""Point"",""coordinates"":[108.44840548132855,14.258417069397487]}"
000000000000000009e8,1,863,0.3063383704876028,3,78,"{""type"":""Point"",""coordinates"":[108.48370818436868,14.318516833395833]}"
00000000000000000705,1,683,0.5575534850201573,4,78,"{""type"":""Point"",""coordinates"":[108.48398018953291,14.17918776187986]}"
00000000000000000bbb,1,861,0.6779849826902348,4,78,"{""type"":""Point"",""coordinates"":[108.47993578487744,14.348700488426607]}"
00000000000000000c1a,1,769,0.09945987465990125,4,78,"{""type"":""Point"",""coordinates"":[108.4470588328104,14.239283066777153]}"
00000000000000000653,1,678,0.5490348232829737,6,78,"{""type"":""Point"",""coordinates"":[108.48855968631482,14.251411821642524]}"
00000000000000000815,1,599,0.40380073666790217,6,78,"{""type"":""Point"",""coordinates"":[108.50823324016261,14.170563860442497]}"
00000000000000000b09,1,914,0.7621221585495863,6,78,"{""type"":""Point"",""coordinates"":[108.50984743474397,14.40259764285961]}"
00000000000000000957,1,827,0.4071863277439923,7,78,"{""type"":""Point"",""coordinates"":[108.43816292620876,14.367834491046938]}"
00000000000000000b17,1,798,0.10881957475437287,7,78,"{""type"":""Point"",""coordinates"":[108.50742614287195,14.337918382079373]}"
00000000000000000c0c,1,710,0.423708374568846,7,78,"{""type"":""Point"",""coordinates"":[108.42253377701645,14.219074420802936]}"
00000000000000000822,1,1139,0.08744161198589939,8,78,"{""type"":""Point"",""coordinates"":[108.43304387819943,14.493955705242605]}"
00000000000000000a6b,1,783,0.3050948043844316,8,78,"{""type"":""Point"",""coordinates"":[108.44651928158292,14.24278792020516]}"
00000000000000000c69,1,789,0.18518789822941462,10,78,"{""type"":""Point"",""coordinates"":[108.46592083026648,14.248446519441984]}"
0000000000000000075a,1,604,0.03336553454467084,11,78,"{""type"":""Point"",""coordinates"":[108.50715413770767,14.198321764500193]}"
0000000000000000078f,1,1016,0.10630515138603769,11,78,"{""type"":""Point"",""coordinates"":[108.47023278098516,14.468623552157979]}"
000000000000000007d6,1,850,0.6026914367530276,11,78,"{""type"":""Point"",""coordinates"":[108.5993237564824,14.414993943788186]}"
000000000000000008d6,1,857,0.6109202773354686,11,78,"{""type"":""Point"",""coordinates"":[108.57776400288901,14.354359087663429]}"
000000000000000009c4,1,545,0.5696024354287001,11,78,"{""type"":""Point"",""coordinates"":[108.5467687914665,14.146578355876011]}"
00000000000000000a2b,1,643,0.10746873101660193,11,78,"{""type"":""Point"",""coordinates"":[108.45622228547523,14.316630633650224]}"
00000000000000000855,1,560,0.5479204818856088,12,78,"{""type"":""Point"",""coordinates"":[108.52116909231867,14.194009813781514]}"
000000000000000007ac,1,554,0.6797761012076697,13,78,"{""type"":""Point"",""coordinates"":[108.52278328690002,14.192391160099113]}"
00000000000000000936,1,595,0.4004711019928857,13,78,"{""type"":""Point"",""coordinates"":[108.50634704041703,14.198321764500196]}"
00000000000000000a21,1,717,0.1917891146462185,13,78,"{""type"":""Point"",""coordinates"":[108.49880224143459,14.209371416910637]}"
00000000000000000bcd,1,793,0.21661840168369872,13,78,"{""type"":""Point"",""coordinates"":[108.49853023627033,14.338997484534305]}"
0000000000000000070e,1,934,0.13824937298151974,14,78,"{""type"":""Point"",""coordinates"":[108.32227980803181,14.354626633726637]}"
00000000000000000765,1,622,0.36669691277667293,14,78,"{""type"":""Point"",""coordinates"":[108.47185143466754,14.14873656078588]}"
000000000000000006dd,1,624,0.6505483353660717,15,78,"{""type"":""Point"",""coordinates"":[108.49745113381537,14.204252368901278]}"
00000000000000000b81,1,884,0.6070849279721992,15,78,"{""type"":""Point"",""coordinates"":[108.43061812722635,14.387236039730482]}"
000000000000000009e2,1,955,0.0894246814729075,16,78,"{""type"":""Point"",""coordinates"":[108.32255181319609,14.3745721927387]}"
00000000000000000a58,1,871,0.5514281368606923,16,78,"{""type"":""Point"",""coordinates"":[108.4419353257,14.372413987828832]}"
00000000000000000b86,1,784,0.6916419553681419,16,78,"{""type"":""Point"",""coordinates"":[108.49772313897964,14.338997484534305]}"
00000000000000000ba8,1,787,0.05098715084218752,16,78,"{""type"":""Point"",""coordinates"":[108.4696932297577,14.144424610067196]}"
000000000000000009ef,1,1029,0.19788915935263618,17,78,"{""type"":""Point"",""coordinates"":[108.43950957472693,14.419305894506866]}"
00000000000000000a39,1,950,0.5771424268464074,18,78,"{""type"":""Point"",""coordinates"":[108.448945032556,14.388582688248627]}"
00000000000000000ac9,1,996,0.20085963875752288,18,78,"{""type"":""Point"",""coordinates"":[108.31608165756752,14.37349309028376]}"
00000000000000000742,1,593,0.47360298171618054,19,78,"{""type"":""Point"",""coordinates"":[108.4944902907159,14.147385453166684]}"
000000000000000007a5,1,1023,0.17591287130651556,19,78,"{""type"":""Point"",""coordinates"":[108.42199422578898,14.379691240748052]}"
00000000000000000a45,1,917,0.4319557178693564,19,78,"{""type"":""Point"",""coordinates"":[108.43466253188183,14.393166644131568]}"
00000000000000000b56,1,934,0.11918509634507735,20,78,"{""type"":""Point"",""coordinates"":[108.44948458378346,14.383196094176062]}"
00000000000000000839,1,966,0.46199470286675093,21,78,"{""type"":""Point"",""coordinates"":[108.44813347616429,14.198321764500193]}"
00000000000000000881,1,767,0.016613343708099193,21,78,"{""type"":""Point"",""coordinates"":[108.42630617650767,14.199668413018339]}"
0000000000000000083d,1,1165,0.4129978991372495,23,78,"{""type"":""Point"",""coordinates"":[108.42738527896259,14.525486008791525]}"
0000000000000000071d,1,836,0.6932030424113053,24,78,"{""type"":""Point"",""coordinates"":[108.43088567328955,14.20721321200077]}"
00000000000000000992,1,1028,0.6392718316744646,24,78,"{""type"":""Point"",""coordinates"":[108.43061812722635,14.365136734909605]}"
00000000000000000953,1,744,0.6453248507772484,27,78,"{""type"":""Point"",""coordinates"":[108.44166777963679,14.257609972106817]}"
00000000000000000905,1,684,0.5062779491896113,30,78,"{""type"":""Point"",""coordinates"":[108.62411635833956,14.24709987092384]}"
0000000000000000099c,1,849,0.6339541795568712,30,78,"{""type"":""Point"",""coordinates"":[108.43978157989118,14.371606890538157]}"
0000000000000000085a,1,1025,0.4872256425559428,3,79,"{""type"":""Point"",""coordinates"":[108.41417742164228,14.45757389974754]}"
00000000000000000876,1,769,0.5548126142448767,7,79,"{""type"":""Point"",""coordinates"":[108.51631759037252,14.329834031869478]}"
00000000000000000a85,1,589,0.32489904154871085,8,79,"{""type"":""Point"",""coordinates"":[108.49718358775219,14.050101245483658]}"
00000000000000000743,1,728,0.21817993554494708,9,79,"{""type"":""Point"",""coordinates"":[108.43843493137302,14.28132793061009]}"
000000000000000008e5,1,759,0.25634953224419044,9,79,"{""type"":""Point"",""coordinates"":[108.47939623364998,14.24548121724144]}"
00000000000000000970,1,642,0.49802442165568517,9,79,"{""type"":""Point"",""coordinates"":[108.4831686331412,14.189965409126039]}"
00000000000000000bd0,1,679,0.5463128704329081,10,79,"{""type"":""Point"",""coordinates"":[108.48451528165936,14.238475969486474]}"
000000000000000007c3,1,621,0.19764103192032056,11,79,"{""type"":""Point"",""coordinates"":[108.43493007794503,14.261114825534824]}"
000000000000000007e5,1,724,0.6746605781200861,12,79,"{""type"":""Point"",""coordinates"":[108.42226177185218,14.20047551030901]}"
00000000000000000950,1,567,0.7334775617802648,13,79,"{""type"":""Point"",""coordinates"":[108.56563524802364,14.122864856473786]}"
00000000000000000b30,1,1045,0.507515072341358,13,79,"{""type"":""Point"",""coordinates"":[108.40393932562358,14.389661790703556]}"
0000000000000000087f,1,748,0.6366742066530547,15,79,"{""type"":""Point"",""coordinates"":[108.4624204359395,14.309085834667792]}"
00000000000000000795,1,693,0.03974797049320622,19,79,"{""type"":""Point"",""coordinates"":[108.48829214025162,14.233624467540327]}"
00000000000000000947,1,901,0.09528286557990362,19,79,"{""type"":""Point"",""coordinates"":[108.44436107667308,14.375918841256837]}"
000000000000000009f0,1,981,0.038387158346693706,20,79,"{""type"":""Point"",""coordinates"":[108.42953902477142,14.39882524336839]}"
00000000000000000ad8,1,934,0.321200121872636,20,79,"{""type"":""Point"",""coordinates"":[108.34006716213402,14.386156937275553]}"
00000000000000000c20,1,757,0.5530433147107996,21,79,"{""type"":""Point"",""coordinates"":[108.4931391830967,14.32471498386012]}"
0000000000000000084c,1,575,0.2618263605052412,22,79,"{""type"":""Point"",""coordinates"":[108.57883864624287,14.124751056219392]}"
00000000000000000885,1,998,0.5499146485982334,30,79,"{""type"":""Point"",""coordinates"":[108.43007857599888,14.368374042274407]}"
0000000000000000094d,1,960,0.7318298593877675,5,81,"{""type"":""Point"",""coordinates"":[108.50472838673461,14.465123157831025]}"
00000000000000000786,1,731,0.2763500977238106,7,81,"{""type"":""Point"",""coordinates"":[108.51658513643574,14.280516374218367]}"
00000000000000000a74,1,524,0.5460545432182324,7,81,"{""type"":""Point"",""coordinates"":[108.5518922985769,14.1527765063403]}"
000000000000000007c5,1,773,0.4310809965229332,12,81,"{""type"":""Point"",""coordinates"":[108.45271743204722,14.233356921477121]}"
00000000000000000c3c,1,720,0.400677231799621,12,81,"{""type"":""Point"",""coordinates"":[108.43789538014558,14.28132793061009]}"
00000000000000000c3b,1,683,0.5259533421946982,14,81,"{""type"":""Point"",""coordinates"":[108.61603200812968,14.245753222405703]}"
00000000000000000a60,1,633,0.7908138839314512,15,81,"{""type"":""Point"",""coordinates"":[108.45217788081975,14.293184680311205]}"
00000000000000000b20,1,1104,0.7521983188127465,15,81,"{""type"":""Point"",""coordinates"":[108.38399376661152,14.424429401617274]}"
000000000000000007ce,1,581,0.2380999989926197,16,81,"{""type"":""Point"",""coordinates"":[108.52574858910054,14.20532701225516]}"
000000000000000007d9,1,621,0.12767578705394067,17,81,"{""type"":""Point"",""coordinates"":[108.50661458648021,14.172450060188103]}"
00000000000000000ace,1,633,0.14249647879408356,18,81,"{""type"":""Point"",""coordinates"":[108.5044608406714,14.16625190972381]}"
00000000000000000794,1,958,0.007191285734205355,19,81,"{""type"":""Point"",""coordinates"":[108.42037557210658,14.26758052206232]}"
000000000000000008d9,1,772,0.5936827574658712,20,81,"{""type"":""Point"",""coordinates"":[108.43493007794503,14.254105118678806]}"
00000000000000000bad,1,736,0.4399714144367173,23,81,"{""type"":""Point"",""coordinates"":[108.45837603128405,14.142805956384798]}"
000000000000000007a3,1,732,0.4570902269123063,24,81,"{""type"":""Point"",""coordinates"":[108.47319808318571,14.17271760625131]}"
0000000000000000097b,1,711,0.3167777707531263,1,82,"{""type"":""Point"",""coordinates"":[108.48128243339559,14.253837572615598]}"
000000000000000006f6,1,732,0.16885887239010866,3,82,"{""type"":""Point"",""coordinates"":[108.48532683805107,14.220688615384281]}"
00000000000000000749,1,837,0.7894160132231666,3,82,"{""type"":""Point"",""coordinates"":[108.62141860220223,14.38966179070356]}"
0000000000000000092b,1,574,0.5869055106655288,5,82,"{""type"":""Point"",""coordinates"":[108.52736724278296,14.14226640515733]}"
00000000000000000bac,1,941,0.6774712992103553,5,82,"{""type"":""Point"",""coordinates"":[108.51443139062691,14.47293550287666]}"
000000000000000008cf,1,895,0.6145936017537831,7,82,"{""type"":""Point"",""coordinates"":[108.43789538014558,14.372413987828832]}"
00000000000000000871,1,875,0.21670245658698672,9,82,"{""type"":""Point"",""coordinates"":[108.57479870068846,14.354898638890894]}"
00000000000000000bed,1,1132,0.09286680226553368,9,82,"{""type"":""Point"",""coordinates"":[108.39881581851316,14.482906052832167]}"
0000000000000000081c,1,1124,0.010348907327570434,10,82,"{""type"":""Point"",""coordinates"":[108.39477587295875,14.502312060616763]}"
00000000000000000944,1,565,0.2966275962116427,10,82,"{""type"":""Point"",""coordinates"":[108.54650124540329,14.085403948523787]}"
00000000000000000a30,1,1107,0.7988559661202237,10,82,"{""type"":""Point"",""coordinates"":[108.4389744826005,14.521713609300306]}"
00000000000000000a83,1,674,0.13931370801110254,10,82,"{""type"":""Point"",""coordinates"":[108.47751003390437,14.174068713870506]}"
0000000000000000085f,1,970,0.5690684030016255,11,82,"{""type"":""Point"",""coordinates"":[108.44651928158292,14.38642894243981]}"
000000000000000009cf,1,743,0.7228663463689441,11,82,"{""type"":""Point"",""coordinates"":[108.46915367853022,14.27647642866394]}"
00000000000000000b0d,1,602,0.20373412222750276,11,82,"{""type"":""Point"",""coordinates"":[108.51443139062691,14.164633256041414]}"
000000000000000007c6,1,849,0.6029575093623609,12,82,"{""type"":""Point"",""coordinates"":[108.48370818436868,14.324175432632655]}"
00000000000000000816,1,1080,0.5385518841942558,12,82,"{""type"":""Point"",""coordinates"":[108.40393932562358,14.430895098144775]}"
000000000000000008a7,1,772,0.6501314208945965,12,82,"{""type"":""Point"",""coordinates"":[108.502842186989,14.334145982588158]}"
00000000000000000bc5,1,904,0.5203534957263227,12,82,"{""type"":""Point"",""coordinates"":[108.43493007794503,14.391547990449167]}"
0000000000000000072e,1,736,0.146231356775133,13,82,"{""type"":""Point"",""coordinates"":[108.46106932832032,14.261654376762289]}"
000000000000000008cd,1,568,0.26103940883684895,13,82,"{""type"":""Point"",""coordinates"":[108.4909854372879,14.147385453166684]}"
00000000000000000979,1,657,0.4295682110908855,13,82,"{""type"":""Point"",""coordinates"":[108.48208953068627,14.164633256041414]}"
00000000000000000b77,1,696,0.7553449307858313,13,82,"{""type"":""Point"",""coordinates"":[108.47373763441317,14.175415362388646]}"
00000000000000000974,1,786,0.7996698021663052,14,82,"{""type"":""Point"",""coordinates"":[108.4729305371225,14.215297562210663]}"
00000000000000000bc7,1,860,0.3866972168371231,14,82,"{""type"":""Point"",""coordinates"":[108.45244542688296,14.144152604902938]}"
0000000000000000098e,1,772,0.7074989921967739,15,82,"{""type"":""Point"",""coordinates"":[108.63651265926815,14.305041430012317]}"
00000000000000000a0b,1,824,0.45827633675079704,15,82,"{""type"":""Point"",""coordinates"":[108.62115105613903,14.383196094176062]}"
0000000000000000088d,1,859,0.21469974613774223,16,82,"{""type"":""Point"",""coordinates"":[108.56132329730494,14.399092789431597]}"
00000000000000000826,1,672,0.019695275761326236,17,82,"{""type"":""Point"",""coordinates"":[108.47939623365,14.191851608871648]}"
000000000000000008f8,1,696,0.21514370565149132,17,82,"{""type"":""Point"",""coordinates"":[108.49610448529725,14.22823341436671]}"
00000000000000000ba0,1,870,0.7708013313414194,17,82,"{""type"":""Point"",""coordinates"":[108.44004912595437,14.228505419530972]}"
00000000000000000c51,1,593,0.37570216759721486,17,82,"{""type"":""Point"",""coordinates"":[108.50176308453406,14.164905261205673]}"
000000000000000009a8,1,1122,0.49556563978972756,18,82,"{""type"":""Point"",""coordinates"":[108.42846438141753,14.505005357653046]}"
00000000000000000988,1,1011,0.4865090344975158,19,82,"{""type"":""Point"",""coordinates"":[108.42846438141753,14.406102496287614]}"
000000000000000009ae,1,1156,0.009489150646883271,19,82,"{""type"":""Point"",""coordinates"":[108.39854827244997,14.49018330575139]}"
00000000000000000b0b,1,816,0.10292019990221801,19,82,"{""type"":""Point"",""coordinates"":[108.4696932297577,14.241708817750226]}"
00000000000000000bd9,1,698,0.7128287031176187,19,82,"{""type"":""Point"",""coordinates"":[108.45810848522083,14.145499253421079]}"
00000000000000000bab,1,641,0.18015910256218293,20,82,"{""type"":""Point"",""coordinates"":[108.54191728952034,14.112354755290813]}"
00000000000000000bff,1,881,0.3961009044801638,20,82,"{""type"":""Point"",""coordinates"":[108.3263242126873,14.364329637618932]}"
00000000000000000664,1,638,0.3015102357274264,21,82,"{""type"":""Point"",""coordinates"":[108.54434304049343,14.12933055300128]}"
00000000000000000745,1,1134,0.3947466694447298,21,82,"{""type"":""Point"",""coordinates"":[108.39423632173127,14.49180195943379]}"
00000000000000000af1,1,697,0.6600574220298658,21,82,"{""type"":""Point"",""coordinates"":[108.4195684748159,14.216109118602393]}"
00000000000000000800,1,876,0.5215357350678562,23,82,"{""type"":""Point"",""coordinates"":[108.44301442815492,14.3745721927387]}"
0000000000000000069f,1,620,0.3070604495610907,24,82,"{""type"":""Point"",""coordinates"":[108.50500039189886,14.20586656348263]}"
00000000000000000b4c,1,542,0.1533236317415676,25,82,"{""type"":""Point"",""coordinates"":[108.51820379011812,14.17972731310733]}"
00000000000000000b85,1,729,0.025962604918411736,25,82,"{""type"":""Point"",""coordinates"":[108.4516383295923,14.261921922825497]}"
00000000000000000715,1,868,0.2211335467498523,26,82,"{""type"":""Point"",""coordinates"":[108.45568273424777,14.137954454438647]}"
00000000000000000713,1,631,0.25789730718159587,27,82,"{""type"":""Point"",""coordinates"":[108.55781844387694,14.130677201519422]}"
00000000000000000836,1,909,0.7788160314223965,27,82,"{""type"":""Point"",""coordinates"":[108.4667323866582,14.13903355689358]}"
000000000000000008e6,1,978,0.34432481549614935,27,82,"{""type"":""Point"",""coordinates"":[108.44463308183731,14.198589310563404]}"
00000000000000000a8f,1,543,0.06764426477983898,28,82,"{""type"":""Point"",""coordinates"":[108.50688659164447,14.191044511580973]}"
00000000000000000b1b,1,622,0.738793720628204,28,82,"{""type"":""Point"",""coordinates"":[108.51658513643574,14.212336719111175]}"
00000000000000000882,1,600,0.6547174488573235,34,82,"{""type"":""Point"",""coordinates"":[108.48532683805107,14.148464555621619]}"
0000000000000000088a,1,823,0.21231445214655809,35,82,"{""type"":""Point"",""coordinates"":[108.4211871284983,14.22823341436671]}"
0000000000000000069d,1,720,0.09055522294644747,3,83,"{""type"":""Point"",""coordinates"":[108.47966823881426,14.251411821642524]}"
00000000000000000be9,1,668,0.515889360289564,3,83,"{""type"":""Point"",""coordinates"":[108.6413641612143,14.165979904559558]}"
000000000000000007f8,1,597,0.6969466526986348,4,83,"{""type"":""Point"",""coordinates"":[108.51173809359062,14.144692156130404]}"
0000000000000000086b,1,936,0.572465039313698,4,83,"{""type"":""Point"",""coordinates"":[108.50311419215326,14.428201801108493]}"
00000000000000000c37,1,902,0.6366422389546221,4,83,"{""type"":""Point"",""coordinates"":[108.33225481708838,14.331180680387615]}"
00000000000000000999,1,645,0.20318805805797902,5,83,"{""type"":""Point"",""coordinates"":[108.64028505875937,14.1331029524925]}"
0000000000000000077f,1,712,0.183153913327599,6,83,"{""type"":""Point"",""coordinates"":[108.5287138913011,14.2735111264634]}"
00000000000000000787,1,830,0.26301755534354443,6,83,"{""type"":""Point"",""coordinates"":[108.62007195368409,14.383735645403535]}"
000000000000000008eb,1,514,0.29837340648462496,7,83,"{""type"":""Point"",""coordinates"":[108.5518922985769,14.153316057567766]}"
00000000000000000916,1,980,0.23447395070037036,7,83,"{""type"":""Point"",""coordinates"":[108.4847872868236,14.496113910152474]}"
00000000000000000b90,1,561,0.022204828595605464,9,83,"{""type"":""Point"",""coordinates"":[108.55485314167639,14.137954454438647]}"
00000000000000000747,1,609,0.20336955975113757,10,83,"{""type"":""Point"",""coordinates"":[108.51901088740881,14.167331012178748]}"
000000000000000009ba,1,713,0.16097065411346279,10,83,"{""type"":""Point"",""coordinates"":[108.51308474210877,14.208292314455703]}"
00000000000000000764,1,1111,0.7023071753013499,12,83,"{""type"":""Point"",""coordinates"":[108.44004912595439,14.522525165692032]}"
00000000000000000929,1,615,0.1928439748440336,12,83,"{""type"":""Point"",""coordinates"":[108.50715413770767,14.200747515473271]}"
00000000000000000a6c,1,836,0.7009479464079734,12,83,"{""type"":""Point"",""coordinates"":[108.45972267980218,14.20263371521888]}"
00000000000000000a8d,1,625,0.23608171606459738,12,83,"{""type"":""Point"",""coordinates"":[108.49960933872526,14.053873644974873]}"
00000000000000000aa1,1,562,0.3881907660159982,12,83,"{""type"":""Point"",""coordinates"":[108.50715413770767,14.196703110817795]}"
000000000000000006ba,1,653,0.41192402984944965,16,83,"{""type"":""Point"",""coordinates"":[108.48613393534174,14.30800673221286]}"
00000000000000000740,1,796,0.7372966483503213,17,83,"{""type"":""Point"",""coordinates"":[108.48721303779668,14.180806415562262]}"
0000000000000000082d,1,915,0.7144022290350346,18,83,"{""type"":""Point"",""coordinates"":[108.46807903517633,14.21853486957547]}"
00000000000000000b57,1,580,0.2746610944715826,19,83,"{""type"":""Point"",""coordinates"":[108.63112160609454,14.151697403885366]}"
0000000000000000071f,1,803,0.3982699784902288,21,83,"{""type"":""Point"",""coordinates"":[108.42981102993566,14.20559901741942]}"
00000000000000000785,1,551,0.22849360876048763,22,83,"{""type"":""Point"",""coordinates"":[108.54461504565768,14.17972731310733]}"
000000000000000007da,1,1090,0.6778420493340758,22,83,"{""type"":""Point"",""coordinates"":[108.40259267710545,14.422003650644202]}"
000000000000000006aa,1,862,0.7582446735984311,23,83,"{""type"":""Point"",""coordinates"":[108.4669999327214,14.142266405157327]}"
0000000000000000068e,1,790,0.28952790695583086,24,83,"{""type"":""Point"",""coordinates"":[108.45837603128405,14.138761551729322]}"
00000000000000000bfd,1,930,0.6981440698155476,24,83,"{""type"":""Point"",""coordinates"":[108.45406408056536,14.137147357147974]}"
000000000000000008db,1,1151,0.24527650065725315,26,83,"{""type"":""Point"",""coordinates"":[108.31662120879498,14.357324389863972]}"
00000000000000000845,1,706,0.13100218458311907,37,83,"{""type"":""Point"",""coordinates"":[108.44247487692745,14.257342426043609]}"
000000000000000009ca,1,664,0.16986596472232884,0,85,"{""type"":""Point"",""coordinates"":[108.64109215605004,14.167331012178744]}"
00000000000000000b00,1,607,0.6958727757030512,1,85,"{""type"":""Point"",""coordinates"":[108.48613393534175,14.302615679039244]}"
00000000000000000c12,1,634,0.17989601892264662,2,85,"{""type"":""Point"",""coordinates"":[108.5109265371989,14.173257157478778]}"
000000000000000006c7,1,701,0.031830684839736056,3,85,"{""type"":""Point"",""coordinates"":[108.60147750229122,14.27216447794526]}"
00000000000000000ba2,1,665,0.11220872692893535,3,85,"{""type"":""Point"",""coordinates"":[108.64109215605004,14.16651945578702]}"
00000000000000000824,1,760,0.5537760875385439,4,85,"{""type"":""Point"",""coordinates"":[108.51605004430931,14.3274082808964]}"
00000000000000000961,1,861,0.343985955355289,4,85,"{""type"":""Point"",""coordinates"":[108.43412298065434,14.382924089011805]}"
0000000000000000099b,1,1058,0.04874980340014201,5,85,"{""type"":""Point"",""coordinates"":[108.42576662528019,14.364869188846402]}"
00000000000000000aee,1,678,0.13395579879370945,5,85,"{""type"":""Point"",""coordinates"":[108.52467394574668,14.240901720459552]}"
00000000000000000c26,1,730,0.7724407617312241,5,85,"{""type"":""Point"",""coordinates"":[108.50823324016262,14.211525162719452]}"
0000000000000000074d,1,665,0.4637717257118875,6,85,"{""type"":""Point"",""coordinates"":[108.63920595630444,14.167059007014489]}"
00000000000000000a9e,1,877,0.6994326323337495,6,85,"{""type"":""Point"",""coordinates"":[108.33144326069664,14.347888932034882]}"
0000000000000000076f,1,731,0.638667325285283,7,85,"{""type"":""Point"",""coordinates"":[108.48236153585052,14.264615219861776]}"
00000000000000000abb,1,778,0.26808466758853666,7,85,"{""type"":""Point"",""coordinates"":[108.45810848522085,14.140380205411725]}"
00000000000000000c0d,1,844,0.6239178410099356,7,85,"{""type"":""Point"",""coordinates"":[108.48748058385989,14.344928088935392]}"
000000000000000009b0,1,667,0.16938725398666865,8,85,"{""type"":""Point"",""coordinates"":[108.48262908191374,14.170831406505703]}"
00000000000000000c32,1,714,0.2504534233050807,8,85,"{""type"":""Point"",""coordinates"":[108.57883864624287,14.289140275655729]}"
000000000000000006cf,1,871,0.023197178770039573,9,85,"{""type"":""Point"",""coordinates"":[108.48182198462307,14.31986348191397]}"
0000000000000000072b,1,1097,0.403770831623419,10,85,"{""type"":""Point"",""coordinates"":[108.39127101953075,14.415265948952447]}"
0000000000000000089b,1,889,0.6839154072320143,10,85,"{""type"":""Point"",""coordinates"":[108.43088567328955,14.387508044894746]}"
00000000000000000c7a,1,778,0.04780263162680232,10,85,"{""type"":""Point"",""coordinates"":[108.48936678360549,14.140919756639189]}"
00000000000000000886,1,946,5.635807617336841E-4,11,85,"{""type"":""Point"",""coordinates"":[108.44705883281038,14.377805041002444]}"
000000000000000009b6,1,883,0.7161066806941293,11,85,"{""type"":""Point"",""coordinates"":[108.43331142426261,14.386968493667277]}"
00000000000000000c2c,1,872,0.22987482516614355,11,85,"{""type"":""Point"",""coordinates"":[108.33360146560652,14.365948291301335]}"
00000000000000000763,1,976,0.7828349826305206,12,85,"{""type"":""Point"",""coordinates"":[108.46996523492194,14.414454392560723]}"
000000000000000007d8,1,805,0.6193409493928558,12,85,"{""type"":""Point"",""coordinates"":[108.47077233221262,14.241441271687018]}"
00000000000000000a5d,1,1039,0.28808929986843457,12,85,"{""type"":""Point"",""coordinates"":[108.40743971995053,14.400983448278259]}"
00000000000000000c44,1,1202,0.3809124842384044,12,85,"{""type"":""Point"",""coordinates"":[108.38156801563844,14.506624011335447]}"
00000000000000000739,1,979,0.32282694446881577,13,85,"{""type"":""Point"",""coordinates"":[108.41040502215107,14.397478594850249]}"
0000000000000000071b,1,776,0.4606568205707914,15,85,"{""type"":""Point"",""coordinates"":[108.51119854236318,14.334417987752422]}"
00000000000000000754,1,949,0.11346804295033197,15,85,"{""type"":""Point"",""coordinates"":[108.42576662528019,14.385621845149142]}"
000000000000000007e2,1,663,0.5450606131678047,15,85,"{""type"":""Point"",""coordinates"":[108.61603200812968,14.24763942215131]}"
00000000000000000ac3,1,726,0.6555923321118262,15,85,"{""type"":""Point"",""coordinates"":[108.47508428293129,14.193202716490841]}"
0000000000000000079e,1,722,0.39160670915123685,16,85,"{""type"":""Point"",""coordinates"":[108.48290108707799,14.265426776253502]}"
000000000000000008bb,1,863,0.7574894842555914,17,85,"{""type"":""Point"",""coordinates"":[108.46619283543075,14.19616355959033]}"
000000000000000009a3,1,683,0.6232039593862829,17,85,"{""type"":""Point"",""coordinates"":[108.43466253188183,14.283481676418907]}"
000000000000000007ab,1,781,0.5546290989396505,18,85,"{""type"":""Point"",""coordinates"":[108.47993578487744,14.159781754095262]}"
0000000000000000094a,1,659,0.061619634629091036,18,85,"{""type"":""Point"",""coordinates"":[108.55889754633186,14.130137650291957]}"
0000000000000000097c,1,871,0.08814234954598643,18,85,"{""type"":""Point"",""coordinates"":[108.5518922985769,14.362710983936534]}"
0000000000000000099e,1,789,0.17097725752580373,18,85,"{""type"":""Point"",""coordinates"":[108.4710443373769,14.261654376762289]}"
00000000000000000ae7,1,1023,0.7628611217915723,18,85,"{""type"":""Point"",""coordinates"":[108.40663262265987,14.412840197979369]}"
00000000000000000b8a,1,875,0.5317611886079953,19,85,"{""type"":""Point"",""coordinates"":[108.5090403374533,14.35112623939968]}"
000000000000000006c3,1,620,0.36510139026517274,20,85,"{""type"":""Point"",""coordinates"":[108.49772313897964,14.17110341166996]}"
000000000000000006ce,1,665,0.6607528347215682,20,85,"{""type"":""Point"",""coordinates"":[108.46349507929341,14.14684590193922]}"
00000000000000000962,1,646,0.2825615945027362,20,85,"{""type"":""Point"",""coordinates"":[108.44786593010107,14.265966327480971]}"
000000000000000009a9,1,590,0.5400770323970401,20,85,"{""type"":""Point"",""coordinates"":[108.52763478884617,14.229312516821645]}"
00000000000000000b3b,1,1029,0.5020409570632068,20,85,"{""type"":""Point"",""coordinates"":[108.40501396897744,14.402058091632142]}"
00000000000000000b76,1,669,0.733005240342945,20,85,"{""type"":""Point"",""coordinates"":[108.44813347616429,14.264887225026039]}"
00000000000000000869,1,963,0.6682662880176118,21,85,"{""type"":""Point"",""coordinates"":[108.4112165785428,14.400443897050796]}"
00000000000000000756,1,658,0.45041936418794404,22,85,"{""type"":""Point"",""coordinates"":[108.4831686331412,14.18269261530787]}"
000000000000000007bd,1,962,0.27364005451703644,22,85,"{""type"":""Point"",""coordinates"":[108.45055922713736,14.195896013527124]}"
00000000000000000861,1,666,0.20561981296732645,22,85,"{""type"":""Point"",""coordinates"":[108.54407549443023,14.20398036373702]}"
0000000000000000092c,1,1157,0.5108190001512289,24,85,"{""type"":""Point"",""coordinates"":[108.43250432697195,14.513629259090408]}"
00000000000000000bf2,1,952,0.6642796076708403,24,85,"{""type"":""Point"",""coordinates"":[108.3389880596791,14.38615693727555]}"
00000000000000000894,1,1009,0.3519227406188351,26,85,"{""type"":""Point"",""coordinates"":[108.40663262265987,14.391819995613428]}"
000000000000000007c1,1,716,0.5766475621940663,27,85,"{""type"":""Point"",""coordinates"":[108.4230733282439,14.209099411746378]}"
00000000000000000699,1,1149,0.5970618316241908,28,85,"{""type"":""Point"",""coordinates"":[108.37672097279335,14.500425860871156]}"
000000000000000006f9,1,915,0.5255544879078023,29,85,"{""type"":""Point"",""coordinates"":[108.31796785731314,14.420117450898594]}"
000000000000000007d5,1,701,0.6259997330318033,29,85,"{""type"":""Point"",""coordinates"":[108.45837603128403,14.299650376838702]}"
00000000000000000903,1,856,0.2439750314979514,30,85,"{""type"":""Point"",""coordinates"":[108.4931391830967,14.342230332798058]}"
00000000000000000a94,1,1095,0.147101006119724,30,85,"{""type"":""Point"",""coordinates"":[108.4211871284983,14.361903886645859]}"
00000000000000000b0c,1,786,0.38107557466304365,30,85,"{""type"":""Point"",""coordinates"":[108.46026223102965,14.22823341436671]}"
0000000000000000066e,1,1026,0.2846574290554724,5,86,"{""type"":""Point"",""coordinates"":[108.43277187303516,14.400983448278259]}"
000000000000000006fc,1,1110,0.5266698830184869,5,86,"{""type"":""Point"",""coordinates"":[108.4357371752357,14.518748307099766]}"
00000000000000000bf7,1,1136,0.7733071717796544,6,86,"{""type"":""Point"",""coordinates"":[108.43654873162743,14.529530413446997]}"
0000000000000000094e,1,711,0.07625945355034502,7,86,"{""type"":""Point"",""coordinates"":[108.51146608842637,14.201015061536479]}"
00000000000000000ae8,1,728,0.7040233060216704,7,86,"{""type"":""Point"",""coordinates"":[108.47643093144944,14.27647642866394]}"
00000000000000000b55,1,766,0.34185786479736546,7,86,"{""type"":""Point"",""coordinates"":[108.50068844118019,14.105077502371591]}"
000000000000000009bc,1,816,0.5552939485502555,8,86,"{""type"":""Point"",""coordinates"":[108.4926040909703,14.319595935850762]}"
00000000000000000977,1,1068,0.2736607235147773,11,86,"{""type"":""Point"",""coordinates"":[108.39935536974065,14.411493549461234]}"
00000000000000000ac0,1,881,0.5277022802281649,11,86,"{""type"":""Point"",""coordinates"":[108.49206453974283,14.343848986480456]}"
00000000000000000be1,1,704,0.34275152333357994,11,86,"{""type"":""Point"",""coordinates"":[108.61468090051048,14.240094623168874]}"
00000000000000000690,1,774,0.4379766137872866,12,86,"{""type"":""Point"",""coordinates"":[108.6216906073665,14.316898179713432]}"
000000000000000006af,1,946,0.5984539774855675,12,86,"{""type"":""Point"",""coordinates"":[108.31662120879498,14.376458392484308]}"
00000000000000000b63,1,634,0.04479311398965069,13,86,"{""type"":""Point"",""coordinates"":[108.44948458378346,14.25249092409746]}"
00000000000000000bc6,1,733,0.6168667083325012,13,86,"{""type"":""Point"",""coordinates"":[108.46619283543073,14.274590228918335]}"
0000000000000000082a,1,649,0.7271283957367555,14,86,"{""type"":""Point"",""coordinates"":[108.55863000026868,14.130409655456216]}"
00000000000000000868,1,1150,0.6066192960073902,14,86,"{""type"":""Point"",""coordinates"":[108.39558297024942,14.498267655961287]}"
0000000000000000073f,1,882,0.5417166024335628,15,86,"{""type"":""Point"",""coordinates"":[108.32443801294168,14.419305894506866]}"
000000000000000006f7,1,805,0.1330141335352628,18,86,"{""type"":""Point"",""coordinates"":[108.44840548132855,14.317437730940897]}"
000000000000000009db,1,761,0.019440070729866088,18,86,"{""type"":""Point"",""coordinates"":[108.46295552806593,14.14064775147493]}"
00000000000000000806,1,634,0.7679184840512429,19,86,"{""type"":""Point"",""coordinates"":[108.47211898073077,14.150622760531487]}"
000000000000000006a9,1,958,0.16627010761254013,20,86,"{""type"":""Point"",""coordinates"":[108.42495952798953,14.394513292649709]}"
000000000000000008cb,1,1054,0.08608341573119027,20,86,"{""type"":""Point"",""coordinates"":[108.40232067194118,14.401518540404673]}"
0000000000000000076d,1,767,0.2034284581557253,23,86,"{""type"":""Point"",""coordinates"":[108.43088567328955,14.21988151809361]}"
00000000000000000b6b,1,704,0.4021480150481954,24,86,"{""type"":""Point"",""coordinates"":[108.62411635833956,14.24763942215131]}"
0000000000000000065b,1,803,0.6126975523716189,25,86,"{""type"":""Point"",""coordinates"":[108.4713118834401,14.23955507194141]}"
00000000000000000673,1,674,0.5332554970860268,27,86,"{""type"":""Point"",""coordinates"":[108.49664403652471,14.1331029524925]}"
00000000000000000a7b,1,761,0.3454626103754136,29,86,"{""type"":""Point"",""coordinates"":[108.43385097549009,14.253837572615598]}"
00000000000000000b8b,1,864,0.08174518591203428,29,86,"{""type"":""Point"",""coordinates"":[108.42684572773511,14.269466721807927]}"
00000000000000000ac2,1,742,0.1320426272569547,30,86,"{""type"":""Point"",""coordinates"":[108.43439052671755,14.27000627303539]}"
000000000000000009e4,1,1031,0.620841550614205,32,86,"{""type"":""Point"",""coordinates"":[108.465381279039,14.436014146154129]}"
000000000000000009c2,1,991,0.1202202191155457,36,86,"{""type"":""Point"",""coordinates"":[108.4193009287527,14.283214130355702]}"
00000000000000000692,1,877,0.5592097513181359,2,87,"{""type"":""Point"",""coordinates"":[108.51901088740881,14.352472887917822]}"
00000000000000000652,1,674,0.0723957102829964,4,87,"{""type"":""Point"",""coordinates"":[108.42819237625326,14.227158771012832]}"
00000000000000000bb3,1,849,0.08471902994352809,5,87,"{""type"":""Point"",""coordinates"":[108.48047533610493,14.315819077258496]}"
000000000000000009aa,1,996,0.12066686172422769,6,87,"{""type"":""Point"",""coordinates"":[108.49610448529724,14.46889555732224]}"
00000000000000000a7f,1,874,0.4753685684280452,6,87,"{""type"":""Point"",""coordinates"":[108.55727889264946,14.36864158833762]}"
00000000000000000c01,1,749,0.42409335801383574,6,87,"{""type"":""Point"",""coordinates"":[108.4950253828423,14.338190387243634]}"
000000000000000009cc,1,1072,0.5826718435480696,7,87,"{""type"":""Point"",""coordinates"":[108.39558297024942,14.412028641587646]}"
00000000000000000ad0,1,990,0.655676245929044,8,87,"{""type"":""Point"",""coordinates"":[108.48208953068627,14.496653461379937]}"
00000000000000000724,1,873,0.5333914785757001,9,87,"{""type"":""Point"",""coordinates"":[108.540303094939,14.369448685628292]}"
000000000000000007ec,1,865,0.5949205937981485,9,87,"{""type"":""Point"",""coordinates"":[108.48182198462307,14.320942584368904]}"
000000000000000006ff,1,1138,0.296015621414768,10,87,"{""type"":""Point"",""coordinates"":[108.39154302469498,14.471049303131053]}"
00000000000000000913,1,845,0.733516257415227,10,87,"{""type"":""Point"",""coordinates"":[108.56428859950549,14.363250535164003]}"
00000000000000000915,1,935,0.17726516027734607,10,87,"{""type"":""Point"",""coordinates"":[108.44678682764615,14.397746140913458]}"
00000000000000000add,1,1089,0.20152959680793725,10,87,"{""type"":""Point"",""coordinates"":[108.39828072638676,14.421731645479941]}"
00000000000000000c46,1,684,0.5758677320017626,10,87,"{""type"":""Point"",""coordinates"":[108.55566469806813,14.214222918856787]}"
00000000000000000808,1,594,0.3243451613970918,11,87,"{""type"":""Point"",""coordinates"":[108.44597973035546,14.282942125191438]}"
0000000000000000079d,1,1022,0.7277212714778372,12,87,"{""type"":""Point"",""coordinates"":[108.44948458378346,14.420384996961806]}"
000000000000000007e3,1,694,0.11804981027365913,12,87,"{""type"":""Point"",""coordinates"":[108.52359484329175,14.24817897337878]}"
00000000000000000987,1,775,0.49943716138312455,12,87,"{""type"":""Point"",""coordinates"":[108.45379653450215,14.263268571343634]}"
00000000000000000975,1,1142,0.5901623362431239,13,87,"{""type"":""Point"",""coordinates"":[108.42630617650767,14.498000109898081]}"
00000000000000000ab2,1,827,0.6125698608403602,13,87,"{""type"":""Point"",""coordinates"":[108.4572969288291,14.13741490321118]}"
000000000000000006c9,1,1016,0.42366027844269916,14,87,"{""type"":""Point"",""coordinates"":[108.4438215254456,14.201826617928205]}"
000000000000000007fc,1,905,0.6700507875005506,14,87,"{""type"":""Point"",""coordinates"":[108.45675737760163,14.194009813781518]}"
00000000000000000a92,1,748,0.15442213662060889,14,87,"{""type"":""Point"",""coordinates"":[108.58827410407197,14.333606431360693]}"
00000000000000000b59,1,756,0.5639628359864767,15,87,"{""type"":""Point"",""coordinates"":[108.46026223102965,14.2441345687233]}"
00000000000000000777,1,638,0.3471159683441548,16,87,"{""type"":""Point"",""coordinates"":[108.5090403374533,14.174068713870506]}"
00000000000000000a11,1,1096,0.5873513063870374,16,87,"{""type"":""Point"",""coordinates"":[108.39477587295875,14.431162644207982]}"
00000000000000000ac5,1,874,0.606634174660394,17,87,"{""type"":""Point"",""coordinates"":[108.44220733086424,14.372146441765622]}"
00000000000000000716,1,768,0.2872501912543658,18,87,"{""type"":""Point"",""coordinates"":[108.4276528250258,14.265154771089243]}"
00000000000000000ad4,1,1019,0.40072571628288534,18,87,"{""type"":""Point"",""coordinates"":[108.44894503255601,14.46188585046622]}"
00000000000000000ab8,1,615,0.42503859925221765,19,87,"{""type"":""Point"",""coordinates"":[108.54973409366706,14.119087997881516]}"
00000000000000000b8d,1,1136,0.3771151530605319,19,87,"{""type"":""Point"",""coordinates"":[108.43789538014558,14.534649461456352]}"
0000000000000000088f,1,657,0.3002952763888286,22,87,"{""type"":""Point"",""coordinates"":[108.49125298335109,14.19427735984472]}"
0000000000000000083c,1,1038,0.1199862215322296,23,87,"{""type"":""Point"",""coordinates"":[108.32443801294168,14.297764177093095]}"
00000000000000000af3,1,550,0.1815539465925693,23,87,"{""type"":""Point"",""coordinates"":[108.57965020263461,14.17918776187986]}"
00000000000000000890,1,885,0.3385174376044362,24,87,"{""type"":""Point"",""coordinates"":[108.47454473170384,14.355166184954104]}"
00000000000000000b73,1,949,0.6205212069179465,24,87,"{""type"":""Point"",""coordinates"":[108.41822182629775,14.265966327480971]}"
00000000000000000744,1,1069,0.6173230618989164,26,87,"{""type"":""Point"",""coordinates"":[108.40582552536918,14.403944291377746]}"
0000000000000000096b,1,864,0.24609940823137966,29,87,"{""type"":""Point"",""coordinates"":[108.4667323866582,14.195628467463917]}"
000000000000000006a1,1,780,0.47939390988174635,37,87,"{""type"":""Point"",""coordinates"":[108.45191033475653,14.379151689520583]}"
00000000000000000a5a,1,720,0.5680708783785116,38,87,"{""type"":""Point"",""coordinates"":[108.45972267980217,14.284828324937045]}"
00000000000000000c50,1,913,0.07300884217094139,41,87,"{""type"":""Point"",""coordinates"":[108.33818096238842,14.391280444385961]}"
000000000000000008af,1,684,0.4222030667799104,1,89,"{""type"":""Point"",""coordinates"":[108.6001308537731,14.263001025280428]}"
00000000000000000bb7,1,1021,0.13634985165131397,1,89,"{""type"":""Point"",""coordinates"":[108.42576662528019,14.376458392484308]}"
00000000000000000734,1,664,0.7593809150515742,2,89,"{""type"":""Point"",""coordinates"":[108.59016030381757,14.246832324860636]}"
00000000000000000753,1,609,0.5268462565211447,3,89,"{""type"":""Point"",""coordinates"":[108.48775258902414,14.301808581748569]}"
00000000000000000a49,1,758,0.6235815857628199,3,89,"{""type"":""Point"",""coordinates"":[108.62600255808518,14.271624926717793]}"
00000000000000000baf,1,780,0.39248205685666215,3,89,"{""type"":""Point"",""coordinates"":[108.57048674996977,14.313397785386474]}"
000000000000000006bf,1,754,0.3313783480436311,4,89,"{""type"":""Point"",""coordinates"":[108.52332283812747,14.25060472435185]}"
000000000000000006e4,1,714,0.573256343445469,4,89,"{""type"":""Point"",""coordinates"":[108.60282415080935,14.31070002924914]}"
00000000000000000728,1,836,0.5042199111141198,4,89,"{""type"":""Point"",""coordinates"":[108.60794765791978,14.321749681659579]}"
00000000000000000998,1,683,0.46778573183219085,4,89,"{""type"":""Point"",""coordinates"":[108.53383293931044,14.254644669906272]}"
00000000000000000aa3,1,1141,0.3971102154586157,4,89,"{""type"":""Point"",""coordinates"":[108.43950957472693,14.505816914044772]}"
0000000000000000073e,1,890,0.3065755482823692,5,89,"{""type"":""Point"",""coordinates"":[108.49017833999721,14.344928088935395]}"
00000000000000000a91,1,810,0.47286096611904926,5,89,"{""type"":""Point"",""coordinates"":[108.57048674996977,14.318244828231574]}"
00000000000000000bd3,1,748,0.599713814674395,5,89,"{""type"":""Point"",""coordinates"":[108.62007195368409,14.270545824262861]}"
00000000000000000c5f,1,673,0.002394746029831696,5,89,"{""type"":""Point"",""coordinates"":[108.59527935182693,14.243327471432627]}"
00000000000000000c77,1,599,0.4618540196233595,5,89,"{""type"":""Point"",""coordinates"":[108.54784789392144,14.129063006938077]}"
00000000000000000651,1,622,0.21156270924055653,6,89,"{""type"":""Point"",""coordinates"":[108.5260205942648,14.231470721731512]}"
000000000000000007a7,1,976,0.30952688665640504,6,89,"{""type"":""Point"",""coordinates"":[108.50526793796209,14.469163103385446]}"
000000000000000008e9,1,863,0.7560188426747583,6,89,"{""type"":""Point"",""coordinates"":[108.52682769155548,14.350047136944745]}"
0000000000000000090d,1,850,0.6761101455748111,6,89,"{""type"":""Point"",""coordinates"":[108.44058867718184,14.376458392484308]}"
0000000000000000095e,1,700,0.12074566828836597,6,89,"{""type"":""Point"",""coordinates"":[108.45918312857471,14.143345507612262]}"
00000000000000000b91,1,592,0.14162661239028507,6,89,"{""type"":""Point"",""coordinates"":[108.54488259172089,14.11720179813591]}"
00000000000000000660,1,800,0.3013684972859987,7,89,"{""type"":""Point"",""coordinates"":[108.46430663568513,14.197514667209521]}"
000000000000000006fe,1,741,0.7740688551873071,7,89,"{""type"":""Point"",""coordinates"":[108.47131188344008,14.27970927692769]}"
000000000000000007e6,1,600,0.21141596037194954,7,89,"{""type"":""Point"",""coordinates"":[108.44247487692745,14.275936877436479]}"
0000000000000000080f,1,847,0.42780166071611614,7,89,"{""type"":""Point"",""coordinates"":[108.62492345563025,14.388582688248627]}"
000000000000000009e0,1,966,0.21476442188583622,7,89,"{""type"":""Point"",""coordinates"":[108.4470588328104,14.399632340659066]}"
00000000000000000c3a,1,541,0.5287018912696031,7,89,"{""type"":""Point"",""coordinates"":[108.50715413770767,14.195628467463914]}"
000000000000000009e6,1,690,0.4181243882104281,8,89,"{""type"":""Point"",""coordinates"":[108.59366069814455,14.25249092409746]}"
00000000000000000ac4,1,802,0.4087325297725858,8,89,"{""type"":""Point"",""coordinates"":[108.5764128952698,14.309353380730998]}"
00000000000000000b96,1,922,0.4295822497306183,8,89,"{""type"":""Point"",""coordinates"":[108.40447887685104,14.384810288757413]}"
00000000000000000c11,1,743,0.3097030340100906,8,89,"{""type"":""Point"",""coordinates"":[108.47508428293129,14.278090623245289]}"
00000000000000000676,1,680,0.27725973516263924,9,89,"{""type"":""Point"",""coordinates"":[108.48829214025162,14.218262864411209]}"
00000000000000000736,1,797,0.0806366435426128,9,89,"{""type"":""Point"",""coordinates"":[108.45001967590989,14.231198716567253]}"
00000000000000000759,1,1099,0.39532845175029363,9,89,"{""type"":""Point"",""coordinates"":[108.39612252147688,14.4268506934893]}"
000000000000000007eb,1,720,0.6867868278282858,9,89,"{""type"":""Point"",""coordinates"":[108.42253377701644,14.198861315727664]}"
000000000000000007fb,1,790,0.5623139199805908,9,89,"{""type"":""Point"",""coordinates"":[108.44463308183731,14.226079668557897]}"
000000000000000008d3,1,843,0.5795989731534354,9,89,"{""type"":""Point"",""coordinates"":[108.54596169417582,14.372413987828832]}"
000000000000000009ce,1,683,0.476269905183748,9,89,"{""type"":""Point"",""coordinates"":[108.4831686331412,14.241980822914485]}"
00000000000000000a1e,1,821,0.17729250564210264,9,89,"{""type"":""Point"",""coordinates"":[108.4767029366137,14.285100330101304]}"
00000000000000000a2e,1,1135,0.10077815322306527,9,89,"{""type"":""Point"",""coordinates"":[108.43519762400824,14.525486008791525]}"
00000000000000000b18,1,869,0.5788187836364534,9,89,"{""type"":""Point"",""coordinates"":[108.55323894709505,14.40421629654201]}"
00000000000000000776,1,1011,0.6563858765409135,10,89,"{""type"":""Point"",""coordinates"":[108.31258126324057,14.383196094176059]}"
0000000000000000086d,1,843,0.15214425226559536,10,89,"{""type"":""Point"",""coordinates"":[108.50850078622584,14.35031468300795]}"
00000000000000000b36,1,698,0.6155222746353659,10,89,"{""type"":""Point"",""coordinates"":[108.54919454243958,14.282942125191438]}"
00000000000000000beb,1,949,0.31645905029702304,10,89,"{""type"":""Point"",""coordinates"":[108.45756893399337,14.400443897050796]}"
00000000000000000774,1,708,0.11736346269394116,11,89,"{""type"":""Point"",""coordinates"":[108.4850548328868,14.25680287481614]}"
0000000000000000086e,1,787,0.33034826611904033,11,89,"{""type"":""Point"",""coordinates"":[108.51443139062691,14.341155689444177]}"
000000000000000009e5,1,915,0.12768461657708285,11,89,"{""type"":""Point"",""coordinates"":[108.43789538014558,14.225000566102965]}"
00000000000000000a32,1,733,0.546381503055896,11,89,"{""type"":""Point"",""coordinates"":[108.55135274734944,14.299382830775494]}"
00000000000000000bcb,1,598,0.6657648847345637,11,89,"{""type"":""Point"",""coordinates"":[108.48155443855985,14.150622760531487]}"
00000000000000000c07,1,1198,0.40228597117589215,11,89,"{""type"":""Point"",""coordinates"":[108.3901919170758,14.505277362817303]}"
000000000000000008a3,1,733,0.7754029296714323,12,89,"{""type"":""Point"",""coordinates"":[108.50122353330661,14.21017851420131]}"
0000000000000000098d,1,775,0.3643497362087461,12,89,"{""type"":""Point"",""coordinates"":[108.5564717953588,14.279437271763431]}"
000000000000000009c3,1,883,0.02529505763813389,12,89,"{""type"":""Point"",""coordinates"":[108.53787734396593,14.418766343279398]}"
000000000000000009e9,1,627,0.16631983907053227,12,89,"{""type"":""Point"",""coordinates"":[108.44813347616429,14.306388078530455]}"
00000000000000000ab4,1,1129,0.7850863154999315,12,89,"{""type"":""Point"",""coordinates"":[108.4211871284983,14.492069505496998]}"
00000000000000000b87,1,543,0.05429389364967574,12,89,"{""type"":""Point"",""coordinates"":[108.54622924023903,14.14711790710348]}"
00000000000000000c4b,1,1034,0.31633256751578265,12,89,"{""type"":""Point"",""coordinates"":[108.4554107290835,14.426315601362885]}"
000000000000000007f9,1,736,0.7695235292610384,13,89,"{""type"":""Point"",""coordinates"":[108.50176308453406,14.212604265174384]}"
0000000000000000096a,1,673,0.022834384183883394,13,89,"{""type"":""Point"",""coordinates"":[108.45460363179284,14.366215837364537]}"
000000000000000009d9,1,948,0.2595715791151145,13,89,"{""type"":""Point"",""coordinates"":[108.40851882240547,14.392087541676636]}"
00000000000000000aca,1,771,0.3637387553270701,13,89,"{""type"":""Point"",""coordinates"":[108.45109877836481,14.26704097083485]}"
00000000000000000b11,1,950,0.7068328029005092,13,89,"{""type"":""Point"",""coordinates"":[108.44517263306479,14.401250994341463]}"
000000000000000006cb,1,974,0.6862771745208351,14,89,"{""type"":""Point"",""coordinates"":[108.43358342942687,14.356245287409036]}"
00000000000000000833,1,667,0.12930223524228912,14,89,"{""type"":""Point"",""coordinates"":[108.6157600029654,14.249525621896918]}"
00000000000000000889,1,643,0.7421161856128179,14,89,"{""type"":""Point"",""coordinates"":[108.48208953068627,14.170024309215028]}"
00000000000000000c6f,1,922,0.7572533094338482,14,89,"{""type"":""Point"",""coordinates"":[108.33440856289718,14.372146441765622]}"
00000000000000000669,1,709,0.2296256908473462,15,89,"{""type"":""Point"",""coordinates"":[108.41363787041483,14.218802415638674]}"
0000000000000000069c,1,869,0.08546817352453073,15,89,"{""type"":""Point"",""coordinates"":[108.50364928427969,14.357052384699712]}"
000000000000000007d4,1,1155,0.5515535806382181,15,89,"{""type"":""Point"",""coordinates"":[108.43088567328955,14.523599809045914]}"
00000000000000000968,1,743,0.6237070839942143,15,89,"{""type"":""Point"",""coordinates"":[108.4532569832747,14.258417069397487]}"
00000000000000000b6d,1,907,0.1366182298359313,15,89,"{""type"":""Point"",""coordinates"":[108.43250432697195,14.38346364023927]}"
00000000000000000c3d,1,750,0.2936998177320719,15,89,"{""type"":""Point"",""coordinates"":[108.6254630068577,14.26758052206232]}"
000000000000000008c3,1,791,0.7488761177717542,16,89,"{""type"":""Point"",""coordinates"":[108.44678682764614,14.319595935850762]}"
00000000000000000a86,1,820,0.11675369315992101,16,89,"{""type"":""Point"",""coordinates"":[108.45756893399337,14.136607805920507]}"
00000000000000000c42,1,648,0.18506209596883105,16,89,"{""type"":""Point"",""coordinates"":[108.48208953068628,14.165172807268881]}"
00000000000000000760,1,714,0.6858890055614683,17,89,"{""type"":""Point"",""coordinates"":[108.54569414811263,14.264887225026039]}"
00000000000000000779,1,537,0.021472425627804603,17,89,"{""type"":""Point"",""coordinates"":[108.50715413770767,14.190504960353508]}"
00000000000000000a17,1,1011,0.08418438443914866,17,89,"{""type"":""Point"",""coordinates"":[108.44813347616429,14.196975115982054]}"
00000000000000000ad7,1,633,0.6658052324422302,17,89,"{""type"":""Point"",""coordinates"":[108.46915367853022,14.150350755367226]}"
00000000000000000b89,1,766,0.5716999482806879,17,89,"{""type"":""Point"",""coordinates"":[108.44166777963679,14.258149523334282]}"
000000000000000007fd,1,547,0.757478183186487,18,89,"{""type"":""Point"",""coordinates"":[108.50850078622584,14.191044511580973]}"
00000000000000000930,1,572,0.05206995148995319,18,89,"{""type"":""Point"",""coordinates"":[108.6001308537731,14.189965409126039]}"
00000000000000000a64,1,879,0.01785003399437013,18,89,"{""type"":""Point"",""coordinates"":[108.33171526586092,14.384270737529945]}"
00000000000000000a93,1,924,0.25648622687348244,18,89,"{""type"":""Point"",""coordinates"":[108.46214843077524,14.194549365008983]}"
000000000000000006a5,1,605,0.5954188798605095,19,89,"{""type"":""Point"",""coordinates"":[108.51011943990822,14.174068713870502]}"
00000000000000000712,1,724,0.5257400438763551,19,89,"{""type"":""Point"",""coordinates"":[108.4572969288291,14.148197009558412]}"
000000000000000008a2,1,652,0.27651437664819345,19,89,"{""type"":""Point"",""coordinates"":[108.45055922713735,14.253298021388133]}"
00000000000000000980,1,651,0.40874488659867836,19,89,"{""type"":""Point"",""coordinates"":[108.49880224143459,14.051987445229267]}"
000000000000000007a6,1,769,0.23961854841548513,20,89,"{""type"":""Point"",""coordinates"":[108.47050478614942,14.262461474052962]}"
000000000000000009fe,1,768,0.7859647879100183,20,89,"{""type"":""Point"",""coordinates"":[108.42522707405271,14.207485217165026]}"
0000000000000000064f,1,717,0.7860557709199267,21,89,"{""type"":""Point"",""coordinates"":[108.45810848522085,14.148197009558416]}"
000000000000000006b4,1,859,0.3519915732667347,21,89,"{""type"":""Point"",""coordinates"":[108.45595028031096,14.13849400566611]}"
00000000000000000769,1,769,0.17240923915290818,21,89,"{""type"":""Point"",""coordinates"":[108.4357371752357,14.27539732620901]}"
000000000000000007ee,1,741,0.750857237417168,21,89,"{""type"":""Point"",""coordinates"":[108.42576662528019,14.206406114710095]}"
000000000000000008b3,1,788,0.648089862522706,21,89,"{""type"":""Point"",""coordinates"":[108.46430663568513,14.140380205411722]}"
00000000000000000878,1,923,0.03323605227598181,22,89,"{""type"":""Point"",""coordinates"":[108.340067162134,14.357863941091438]}"
0000000000000000067e,1,737,0.7004292182672323,23,89,"{""type"":""Point"",""coordinates"":[108.4230733282439,14.211525162719452]}"
00000000000000000912,1,740,0.3695464253736088,23,89,"{""type"":""Point"",""coordinates"":[108.45191033475653,14.251144275579314]}"
00000000000000000b07,1,897,0.3780719107997397,23,89,"{""type"":""Point"",""coordinates"":[108.52251574083681,14.345467640162859]}"
00000000000000000733,1,899,0.6251970138286812,24,89,"{""type"":""Point"",""coordinates"":[108.42415243069885,14.352740433981028]}"
00000000000000000c23,1,898,0.42169780930788203,24,89,"{""type"":""Point"",""coordinates"":[108.33683431387027,14.342230332798058]}"
00000000000000000693,1,689,0.44164371119803625,25,89,"{""type"":""Point"",""coordinates"":[108.465381279039,14.298571274383766]}"
000000000000000009d1,1,688,0.23272605453297324,25,89,"{""type"":""Point"",""coordinates"":[108.48262908191374,14.232545365085397]}"
00000000000000000bc3,1,747,0.44501577722767016,25,89,"{""type"":""Point"",""coordinates"":[108.48802013508734,14.182153064080405]}"
00000000000000000c2a,1,984,0.7650870294710642,25,89,"{""type"":""Point"",""coordinates"":[108.43277187303516,14.361096789355184]}"
00000000000000000921,1,815,0.15215760456617888,26,89,"{""type"":""Point"",""coordinates"":[108.45568273424777,14.197782213272728]}"
00000000000000000b1e,1,690,0.4893183969474355,26,89,"{""type"":""Point"",""coordinates"":[108.50796123499835,14.203440812509553]}"
000000000000000009de,1,666,0.5623040609851571,27,89,"{""type"":""Point"",""coordinates"":[108.49853023627033,14.20748521716503]}"
00000000000000000817,1,723,0.09757772230680317,29,89,"{""type"":""Point"",""coordinates"":[108.49152498851537,14.172450060188106]}"
0000000000000000094b,1,909,0.6425662855329999,30,89,"{""type"":""Point"",""coordinates"":[108.33710185993348,14.357052384699712]}"
00000000000000000714,1,755,0.5537866862860109,31,89,"{""type"":""Point"",""coordinates"":[108.48909923754229,14.186732560862293]}"
00000000000000000a84,1,926,0.44933930682450196,32,89,"{""type"":""Point"",""coordinates"":[108.33872051361588,14.390201341931029]}"
00000000000000000a04,1,1001,0.6118282562065951,33,89,"{""type"":""Point"",""coordinates"":[108.44436107667308,14.198049759335937]}"
00000000000000000b74,1,691,0.5643846890686863,34,89,"{""type"":""Point"",""coordinates"":[108.45433162662857,14.369988236855754]}"
000000000000000007f0,1,755,0.23104845083014047,37,89,"{""type"":""Point"",""coordinates"":[108.45271743204722,14.37753749493924]}"
000000000000000006b0,1,645,0.34086681650810513,1,90,"{""type"":""Point"",""coordinates"":[108.48640148140495,14.241708817750226]}"
0000000000000000088b,1,676,0.5416891389092479,1,90,"{""type"":""Point"",""coordinates"":[108.55701134658626,14.235510667285936]}"
00000000000000000b2a,1,931,0.6570329500978609,1,90,"{""type"":""Point"",""coordinates"":[108.42172667972578,14.384542742694203]}"
0000000000000000075b,1,744,0.4607599631311028,2,90,"{""type"":""Point"",""coordinates"":[108.50688659164447,14.322828784114515]}"
00000000000000000a16,1,679,0.2456278313726875,2,90,"{""type"":""Point"",""coordinates"":[108.59285360085386,14.250065173124383]}"
00000000000000000780,1,754,0.29999246493759457,3,90,"{""type"":""Point"",""coordinates"":[108.50931234261755,14.3354926311063]}"
00000000000000000a7d,1,541,0.2371226354834577,3,90,"{""type"":""Point"",""coordinates"":[108.50688659164447,14.195356462299653]}"
00000000000000000b52,1,748,0.13745706917608447,3,90,"{""type"":""Point"",""coordinates"":[108.62249770465718,14.284560778873843]}"
000000000000000007f4,1,706,0.2867230015246829,4,90,"{""type"":""Point"",""coordinates"":[108.6039032532643,14.26003572307989]}"
00000000000000000bd6,1,883,0.009031805464210674,5,90,"{""type"":""Point"",""coordinates"":[108.4944902907159,14.347888932034882]}"
00000000000000000c03,1,1195,0.09129472177602771,5,90,"{""type"":""Point"",""coordinates"":[108.39288967321313,14.508510211081054]}"
000000000000000008fb,1,756,0.5100111348838199,6,90,"{""type"":""Point"",""coordinates"":[108.62223015859396,14.286446978619448]}"
00000000000000000bd8,1,732,0.49113948613418745,6,90,"{""type"":""Point"",""coordinates"":[108.46861858640382,14.181881058916142]}"
000000000000000008c4,1,1137,0.5156774600321279,7,90,"{""type"":""Point"",""coordinates"":[108.41687517777962,14.489376208460714]}"
0000000000000000092d,1,1106,0.2680589364149816,7,90,"{""type"":""Point"",""coordinates"":[108.44570772519121,14.510128864763454]}"
00000000000000000b12,1,774,0.5798818682205527,7,90,"{""type"":""Point"",""coordinates"":[108.45055922713735,14.232817370249654]}"
00000000000000000be7,1,691,0.26747441039845754,7,90,"{""type"":""Point"",""coordinates"":[108.57883864624287,14.225272571267224]}"
00000000000000000789,1,1155,0.3728495602852203,8,90,"{""type"":""Point"",""coordinates"":[108.39261766804887,14.491262408206323]}"
000000000000000009eb,1,706,0.0873270916982064,8,90,"{""type"":""Point"",""coordinates"":[108.51146608842637,14.20398036373702]}"
00000000000000000a36,1,729,0.7954989443788084,8,90,"{""type"":""Point"",""coordinates"":[108.50796123499835,14.210985611491987]}"
00000000000000000c14,1,688,0.6087745388114246,8,90,"{""type"":""Point"",""coordinates"":[108.51631759037252,14.19724266204526]}"
000000000000000007ae,1,775,0.5062294359496914,9,90,"{""type"":""Point"",""coordinates"":[108.57075429603299,14.311507126539812]}"
0000000000000000089d,1,977,0.010997649620814731,9,90,"{""type"":""Point"",""coordinates"":[108.45244542688296,14.188618760607898]}"
00000000000000000b04,1,839,0.012834761494631697,9,90,"{""type"":""Point"",""coordinates"":[108.46403463052086,14.195628467463917]}"
00000000000000000b68,1,803,0.5966681409707814,9,90,"{""type"":""Point"",""coordinates"":[108.48748058385989,14.324982529923327]}"
00000000000000000bb6,1,704,0.7337152575666643,9,90,"{""type"":""Point"",""coordinates"":[108.55296694193078,14.242248368977695]}"
00000000000000000784,1,870,0.7936929954715235,10,90,"{""type"":""Point"",""coordinates"":[108.5545855956132,14.416073046243119]}"
000000000000000007a9,1,755,0.6680103412063297,10,90,"{""type"":""Point"",""coordinates"":[108.58881365529945,14.333338885297481]}"
000000000000000007df,1,757,0.40721090509398783,10,90,"{""type"":""Point"",""coordinates"":[108.58908120136265,14.306927629757924]}"
00000000000000000802,1,1045,0.07869205945015023,10,90,"{""type"":""Point"",""coordinates"":[108.44921257861921,14.451915300510718]}"
0000000000000000087b,1,746,0.27325009743780304,10,90,"{""type"":""Point"",""coordinates"":[108.52305529206429,14.25249092409746]}"
00000000000000000982,1,1039,0.5998844939019315,10,90,"{""type"":""Point"",""coordinates"":[108.47427718564062,14.495034807697541]}"
00000000000000000a13,1,688,0.6061983595378025,10,90,"{""type"":""Point"",""coordinates"":[108.51469893669012,14.201287066700738]}"
00000000000000000aa9,1,780,0.49057326059681405,10,90,"{""type"":""Point"",""coordinates"":[108.46376708445766,14.14064775147493]}"
00000000000000000b9b,1,1021,0.5699215818922524,10,90,"{""type"":""Point"",""coordinates"":[108.44570772519121,14.408256242096428]}"
0000000000000000067d,1,728,0.5529905325428607,11,90,"{""type"":""Point"",""coordinates"":[108.42765282502579,14.213143816401852]}"
000000000000000006a6,1,1013,0.5939480599725756,11,90,"{""type"":""Point"",""coordinates"":[108.46753948394887,14.462425401693691]}"
00000000000000000852,1,953,0.7853002806231824,11,90,"{""type"":""Point"",""coordinates"":[108.40178112071371,14.38211699172113]}"
00000000000000000867,1,1107,0.6969709611102024,11,90,"{""type"":""Point"",""coordinates"":[108.44058867718184,14.504737811589836]}"
00000000000000000a55,1,661,0.15840348036903873,11,90,"{""type"":""Point"",""coordinates"":[108.58638790432636,14.222574815129887]}"
00000000000000000c63,1,638,0.12288669887969605,11,90,"{""type"":""Point"",""coordinates"":[108.4947578367791,14.196703110817795]}"
000000000000000007fa,1,835,0.18965255372498568,12,90,"{""type"":""Point"",""coordinates"":[108.62492345563025,14.389661790703556]}"
00000000000000000a44,1,650,0.6758700197141716,12,90,"{""type"":""Point"",""coordinates"":[108.48882723237801,14.23982261800462]}"
00000000000000000a9c,1,712,0.12468150372231768,12,90,"{""type"":""Point"",""coordinates"":[108.4160636213879,14.205599017419416]}"
00000000000000000c4c,1,1160,0.7880212739841842,12,90,"{""type"":""Point"",""coordinates"":[108.39477587295875,14.478326556050273]}"
00000000000000000917,1,781,0.6589010190759218,13,90,"{""type"":""Point"",""coordinates"":[108.49313918309672,14.185925463571618]}"
00000000000000000976,1,609,0.023728985735911645,13,90,"{""type"":""Point"",""coordinates"":[108.48829214025162,14.307734727048599]}"
00000000000000000baa,1,841,0.4848630947563043,13,90,"{""type"":""Point"",""coordinates"":[108.44975212984667,14.220421069321075]}"
00000000000000000887,1,701,0.7100524090710018,14,90,"{""type"":""Point"",""coordinates"":[108.45406408056536,14.367022934655214]}"
00000000000000000ab7,1,1169,0.7578646372302142,14,90,"{""type"":""Point"",""coordinates"":[108.39100347346752,14.503926255198106]}"
00000000000000000b7d,1,863,0.7339512359417645,14,90,"{""type"":""Point"",""coordinates"":[108.4295390247714,14.309620926794205]}"
0000000000000000095d,1,889,0.10800099086609427,15,90,"{""type"":""Point"",""coordinates"":[108.45298497811042,14.141459307866656]}"
00000000000000000b72,1,762,0.7352554614762906,15,90,"{""type"":""Point"",""coordinates"":[108.61872530516597,14.278090623245289]}"
00000000000000000bb8,1,1115,0.538469398008827,15,90,"{""type"":""Point"",""coordinates"":[108.39073146830326,14.424429401617274]}"
00000000000000000c30,1,803,0.7903760528876205,15,90,"{""type"":""Point"",""coordinates"":[108.43035058116314,14.21368336762932]}"
000000000000000006f8,1,1153,0.2191953294284118,16,90,"{""type"":""Point"",""coordinates"":[108.4295390247714,14.502851611844232]}"
000000000000000007e0,1,911,0.5495476258813047,16,90,"{""type"":""Point"",""coordinates"":[108.54111019222968,14.452187305674979]}"
00000000000000000920,1,857,0.48595234770110907,16,90,"{""type"":""Point"",""coordinates"":[108.60039839983628,14.415265948952447]}"
00000000000000000923,1,757,0.7255073189455219,16,90,"{""type"":""Point"",""coordinates"":[108.4616088795478,14.255184221133735]}"
00000000000000000ad6,1,786,0.1740357428825131,16,90,"{""type"":""Point"",""coordinates"":[108.45271743204721,14.232817370249654]}"
00000000000000000af7,1,913,0.3670701218422061,16,90,"{""type"":""Point"",""coordinates"":[108.42064757727083,14.38966179070356]}"
00000000000000000b3e,1,794,0.2440346547642307,16,90,"{""type"":""Point"",""coordinates"":[108.45029168107415,14.216648669829862]}"
00000000000000000b4f,1,927,0.5914954493483571,16,90,"{""type"":""Point"",""coordinates"":[108.44624727641866,14.198321764500196]}"
00000000000000000c7f,1,1076,0.1779071268086292,16,90,"{""type"":""Point"",""coordinates"":[108.44139577447253,14.198861315727664]}"
000000000000000006ea,1,770,0.39295602752618286,17,90,"{""type"":""Point"",""coordinates"":[108.45945513373897,14.22122816661175]}"
0000000000000000078c,1,885,0.6772037838042602,17,90,"{""type"":""Point"",""coordinates"":[108.51631759037252,14.351665790627143]}"
000000000000000007c8,1,771,0.10458118149657947,17,90,"{""type"":""Point"",""coordinates"":[108.58342260212584,14.31070002924914]}"
0000000000000000093c,1,1029,0.3652762641368892,17,90,"{""type"":""Point"",""coordinates"":[108.45433162662856,14.444098496364028]}"
00000000000000000a43,1,1008,0.6261042276330656,17,90,"{""type"":""Point"",""coordinates"":[108.44436107667306,14.407449144805756]}"
00000000000000000a98,1,989,0.5999470369893564,17,90,"{""type"":""Point"",""coordinates"":[108.45055922713735,14.19427735984472]}"
00000000000000000702,1,769,0.1826944731752782,18,90,"{""type"":""Point"",""coordinates"":[108.43196477574448,14.224461014875498]}"
000000000000000007c4,1,908,0.2317910797011855,19,90,"{""type"":""Point"",""coordinates"":[108.4616088795478,14.19481691107219]}"
00000000000000000828,1,921,0.5155273876813832,19,90,"{""type"":""Point"",""coordinates"":[108.32335891048676,14.37106733931069]}"
00000000000000000a5b,1,819,0.31112523110663326,19,90,"{""type"":""Point"",""coordinates"":[108.45541072908351,14.141998859094125]}"
0000000000000000089f,1,921,0.22543630388508884,20,90,"{""type"":""Point"",""coordinates"":[108.5306000910467,14.412840197979369]}"
00000000000000000a62,1,1021,0.43097674643016115,20,90,"{""type"":""Point"",""coordinates"":[108.44813347616429,14.196703110817795]}"
00000000000000000aab,1,651,0.34708108150906314,20,90,"{""type"":""Point"",""coordinates"":[108.61603200812968,14.218262864411209]}"
00000000000000000afa,1,677,0.06373626603997862,20,90,"{""type"":""Point"",""coordinates"":[108.49718358775219,14.228233414366706]}"
00000000000000000b31,1,1014,0.34001036827849684,20,90,"{""type"":""Point"",""coordinates"":[108.40555352020492,14.38049833803873]}"
000000000000000008c8,1,737,0.7715939673405257,21,90,"{""type"":""Point"",""coordinates"":[108.43169722968126,14.275936877436479]}"
000000000000000008c7,1,776,0.10785248450077034,23,90,"{""type"":""Point"",""coordinates"":[108.43115767845381,14.219881518093606]}"
00000000000000000aeb,1,1029,0.3293248537172737,23,90,"{""type"":""Point"",""coordinates"":[108.40555352020492,14.397746140913455]}"
000000000000000008e2,1,1028,0.18177477749037585,24,90,"{""type"":""Point"",""coordinates"":[108.31985405705875,14.35139378546289]}"
0000000000000000091a,1,835,0.73982268559424,24,90,"{""type"":""Point"",""coordinates"":[108.4667323866582,14.142805956384798]}"
00000000000000000bcc,1,1013,0.698576317850936,24,90,"{""type"":""Point"",""coordinates"":[108.42684572773511,14.408795793323893]}"
00000000000000000938,1,1169,0.17175109019232038,25,90,"{""type"":""Point"",""coordinates"":[108.41283077312416,14.501232958161832]}"
000000000000000009c5,1,840,0.29435578156289055,25,90,"{""type"":""Point"",""coordinates"":[108.47211898073077,14.241441271687018]}"
000000000000000009f3,1,1029,0.749888063589364,25,90,"{""type"":""Point"",""coordinates"":[108.32012606222301,14.35139378546289]}"
0000000000000000081e,1,890,0.5183319842965489,26,90,"{""type"":""Point"",""coordinates"":[108.42226177185218,14.283481676418907]}"
00000000000000000931,1,938,0.537006299591311,27,90,"{""type"":""Point"",""coordinates"":[108.53410494447472,14.34384898648046]}"
00000000000000000a4c,1,1033,0.43081202783940775,27,90,"{""type"":""Point"",""coordinates"":[108.32443801294168,14.29830372832056]}"
00000000000000000af8,1,852,0.37084766416087456,27,90,"{""type"":""Point"",""coordinates"":[108.46376708445767,14.195356462299653]}"
00000000000000000960,1,760,0.31029083708459215,29,90,"{""type"":""Point"",""coordinates"":[108.44274688209173,14.247906968214519]}"
00000000000000000c58,1,702,0.04195958331208027,30,90,"{""type"":""Point"",""coordinates"":[108.45244542688296,14.260575274307355]}"
0000000000000000086a,1,1076,0.12864894130975535,33,90,"{""type"":""Point"",""coordinates"":[108.4195684748159,14.36810203711015]}"
00000000000000000bf0,1,846,0.5082641404338001,34,90,"{""type"":""Point"",""coordinates"":[108.44867302739175,14.209910968138102]}"
00000000000000000a80,1,840,0.2863569168582413,36,90,"{""type"":""Point"",""coordinates"":[108.44651928158292,14.36864158833762]}"
00000000000000000752,1,1060,0.14500549879837366,2,91,"{""type"":""Point"",""coordinates"":[108.42361287947138,14.4268506934893]}"
00000000000000000a52,1,754,0.6129679339215028,2,91,"{""type"":""Point"",""coordinates"":[108.50850078622584,14.332531788006808]}"
000000000000000006f3,1,742,0.1737044087940054,6,91,"{""type"":""Point"",""coordinates"":[108.53518404692966,14.24548121724144]}"
00000000000000000952,1,760,0.15257319395249958,6,91,"{""type"":""Point"",""coordinates"":[108.50041643601593,14.3387299384711]}"
00000000000000000788,1,1061,0.39274204445270156,8,91,"{""type"":""Point"",""coordinates"":[108.42172667972578,14.376725938547512]}"
000000000000000007be,1,911,0.17067312463416862,10,91,"{""type"":""Point"",""coordinates"":[108.51119854236318,14.352200882753557]}"
00000000000000000ba6,1,730,0.17438932863146916,11,91,"{""type"":""Point"",""coordinates"":[108.47427718564062,14.19293071132658]}"
00000000000000000a5e,1,625,0.3835711372215461,12,91,"{""type"":""Point"",""coordinates"":[108.48882723237801,14.285635422227719]}"
00000000000000000697,1,1217,0.7327528579332693,13,91,"{""type"":""Point"",""coordinates"":[108.43088567328955,14.531149067129395]}"
00000000000000000991,1,948,0.506522646658162,13,91,"{""type"":""Point"",""coordinates"":[108.40851882240547,14.392359546840893]}"
0000000000000000075d,1,735,0.56930465004244,14,91,"{""type"":""Point"",""coordinates"":[108.448945032556,14.319595935850762]}"
0000000000000000079c,1,761,0.3935082095107896,16,91,"{""type"":""Point"",""coordinates"":[108.45433162662857,14.234164018767792]}"
00000000000000000704,1,1146,0.030531734894798213,17,91,"{""type"":""Point"",""coordinates"":[108.39423632173127,14.496653461379937]}"
00000000000000000922,1,724,0.3200184216487355,17,91,"{""type"":""Point"",""coordinates"":[108.45271743204722,14.365948291301335]}"
00000000000000000a4d,1,1011,0.30248382019740916,17,91,"{""type"":""Point"",""coordinates"":[108.44840548132855,14.196975115982058]}"
00000000000000000b10,1,1171,0.5297801234354894,17,91,"{""type"":""Point"",""coordinates"":[108.3802213671203,14.50096541209862]}"
000000000000000006ee,1,612,0.4071149629844917,19,91,"{""type"":""Point"",""coordinates"":[108.51146608842637,14.250332719187591]}"
0000000000000000095f,1,983,0.5009501106550077,24,91,"{""type"":""Point"",""coordinates"":[108.31850740854061,14.37888414345738]}"
00000000000000000a4e,1,735,0.7230708260983107,25,91,"{""type"":""Point"",""coordinates"":[108.45244542688296,14.365408740073867]}"
00000000000000000bbc,1,910,0.14164942018203386,25,91,"{""type"":""Point"",""coordinates"":[108.44166777963679,14.220421069321077]}"
00000000000000000a20,1,753,0.27939613815231634,1,92,"{""type"":""Point"",""coordinates"":[108.45487117785603,14.237129320968336]}"
0000000000000000085c,1,994,0.10994429267049244,3,92,"{""type"":""Point"",""coordinates"":[108.49421828555164,14.482098955541492]}"
00000000000000000be5,1,629,0.058129728577734574,5,92,"{""type"":""Point"",""coordinates"":[108.58396215335328,14.241441271687018]}"
00000000000000000aa8,1,677,0.32539322160133344,7,92,"{""type"":""Point"",""coordinates"":[108.61576000296542,14.255456226298001]}"
00000000000000000849,1,686,0.6625503118520443,8,92,"{""type"":""Point"",""coordinates"":[108.48478728682359,14.176222459679321]}"
00000000000000000959,1,730,0.3270949859174299,8,92,"{""type"":""Point"",""coordinates"":[108.47535628809555,14.270278278199651]}"
0000000000000000098f,1,1015,0.21631473238414733,8,92,"{""type"":""Point"",""coordinates"":[108.40555352020492,14.412840197979369]}"
000000000000000006b7,1,654,0.4489837727311392,10,92,"{""type"":""Point"",""coordinates"":[108.48721303779668,14.241980822914485]}"
00000000000000000838,1,645,0.00165069047526345,10,92,"{""type"":""Point"",""coordinates"":[108.48640148140495,14.240901720459552]}"
00000000000000000b95,1,843,0.2076858272727008,10,92,"{""type"":""Point"",""coordinates"":[108.53410494447472,14.353551990372754]}"
00000000000000000bbf,1,815,0.30280353670928906,10,92,"{""type"":""Point"",""coordinates"":[108.44894503255601,14.243055466268366]}"
00000000000000000a41,1,1023,0.08923292793659132,13,92,"{""type"":""Point"",""coordinates"":[108.47804958513184,14.499614304479428]}"
0000000000000000065a,1,618,0.3384491809337803,16,92,"{""type"":""Point"",""coordinates"":[108.55269939586758,14.119087997881515]}"
00000000000000000b65,1,933,0.019051710415949774,16,92,"{""type"":""Point"",""coordinates"":[108.42711327379833,14.391280444385961]}"
000000000000000008a0,1,975,0.3668281924775205,19,92,"{""type"":""Point"",""coordinates"":[108.47077233221262,14.4123006467519]}"
00000000000000000928,1,733,0.6859792407831014,20,92,"{""type"":""Point"",""coordinates"":[108.4624204359395,14.304234332721645]}"
00000000000000000a70,1,670,0.31866638194595753,27,92,"{""type"":""Point"",""coordinates"":[108.49772313897964,14.238475969486476]}"
00000000000000000655,1,726,0.25548490251244493,2,94,"{""type"":""Point"",""coordinates"":[108.47858913635932,14.25060472435185]}"
00000000000000000907,1,1112,0.5603823779022563,3,94,"{""type"":""Point"",""coordinates"":[108.43789538014558,14.524139360273379]}"
000000000000000006ad,1,968,0.6710374212636756,4,94,"{""type"":""Point"",""coordinates"":[108.45029168107415,14.412568192815112]}"
0000000000000000084d,1,661,0.7242392925634987,4,94,"{""type"":""Point"",""coordinates"":[108.59258605479064,14.270813370326069]}"
00000000000000000888,1,773,0.4868190545778651,4,94,"{""type"":""Point"",""coordinates"":[108.44678682764615,14.241708817750226]}"
00000000000000000bfa,1,1017,0.5923602085482993,4,94,"{""type"":""Point"",""coordinates"":[108.4052859741417,14.412028641587646]}"
00000000000000000864,1,581,0.126330932953431,5,94,"{""type"":""Point"",""coordinates"":[108.4408606823461,14.271085375490328]}"
000000000000000008ce,1,976,0.6486797508599726,5,94,"{""type"":""Point"",""coordinates"":[108.4419353257,14.417152148698055]}"
000000000000000007b0,1,655,0.7465006068020857,6,94,"{""type"":""Point"",""coordinates"":[108.6065965503006,14.220688615384281]}"
000000000000000009a4,1,880,0.6807858381775848,7,94,"{""type"":""Point"",""coordinates"":[108.4950253828423,14.350586688172218]}"
00000000000000000c38,1,948,0.2084372472446182,7,94,"{""type"":""Point"",""coordinates"":[108.50122353330661,14.479945209732676]}"
00000000000000000958,1,837,0.7290661587413626,9,94,"{""type"":""Point"",""coordinates"":[108.55215984464013,14.364062091555727]}"
00000000000000000c0f,1,706,0.5333541786947343,9,94,"{""type"":""Point"",""coordinates"":[108.51362429333624,14.201015061536479]}"
00000000000000000670,1,1006,0.13551096164888277,11,94,"{""type"":""Point"",""coordinates"":[108.40663262265987,14.411493549461234]}"
000000000000000007d3,1,882,0.6337382800887408,12,94,"{""type"":""Point"",""coordinates"":[108.42522707405271,14.275664872272218]}"
00000000000000000b80,1,670,0.7734165880740521,12,94,"{""type"":""Point"",""coordinates"":[108.49718358775219,14.206406114710095]}"
0000000000000000097d,1,966,0.6813800186476476,13,94,"{""type"":""Point"",""coordinates"":[108.41363787041482,14.382924089011805]}"
00000000000000000b4d,1,663,0.3094004280924655,13,94,"{""type"":""Point"",""coordinates"":[108.49583693923404,14.19616355959033]}"
000000000000000006d8,1,626,0.422728472707674,14,94,"{""type"":""Point"",""coordinates"":[108.50957988868076,14.258956620624955]}"
0000000000000000075f,1,965,0.21880568545373147,14,94,"{""type"":""Point"",""coordinates"":[108.41848937236097,14.281595476673303]}"
00000000000000000aef,1,576,0.04673007439460308,14,94,"{""type"":""Point"",""coordinates"":[108.49206453974283,14.154934711250169]}"
00000000000000000721,1,635,0.3330356821420103,16,94,"{""type"":""Point"",""coordinates"":[108.48424773559613,14.194009813781514]}"
000000000000000008d1,1,917,0.2839915708394296,16,94,"{""type"":""Point"",""coordinates"":[108.41498897803402,14.38346364023927]}"
00000000000000000a2f,1,617,0.32223835183317395,16,94,"{""type"":""Point"",""coordinates"":[108.44112822840931,14.287526081074384]}"
00000000000000000c2d,1,847,0.2699765677426049,16,94,"{""type"":""Point"",""coordinates"":[108.43843493137302,14.364329637618932]}"
000000000000000008fe,1,550,0.7720259861603637,17,94,"{""type"":""Point"",""coordinates"":[108.52467394574668,14.191044511580973]}"
00000000000000000b66,1,677,0.7498966406397843,17,94,"{""type"":""Point"",""coordinates"":[108.4944902907159,14.206945665937559]}"
00000000000000000a51,1,773,0.71845101206035,18,94,"{""type"":""Point"",""coordinates"":[108.46026223102965,14.219341966866141]}"
00000000000000000956,1,1164,0.3720070787365857,21,94,"{""type"":""Point"",""coordinates"":[108.4060930714324,14.506352006171179]}"
00000000000000000875,1,966,0.292489930947088,24,94,"{""type"":""Point"",""coordinates"":[108.42549907921698,14.393973741422244]}"
00000000000000000911,1,680,0.17182927787698354,24,94,"{""type"":""Point"",""coordinates"":[108.4710443373769,14.147117907103476]}"
00000000000000000935,1,609,0.6809335874286427,25,94,"{""type"":""Point"",""coordinates"":[108.49933733356099,14.253565567451338]}"
00000000000000000a42,1,1068,0.44197534043444664,26,94,"{""type"":""Point"",""coordinates"":[108.33818096238842,14.376997943711773]}"
00000000000000000770,1,711,0.32565513802645163,30,94,"{""type"":""Point"",""coordinates"":[108.43681627769064,14.280788379382626]}"
00000000000000000bf3,1,706,0.6494978248018076,30,94,"{""type"":""Point"",""coordinates"":[108.47023278098516,14.303422776329915]}"
000000000000000008b7,1,977,0.22693642860903573,31,94,"{""type"":""Point"",""coordinates"":[108.33683431387027,14.3664878425288]}"
00000000000000000932,1,946,0.3302885247745557,33,94,"{""type"":""Point"",""coordinates"":[108.445440179128,14.202901261282085]}"
00000000000000000678,1,712,0.7143364708947256,3,95,"{""type"":""Point"",""coordinates"":[108.543807948367,14.219609512929349]}"
000000000000000007e4,1,850,0.7312776886298957,3,95,"{""type"":""Point"",""coordinates"":[108.45379653450215,14.144692156130404]}"
00000000000000000ad5,1,753,0.7948503414023653,3,95,"{""type"":""Point"",""coordinates"":[108.49421828555164,14.336032182333765]}"
00000000000000000b40,1,761,0.2251534624405419,3,95,"{""type"":""Point"",""coordinates"":[108.46053423619392,14.255184221133735]}"
00000000000000000a2a,1,722,0.3955518622573806,4,95,"{""type"":""Point"",""coordinates"":[108.53087209621097,14.276204423499685]}"
0000000000000000077e,1,696,0.3099051105008014,5,95,"{""type"":""Point"",""coordinates"":[108.59959130254562,14.267312975999113]}"
0000000000000000083e,1,711,0.7782281396678157,5,95,"{""type"":""Point"",""coordinates"":[108.5109265371989,14.204519914964486]}"
00000000000000000843,1,576,0.03109905362986043,5,95,"{""type"":""Point"",""coordinates"":[108.44894503255601,14.286986529846917]}"
000000000000000007bf,1,946,0.5094442794339249,6,95,"{""type"":""Point"",""coordinates"":[108.44759838403786,14.38993379586782]}"
00000000000000000829,1,730,0.7156844956018925,6,95,"{""type"":""Point"",""coordinates"":[108.5168571416,14.280788379382622]}"
00000000000000000a03,1,1204,0.425948422752632,6,95,"{""type"":""Point"",""coordinates"":[108.40097402342305,14.520906512009628]}"
0000000000000000067a,1,906,0.1934097284012214,7,95,"{""type"":""Point"",""coordinates"":[108.51739669282746,14.355705736181568]}"
00000000000000000709,1,1034,0.5782620719041228,7,95,"{""type"":""Point"",""coordinates"":[108.4715794295033,14.444638047591491]}"
00000000000000000c78,1,1022,0.10794732718681044,7,95,"{""type"":""Point"",""coordinates"":[108.45298497811044,14.42981599568984]}"
00000000000000000750,1,1169,0.21998559823380381,8,95,"{""type"":""Point"",""coordinates"":[108.3934292244406,14.496113910152474]}"
00000000000000000a8e,1,704,0.5913154931590846,8,95,"{""type"":""Point"",""coordinates"":[108.55377849832252,14.292105577856272]}"
00000000000000000bf4,1,683,0.4564018512747672,8,95,"{""type"":""Point"",""coordinates"":[108.42603863044445,14.216376664665601]}"
000000000000000006d2,1,646,0.4870113396534541,9,95,"{""type"":""Point"",""coordinates"":[108.58045729992527,14.219341966866141]}"
0000000000000000070b,1,698,0.622170288697676,9,95,"{""type"":""Point"",""coordinates"":[108.60524990178243,14.251411821642524]}"
000000000000000007de,1,645,0.7256453002613088,9,95,"{""type"":""Point"",""coordinates"":[108.64001751269616,14.132835406429292]}"
000000000000000007b8,1,727,0.10247769080712521,10,95,"{""type"":""Point"",""coordinates"":[108.57749199772474,14.300729479293635]}"
000000000000000007ef,1,707,0.1618909525535258,10,95,"{""type"":""Point"",""coordinates"":[108.51119854236318,14.201015061536479]}"
00000000000000000925,1,870,0.20361872832963313,10,95,"{""type"":""Point"",""coordinates"":[108.50338173821648,14.35867103838211]}"
00000000000000000a61,1,624,0.44547825485204395,10,95,"{""type"":""Point"",""coordinates"":[108.43708382375384,14.290758929338132]}"
00000000000000000aa4,1,720,0.5033055983565964,10,95,"{""type"":""Point"",""coordinates"":[108.62923540634894,14.243595017495833]}"
00000000000000000b13,1,598,0.17428759080565948,10,95,"{""type"":""Point"",""coordinates"":[108.52763478884617,14.232010272958982]}"
00000000000000000b44,1,739,0.08282653682107066,10,95,"{""type"":""Point"",""coordinates"":[108.59662600034507,14.308813829503528]}"
00000000000000000c7e,1,577,0.5098058319188766,10,95,"{""type"":""Point"",""coordinates"":[108.51011943990822,14.185925463571618]}"
00000000000000000755,1,724,0.003635378317601967,11,95,"{""type"":""Point"",""coordinates"":[108.49745113381537,14.185118366280944]}"
000000000000000007ca,1,722,0.12009804826493842,11,95,"{""type"":""Point"",""coordinates"":[108.45837603128405,14.149811204139759]}"
000000000000000009ab,1,595,0.049140474022079994,11,95,"{""type"":""Point"",""coordinates"":[108.48101488733239,14.306927629757924]}"
00000000000000000a07,1,881,0.7757550438534135,11,95,"{""type"":""Point"",""coordinates"":[108.54272884591208,14.451915300510718]}"
00000000000000000bc9,1,600,0.29728004834365684,11,95,"{""type"":""Point"",""coordinates"":[108.44678682764614,14.264887225026039]}"
00000000000000000c0b,1,680,0.5795668756482403,11,95,"{""type"":""Point"",""coordinates"":[108.4950253828423,14.305580981239785]}"
00000000000000000738,1,740,0.320396075691466,12,95,"{""type"":""Point"",""coordinates"":[108.52952098859177,14.255184221133739]}"
00000000000000000a78,1,979,0.24891642077974485,12,95,"{""type"":""Point"",""coordinates"":[108.50014888995273,14.467276903639835]}"
00000000000000000ab6,1,785,0.01998736476597074,12,95,"{""type"":""Point"",""coordinates"":[108.5206295410912,14.290219378110663]}"
0000000000000000079a,1,1099,0.3528407269015347,13,95,"{""type"":""Point"",""coordinates"":[108.39935536974065,14.452454851738183]}"
00000000000000000c47,1,675,0.08984182406370833,13,95,"{""type"":""Point"",""coordinates"":[108.54596169417582,14.209638962973838]}"
00000000000000000687,1,963,0.4521263447565663,14,95,"{""type"":""Point"",""coordinates"":[108.44409353060985,14.38346364023927]}"
000000000000000006ac,1,1218,0.4101534846560707,14,95,"{""type"":""Point"",""coordinates"":[108.3802213671203,14.50608446010798]}"
00000000000000000b9f,1,731,0.04287081845415852,14,95,"{""type"":""Point"",""coordinates"":[108.53491204176538,14.261114825534824]}"
00000000000000000c54,1,735,0.6240801964991631,14,95,"{""type"":""Point"",""coordinates"":[108.61953240245663,14.267852527226577]}"
00000000000000000737,1,667,0.30190785913603413,15,95,"{""type"":""Point"",""coordinates"":[108.45055922713735,14.261921922825497]}"
000000000000000007cb,1,844,0.6099562755772033,15,95,"{""type"":""Point"",""coordinates"":[108.56051620001426,14.284021227646374]}"
0000000000000000095a,1,706,0.2340375838467872,15,95,"{""type"":""Point"",""coordinates"":[108.61683910542034,14.259768177016682]}"
00000000000000000a79,1,768,0.5991374389306247,15,95,"{""type"":""Point"",""coordinates"":[108.49017833999721,14.18376725866175]}"
00000000000000000c75,1,785,0.7616706517149463,15,95,"{""type"":""Point"",""coordinates"":[108.47939623365,14.279169725700225]}"
0000000000000000073b,1,1023,0.0779388568911692,16,95,"{""type"":""Point"",""coordinates"":[108.45675737760163,14.455687700001937]}"
00000000000000000831,1,1150,0.46432720952966666,16,95,"{""type"":""Point"",""coordinates"":[108.39369677050382,14.501772509389296]}"
00000000000000000a67,1,759,0.007796339276971542,16,95,"{""type"":""Point"",""coordinates"":[108.50796123499835,14.333066880133222]}"
00000000000000000b9d,1,1137,0.6407256475778191,16,95,"{""type"":""Point"",""coordinates"":[108.42091512333404,14.508510211081054]}"
0000000000000000083a,1,1012,0.7259627474217565,17,95,"{""type"":""Point"",""coordinates"":[108.42415243069885,14.409335344551364]}"
000000000000000009c0,1,619,0.08389662707500423,17,95,"{""type"":""Point"",""coordinates"":[108.67585976696377,14.1511578526579]}"
0000000000000000077c,1,905,0.25366612192124693,18,95,"{""type"":""Point"",""coordinates"":[108.44436107667308,14.375646836092576]}"
00000000000000000b38,1,560,0.7289012402067029,18,95,"{""type"":""Point"",""coordinates"":[108.51415938546266,14.16166795384087]}"
000000000000000006f5,1,935,0.2842777996848622,19,95,"{""type"":""Point"",""coordinates"":[108.40312776923186,14.384270737529949]}"
000000000000000008b5,1,756,0.02409294609424395,19,95,"{""type"":""Point"",""coordinates"":[108.45648983153845,14.244946125115028]}"
0000000000000000090f,1,688,0.6063037746754311,19,95,"{""type"":""Point"",""coordinates"":[108.52359484329175,14.247906968214519]}"
00000000000000000773,1,642,0.5570692179506804,20,95,"{""type"":""Point"",""coordinates"":[108.47239098589503,14.150890306594697]}"
0000000000000000072f,1,692,0.7513654859807294,21,95,"{""type"":""Point"",""coordinates"":[108.61737865664782,14.254105118678806]}"
00000000000000000848,1,974,0.22720120880268102,22,95,"{""type"":""Point"",""coordinates"":[108.4438215254456,14.384542742694206]}"
0000000000000000091b,1,957,0.4818895728180125,22,95,"{""type"":""Point"",""coordinates"":[108.4408606823461,14.382924089011805]}"
00000000000000000acf,1,743,0.019246348778145017,22,95,"{""type"":""Point"",""coordinates"":[108.45568273424777,14.282135027900768]}"
00000000000000000807,1,763,0.06228890946398968,23,95,"{""type"":""Point"",""coordinates"":[108.45406408056536,14.233896472704586]}"
00000000000000000ad3,1,800,0.564694578258096,24,95,"{""type"":""Point"",""coordinates"":[108.56374904827801,14.320670579204643]}"
00000000000000000ba4,1,947,0.10127973583650007,24,95,"{""type"":""Point"",""coordinates"":[108.45406408056536,14.189158311835365]}"
00000000000000000751,1,1249,0.048327414251126855,26,95,"{""type"":""Point"",""coordinates"":[108.37779561614722,14.51147551328159]}"
00000000000000000997,1,1140,0.5272447977788192,26,95,"{""type"":""Point"",""coordinates"":[108.42172667972578,14.506624011335447]}"
00000000000000000a2d,1,568,0.08593383226695661,27,95,"{""type"":""Point"",""coordinates"":[108.54730834269397,14.177569108197462]}"
000000000000000009c7,1,1040,0.515993962579098,28,95,"{""type"":""Point"",""coordinates"":[108.42684572773511,14.407716690868961]}"
000000000000000008f4,1,691,0.36561305330892024,35,95,"{""type"":""Point"",""coordinates"":[108.4705047861494,14.303694781494178]}"
000000000000000008a6,1,977,0.4171127048397265,40,95,"{""type"":""Point"",""coordinates"":[108.34033916729828,14.385349839984878]}"
000000000000000006fd,1,702,0.17020225323802296,44,95,"{""type"":""Point"",""coordinates"":[108.46511373297581,14.308546283440327]}"
000000000000000008ff,1,609,0.6481005715885049,4,96,"{""type"":""Point"",""coordinates"":[108.52979299375602,14.236322223677663]}"
000000000000000006ab,1,734,0.4117421550715741,5,96,"{""type"":""Point"",""coordinates"":[108.47319808318571,14.269466721807927]}"
00000000000000000708,1,640,0.20962534801160992,8,96,"{""type"":""Point"",""coordinates"":[108.4950253828423,14.196435564754589]}"
00000000000000000aaa,1,944,0.6157355413010497,8,96,"{""type"":""Point"",""coordinates"":[108.49880224143459,14.360557238127717]}"
00000000000000000c2f,1,866,0.11285828576374757,8,96,"{""type"":""Point"",""coordinates"":[108.62061150491155,14.377805041002444]}"
00000000000000000a4a,1,849,0.5495614710082799,9,96,"{""type"":""Point"",""coordinates"":[108.50823324016261,14.344388537707923]}"
000000000000000007ff,1,1061,0.6894234782059977,10,96,"{""type"":""Point"",""coordinates"":[108.42630617650767,14.430627552081567]}"
00000000000000000793,1,756,0.7789075950138353,11,96,"{""type"":""Point"",""coordinates"":[108.4532569832747,14.235782672450197]}"
00000000000000000b58,1,1125,0.19010564374272787,11,96,"{""type"":""Point"",""coordinates"":[108.40771172511478,14.45110820322004]}"
00000000000000000c1f,1,523,0.057194801506159965,12,96,"{""type"":""Point"",""coordinates"":[108.60067040500054,14.215297562210663]}"
00000000000000000c39,1,1065,0.6470083221054184,13,96,"{""type"":""Point"",""coordinates"":[108.42684572773511,14.431974200599708]}"
00000000000000000b82,1,1087,0.6298985685750539,14,96,"{""type"":""Point"",""coordinates"":[108.40663262265987,14.445989155210686]}"
00000000000000000c28,1,697,0.758052246587038,20,96,"{""type"":""Point"",""coordinates"":[108.540303094939,14.127711899318882]}"
00000000000000000902,1,797,0.25762341440859415,22,96,"{""type"":""Point"",""coordinates"":[108.45001967590987,14.217188221057327]}"
00000000000000000c5c,1,982,0.3259075715695864,0,97,"{""type"":""Point"",""coordinates"":[108.51173809359062,14.466197801184906]}"
0000000000000000074f,1,731,0.10348863457683077,2,97,"{""type"":""Point"",""coordinates"":[108.54434304049343,14.239822618004617]}"
00000000000000000805,1,709,0.6823790457852735,2,97,"{""type"":""Point"",""coordinates"":[108.61468090051048,14.269466721807927]}"
00000000000000000bce,1,792,0.7317431489157808,2,97,"{""type"":""Point"",""coordinates"":[108.45487117785603,14.255991318424412]}"
000000000000000007d0,1,1092,0.04872203884870041,3,97,"{""type"":""Point"",""coordinates"":[108.40366732045932,14.418226792051934]}"
00000000000000000827,1,658,0.5790698304803136,3,97,"{""type"":""Point"",""coordinates"":[108.59905175131814,14.23874351554968]}"
000000000000000008d8,1,1128,0.2007797777747352,3,97,"{""type"":""Point"",""coordinates"":[108.41984047998017,14.499346758416223]}"
00000000000000000c6b,1,739,0.15969913647294653,3,97,"{""type"":""Point"",""coordinates"":[108.520361995028,14.261654376762293]}"
0000000000000000088e,1,731,0.556662360184494,4,97,"{""type"":""Point"",""coordinates"":[108.62519100169347,14.26003572307989]}"
000000000000000009f8,1,811,0.4629658145331207,4,97,"{""type"":""Point"",""coordinates"":[108.57911065140713,14.31824482823157]}"
00000000000000000b9c,1,1215,0.5451612370078158,4,97,"{""type"":""Point"",""coordinates"":[108.38695906881206,14.52359980904591]}"
00000000000000000684,1,829,0.10825260784966628,5,97,"{""type"":""Point"",""coordinates"":[108.61414580838407,14.306660083694718]}"
000000000000000006cd,1,1032,0.42657075181244264,5,97,"{""type"":""Point"",""coordinates"":[108.50149553847088,14.493688159179401]}"
000000000000000006d3,1,754,0.32601760297125737,5,97,"{""type"":""Point"",""coordinates"":[108.50742614287194,14.33091313432441]}"
00000000000000000a6d,1,973,0.199418588851779,5,97,"{""type"":""Point"",""coordinates"":[108.42226177185219,14.27000627303539]}"
00000000000000000ae5,1,735,0.11830094138814728,5,97,"{""type"":""Point"",""coordinates"":[108.52736724278296,14.257342426043607]}"
00000000000000000b4e,1,790,0.3129305055561883,5,97,"{""type"":""Point"",""coordinates"":[108.62276970982144,14.27270402917273]}"
00000000000000000c52,1,814,0.35254972525297024,5,97,"{""type"":""Point"",""coordinates"":[108.61414580838407,14.302883225102446]}"
00000000000000000c7b,1,898,0.4397628010405842,5,97,"{""type"":""Point"",""coordinates"":[108.48398018953291,14.33495307987883]}"
00000000000000000698,1,738,0.2924164476379395,6,97,"{""type"":""Point"",""coordinates"":[108.61872530516597,14.272164477945257]}"
000000000000000006c4,1,770,0.4916867184567906,6,97,"{""type"":""Point"",""coordinates"":[108.45783648005659,14.258417069397487]}"
0000000000000000070c,1,659,0.14797083867020655,6,97,"{""type"":""Point"",""coordinates"":[108.49071343212363,14.206406114710092]}"
00000000000000000b0e,1,1149,0.1548555675211125,6,97,"{""type"":""Point"",""coordinates"":[108.44004912595437,14.530337510737672]}"
00000000000000000b41,1,780,0.7761430378346909,6,97,"{""type"":""Point"",""coordinates"":[108.4516383295923,14.238208423423274]}"
00000000000000000b7f,1,1097,0.0704738724942614,6,97,"{""type"":""Point"",""coordinates"":[108.42927147870819,14.462697406857952]}"
00000000000000000c1c,1,821,0.46386022692819906,6,97,"{""type"":""Point"",""coordinates"":[108.61818575393848,14.298571274383766]}"
0000000000000000075e,1,1093,0.7691145285103583,7,97,"{""type"":""Point"",""coordinates"":[108.40016692613236,14.41957789967113]}"
000000000000000007b7,1,738,0.1838345729323031,7,97,"{""type"":""Point"",""coordinates"":[108.5268276915555,14.258149523334282]}"
0000000000000000086c,1,1167,0.16986017026702105,7,97,"{""type"":""Point"",""coordinates"":[108.38911727372192,14.479945209732676]}"
000000000000000008bd,1,796,0.6041252318541435,7,97,"{""type"":""Point"",""coordinates"":[108.56725390170604,14.306120532467249]}"
000000000000000008e4,1,685,0.21892629195370905,7,97,"{""type"":""Point"",""coordinates"":[108.61710665148355,14.243327471432627]}"
000000000000000008fa,1,1032,0.4649504642477943,7,97,"{""type"":""Point"",""coordinates"":[108.50149553847086,14.493955705242605]}"
0000000000000000091d,1,1140,0.1078486436422873,7,97,"{""type"":""Point"",""coordinates"":[108.44058867718184,14.50069340693436]}"
00000000000000000989,1,699,0.7012510415103543,7,97,"{""type"":""Point"",""coordinates"":[108.4850548328868,14.216109118602393]}"
000000000000000009da,1,964,0.3617323324343926,7,97,"{""type"":""Point"",""coordinates"":[108.49933733356099,14.471321308295314]}"
00000000000000000a46,1,749,0.11619840343061238,7,97,"{""type"":""Point"",""coordinates"":[108.61980440762089,14.27000627303539]}"
00000000000000000a4f,1,817,0.41039523388889565,7,97,"{""type"":""Point"",""coordinates"":[108.56563524802364,14.295877977347482]}"
00000000000000000af6,1,694,0.4904543766581855,7,97,"{""type"":""Point"",""coordinates"":[108.5977051028,14.262729020116168]}"
00000000000000000bdb,1,685,0.2554662075337579,7,97,"{""type"":""Point"",""coordinates"":[108.5979726488632,14.26704097083485]}"
00000000000000000c33,1,1000,0.32578462808236863,7,97,"{""type"":""Point"",""coordinates"":[108.44382152544559,14.385349839984878]}"
000000000000000009b7,1,784,0.716339777282411,8,97,"{""type"":""Point"",""coordinates"":[108.47643093144944,14.282674579128228]}"
00000000000000000a72,1,796,0.13207236102847308,8,97,"{""type"":""Point"",""coordinates"":[108.57911065140713,14.308546283440327]}"
00000000000000000b2b,1,971,0.635648807963658,8,97,"{""type"":""Point"",""coordinates"":[108.50041643601593,14.470781757067847]}"
00000000000000000b3f,1,1071,0.061157429484365644,8,97,"{""type"":""Point"",""coordinates"":[108.45837603128403,14.427662249881026]}"
00000000000000000bca,1,682,0.603761254039931,8,97,"{""type"":""Point"",""coordinates"":[108.5109265371989,14.198589310563404]}"
0000000000000000065d,1,1033,0.3122525037977453,9,97,"{""type"":""Point"",""coordinates"":[108.4710443373769,14.444910052755754]}"
00000000000000000725,1,1127,0.2939457917972288,9,97,"{""type"":""Point"",""coordinates"":[108.3934292244406,14.488029559942579]}"
00000000000000000729,1,819,0.7359005646844006,9,97,"{""type"":""Point"",""coordinates"":[108.56536324285938,14.300997025356844]}"
00000000000000000821,1,1199,0.6034072271883018,9,97,"{""type"":""Point"",""coordinates"":[108.38749862003951,14.503658709134903]}"
0000000000000000083b,1,1108,0.1373365047060502,9,97,"{""type"":""Point"",""coordinates"":[108.44867302739175,14.502312060616763]}"
00000000000000000918,1,714,0.7355741018842507,9,97,"{""type"":""Point"",""coordinates"":[108.61522045173795,14.27270402917273]}"
00000000000000000a69,1,1060,0.73095066431135,9,97,"{""type"":""Point"",""coordinates"":[108.42172667972578,14.429008898399168]}"
00000000000000000b28,1,715,0.6034296501922641,9,97,"{""type"":""Point"",""coordinates"":[108.49772313897964,14.212064713946917]}"
00000000000000000bcf,1,981,0.651321610316711,9,97,"{""type"":""Point"",""coordinates"":[108.51038698597144,14.47293550287666]}"
00000000000000000657,1,731,0.39000376006825277,10,97,"{""type"":""Point"",""coordinates"":[108.4295390247714,14.220688615384278]}"
000000000000000006c6,1,744,0.7439040533898688,10,97,"{""type"":""Point"",""coordinates"":[108.46349507929341,14.27216447794526]}"
000000000000000006d5,1,755,0.6397595265119566,10,97,"{""type"":""Point"",""coordinates"":[108.594200249372,14.319595935850762]}"
000000000000000006e9,1,806,0.7271043656654558,10,97,"{""type"":""Point"",""coordinates"":[108.57506624675166,14.32121013043211]}"
0000000000000000074c,1,772,0.314669037552625,10,97,"{""type"":""Point"",""coordinates"":[108.45756893399337,14.258417069397487]}"
0000000000000000075c,1,1083,0.7093598852296018,10,97,"{""type"":""Point"",""coordinates"":[108.4095979248604,14.372146441765622]}"
00000000000000000783,1,972,0.759724761595185,10,97,"{""type"":""Point"",""coordinates"":[108.46942568369447,14.386428942439814]}"
000000000000000007cc,1,704,0.2471869480252833,10,97,"{""type"":""Point"",""coordinates"":[108.52574858910054,14.243327471432627]}"
0000000000000000084a,1,894,0.7973819991877151,10,97,"{""type"":""Point"",""coordinates"":[108.5187433413456,14.354898638890894]}"
000000000000000008ae,1,1190,0.26971670814244686,10,97,"{""type"":""Point"",""coordinates"":[108.39073146830326,14.50985685959919]}"
000000000000000008dc,1,895,0.01351732692521368,10,97,"{""type"":""Point"",""coordinates"":[108.55970464362254,14.426043596198625]}"
000000000000000008f0,1,829,0.21297452961672292,10,97,"{""type"":""Point"",""coordinates"":[108.47185143466754,14.241708817750226]}"
00000000000000000a0a,1,750,0.35479959571806063,10,97,"{""type"":""Point"",""coordinates"":[108.52817434007362,14.255184221133739]}"
00000000000000000ade,1,783,0.3753534635661404,10,97,"{""type"":""Point"",""coordinates"":[108.53437249053793,14.132023850037566]}"
00000000000000000c18,1,1039,0.36742203588593936,10,97,"{""type"":""Point"",""coordinates"":[108.40447887685104,14.395052843877176]}"
00000000000000000c65,1,783,0.5346276642677776,10,97,"{""type"":""Point"",""coordinates"":[108.4532569832747,14.227698322240299]}"
00000000000000000c67,1,1139,0.1027293890983918,10,97,"{""type"":""Point"",""coordinates"":[108.39423632173127,14.488836657233247]}"
00000000000000000973,1,747,0.15422337961004506,11,97,"{""type"":""Point"",""coordinates"":[108.51415938546266,14.270545824262861]}"
00000000000000000ab3,1,781,0.36656676314195225,11,97,"{""type"":""Point"",""coordinates"":[108.45406408056536,14.224461014875494]}"
00000000000000000b2e,1,1003,0.3043601624648612,11,97,"{""type"":""Point"",""coordinates"":[108.45541072908351,14.42388985038981]}"
00000000000000000b54,1,755,0.160740262775793,11,97,"{""type"":""Point"",""coordinates"":[108.594200249372,14.319863481913973]}"
00000000000000000be4,1,1169,0.3180314607396989,11,97,"{""type"":""Point"",""coordinates"":[108.40043447219556,14.488836657233247]}"
00000000000000000c5a,1,723,0.7162981350191352,11,97,"{""type"":""Point"",""coordinates"":[108.48855968631482,14.18376725866175]}"
0000000000000000065e,1,822,0.7923904858082526,12,97,"{""type"":""Point"",""coordinates"":[108.45137078352907,14.213950913692525]}"
00000000000000000663,1,856,0.10432305619593152,12,97,"{""type"":""Point"",""coordinates"":[108.4850548328868,14.328487383351336]}"
000000000000000008da,1,1164,0.5393557840083869,12,97,"{""type"":""Point"",""coordinates"":[108.42495952798951,14.49772810473382]}"
00000000000000000965,1,730,0.6632063720145895,12,97,"{""type"":""Point"",""coordinates"":[108.46322753323018,14.302615679039244]}"
00000000000000000aae,1,1245,0.416550468728879,12,97,"{""type"":""Point"",""coordinates"":[108.37698851885655,14.508510211081054]}"
00000000000000000667,1,1145,0.11695272287264191,13,97,"{""type"":""Point"",""coordinates"":[108.42037557210656,14.50689155739865]}"
000000000000000007e1,1,791,0.18677809099065346,13,97,"{""type"":""Point"",""coordinates"":[108.45891558251151,14.304234332721645]}"
00000000000000000825,1,1141,0.3140709905644946,13,97,"{""type"":""Point"",""coordinates"":[108.39396877566806,14.487757554778314]}"
0000000000000000097f,1,707,0.6123977234153626,13,97,"{""type"":""Point"",""coordinates"":[108.61064095495605,14.284828324937049]}"
000000000000000009ac,1,834,0.4815002438192211,13,97,"{""type"":""Point"",""coordinates"":[108.47077233221262,14.243055466268366]}"
000000000000000009dd,1,787,0.5055533414778417,13,97,"{""type"":""Point"",""coordinates"":[108.45487117785603,14.24763942215131]}"
00000000000000000a1d,1,1060,0.3344169225913146,13,97,"{""type"":""Point"",""coordinates"":[108.3972016239318,14.42092454818927]}"
00000000000000000b22,1,1003,0.5988538228354884,13,97,"{""type"":""Point"",""coordinates"":[108.47643093144944,14.41095399823376]}"
00000000000000000b39,1,753,0.603681978632033,13,97,"{""type"":""Point"",""coordinates"":[108.50149553847086,14.330913134324414]}"
00000000000000000b8e,1,772,0.43399341433860084,13,97,"{""type"":""Point"",""coordinates"":[108.45352452933788,14.224193468812286]}"
00000000000000000892,1,875,0.7376224687205587,14,97,"{""type"":""Point"",""coordinates"":[108.48262908191374,14.345195634998598]}"
00000000000000000847,1,795,0.754059444830152,15,97,"{""type"":""Point"",""coordinates"":[108.48963878876975,14.327140734833199]}"
0000000000000000087d,1,1169,0.12793307232968554,15,97,"{""type"":""Point"",""coordinates"":[108.42253377701644,14.49314860795193]}"
00000000000000000a6e,1,1079,0.13281217515915578,15,97,"{""type"":""Point"",""coordinates"":[108.4098654709236,14.424429401617274]}"
00000000000000000671,1,830,0.22959055848618237,16,97,"{""type"":""Point"",""coordinates"":[108.51551049308183,14.292645129083738]}"
000000000000000006c8,1,1020,0.0989677200996566,16,97,"{""type"":""Point"",""coordinates"":[108.44032113111865,14.405023393832678]}"
00000000000000000870,1,674,0.6915227295672488,16,97,"{""type"":""Point"",""coordinates"":[108.6270816605401,14.25195137286999]}"
00000000000000000893,1,648,0.4124402776823243,16,97,"{""type"":""Point"",""coordinates"":[108.59231404962641,14.241169266522759]}"
000000000000000009bd,1,952,0.4108151811383083,16,97,"{""type"":""Point"",""coordinates"":[108.42899947354395,14.397746140913458]}"
00000000000000000a14,1,888,0.7540454182186926,16,97,"{""type"":""Point"",""coordinates"":[108.42388042553459,14.275664872272218]}"
00000000000000000c53,1,768,0.4640093783470072,16,97,"{""type"":""Point"",""coordinates"":[108.58988829865332,14.299922382002961]}"
000000000000000006fb,1,796,0.4638136197662397,17,97,"{""type"":""Point"",""coordinates"":[108.45891558251151,14.233084916312858]}"
0000000000000000072d,1,792,0.08896971004260479,17,97,"{""type"":""Point"",""coordinates"":[108.57210094455114,14.326868729668934]}"
0000000000000000080e,1,1045,0.5484357160061449,17,97,"{""type"":""Point"",""coordinates"":[108.42576662528019,14.357863941091438]}"
00000000000000000782,1,769,0.22108979758350444,18,97,"{""type"":""Point"",""coordinates"":[108.49233208580604,14.330106037033739]}"
000000000000000009b1,1,1047,0.02007281182775489,18,97,"{""type"":""Point"",""coordinates"":[108.44274688209173,14.199940418182601]}"
00000000000000000c09,1,802,0.13919468752285358,18,97,"{""type"":""Point"",""coordinates"":[108.49826269020711,14.341155689444177]}"
000000000000000007e8,1,1022,0.45055452890606507,19,97,"{""type"":""Point"",""coordinates"":[108.42522707405271,14.357324389863972]}"
00000000000000000863,1,1103,0.3417924052328646,19,97,"{""type"":""Point"",""coordinates"":[108.40851882240547,14.497193012607406]}"
00000000000000000b29,1,774,0.4416921813318434,19,97,"{""type"":""Point"",""coordinates"":[108.47346562924889,14.215837113438132]}"
00000000000000000bde,1,744,0.20698373686926597,19,97,"{""type"":""Point"",""coordinates"":[108.48155443855985,14.272432024008467]}"
0000000000000000074b,1,739,0.1273439464316377,20,97,"{""type"":""Point"",""coordinates"":[108.5877345528445,14.30477388394911]}"
0000000000000000076e,1,864,0.15901975981234284,20,97,"{""type"":""Point"",""coordinates"":[108.47131188344008,14.235782672450197]}"
00000000000000000810,1,765,0.3712318715465073,20,97,"{""type"":""Point"",""coordinates"":[108.4554107290835,14.230119614112317]}"
0000000000000000093a,1,898,0.251361081490867,20,97,"{""type"":""Point"",""coordinates"":[108.33386901166972,14.372685992993095]}"
0000000000000000097a,1,676,0.695771113332605,20,97,"{""type"":""Point"",""coordinates"":[108.56401659434123,14.234164018767796]}"
00000000000000000aad,1,1008,0.14521179922618854,21,97,"{""type"":""Point"",""coordinates"":[108.4438215254456,14.390468887994235]}"
00000000000000000710,1,1010,0.23352663395854012,22,97,"{""type"":""Point"",""coordinates"":[108.45379653450215,14.426043596198625]}"
000000000000000008ec,1,706,0.09524402018572908,22,97,"{""type"":""Point"",""coordinates"":[108.45298497811044,14.364329637618932]}"
00000000000000000984,1,780,0.1906605712387841,22,97,"{""type"":""Point"",""coordinates"":[108.43223678090874,14.224461014875498]}"
0000000000000000084e,1,1112,0.521535478150836,23,97,"{""type"":""Point"",""coordinates"":[108.41902892358844,14.485603808969504]}"
00000000000000000b83,1,890,0.6845423730668361,24,97,"{""type"":""Point"",""coordinates"":[108.46376708445766,14.194009813781514]}"
00000000000000000be0,1,934,0.1372113682153805,24,97,"{""type"":""Point"",""coordinates"":[108.43142522451703,14.382384537784338]}"
00000000000000000aa6,1,772,0.6717714099039725,25,97,"{""type"":""Point"",""coordinates"":[108.49987688478845,14.348160937199138]}"
00000000000000000c34,1,706,0.592345032302213,27,97,"{""type"":""Point"",""coordinates"":[108.42037557210656,14.217188221057327]}"
00000000000000000bd1,1,754,0.012677807900460691,28,97,"{""type"":""Point"",""coordinates"":[108.49071343212363,14.183227707434284]}"
000000000000000009c1,1,886,0.31565518607174425,30,97,"{""type"":""Point"",""coordinates"":[108.46592083026648,14.220688615384281]}"
000000000000000009e7,1,700,0.30639464128161076,35,97,"{""type"":""Point"",""coordinates"":[108.45891558251151,14.149271652912295]}"
00000000000000000b8f,1,827,0.7626745426315591,39,97,"{""type"":""Point"",""coordinates"":[108.445440179128,14.368913593501878]}"
00000000000000000990,1,745,0.19177175123210854,2,98,"{""type"":""Point"",""coordinates"":[108.52008998986373,14.278362628409552]}"
0000000000000000067b,1,851,0.04280009410207364,3,98,"{""type"":""Point"",""coordinates"":[108.45487117785603,14.19481691107219]}"
000000000000000006a2,1,872,0.027396426455903344,4,98,"{""type"":""Point"",""coordinates"":[108.47966823881426,14.353279985208497]}"
000000000000000006f0,1,790,0.46694434327626044,4,98,"{""type"":""Point"",""coordinates"":[108.574259149461,14.321482135596373]}"
0000000000000000097e,1,1086,0.03422148133212022,4,98,"{""type"":""Point"",""coordinates"":[108.41283077312416,14.441677204492006]}"
00000000000000000c1b,1,651,0.42190330029625966,6,98,"{""type"":""Point"",""coordinates"":[108.48586638927854,14.236589769740869]}"
00000000000000000682,1,886,0.38455434271556865,7,98,"{""type"":""Point"",""coordinates"":[108.57048674996977,14.355977741345828]}"
00000000000000000955,1,1212,0.45294757109467143,7,98,"{""type"":""Point"",""coordinates"":[108.37806762131147,14.50823820591679]}"
00000000000000000c57,1,997,0.4905758363163387,7,98,"{""type"":""Point"",""coordinates"":[108.46592083026647,14.426315601362889]}"
00000000000000000c74,1,673,0.4091402838399756,7,98,"{""type"":""Point"",""coordinates"":[108.43331142426261,14.268120073289785]}"
000000000000000008b4,1,771,0.33441678876022163,8,98,"{""type"":""Point"",""coordinates"":[108.62303725588463,14.267040970834854]}"
00000000000000000a09,1,1098,0.672001043905952,8,98,"{""type"":""Point"",""coordinates"":[108.42037557210656,14.440058550809605]}"
00000000000000000ab1,1,1114,0.794097465364268,9,98,"{""type"":""Point"",""coordinates"":[108.3980087212225,14.433053303054644]}"
00000000000000000ae2,1,719,0.23266373027714482,9,98,"{""type"":""Point"",""coordinates"":[108.59473980059947,14.288600724428264]}"
00000000000000000b88,1,1164,0.43695926149755104,10,98,"{""type"":""Point"",""coordinates"":[108.39288967321313,14.48533180380524]}"
000000000000000006c1,1,729,0.3384614357348712,11,98,"{""type"":""Point"",""coordinates"":[108.4710443373769,14.278630174472758]}"
000000000000000006ed,1,871,0.4518441431630449,11,98,"{""type"":""Point"",""coordinates"":[108.55512514684065,14.416073046243119]}"
00000000000000000b0a,1,1124,0.588047740386509,11,98,"{""type"":""Point"",""coordinates"":[108.42334087430712,14.51470836154534]}"
00000000000000000865,1,684,0.0331844723058311,12,98,"{""type"":""Point"",""coordinates"":[108.44894503255601,14.274590228918335]}"
00000000000000000a95,1,713,0.007122423123449573,12,98,"{""type"":""Point"",""coordinates"":[108.41579607532469,14.217995318348002]}"
000000000000000006a3,1,635,0.06965804528947195,14,98,"{""type"":""Point"",""coordinates"":[108.43466253188181,14.258689074561747]}"
00000000000000000b14,1,678,0.17768995177596025,14,98,"{""type"":""Point"",""coordinates"":[108.61522045173795,14.265966327480973]}"
000000000000000007f1,1,1003,0.22884385059444323,15,98,"{""type"":""Point"",""coordinates"":[108.42819237625326,14.407181598742545]}"
00000000000000000ba3,1,1036,0.38972367864594515,16,98,"{""type"":""Point"",""coordinates"":[108.46080178225712,14.43763279983653]}"
0000000000000000068b,1,675,0.2277984540874023,17,98,"{""type"":""Point"",""coordinates"":[108.47966823881426,14.165444812433137]}"
0000000000000000093e,1,1127,0.6807546711820249,17,98,"{""type"":""Point"",""coordinates"":[108.42172667972578,14.501232958161832]}"
00000000000000000a7a,1,784,0.4790318530549098,17,98,"{""type"":""Point"",""coordinates"":[108.45514318302028,14.210450519365567]}"
00000000000000000b67,1,1018,0.5616933967595731,17,98,"{""type"":""Point"",""coordinates"":[108.45406408056536,14.42577605013542]}"
00000000000000000b42,1,721,0.5409977995587596,19,98,"{""type"":""Point"",""coordinates"":[108.42091512333404,14.217995318348002]}"
00000000000000000803,1,1071,0.6722763982638317,20,98,"{""type"":""Point"",""coordinates"":[108.47481673686809,14.493416154015136]}"
00000000000000000722,1,739,0.1115713831723959,21,98,"{""type"":""Point"",""coordinates"":[108.62438390440278,14.257070420879348]}"
00000000000000000a31,1,884,0.1575256157668634,21,98,"{""type"":""Point"",""coordinates"":[108.55593224413133,14.356784838636502]}"
000000000000000009ad,1,905,0.1423523257777547,23,98,"{""type"":""Point"",""coordinates"":[108.4516383295923,14.19724266204526]}"
00000000000000000b3d,1,731,0.2898724586631227,34,98,"{""type"":""Point"",""coordinates"":[108.48855968631482,14.280788379382622]}"
00000000000000000b6f,1,769,0.3761266882565868,35,98,"{""type"":""Point"",""coordinates"":[108.42064757727083,14.204252368901278]}"
00000000000000000680,1,833,0.26201980053751805,44,98,"{""type"":""Point"",""coordinates"":[108.44463308183731,14.369988236855754]}"
00000000000000000834,1,709,0.013087336614110212,1,100,"{""type"":""Point"",""coordinates"":[108.4193009287527,14.21017851420131]}"
000000000000000006ae,1,721,0.5134948485142533,2,100,"{""type"":""Point"",""coordinates"":[108.47804958513184,14.277551072017824]}"
00000000000000000772,1,680,0.3822057485128387,2,100,"{""type"":""Point"",""coordinates"":[108.54488259172089,14.253837572615598]}"
00000000000000000a53,1,916,0.7162301849518176,2,100,"{""type"":""Point"",""coordinates"":[108.40312776923184,14.385621845149142]}"
0000000000000000066c,1,656,0.46807273818942263,3,100,"{""type"":""Point"",""coordinates"":[108.48101488733239,14.191316516745234]}"
000000000000000009d8,1,870,0.7570929422569787,3,100,"{""type"":""Point"",""coordinates"":[108.48155443855985,14.35112623939968]}"
00000000000000000abf,1,869,0.31872140741667765,3,100,"{""type"":""Point"",""coordinates"":[108.43115767845381,14.384810288757409]}"
00000000000000000c73,1,734,0.09011943027474922,3,100,"{""type"":""Point"",""coordinates"":[108.53410494447472,14.251411821642524]}"
00000000000000000842,1,755,0.18728365792037915,4,100,"{""type"":""Point"",""coordinates"":[108.45891558251151,14.258956620624955]}"
00000000000000000b5d,1,754,0.41044965019388957,4,100,"{""type"":""Point"",""coordinates"":[108.502842186989,14.21017851420131]}"
00000000000000000778,1,645,0.515120192353278,5,100,"{""type"":""Point"",""coordinates"":[108.50931234261755,14.178648210652396]}"
00000000000000000891,1,1065,0.49951862097124033,5,100,"{""type"":""Point"",""coordinates"":[108.42172667972578,14.376458392484308]}"
000000000000000006bb,1,790,0.30077103700464836,6,100,"{""type"":""Point"",""coordinates"":[108.4950253828423,14.321482135596373]}"
0000000000000000076c,1,843,0.7981032429969388,6,100,"{""type"":""Point"",""coordinates"":[108.46942568369447,14.285367876164512]}"
00000000000000000840,1,880,0.015851072541131273,6,100,"{""type"":""Point"",""coordinates"":[108.5583579951044,14.367562485882681]}"
000000000000000008ee,1,739,0.22952730713749492,6,100,"{""type"":""Point"",""coordinates"":[108.5467687914665,14.264615219861776]}"
00000000000000000675,1,694,0.18836004215102542,7,100,"{""type"":""Point"",""coordinates"":[108.59554689789015,14.272971575235937]}"
0000000000000000077b,1,959,0.3211173795352834,7,100,"{""type"":""Point"",""coordinates"":[108.46592083026648,14.385621845149142]}"
0000000000000000079b,1,716,0.1489918565077718,7,100,"{""type"":""Point"",""coordinates"":[108.52898143736431,14.272971575235934]}"
000000000000000007a0,1,844,0.30917760720374976,7,100,"{""type"":""Point"",""coordinates"":[108.56401659434123,14.36675538859201]}"
0000000000000000087a,1,775,0.47258350599174037,7,100,"{""type"":""Point"",""coordinates"":[108.45137078352907,14.237129320968336]}"
000000000000000008f6,1,783,0.6810766544380688,7,100,"{""type"":""Point"",""coordinates"":[108.45137078352907,14.237668872195801]}"
00000000000000000b25,1,694,0.3181361914593025,7,100,"{""type"":""Point"",""coordinates"":[108.59851220009068,14.271892472781]}"
00000000000000000c1d,1,948,0.5499073687502866,7,100,"{""type"":""Point"",""coordinates"":[108.44894503255601,14.391547990449167]}"
000000000000000008b1,1,693,0.28962864354506346,8,100,"{""type"":""Point"",""coordinates"":[108.60713610152806,14.259768177016682]}"
00000000000000000946,1,644,0.6038093267896079,8,100,"{""type"":""Point"",""coordinates"":[108.50931234261755,14.178380664589184]}"
000000000000000006b3,1,717,0.7907117811605417,9,100,"{""type"":""Point"",""coordinates"":[108.41714272384283,14.207485217165026]}"
000000000000000006e5,1,605,0.312189140685875,9,100,"{""type"":""Point"",""coordinates"":[108.44651928158292,14.28105592544583]}"
000000000000000007b5,1,639,0.31904364919943984,9,100,"{""type"":""Point"",""coordinates"":[108.46376708445766,14.14846455562162]}"
00000000000000000884,1,772,0.2908645559775852,9,100,"{""type"":""Point"",""coordinates"":[108.62815630389399,14.306927629757924]}"
00000000000000000bdd,1,602,0.16320579542630098,9,100,"{""type"":""Point"",""coordinates"":[108.48963878876975,14.285367876164512]}"
00000000000000000798,1,652,0.2386032049230965,10,100,"{""type"":""Point"",""coordinates"":[108.58557634793463,14.253298021388133]}"
000000000000000006eb,1,788,0.4130116162711859,11,100,"{""type"":""Point"",""coordinates"":[108.45244542688296,14.264887225026039]}"
00000000000000000a87,1,799,0.44081535324033716,11,100,"{""type"":""Point"",""coordinates"":[108.51362429333624,14.341690781570591]}"
00000000000000000c25,1,532,0.48896778283877573,11,100,"{""type"":""Point"",""coordinates"":[108.53679824151101,14.180534410398005]}"
000000000000000007d2,1,749,0.5532345614027598,12,100,"{""type"":""Point"",""coordinates"":[108.56024419485,14.273239121299143]}"
000000000000000009c6,1,846,0.3772433112844319,12,100,"{""type"":""Point"",""coordinates"":[108.56213039459563,14.361636340582653]}"
00000000000000000acb,1,881,0.11380241120886536,12,100,"{""type"":""Point"",""coordinates"":[108.42738527896259,14.279437271763431]}"
00000000000000000be8,1,711,0.6658730191635407,12,100,"{""type"":""Point"",""coordinates"":[108.55081319612196,14.27512532104475]}"
00000000000000000b26,1,792,0.5078888266678792,13,100,"{""type"":""Point"",""coordinates"":[108.57318004700606,14.306927629757924]}"
00000000000000000b27,1,1015,0.645186590136435,13,100,"{""type"":""Point"",""coordinates"":[108.4276528250258,14.406909593578286]}"
00000000000000000685,1,756,0.36167881030742877,14,100,"{""type"":""Point"",""coordinates"":[108.45864357734725,14.26434767379857]}"
00000000000000000720,1,1045,0.15183987142251487,14,100,"{""type"":""Point"",""coordinates"":[108.3998949209681,14.412300646751904]}"
000000000000000008f7,1,709,0.7474995173117801,14,100,"{""type"":""Point"",""coordinates"":[108.5265601454923,14.268659624517252]}"
00000000000000000a0d,1,650,0.015374076313064977,14,100,"{""type"":""Point"",""coordinates"":[108.48855968631482,14.19940086695513]}"
00000000000000000c60,1,733,0.21838296363744714,14,100,"{""type"":""Point"",""coordinates"":[108.5365306954478,14.132835406429292]}"
0000000000000000085d,1,707,0.3359257450493387,15,100,"{""type"":""Point"",""coordinates"":[108.4438215254456,14.260842820370561]}"
00000000000000000b69,1,802,0.26086616488452374,15,100,"{""type"":""Point"",""coordinates"":[108.51874334134558,14.334417987752422]}"
00000000000000000bfe,1,848,0.7376794727733679,15,100,"{""type"":""Point"",""coordinates"":[108.59824465402748,14.362982989100795]}"
00000000000000000a82,1,886,0.7060046761909341,16,100,"{""type"":""Point"",""coordinates"":[108.42010802604338,14.385621845149142]}"
00000000000000000aed,1,874,0.5675200832755793,16,100,"{""type"":""Point"",""coordinates"":[108.32497756416915,14.3910084392217]}"
00000000000000000b48,1,634,0.6474229412111255,16,100,"{""type"":""Point"",""coordinates"":[108.48451528165936,14.147657458330947]}"
00000000000000000b6c,1,576,0.055715263161280504,16,100,"{""type"":""Point"",""coordinates"":[108.52817434007362,14.228772965594178]}"
0000000000000000081d,1,618,0.25468521569187375,18,100,"{""type"":""Point"",""coordinates"":[108.50068844118019,14.206138568646887]}"
00000000000000000af9,1,797,0.36697199936195457,18,100,"{""type"":""Point"",""coordinates"":[108.49691158258793,14.34816093719914]}"
000000000000000007cf,1,993,0.6561007191948502,19,100,"{""type"":""Point"",""coordinates"":[108.47643093144944,14.4104144470063]}"
000000000000000008c1,1,735,0.2473449685597513,19,100,"{""type"":""Point"",""coordinates"":[108.4357371752357,14.255723772361206]}"
00000000000000000be6,1,677,0.6366744834567725,19,100,"{""type"":""Point"",""coordinates"":[108.43358342942687,14.282942125191438]}"
000000000000000006c5,1,744,0.2710565392356934,20,100,"{""type"":""Point"",""coordinates"":[108.45352452933788,14.389122239476093]}"
000000000000000007c7,1,765,0.6989915347575829,20,100,"{""type"":""Point"",""coordinates"":[108.51011943990822,14.32309633017772]}"
00000000000000000adb,1,694,0.660873673471028,20,100,"{""type"":""Point"",""coordinates"":[108.48155443855985,14.233624467540327]}"
0000000000000000099a,1,707,0.32239881782463387,21,100,"{""type"":""Point"",""coordinates"":[108.55000609883129,14.276204423499685]}"
00000000000000000860,1,837,0.17620964191671995,22,100,"{""type"":""Point"",""coordinates"":[108.46861858640382,14.212064713946917]}"
00000000000000000a76,1,664,0.6874741303127127,23,100,"{""type"":""Point"",""coordinates"":[108.4777775799676,14.210718065428777]}"
00000000000000000a88,1,754,0.4069737513292002,26,100,"{""type"":""Point"",""coordinates"":[108.47777757996758,14.20856431961996]}"
000000000000000009c9,1,636,0.02121104403417895,27,100,"{""type"":""Point"",""coordinates"":[108.45406408056536,14.294259323665083]}"
00000000000000000a00,1,673,0.19425869776967264,27,100,"{""type"":""Point"",""coordinates"":[108.45433162662857,14.36837404227441]}"
00000000000000000bea,1,738,0.5409527845661757,28,100,"{""type"":""Point"",""coordinates"":[108.43789538014558,14.258149523334282]}"
00000000000000000c2e,1,695,0.6728742089421024,28,100,"{""type"":""Point"",""coordinates"":[108.53625869028353,14.129063006938074]}"
