system:index,defo,elevation,rand,slope,treecover2000,.geo
0,0,1333,0.6237533568138378,28,90,"{""geodesic"":false,""type"":""Point"",""coordinates"":[108.3839955626118,14.402867792615545]}"
1,0,1153,0.2555607954724173,7,98,"{""geodesic"":false,""type"":""Point"",""coordinates"":[108.38830747597558,14.454610752980834]}"
2,0,920,0.7370170788060728,17,90,"{""geodesic"":false,""type"":""Point"",""coordinates"":[108.33521704268412,14.345734940545547]}"
3,0,1058,0.1942456641712248,5,97,"{""geodesic"":false,""type"":""Point"",""coordinates"":[108.48828996709807,14.473205879362105]}"
4,0,1551,0.12555553228363803,8,97,"{""geodesic"":false,""type"":""Point"",""coordinates"":[108.37914466007754,14.294530969350731]}"
5,0,952,0.2473164581289342,17,97,"{""geodesic"":false,""type"":""Point"",""coordinates"":[108.55647209716273,14.567528984194652]}"
8,0,1044,0.1236507799245048,18,98,"{""geodesic"":false,""type"":""Point"",""coordinates"":[108.46053202481875,14.445986926253283]}"
10,0,812,0.2563406988348701,10,98,"{""geodesic"":false,""type"":""Point"",""coordinates"":[108.59393184451051,14.341692521767008]}"
12,0,526,0.3642911544218108,6,54,"{""geodesic"":false,""type"":""Point"",""coordinates"":[108.50095621260414,14.255723749076772]}"
13,0,721,0.7338472884377093,4,97,"{""geodesic"":false,""type"":""Point"",""coordinates"":[108.53410404658814,14.262461113707666]}"
14,0,816,0.101625228290666,13,97,"{""geodesic"":false,""type"":""Point"",""coordinates"":[108.61198798172131,14.478865265652061]}"
15,0,723,0.33224376684819334,26,90,"{""geodesic"":false,""type"":""Point"",""coordinates"":[108.51766487688877,14.103189813833275]}"
16,0,733,0.595475901287922,9,100,"{""geodesic"":false,""type"":""Point"",""coordinates"":[108.41175350489107,14.218802990899455]}"
17,0,850,0.49417594043778823,20,89,"{""geodesic"":false,""type"":""Point"",""coordinates"":[108.46295747608588,14.177839813943606]}"
18,0,725,0.5545956666209308,13,97,"{""geodesic"":false,""type"":""Point"",""coordinates"":[108.63246957019925,14.249525373616343]}"
19,0,887,0.3030323463122242,29,100,"{""geodesic"":false,""type"":""Point"",""coordinates"":[108.47508473242152,14.245213460252572]}"
20,0,1016,0.7950346041542684,7,97,"{""geodesic"":false,""type"":""Point"",""coordinates"":[108.54703978667948,14.512282594221304]}"
21,0,738,0.5141633095247656,15,95,"{""geodesic"":false,""type"":""Point"",""coordinates"":[108.64055440775633,14.235242160598844]}"
22,0,993,0.49448808245423603,8,97,"{""geodesic"":false,""type"":""Point"",""coordinates"":[108.56779086974262,14.521445410119327]}"
23,0,1013,0.18060462417791456,11,97,"{""geodesic"":false,""type"":""Point"",""coordinates"":[108.53194808990628,14.31285660114677]}"
24,0,828,0.19919343510224874,5,89,"{""geodesic"":false,""type"":""Point"",""coordinates"":[108.48343906456381,14.281864723844649]}"
26,0,572,0.18796398841381323,19,87,"{""geodesic"":false,""type"":""Point"",""coordinates"":[108.51901234981494,14.175144868091245]}"
27,0,759,0.20168495499423,8,100,"{""geodesic"":false,""type"":""Point"",""coordinates"":[108.3376424939512,14.444100464156634]}"
28,0,782,0.5070866319762681,22,76,"{""geodesic"":false,""type"":""Point"",""coordinates"":[108.53410404658814,14.12690533733403]}"
29,0,1478,0.2576588798119194,21,94,"{""geodesic"":false,""type"":""Point"",""coordinates"":[108.36540043623052,14.369180969461063]}"
30,0,933,0.05647409658001057,12,97,"{""geodesic"":false,""type"":""Point"",""coordinates"":[108.54299736790097,14.437363099525733]}"
32,0,1028,0.14690179155483263,4,98,"{""geodesic"":false,""type"":""Point"",""coordinates"":[108.46753888403492,14.411222124757856]}"
33,0,1230,0.6020364668454982,11,97,"{""geodesic"":false,""type"":""Point"",""coordinates"":[108.44517083346034,14.548394868642909]}"
34,0,870,0.09614333309272949,13,91,"{""geodesic"":false,""type"":""Point"",""coordinates"":[108.47050332447247,14.255454254491532]}"
35,0,892,0.21035314361901536,11,97,"{""geodesic"":false,""type"":""Point"",""coordinates"":[108.59177588782865,14.51955894802267]}"
37,0,913,0.6966340033424363,6,97,"{""geodesic"":false,""type"":""Point"",""coordinates"":[108.57075531018023,14.56321707083088]}"
38,0,1045,0.5146807567035093,21,98,"{""geodesic"":false,""type"":""Point"",""coordinates"":[108.48290007539333,14.491262016572911]}"
39,0,1206,0.022004584362736668,36,97,"{""geodesic"":false,""type"":""Point"",""coordinates"":[108.31015404625714,14.421193424411584]}"
40,0,1132,0.27165650389775875,12,75,"{""geodesic"":false,""type"":""Point"",""coordinates"":[108.43924195258512,14.513360572562249]}"
41,0,1172,0.026791680661917727,23,76,"{""geodesic"":false,""type"":""Point"",""coordinates"":[108.41444845074346,14.514977540073666]}"
42,0,835,0.08976854100196674,14,90,"{""geodesic"":false,""type"":""Point"",""coordinates"":[108.43034863127235,14.336302630062292]}"
43,0,1052,0.38398877354728644,25,90,"{""geodesic"":false,""type"":""Point"",""coordinates"":[108.42226379371527,14.404484760126962]}"
44,0,983,0.19300631085624953,9,98,"{""geodesic"":false,""type"":""Point"",""coordinates"":[108.48101361329668,14.410413641002151]}"
45,0,707,0.18258073013748144,3,97,"{""geodesic"":false,""type"":""Point"",""coordinates"":[108.62761866766499,14.199938369932944]}"
46,0,975,0.4914314514998903,34,95,"{""geodesic"":false,""type"":""Point"",""coordinates"":[108.4691558515463,14.139841077425352]}"
47,0,930,0.4435428617955699,12,91,"{""geodesic"":false,""type"":""Point"",""coordinates"":[108.52467173610489,14.308275193197758]}"
48,0,990,0.42296612047380666,15,98,"{""geodesic"":false,""type"":""Point"",""coordinates"":[108.54973473253182,14.317976998266253]}"
51,0,1074,0.6396315882622261,22,87,"{""geodesic"":false,""type"":""Point"",""coordinates"":[108.47724068910338,14.120706961873601]}"
52,0,918,0.382496034151667,10,98,"{""geodesic"":false,""type"":""Point"",""coordinates"":[108.56401794554932,14.459192160929838]}"
53,0,1137,0.6152946308991014,9,97,"{""geodesic"":false,""type"":""Point"",""coordinates"":[108.3839955626118,14.4408665291338]}"
55,0,784,0.4137283588619586,11,45,"{""geodesic"":false,""type"":""Point"",""coordinates"":[108.46268798150066,14.25114234112776]}"
56,0,1107,0.36041756833684013,19,97,"{""geodesic"":false,""type"":""Point"",""coordinates"":[108.4688863569611,14.520097937193142]}"
57,0,568,0.46612942300873594,14,81,"{""geodesic"":false,""type"":""Point"",""coordinates"":[108.56779086974262,14.12879179943068]}"
58,0,963,0.011245575902765426,29,97,"{""geodesic"":false,""type"":""Point"",""coordinates"":[108.5163174039626,14.297764904373565]}"
59,0,789,0.5085333965428428,4,100,"{""geodesic"":false,""type"":""Point"",""coordinates"":[108.56320946179363,14.316629525340069]}"
61,0,801,0.179194847074732,8,90,"{""geodesic"":false,""type"":""Point"",""coordinates"":[108.44867426306837,14.246021944008277]}"
62,0,1058,0.5824073674481655,7,98,"{""geodesic"":false,""type"":""Point"",""coordinates"":[108.43304357712469,14.412839092269273]}"
63,0,1122,0.669043602693738,34,97,"{""geodesic"":false,""type"":""Point"",""coordinates"":[108.34491884775258,14.30261580690781]}"
64,0,1066,0.07736200411779515,32,97,"{""geodesic"":false,""type"":""Point"",""coordinates"":[108.49017642919472,14.482099200674888]}"
65,0,712,0.15748619845260192,9,98,"{""geodesic"":false,""type"":""Point"",""coordinates"":[108.63085260268781,14.249794868201583]}"
67,0,1032,0.033965108707768366,9,97,"{""geodesic"":false,""type"":""Point"",""coordinates"":[108.52871415488346,14.527104796409276]}"
68,0,1001,0.5447097766613128,16,86,"{""geodesic"":false,""type"":""Point"",""coordinates"":[108.48936794543903,14.106693243441342]}"
69,0,1251,0.22149087415776425,8,97,"{""geodesic"":false,""type"":""Point"",""coordinates"":[108.3839955626118,14.572649381314136]}"
70,0,902,0.740406292898647,21,98,"{""geodesic"":false,""type"":""Point"",""coordinates"":[108.33818148312167,14.406640716808852]}"
71,0,1128,0.38079641715954793,8,97,"{""geodesic"":false,""type"":""Point"",""coordinates"":[108.42307227747096,14.47024143892451]}"
72,0,902,0.22423790499413743,12,97,"{""geodesic"":false,""type"":""Point"",""coordinates"":[108.42630621249384,14.308005698612526]}"
73,0,1045,0.015968381879667093,8,97,"{""geodesic"":false,""type"":""Point"",""coordinates"":[108.4936798588028,14.093488008764787]}"
74,0,1277,0.08156024774426929,36,95,"{""geodesic"":false,""type"":""Point"",""coordinates"":[108.33198310766124,14.271354435020449]}"
75,0,1477,0.40803287416277045,26,97,"{""geodesic"":false,""type"":""Point"",""coordinates"":[108.36135801745195,14.266234037900965]}"
76,0,1471,0.11453901076166151,18,92,"{""geodesic"":false,""type"":""Point"",""coordinates"":[108.35057823404253,14.231738730990777]}"
77,0,1059,0.6382701743847043,12,97,"{""geodesic"":false,""type"":""Point"",""coordinates"":[108.48990693460945,14.470780428094983]}"
78,0,517,0.3728755928346953,5,55,"{""geodesic"":false,""type"":""Point"",""coordinates"":[108.52979213322436,14.198321402421534]}"
79,0,1052,0.7268817463791596,4,89,"{""geodesic"":false,""type"":""Point"",""coordinates"":[108.42522823415288,14.455419236736539]}"
80,0,1213,0.5900712439099568,31,97,"{""geodesic"":false,""type"":""Point"",""coordinates"":[108.41390946157298,14.299112377299743]}"
81,0,929,0.7677596239887268,7,97,"{""geodesic"":false,""type"":""Point"",""coordinates"":[108.51604790937733,14.477787287311116]}"
82,0,849,0.15749298742084172,3,94,"{""geodesic"":false,""type"":""Point"",""coordinates"":[108.61333545464748,14.326870319579037]}"
83,0,666,0.6296326301587121,14,99,"{""geodesic"":false,""type"":""Point"",""coordinates"":[108.55647209716273,14.225001366359884]}"
86,0,1147,0.22095136507899904,30,97,"{""geodesic"":false,""type"":""Point"",""coordinates"":[108.41067552655011,14.167060030534174]}"
87,0,927,0.7394631138177373,10,97,"{""geodesic"":false,""type"":""Point"",""coordinates"":[108.59258437158434,14.54057952567107]}"
89,0,822,0.471202500717935,13,91,"{""geodesic"":false,""type"":""Point"",""coordinates"":[108.60956253045418,14.322827900800498]}"
90,0,649,0.20077625559784273,11,87,"{""geodesic"":false,""type"":""Point"",""coordinates"":[108.54030242204857,14.224731871774644]}"
91,0,792,0.20782780771409048,28,90,"{""geodesic"":false,""type"":""Point"",""coordinates"":[108.49233238587658,14.316360030754836]}"
93,0,1039,0.31913217710727637,6,97,"{""geodesic"":false,""type"":""Point"",""coordinates"":[108.56320946179363,14.49692140286286]}"
96,0,1112,0.3426541625858355,13,97,"{""geodesic"":false,""type"":""Point"",""coordinates"":[108.43735549048847,14.480482233163471]}"
97,0,1268,0.38701986239827213,16,98,"{""geodesic"":false,""type"":""Point"",""coordinates"":[108.41444845074346,14.552437287421448]}"
98,0,776,0.4001723650814003,7,62,"{""geodesic"":false,""type"":""Point"",""coordinates"":[108.59824375787429,14.34600443513078]}"
101,0,701,0.4234582206590384,7,97,"{""geodesic"":false,""type"":""Point"",""coordinates"":[108.57452823437353,14.22850479596795]}"
102,0,880,0.43354233918611274,7,98,"{""geodesic"":false,""type"":""Point"",""coordinates"":[108.59716577953333,14.397477900910829]}"
103,0,855,0.38924024344426544,14,99,"{""geodesic"":false,""type"":""Point"",""coordinates"":[108.38857697056079,14.190506059449689]}"
104,0,899,0.21692143011098197,5,98,"{""geodesic"":false,""type"":""Point"",""coordinates"":[108.58773346905008,14.437363099525733]}"
105,0,937,0.1981734748376135,12,97,"{""geodesic"":false,""type"":""Point"",""coordinates"":[108.57722318022587,14.538423568989181]}"
106,0,852,0.22977219265964055,8,97,"{""geodesic"":false,""type"":""Point"",""coordinates"":[108.44705729555699,14.313934579487714]}"
107,0,1076,0.7942114178716561,7,97,"{""geodesic"":false,""type"":""Point"",""coordinates"":[108.5098495339169,14.51120461588036]}"
108,0,1195,0.18659085402364006,30,98,"{""geodesic"":false,""type"":""Point"",""coordinates"":[108.3546206528211,14.436554615770028]}"
109,0,1189,0.7037345089061611,10,90,"{""geodesic"":false,""type"":""Point"",""coordinates"":[108.43439105005086,14.537884579818709]}"
110,0,1067,0.2939277045497961,6,97,"{""geodesic"":false,""type"":""Point"",""coordinates"":[108.52197679025255,14.51955894802267]}"
114,0,1061,0.7435250772442147,45,90,"{""geodesic"":false,""type"":""Point"",""coordinates"":[108.31473545420619,14.419845951485406]}"
115,0,687,0.5055377082963916,10,97,"{""geodesic"":false,""type"":""Point"",""coordinates"":[108.63543401063686,14.191853532375873]}"
116,0,663,0.6129021991234436,9,92,"{""geodesic"":false,""type"":""Point"",""coordinates"":[108.54326686248618,14.211526637098089]}"
117,0,784,0.6963514155904982,6,90,"{""geodesic"":false,""type"":""Point"",""coordinates"":[108.4473267901422,14.24278800898545]}"
120,0,707,0.043513274395191814,5,98,"{""geodesic"":false,""type"":""Point"",""coordinates"":[108.65402913701809,14.198051907836295]}"
121,0,1477,0.2899485724233928,15,97,"{""geodesic"":false,""type"":""Point"",""coordinates"":[108.34411036399689,14.231469236405545]}"
122,0,735,0.7541158003629554,6,98,"{""geodesic"":false,""type"":""Point"",""coordinates"":[108.41202299947633,14.20371129412625]}"
123,0,1033,0.050968386824334466,12,97,"{""geodesic"":false,""type"":""Point"",""coordinates"":[108.48101361329668,14.478595771066821]}"
124,0,988,0.15873697850367796,20,90,"{""geodesic"":false,""type"":""Point"",""coordinates"":[108.39181090558361,14.381847214967152]}"
125,0,954,0.5731198925405296,4,97,"{""geodesic"":false,""type"":""Point"",""coordinates"":[108.5095800393317,14.4370936049405]}"
126,0,1097,0.7333516603168444,8,97,"{""geodesic"":false,""type"":""Point"",""coordinates"":[108.39342787309505,14.425235843190123]}"
128,0,1041,0.3786685556357757,1,97,"{""geodesic"":false,""type"":""Point"",""coordinates"":[108.56428744013459,14.514169056317954]}"
129,0,771,0.2717311420579759,5,97,"{""geodesic"":false,""type"":""Point"",""coordinates"":[108.64621379404628,14.288602088475542]}"
131,0,655,0.7096999178437468,13,89,"{""geodesic"":false,""type"":""Point"",""coordinates"":[108.50149520177462,14.121515445629313]}"
132,0,1279,0.014502703836110076,41,91,"{""geodesic"":false,""type"":""Point"",""coordinates"":[108.39747029187356,14.277013821310405]}"
134,0,655,0.4177086395235492,9,70,"{""geodesic"":false,""type"":""Point"",""coordinates"":[108.66022751247851,14.154393785028084]}"
135,0,624,0.5165423268061168,6,90,"{""geodesic"":false,""type"":""Point"",""coordinates"":[108.53302606824724,14.170024470971768]}"
136,0,825,0.061844998673793894,27,97,"{""geodesic"":false,""type"":""Point"",""coordinates"":[108.46268798150066,14.35274179976168]}"
138,0,1263,0.4657005168312227,13,89,"{""geodesic"":false,""type"":""Point"",""coordinates"":[108.40312967816351,14.585046132234986]}"
140,0,909,0.7389670609225166,6,95,"{""geodesic"":false,""type"":""Point"",""coordinates"":[108.49233238587658,14.362443604830169]}"
143,0,661,0.6166945779046219,13,89,"{""geodesic"":false,""type"":""Point"",""coordinates"":[108.48748148334238,14.203441799541011]}"
145,0,637,0.016737037566645463,5,96,"{""geodesic"":false,""type"":""Point"",""coordinates"":[108.48936794543903,14.208023207490022]}"
146,0,923,0.08109854209679968,3,95,"{""geodesic"":false,""type"":""Point"",""coordinates"":[108.52251577942303,14.4723973956064]}"
147,0,1142,0.7908665394212818,15,94,"{""geodesic"":false,""type"":""Point"",""coordinates"":[108.4254977287381,14.469971944339278]}"
148,0,961,0.7470986551965079,4,89,"{""geodesic"":false,""type"":""Point"",""coordinates"":[108.52197679025255,14.372953893654369]}"
149,0,885,0.6582428232292987,10,98,"{""geodesic"":false,""type"":""Point"",""coordinates"":[108.56994682642454,14.438710572451917]}"
150,0,994,0.6514159870440962,9,98,"{""geodesic"":false,""type"":""Point"",""coordinates"":[108.48748148334238,14.429547756553895]}"
151,0,689,0.13246351158820668,13,89,"{""geodesic"":false,""type"":""Point"",""coordinates"":[108.47912715120003,14.08136075242917]}"
153,0,1111,0.690922043881843,15,97,"{""geodesic"":false,""type"":""Point"",""coordinates"":[108.53706848702575,14.307466709442053]}"
154,0,680,0.6846169815007663,8,98,"{""geodesic"":false,""type"":""Point"",""coordinates"":[108.5977047687038,14.242249019814977]}"
155,0,1123,0.3309624814543085,6,98,"{""geodesic"":false,""type"":""Point"",""coordinates"":[108.42630621249384,14.467815987657389]}"
156,0,1091,0.006568472044784279,28,97,"{""geodesic"":false,""type"":""Point"",""coordinates"":[108.41013653737969,14.186194146085917]}"
157,0,1031,0.0430089879439155,22,95,"{""geodesic"":false,""type"":""Point"",""coordinates"":[108.34680530984923,14.455149742151306]}"
158,0,959,0.7436813999870658,10,45,"{""geodesic"":false,""type"":""Point"",""coordinates"":[108.46457444359731,14.412030608513568]}"
160,0,1098,0.49581162108195864,8,97,"{""geodesic"":false,""type"":""Point"",""coordinates"":[108.40016523772596,14.42469685401965]}"
161,0,1525,0.7911345967497759,16,95,"{""geodesic"":false,""type"":""Point"",""coordinates"":[108.33360007517268,14.229852268894128]}"
162,0,1004,0.5246505802523713,26,97,"{""geodesic"":false,""type"":""Point"",""coordinates"":[108.50257318011558,14.463234579708377]}"
164,0,1075,0.3474989332068963,20,90,"{""geodesic"":false,""type"":""Point"",""coordinates"":[108.31635242171757,14.338728081329414]}"
165,0,1118,0.7353173094166764,15,90,"{""geodesic"":false,""type"":""Point"",""coordinates"":[108.44247588760794,14.471858406435928]}"
166,0,1156,0.026002643691099614,12,72,"{""geodesic"":false,""type"":""Point"",""coordinates"":[108.42199429913006,14.51578602382937]}"
167,0,857,0.5326546490045958,15,98,"{""geodesic"":false,""type"":""Point"",""coordinates"":[108.57021632100975,14.39154902003564]}"
168,0,1480,0.5548725392140496,10,95,"{""geodesic"":false,""type"":""Point"",""coordinates"":[108.33413906434316,14.234972666013611]}"
169,0,849,0.19697198593984833,18,90,"{""geodesic"":false,""type"":""Point"",""coordinates"":[108.46107101398923,14.071658947360682]}"
170,0,1079,0.7515635675424812,14,97,"{""geodesic"":false,""type"":""Point"",""coordinates"":[108.49933924509276,14.525757323483099]}"
171,0,1206,0.7699427470734658,15,90,"{""geodesic"":false,""type"":""Point"",""coordinates"":[108.37025133876477,14.248447395275399]}"
173,0,866,0.6439490256710191,19,94,"{""geodesic"":false,""type"":""Point"",""coordinates"":[108.43951144717039,14.375648839506724]}"
174,0,817,0.09578905894780632,7,74,"{""geodesic"":false,""type"":""Point"",""coordinates"":[108.33117462390555,14.394782955058474]}"
175,0,1057,0.5242006530523136,5,97,"{""geodesic"":false,""type"":""Point"",""coordinates"":[108.45810657355162,14.502580789152816]}"
176,0,941,0.4616325102183887,19,89,"{""geodesic"":false,""type"":""Point"",""coordinates"":[108.49960873967797,14.36217411024493]}"
180,0,1041,0.2702212992946402,20,97,"{""geodesic"":false,""type"":""Point"",""coordinates"":[108.43816397424422,14.46161761219696]}"
181,0,1308,0.3521659054084759,26,97,"{""geodesic"":false,""type"":""Point"",""coordinates"":[108.3519257069687,14.379691258285263]}"
182,0,1037,0.037234108455813986,9,97,"{""geodesic"":false,""type"":""Point"",""coordinates"":[108.55189068921374,14.509857142954182]}"
184,0,1264,0.2971279880387103,34,90,"{""geodesic"":false,""type"":""Point"",""coordinates"":[108.36863437125334,14.49503494076621]}"
186,0,843,0.5995025092030994,13,98,"{""geodesic"":false,""type"":""Point"",""coordinates"":[108.43331307170996,14.324714362897147]}"
188,0,1138,0.3672214844832211,12,92,"{""geodesic"":false,""type"":""Point"",""coordinates"":[108.43762498507374,14.17218042765365]}"
189,0,830,0.23882301890943003,12,97,"{""geodesic"":false,""type"":""Point"",""coordinates"":[108.62465422722738,14.338997575914647]}"
190,0,976,0.5699838434137617,5,91,"{""geodesic"":false,""type"":""Point"",""coordinates"":[108.49044592377993,14.49314847866956]}"
191,0,1151,0.10107291342602132,6,97,"{""geodesic"":false,""type"":""Point"",""coordinates"":[108.39073292724271,14.465929525560739]}"
192,0,723,0.002495695141446097,17,95,"{""geodesic"":false,""type"":""Point"",""coordinates"":[108.52979213322436,14.243865987326394]}"
194,0,1214,0.18892375251280746,1,95,"{""geodesic"":false,""type"":""Point"",""coordinates"":[108.41229249406155,14.521984399289792]}"
196,0,829,0.03688407864898613,19,74,"{""geodesic"":false,""type"":""Point"",""coordinates"":[108.44031993092608,14.24440497649686]}"
197,0,928,0.4221032534405378,5,97,"{""geodesic"":false,""type"":""Point"",""coordinates"":[108.54057191663384,14.430356240309607]}"
198,0,898,0.3997338203681533,10,97,"{""geodesic"":false,""type"":""Point"",""coordinates"":[108.48263058080812,14.090523568327193]}"
199,0,989,0.4916183715197596,7,97,"{""geodesic"":false,""type"":""Point"",""coordinates"":[108.52467173610489,14.540849020256303]}"
201,0,718,0.05037342600347827,3,54,"{""geodesic"":false,""type"":""Point"",""coordinates"":[108.52251577942303,14.274588370043276]}"
202,0,705,0.5138932792154468,18,61,"{""geodesic"":false,""type"":""Point"",""coordinates"":[108.5208988119116,14.05872320726936]}"
203,0,798,0.5922976632722188,3,95,"{""geodesic"":false,""type"":""Point"",""coordinates"":[108.64136289151202,14.264886564974788]}"
204,0,1398,0.18907186792929098,34,96,"{""geodesic"":false,""type"":""Point"",""coordinates"":[108.36081902828153,14.229582774308888]}"
205,0,1224,0.17224977149990628,7,98,"{""geodesic"":false,""type"":""Point"",""coordinates"":[108.39019393807223,14.52791328016498]}"
206,0,933,0.49405846698054956,35,89,"{""geodesic"":false,""type"":""Point"",""coordinates"":[108.49475783714371,14.072197936531154]}"
207,0,946,0.3890051944260995,13,95,"{""geodesic"":false,""type"":""Point"",""coordinates"":[108.52305476859351,14.47428385770305]}"
209,0,1140,0.42405007927893656,5,97,"{""geodesic"":false,""type"":""Point"",""coordinates"":[108.37564123046945,14.489645049061494]}"
210,0,1100,0.623617756875456,2,97,"{""geodesic"":false,""type"":""Point"",""coordinates"":[108.40986704279442,14.416612016462572]}"
211,0,820,0.22443803851248134,8,97,"{""geodesic"":false,""type"":""Point"",""coordinates"":[108.62411523805696,14.471049922680216]}"
212,0,1015,0.48373873963256364,8,97,"{""geodesic"":false,""type"":""Point"",""coordinates"":[108.5238632523492,14.489645049061494]}"
213,0,1057,0.5453323019137262,22,95,"{""geodesic"":false,""type"":""Point"",""coordinates"":[108.48963744002424,14.477248298140644]}"
214,0,958,0.11538040066268684,5,97,"{""geodesic"":false,""type"":""Point"",""coordinates"":[108.52655819820154,14.543543966108665]}"
215,0,1065,0.4609053009986146,5,90,"{""geodesic"":false,""type"":""Point"",""coordinates"":[108.41471794532868,14.439788550792862]}"
217,0,622,0.7492576158127925,13,90,"{""geodesic"":false,""type"":""Point"",""coordinates"":[108.61764736801126,14.221497936751817]}"
218,0,690,0.11772985799474667,7,90,"{""geodesic"":false,""type"":""Point"",""coordinates"":[108.48640350500142,14.143883496203891]}"
219,0,1163,0.0035161627878051993,3,97,"{""geodesic"":false,""type"":""Point"",""coordinates"":[108.40825007528304,14.356784218540213]}"
220,0,757,0.7480824050625603,23,89,"{""geodesic"":false,""type"":""Point"",""coordinates"":[108.42522823415288,14.295878442276909]}"
221,0,789,0.5652331723694533,30,90,"{""geodesic"":false,""type"":""Point"",""coordinates"":[108.54596180833852,14.302076817737337]}"
222,0,929,0.21998906161159815,2,97,"{""geodesic"":false,""type"":""Point"",""coordinates"":[108.51604790937733,14.421193424411584]}"
223,0,1128,0.2991746459376359,9,97,"{""geodesic"":false,""type"":""Point"",""coordinates"":[108.40609411860112,14.452993785469417]}"
226,0,940,0.4699318949982281,5,95,"{""geodesic"":false,""type"":""Point"",""coordinates"":[108.51523942562164,14.473475373947338]}"
228,0,809,0.04339578673744626,9,97,"{""geodesic"":false,""type"":""Point"",""coordinates"":[108.58153509358965,14.32713981416427]}"
229,0,755,0.5770893798672126,11,95,"{""geodesic"":false,""type"":""Point"",""coordinates"":[108.53167859532101,14.28806309930507]}"
230,0,814,0.02814009432519793,8,97,"{""geodesic"":false,""type"":""Point"",""coordinates"":[108.65079520199527,14.262730608292898]}"
231,0,1001,0.11956339878566824,10,89,"{""geodesic"":false,""type"":""Point"",""coordinates"":[108.4217248045448,14.394243965888002]}"
232,0,995,0.12341593550966778,12,97,"{""geodesic"":false,""type"":""Point"",""coordinates"":[108.55835855925937,14.518480969681733]}"
233,0,1036,0.20348122970565308,10,90,"{""geodesic"":false,""type"":""Point"",""coordinates"":[108.45460314394359,14.426313821531068]}"
234,0,1675,0.05813204307151598,14,98,"{""geodesic"":false,""type"":""Point"",""coordinates"":[108.38210910051515,14.32121093328908]}"
235,0,1203,0.7629106031496229,14,98,"{""geodesic"":false,""type"":""Point"",""coordinates"":[108.4537946601879,14.53033873143211]}"
237,0,964,0.22771732598100325,6,90,"{""geodesic"":false,""type"":""Point"",""coordinates"":[108.52844466029819,14.450568334202295]}"
240,0,1021,0.6285146795005503,23,97,"{""geodesic"":false,""type"":""Point"",""coordinates"":[108.36782588749764,14.214221582950444]}"
241,0,1491,0.4707720754533883,9,97,"{""geodesic"":false,""type"":""Point"",""coordinates"":[108.3330610860022,14.235511655184077]}"
243,0,782,0.7312257301748192,14,81,"{""geodesic"":false,""type"":""Point"",""coordinates"":[108.33602552643981,14.424427359434418]}"
244,0,817,0.43448944569725645,31,100,"{""geodesic"":false,""type"":""Point"",""coordinates"":[108.42954014751666,14.271623929605681]}"
245,0,1011,0.6970794680496956,9,98,"{""geodesic"":false,""type"":""Point"",""coordinates"":[108.52116830649686,14.45973115010031]}"
246,0,1053,0.6107075289631338,10,97,"{""geodesic"":false,""type"":""Point"",""coordinates"":[108.44544032804555,14.469163460583566]}"
249,0,519,0.6131760408613921,9,66,"{""geodesic"":false,""type"":""Point"",""coordinates"":[108.53545151951431,14.181343243551673]}"
250,0,788,0.2854219977721023,26,78,"{""geodesic"":false,""type"":""Point"",""coordinates"":[108.3368340101955,14.452993785469417]}"
251,0,763,0.4741708014943111,8,98,"{""geodesic"":false,""type"":""Point"",""coordinates"":[108.65268166409192,14.237398117280733]}"
253,0,1547,0.7699343202503665,10,97,"{""geodesic"":false,""type"":""Point"",""coordinates"":[108.36135801745195,14.256532232832477]}"
254,0,689,0.7032561149576375,23,89,"{""geodesic"":false,""type"":""Point"",""coordinates"":[108.49610531006988,14.178378803114079]}"
255,0,891,0.38437626497618915,9,90,"{""geodesic"":false,""type"":""Point"",""coordinates"":[108.41390946157298,14.177570319358374]}"
256,0,819,0.6749395018741203,1,95,"{""geodesic"":false,""type"":""Point"",""coordinates"":[108.61629989508509,14.308275193197758]}"
257,0,1115,0.21713769084961143,31,89,"{""geodesic"":false,""type"":""Point"",""coordinates"":[108.32389827010417,14.378074290773846]}"
258,0,1540,0.36770862000039906,1,97,"{""geodesic"":false,""type"":""Point"",""coordinates"":[108.38103112217419,14.293991980180259]}"
259,0,907,0.1132840848790001,14,97,"{""geodesic"":false,""type"":""Point"",""coordinates"":[108.5570110863332,14.448951366690878]}"
260,0,877,0.25725206976455384,8,78,"{""geodesic"":false,""type"":""Point"",""coordinates"":[108.59986072538572,14.406640716808852]}"
262,0,1003,0.6248827623297866,10,97,"{""geodesic"":false,""type"":""Point"",""coordinates"":[108.53868545453719,14.521175915534087]}"
263,0,804,0.7104612798087878,43,90,"{""geodesic"":false,""type"":""Point"",""coordinates"":[108.33333058058747,14.429817251139134]}"
264,0,1310,0.5973959397930431,18,95,"{""geodesic"":false,""type"":""Point"",""coordinates"":[108.37079032793525,14.309622666123943]}"
265,0,1114,0.3971298026543175,10,76,"{""geodesic"":false,""type"":""Point"",""coordinates"":[108.4141789561582,14.509048659198477]}"
266,0,1018,0.04796760994468885,12,97,"{""geodesic"":false,""type"":""Point"",""coordinates"":[108.4880204725128,14.445178442497578]}"
267,0,659,0.3729995536939187,5,89,"{""geodesic"":false,""type"":""Point"",""coordinates"":[108.66157498540474,14.155741257954269]}"
268,0,1023,0.47495706247660774,4,94,"{""geodesic"":false,""type"":""Point"",""coordinates"":[108.44112841468177,14.39181851462088]}"
269,0,1331,0.2026400592041857,41,97,"{""geodesic"":false,""type"":""Point"",""coordinates"":[108.3699818441795,14.343309489278425]}"
270,0,1012,0.6868771153350784,20,91,"{""geodesic"":false,""type"":""Point"",""coordinates"":[108.44247588760794,14.214491077535683]}"
271,0,967,0.42195769277888706,5,90,"{""geodesic"":false,""type"":""Point"",""coordinates"":[108.43762498507374,14.179187286869784]}"
272,0,1071,0.5610121543933392,6,97,"{""geodesic"":false,""type"":""Point"",""coordinates"":[108.52548021986058,14.507701186272293]}"
273,0,863,0.3610251416181548,12,95,"{""geodesic"":false,""type"":""Point"",""coordinates"":[108.62195928137504,14.36675551819394]}"
274,0,967,0.5295974672820403,5,97,"{""geodesic"":false,""type"":""Point"",""coordinates"":[108.55431614048086,14.461348117611728]}"
275,0,966,0.3308107268049798,9,97,"{""geodesic"":false,""type"":""Point"",""coordinates"":[108.48020512954099,14.375109850336251]}"
277,0,987,0.7354744611560321,5,96,"{""geodesic"":false,""type"":""Point"",""coordinates"":[108.48182209705243,14.096721943787614]}"
278,0,654,0.005238852987389686,6,77,"{""geodesic"":false,""type"":""Point"",""coordinates"":[108.47966614037051,14.217455517973278]}"
279,0,864,0.17057215936542836,15,89,"{""geodesic"":false,""type"":""Point"",""coordinates"":[108.44867426306837,14.16005317131804]}"
280,0,768,0.7947344945233902,7,89,"{""geodesic"":false,""type"":""Point"",""coordinates"":[108.44705729555699,14.247369416934454]}"
281,0,1034,0.002336093668279249,5,97,"{""geodesic"":false,""type"":""Point"",""coordinates"":[108.51928184440021,14.54031003108583]}"
282,0,1426,0.19180011989868873,14,95,"{""geodesic"":false,""type"":""Point"",""coordinates"":[108.37132931710568,14.175683857261717]}"
283,0,1164,0.5747667836517155,3,97,"{""geodesic"":false,""type"":""Point"",""coordinates"":[108.38157011134467,14.361096131903992]}"
284,0,1062,0.13169775008004003,5,95,"{""geodesic"":false,""type"":""Point"",""coordinates"":[108.52709718737202,14.499346854129982]}"
285,0,902,0.6783890170976747,22,97,"{""geodesic"":false,""type"":""Point"",""coordinates"":[108.44220639302273,14.329834760016631]}"
286,0,962,0.6410867564236664,32,97,"{""geodesic"":false,""type"":""Point"",""coordinates"":[108.38453455178228,14.190775554034929]}"
287,0,504,0.3844600396079372,6,40,"{""geodesic"":false,""type"":""Point"",""coordinates"":[108.59123689865817,14.045787467178037]}"
288,0,1002,0.3189096239577529,9,97,"{""geodesic"":false,""type"":""Point"",""coordinates"":[108.55054321628756,14.545699922790547]}"
289,0,1431,0.09440718296240869,41,97,"{""geodesic"":false,""type"":""Point"",""coordinates"":[108.38992444348696,14.254376276150587]}"
291,0,1036,0.14031186001099227,9,97,"{""geodesic"":false,""type"":""Point"",""coordinates"":[108.44624881180124,14.46161761219696]}"
292,0,1105,0.006429085020937975,17,98,"{""geodesic"":false,""type"":""Point"",""coordinates"":[108.38561253012318,14.431973207821017]}"
293,0,936,0.27156676316279615,7,86,"{""geodesic"":false,""type"":""Point"",""coordinates"":[108.42576722332336,14.326870319579037]}"
294,0,915,0.33216639201664133,21,100,"{""geodesic"":false,""type"":""Point"",""coordinates"":[108.35623762033248,14.476439814384932]}"
297,0,1232,0.37411310667914943,2,91,"{""geodesic"":false,""type"":""Point"",""coordinates"":[108.39935675397021,14.526296312653571]}"
298,0,733,0.3484165184266589,38,95,"{""geodesic"":false,""type"":""Point"",""coordinates"":[108.50661559889409,14.293722485595026]}"
299,0,1052,0.12396189049165818,6,98,"{""geodesic"":false,""type"":""Point"",""coordinates"":[108.52979213322436,14.518480969681733]}"
300,0,992,0.34702288220715105,26,95,"{""geodesic"":false,""type"":""Point"",""coordinates"":[108.51685639313308,14.062765626047899]}"
301,0,765,0.3503886118181282,4,97,"{""geodesic"":false,""type"":""Point"",""coordinates"":[108.52709718737202,14.251411835712993]}"
302,0,838,0.07866799864002372,26,89,"{""geodesic"":false,""type"":""Point"",""coordinates"":[108.44058942551129,14.349238370153614]}"
303,0,569,0.2780893490105787,10,59,"{""geodesic"":false,""type"":""Point"",""coordinates"":[108.52440224151968,14.138224109913935]}"
304,0,1068,0.5799338272261123,15,97,"{""geodesic"":false,""type"":""Point"",""coordinates"":[108.44436234970459,14.484255157356777]}"
305,0,990,0.4759705356193543,27,94,"{""geodesic"":false,""type"":""Point"",""coordinates"":[108.53302606824724,14.118012016021247]}"
306,0,641,0.5286942369502299,4,98,"{""geodesic"":false,""type"":""Point"",""coordinates"":[108.5578195700889,14.2198809692404]}"
307,0,868,0.22297867758817325,12,98,"{""geodesic"":false,""type"":""Point"",""coordinates"":[108.59635729577764,14.402598298030313]}"
308,0,1053,0.5561720533815804,8,97,"{""geodesic"":false,""type"":""Point"",""coordinates"":[108.47804917285907,14.503928262078993]}"
309,0,974,0.20190286742207564,10,95,"{""geodesic"":false,""type"":""Point"",""coordinates"":[108.48963744002424,14.410413641002151]}"
310,0,932,0.11017843674459116,8,97,"{""geodesic"":false,""type"":""Point"",""coordinates"":[108.54111090580432,14.431703713235784]}"
311,0,1196,0.5687000990120744,27,97,"{""geodesic"":false,""type"":""Point"",""coordinates"":[108.39181090558361,14.403406781786018]}"
312,0,1246,0.528417749707501,10,97,"{""geodesic"":false,""type"":""Point"",""coordinates"":[108.4284621691757,14.495843424521915]}"
313,0,968,0.19777315543657759,7,98,"{""geodesic"":false,""type"":""Point"",""coordinates"":[108.52548021986058,14.415803532706867]}"
314,0,1534,0.768790984219547,30,98,"{""geodesic"":false,""type"":""Point"",""coordinates"":[108.40097372148165,14.31501255782866]}"
315,0,1349,0.6861723458807791,22,90,"{""geodesic"":false,""type"":""Point"",""coordinates"":[108.36351397413387,14.20775371290479]}"
316,0,1598,0.7202961776370221,11,98,"{""geodesic"":false,""type"":""Point"",""coordinates"":[108.40070422689644,14.282942702185593]}"
317,0,1041,0.3761978461932107,6,97,"{""geodesic"":false,""type"":""Point"",""coordinates"":[108.55916704301507,14.51578602382937]}"
318,0,642,0.45575737016674234,16,100,"{""geodesic"":false,""type"":""Point"",""coordinates"":[108.5653654184755,14.220419958410872]}"
319,0,916,0.7959311314146035,19,89,"{""geodesic"":false,""type"":""Point"",""coordinates"":[108.43142660961331,14.388315085012813]}"
322,0,1064,0.3723911805021002,14,98,"{""geodesic"":false,""type"":""Point"",""coordinates"":[108.44517083346034,14.471858406435928]}"
323,0,817,0.7345062405633103,5,85,"{""geodesic"":false,""type"":""Point"",""coordinates"":[108.50176469635983,14.094296492520492]}"
325,0,1304,0.6807460199750963,33,98,"{""geodesic"":false,""type"":""Point"",""coordinates"":[108.36135801745195,14.35624522936974]}"
326,0,737,0.1599882225101451,5,100,"{""geodesic"":false,""type"":""Point"",""coordinates"":[108.50257318011558,14.32148042787432]}"
327,0,1236,0.3634939412155872,5,97,"{""geodesic"":false,""type"":""Point"",""coordinates"":[108.42522823415288,14.547047395716731]}"
329,0,1039,0.25002867959806496,21,95,"{""geodesic"":false,""type"":""Point"",""coordinates"":[108.4066331077716,14.379960752870495]}"
330,0,783,0.7582573311697204,21,90,"{""geodesic"":false,""type"":""Point"",""coordinates"":[108.5758757072997,14.323905879141442]}"
331,0,1246,0.5881048330359296,9,97,"{""geodesic"":false,""type"":""Point"",""coordinates"":[108.39720079728835,14.591244507695407]}"
333,0,994,0.5985488362921472,23,90,"{""geodesic"":false,""type"":""Point"",""coordinates"":[108.52844466029819,14.314204074072947]}"
334,0,702,0.06010545011578061,11,45,"{""geodesic"":false,""type"":""Point"",""coordinates"":[108.60282516582328,14.295878442276909]}"
335,0,712,0.5571722510231839,15,89,"{""geodesic"":false,""type"":""Point"",""coordinates"":[108.5276361765425,14.244135481911627]}"
336,0,1072,0.5730594039837593,7,97,"{""geodesic"":false,""type"":""Point"",""coordinates"":[108.52116830649686,14.502041799982344]}"
337,0,1115,0.4078303268111221,23,97,"{""geodesic"":false,""type"":""Point"",""coordinates"":[108.4104060319649,14.488297576135317]}"
338,0,1254,0.013895430338787929,8,97,"{""geodesic"":false,""type"":""Point"",""coordinates"":[108.38291758427084,14.570493424632247]}"
339,0,903,0.136626911151431,19,97,"{""geodesic"":false,""type"":""Point"",""coordinates"":[108.59716577953333,14.452185301713712]}"
340,0,1044,0.06298580297442702,10,98,"{""geodesic"":false,""type"":""Point"",""coordinates"":[108.47804917285907,14.443830969571394]}"
341,0,1078,0.29006321743516694,12,97,"{""geodesic"":false,""type"":""Point"",""coordinates"":[108.46753888403492,14.460539633856023]}"
342,0,670,0.026431737411764855,25,92,"{""geodesic"":false,""type"":""Point"",""coordinates"":[108.5020341909451,14.20775371290479]}"
344,0,1000,0.05437959468774389,23,31,"{""geodesic"":false,""type"":""Point"",""coordinates"":[108.48182209705243,14.12906129401592]}"
345,0,826,0.18015961610595166,12,95,"{""geodesic"":false,""type"":""Point"",""coordinates"":[108.63112209727308,14.316090536169604]}"
346,0,499,0.4199685538911556,3,52,"{""geodesic"":false,""type"":""Point"",""coordinates"":[108.55647209716273,14.18861959735304]}"
347,0,984,0.5783013036901409,9,98,"{""geodesic"":false,""type"":""Point"",""coordinates"":[108.48074411871147,14.409874651831679]}"
349,0,583,0.7572982726115153,9,47,"{""geodesic"":false,""type"":""Point"",""coordinates"":[108.4974527829961,14.136068153232046]}"
350,0,1096,0.5801529582000482,8,97,"{""geodesic"":false,""type"":""Point"",""coordinates"":[108.40151271065213,14.416612016462572]}"
351,0,1038,0.317447755901461,15,95,"{""geodesic"":false,""type"":""Point"",""coordinates"":[108.45945404647784,14.442214002059984]}"
352,0,748,0.21084109687446173,21,53,"{""geodesic"":false,""type"":""Point"",""coordinates"":[108.60282516582328,14.299381871884975]}"
353,0,951,0.6687104575187396,3,98,"{""geodesic"":false,""type"":""Point"",""coordinates"":[108.58638599612391,14.456497215077484]}"
354,0,907,0.7928269947135228,10,97,"{""geodesic"":false,""type"":""Point"",""coordinates"":[108.58665549070918,14.53195569894352]}"
355,0,1004,0.34036286354788725,13,97,"{""geodesic"":false,""type"":""Point"",""coordinates"":[108.47131180822822,14.458922666344606]}"
356,0,897,0.6635093234093091,10,97,"{""geodesic"":false,""type"":""Point"",""coordinates"":[108.33737299936598,14.404484760126962]}"
357,0,1018,0.05859360922741008,13,97,"{""geodesic"":false,""type"":""Point"",""coordinates"":[108.48451704290477,14.452185301713712]}"
358,0,931,0.18383196891059062,5,98,"{""geodesic"":false,""type"":""Point"",""coordinates"":[108.39073292724271,14.1845771785745]}"
360,0,690,0.14120451260870004,4,98,"{""geodesic"":false,""type"":""Point"",""coordinates"":[108.65861054496713,14.179456781455023]}"
361,0,1026,0.4788748322986145,9,97,"{""geodesic"":false,""type"":""Point"",""coordinates"":[108.51739538230356,14.495843424521915]}"
362,0,1249,0.4667068299980942,36,97,"{""geodesic"":false,""type"":""Point"",""coordinates"":[108.30018274660341,14.38292519330809]}"
363,0,896,0.7093072897710458,8,97,"{""geodesic"":false,""type"":""Point"",""coordinates"":[108.54003292746336,14.390471041694695]}"
364,0,658,0.5069958309613114,31,100,"{""geodesic"":false,""type"":""Point"",""coordinates"":[108.43466054463613,14.250603351957288]}"
365,0,991,0.0775076386933583,9,98,"{""geodesic"":false,""type"":""Point"",""coordinates"":[108.49799177216653,14.400981330518896]}"
366,0,661,0.14188017883110304,8,97,"{""geodesic"":false,""type"":""Point"",""coordinates"":[108.56671289140172,14.218533496314222]}"
367,0,822,0.5557184090884251,12,95,"{""geodesic"":false,""type"":""Point"",""coordinates"":[108.48505603207525,14.281595229259409]}"
368,0,941,0.5904143725951637,31,74,"{""geodesic"":false,""type"":""Point"",""coordinates"":[108.40043473231117,14.24440497649686]}"
369,0,1492,0.029075528499122205,8,92,"{""geodesic"":false,""type"":""Point"",""coordinates"":[108.3255152376156,14.235242160598844]}"
370,0,904,0.7751069997266254,9,75,"{""geodesic"":false,""type"":""Point"",""coordinates"":[108.4936798588028,14.353011294346913]}"
371,0,836,0.1773222065846083,29,95,"{""geodesic"":false,""type"":""Point"",""coordinates"":[108.55377715131038,14.30234631232257]}"
372,0,1244,0.794303042972159,6,97,"{""geodesic"":false,""type"":""Point"",""coordinates"":[108.38453455178228,14.562947576245648]}"
373,0,1041,0.04201498398033121,5,95,"{""geodesic"":false,""type"":""Point"",""coordinates"":[108.55943653760033,14.513360572562249]}"
374,0,1229,0.2609373784972523,8,97,"{""geodesic"":false,""type"":""Point"",""coordinates"":[108.46807787320535,14.543004976938192]}"
375,0,953,0.12231042709602691,5,97,"{""geodesic"":false,""type"":""Point"",""coordinates"":[108.53949393829288,14.431703713235784]}"
377,0,998,0.7917876207335233,10,97,"{""geodesic"":false,""type"":""Point"",""coordinates"":[108.58261307193061,14.557557684540932]}"
378,0,1241,0.5460601617891546,7,97,"{""geodesic"":false,""type"":""Point"",""coordinates"":[108.36701740374195,14.353550283517386]}"
379,0,632,0.7451234856358074,16,83,"{""geodesic"":false,""type"":""Point"",""coordinates"":[108.60659809001658,14.206136745393373]}"
381,0,1144,0.2206322263989282,11,90,"{""geodesic"":false,""type"":""Point"",""coordinates"":[108.34114592355928,14.39343548213229]}"
383,0,1040,0.7532475615172671,28,97,"{""geodesic"":false,""type"":""Point"",""coordinates"":[108.40097372148165,14.37942176370003]}"
384,0,1412,0.48347986879478255,16,98,"{""geodesic"":false,""type"":""Point"",""coordinates"":[108.35785458784392,14.388315085012813]}"
385,0,878,0.5936989221943451,10,90,"{""geodesic"":false,""type"":""Point"",""coordinates"":[108.60093870372663,14.437902088696205]}"
386,0,961,0.662587629231528,8,97,"{""geodesic"":false,""type"":""Point"",""coordinates"":[108.51092751225787,14.29641743144738]}"
388,0,1127,0.3408108892881192,8,97,"{""geodesic"":false,""type"":""Point"",""coordinates"":[108.40825007528304,14.460539633856023]}"
389,0,1051,0.17236151288138202,16,97,"{""geodesic"":false,""type"":""Point"",""coordinates"":[108.51119700684313,14.499885843300454]}"
390,0,859,0.3441238369343419,12,96,"{""geodesic"":false,""type"":""Point"",""coordinates"":[108.61144899255083,14.333338189624698]}"
391,0,1411,0.6785249820543043,13,98,"{""geodesic"":false,""type"":""Point"",""coordinates"":[108.35974104994057,14.334146673380403]}"
392,0,1294,0.31369328412809294,11,98,"{""geodesic"":false,""type"":""Point"",""coordinates"":[108.39639231353266,14.342770500107953]}"
393,0,880,0.16208962276553707,3,98,"{""geodesic"":false,""type"":""Point"",""coordinates"":[108.62276776513073,14.364869056097291]}"
395,0,888,0.7173205455691811,32,97,"{""geodesic"":false,""type"":""Point"",""coordinates"":[108.40744159152729,14.189697575693984]}"
396,0,723,0.5401314810941256,7,96,"{""geodesic"":false,""type"":""Point"",""coordinates"":[108.41390946157298,14.20532826163766]}"
397,0,1175,0.7574370386672694,8,97,"{""geodesic"":false,""type"":""Point"",""coordinates"":[108.36728689832717,14.42873927279819]}"
398,0,765,0.19114005061658568,6,97,"{""geodesic"":false,""type"":""Point"",""coordinates"":[108.59312336075482,14.334955157136108]}"
399,0,924,0.16883429505025116,10,91,"{""geodesic"":false,""type"":""Point"",""coordinates"":[108.546500797509,14.404484760126962]}"
400,0,1122,0.4942754874460129,11,97,"{""geodesic"":false,""type"":""Point"",""coordinates"":[108.43519953380661,14.490184038231966]}"
401,0,678,0.7201514247870565,5,98,"{""geodesic"":false,""type"":""Point"",""coordinates"":[108.42495873956761,14.244135481911627]}"
402,0,582,0.2854828886136791,11,45,"{""geodesic"":false,""type"":""Point"",""coordinates"":[108.4907154183652,14.15142934459049]}"
403,0,688,0.658350888845997,6,81,"{""geodesic"":false,""type"":""Point"",""coordinates"":[108.546500797509,14.277013821310405]}"
405,0,878,0.4902434538113012,2,97,"{""geodesic"":false,""type"":""Point"",""coordinates"":[108.59258437158434,14.432242702406256]}"
406,0,781,0.671893917617754,5,97,"{""geodesic"":false,""type"":""Point"",""coordinates"":[108.63381704312542,14.300998839396392]}"
407,0,952,0.707387986556261,11,97,"{""geodesic"":false,""type"":""Point"",""coordinates"":[108.52844466029819,14.489106059891022]}"
408,0,993,0.04611452209138245,10,89,"{""geodesic"":false,""type"":""Point"",""coordinates"":[108.30988455167193,14.384542160819507]}"
409,0,1248,0.3476453248672692,13,98,"{""geodesic"":false,""type"":""Point"",""coordinates"":[108.38911595973127,14.553245771177153]}"
410,0,1099,0.34033338974989424,28,97,"{""geodesic"":false,""type"":""Point"",""coordinates"":[108.34626632067875,14.434398659088139]}"
411,0,894,0.3079202270866982,19,97,"{""geodesic"":false,""type"":""Point"",""coordinates"":[108.52116830649686,14.342770500107953]}"
413,0,1116,0.7530521520050328,7,90,"{""geodesic"":false,""type"":""Point"",""coordinates"":[108.43493003922134,14.492609489499088]}"
414,0,1314,0.6990775337013431,13,97,"{""geodesic"":false,""type"":""Point"",""coordinates"":[108.48855946168328,14.54031003108583]}"
415,0,1005,0.4308577481122199,12,98,"{""geodesic"":false,""type"":""Point"",""coordinates"":[108.50634610430888,14.490453532817199]}"
417,0,1204,0.6161564536833465,4,95,"{""geodesic"":false,""type"":""Point"",""coordinates"":[108.43654700673278,14.541926998597248]}"
418,0,805,0.41736475124212946,20,98,"{""geodesic"":false,""type"":""Point"",""coordinates"":[108.50014772884845,14.346812918886485]}"
419,0,970,0.4160627729968941,10,97,"{""geodesic"":false,""type"":""Point"",""coordinates"":[108.61198798172131,14.531147215187815]}"
420,0,1241,0.04243123948997296,23,95,"{""geodesic"":false,""type"":""Point"",""coordinates"":[108.36432245788956,14.493417973254793]}"
421,0,1563,0.4474358187781914,19,97,"{""geodesic"":false,""type"":""Point"",""coordinates"":[108.38426505719701,14.29668692603262]}"
422,0,1457,0.5565884146212189,41,85,"{""geodesic"":false,""type"":""Point"",""coordinates"":[108.31284899210954,14.309353171538703]}"
423,0,919,0.05506531298473483,8,95,"{""geodesic"":false,""type"":""Point"",""coordinates"":[108.48963744002424,14.084325192866764]}"
424,0,1484,0.08146581422281873,15,94,"{""geodesic"":false,""type"":""Point"",""coordinates"":[108.37806668173658,14.27377988628757]}"
427,0,722,0.4133409888336267,14,95,"{""geodesic"":false,""type"":""Point"",""coordinates"":[108.66130549081947,14.200477359103417]}"
428,0,1234,0.4147030358586462,9,90,"{""geodesic"":false,""type"":""Point"",""coordinates"":[108.39989574314069,14.572110392143664]}"
429,0,919,0.09235853230575419,4,97,"{""geodesic"":false,""type"":""Point"",""coordinates"":[108.5532381621399,14.455419236736539]}"
430,0,1231,0.26315034284454575,32,90,"{""geodesic"":false,""type"":""Point"",""coordinates"":[108.31473545420619,14.353280788932146]}"
432,0,1192,0.2895410344686046,21,90,"{""geodesic"":false,""type"":""Point"",""coordinates"":[108.475623721592,14.125288369822613]}"
433,0,955,0.5811124998452561,13,98,"{""geodesic"":false,""type"":""Point"",""coordinates"":[108.58449953402726,14.497460392033332]}"
434,0,1092,0.2630874558275027,14,97,"{""geodesic"":false,""type"":""Point"",""coordinates"":[108.5060766097236,14.518211475096493]}"
436,0,847,0.32120924939635753,7,97,"{""geodesic"":false,""type"":""Point"",""coordinates"":[108.57291126686209,14.401520319689368]}"
438,0,917,0.3553388497683163,22,97,"{""geodesic"":false,""type"":""Point"",""coordinates"":[108.57264177227688,14.52818277475022]}"
439,0,964,0.568653645133003,9,91,"{""geodesic"":false,""type"":""Point"",""coordinates"":[108.56320946179363,14.334146673380403]}"
440,0,646,0.2198001088238415,21,92,"{""geodesic"":false,""type"":""Point"",""coordinates"":[108.51847336064446,14.235511655184077]}"
441,0,1044,0.07010163715745588,9,97,"{""geodesic"":false,""type"":""Point"",""coordinates"":[108.48640350500142,14.468893965998333]}"
443,0,961,0.3809785718189188,9,95,"{""geodesic"":false,""type"":""Point"",""coordinates"":[108.48882895626855,14.407988189735029]}"
446,0,1003,0.7469234708448828,3,56,"{""geodesic"":false,""type"":""Point"",""coordinates"":[108.43681650131799,14.455688731321771]}"
449,0,1004,0.6952687226371528,11,95,"{""geodesic"":false,""type"":""Point"",""coordinates"":[108.5502737217023,14.48263818984536]}"
450,0,1174,0.20622980988923567,4,94,"{""geodesic"":false,""type"":""Point"",""coordinates"":[108.45190819809125,14.495304435351443]}"
451,0,1062,0.5812169459320927,7,97,"{""geodesic"":false,""type"":""Point"",""coordinates"":[108.39962624855548,14.1808042543812]}"
452,0,808,0.341802257812287,17,85,"{""geodesic"":false,""type"":""Point"",""coordinates"":[108.50526812596792,14.067347033996903]}"
454,0,802,0.27820322214922644,8,97,"{""geodesic"":false,""type"":""Point"",""coordinates"":[108.57048581559502,14.328487287090454]}"
455,0,987,0.49273863954303754,6,98,"{""geodesic"":false,""type"":""Point"",""coordinates"":[108.50392065304175,14.403676276371257]}"
456,0,689,0.29998435984915583,14,89,"{""geodesic"":false,""type"":""Point"",""coordinates"":[108.49637480465515,14.225809850115589]}"
459,0,1078,0.5710444752596979,6,97,"{""geodesic"":false,""type"":""Point"",""coordinates"":[108.41363996698772,14.434129164502906]}"
460,0,894,0.778211024101548,23,87,"{""geodesic"":false,""type"":""Point"",""coordinates"":[108.41902985869245,14.187272124426862]}"
461,0,998,0.5634190232799535,4,98,"{""geodesic"":false,""type"":""Point"",""coordinates"":[108.48263058080812,14.41849847855923]}"
463,0,1137,0.428341027087498,15,97,"{""geodesic"":false,""type"":""Point"",""coordinates"":[108.41202299947633,14.353280788932146]}"
466,0,1176,0.2827701405440477,12,98,"{""geodesic"":false,""type"":""Point"",""coordinates"":[108.47131180822822,14.121784940214546]}"
467,0,1254,0.7745717491380291,11,98,"{""geodesic"":false,""type"":""Point"",""coordinates"":[108.39989574314069,14.566181511268475]}"
468,0,1574,0.643715980881292,5,95,"{""geodesic"":false,""type"":""Point"",""coordinates"":[108.37806668173658,14.283751185941298]}"
469,0,774,0.14809140280468058,24,82,"{""geodesic"":false,""type"":""Point"",""coordinates"":[108.41175350489107,14.197782413251062]}"
470,0,859,0.7776683145702972,55,89,"{""geodesic"":false,""type"":""Point"",""coordinates"":[108.44005043634087,14.323905879141442]}"
471,0,677,0.3904789020494892,2,90,"{""geodesic"":false,""type"":""Point"",""coordinates"":[108.57021632100975,14.223114904263234]}"
472,0,963,0.7869116590045495,7,97,"{""geodesic"":false,""type"":""Point"",""coordinates"":[108.59500982285147,14.527104796409276]}"
473,0,1021,0.4534236229181242,37,89,"{""geodesic"":false,""type"":""Point"",""coordinates"":[108.35273419072445,14.438710572451917]}"
474,0,960,0.27803295580711285,34,98,"{""geodesic"":false,""type"":""Point"",""coordinates"":[108.42253328830049,14.301807323152097]}"
475,0,937,0.7154207836806402,9,97,"{""geodesic"":false,""type"":""Point"",""coordinates"":[108.51658689854781,14.40017284676319]}"
477,0,1073,0.2815876464259034,37,98,"{""geodesic"":false,""type"":""Point"",""coordinates"":[108.51146650142834,14.080282774088225]}"
478,0,1180,0.5733063013156966,17,98,"{""geodesic"":false,""type"":""Point"",""coordinates"":[108.3699818441795,14.415534038121635]}"
479,0,835,0.4995512704319487,20,98,"{""geodesic"":false,""type"":""Point"",""coordinates"":[108.53194808990628,14.292644507254082]}"
480,0,871,0.3208442877855111,8,98,"{""geodesic"":false,""type"":""Point"",""coordinates"":[108.42873166376091,14.350316348494552]}"
481,0,810,0.43099975177680905,7,98,"{""geodesic"":false,""type"":""Point"",""coordinates"":[108.63193058102877,14.326600824993797]}"
482,0,731,0.6204408052284621,6,98,"{""geodesic"":false,""type"":""Point"",""coordinates"":[108.61764736801126,14.246560933178749]}"
483,0,704,0.3249443598112487,15,97,"{""geodesic"":false,""type"":""Point"",""coordinates"":[108.48667299958663,14.224462377189411]}"
484,0,633,0.327444924139047,8,82,"{""geodesic"":false,""type"":""Point"",""coordinates"":[108.5785706531521,14.214491077535683]}"
485,0,906,0.6248370550571577,12,100,"{""geodesic"":false,""type"":""Point"",""coordinates"":[108.53868545453719,14.374031871995307]}"
486,0,1034,0.13250414424925694,27,90,"{""geodesic"":false,""type"":""Point"",""coordinates"":[108.42738419083474,14.175144868091245]}"
487,0,857,0.4711354799185731,12,97,"{""geodesic"":false,""type"":""Point"",""coordinates"":[108.62195928137504,14.355706240199275]}"
488,0,1449,0.30784563409874044,3,95,"{""geodesic"":false,""type"":""Point"",""coordinates"":[108.35300368530966,14.231469236405545]}"
489,0,887,0.019164623518390766,32,85,"{""geodesic"":false,""type"":""Point"",""coordinates"":[108.45675910062545,14.134720680305868]}"
490,0,1591,0.5685333677245176,5,96,"{""geodesic"":false,""type"":""Point"",""coordinates"":[108.37025133876477,14.294800463935971]}"
491,0,1174,0.12475809852044795,6,89,"{""geodesic"":false,""type"":""Point"",""coordinates"":[108.39477534602122,14.481560211504416]}"
494,0,1106,0.2127511339027568,39,97,"{""geodesic"":false,""type"":""Point"",""coordinates"":[108.41283148323203,14.336033135477052]}"
495,0,575,0.3320955241318898,5,63,"{""geodesic"":false,""type"":""Point"",""coordinates"":[108.4616100031597,14.293452991009787]}"
496,0,1280,0.7522003905515731,8,97,"{""geodesic"":false,""type"":""Point"",""coordinates"":[108.44544032804555,14.068155517752615]}"
497,0,882,0.4124113621551674,27,95,"{""geodesic"":false,""type"":""Point"",""coordinates"":[108.47104231364295,14.251950824883465]}"
498,0,775,0.48416082310946595,18,97,"{""geodesic"":false,""type"":""Point"",""coordinates"":[108.64163238609729,14.303693785248754]}"
499,0,898,0.41450435062920565,6,87,"{""geodesic"":false,""type"":""Point"",""coordinates"":[108.53545151951431,14.476978803555404]}"
500,0,947,0.1492973221405549,8,97,"{""geodesic"":false,""type"":""Point"",""coordinates"":[108.62088130303408,14.517402991340788]}"
501,0,801,0.5103653538183871,15,89,"{""geodesic"":false,""type"":""Point"",""coordinates"":[108.51470043645116,14.290758045157432]}"
502,0,933,0.6224187876578622,4,90,"{""geodesic"":false,""type"":""Point"",""coordinates"":[108.5238632523492,14.473205879362105]}"
503,0,1131,0.08302576916496907,11,97,"{""geodesic"":false,""type"":""Point"",""coordinates"":[108.46753888403492,14.489375554476254]}"
504,0,847,0.6627583283733518,10,97,"{""geodesic"":false,""type"":""Point"",""coordinates"":[108.62896614059116,14.340345048840831]}"
505,0,1162,0.36755138380526753,8,97,"{""geodesic"":false,""type"":""Point"",""coordinates"":[108.42388076122671,14.510396132124654]}"
506,0,888,0.10376779295502803,6,95,"{""geodesic"":false,""type"":""Point"",""coordinates"":[108.54488382999762,14.385620139160451]}"
507,0,1144,0.44112733821076555,4,98,"{""geodesic"":false,""type"":""Point"",""coordinates"":[108.40312967816351,14.351124832250264]}"
508,0,1049,0.17975792019541514,8,87,"{""geodesic"":false,""type"":""Point"",""coordinates"":[108.40932805362394,14.42685281070154]}"
509,0,925,0.5246265212749073,7,91,"{""geodesic"":false,""type"":""Point"",""coordinates"":[108.59905224162998,14.440597034548567]}"
510,0,868,0.16401877121136643,13,95,"{""geodesic"":false,""type"":""Point"",""coordinates"":[108.46214899233019,14.385350644575219]}"
511,0,641,0.03281215606696686,19,79,"{""geodesic"":false,""type"":""Point"",""coordinates"":[108.54191938956001,14.11639504850983]}"
512,0,786,0.35323049317119526,7,95,"{""geodesic"":false,""type"":""Point"",""coordinates"":[108.59177588782865,14.31474306324342]}"
513,0,1107,0.3816026353900238,43,95,"{""geodesic"":false,""type"":""Point"",""coordinates"":[108.31931686215518,14.394782955058474]}"
514,0,991,0.1114777461540909,6,97,"{""geodesic"":false,""type"":""Point"",""coordinates"":[108.54299736790097,14.546508406546259]}"
515,0,1215,0.4170517892375225,31,97,"{""geodesic"":false,""type"":""Point"",""coordinates"":[108.38938545431648,14.392896492961818]}"
516,0,892,0.453525262912405,18,98,"{""geodesic"":false,""type"":""Point"",""coordinates"":[108.6087540466985,14.419845951485406]}"
517,0,949,0.49490705413834857,8,97,"{""geodesic"":false,""type"":""Point"",""coordinates"":[108.46861686237582,14.371606420728185]}"
519,0,705,0.23389212016849747,5,100,"{""geodesic"":false,""type"":""Point"",""coordinates"":[108.54138040038953,14.287524110134598]}"
520,0,1069,0.1893350111602492,13,98,"{""geodesic"":false,""type"":""Point"",""coordinates"":[108.35623762033248,14.461078623026495]}"
521,0,897,0.32781027848474265,14,43,"{""geodesic"":false,""type"":""Point"",""coordinates"":[108.32605422678608,14.361365626489224]}"
523,0,905,0.46306235351302016,29,97,"{""geodesic"":false,""type"":""Point"",""coordinates"":[108.32335928093374,14.398016890081301]}"
524,0,1293,0.39192516511971054,48,97,"{""geodesic"":false,""type"":""Point"",""coordinates"":[108.34976975028684,14.374570861165779]}"
525,0,1040,0.1798780224678943,7,95,"{""geodesic"":false,""type"":""Point"",""coordinates"":[108.546500797509,14.574535843410786]}"
526,0,881,0.10724844485700558,3,97,"{""geodesic"":false,""type"":""Point"",""coordinates"":[108.54138040038953,14.454071763810362]}"
527,0,1051,0.2764369512884006,17,97,"{""geodesic"":false,""type"":""Point"",""coordinates"":[108.35300368530966,14.362713099415402]}"
528,0,1028,0.6247645025474835,36,90,"{""geodesic"":false,""type"":""Point"",""coordinates"":[108.34411036399689,14.38939306335375]}"
529,0,779,0.6322283051007086,15,72,"{""geodesic"":false,""type"":""Point"",""coordinates"":[108.33440855892837,14.427661294457245]}"
534,0,745,0.4830172752452566,6,95,"{""geodesic"":false,""type"":""Point"",""coordinates"":[108.53572101409958,14.259496673270071]}"
535,0,1259,0.023503106851959332,29,90,"{""geodesic"":false,""type"":""Point"",""coordinates"":[108.38696000304935,14.415803532706867]}"
536,0,910,0.2148198689946531,14,97,"{""geodesic"":false,""type"":""Point"",""coordinates"":[108.59851325245955,14.425235843190123]}"
537,0,754,0.35675404508349684,23,95,"{""geodesic"":false,""type"":""Point"",""coordinates"":[108.47616271076242,14.082438730770114]}"
538,0,1537,0.12632449345001462,4,97,"{""geodesic"":false,""type"":""Point"",""coordinates"":[108.3850735409527,14.281595229259409]}"
539,0,839,0.02485563454019679,23,100,"{""geodesic"":false,""type"":""Point"",""coordinates"":[108.49637480465515,14.071389452775442]}"
540,0,969,0.7536706719338825,17,97,"{""geodesic"":false,""type"":""Point"",""coordinates"":[108.53221758449149,14.336302630062292]}"
541,0,1175,0.1753729773549273,19,98,"{""geodesic"":false,""type"":""Point"",""coordinates"":[108.41067552655011,14.36028764814828]}"
542,0,1174,0.024757517567499554,31,76,"{""geodesic"":false,""type"":""Point"",""coordinates"":[108.31769989464374,14.353819778102618]}"
543,0,1218,0.08544712865512294,2,98,"{""geodesic"":false,""type"":""Point"",""coordinates"":[108.38857697056079,14.525487828897859]}"
544,0,977,0.03195944567942943,2,97,"{""geodesic"":false,""type"":""Point"",""coordinates"":[108.51766487688877,14.38777609584234]}"
546,0,933,0.3402023159432249,4,98,"{""geodesic"":false,""type"":""Point"",""coordinates"":[108.52170729566728,14.375109850336251]}"
547,0,817,0.40592354647011086,3,98,"{""geodesic"":false,""type"":""Point"",""coordinates"":[108.62734917307978,14.319593965777663]}"
549,0,793,0.5775854038018415,6,98,"{""geodesic"":false,""type"":""Point"",""coordinates"":[108.65025621282479,14.27755281048087]}"
550,0,991,0.6556262163596214,12,95,"{""geodesic"":false,""type"":""Point"",""coordinates"":[108.57291126686209,14.473205879362105]}"
551,0,787,0.2461229747620839,15,90,"{""geodesic"":false,""type"":""Point"",""coordinates"":[108.48828996709807,14.126366348163558]}"
553,0,1259,0.4197329395865864,5,92,"{""geodesic"":false,""type"":""Point"",""coordinates"":[108.41229249406155,14.546508406546259]}"
555,0,800,0.6343136807090024,8,95,"{""geodesic"":false,""type"":""Point"",""coordinates"":[108.45271668184694,14.266773027071437]}"
556,0,999,0.24131604699123765,5,98,"{""geodesic"":false,""type"":""Point"",""coordinates"":[108.48478653748998,14.410144146416911]}"
557,0,1037,0.44013694735110664,16,97,"{""geodesic"":false,""type"":""Point"",""coordinates"":[108.49044592377993,14.4761703197997]}"
558,0,942,0.12356218481307368,8,98,"{""geodesic"":false,""type"":""Point"",""coordinates"":[108.5721027831064,14.464582052634555]}"
559,0,954,0.28594891743393924,5,94,"{""geodesic"":false,""type"":""Point"",""coordinates"":[108.52224628483776,14.476978803555404]}"
560,0,1129,0.07440528829618731,1,98,"{""geodesic"":false,""type"":""Point"",""coordinates"":[108.39935675397021,14.44113602371904]}"
561,0,571,0.12699365645567096,4,55,"{""geodesic"":false,""type"":""Point"",""coordinates"":[108.52979213322436,14.151159850005257]}"
562,0,997,0.569717712018937,12,98,"{""geodesic"":false,""type"":""Point"",""coordinates"":[108.53060061698011,14.317707503681014]}"
563,0,1243,0.6329392527282103,7,98,"{""geodesic"":false,""type"":""Point"",""coordinates"":[108.39773978645883,14.536537106892531]}"
564,0,1261,0.7946209643281,27,97,"{""geodesic"":false,""type"":""Point"",""coordinates"":[108.38183960592988,14.238206601036438]}"
565,0,886,0.360787525579791,14,98,"{""geodesic"":false,""type"":""Point"",""coordinates"":[108.62357624888648,14.450568334202295]}"
566,0,939,0.14102846044692474,13,98,"{""geodesic"":false,""type"":""Point"",""coordinates"":[108.59554881202195,14.452724290884177]}"
567,0,1215,0.1464556104508723,3,97,"{""geodesic"":false,""type"":""Point"",""coordinates"":[108.39046343265744,14.520636926363615]}"
568,0,1021,0.5901037652565506,4,97,"{""geodesic"":false,""type"":""Point"",""coordinates"":[108.55269917296943,14.49503494076621]}"
569,0,1121,0.5693993793291126,6,97,"{""geodesic"":false,""type"":""Point"",""coordinates"":[108.41687390201054,14.4476038937647]}"
572,0,1056,0.7079208782868623,9,97,"{""geodesic"":false,""type"":""Point"",""coordinates"":[108.49799177216653,14.448681872105645]}"
573,0,973,0.12005706597601018,1,98,"{""geodesic"":false,""type"":""Point"",""coordinates"":[108.58638599612391,14.4723973956064]}"
574,0,767,0.41600815226088095,8,91,"{""geodesic"":false,""type"":""Point"",""coordinates"":[108.64297985902346,14.251950824883465]}"
575,0,913,0.008634774845323046,7,97,"{""geodesic"":false,""type"":""Point"",""coordinates"":[108.55755007550368,14.535189633966354]}"
576,0,701,0.48047688342473793,21,97,"{""geodesic"":false,""type"":""Point"",""coordinates"":[108.48155260246716,14.199399380762472]}"
577,0,1056,0.7875568129191247,12,98,"{""geodesic"":false,""type"":""Point"",""coordinates"":[108.4254977287381,14.455419236736539]}"
578,0,667,0.48875283024542726,9,89,"{""geodesic"":false,""type"":""Point"",""coordinates"":[108.54084141121905,14.169754976386528]}"
579,0,535,0.486530074592034,5,45,"{""geodesic"":false,""type"":""Point"",""coordinates"":[108.49718328841084,14.282403713015121]}"
580,0,1069,0.18385866966426212,11,97,"{""geodesic"":false,""type"":""Point"",""coordinates"":[108.46376595984162,14.500963821641399]}"
581,0,1078,0.4207639515195125,28,95,"{""geodesic"":false,""type"":""Point"",""coordinates"":[108.3252457430304,14.380230247455735]}"
582,0,1008,0.7271663700975497,18,94,"{""geodesic"":false,""type"":""Point"",""coordinates"":[108.52979213322436,14.109118694708464]}"
585,0,960,0.17792644858103068,19,98,"{""geodesic"":false,""type"":""Point"",""coordinates"":[108.556741591748,14.339536565085119]}"
586,0,1091,0.7838300585629386,6,98,"{""geodesic"":false,""type"":""Point"",""coordinates"":[108.46996433530205,14.493956962425266]}"
587,0,933,0.2666659593933244,12,97,"{""geodesic"":false,""type"":""Point"",""coordinates"":[108.59554881202195,14.450298839617055]}"
588,0,750,0.013635207237422065,3,97,"{""geodesic"":false,""type"":""Point"",""coordinates"":[108.65941902872282,14.240093063133088]}"
589,0,1108,0.6713467365002161,14,97,"{""geodesic"":false,""type"":""Point"",""coordinates"":[108.32335928093374,14.289680066816487]}"
590,0,849,0.6623422138116435,5,37,"{""geodesic"":false,""type"":""Point"",""coordinates"":[108.5314091007358,14.35462826185833]}"
591,0,864,0.4336577954742252,8,97,"{""geodesic"":false,""type"":""Point"",""coordinates"":[108.61818635718174,14.350855337665024]}"
592,0,650,0.394965819167412,15,76,"{""geodesic"":false,""type"":""Point"",""coordinates"":[108.59312336075482,14.227426817627006]}"
593,0,777,0.365428216664591,31,98,"{""geodesic"":false,""type"":""Point"",""coordinates"":[108.43331307170996,14.296956420617853]}"
594,0,895,0.5208690495617554,33,95,"{""geodesic"":false,""type"":""Point"",""coordinates"":[108.44031993092608,14.363521583171114]}"
595,0,1216,0.19052990204031528,3,97,"{""geodesic"":false,""type"":""Point"",""coordinates"":[108.42576722332336,14.526565807238804]}"
596,0,1216,0.17159887574962485,4,97,"{""geodesic"":false,""type"":""Point"",""coordinates"":[108.44786577931268,14.550281330739558]}"
598,0,894,0.7601794776711173,6,97,"{""geodesic"":false,""type"":""Point"",""coordinates"":[108.61360494923275,14.355975734784508]}"
599,0,1255,0.7227079462392569,15,97,"{""geodesic"":false,""type"":""Point"",""coordinates"":[108.38642101387893,14.567528984194652]}"
601,0,1096,0.16569790733503353,35,98,"{""geodesic"":false,""type"":""Point"",""coordinates"":[108.46996433530205,14.138763099084407]}"
602,0,711,0.0625210249991287,15,97,"{""geodesic"":false,""type"":""Point"",""coordinates"":[108.64055440775633,14.211796131683322]}"
603,0,1188,0.38995362452456794,19,95,"{""geodesic"":false,""type"":""Point"",""coordinates"":[108.36378346871908,14.491801005743376]}"
604,0,1493,0.25714569142703514,27,95,"{""geodesic"":false,""type"":""Point"",""coordinates"":[108.32901866722369,14.248716889860638]}"
605,0,917,0.5563401854003514,10,97,"{""geodesic"":false,""type"":""Point"",""coordinates"":[108.60066920914142,14.430356240309607]}"
606,0,1309,0.791857780021275,27,91,"{""geodesic"":false,""type"":""Point"",""coordinates"":[108.39369736768026,14.253567792394882]}"
607,0,761,0.335979381099752,21,100,"{""geodesic"":false,""type"":""Point"",""coordinates"":[108.53410404658814,14.127983315674975]}"
608,0,668,0.6891537247776195,14,45,"{""geodesic"":false,""type"":""Point"",""coordinates"":[108.53787697078144,14.12879179943068]}"
609,0,904,0.09191894064475314,14,97,"{""geodesic"":false,""type"":""Point"",""coordinates"":[108.55970603218555,14.405562738467907]}"
611,0,1618,0.3815248024755884,9,95,"{""geodesic"":false,""type"":""Point"",""coordinates"":[108.3699818441795,14.283751185941298]}"
612,0,1014,0.22606367306585762,4,97,"{""geodesic"":false,""type"":""Point"",""coordinates"":[108.5456923137533,14.581003713456447]}"
613,0,720,0.7885732605110253,10,82,"{""geodesic"":false,""type"":""Point"",""coordinates"":[108.60444213333471,14.277283315895637]}"
614,0,1085,0.21877149051759115,9,97,"{""geodesic"":false,""type"":""Point"",""coordinates"":[108.49583581548467,14.510396132124654]}"
615,0,1210,0.34449212916411165,8,95,"{""geodesic"":false,""type"":""Point"",""coordinates"":[108.35650711491775,14.280517250918464]}"
617,0,1130,0.004723954846204248,2,97,"{""geodesic"":false,""type"":""Point"",""coordinates"":[108.39261938933936,14.444100464156634]}"
619,0,998,0.44772474032378096,22,81,"{""geodesic"":false,""type"":""Point"",""coordinates"":[108.33360007517268,14.320671944118608]}"
620,0,1263,0.15865245658465255,17,98,"{""geodesic"":false,""type"":""Point"",""coordinates"":[108.39234989475409,14.539771041915358]}"
623,0,1054,0.16089187111051106,32,97,"{""geodesic"":false,""type"":""Point"",""coordinates"":[108.42307227747096,14.316360030754836]}"
625,0,959,0.6413933060401041,19,97,"{""geodesic"":false,""type"":""Point"",""coordinates"":[108.54380585165666,14.318785482021958]}"
626,0,660,0.27836072188944305,8,97,"{""geodesic"":false,""type"":""Point"",""coordinates"":[108.5861165015387,14.2198809692404]}"
627,0,1127,0.7454471733421798,7,95,"{""geodesic"":false,""type"":""Point"",""coordinates"":[108.39127191641313,14.204519777881956]}"
628,0,1090,0.6138222994695878,23,97,"{""geodesic"":false,""type"":""Point"",""coordinates"":[108.33117462390555,14.315821041584364]}"
630,0,851,0.06052771171804272,10,97,"{""geodesic"":false,""type"":""Point"",""coordinates"":[108.54865675419092,14.382655698722857]}"
631,0,1031,0.35884914949455815,13,91,"{""geodesic"":false,""type"":""Point"",""coordinates"":[108.41822137493676,14.328217792505214]}"
632,0,999,0.4064790835993545,9,97,"{""geodesic"":false,""type"":""Point"",""coordinates"":[108.4575675843812,14.448142882935173]}"
633,0,985,0.6192679227694017,23,86,"{""geodesic"":false,""type"":""Point"",""coordinates"":[108.35057823404253,14.45784468800366]}"
634,0,647,0.32579782888550146,29,45,"{""geodesic"":false,""type"":""Point"",""coordinates"":[108.48532552666046,14.298842882714503]}"
636,0,1109,0.18180981503610694,5,100,"{""geodesic"":false,""type"":""Point"",""coordinates"":[108.42630621249384,14.43898006703715]}"
637,0,931,0.23637948175701118,3,97,"{""geodesic"":false,""type"":""Point"",""coordinates"":[108.56320946179363,14.546508406546259]}"
638,0,1260,0.168327503572257,14,97,"{""geodesic"":false,""type"":""Point"",""coordinates"":[108.49421884797323,14.542196493182487]}"
639,0,1427,0.5517147479898474,24,97,"{""geodesic"":false,""type"":""Point"",""coordinates"":[108.3292881618089,14.246021944008277]}"
640,0,1123,0.2698694543477421,14,98,"{""geodesic"":false,""type"":""Point"",""coordinates"":[108.45568112228455,14.488836565305782]}"
641,0,1083,0.548311937265414,1,97,"{""geodesic"":false,""type"":""Point"",""coordinates"":[108.51982083357063,14.537615085233476]}"
642,0,1089,0.7622447451121616,3,98,"{""geodesic"":false,""type"":""Point"",""coordinates"":[108.4171433965958,14.41822898397399]}"
643,0,1463,0.14590691732766214,27,97,"{""geodesic"":false,""type"":""Point"",""coordinates"":[108.3632444795486,14.32148042787432]}"
644,0,771,0.5601481268000139,13,97,"{""geodesic"":false,""type"":""Point"",""coordinates"":[108.6599580178933,14.252220319468705]}"
645,0,1336,0.001423605167491293,34,97,"{""geodesic"":false,""type"":""Point"",""coordinates"":[108.3376424939512,14.27404938087281]}"
646,0,682,0.2564969679288015,15,87,"{""geodesic"":false,""type"":""Point"",""coordinates"":[108.4661914111087,14.147925914982423]}"
647,0,1217,0.20429445856625839,23,97,"{""geodesic"":false,""type"":""Point"",""coordinates"":[108.35165621238349,14.396938911740357]}"
648,0,961,0.16858597685915222,9,95,"{""geodesic"":false,""type"":""Point"",""coordinates"":[108.53194808990628,14.542196493182487]}"
649,0,660,0.38613771760123017,3,89,"{""geodesic"":false,""type"":""Point"",""coordinates"":[108.66265296374564,14.154393785028084]}"
650,0,846,0.7748594657334907,8,98,"{""geodesic"":false,""type"":""Point"",""coordinates"":[108.60821505752801,14.48075172774871]}"
651,0,1123,0.16343836900160758,12,98,"{""geodesic"":false,""type"":""Point"",""coordinates"":[108.48936794543903,14.523870861386449]}"
652,0,798,0.31889841063240776,16,71,"{""geodesic"":false,""type"":""Point"",""coordinates"":[108.33791198853646,14.423079886508233]}"
653,0,1349,0.7101516556489896,25,91,"{""geodesic"":false,""type"":""Point"",""coordinates"":[108.3662089199862,14.55863566288187]}"
654,0,938,0.003125698850140357,20,95,"{""geodesic"":false,""type"":""Point"",""coordinates"":[108.45352516560263,14.402598298030313]}"
655,0,840,0.18803611602053838,6,95,"{""geodesic"":false,""type"":""Point"",""coordinates"":[108.51496993103643,14.310431149879648]}"
656,0,1102,0.23306131007131592,6,45,"{""geodesic"":false,""type"":""Point"",""coordinates"":[108.42819267459049,14.506353713346115]}"
658,0,900,0.3401711335851302,11,76,"{""geodesic"":false,""type"":""Point"",""coordinates"":[108.5351820249291,14.431973207821017]}"
659,0,1046,0.341251606493747,42,89,"{""geodesic"":false,""type"":""Point"",""coordinates"":[108.31662191630284,14.400981330518896]}"
660,0,1380,0.12187272460984155,11,97,"{""geodesic"":false,""type"":""Point"",""coordinates"":[108.38534303553797,14.165712557607996]}"
662,0,699,0.3711477597346291,14,97,"{""geodesic"":false,""type"":""Point"",""coordinates"":[108.51847336064446,14.253837286980115]}"
664,0,1027,0.16732310088260083,9,94,"{""geodesic"":false,""type"":""Point"",""coordinates"":[108.57614520188497,14.514708045488426]}"
666,0,1062,0.6159894286517577,6,97,"{""geodesic"":false,""type"":""Point"",""coordinates"":[108.42280278288575,14.369180969461063]}"
667,0,1057,0.6868281813774698,13,98,"{""geodesic"":false,""type"":""Point"",""coordinates"":[108.34653581526402,14.324175373726675]}"
668,0,729,0.631729246789689,6,100,"{""geodesic"":false,""type"":""Point"",""coordinates"":[108.53060061698011,14.258418694929127]}"
670,0,915,0.6951220579623193,4,97,"{""geodesic"":false,""type"":""Point"",""coordinates"":[108.55081271087278,14.456766709662716]}"
671,0,1252,0.6639679860038774,5,98,"{""geodesic"":false,""type"":""Point"",""coordinates"":[108.38264808968563,14.573996854240313]}"
672,0,1012,0.344693254766674,22,47,"{""geodesic"":false,""type"":""Point"",""coordinates"":[108.40878906445346,14.400711835933663]}"
674,0,672,0.05737130316921779,4,94,"{""geodesic"":false,""type"":""Point"",""coordinates"":[108.61980332469318,14.191045048620161]}"
675,0,1089,0.15308969981197562,12,97,"{""geodesic"":false,""type"":""Point"",""coordinates"":[108.48451704290477,14.51982844260791]}"
676,0,1108,0.19669460550280404,26,89,"{""geodesic"":false,""type"":""Point"",""coordinates"":[108.43466054463613,14.48452465194201]}"
677,0,1198,0.767728627733817,25,97,"{""geodesic"":false,""type"":""Point"",""coordinates"":[108.36513094164525,14.4656600309755]}"
678,0,1070,0.3889901313219034,7,97,"{""geodesic"":false,""type"":""Point"",""coordinates"":[108.46834736779061,14.460270139270783]}"
679,0,1206,0.14793376951759896,14,95,"{""geodesic"":false,""type"":""Point"",""coordinates"":[108.46753888403492,14.54435244986437]}"
680,0,1150,0.7243291506930254,14,95,"{""geodesic"":false,""type"":""Point"",""coordinates"":[108.43034863127235,14.481560211504416]}"
681,0,686,0.35009102142656434,8,98,"{""geodesic"":false,""type"":""Point"",""coordinates"":[108.65941902872282,14.194548478228228]}"
682,0,740,0.6507290526313044,7,97,"{""geodesic"":false,""type"":""Point"",""coordinates"":[108.63516451605159,14.22634883928606]}"
683,0,910,0.32854031240358605,10,98,"{""geodesic"":false,""type"":""Point"",""coordinates"":[108.5974352741186,14.425235843190123]}"
684,0,794,0.48365480036320696,9,89,"{""geodesic"":false,""type"":""Point"",""coordinates"":[108.48667299958663,14.259496673270071]}"
685,0,1045,0.029356128837029427,9,94,"{""geodesic"":false,""type"":""Point"",""coordinates"":[108.44301487677842,14.179995770625496]}"
686,0,870,0.5858633478732002,8,97,"{""geodesic"":false,""type"":""Point"",""coordinates"":[108.60659809001658,14.394243965888002]}"
687,0,860,0.07006572897387486,4,90,"{""geodesic"":false,""type"":""Point"",""coordinates"":[108.4254977287381,14.193739994472523]}"
688,0,801,0.7262169089503359,19,97,"{""geodesic"":false,""type"":""Point"",""coordinates"":[108.54245837873049,14.29641743144738]}"
689,0,1159,0.6864616183721621,17,97,"{""geodesic"":false,""type"":""Point"",""coordinates"":[108.39800928104404,14.505006240419938]}"
691,0,670,0.08915415378533853,17,89,"{""geodesic"":false,""type"":""Point"",""coordinates"":[108.49502733172898,14.165443063022757]}"
692,0,885,0.6420792645320963,17,66,"{""geodesic"":false,""type"":""Point"",""coordinates"":[108.53491253034389,14.358131691466397]}"
693,0,835,0.7835314440120491,3,97,"{""geodesic"":false,""type"":""Point"",""coordinates"":[108.61629989508509,14.32336688997097]}"
695,0,972,0.6672957595822478,37,98,"{""geodesic"":false,""type"":""Point"",""coordinates"":[108.34276289107072,14.452993785469417]}"
696,0,747,0.01521174068122877,2,97,"{""geodesic"":false,""type"":""Point"",""coordinates"":[108.62168978678983,14.25491526532106]}"
699,0,1420,0.016588299744018542,23,97,"{""geodesic"":false,""type"":""Point"",""coordinates"":[108.35057823404253,14.224462377189411]}"
700,0,1138,0.7697899597012078,8,97,"{""geodesic"":false,""type"":""Point"",""coordinates"":[108.40744159152729,14.35867068063687]}"
701,0,1042,0.014714763960331001,19,97,"{""geodesic"":false,""type"":""Point"",""coordinates"":[108.53545151951431,14.305580247345404]}"
702,0,770,0.12893859500231308,6,96,"{""geodesic"":false,""type"":""Point"",""coordinates"":[108.61980332469318,14.27404938087281]}"
703,0,764,0.14182475743100798,10,90,"{""geodesic"":false,""type"":""Point"",""coordinates"":[108.54191938956001,14.12690533733403]}"
705,0,1119,0.12345566813385345,9,97,"{""geodesic"":false,""type"":""Point"",""coordinates"":[108.44328437136369,14.516055518414603]}"
706,0,902,0.051485482087099466,4,90,"{""geodesic"":false,""type"":""Point"",""coordinates"":[108.52197679025255,14.396938911740357]}"
707,0,563,0.4271854673099651,9,33,"{""geodesic"":false,""type"":""Point"",""coordinates"":[108.5578195700889,14.141458044936769]}"
708,0,1043,0.5761168256277689,5,97,"{""geodesic"":false,""type"":""Point"",""coordinates"":[108.52197679025255,14.51794198051126]}"
709,0,654,0.42855963441165945,26,72,"{""geodesic"":false,""type"":""Point"",""coordinates"":[108.57345025603257,14.243057503570682]}"
710,0,790,0.689768379125392,4,95,"{""geodesic"":false,""type"":""Point"",""coordinates"":[108.64378834277915,14.30234631232257]}"
711,0,975,0.0759642649496014,13,98,"{""geodesic"":false,""type"":""Point"",""coordinates"":[108.49799177216653,14.392626998376585]}"
712,0,978,0.47690418498655307,9,97,"{""geodesic"":false,""type"":""Point"",""coordinates"":[108.53706848702575,14.331990716698513]}"
713,0,1166,0.7533998950576012,27,95,"{""geodesic"":false,""type"":""Point"",""coordinates"":[108.42307227747096,14.498268875789037]}"
714,0,1105,0.6221507755102004,12,97,"{""geodesic"":false,""type"":""Point"",""coordinates"":[108.50257318011558,14.517133496755548]}"
715,0,473,0.5057172638235554,8,56,"{""geodesic"":false,""type"":""Point"",""coordinates"":[108.56806036432789,14.178648297699311]}"
716,0,807,0.004255621251412656,4,69,"{""geodesic"":false,""type"":""Point"",""coordinates"":[108.32874917263842,14.410683135587384]}"
717,0,669,0.41327530394659673,11,86,"{""geodesic"":false,""type"":""Point"",""coordinates"":[108.58827245822056,14.216377539632333]}"
718,0,943,0.7411247331000984,12,97,"{""geodesic"":false,""type"":""Point"",""coordinates"":[108.57910964232252,14.55701869537046]}"
719,0,1463,0.790751671665484,16,98,"{""geodesic"":false,""type"":""Point"",""coordinates"":[108.37833617632185,14.2551847599063]}"
720,0,973,0.487595578964922,9,97,"{""geodesic"":false,""type"":""Point"",""coordinates"":[108.52143780108207,14.454071763810362]}"
721,0,926,0.08202552965366505,8,98,"{""geodesic"":false,""type"":""Point"",""coordinates"":[108.58935043656152,14.453802269225122]}"
722,0,672,0.5815163173082091,11,95,"{""geodesic"":false,""type"":""Point"",""coordinates"":[108.5502737217023,14.271893424190921]}"
723,0,1036,0.05661895529767891,15,90,"{""geodesic"":false,""type"":""Point"",""coordinates"":[108.4661914111087,14.513630067147481]}"
724,0,1056,0.5117870383099137,17,97,"{""geodesic"":false,""type"":""Point"",""coordinates"":[108.4842475483195,14.45973115010031]}"
725,0,919,0.34863148998529225,18,87,"{""geodesic"":false,""type"":""Point"",""coordinates"":[108.48855946168328,14.133103712794451]}"
726,0,500,0.21649186075413862,5,53,"{""geodesic"":false,""type"":""Point"",""coordinates"":[108.53167859532101,14.200746853688656]}"
727,0,1047,0.09791844086272705,11,90,"{""geodesic"":false,""type"":""Point"",""coordinates"":[108.49880025592228,14.461078623026495]}"
728,0,904,0.3138578759508178,14,89,"{""geodesic"":false,""type"":""Point"",""coordinates"":[108.39585332436218,14.227965806797478]}"
729,0,654,0.46316759917740746,11,89,"{""geodesic"":false,""type"":""Point"",""coordinates"":[108.50257318011558,14.178378803114079]}"
730,0,685,0.6824117469637364,3,73,"{""geodesic"":false,""type"":""Point"",""coordinates"":[108.54623130292379,14.285368153452715]}"
731,0,1417,0.6734642907883406,9,98,"{""geodesic"":false,""type"":""Point"",""coordinates"":[108.399087259385,14.167329525119406]}"
732,0,756,0.4184371507044381,9,60,"{""geodesic"":false,""type"":""Point"",""coordinates"":[108.61710837884078,14.283751185941298]}"
733,0,672,0.520381092998101,3,66,"{""geodesic"":false,""type"":""Point"",""coordinates"":[108.42980964210187,14.22823530138271]}"
734,0,777,0.4594396067652361,14,98,"{""geodesic"":false,""type"":""Point"",""coordinates"":[108.59069790948769,14.31097013905012]}"
735,0,938,0.26787348344855444,13,98,"{""geodesic"":false,""type"":""Point"",""coordinates"":[108.5785706531521,14.535728623136826]}"
736,0,811,0.7906134597854936,14,90,"{""geodesic"":false,""type"":""Point"",""coordinates"":[108.6532206532624,14.258418694929127]}"
737,0,912,0.5818303889269991,6,98,"{""geodesic"":false,""type"":""Point"",""coordinates"":[108.58315206110109,14.446256420838516]}"
738,0,1178,0.049662501424709515,12,97,"{""geodesic"":false,""type"":""Point"",""coordinates"":[108.37052083334999,14.4723973956064]}"
739,0,1189,0.18170877054753332,17,97,"{""geodesic"":false,""type"":""Point"",""coordinates"":[108.37025133876477,14.421193424411584]}"
740,0,1347,0.6727390238241294,22,97,"{""geodesic"":false,""type"":""Point"",""coordinates"":[108.36243599579291,14.30908367695347]}"
741,0,1121,0.09548370713494936,23,90,"{""geodesic"":false,""type"":""Point"",""coordinates"":[108.38992444348696,14.209101185830967]}"
742,0,975,0.400956839102798,7,84,"{""geodesic"":false,""type"":""Point"",""coordinates"":[108.43493003922134,14.397208406325596]}"
743,0,749,0.033161481213707544,17,76,"{""geodesic"":false,""type"":""Point"",""coordinates"":[108.48478653748998,14.141727539522002]}"
744,0,1104,0.7955123634430903,35,90,"{""geodesic"":false,""type"":""Point"",""coordinates"":[108.40636361318639,14.467815987657389]}"
745,0,959,0.5007580794086284,7,97,"{""geodesic"":false,""type"":""Point"",""coordinates"":[108.52925314405394,14.411222124757856]}"
747,0,1232,0.4035225939880731,9,95,"{""geodesic"":false,""type"":""Point"",""coordinates"":[108.41768238576628,14.545160933620082]}"
748,0,1246,0.14896470864272493,14,97,"{""geodesic"":false,""type"":""Point"",""coordinates"":[108.4133704724025,14.565912016683242]}"
749,0,1090,0.22037235322173132,20,95,"{""geodesic"":false,""type"":""Point"",""coordinates"":[108.32443725927465,14.289141077646015]}"
750,0,954,0.487741058001818,18,98,"{""geodesic"":false,""type"":""Point"",""coordinates"":[108.53248707907676,14.33387717879517]}"
751,0,1132,0.3515723356671381,7,56,"{""geodesic"":false,""type"":""Point"",""coordinates"":[108.43897245799991,14.50743169168706]}"
752,0,1104,0.08489096811261843,14,98,"{""geodesic"":false,""type"":""Point"",""coordinates"":[108.40878906445346,14.443561474986161]}"
753,0,592,0.46094352668243876,32,78,"{""geodesic"":false,""type"":""Point"",""coordinates"":[108.47023382988726,14.299112377299743]}"
755,0,663,0.0031703631251300823,6,95,"{""geodesic"":false,""type"":""Point"",""coordinates"":[108.44409285511938,14.351124832250264]}"
756,0,765,0.21019729252555164,15,98,"{""geodesic"":false,""type"":""Point"",""coordinates"":[108.45945404647784,14.386159128330924]}"
758,0,838,0.3302675529773448,13,97,"{""geodesic"":false,""type"":""Point"",""coordinates"":[108.51577841479212,14.122054434799786]}"
759,0,750,0.27085187182502635,20,95,"{""geodesic"":false,""type"":""Point"",""coordinates"":[108.4729287757396,14.222306420507522]}"
760,0,1279,0.1323921355113198,19,98,"{""geodesic"":false,""type"":""Point"",""coordinates"":[108.3764497142252,14.181882232722145]}"
762,0,724,0.3980074349423769,4,49,"{""geodesic"":false,""type"":""Point"",""coordinates"":[108.47158130281343,14.19697392949535]}"
763,0,859,0.7276449199904009,18,97,"{""geodesic"":false,""type"":""Point"",""coordinates"":[108.62707967849451,14.481829706089655]}"
764,0,666,0.22081879662350856,13,98,"{""geodesic"":false,""type"":""Point"",""coordinates"":[108.55916704301507,14.22176743133705]}"
765,0,1155,0.44927074877825257,36,87,"{""geodesic"":false,""type"":""Point"",""coordinates"":[108.37159881169094,14.190775554034929]}"
767,0,1203,0.10641967169630384,22,97,"{""geodesic"":false,""type"":""Point"",""coordinates"":[108.34734429901971,14.32121093328908]}"
768,0,1224,0.7150317934101461,40,95,"{""geodesic"":false,""type"":""Point"",""coordinates"":[108.41148401030586,14.336033135477052]}"
769,0,784,0.08407240156258289,11,97,"{""geodesic"":false,""type"":""Point"",""coordinates"":[108.66292245833091,14.249525373616343]}"
771,0,843,0.6886320119195956,15,97,"{""geodesic"":false,""type"":""Point"",""coordinates"":[108.6305831081026,14.367833496534885]}"
772,0,1074,0.14211284696453763,23,97,"{""geodesic"":false,""type"":""Point"",""coordinates"":[108.3433018802412,14.355436745614035]}"
773,0,677,0.7552277969294914,6,97,"{""geodesic"":false,""type"":""Point"",""coordinates"":[108.59177588782865,14.26138313536672]}"
774,0,969,0.5857188089771889,23,97,"{""geodesic"":false,""type"":""Point"",""coordinates"":[108.43412155546565,14.347351908056957]}"
775,0,863,0.3038661609914185,28,95,"{""geodesic"":false,""type"":""Point"",""coordinates"":[108.46942534613157,14.24278800898545]}"
776,0,672,0.43975028531318905,1,54,"{""geodesic"":false,""type"":""Point"",""coordinates"":[108.54084141121905,14.27377988628757]}"
777,0,1171,0.3274205363761076,15,97,"{""geodesic"":false,""type"":""Point"",""coordinates"":[108.42765368542001,14.48452465194201]}"
779,0,1233,0.615566766074878,10,97,"{""geodesic"":false,""type"":""Point"",""coordinates"":[108.41390946157298,14.55863566288187]}"
780,0,896,0.14603877586349068,18,97,"{""geodesic"":false,""type"":""Point"",""coordinates"":[108.55108220545804,14.434668153673378]}"
781,0,701,0.38032230789918253,17,97,"{""geodesic"":false,""type"":""Point"",""coordinates"":[108.49583581548467,14.208831691245727]}"
783,0,772,0.16253418151105037,21,89,"{""geodesic"":false,""type"":""Point"",""coordinates"":[108.49098491295041,14.176492341017429]}"
784,0,721,0.2109474216869961,20,97,"{""geodesic"":false,""type"":""Point"",""coordinates"":[108.4842475483195,14.264347575804315]}"
785,0,785,0.6948090726584918,21,97,"{""geodesic"":false,""type"":""Point"",""coordinates"":[108.4575675843812,14.308544687782998]}"
788,0,755,0.30097460028457723,9,91,"{""geodesic"":false,""type"":""Point"",""coordinates"":[108.5977047687038,14.300190355640687]}"
789,0,886,0.5843549685722155,11,89,"{""geodesic"":false,""type"":""Point"",""coordinates"":[108.44867426306837,14.31474306324342]}"
790,0,847,0.007527408127906421,21,86,"{""geodesic"":false,""type"":""Point"",""coordinates"":[108.41202299947633,14.252220319468705]}"
791,0,719,0.26295094815890563,9,97,"{""geodesic"":false,""type"":""Point"",""coordinates"":[108.53626000327006,14.287524110134598]}"
792,0,1181,0.4972819862505201,30,98,"{""geodesic"":false,""type"":""Point"",""coordinates"":[108.41444845074346,14.362713099415402]}"
793,0,897,0.5500409119102709,5,98,"{""geodesic"":false,""type"":""Point"",""coordinates"":[108.59069790948769,14.435476637429083]}"
795,0,1087,0.32079666143586094,10,98,"{""geodesic"":false,""type"":""Point"",""coordinates"":[108.40420765650447,14.434129164502906]}"
796,0,898,0.6728849155715241,16,89,"{""geodesic"":false,""type"":""Point"",""coordinates"":[108.43088762044283,14.181073748966433]}"
797,0,828,0.333241214650807,26,97,"{""geodesic"":false,""type"":""Point"",""coordinates"":[108.49772227758132,14.345195951375075]}"
798,0,873,0.6092722063349293,22,90,"{""geodesic"":false,""type"":""Point"",""coordinates"":[108.41876036410719,14.181343243551673]}"
799,0,939,0.4407794040966576,12,97,"{""geodesic"":false,""type"":""Point"",""coordinates"":[108.62007281927839,14.51120461588036]}"
800,0,987,0.3441093070185779,8,85,"{""geodesic"":false,""type"":""Point"",""coordinates"":[108.4537946601879,14.450029345031822]}"
801,0,1035,0.6195424312569741,17,98,"{""geodesic"":false,""type"":""Point"",""coordinates"":[108.47831866744434,14.465121041805027]}"
802,0,694,0.08908318032819185,8,90,"{""geodesic"":false,""type"":""Point"",""coordinates"":[108.58423003944205,14.234972666013611]}"
805,0,702,0.24116929037570523,14,89,"{""geodesic"":false,""type"":""Point"",""coordinates"":[108.60013021997094,14.278630788821815]}"
806,0,907,0.07788742089127998,15,97,"{""geodesic"":false,""type"":""Point"",""coordinates"":[108.59851325245955,14.504197756664226]}"
807,0,1296,0.5439145687021693,24,97,"{""geodesic"":false,""type"":""Point"",""coordinates"":[108.3112320245981,14.351933316005969]}"
809,0,865,0.10149913027220303,38,86,"{""geodesic"":false,""type"":""Point"",""coordinates"":[108.42603671790857,14.254376276150587]}"
810,0,1172,0.5692257610342316,2,97,"{""geodesic"":false,""type"":""Point"",""coordinates"":[108.41067552655011,14.363791077756346]}"
811,0,1036,0.7496348983541788,13,97,"{""geodesic"":false,""type"":""Point"",""coordinates"":[108.44867426306837,14.465121041805027]}"
812,0,1355,0.07083144607400516,23,98,"{""geodesic"":false,""type"":""Point"",""coordinates"":[108.38911595973127,14.345465445960308]}"
813,0,928,0.25961009902977517,9,97,"{""geodesic"":false,""type"":""Point"",""coordinates"":[108.53652949785527,14.477787287311116]}"
814,0,842,0.31923397099156814,6,99,"{""geodesic"":false,""type"":""Point"",""coordinates"":[108.63139159185829,14.343309489278425]}"
815,0,917,0.09872518797421437,18,98,"{""geodesic"":false,""type"":""Point"",""coordinates"":[108.54407534624187,14.340884038011296]}"
816,0,843,0.7704639509431436,19,90,"{""geodesic"":false,""type"":""Point"",""coordinates"":[108.59015892031721,14.409874651831679]}"
818,0,576,0.5269631704052691,39,85,"{""geodesic"":false,""type"":""Point"",""coordinates"":[108.53033112239484,14.228774290553183]}"
820,0,1096,0.10850619531859096,19,97,"{""geodesic"":false,""type"":""Point"",""coordinates"":[108.4548726385288,14.483177179015833]}"
821,0,810,0.28810083855068724,19,97,"{""geodesic"":false,""type"":""Point"",""coordinates"":[108.43951144717039,14.315551546999131]}"
822,0,924,0.22998623367266147,18,98,"{""geodesic"":false,""type"":""Point"",""coordinates"":[108.51982083357063,14.313395590317242]}"
823,0,1017,0.4327375353765428,18,97,"{""geodesic"":false,""type"":""Point"",""coordinates"":[108.46942534613157,14.469971944339278]}"
824,0,748,0.07958156618500434,3,95,"{""geodesic"":false,""type"":""Point"",""coordinates"":[108.62276776513073,14.26165262995196]}"
825,0,1192,0.7618577195346973,7,95,"{""geodesic"":false,""type"":""Point"",""coordinates"":[108.32901866722369,14.260844146196249]}"
826,0,891,0.3659645565400437,17,90,"{""geodesic"":false,""type"":""Point"",""coordinates"":[108.38857697056079,14.192123026961106]}"
827,0,664,0.48629853478706897,7,89,"{""geodesic"":false,""type"":""Point"",""coordinates"":[108.50176469635983,14.316899019925309]}"
828,0,1066,0.47872960940371323,12,95,"{""geodesic"":false,""type"":""Point"",""coordinates"":[108.41849086952197,14.420654435241111]}"
829,0,728,0.1577261231486754,3,97,"{""geodesic"":false,""type"":""Point"",""coordinates"":[108.65295115867718,14.2093706804162]}"
830,0,692,0.5717128075451389,9,98,"{""geodesic"":false,""type"":""Point"",""coordinates"":[108.62465422722738,14.244943965667332]}"
831,0,1036,0.6417088213766603,7,98,"{""geodesic"":false,""type"":""Point"",""coordinates"":[108.51119700684313,14.492339994913848]}"
832,0,1254,0.5866458802539012,22,95,"{""geodesic"":false,""type"":""Point"",""coordinates"":[108.3036861762115,14.409605157246446]}"
833,0,871,0.056197367922837915,9,83,"{""geodesic"":false,""type"":""Point"",""coordinates"":[108.33360007517268,14.376996312432901]}"
835,0,1229,0.7223738880586343,31,90,"{""geodesic"":false,""type"":""Point"",""coordinates"":[108.37564123046945,14.222575915092762]}"
837,0,1017,0.13515739140268712,14,98,"{""geodesic"":false,""type"":""Point"",""coordinates"":[108.38561253012318,14.181612738136906]}"
838,0,1130,0.052729110398164636,9,85,"{""geodesic"":false,""type"":""Point"",""coordinates"":[108.38642101387893,14.489375554476254]}"
840,0,899,0.7194653228413694,12,98,"{""geodesic"":false,""type"":""Point"",""coordinates"":[108.4661914111087,14.343578983863658]}"
841,0,1103,0.08198297562137857,6,98,"{""geodesic"":false,""type"":""Point"",""coordinates"":[108.40339917274878,14.468354976827861]}"
842,0,1421,0.01566574734631454,40,98,"{""geodesic"":false,""type"":""Point"",""coordinates"":[108.36081902828153,14.371067431557712]}"
843,0,653,0.43058461337822895,1,56,"{""geodesic"":false,""type"":""Point"",""coordinates"":[108.48020512954099,14.21799450714375]}"
844,0,1122,0.16403906236361276,14,97,"{""geodesic"":false,""type"":""Point"",""coordinates"":[108.39639231353266,14.458922666344606]}"
845,0,952,0.14175555533358408,12,97,"{""geodesic"":false,""type"":""Point"",""coordinates"":[108.53922444370767,14.479673749407766]}"
846,0,1049,0.040442298442353364,14,97,"{""geodesic"":false,""type"":""Point"",""coordinates"":[108.39881776479973,14.414725554365923]}"
847,0,1010,0.78433151973108,5,95,"{""geodesic"":false,""type"":""Point"",""coordinates"":[108.51470043645116,14.298303893544038]}"
848,0,963,0.2953869923711563,4,98,"{""geodesic"":false,""type"":""Point"",""coordinates"":[108.52440224151968,14.413108586854506]}"
850,0,1049,0.01914465365703888,7,97,"{""geodesic"":false,""type"":""Point"",""coordinates"":[108.44274538219321,14.156010752539501]}"
851,0,975,0.15795910254253542,10,97,"{""geodesic"":false,""type"":""Point"",""coordinates"":[108.51092751225787,14.456227720492244]}"
853,0,977,0.5318070306353226,11,90,"{""geodesic"":false,""type"":""Point"",""coordinates"":[108.44759628472747,14.381847214967152]}"
854,0,645,0.37567179054790145,25,89,"{""geodesic"":false,""type"":""Point"",""coordinates"":[108.4360080175623,14.285907142623188]}"
855,0,939,0.430749883781929,5,95,"{""geodesic"":false,""type"":""Point"",""coordinates"":[108.41983834244814,14.266503532486205]}"
856,0,1490,0.7493798830104988,19,97,"{""geodesic"":false,""type"":""Point"",""coordinates"":[108.34626632067875,14.271893424190921]}"
858,0,859,0.5587517540609831,7,72,"{""geodesic"":false,""type"":""Point"",""coordinates"":[108.47212029198391,14.31932447119243]}"
859,0,694,0.5606298582902881,29,58,"{""geodesic"":false,""type"":""Point"",""coordinates"":[108.4548726385288,14.371067431557712]}"
860,0,705,0.6119786229624531,5,94,"{""geodesic"":false,""type"":""Point"",""coordinates"":[108.6165693896703,14.270545951264744]}"
862,0,1050,0.11835363280592992,5,97,"{""geodesic"":false,""type"":""Point"",""coordinates"":[108.54730928126469,14.500963821641399]}"
863,0,777,0.05109668940133838,16,49,"{""geodesic"":false,""type"":""Point"",""coordinates"":[108.46969484071678,14.236859128110261]}"
865,0,954,0.09499013664142064,17,97,"{""geodesic"":false,""type"":""Point"",""coordinates"":[108.5529686675547,14.322558406215265]}"
867,0,1026,0.3255664718693232,18,97,"{""geodesic"":false,""type"":""Point"",""coordinates"":[108.46026253023354,14.456227720492244]}"
868,0,859,0.404975836624902,26,98,"{""geodesic"":false,""type"":""Point"",""coordinates"":[108.62815765683547,14.476978803555404]}"
869,0,836,0.5866945879808355,20,95,"{""geodesic"":false,""type"":""Point"",""coordinates"":[108.5276361765425,14.087289633304358]}"
871,0,684,0.45456555525836984,9,87,"{""geodesic"":false,""type"":""Point"",""coordinates"":[108.48748148334238,14.143344507033419]}"
872,0,936,0.7771913526107964,3,97,"{""geodesic"":false,""type"":""Point"",""coordinates"":[108.52359375776393,14.47401436311781]}"
875,0,542,0.2739904135289509,21,76,"{""geodesic"":false,""type"":""Point"",""coordinates"":[108.54919574336134,14.152776817516674]}"
876,0,777,0.2847013597492767,31,97,"{""geodesic"":false,""type"":""Point"",""coordinates"":[108.45702859521072,14.38777609584234]}"
877,0,921,0.5978002282107956,24,98,"{""geodesic"":false,""type"":""Point"",""coordinates"":[108.41633491284011,14.229852268894128]}"
878,0,996,0.522512033621342,20,98,"{""geodesic"":false,""type"":""Point"",""coordinates"":[108.55054321628756,14.347082413471725]}"
879,0,1027,0.07266727451900579,17,90,"{""geodesic"":false,""type"":""Point"",""coordinates"":[108.53275657366197,14.559444146637581]}"
880,0,767,0.10843951726167889,13,97,"{""geodesic"":false,""type"":""Point"",""coordinates"":[108.63408653771069,14.277283315895637]}"
881,0,1566,0.510264601415023,12,97,"{""geodesic"":false,""type"":""Point"",""coordinates"":[108.35812408242913,14.329026276260919]}"
882,0,519,0.6195928145759285,6,70,"{""geodesic"":false,""type"":""Point"",""coordinates"":[108.53248707907676,14.145500463715301]}"
883,0,1220,0.29131054286000424,9,97,"{""geodesic"":false,""type"":""Point"",""coordinates"":[108.40851956986825,14.531686204358287]}"
884,0,1427,0.44145463539946017,8,97,"{""geodesic"":false,""type"":""Point"",""coordinates"":[108.35893256618488,14.231199741820305]}"
885,0,1031,0.512964959644451,4,97,"{""geodesic"":false,""type"":""Point"",""coordinates"":[108.47373725949535,14.472936384776872]}"
888,0,886,0.2760941146526503,35,89,"{""geodesic"":false,""type"":""Point"",""coordinates"":[108.32470675385991,14.387237106671869]}"
889,0,999,0.7252885051759396,23,97,"{""geodesic"":false,""type"":""Point"",""coordinates"":[108.53706848702575,14.538423568989181]}"
890,0,702,0.02417188952929339,15,98,"{""geodesic"":false,""type"":""Point"",""coordinates"":[108.61441343298844,14.2409015468888]}"
891,0,1020,0.6069936238530196,14,97,"{""geodesic"":false,""type"":""Point"",""coordinates"":[108.48397805373429,14.448142882935173]}"
892,0,972,0.29098104174439,12,97,"{""geodesic"":false,""type"":""Point"",""coordinates"":[108.5098495339169,14.417689994803517]}"
893,0,1216,0.4953227263770429,35,97,"{""geodesic"":false,""type"":""Point"",""coordinates"":[108.40420765650447,14.304232774419226]}"
896,0,1021,0.706496721266014,13,97,"{""geodesic"":false,""type"":""Point"",""coordinates"":[108.58018762066348,14.483446673601065]}"
897,0,698,0.7616572388300474,32,90,"{""geodesic"":false,""type"":""Point"",""coordinates"":[108.55970603218555,14.130139272356857]}"
898,0,1528,0.3781611209553768,26,97,"{""geodesic"":false,""type"":""Point"",""coordinates"":[108.37079032793525,14.257610211173422]}"
899,0,1001,0.06950782583762605,25,97,"{""geodesic"":false,""type"":""Point"",""coordinates"":[108.38965494890175,14.18269071647785]}"
901,0,870,0.7621197692603265,18,97,"{""geodesic"":false,""type"":""Point"",""coordinates"":[108.47697119451817,14.354089272687858]}"
902,0,1202,0.7894651706018267,5,95,"{""geodesic"":false,""type"":""Point"",""coordinates"":[108.40905855903873,14.518211475096493]}"
903,0,1007,0.24282161072743147,17,98,"{""geodesic"":false,""type"":""Point"",""coordinates"":[108.37995314383323,14.187002629841622]}"
904,0,961,0.5569254038155033,9,97,"{""geodesic"":false,""type"":""Point"",""coordinates"":[108.54542281916804,14.468085482242621]}"
905,0,841,0.2692388280764101,8,90,"{""geodesic"":false,""type"":""Point"",""coordinates"":[108.4842475483195,14.12286291855549]}"
906,0,1206,0.4493412244848034,37,90,"{""geodesic"":false,""type"":""Point"",""coordinates"":[108.36378346871908,14.351124832250264]}"
907,0,864,0.6432844609109218,6,98,"{""geodesic"":false,""type"":""Point"",""coordinates"":[108.58827245822056,14.377535301603373]}"
908,0,1295,0.16210478184606036,14,97,"{""geodesic"":false,""type"":""Point"",""coordinates"":[108.37052083334999,14.364330066926819]}"
909,0,915,0.692031261197789,3,98,"{""geodesic"":false,""type"":""Point"",""coordinates"":[108.47050332447247,14.339806059670359]}"
910,0,1380,0.5355852762121175,18,97,"{""geodesic"":false,""type"":""Point"",""coordinates"":[108.36189700662243,14.27404938087281]}"
911,0,873,0.17205422146254945,9,100,"{""geodesic"":false,""type"":""Point"",""coordinates"":[108.54919574336134,14.435476637429083]}"
913,0,1056,0.6583710096517301,3,97,"{""geodesic"":false,""type"":""Point"",""coordinates"":[108.5012257071894,14.492339994913848]}"
914,0,896,0.7010503917130539,10,95,"{""geodesic"":false,""type"":""Point"",""coordinates"":[108.53787697078144,14.386967612086629]}"
915,0,1252,0.3466631529018157,13,97,"{""geodesic"":false,""type"":""Point"",""coordinates"":[108.30718960581959,14.399364363007479]}"
916,0,1223,0.644315848593419,6,97,"{""geodesic"":false,""type"":""Point"",""coordinates"":[108.38103112217419,14.530608226017343]}"
917,0,1481,0.2697430485104534,32,92,"{""geodesic"":false,""type"":""Point"",""coordinates"":[108.33440855892837,14.254106781565355]}"
918,0,1180,0.3532730111171497,13,97,"{""geodesic"":false,""type"":""Point"",""coordinates"":[108.465382927353,14.52818277475022]}"
919,0,1188,0.6859041198741626,39,90,"{""geodesic"":false,""type"":""Point"",""coordinates"":[108.41202299947633,14.268389994582854]}"
921,0,1296,0.27006134377461377,22,97,"{""geodesic"":false,""type"":""Point"",""coordinates"":[108.31689141088805,14.32552284665286]}"
922,0,1166,0.4091478866031548,10,98,"{""geodesic"":false,""type"":""Point"",""coordinates"":[108.45999303564832,14.086211654963414]}"
923,0,1498,0.658966400584059,32,97,"{""geodesic"":false,""type"":""Point"",""coordinates"":[108.3915414109984,14.336572124647525]}"
924,0,1167,0.4434138596827576,30,87,"{""geodesic"":false,""type"":""Point"",""coordinates"":[108.32362877551896,14.28806309930507]}"
925,0,985,0.11756767824997749,7,97,"{""geodesic"":false,""type"":""Point"",""coordinates"":[108.54218888414522,14.571571402973191]}"
926,0,1138,0.12547271467583987,14,91,"{""geodesic"":false,""type"":""Point"",""coordinates"":[108.42980964210187,14.464312558049322]}"
927,0,1032,0.06945740643199771,13,98,"{""geodesic"":false,""type"":""Point"",""coordinates"":[108.37402426295807,14.188080608182567]}"
928,0,1067,0.056634367345416936,25,98,"{""geodesic"":false,""type"":""Point"",""coordinates"":[108.52844466029819,14.309892160709175]}"
929,0,1017,0.02011933971058677,4,97,"{""geodesic"":false,""type"":""Point"",""coordinates"":[108.56967733183927,14.509587648368942]}"
930,0,1051,0.018439667018565364,9,72,"{""geodesic"":false,""type"":""Point"",""coordinates"":[108.44058942551129,14.42685281070154]}"
932,0,1227,0.7749897146185072,28,95,"{""geodesic"":false,""type"":""Point"",""coordinates"":[108.3594715553553,14.348968875568374]}"
934,0,993,0.5650276436689187,8,95,"{""geodesic"":false,""type"":""Point"",""coordinates"":[108.53248707907676,14.552437287421448]}"
936,0,711,0.6518912840233108,9,97,"{""geodesic"":false,""type"":""Point"",""coordinates"":[108.60390314416424,14.285098658867476]}"
937,0,1054,0.38647087476684105,7,97,"{""geodesic"":false,""type"":""Point"",""coordinates"":[108.4880204725128,14.53006923684687]}"
938,0,717,0.17693224737018387,5,97,"{""geodesic"":false,""type"":""Point"",""coordinates"":[108.65402913701809,14.206136745393373]}"
939,0,799,0.5586209116660339,5,97,"{""geodesic"":false,""type"":""Point"",""coordinates"":[108.64055440775633,14.264617070389555]}"
940,0,1118,0.5742766262923461,22,95,"{""geodesic"":false,""type"":""Point"",""coordinates"":[108.31931686215518,14.311778622805825]}"
941,0,968,0.6800429894978918,16,95,"{""geodesic"":false,""type"":""Point"",""coordinates"":[108.50769357723505,14.44733439917946]}"
942,0,886,0.4189348009160705,18,97,"{""geodesic"":false,""type"":""Point"",""coordinates"":[108.43196559878379,14.33765010298847]}"
943,0,570,0.1970410452384438,22,78,"{""geodesic"":false,""type"":""Point"",""coordinates"":[108.54865675419092,14.176761835602662]}"
944,0,687,0.5936674880063413,18,78,"{""geodesic"":false,""type"":""Point"",""coordinates"":[108.42576722332336,14.248177900690166]}"
945,0,1441,0.6774379668535649,9,97,"{""geodesic"":false,""type"":""Point"",""coordinates"":[108.35435115823583,14.233894687672667]}"
946,0,1144,0.7245534778937184,14,97,"{""geodesic"":false,""type"":""Point"",""coordinates"":[108.3583935770144,14.436285121184795]}"
947,0,804,0.058531429264914836,17,97,"{""geodesic"":false,""type"":""Point"",""coordinates"":[108.60821505752801,14.310161655294415]}"
948,0,631,0.17641641515681472,11,95,"{""geodesic"":false,""type"":""Point"",""coordinates"":[108.58800296363535,14.206675734563845]}"
949,0,1025,0.10785823498371139,23,97,"{""geodesic"":false,""type"":""Point"",""coordinates"":[108.55943653760033,14.57965624053027]}"
950,0,1098,0.7470718647135713,17,98,"{""geodesic"":false,""type"":""Point"",""coordinates"":[108.36405296330435,14.215030066706156]}"
951,0,1013,0.37743860473255886,6,97,"{""geodesic"":false,""type"":""Point"",""coordinates"":[108.54973473253182,14.479404254822526]}"
953,0,1183,0.1800942021258911,19,97,"{""geodesic"":false,""type"":""Point"",""coordinates"":[108.39019393807223,14.214491077535683]}"
954,0,940,0.6690530752272028,6,98,"{""geodesic"":false,""type"":""Point"",""coordinates"":[108.61872534635222,14.505006240419938]}"
955,0,613,0.3487828654168764,30,52,"{""geodesic"":false,""type"":""Point"",""coordinates"":[108.49017642919472,14.169485481801296]}"
956,0,1027,0.5229939558304029,14,97,"{""geodesic"":false,""type"":""Point"",""coordinates"":[108.54218888414522,14.53033873143211]}"
957,0,747,0.6684447091444872,3,85,"{""geodesic"":false,""type"":""Point"",""coordinates"":[108.51955133898542,14.285637648037948]}"
958,0,1513,0.7463637044477603,18,97,"{""geodesic"":false,""type"":""Point"",""coordinates"":[108.3813006167594,14.340884038011296]}"
959,0,944,0.776405136940075,15,97,"{""geodesic"":false,""type"":""Point"",""coordinates"":[108.59554881202195,14.520097937193142]}"
960,0,927,0.6478911772851859,16,97,"{""geodesic"":false,""type"":""Point"",""coordinates"":[108.58638599612391,14.486950103209132]}"
961,0,1037,0.754647336223776,33,97,"{""geodesic"":false,""type"":""Point"",""coordinates"":[108.37995314383323,14.219072485484695]}"
963,0,878,0.1216854863487069,33,97,"{""geodesic"":false,""type"":""Point"",""coordinates"":[108.4767016999329,14.22634883928606]}"
964,0,1030,0.2856676314508724,18,97,"{""geodesic"":false,""type"":""Point"",""coordinates"":[108.31904736756996,14.378343785359085]}"
965,0,1412,0.28882150428794573,6,97,"{""geodesic"":false,""type"":""Point"",""coordinates"":[108.39585332436218,14.167060030534174]}"
966,0,949,0.7679263345909945,6,98,"{""geodesic"":false,""type"":""Point"",""coordinates"":[108.57264177227688,14.46000064468555]}"
967,0,1529,0.19191316433380912,29,97,"{""geodesic"":false,""type"":""Point"",""coordinates"":[108.39477534602122,14.332260211283753]}"
968,0,802,0.03205496990106671,3,97,"{""geodesic"":false,""type"":""Point"",""coordinates"":[108.62034231386366,14.297764904373565]}"
970,0,1009,0.34437002399251526,36,45,"{""geodesic"":false,""type"":""Point"",""coordinates"":[108.44463184428986,14.440058045378095]}"
971,0,1260,0.7357703532607287,9,97,"{""geodesic"":false,""type"":""Point"",""coordinates"":[108.41525693449915,14.56914595170607]}"
972,0,1066,0.28724532245723244,3,97,"{""geodesic"":false,""type"":""Point"",""coordinates"":[108.47885765661482,14.503119778323288]}"
973,0,699,0.7259267559416274,2,97,"{""geodesic"":false,""type"":""Point"",""coordinates"":[108.5977047687038,14.247369416934454]}"
974,0,1541,0.5187286710174407,10,97,"{""geodesic"":false,""type"":""Point"",""coordinates"":[108.3839955626118,14.286715626378893]}"
977,0,749,0.706396599941379,3,95,"{""geodesic"":false,""type"":""Point"",""coordinates"":[108.62061180844887,14.251681330298233]}"
978,0,959,0.6726520232709695,18,95,"{""geodesic"":false,""type"":""Point"",""coordinates"":[108.33952895604784,14.348968875568374]}"
979,0,1029,0.7287286527010164,12,97,"{""geodesic"":false,""type"":""Point"",""coordinates"":[108.46726938944965,14.473475373947338]}"
981,0,762,0.7701585915371192,6,90,"{""geodesic"":false,""type"":""Point"",""coordinates"":[108.4217248045448,14.251950824883465]}"
982,0,1220,0.28895238853917826,9,97,"{""geodesic"":false,""type"":""Point"",""coordinates"":[108.37914466007754,14.411222124757856]}"
983,0,850,0.23370277065508527,25,97,"{""geodesic"":false,""type"":""Point"",""coordinates"":[108.59069790948769,14.390740536279935]}"
984,0,1133,0.12939768964316312,17,92,"{""geodesic"":false,""type"":""Point"",""coordinates"":[108.41013653737969,14.17056346014224]}"
985,0,666,0.4527931710738555,30,100,"{""geodesic"":false,""type"":""Point"",""coordinates"":[108.50742408264983,14.289141077646015]}"
986,0,1217,0.2902198357537519,10,98,"{""geodesic"":false,""type"":""Point"",""coordinates"":[108.38938545431648,14.533303171869704]}"
987,0,647,0.4505673870837321,18,90,"{""geodesic"":false,""type"":""Point"",""coordinates"":[108.61576090591461,14.215569055876628]}"
988,0,1254,0.7434632465151608,3,98,"{""geodesic"":false,""type"":""Point"",""coordinates"":[108.37671920881041,14.56510353292753]}"
989,0,1149,0.4579037550115689,11,98,"{""geodesic"":false,""type"":""Point"",""coordinates"":[108.4548726385288,14.485872124868187]}"
990,0,1104,0.5597155514611739,24,97,"{""geodesic"":false,""type"":""Point"",""coordinates"":[108.41741289118102,14.457305698833189]}"
991,0,1030,0.5235523535090065,11,97,"{""geodesic"":false,""type"":""Point"",""coordinates"":[108.44705729555699,14.464851547219794]}"
992,0,876,0.27396832309415753,5,79,"{""geodesic"":false,""type"":""Point"",""coordinates"":[108.54623130292379,14.438441077866678]}"
993,0,1203,0.3544627627012271,31,97,"{""geodesic"":false,""type"":""Point"",""coordinates"":[108.33521704268412,14.299381871884975]}"
995,0,1019,0.7707178112584211,1,97,"{""geodesic"":false,""type"":""Point"",""coordinates"":[108.49502733172898,14.437363099525733]}"
996,0,1076,0.6540126509645681,19,97,"{""geodesic"":false,""type"":""Point"",""coordinates"":[108.43708599590326,14.22176743133705]}"
997,0,1039,0.1812001848989212,18,97,"{""geodesic"":false,""type"":""Point"",""coordinates"":[108.5276361765425,14.324983857482387]}"
998,0,1227,0.4460969899137929,12,97,"{""geodesic"":false,""type"":""Point"",""coordinates"":[108.40178220523734,14.550011836154326]}"
1001,0,880,0.3648863907941533,4,97,"{""geodesic"":false,""type"":""Point"",""coordinates"":[108.56347895637884,14.414725554365923]}"
1002,0,1139,0.1305871516254019,7,98,"{""geodesic"":false,""type"":""Point"",""coordinates"":[108.4616100031597,14.505006240419938]}"
1004,0,568,0.6873887825056485,3,33,"{""geodesic"":false,""type"":""Point"",""coordinates"":[108.55997552677081,14.199938369932944]}"
1005,0,1331,0.39808143286715936,14,97,"{""geodesic"":false,""type"":""Point"",""coordinates"":[108.38183960592988,14.408257684320262]}"
1006,0,1289,0.21648470785212992,7,97,"{""geodesic"":false,""type"":""Point"",""coordinates"":[108.36189700662243,14.57561382175173]}"
1008,0,1221,0.22985788532035212,20,97,"{""geodesic"":false,""type"":""Point"",""coordinates"":[108.36647841457147,14.49287898408432]}"
1009,0,806,0.6555112128859538,9,97,"{""geodesic"":false,""type"":""Point"",""coordinates"":[108.5747977289588,14.31932447119243]}"
1010,0,854,0.17624977961436095,17,95,"{""geodesic"":false,""type"":""Point"",""coordinates"":[108.47697119451817,14.326870319579037]}"
1011,0,766,0.20122007903908246,22,98,"{""geodesic"":false,""type"":""Point"",""coordinates"":[108.5909674040729,14.31474306324342]}"
1012,0,739,0.5169145690994308,8,74,"{""geodesic"":false,""type"":""Point"",""coordinates"":[108.41148401030586,14.209909669586672]}"
1013,0,935,0.3848498083689893,14,97,"{""geodesic"":false,""type"":""Point"",""coordinates"":[108.56671289140172,14.569684940876542]}"
1014,0,537,0.24127747740997607,12,64,"{""geodesic"":false,""type"":""Point"",""coordinates"":[108.52628870361633,14.143883496203891]}"
1016,0,1077,0.3057090697354733,9,89,"{""geodesic"":false,""type"":""Point"",""coordinates"":[108.45918455189258,14.515516529244131]}"
1017,0,1065,0.6186637076447529,4,70,"{""geodesic"":false,""type"":""Point"",""coordinates"":[108.52440224151968,14.515247034658898]}"
1018,0,1109,0.7428662945778626,8,96,"{""geodesic"":false,""type"":""Point"",""coordinates"":[108.55162119462847,14.341692521767008]}"
1019,0,752,0.2529812945969879,17,89,"{""geodesic"":false,""type"":""Point"",""coordinates"":[108.46107101398923,14.139841077425352]}"
1020,0,746,0.6414244266806735,7,60,"{""geodesic"":false,""type"":""Point"",""coordinates"":[108.58180458817492,14.293722485595026]}"
1021,0,816,0.02227343132423154,14,97,"{""geodesic"":false,""type"":""Point"",""coordinates"":[108.40474664567495,14.188350102767807]}"
1023,0,1049,0.6255088397770463,5,90,"{""geodesic"":false,""type"":""Point"",""coordinates"":[108.48101361329668,14.500424832470927]}"
1024,0,1129,0.7685671997090988,20,97,"{""geodesic"":false,""type"":""Point"",""coordinates"":[108.3877684868051,14.181073748966433]}"
1026,0,991,0.7343882797714607,28,90,"{""geodesic"":false,""type"":""Point"",""coordinates"":[108.40717209694208,14.391010030865168]}"
1029,0,941,0.5130558964605804,17,97,"{""geodesic"":false,""type"":""Point"",""coordinates"":[108.47346776491008,14.390201547109463]}"
1030,0,1027,0.7805099042469902,24,97,"{""geodesic"":false,""type"":""Point"",""coordinates"":[108.40690260235681,14.177839813943606]}"
1031,0,1250,0.191475180014543,23,95,"{""geodesic"":false,""type"":""Point"",""coordinates"":[108.36162751203722,14.411491619343096]}"
1032,0,789,0.5823850194494892,14,97,"{""geodesic"":false,""type"":""Point"",""coordinates"":[108.65052570741005,14.293722485595026]}"
1034,0,677,0.02320291409763664,3,97,"{""geodesic"":false,""type"":""Point"",""coordinates"":[108.59258437158434,14.230660752649833]}"
1035,0,785,0.5636837855667618,9,97,"{""geodesic"":false,""type"":""Point"",""coordinates"":[108.6373204727335,14.294261474765499]}"
1038,0,876,0.7678249486845967,6,78,"{""geodesic"":false,""type"":""Point"",""coordinates"":[108.32794068888273,14.33172122211328]}"
1039,0,867,0.22438110930398036,22,90,"{""geodesic"":false,""type"":""Point"",""coordinates"":[108.34249339648545,14.457305698833189]}"
1040,0,890,0.7241771934092531,10,97,"{""geodesic"":false,""type"":""Point"",""coordinates"":[108.61064050879514,14.41822898397399]}"
1041,0,897,0.6844289140167107,4,90,"{""geodesic"":false,""type"":""Point"",""coordinates"":[108.60983202503945,14.359748658977807]}"
1042,0,839,0.790024714874966,37,97,"{""geodesic"":false,""type"":""Point"",""coordinates"":[108.34033743980359,14.421732413582056]}"
1043,0,1007,0.6479351033437755,27,95,"{""geodesic"":false,""type"":""Point"",""coordinates"":[108.33656451561029,14.313665084902475]}"
1045,0,567,0.2222418787053856,9,74,"{""geodesic"":false,""type"":""Point"",""coordinates"":[108.53006162780963,14.181612738136906]}"
1046,0,699,0.05377128982368773,5,95,"{""geodesic"":false,""type"":""Point"",""coordinates"":[108.60201668206759,14.273510391702338]}"
1048,0,918,0.06124979585700119,2,97,"{""geodesic"":false,""type"":""Point"",""coordinates"":[108.49987823426318,14.384272666234274]}"
1050,0,807,0.19037670884601376,9,90,"{""geodesic"":false,""type"":""Point"",""coordinates"":[108.51389195269547,14.317168514510541]}"
1051,0,1069,0.025931259451986266,7,97,"{""geodesic"":false,""type"":""Point"",""coordinates"":[108.50796307182026,14.529799742261638]}"
1052,0,840,0.33781734630377724,3,97,"{""geodesic"":false,""type"":""Point"",""coordinates"":[108.6117184871361,14.329834760016631]}"
1054,0,748,0.2585792138656885,11,98,"{""geodesic"":false,""type"":""Point"",""coordinates"":[108.46673040027918,14.271084940435216]}"
1055,0,1149,0.24675383379732108,20,97,"{""geodesic"":false,""type"":""Point"",""coordinates"":[108.35057823404253,14.29641743144738]}"
1056,0,1103,0.36880365654569924,9,95,"{""geodesic"":false,""type"":""Point"",""coordinates"":[108.39693130270308,14.450298839617055]}"
1057,0,1030,0.7118672479216982,26,89,"{""geodesic"":false,""type"":""Point"",""coordinates"":[108.56132299969698,14.333338189624698]}"
1059,0,1025,0.7972499605956445,8,97,"{""geodesic"":false,""type"":""Point"",""coordinates"":[108.5645569347198,14.489645049061494]}"
1060,0,472,0.07617941827580355,8,33,"{""geodesic"":false,""type"":""Point"",""coordinates"":[108.58665549070918,14.119359488947424]}"
1061,0,937,0.018019675362314636,6,97,"{""geodesic"":false,""type"":""Point"",""coordinates"":[108.51416144728069,14.380499742040968]}"
1062,0,951,0.4225767079561009,9,97,"{""geodesic"":false,""type"":""Point"",""coordinates"":[108.6090235412837,14.46161761219696]}"
1063,0,860,0.13263092133477417,14,97,"{""geodesic"":false,""type"":""Point"",""coordinates"":[108.56886884808358,14.384542160819507]}"
1065,0,1023,0.56523983843487,2,95,"{""geodesic"":false,""type"":""Point"",""coordinates"":[108.57129429935071,14.492070500328616]}"
1066,0,691,0.16937205385033915,5,89,"{""geodesic"":false,""type"":""Point"",""coordinates"":[108.513352963525,14.201824832029601]}"
1067,0,689,0.7650315650556632,2,94,"{""geodesic"":false,""type"":""Point"",""coordinates"":[108.4869424941719,14.253567792394882]}"
1068,0,1040,0.6034317280921062,3,98,"{""geodesic"":false,""type"":""Point"",""coordinates"":[108.48640350500142,14.470780428094983]}"
1070,0,1180,0.6220030279585255,19,97,"{""geodesic"":false,""type"":""Point"",""coordinates"":[108.34976975028684,14.331182232942808]}"
1072,0,1003,0.1885075644098081,6,97,"{""geodesic"":false,""type"":""Point"",""coordinates"":[108.55620260257751,14.48263818984536]}"
1073,0,1218,0.26456623534236545,21,97,"{""geodesic"":false,""type"":""Point"",""coordinates"":[108.41148401030586,14.28617663720842]}"
1075,0,855,0.04349079137673295,11,98,"{""geodesic"":false,""type"":""Point"",""coordinates"":[108.58396054485678,14.375379344921491]}"
1076,0,656,0.11433441434966785,9,100,"{""geodesic"":false,""type"":""Point"",""coordinates"":[108.47454574325104,14.147117431226718]}"
1077,0,993,0.4044249381708158,14,89,"{""geodesic"":false,""type"":""Point"",""coordinates"":[108.40690260235681,14.378343785359085]}"
1078,0,944,0.026601366431668105,25,95,"{""geodesic"":false,""type"":""Point"",""coordinates"":[108.46349646525636,14.130947756112569]}"
1079,0,689,0.6547685274784026,14,87,"{""geodesic"":false,""type"":""Point"",""coordinates"":[108.44948274682412,14.275127359213748]}"
1080,0,1352,0.3897666126542425,38,97,"{""geodesic"":false,""type"":""Point"",""coordinates"":[108.35515964199158,14.312317611976297]}"
1082,0,730,0.48503346096842936,5,86,"{""geodesic"":false,""type"":""Point"",""coordinates"":[108.61117949796562,14.223384398848467]}"
1085,0,909,0.17513720703614077,3,97,"{""geodesic"":false,""type"":""Point"",""coordinates"":[108.60255567123806,14.39343548213229]}"
1086,0,939,0.66266463196218,11,95,"{""geodesic"":false,""type"":""Point"",""coordinates"":[108.33898996687742,14.339536565085119]}"
1087,0,742,0.02100318880674734,13,98,"{""geodesic"":false,""type"":""Point"",""coordinates"":[108.6343560322959,14.236859128110261]}"
1088,0,1046,0.34040506702545437,3,97,"{""geodesic"":false,""type"":""Point"",""coordinates"":[108.55835855925937,14.503928262078993]}"
1090,0,787,0.4017461136080831,11,97,"{""geodesic"":false,""type"":""Point"",""coordinates"":[108.64271036443819,14.305310752760164]}"
1091,0,796,0.7531081590550417,5,97,"{""geodesic"":false,""type"":""Point"",""coordinates"":[108.49206289129137,14.268928983753327]}"
1092,0,849,0.6151571787460094,9,97,"{""geodesic"":false,""type"":""Point"",""coordinates"":[108.47777967827386,14.32309739538573]}"
1093,0,893,0.5870629516138112,8,97,"{""geodesic"":false,""type"":""Point"",""coordinates"":[108.6052506170904,14.525487828897859]}"
1094,0,960,0.013122963397899201,6,97,"{""geodesic"":false,""type"":""Point"",""coordinates"":[108.52925314405394,14.433590175332434]}"
1097,0,1098,0.19303051157649398,11,97,"{""geodesic"":false,""type"":""Point"",""coordinates"":[108.42307227747096,14.360018153563047]}"
1098,0,780,0.5333582299135818,3,97,"{""geodesic"":false,""type"":""Point"",""coordinates"":[108.4624184869154,14.265695048730493]}"
1099,0,983,0.45371142503758843,11,97,"{""geodesic"":false,""type"":""Point"",""coordinates"":[108.49691379382563,14.441675012889512]}"
1100,0,1071,0.6169726777936494,13,95,"{""geodesic"":false,""type"":""Point"",""coordinates"":[108.51416144728069,14.088367611645303]}"
1102,0,1037,0.5145941919776647,10,95,"{""geodesic"":false,""type"":""Point"",""coordinates"":[108.4397809417556,14.406371222223612]}"
1103,0,994,0.16850909060086583,27,95,"{""geodesic"":false,""type"":""Point"",""coordinates"":[108.39747029187356,14.242249019814977]}"
1104,0,927,0.0787161120390979,8,97,"{""geodesic"":false,""type"":""Point"",""coordinates"":[108.55242967838421,14.32148042787432]}"
1105,0,681,0.02847946715197902,10,95,"{""geodesic"":false,""type"":""Point"",""coordinates"":[108.53221758449149,14.231199741820305]}"
1106,0,903,0.7031838627847974,7,98,"{""geodesic"":false,""type"":""Point"",""coordinates"":[108.62034231386366,14.45164631254324]}"
1109,0,886,0.1642052111137342,4,98,"{""geodesic"":false,""type"":""Point"",""coordinates"":[108.47023382988726,14.33172122211328]}"
1110,0,849,0.33330604013475407,10,37,"{""geodesic"":false,""type"":""Point"",""coordinates"":[108.56482642930507,14.430086745724367]}"
1111,0,770,0.4807734530105142,10,58,"{""geodesic"":false,""type"":""Point"",""coordinates"":[108.46403545442683,14.248447395275399]}"
1112,0,750,0.42348443983474526,15,97,"{""geodesic"":false,""type"":""Point"",""coordinates"":[108.62330675430121,14.258688189514366]}"
1113,0,1138,0.17895397046074735,11,98,"{""geodesic"":false,""type"":""Point"",""coordinates"":[108.41579592366963,14.308544687782998]}"
1115,0,1147,0.55975720507941,12,97,"{""geodesic"":false,""type"":""Point"",""coordinates"":[108.37698870339563,14.49314847866956]}"
1116,0,923,0.5400224627805412,34,85,"{""geodesic"":false,""type"":""Point"",""coordinates"":[108.47131180822822,14.14118855035153]}"
1117,0,1111,0.08011507590906408,13,97,"{""geodesic"":false,""type"":""Point"",""coordinates"":[108.45298617643215,14.484255157356777]}"
1118,0,1554,0.2973700545296235,13,97,"{""geodesic"":false,""type"":""Point"",""coordinates"":[108.3621665012077,14.256262738247244]}"
1119,0,1232,0.45669309817711756,27,92,"{""geodesic"":false,""type"":""Point"",""coordinates"":[108.37671920881041,14.227696312212238]}"
1120,0,935,0.6896149434718019,15,98,"{""geodesic"":false,""type"":""Point"",""coordinates"":[108.54515332458283,14.33360768420993]}"
1122,0,764,0.12487311245023403,22,87,"{""geodesic"":false,""type"":""Point"",""coordinates"":[108.43519953380661,14.254376276150587]}"
1123,0,678,0.10094515712337537,3,97,"{""geodesic"":false,""type"":""Point"",""coordinates"":[108.67801415510411,14.189158586523511]}"
1124,0,842,0.5175476201847862,10,85,"{""geodesic"":false,""type"":""Point"",""coordinates"":[108.59042841490248,14.386967612086629]}"
1125,0,1087,0.3651900952518551,15,97,"{""geodesic"":false,""type"":""Point"",""coordinates"":[108.48532552666046,14.518750464266965]}"
1126,0,855,0.49520893431505364,8,97,"{""geodesic"":false,""type"":""Point"",""coordinates"":[108.58018762066348,14.389123568768518]}"
1127,0,948,0.48702624831434027,27,76,"{""geodesic"":false,""type"":""Point"",""coordinates"":[108.317969389229,14.38292519330809]}"
1128,0,1584,0.16200979656301884,24,90,"{""geodesic"":false,""type"":""Point"",""coordinates"":[108.39181090558361,14.302885301493042]}"
1129,0,1363,0.6419546558971186,25,85,"{""geodesic"":false,""type"":""Point"",""coordinates"":[108.38669050846414,14.203172304955778]}"
1132,0,1438,0.4530485499582009,6,97,"{""geodesic"":false,""type"":""Point"",""coordinates"":[108.30018274660341,14.417151005633045]}"
1133,0,864,0.11863328226399583,4,97,"{""geodesic"":false,""type"":""Point"",""coordinates"":[108.6090235412837,14.417420500218284]}"
1134,0,1222,0.5115876865517573,35,90,"{""geodesic"":false,""type"":""Point"",""coordinates"":[108.47131180822822,14.057106239757942]}"
1135,0,884,0.36907347978171434,20,98,"{""geodesic"":false,""type"":""Point"",""coordinates"":[108.41606541825485,14.23227772016125]}"
1136,0,808,0.4448051009171653,22,95,"{""geodesic"":false,""type"":""Point"",""coordinates"":[108.4510997143355,14.378343785359085]}"
1137,0,811,0.6515505382524769,29,90,"{""geodesic"":false,""type"":""Point"",""coordinates"":[108.5456923137533,14.302885301493042]}"
1138,0,1018,0.763895303466271,18,97,"{""geodesic"":false,""type"":""Point"",""coordinates"":[108.33791198853646,14.34600443513078]}"
1139,0,1030,0.6523833496379041,20,97,"{""geodesic"":false,""type"":""Point"",""coordinates"":[108.4767016999329,14.466468514731211]}"
1140,0,1004,0.19460020895107044,6,97,"{""geodesic"":false,""type"":""Point"",""coordinates"":[108.5653654184755,14.51982844260791]}"
1142,0,1027,0.4738607449408262,10,97,"{""geodesic"":false,""type"":""Point"",""coordinates"":[108.54326686248618,14.501233316226632]}"
1143,0,722,0.04418606017108806,1,95,"{""geodesic"":false,""type"":""Point"",""coordinates"":[108.63974592400064,14.204789272467195]}"
1144,0,740,0.09598012233320563,16,97,"{""geodesic"":false,""type"":""Point"",""coordinates"":[108.60390314416424,14.311239633635353]}"
1145,0,1526,0.5327964982381718,28,92,"{""geodesic"":false,""type"":""Point"",""coordinates"":[108.37537173588424,14.259496673270071]}"
1146,0,950,0.05809755893203716,10,97,"{""geodesic"":false,""type"":""Point"",""coordinates"":[108.5208988119116,14.470510933509743]}"
1147,0,698,0.47103147034248405,24,82,"{""geodesic"":false,""type"":""Point"",""coordinates"":[108.48155260246716,14.227696312212238]}"
1148,0,650,0.6340674460503501,18,95,"{""geodesic"":false,""type"":""Point"",""coordinates"":[108.50095621260414,14.179187286869784]}"
1149,0,1076,0.13722392190937927,11,97,"{""geodesic"":false,""type"":""Point"",""coordinates"":[108.46753888403492,14.061148658536482]}"
1150,0,1333,0.11008166420012333,16,97,"{""geodesic"":false,""type"":""Point"",""coordinates"":[108.35408166365062,14.268928983753327]}"
1151,0,1194,0.3141529312980441,20,97,"{""geodesic"":false,""type"":""Point"",""coordinates"":[108.42307227747096,14.494495951595738]}"
1152,0,1065,0.12472039239435251,7,97,"{""geodesic"":false,""type"":""Point"",""coordinates"":[108.42010783703341,14.432781691576729]}"
1153,0,879,0.23052470556887206,6,45,"{""geodesic"":false,""type"":""Point"",""coordinates"":[108.53248707907676,14.384542160819507]}"
1154,0,1022,0.6386952074769212,6,97,"{""geodesic"":false,""type"":""Point"",""coordinates"":[108.55135170004326,14.561600103319464]}"
1155,0,967,0.4758377967387759,15,98,"{""geodesic"":false,""type"":""Point"",""coordinates"":[108.49799177216653,14.417959489388757]}"
1157,0,985,0.41121148175951927,11,97,"{""geodesic"":false,""type"":""Point"",""coordinates"":[108.48990693460945,14.383733677063802]}"
1158,0,843,0.4619579474243345,7,98,"{""geodesic"":false,""type"":""Point"",""coordinates"":[108.58503852319774,14.506623207931348]}"
1159,0,917,0.5991744017325816,5,98,"{""geodesic"":false,""type"":""Point"",""coordinates"":[108.60578960626088,14.42469685401965]}"
1160,0,1107,0.1465999450731451,11,97,"{""geodesic"":false,""type"":""Point"",""coordinates"":[108.44786577931268,14.481560211504416]}"
1161,0,791,0.4694456366549752,17,97,"{""geodesic"":false,""type"":""Point"",""coordinates"":[108.40825007528304,14.229043785138423]}"
1162,0,997,0.7830104302906385,7,98,"{""geodesic"":false,""type"":""Point"",""coordinates"":[108.49556632089946,14.425505337775355]}"
1163,0,813,0.28091589476963885,16,82,"{""geodesic"":false,""type"":""Point"",""coordinates"":[108.44840476848316,14.163287106340867]}"
1164,0,951,0.38271423345110234,3,95,"{""geodesic"":false,""type"":""Point"",""coordinates"":[108.53275657366197,14.477517792725877]}"
1165,0,1036,0.009720656244521453,10,97,"{""geodesic"":false,""type"":""Point"",""coordinates"":[108.47104231364295,14.420115446070639]}"
1166,0,1523,0.4490635952366997,10,97,"{""geodesic"":false,""type"":""Point"",""coordinates"":[108.35246469613918,14.24251851440021]}"
1167,0,783,0.11386792162017867,23,97,"{""geodesic"":false,""type"":""Point"",""coordinates"":[108.59851325245955,14.49314847866956]}"
1168,0,922,0.39987168668090134,11,87,"{""geodesic"":false,""type"":""Point"",""coordinates"":[108.40636361318639,14.204519777881956]}"
1169,0,743,0.2935988631266715,10,76,"{""geodesic"":false,""type"":""Point"",""coordinates"":[108.41148401030586,14.238206601036438]}"
1170,0,786,0.640837509641068,10,97,"{""geodesic"":false,""type"":""Point"",""coordinates"":[108.62357624888648,14.281595229259409]}"
1171,0,987,0.30900338734799915,18,98,"{""geodesic"":false,""type"":""Point"",""coordinates"":[108.5529686675547,14.550550825324798]}"
1172,0,920,0.3754225079613984,3,97,"{""geodesic"":false,""type"":""Point"",""coordinates"":[108.5683298589131,14.569415446291309]}"
1173,0,961,0.5196725171480228,8,98,"{""geodesic"":false,""type"":""Point"",""coordinates"":[108.51416144728069,14.418767973144462]}"
1174,0,1133,0.23664674984044165,18,97,"{""geodesic"":false,""type"":""Point"",""coordinates"":[108.388846465146,14.44733439917946]}"
1177,0,978,0.6031153241416741,12,98,"{""geodesic"":false,""type"":""Point"",""coordinates"":[108.61495242215892,14.504736745834698]}"
1178,0,1089,0.4786714663850835,16,97,"{""geodesic"":false,""type"":""Point"",""coordinates"":[108.53464303575862,14.32525335206762]}"
1179,0,581,0.08937096969273706,13,49,"{""geodesic"":false,""type"":""Point"",""coordinates"":[108.5532381621399,14.082438730770114]}"
1180,0,905,0.6584404013995446,4,32,"{""geodesic"":false,""type"":""Point"",""coordinates"":[108.47993563495572,14.339536565085119]}"
1181,0,798,0.5408264741201975,19,83,"{""geodesic"":false,""type"":""Point"",""coordinates"":[108.40717209694208,14.21583855046186]}"
1184,0,990,2.9740549098100644E-4,6,97,"{""geodesic"":false,""type"":""Point"",""coordinates"":[108.51200549059882,14.487758586964844]}"
1185,0,1493,0.36259278529822525,15,98,"{""geodesic"":false,""type"":""Point"",""coordinates"":[108.35704610408823,14.237667611865966]}"
1186,0,712,0.5498347128355985,8,100,"{""geodesic"":false,""type"":""Point"",""coordinates"":[108.41444845074346,14.210987647927617]}"
1187,0,1131,0.15393418283786198,5,97,"{""geodesic"":false,""type"":""Point"",""coordinates"":[108.39693130270308,14.475631330629227]}"
1188,0,934,0.40759174179586266,7,89,"{""geodesic"":false,""type"":""Point"",""coordinates"":[108.59500982285147,14.440327539963327]}"
1190,0,644,0.4205035686536017,9,90,"{""geodesic"":false,""type"":""Point"",""coordinates"":[108.58018762066348,14.2198809692404]}"
1192,0,1143,0.6351242638069514,14,98,"{""geodesic"":false,""type"":""Point"",""coordinates"":[108.36108852286674,14.454071763810362]}"
1193,0,920,0.4224576786723161,8,97,"{""geodesic"":false,""type"":""Point"",""coordinates"":[108.52494123069016,14.306388731101109]}"
1194,0,905,0.4904380162820646,19,89,"{""geodesic"":false,""type"":""Point"",""coordinates"":[108.33521704268412,14.36675551819394]}"
1195,0,1082,0.350404635301117,6,97,"{""geodesic"":false,""type"":""Point"",""coordinates"":[108.4209163207891,14.426313821531068]}"
1196,0,1028,0.7497916460992549,12,98,"{""geodesic"":false,""type"":""Point"",""coordinates"":[108.56132299969698,14.518211475096493]}"
1197,0,1039,0.6093489497364261,4,97,"{""geodesic"":false,""type"":""Point"",""coordinates"":[108.57156379393592,14.499616348715222]}"
1198,0,934,0.5209989221903257,20,90,"{""geodesic"":false,""type"":""Point"",""coordinates"":[108.52062931732638,14.387237106671869]}"
1199,0,529,0.34835891595750823,6,95,"{""geodesic"":false,""type"":""Point"",""coordinates"":[108.6777446605189,14.136876636987758]}"
1200,0,748,0.402237769374831,25,90,"{""geodesic"":false,""type"":""Point"",""coordinates"":[108.42900115834618,14.285098658867476]}"
1201,0,1292,0.2333352697017489,13,98,"{""geodesic"":false,""type"":""Point"",""coordinates"":[108.36351397413387,14.574266348825553]}"
1202,0,838,0.7691718927906632,5,85,"{""geodesic"":false,""type"":""Point"",""coordinates"":[108.57156379393592,14.380769236626207]}"
1203,0,1116,0.7943669641765401,6,97,"{""geodesic"":false,""type"":""Point"",""coordinates"":[108.49691379382563,14.514438550903193]}"
1204,0,1340,0.1120693434594231,18,97,"{""geodesic"":false,""type"":""Point"",""coordinates"":[108.40232119440782,14.278630788821815]}"
1205,0,889,0.2180462878484859,7,49,"{""geodesic"":false,""type"":""Point"",""coordinates"":[108.48182209705243,14.341692521767008]}"
1206,0,777,0.37979415393521576,11,86,"{""geodesic"":false,""type"":""Point"",""coordinates"":[108.48909845085376,14.181073748966433]}"
1211,0,696,0.0343791535840593,3,95,"{""geodesic"":false,""type"":""Point"",""coordinates"":[108.60767606835753,14.268120499997622]}"
1212,0,1038,0.07796749863100483,3,97,"{""geodesic"":false,""type"":""Point"",""coordinates"":[108.47400675408056,14.486141619453427]}"
1214,0,841,0.3953499252827133,11,90,"{""geodesic"":false,""type"":""Point"",""coordinates"":[108.59231487699913,14.4123001030988]}"
1215,0,1216,0.3252120453546097,34,95,"{""geodesic"":false,""type"":""Point"",""coordinates"":[108.38965494890175,14.363521583171114]}"
1216,0,612,0.38457158723425067,21,52,"{""geodesic"":false,""type"":""Point"",""coordinates"":[108.50419014762696,14.245213460252572]}"
1217,0,614,0.33574316729168896,15,89,"{""geodesic"":false,""type"":""Point"",""coordinates"":[108.50742408264983,14.120437467288369]}"
1218,0,1246,0.14498077338797588,19,98,"{""geodesic"":false,""type"":""Point"",""coordinates"":[108.30988455167193,14.400981330518896]}"
1219,0,953,0.65130938772238,17,95,"{""geodesic"":false,""type"":""Point"",""coordinates"":[108.59015892031721,14.557288189955692]}"
1220,0,824,0.6804115678958301,1,95,"{""geodesic"":false,""type"":""Point"",""coordinates"":[108.60552011167567,14.48263818984536]}"
1221,0,1497,0.5658133949746939,13,95,"{""geodesic"":false,""type"":""Point"",""coordinates"":[108.33279159141699,14.250064362786816]}"
1223,0,1097,0.12413719857065242,3,95,"{""geodesic"":false,""type"":""Point"",""coordinates"":[108.39989574314069,14.456766709662716]}"
1224,0,766,0.1375185061220472,29,98,"{""geodesic"":false,""type"":""Point"",""coordinates"":[108.43277408253948,14.231738730990777]}"
1225,0,870,0.08260115308945415,25,76,"{""geodesic"":false,""type"":""Point"",""coordinates"":[108.35327317989487,14.479134760237294]}"
1226,0,1094,0.7503879090043453,13,97,"{""geodesic"":false,""type"":""Point"",""coordinates"":[108.41983834244814,14.34411797303413]}"
1227,0,912,0.4989963405878235,12,98,"{""geodesic"":false,""type"":""Point"",""coordinates"":[108.46376595984162,14.229582774308888]}"
1229,0,1026,0.3227840852257067,5,97,"{""geodesic"":false,""type"":""Point"",""coordinates"":[108.5683298589131,14.508240175442765]}"
1233,0,1282,0.4547375074633436,11,97,"{""geodesic"":false,""type"":""Point"",""coordinates"":[108.37591072505472,14.569415446291309]}"
1234,0,1006,0.11419862795382629,14,98,"{""geodesic"":false,""type"":""Point"",""coordinates"":[108.53491253034389,14.490453532817199]}"
1236,0,1106,0.5927284771397242,8,97,"{""geodesic"":false,""type"":""Point"",""coordinates"":[108.45163870350598,14.513360572562249]}"
1237,0,1196,0.09146523204858892,5,97,"{""geodesic"":false,""type"":""Point"",""coordinates"":[108.4578370789664,14.537615085233476]}"
1239,0,799,0.7062677861884212,5,97,"{""geodesic"":false,""type"":""Point"",""coordinates"":[108.63489502146638,14.291027539742664]}"
1240,0,823,0.34865108498234365,11,97,"{""geodesic"":false,""type"":""Point"",""coordinates"":[108.55997552677081,14.310431149879648]}"
1241,0,993,0.13009718354237954,11,98,"{""geodesic"":false,""type"":""Point"",""coordinates"":[108.51092751225787,14.44949035586135]}"
1242,0,582,0.6185211453064203,7,87,"{""geodesic"":false,""type"":""Point"",""coordinates"":[108.59285386616955,14.182151727307378]}"
1243,0,1154,0.5109884063144688,17,97,"{""geodesic"":false,""type"":""Point"",""coordinates"":[108.41876036410719,14.363521583171114]}"
1244,0,645,0.793936488597052,17,76,"{""geodesic"":false,""type"":""Point"",""coordinates"":[108.56374845096411,14.13552916406158]}"
1245,0,666,0.5514470224319441,2,82,"{""geodesic"":false,""type"":""Point"",""coordinates"":[108.59123689865817,14.262461113707666]}"
1247,0,1168,0.6508136476886263,40,97,"{""geodesic"":false,""type"":""Point"",""coordinates"":[108.31716090547332,14.434398659088139]}"
1248,0,1206,0.6173504877721381,15,91,"{""geodesic"":false,""type"":""Point"",""coordinates"":[108.4397809417556,14.549203352398614]}"
1249,0,1212,0.28218428683498287,17,97,"{""geodesic"":false,""type"":""Point"",""coordinates"":[108.31823888381422,14.333068695039458]}"
1250,0,951,0.7557002611911481,13,90,"{""geodesic"":false,""type"":""Point"",""coordinates"":[108.45244718726167,14.402867792615545]}"
1251,0,829,0.3773396193418558,1,98,"{""geodesic"":false,""type"":""Point"",""coordinates"":[108.62896614059116,14.317438009095781]}"
1252,0,969,0.061553479788534315,27,74,"{""geodesic"":false,""type"":""Point"",""coordinates"":[108.32201180800752,14.432512196991489]}"
1254,0,1080,0.2106541109294311,5,97,"{""geodesic"":false,""type"":""Point"",""coordinates"":[108.47535422700673,14.468354976827861]}"
1255,0,1253,0.6677667069142802,29,98,"{""geodesic"":false,""type"":""Point"",""coordinates"":[108.4179518803515,14.320402449533375]}"
1256,0,896,0.016892615865569116,5,98,"{""geodesic"":false,""type"":""Point"",""coordinates"":[108.56967733183927,14.40583223305314]}"
1257,0,909,0.2501730556571028,22,98,"{""geodesic"":false,""type"":""Point"",""coordinates"":[108.60471162791993,14.431973207821017]}"
1258,0,1119,0.7228060546827174,32,89,"{""geodesic"":false,""type"":""Point"",""coordinates"":[108.32093382966661,14.32309739538573]}"
1259,0,903,0.44450187091081816,16,85,"{""geodesic"":false,""type"":""Point"",""coordinates"":[108.41633491284011,14.38777609584234]}"
1260,0,1060,0.21061379139385883,6,97,"{""geodesic"":false,""type"":""Point"",""coordinates"":[108.44085892009656,14.424157864849178]}"
1261,0,559,0.7510473126460979,15,70,"{""geodesic"":false,""type"":""Point"",""coordinates"":[108.56725188057214,14.133642701964924]}"
1262,0,856,0.3950772394738198,39,81,"{""geodesic"":false,""type"":""Point"",""coordinates"":[108.44813527389795,14.316629525340069]}"
1263,0,916,0.5451984057407709,22,97,"{""geodesic"":false,""type"":""Point"",""coordinates"":[108.53706848702575,14.341153532596536]}"
1265,0,1037,0.5877662287251041,5,97,"{""geodesic"":false,""type"":""Point"",""coordinates"":[108.4691558515463,14.418767973144462]}"
1267,0,866,0.49465228692892604,23,95,"{""geodesic"":false,""type"":""Point"",""coordinates"":[108.33144411849082,14.350316348494552]}"
1268,0,939,0.6790677568940713,8,97,"{""geodesic"":false,""type"":""Point"",""coordinates"":[108.57722318022587,14.540849020256303]}"
1269,0,1072,0.5718700249032788,32,97,"{""geodesic"":false,""type"":""Point"",""coordinates"":[108.35273419072445,14.419306962314934]}"
1270,0,1000,0.7968202589827854,17,97,"{""geodesic"":false,""type"":""Point"",""coordinates"":[108.53194808990628,14.313665084902475]}"
1273,0,773,0.49244966051607864,13,97,"{""geodesic"":false,""type"":""Point"",""coordinates"":[108.47616271076242,14.2551847599063]}"
1274,0,638,0.27670368803528334,6,82,"{""geodesic"":false,""type"":""Point"",""coordinates"":[108.58449953402726,14.244135481911627]}"
1275,0,1688,0.7007437651978926,23,97,"{""geodesic"":false,""type"":""Point"",""coordinates"":[108.38965494890175,14.318785482021958]}"
1276,0,966,0.3108667995118215,2,97,"{""geodesic"":false,""type"":""Point"",""coordinates"":[108.52359375776393,14.4123001030988]}"
1277,0,806,0.06738055249807962,11,48,"{""geodesic"":false,""type"":""Point"",""coordinates"":[108.47966614037051,14.281864723844649]}"
1278,0,745,0.6905563931896853,9,97,"{""geodesic"":false,""type"":""Point"",""coordinates"":[108.63408653771069,14.271354435020449]}"
1279,0,831,0.24493186692382407,25,85,"{""geodesic"":false,""type"":""Point"",""coordinates"":[108.42253328830049,14.254645770735827]}"
1280,0,754,0.477222301489595,2,97,"{""geodesic"":false,""type"":""Point"",""coordinates"":[108.65888003955234,14.234433676843139]}"
1281,0,590,0.4954146678852086,20,85,"{""geodesic"":false,""type"":""Point"",""coordinates"":[108.53626000327006,14.139841077425352]}"
1282,0,1640,0.19637046268173175,14,92,"{""geodesic"":false,""type"":""Point"",""coordinates"":[108.33629502102502,14.258418694929127]}"
1283,0,924,0.5657897982707887,4,90,"{""geodesic"":false,""type"":""Point"",""coordinates"":[108.54784827043517,14.538154074403948]}"
1285,0,1028,0.1885655345389612,15,98,"{""geodesic"":false,""type"":""Point"",""coordinates"":[108.46726938944965,14.422001908167296]}"
1288,0,856,0.017597467267791878,16,97,"{""geodesic"":false,""type"":""Point"",""coordinates"":[108.54892624877613,14.308005698612526]}"
1289,0,894,0.21906543942258339,18,97,"{""geodesic"":false,""type"":""Point"",""coordinates"":[108.4284621691757,14.34223151093748]}"
1290,0,1062,0.11279755426598792,19,98,"{""geodesic"":false,""type"":""Point"",""coordinates"":[108.4907154183652,14.526296312653571]}"
1291,0,582,0.21548415763064088,15,45,"{""geodesic"":false,""type"":""Point"",""coordinates"":[108.47804917285907,14.293991980180259]}"
1292,0,705,0.6495317586318583,13,90,"{""geodesic"":false,""type"":""Point"",""coordinates"":[108.56859935349837,14.236859128110261]}"
1293,0,822,0.08380982894119005,10,95,"{""geodesic"":false,""type"":""Point"",""coordinates"":[108.63031361351733,14.348968875568374]}"
1295,0,1171,0.4016163897417073,12,97,"{""geodesic"":false,""type"":""Point"",""coordinates"":[108.39261938933936,14.496382413692388]}"
1296,0,634,0.02226230421293285,14,89,"{""geodesic"":false,""type"":""Point"",""coordinates"":[108.45325567101742,14.346812918886485]}"
1298,0,1028,0.40516606160182034,25,97,"{""geodesic"":false,""type"":""Point"",""coordinates"":[108.4718507973987,14.46161761219696]}"
1299,0,742,0.4335472370344742,19,85,"{""geodesic"":false,""type"":""Point"",""coordinates"":[108.45460314394359,14.252489814053938]}"
1300,0,938,0.250096905385533,6,97,"{""geodesic"":false,""type"":""Point"",""coordinates"":[108.47912715120003,14.100494867980913]}"
1301,0,1146,0.4214707045293742,21,97,"{""geodesic"":false,""type"":""Point"",""coordinates"":[108.43519953380661,14.522253893875032]}"
1302,0,1037,0.6098203621009194,14,92,"{""geodesic"":false,""type"":""Point"",""coordinates"":[108.32901866722369,14.281325734674176]}"
1303,0,1148,0.7852384696515017,8,95,"{""geodesic"":false,""type"":""Point"",""coordinates"":[108.4586455627221,14.084594687451997]}"
1304,0,752,0.41247380509865184,24,89,"{""geodesic"":false,""type"":""Point"",""coordinates"":[108.50095621260414,14.124479886066908]}"
1305,0,923,0.3330679151512803,14,98,"{""geodesic"":false,""type"":""Point"",""coordinates"":[108.56617390223124,14.534920139381114]}"
1306,0,1103,0.6300730462941916,4,95,"{""geodesic"":false,""type"":""Point"",""coordinates"":[108.36647841457147,14.350046853909319]}"
1307,0,1143,0.24136310013919515,25,98,"{""geodesic"":false,""type"":""Point"",""coordinates"":[108.38372606802653,14.38292519330809]}"
1308,0,861,0.503699812762064,15,97,"{""geodesic"":false,""type"":""Point"",""coordinates"":[108.59797426328907,14.381847214967152]}"
1310,0,1008,0.13498898435663154,16,82,"{""geodesic"":false,""type"":""Point"",""coordinates"":[108.32686271054177,14.289410572231255]}"
1311,0,961,0.6275168450827905,5,97,"{""geodesic"":false,""type"":""Point"",""coordinates"":[108.50068671801893,14.36675551819394]}"
1312,0,826,0.74437856305637,14,92,"{""geodesic"":false,""type"":""Point"",""coordinates"":[108.56024502135602,14.308544687782998]}"
1313,0,844,0.3042395599715929,16,89,"{""geodesic"":false,""type"":""Point"",""coordinates"":[108.54461433541235,14.303154796078282]}"
1314,0,750,0.13791492462866184,12,90,"{""geodesic"":false,""type"":""Point"",""coordinates"":[108.33656451561029,14.46404306346409]}"
1315,0,1032,0.4151610717318748,35,90,"{""geodesic"":false,""type"":""Point"",""coordinates"":[108.32443725927465,14.329295770846159]}"
1319,0,1358,0.4502903918885359,29,97,"{""geodesic"":false,""type"":""Point"",""coordinates"":[108.37698870339563,14.355167251028803]}"
1320,0,853,0.1690089199446101,23,89,"{""geodesic"":false,""type"":""Point"",""coordinates"":[108.55054321628756,14.40017284676319]}"
1321,0,915,0.03190333607791407,22,97,"{""geodesic"":false,""type"":""Point"",""coordinates"":[108.59527931743668,14.50743169168706]}"
1322,0,931,0.6936840470046999,7,91,"{""geodesic"":false,""type"":""Point"",""coordinates"":[108.52494123069016,14.377804796188613]}"
1324,0,948,0.7053299641196691,9,94,"{""geodesic"":false,""type"":""Point"",""coordinates"":[108.4578370789664,14.407179705979317]}"
1325,0,1021,0.15075266942766907,19,95,"{""geodesic"":false,""type"":""Point"",""coordinates"":[108.3376424939512,14.33576364089182]}"
1326,0,1123,0.009782967025429024,10,89,"{""geodesic"":false,""type"":""Point"",""coordinates"":[108.41687390201054,14.488028081550077]}"
1327,0,969,0.536309679316324,9,95,"{""geodesic"":false,""type"":""Point"",""coordinates"":[108.53787697078144,14.538962558159653]}"
1328,0,893,0.3416130602917713,18,98,"{""geodesic"":false,""type"":""Point"",""coordinates"":[108.4661914111087,14.363252088585874]}"
1330,0,913,0.7973460181445609,45,89,"{""geodesic"":false,""type"":""Point"",""coordinates"":[108.32362877551896,14.437632594110973]}"
1336,0,1083,0.14001140364166442,2,98,"{""geodesic"":false,""type"":""Point"",""coordinates"":[108.36432245788956,14.452724290884177]}"
1337,0,1044,0.5315246850303219,12,95,"{""geodesic"":false,""type"":""Point"",""coordinates"":[108.53491253034389,14.575074832581258]}"
1338,0,1025,0.09715427895617701,29,89,"{""geodesic"":false,""type"":""Point"",""coordinates"":[108.4661914111087,14.085942160378181]}"
1339,0,927,0.6707103767876615,19,89,"{""geodesic"":false,""type"":""Point"",""coordinates"":[108.39585332436218,14.220419958410872]}"
1341,0,1128,0.38925922599970253,39,97,"{""geodesic"":false,""type"":""Point"",""coordinates"":[108.38049213300371,14.386159128330924]}"
1342,0,570,0.4718264536340221,23,90,"{""geodesic"":false,""type"":""Point"",""coordinates"":[108.59042841490248,14.206136745393373]}"
1343,0,1092,0.15408551446203123,21,90,"{""geodesic"":false,""type"":""Point"",""coordinates"":[108.40259068899309,14.37079793697248]}"
1344,0,940,8.862755142591272E-5,20,97,"{""geodesic"":false,""type"":""Point"",""coordinates"":[108.37860567090706,14.192662016131578]}"
1345,0,615,0.10966598899419289,11,100,"{""geodesic"":false,""type"":""Point"",""coordinates"":[108.55808906467416,14.216377539632333]}"
1346,0,977,0.28795755205698403,2,98,"{""geodesic"":false,""type"":""Point"",""coordinates"":[108.51550892020686,14.409066168075974]}"
1347,0,1149,0.4575164650567315,12,86,"{""geodesic"":false,""type"":""Point"",""coordinates"":[108.42361126664144,14.516325012999843]}"
1349,0,1245,0.7947649321163407,7,97,"{""geodesic"":false,""type"":""Point"",""coordinates"":[108.365939425401,14.475092341458755]}"
1351,0,929,0.7303989431690716,6,58,"{""geodesic"":false,""type"":""Point"",""coordinates"":[108.4209163207891,14.390740536279935]}"
1352,0,970,0.6925777999244237,15,97,"{""geodesic"":false,""type"":""Point"",""coordinates"":[108.42388076122671,14.173258405994595]}"
1353,0,1259,0.3888168596959699,10,75,"{""geodesic"":false,""type"":""Point"",""coordinates"":[108.38911595973127,14.592591980621592]}"
1354,0,491,0.6412562283215276,5,82,"{""geodesic"":false,""type"":""Point"",""coordinates"":[108.5721027831064,14.150351366249552]}"
1355,0,1232,0.33963258590403256,17,97,"{""geodesic"":false,""type"":""Point"",""coordinates"":[108.31446595962092,14.40394577095649]}"
1356,0,876,0.43820431074533295,19,71,"{""geodesic"":false,""type"":""Point"",""coordinates"":[108.43789447965895,14.375109850336251]}"
1357,0,851,0.7616261116062953,7,97,"{""geodesic"":false,""type"":""Point"",""coordinates"":[108.5060766097236,14.347621402642197]}"
1358,0,637,0.2598971652405413,8,71,"{""geodesic"":false,""type"":""Point"",""coordinates"":[108.64055440775633,14.159783676732808]}"
1359,0,1094,0.49067148386120196,18,97,"{""geodesic"":false,""type"":""Point"",""coordinates"":[108.43088762044283,14.458922666344606]}"
1360,0,775,0.7964129359925403,1,87,"{""geodesic"":false,""type"":""Point"",""coordinates"":[108.6117184871361,14.483985662771538]}"
1361,0,850,0.1897996167526973,36,85,"{""geodesic"":false,""type"":""Point"",""coordinates"":[108.5136224581102,14.101303351736625]}"
1364,0,995,0.014263466388499402,24,98,"{""geodesic"":false,""type"":""Point"",""coordinates"":[108.56132299969698,14.540849020256303]}"
1365,0,687,0.14509969764230812,3,97,"{""geodesic"":false,""type"":""Point"",""coordinates"":[108.59069790948769,14.232008225576017]}"
1368,0,1285,0.20063265089438687,14,95,"{""geodesic"":false,""type"":""Point"",""coordinates"":[108.40636361318639,14.58423764847928]}"
1369,0,1065,0.5096668978235919,26,97,"{""geodesic"":false,""type"":""Point"",""coordinates"":[108.39504484060643,14.378882774529558]}"
1370,0,623,0.7649979092118655,13,73,"{""geodesic"":false,""type"":""Point"",""coordinates"":[108.49421884797323,14.04632645634851]}"
1371,0,1097,0.1733553232417584,8,98,"{""geodesic"":false,""type"":""Point"",""coordinates"":[108.50149520177462,14.521175915534087]}"
1372,0,794,0.1782368177013628,29,89,"{""geodesic"":false,""type"":""Point"",""coordinates"":[108.45163870350598,14.394243965888002]}"
1373,0,1136,0.1400725362874924,7,97,"{""geodesic"":false,""type"":""Point"",""coordinates"":[108.42630621249384,14.462426095952672]}"
1375,0,989,0.5956323591436581,11,97,"{""geodesic"":false,""type"":""Point"",""coordinates"":[108.38857697056079,14.379691258285263]}"
1376,0,1245,0.5965726300803035,13,91,"{""geodesic"":false,""type"":""Point"",""coordinates"":[108.42010783703341,14.545969417375787]}"
1378,0,806,0.5970091566492581,6,97,"{""geodesic"":false,""type"":""Point"",""coordinates"":[108.6381289564892,14.319054976607198]}"
1381,0,1222,0.23913969371689658,15,98,"{""geodesic"":false,""type"":""Point"",""coordinates"":[108.4095975482092,14.343309489278425]}"
1382,0,701,0.5630139466943038,5,95,"{""geodesic"":false,""type"":""Point"",""coordinates"":[108.67019881213224,14.196704434910117]}"
1383,0,1017,0.4111417202366213,32,90,"{""geodesic"":false,""type"":""Point"",""coordinates"":[108.33467805351364,14.378613279944318]}"
1385,0,469,0.2786747089970597,1,84,"{""geodesic"":false,""type"":""Point"",""coordinates"":[108.57506722354401,14.183499200233562]}"
1386,0,969,0.025512463858576973,3,97,"{""geodesic"":false,""type"":""Point"",""coordinates"":[108.47804917285907,14.376996312432901]}"
1387,0,1316,0.3666165939945861,9,98,"{""geodesic"":false,""type"":""Point"",""coordinates"":[108.39073292724271,14.599598839837725]}"
1389,0,877,0.5481803787265719,10,98,"{""geodesic"":false,""type"":""Point"",""coordinates"":[108.60659809001658,14.40394577095649]}"
1390,0,959,0.7753819982789,12,97,"{""geodesic"":false,""type"":""Point"",""coordinates"":[108.50553762055318,14.475631330629227]}"
1392,0,656,0.0617128242508721,10,89,"{""geodesic"":false,""type"":""Point"",""coordinates"":[108.45675910062545,14.36675551819394]}"
1393,0,828,0.32610796703352163,18,89,"{""geodesic"":false,""type"":""Point"",""coordinates"":[108.41876036410719,14.233625193087427]}"
1394,0,603,0.04162008902341374,3,51,"{""geodesic"":false,""type"":""Point"",""coordinates"":[108.51901234981494,14.248177900690166]}"
1395,0,1145,0.30247002327910877,23,89,"{""geodesic"":false,""type"":""Point"",""coordinates"":[108.38722949763462,14.420384940655879]}"
1396,0,1533,0.3711942063112037,23,95,"{""geodesic"":false,""type"":""Point"",""coordinates"":[108.3443798585821,14.246830427763989]}"
1397,0,685,0.3644305489546007,8,89,"{""geodesic"":false,""type"":""Point"",""coordinates"":[108.57452823437353,14.2341641822579]}"
1399,0,1008,0.7841428805622725,3,97,"{""geodesic"":false,""type"":""Point"",""coordinates"":[108.56886884808358,14.487219597794372]}"
1400,0,1054,0.7329799655741189,5,97,"{""geodesic"":false,""type"":""Point"",""coordinates"":[108.55189068921374,14.51120461588036]}"
1402,0,655,0.6278929272768964,21,82,"{""geodesic"":false,""type"":""Point"",""coordinates"":[108.54919574336134,14.138224109913935]}"
1403,0,863,0.6501722292256031,7,97,"{""geodesic"":false,""type"":""Point"",""coordinates"":[108.55000422711709,14.35624522936974]}"
1404,0,1263,0.7997622179376153,11,97,"{""geodesic"":false,""type"":""Point"",""coordinates"":[108.39693130270308,14.558366168296637]}"
1405,0,1193,0.6468647743673462,11,97,"{""geodesic"":false,""type"":""Point"",""coordinates"":[108.45190819809125,14.530608226017343]}"
1406,0,889,0.6099555033233097,2,98,"{""geodesic"":false,""type"":""Point"",""coordinates"":[108.43169610419852,14.317168514510541]}"
1407,0,1038,0.5828470559426714,5,97,"{""geodesic"":false,""type"":""Point"",""coordinates"":[108.54407534624187,14.524409850556921]}"
1408,0,813,0.5142897245572222,11,97,"{""geodesic"":false,""type"":""Point"",""coordinates"":[108.4661914111087,14.28429017511177]}"
1409,0,681,0.46590905028864127,5,99,"{""geodesic"":false,""type"":""Point"",""coordinates"":[108.6087540466985,14.255454254491532]}"
1410,0,1484,0.11623215560403644,13,97,"{""geodesic"":false,""type"":""Point"",""coordinates"":[108.38722949763462,14.256262738247244]}"
1411,0,939,0.44440249673267873,30,82,"{""geodesic"":false,""type"":""Point"",""coordinates"":[108.46942534613157,14.220689452996105]}"
1412,0,834,0.15989084223507244,13,81,"{""geodesic"":false,""type"":""Point"",""coordinates"":[108.46457444359731,14.137685120743463]}"
1413,0,919,0.677057916838805,3,98,"{""geodesic"":false,""type"":""Point"",""coordinates"":[108.57506722354401,14.450568334202295]}"
1414,0,674,0.43495930241303493,3,89,"{""geodesic"":false,""type"":""Point"",""coordinates"":[108.66507841501277,14.155471763369029]}"
1416,0,1018,0.6257237556524489,25,90,"{""geodesic"":false,""type"":""Point"",""coordinates"":[108.55054321628756,14.327678803334742]}"
1417,0,908,0.42864003524287053,9,97,"{""geodesic"":false,""type"":""Point"",""coordinates"":[108.5494652379466,14.430356240309607]}"
1418,0,855,0.707966296247985,23,89,"{""geodesic"":false,""type"":""Point"",""coordinates"":[108.49987823426318,14.075701366139214]}"
1419,0,1056,0.49958900761205116,5,90,"{""geodesic"":false,""type"":""Point"",""coordinates"":[108.51982083357063,14.534650644795882]}"
1420,0,1088,0.16996981081817786,8,97,"{""geodesic"":false,""type"":""Point"",""coordinates"":[108.46080151940401,14.489106059891022]}"
1421,0,947,0.3417837977376996,3,98,"{""geodesic"":false,""type"":""Point"",""coordinates"":[108.57668419105545,14.445447937082811]}"
1422,0,825,0.4116951239218365,1,95,"{""geodesic"":false,""type"":""Point"",""coordinates"":[108.6049811225052,14.482907684430593]}"
1424,0,755,0.24402566630711142,4,97,"{""geodesic"":false,""type"":""Point"",""coordinates"":[108.52898364946867,14.260574651611016]}"
1425,0,1111,0.026487298033549656,9,97,"{""geodesic"":false,""type"":""Point"",""coordinates"":[108.41552642908437,14.472936384776872]}"
1426,0,849,0.7855749017754674,8,99,"{""geodesic"":false,""type"":""Point"",""coordinates"":[108.59123689865817,14.360018153563047]}"
1428,0,961,0.6884265643637939,6,98,"{""geodesic"":false,""type"":""Point"",""coordinates"":[108.50661559889409,14.378613279944318]}"
1429,0,510,0.5385552736761023,1,44,"{""geodesic"":false,""type"":""Point"",""coordinates"":[108.51200549059882,14.226887828456533]}"
1431,0,1111,0.5942502558831056,7,97,"{""geodesic"":false,""type"":""Point"",""coordinates"":[108.38103112217419,14.440058045378095]}"
1432,0,1002,0.7693299317738118,5,98,"{""geodesic"":false,""type"":""Point"",""coordinates"":[108.49906975050749,14.402598298030313]}"
1434,0,936,0.4193826108372025,8,97,"{""geodesic"":false,""type"":""Point"",""coordinates"":[108.4793966457853,14.10022537339568]}"
1435,0,850,0.31873257949939815,17,95,"{""geodesic"":false,""type"":""Point"",""coordinates"":[108.54030242204857,14.297495409788326]}"
1436,0,883,0.11714086233479415,3,78,"{""geodesic"":false,""type"":""Point"",""coordinates"":[108.33575603185454,14.341962016352241]}"
1437,0,1216,0.4663207082453025,37,97,"{""geodesic"":false,""type"":""Point"",""coordinates"":[108.31204050835379,14.426313821531068]}"
1438,0,747,0.5741099516610022,12,98,"{""geodesic"":false,""type"":""Point"",""coordinates"":[108.64136289151202,14.248177900690166]}"
1440,0,1160,0.45967700910138043,14,97,"{""geodesic"":false,""type"":""Point"",""coordinates"":[108.43493003922134,14.524140355971682]}"
1441,0,699,0.2843945343296367,20,97,"{""geodesic"":false,""type"":""Point"",""coordinates"":[108.50230368553031,14.181073748966433]}"
1442,0,806,0.16592702623586786,2,97,"{""geodesic"":false,""type"":""Point"",""coordinates"":[108.62734917307978,14.283212196770826]}"
1443,0,769,0.4906939969215396,3,45,"{""geodesic"":false,""type"":""Point"",""coordinates"":[108.51173599601356,14.340075554255591]}"
1444,0,874,0.45289439886157723,8,97,"{""geodesic"":false,""type"":""Point"",""coordinates"":[108.61333545464748,14.348429886397902]}"
1445,0,1285,0.6695954090731576,15,89,"{""geodesic"":false,""type"":""Point"",""coordinates"":[108.38372606802653,14.555401727859042]}"
1447,0,1131,0.4489525297626925,15,97,"{""geodesic"":false,""type"":""Point"",""coordinates"":[108.43466054463613,14.478056781896349]}"
1448,0,1216,0.23707059699852517,5,45,"{""geodesic"":false,""type"":""Point"",""coordinates"":[108.39693130270308,14.540849020256303]}"
1449,0,651,0.14194063270910906,18,89,"{""geodesic"":false,""type"":""Point"",""coordinates"":[108.44867426306837,14.26353909204861]}"
1451,0,892,0.5023786420428827,6,86,"{""geodesic"":false,""type"":""Point"",""coordinates"":[108.4171433965958,14.385620139160451]}"
1452,0,997,0.19197931014006375,5,97,"{""geodesic"":false,""type"":""Point"",""coordinates"":[108.49206289129137,14.391010030865168]}"
1453,0,679,0.49089460721273914,5,59,"{""geodesic"":false,""type"":""Point"",""coordinates"":[108.52359375776393,14.241171041474033]}"
1454,0,1683,0.35944470889646485,16,97,"{""geodesic"":false,""type"":""Point"",""coordinates"":[108.38696000304935,14.316090536169604]}"
1455,0,984,0.19007224166065018,8,98,"{""geodesic"":false,""type"":""Point"",""coordinates"":[108.50931054474648,14.416612016462572]}"
1456,0,887,0.6389327100822004,9,98,"{""geodesic"":false,""type"":""Point"",""coordinates"":[108.60605910084615,14.432242702406256]}"
1457,0,750,0.7090167172512307,16,72,"{""geodesic"":false,""type"":""Point"",""coordinates"":[108.60632859543136,14.305310752760164]}"
1458,0,1191,0.4456172139846357,34,97,"{""geodesic"":false,""type"":""Point"",""coordinates"":[108.34464935316737,14.36864198029059]}"
1459,0,682,0.7213432975912997,9,97,"{""geodesic"":false,""type"":""Point"",""coordinates"":[108.62923563517643,14.206136745393373]}"
1460,0,1270,0.7351085271782929,26,98,"{""geodesic"":false,""type"":""Point"",""coordinates"":[108.35893256618488,14.350585843079791]}"
1461,0,518,0.7403779213165848,9,82,"{""geodesic"":false,""type"":""Point"",""coordinates"":[108.6825955630531,14.137954615328702]}"
1462,0,1021,0.32946021083043886,10,97,"{""geodesic"":false,""type"":""Point"",""coordinates"":[108.55728058091842,14.510935121295127]}"
1463,0,977,0.6886678742446786,20,40,"{""geodesic"":false,""type"":""Point"",""coordinates"":[108.44517083346034,14.439788550792862]}"
1464,0,1003,0.23365590431760364,9,97,"{""geodesic"":false,""type"":""Point"",""coordinates"":[108.55269917296943,14.467546493072149]}"
1465,0,871,0.10508175748546811,12,90,"{""geodesic"":false,""type"":""Point"",""coordinates"":[108.44624881180124,14.314473568658187]}"
1466,0,725,0.5430244997950727,3,95,"{""geodesic"":false,""type"":""Point"",""coordinates"":[108.65295115867718,14.203980788711483]}"
1467,0,1136,0.14100549710798305,16,89,"{""geodesic"":false,""type"":""Point"",""coordinates"":[108.44112841468177,14.19535696198394]}"
1469,0,609,0.5421003758609244,11,54,"{""geodesic"":false,""type"":""Point"",""coordinates"":[108.57048581559502,14.213952088365211]}"
1470,0,1310,0.3814891497536649,20,97,"{""geodesic"":false,""type"":""Point"",""coordinates"":[108.3376424939512,14.286446131793653]}"
1471,0,1468,0.5322036045718175,17,97,"{""geodesic"":false,""type"":""Point"",""coordinates"":[108.34491884775258,14.272971402531866]}"
1472,0,1237,0.6553196221803335,13,97,"{""geodesic"":false,""type"":""Point"",""coordinates"":[108.47265928115439,14.547855879472436]}"
1474,0,1072,0.4503156598901311,5,98,"{""geodesic"":false,""type"":""Point"",""coordinates"":[108.4718507973987,14.447873388349933]}"
1475,0,1039,0.6266627113975821,3,97,"{""geodesic"":false,""type"":""Point"",""coordinates"":[108.53302606824724,14.520636926363615]}"
1476,0,1339,0.26196951877190555,33,92,"{""geodesic"":false,""type"":""Point"",""coordinates"":[108.39935675397021,14.278630788821815]}"
1478,0,753,0.18528777610124458,10,85,"{""geodesic"":false,""type"":""Point"",""coordinates"":[108.50284267470079,14.212335120853794]}"
1482,0,1475,0.6381537105982271,16,97,"{""geodesic"":false,""type"":""Point"",""coordinates"":[108.39288888392457,14.338189092158942]}"
1484,0,1185,0.008931999030504012,2,90,"{""geodesic"":false,""type"":""Point"",""coordinates"":[108.43115711502804,14.512821583391776]}"
1486,0,1006,0.09489426956431213,20,97,"{""geodesic"":false,""type"":""Point"",""coordinates"":[108.58369105027157,14.48856707072055]}"
1487,0,939,0.5224149660603029,8,98,"{""geodesic"":false,""type"":""Point"",""coordinates"":[108.52790567112771,14.423888370263946]}"
1489,0,992,0.24173457875673154,4,95,"{""geodesic"":false,""type"":""Point"",""coordinates"":[108.54003292746336,14.545160933620082]}"
1491,0,978,0.06722662523495448,13,31,"{""geodesic"":false,""type"":""Point"",""coordinates"":[108.47346776491008,14.069502990678792]}"
1493,0,1233,0.1476417298372713,32,89,"{""geodesic"":false,""type"":""Point"",""coordinates"":[108.37105982252046,14.477248298140644]}"
1494,0,806,0.05954231106883079,6,97,"{""geodesic"":false,""type"":""Point"",""coordinates"":[108.623037259716,14.306119236515876]}"
1495,0,732,0.7166552332861561,13,100,"{""geodesic"":false,""type"":""Point"",""coordinates"":[108.50014772884845,14.243596492741155]}"
1496,0,894,0.16359775236413865,4,97,"{""geodesic"":false,""type"":""Point"",""coordinates"":[108.56267047262315,14.440597034548567]}"
1497,0,1420,0.5106968476063388,32,95,"{""geodesic"":false,""type"":""Point"",""coordinates"":[108.36162751203722,14.286715626378893]}"
1498,0,898,0.23464374108685682,23,86,"{""geodesic"":false,""type"":""Point"",""coordinates"":[108.47481523783625,14.241440536059265]}"
1499,0,1003,0.6414697021001999,16,97,"{""geodesic"":false,""type"":""Point"",""coordinates"":[108.48828996709807,14.425774832360595]}"
1500,0,682,0.7242805122254456,8,89,"{""geodesic"":false,""type"":""Point"",""coordinates"":[108.45891505730737,14.147386925811958]}"
1501,0,1253,0.3387086501955816,3,97,"{""geodesic"":false,""type"":""Point"",""coordinates"":[108.37186830627616,14.567528984194652]}"
1502,0,815,0.03172215002020318,10,86,"{""geodesic"":false,""type"":""Point"",""coordinates"":[108.50068671801893,14.353280788932146]}"
1503,0,896,0.7773233430216397,15,97,"{""geodesic"":false,""type"":""Point"",""coordinates"":[108.54488382999762,14.344656962204603]}"
1504,0,705,0.4891364074807044,1,89,"{""geodesic"":false,""type"":""Point"",""coordinates"":[108.56779086974262,14.242249019814977]}"
1507,0,1390,0.3846095598880227,32,89,"{""geodesic"":false,""type"":""Point"",""coordinates"":[108.41094502113538,14.29210551808361]}"
1508,0,822,0.405728151987781,38,77,"{""geodesic"":false,""type"":""Point"",""coordinates"":[108.42900115834618,14.278900283407054]}"
1509,0,666,0.4430223655681893,6,89,"{""geodesic"":false,""type"":""Point"",""coordinates"":[108.6049811225052,14.222575915092762]}"
1510,0,966,0.20972371573997572,6,98,"{""geodesic"":false,""type"":""Point"",""coordinates"":[108.58961993114673,14.468624471413094]}"
1511,0,761,0.48415560817308967,6,97,"{""geodesic"":false,""type"":""Point"",""coordinates"":[108.66534790959804,14.230660752649833]}"
1514,0,1106,0.02665399219307585,9,86,"{""geodesic"":false,""type"":""Point"",""coordinates"":[108.42495873956761,14.501233316226632]}"
1515,0,657,0.24350510705371586,7,89,"{""geodesic"":false,""type"":""Point"",""coordinates"":[108.59932173621524,14.2341641822579]}"
1516,0,693,0.7322846368704785,1,97,"{""geodesic"":false,""type"":""Point"",""coordinates"":[108.6569935774557,14.178917792284551]}"
1517,0,1222,0.7414051309275397,7,97,"{""geodesic"":false,""type"":""Point"",""coordinates"":[108.40070422689644,14.543274471523425]}"
1518,0,901,0.054182090940778194,7,87,"{""geodesic"":false,""type"":""Point"",""coordinates"":[108.51577841479212,14.355706240199275]}"
1519,0,1049,0.7589207992406455,13,97,"{""geodesic"":false,""type"":""Point"",""coordinates"":[108.45729808979593,14.464851547219794]}"
1520,0,923,0.5484345242495925,8,95,"{""geodesic"":false,""type"":""Point"",""coordinates"":[108.48451704290477,14.376996312432901]}"
1521,0,1060,0.7092671793608761,14,90,"{""geodesic"":false,""type"":""Point"",""coordinates"":[108.40097372148165,14.375109850336251]}"
1522,0,964,0.5103035121307525,31,95,"{""geodesic"":false,""type"":""Point"",""coordinates"":[108.31662191630284,14.415534038121635]}"
1523,0,959,0.1661042400907421,10,98,"{""geodesic"":false,""type"":""Point"",""coordinates"":[108.58153509358965,14.45326328005465]}"
1524,0,746,0.7308159830401025,32,89,"{""geodesic"":false,""type"":""Point"",""coordinates"":[108.45648960604024,14.387506601257101]}"
1526,0,1133,0.573898201206248,35,98,"{""geodesic"":false,""type"":""Point"",""coordinates"":[108.38291758427084,14.38319468789333]}"
1528,0,1046,0.5005937280914576,20,87,"{""geodesic"":false,""type"":""Point"",""coordinates"":[108.40528563484543,14.402328803445073]}"
1529,0,942,0.5351779731077438,18,90,"{""geodesic"":false,""type"":""Point"",""coordinates"":[108.52062931732638,14.446256420838516]}"
1530,0,1241,0.6784422939985736,17,91,"{""geodesic"":false,""type"":""Point"",""coordinates"":[108.35812408242913,14.36891147487583]}"
1531,0,733,0.31551601072611324,11,98,"{""geodesic"":false,""type"":""Point"",""coordinates"":[108.59878274704477,14.319863460362903]}"
1532,0,1470,0.638133004031866,39,85,"{""geodesic"":false,""type"":""Point"",""coordinates"":[108.36297498496339,14.379960752870495]}"
1533,0,1040,0.2339362898838132,11,97,"{""geodesic"":false,""type"":""Point"",""coordinates"":[108.4917933967061,14.465121041805027]}"
1534,0,759,0.4823774853206957,32,76,"{""geodesic"":false,""type"":""Point"",""coordinates"":[108.49287137504706,14.134451185720636]}"
1535,0,916,0.2950640617702126,21,73,"{""geodesic"":false,""type"":""Point"",""coordinates"":[108.51146650142834,14.05656725058747]}"
1536,0,682,0.3034166444500963,11,90,"{""geodesic"":false,""type"":""Point"",""coordinates"":[108.4917933967061,14.203441799541011]}"
1538,0,1095,0.7574803334300916,17,95,"{""geodesic"":false,""type"":""Point"",""coordinates"":[108.37564123046945,14.236859128110261]}"
1539,0,975,0.42882598164298125,6,97,"{""geodesic"":false,""type"":""Point"",""coordinates"":[108.54138040038953,14.541926998597248]}"
1540,0,1164,0.14214324602916795,21,97,"{""geodesic"":false,""type"":""Point"",""coordinates"":[108.34357137482641,14.371875915313424]}"
1542,0,871,0.09664135577693211,8,95,"{""geodesic"":false,""type"":""Point"",""coordinates"":[108.3252457430304,14.388045590427573]}"
1544,0,1171,0.3023428530545552,19,90,"{""geodesic"":false,""type"":""Point"",""coordinates"":[108.4473267901422,14.186463640671157]}"
1545,0,785,0.4220306486236187,32,73,"{""geodesic"":false,""type"":""Point"",""coordinates"":[108.47697119451817,14.168138008875118]}"
1546,0,615,0.3317934534513799,3,82,"{""geodesic"":false,""type"":""Point"",""coordinates"":[108.56886884808358,14.145500463715301]}"
1547,0,868,0.5772062685708763,16,91,"{""geodesic"":false,""type"":""Point"",""coordinates"":[108.47077281905774,14.2551847599063]}"
1549,0,1421,0.15008374972753613,16,98,"{""geodesic"":false,""type"":""Point"",""coordinates"":[108.39800928104404,14.341692521767008]}"
1550,0,1274,0.3545658181241691,38,97,"{""geodesic"":false,""type"":""Point"",""coordinates"":[108.37079032793525,14.479673749407766]}"
1551,0,931,0.2612894269641949,9,98,"{""geodesic"":false,""type"":""Point"",""coordinates"":[108.43466054463613,14.210718153342384]}"
1552,0,1017,0.24987984715628775,28,97,"{""geodesic"":false,""type"":""Point"",""coordinates"":[108.54892624877613,14.344926456789835]}"
1553,0,906,0.11982729685084648,6,97,"{""geodesic"":false,""type"":""Point"",""coordinates"":[108.4793966457853,14.357053713125453]}"
1554,0,879,0.6310599468975059,5,32,"{""geodesic"":false,""type"":""Point"",""coordinates"":[108.52278527400824,14.398555879251774]}"
1555,0,762,0.3308281283863961,11,97,"{""geodesic"":false,""type"":""Point"",""coordinates"":[108.54865675419092,14.304502269004459]}"
1556,0,686,0.49971966133886403,14,97,"{""geodesic"":false,""type"":""Point"",""coordinates"":[108.58369105027157,14.239284579377383]}"
1557,0,1009,0.14207724998904692,15,78,"{""geodesic"":false,""type"":""Point"",""coordinates"":[108.3263237213713,14.295069958521204]}"
1558,0,1041,0.37468177809134284,5,98,"{""geodesic"":false,""type"":""Point"",""coordinates"":[108.58072660983396,14.491531511158144]}"
1559,0,1058,0.27575134712526095,4,97,"{""geodesic"":false,""type"":""Point"",""coordinates"":[108.546500797509,14.502311294567576]}"
1561,0,800,0.5084518117215853,13,97,"{""geodesic"":false,""type"":""Point"",""coordinates"":[108.64836975072814,14.268659489168087]}"
1562,0,1312,0.4421754635245617,12,97,"{""geodesic"":false,""type"":""Point"",""coordinates"":[108.32578473220082,14.258418694929127]}"
1563,0,1063,0.1260535149589489,8,98,"{""geodesic"":false,""type"":""Point"",""coordinates"":[108.4575675843812,14.438441077866678]}"
1564,0,876,0.41022647330427575,15,97,"{""geodesic"":false,""type"":""Point"",""coordinates"":[108.52062931732638,14.342501005522713]}"
1565,0,944,0.30582511491674513,9,98,"{""geodesic"":false,""type"":""Point"",""coordinates"":[108.508771555576,14.422001908167296]}"
1566,0,842,0.39388141166800084,6,97,"{""geodesic"":false,""type"":""Point"",""coordinates"":[108.6305831081026,14.366486023608708]}"
1568,0,937,0.5455365211607124,14,98,"{""geodesic"":false,""type"":""Point"",""coordinates"":[108.5871944798796,14.446256420838516]}"
1569,0,1034,0.4177781490132948,11,95,"{""geodesic"":false,""type"":""Point"",""coordinates"":[108.4284621691757,14.369450464046302]}"
1570,0,715,0.18247595611225853,8,97,"{""geodesic"":false,""type"":""Point"",""coordinates"":[108.64675278321675,14.209909669586672]}"
1571,0,710,0.4733173461189235,32,97,"{""geodesic"":false,""type"":""Point"",""coordinates"":[108.51874285522973,14.104806781344692]}"
1572,0,744,0.3372786415507433,10,89,"{""geodesic"":false,""type"":""Point"",""coordinates"":[108.53033112239484,14.253837286980115]}"
1573,0,1297,0.4729551071001996,11,90,"{""geodesic"":false,""type"":""Point"",""coordinates"":[108.31150151918337,14.339536565085119]}"
1575,0,1165,0.6644370937520538,10,97,"{""geodesic"":false,""type"":""Point"",""coordinates"":[108.40205169982261,14.500155337885694]}"
1577,0,667,0.37870464342114085,0,89,"{""geodesic"":false,""type"":""Point"",""coordinates"":[108.63381704312542,14.14576995830054]}"
1578,0,624,0.14786293009649532,22,89,"{""geodesic"":false,""type"":""Point"",""coordinates"":[108.4982612667518,14.20532826163766]}"
1579,0,791,0.1629800525958035,31,100,"{""geodesic"":false,""type"":""Point"",""coordinates"":[108.57425873978832,14.290488550572192]}"
1581,0,755,0.30915952244330924,10,82,"{""geodesic"":false,""type"":""Point"",""coordinates"":[108.47481523783625,14.184038189404028]}"
1582,0,881,0.04449617539273121,10,83,"{""geodesic"":false,""type"":""Point"",""coordinates"":[108.51200549059882,14.350585843079791]}"
1583,0,1003,0.04780576059637909,10,98,"{""geodesic"":false,""type"":""Point"",""coordinates"":[108.56482642930507,14.479134760237294]}"
1584,0,1506,0.29851816785539853,6,97,"{""geodesic"":false,""type"":""Point"",""coordinates"":[108.32201180800752,14.238476095621671]}"
1586,0,847,0.6704034589339137,9,89,"{""geodesic"":false,""type"":""Point"",""coordinates"":[108.4917933967061,14.179187286869784]}"
1587,0,830,0.14335267229252713,14,100,"{""geodesic"":false,""type"":""Point"",""coordinates"":[108.57183328852119,14.295878442276909]}"
1589,0,694,0.7798575236626039,20,97,"{""geodesic"":false,""type"":""Point"",""coordinates"":[108.62734917307978,14.25114234112776]}"
1593,0,673,0.23227219245748676,7,97,"{""geodesic"":false,""type"":""Point"",""coordinates"":[108.63193058102877,14.194817972813468]}"
1594,0,1033,0.4404311650838163,10,98,"{""geodesic"":false,""type"":""Point"",""coordinates"":[108.4831695699786,14.477517792725877]}"
1595,0,1204,0.13066168986323234,12,97,"{""geodesic"":false,""type"":""Point"",""coordinates"":[108.37186830627616,14.348699380983142]}"
1596,0,1132,0.055681110611632945,3,98,"{""geodesic"":false,""type"":""Point"",""coordinates"":[108.38561253012318,14.440327539963327]}"
1597,0,631,0.5606751775866977,9,72,"{""geodesic"":false,""type"":""Point"",""coordinates"":[108.5012257071894,14.061148658536482]}"
1598,0,1188,0.5977515050115938,13,97,"{""geodesic"":false,""type"":""Point"",""coordinates"":[108.38992444348696,14.351394326835496]}"
1599,0,738,0.5449354871494506,5,95,"{""geodesic"":false,""type"":""Point"",""coordinates"":[108.51874285522973,14.277283315895637]}"
1600,0,573,0.32215383719005464,9,74,"{""geodesic"":false,""type"":""Point"",""coordinates"":[108.55216018379895,14.145230969130068]}"
1602,0,1221,0.26879448725233657,30,97,"{""geodesic"":false,""type"":""Point"",""coordinates"":[108.36297498496339,14.23012176347936]}"
1603,0,1105,0.46287450324502744,13,98,"{""geodesic"":false,""type"":""Point"",""coordinates"":[108.4254977287381,14.460539633856023]}"
1604,0,692,0.6719802049839446,20,98,"{""geodesic"":false,""type"":""Point"",""coordinates"":[108.62573220556834,14.24440497649686]}"
1605,0,943,0.6672428021021781,26,97,"{""geodesic"":false,""type"":""Point"",""coordinates"":[108.43250458795421,14.339806059670359]}"
1606,0,1083,0.04766463222925421,4,97,"{""geodesic"":false,""type"":""Point"",""coordinates"":[108.42118581537432,14.4265833161163]}"
1607,0,820,0.29569200405452456,17,90,"{""geodesic"":false,""type"":""Point"",""coordinates"":[108.50634610430888,14.094296492520492]}"
1608,0,741,0.3443501190274697,29,90,"{""geodesic"":false,""type"":""Point"",""coordinates"":[108.4616100031597,14.155741257954269]}"
1609,0,814,0.1681433481794703,12,97,"{""geodesic"":false,""type"":""Point"",""coordinates"":[108.5691383426688,14.32552284665286]}"
1610,0,973,0.09255299088336855,16,97,"{""geodesic"":false,""type"":""Point"",""coordinates"":[108.57398924520305,14.565642522098003]}"
1611,0,821,0.5188698907132622,10,89,"{""geodesic"":false,""type"":""Point"",""coordinates"":[108.61737787342605,14.322019417044793]}"
1612,0,873,0.008907173982961258,29,97,"{""geodesic"":false,""type"":""Point"",""coordinates"":[108.57318076144736,14.339806059670359]}"
1613,0,778,0.6790955118719249,13,97,"{""geodesic"":false,""type"":""Point"",""coordinates"":[108.63758996731872,14.298842882714503]}"
1614,0,704,0.5737986082997336,36,90,"{""geodesic"":false,""type"":""Point"",""coordinates"":[108.51281397435451,14.130139272356857]}"
1616,0,1054,0.4817226637057046,17,98,"{""geodesic"":false,""type"":""Point"",""coordinates"":[108.49341036421754,14.45784468800366]}"
1617,0,1322,0.13643337535127287,16,90,"{""geodesic"":false,""type"":""Point"",""coordinates"":[108.365939425401,14.497729886618565]}"
1619,0,1050,0.48356852904786374,13,97,"{""geodesic"":false,""type"":""Point"",""coordinates"":[108.46053202481875,14.443291980400922]}"
1620,0,774,0.5832642124469393,17,89,"{""geodesic"":false,""type"":""Point"",""coordinates"":[108.58881144739104,14.334416167965642]}"
1621,0,652,0.23236217845886997,6,96,"{""geodesic"":false,""type"":""Point"",""coordinates"":[108.62546271098313,14.163556600926107]}"
1622,0,1067,0.32218448807247546,11,97,"{""geodesic"":false,""type"":""Point"",""coordinates"":[108.53006162780963,14.337380608403237]}"
1623,0,1085,0.7124988154809638,13,97,"{""geodesic"":false,""type"":""Point"",""coordinates"":[108.48586451583094,14.508509670028005]}"
1624,0,1666,0.402225204084514,28,98,"{""geodesic"":false,""type"":""Point"",""coordinates"":[108.34869177194588,14.254376276150587]}"
1625,0,1007,0.5118429336176457,2,94,"{""geodesic"":false,""type"":""Point"",""coordinates"":[108.53572101409958,14.561330608734231]}"
1627,0,694,0.7346433508784673,4,85,"{""geodesic"":false,""type"":""Point"",""coordinates"":[108.56051451594129,14.224192882604171]}"
1629,0,1269,0.23255125718797065,16,94,"{""geodesic"":false,""type"":""Point"",""coordinates"":[108.42873166376091,14.557288189955692]}"
1630,0,678,0.7085111257067921,26,34,"{""geodesic"":false,""type"":""Point"",""coordinates"":[108.49529682631419,14.27377988628757]}"
1631,0,592,0.5097925874888263,24,95,"{""geodesic"":false,""type"":""Point"",""coordinates"":[108.56779086974262,14.143614001618651]}"
1632,0,1083,0.6022208831501183,29,97,"{""geodesic"":false,""type"":""Point"",""coordinates"":[108.4767016999329,14.053063820979403]}"
1633,0,803,0.5546145570436378,5,97,"{""geodesic"":false,""type"":""Point"",""coordinates"":[108.56698238598693,14.304232774419226]}"
1634,0,853,0.6516017087616143,13,98,"{""geodesic"":false,""type"":""Point"",""coordinates"":[108.61522191674413,14.339267070499886]}"
1636,0,1133,0.2968712032913816,5,90,"{""geodesic"":false,""type"":""Point"",""coordinates"":[108.44058942551129,14.490992521987671]}"
1637,0,1282,0.3420178791425572,31,98,"{""geodesic"":false,""type"":""Point"",""coordinates"":[108.36459195247483,14.363791077756346]}"
1638,0,756,0.7517420130157252,36,99,"{""geodesic"":false,""type"":""Point"",""coordinates"":[108.49125440753568,14.138493604499175]}"
1639,0,1014,0.31561983914903613,30,97,"{""geodesic"":false,""type"":""Point"",""coordinates"":[108.44166740385225,14.402598298030313]}"
1640,0,855,0.3985252334988676,16,76,"{""geodesic"":false,""type"":""Point"",""coordinates"":[108.49799177216653,14.098338911299031]}"
1641,0,764,0.5856339682348702,13,97,"{""geodesic"":false,""type"":""Point"",""coordinates"":[108.48074411871147,14.142536023277707]}"
1642,0,1022,0.0748711950070664,32,89,"{""geodesic"":false,""type"":""Point"",""coordinates"":[108.38857697056079,14.382655698722857]}"
1643,0,1633,0.49677658657852086,9,97,"{""geodesic"":false,""type"":""Point"",""coordinates"":[108.39073292724271,14.324714362897147]}"
1644,0,901,0.4868736558302571,5,97,"{""geodesic"":false,""type"":""Point"",""coordinates"":[108.52143780108207,14.400981330518896]}"
1645,0,819,0.10949302010693696,25,82,"{""geodesic"":false,""type"":""Point"",""coordinates"":[108.34384086941162,14.46000064468555]}"
1646,0,694,0.6924473305078144,3,97,"{""geodesic"":false,""type"":""Point"",""coordinates"":[108.66130549081947,14.18269071647785]}"
1647,0,925,0.6086406537779464,36,83,"{""geodesic"":false,""type"":""Point"",""coordinates"":[108.33063563473507,14.426044326945828]}"
1648,0,1031,0.06692895918882458,9,97,"{""geodesic"":false,""type"":""Point"",""coordinates"":[108.54057191663384,14.568606962535597]}"
1649,0,796,0.4835598189639302,34,89,"{""geodesic"":false,""type"":""Point"",""coordinates"":[108.4613405085745,14.231199741820305]}"
1650,0,1302,0.4481752243579832,13,95,"{""geodesic"":false,""type"":""Point"",""coordinates"":[108.37213780086142,14.56537302751277]}"
1651,0,1326,0.13491167450244612,30,97,"{""geodesic"":false,""type"":""Point"",""coordinates"":[108.40259068899309,14.30908367695347]}"
1653,0,987,0.04998238792182852,3,97,"{""geodesic"":false,""type"":""Point"",""coordinates"":[108.48101361329668,14.390201547109463]}"
1654,0,718,0.11788610277110101,11,98,"{""geodesic"":false,""type"":""Point"",""coordinates"":[108.63139159185829,14.253837286980115]}"
1655,0,721,0.7086977168757034,23,98,"{""geodesic"":false,""type"":""Point"",""coordinates"":[108.49233238587658,14.218802990899455]}"
1657,0,914,0.4728291123698709,37,63,"{""geodesic"":false,""type"":""Point"",""coordinates"":[108.48209159163764,14.053872304735116]}"
1658,0,911,0.2300612099288919,11,97,"{""geodesic"":false,""type"":""Point"",""coordinates"":[108.59500982285147,14.50743169168706]}"
1660,0,919,0.21725520459603698,9,97,"{""geodesic"":false,""type"":""Point"",""coordinates"":[108.5785706531521,14.545699922790547]}"
1661,0,989,0.3521757685075191,11,98,"{""geodesic"":false,""type"":""Point"",""coordinates"":[108.4907154183652,14.422810391923]}"
1662,0,787,0.6034264923481248,2,97,"{""geodesic"":false,""type"":""Point"",""coordinates"":[108.64513581570532,14.270006962094271]}"
1665,0,1502,0.12671686091488787,38,89,"{""geodesic"":false,""type"":""Point"",""coordinates"":[108.38803798139031,14.253298297809643]}"
1666,0,1276,0.172459601981517,29,90,"{""geodesic"":false,""type"":""Point"",""coordinates"":[108.30099123035916,14.410144146416911]}"
1667,0,868,0.6248259299819815,12,98,"{""geodesic"":false,""type"":""Point"",""coordinates"":[108.58503852319774,14.507970680857532]}"
1669,0,878,0.07334795296829677,19,90,"{""geodesic"":false,""type"":""Point"",""coordinates"":[108.46295747608588,14.080013279502992]}"
1670,0,1005,0.24193138702365957,37,95,"{""geodesic"":false,""type"":""Point"",""coordinates"":[108.33629502102502,14.372414904483897]}"
1671,0,660,0.7037463332481732,8,95,"{""geodesic"":false,""type"":""Point"",""coordinates"":[108.6305831081026,14.182421221892618]}"
1672,0,870,0.6278624686762666,18,85,"{""geodesic"":false,""type"":""Point"",""coordinates"":[108.47346776491008,14.237937106451206]}"
1675,0,953,0.5695679304986733,7,98,"{""geodesic"":false,""type"":""Point"",""coordinates"":[108.6268101839093,14.52360136680121]}"
1677,0,1247,0.16635932080476556,24,97,"{""geodesic"":false,""type"":""Point"",""coordinates"":[108.37591072505472,14.534381150210642]}"
1678,0,1426,0.7754285717687964,27,97,"{""geodesic"":false,""type"":""Point"",""coordinates"":[108.37671920881041,14.250333857372048]}"
1679,0,658,0.33793250891223303,5,51,"{""geodesic"":false,""type"":""Point"",""coordinates"":[108.52736668195729,14.239554073962616]}"
1680,0,846,0.12598933933956302,5,96,"{""geodesic"":false,""type"":""Point"",""coordinates"":[108.62115079761935,14.35462826185833]}"
1681,0,1456,0.3942302294060184,37,95,"{""geodesic"":false,""type"":""Point"",""coordinates"":[108.33898996687742,14.269467972923799]}"
1682,0,935,0.4972664264809227,14,97,"{""geodesic"":false,""type"":""Point"",""coordinates"":[108.54084141121905,14.299920861055448]}"
1683,0,1141,0.31466024293638406,26,97,"{""geodesic"":false,""type"":""Point"",""coordinates"":[108.3726767900319,14.37726580701814]}"
1684,0,1189,0.1462943601486436,17,98,"{""geodesic"":false,""type"":""Point"",""coordinates"":[108.39342787309505,14.512282594221304]}"
1685,0,1069,0.4636094387994404,18,97,"{""geodesic"":false,""type"":""Point"",""coordinates"":[108.4548726385288,14.434937648258611]}"
1687,0,1059,0.7511254581925629,14,98,"{""geodesic"":false,""type"":""Point"",""coordinates"":[108.45244718726167,14.065999561070726]}"
1688,0,1035,0.08121548170873827,12,97,"{""geodesic"":false,""type"":""Point"",""coordinates"":[108.54973473253182,14.492609489499088]}"
1689,0,713,0.10955482323792076,6,90,"{""geodesic"":false,""type"":""Point"",""coordinates"":[108.62492372181265,14.194817972813468]}"
1691,0,842,0.4010144866023021,23,97,"{""geodesic"":false,""type"":""Point"",""coordinates"":[108.60686758460184,14.473744868532577]}"
1692,0,893,0.536977592633041,21,83,"{""geodesic"":false,""type"":""Point"",""coordinates"":[108.4804746241262,14.120706961873601]}"
1693,0,732,0.26028671392676794,13,90,"{""geodesic"":false,""type"":""Point"",""coordinates"":[108.59527931743668,14.317168514510541]}"
1694,0,1190,0.3960091881903486,6,89,"{""geodesic"":false,""type"":""Point"",""coordinates"":[108.38480404636749,14.511474110465599]}"
1695,0,1356,0.405564400083508,34,90,"{""geodesic"":false,""type"":""Point"",""coordinates"":[108.38264808968563,14.402598298030313]}"
1696,0,851,0.7347237607185177,20,97,"{""geodesic"":false,""type"":""Point"",""coordinates"":[108.6090235412837,14.40583223305314]}"
1697,0,686,0.27902119792030755,4,100,"{""geodesic"":false,""type"":""Point"",""coordinates"":[108.6456748048758,14.19724342408059]}"
1698,0,926,0.7762379452292882,7,97,"{""geodesic"":false,""type"":""Point"",""coordinates"":[108.57803166398162,14.443022485815689]}"
1699,0,1288,0.025112379596696766,30,92,"{""geodesic"":false,""type"":""Point"",""coordinates"":[108.36836487666812,14.376996312432901]}"
1700,0,646,0.6515044688509221,21,72,"{""geodesic"":false,""type"":""Point"",""coordinates"":[108.53275657366197,14.229313279723655]}"
1701,0,877,0.7689204433295883,2,97,"{""geodesic"":false,""type"":""Point"",""coordinates"":[108.57425873978832,14.414725554365923]}"
1703,0,1017,0.31131292999436433,13,97,"{""geodesic"":false,""type"":""Point"",""coordinates"":[108.55350765672512,14.578847756774557]}"
1704,0,766,0.19622401242081966,3,98,"{""geodesic"":false,""type"":""Point"",""coordinates"":[108.64594429946106,14.229852268894128]}"
1705,0,922,0.3392293348009352,19,97,"{""geodesic"":false,""type"":""Point"",""coordinates"":[108.33548653726933,14.351933316005969]}"
1706,0,672,0.7256969910582803,12,89,"{""geodesic"":false,""type"":""Point"",""coordinates"":[108.62519321639786,14.247908406104926]}"
1707,0,610,0.3680352897264003,10,82,"{""geodesic"":false,""type"":""Point"",""coordinates"":[108.59312336075482,14.183229705648323]}"
1708,0,1113,0.4377449402983943,5,98,"{""geodesic"":false,""type"":""Point"",""coordinates"":[108.41902985869245,14.440058045378095]}"
1709,0,845,0.03241501652563561,17,95,"{""geodesic"":false,""type"":""Point"",""coordinates"":[108.59285386616955,14.36891147487583]}"
1710,0,1082,0.21865062168309235,3,90,"{""geodesic"":false,""type"":""Point"",""coordinates"":[108.40878906445346,14.371336926142952]}"
1711,0,828,0.5178524326288904,25,90,"{""geodesic"":false,""type"":""Point"",""coordinates"":[108.55728058091842,14.320941438703848]}"
1712,0,753,0.6280544715699231,14,100,"{""geodesic"":false,""type"":""Point"",""coordinates"":[108.54623130292379,14.295069958521204]}"
1713,0,1149,0.6081842520796807,13,98,"{""geodesic"":false,""type"":""Point"",""coordinates"":[108.34249339648545,14.316090536169604]}"
1714,0,939,0.023591335001551306,20,58,"{""geodesic"":false,""type"":""Point"",""coordinates"":[108.51038852308739,14.068425012337848]}"
1717,0,734,0.5560092404558372,5,98,"{""geodesic"":false,""type"":""Point"",""coordinates"":[108.66858184462086,14.202902810370539]}"
1719,0,774,0.21534686039359685,38,95,"{""geodesic"":false,""type"":""Point"",""coordinates"":[108.50149520177462,14.073814904042564]}"
1720,0,661,0.32567044119087685,5,30,"{""geodesic"":false,""type"":""Point"",""coordinates"":[108.48451704290477,14.228774290553183]}"
1721,0,897,0.15368616394947288,13,97,"{""geodesic"":false,""type"":""Point"",""coordinates"":[108.5607840105265,14.404215265541723]}"
1722,0,1146,0.5837734005285935,13,97,"{""geodesic"":false,""type"":""Point"",""coordinates"":[108.39639231353266,14.465929525560739]}"
1723,0,1075,0.5220495024975497,2,97,"{""geodesic"":false,""type"":""Point"",""coordinates"":[108.43088762044283,14.422810391923]}"
1724,0,919,0.028683903267416322,11,95,"{""geodesic"":false,""type"":""Point"",""coordinates"":[108.52035982274111,14.432512196991489]}"
1725,0,840,0.7703095901791654,6,98,"{""geodesic"":false,""type"":""Point"",""coordinates"":[108.61710837884078,14.337111113817997]}"
1726,0,655,0.11122098952885884,23,100,"{""geodesic"":false,""type"":""Point"",""coordinates"":[108.4586455627221,14.358131691466397]}"
1727,0,772,0.6865825049939257,5,97,"{""geodesic"":false,""type"":""Point"",""coordinates"":[108.66400043667181,14.241979525229738]}"
1728,0,932,0.5914809347212207,14,97,"{""geodesic"":false,""type"":""Point"",""coordinates"":[108.55620260257751,14.528991258505926]}"
1729,0,903,0.007207487167137594,20,64,"{""geodesic"":false,""type"":""Point"",""coordinates"":[108.44005043634087,14.360826637318752]}"
1730,0,953,0.6640026840723431,6,98,"{""geodesic"":false,""type"":""Point"",""coordinates"":[108.5909674040729,14.450029345031822]}"
1731,0,744,0.2740993900302967,1,97,"{""geodesic"":false,""type"":""Point"",""coordinates"":[108.52197679025255,14.257610211173422]}"
1732,0,1266,0.14107590217322674,10,97,"{""geodesic"":false,""type"":""Point"",""coordinates"":[108.42199429913006,14.562678081660408]}"
1733,0,896,0.622019677539046,14,97,"{""geodesic"":false,""type"":""Point"",""coordinates"":[108.55216018379895,14.435746132014323]}"
1734,0,923,0.6140909107986211,9,98,"{""geodesic"":false,""type"":""Point"",""coordinates"":[108.5691383426688,14.548125374057676]}"
1735,0,1075,0.5251875100270584,6,97,"{""geodesic"":false,""type"":""Point"",""coordinates"":[108.52143780108207,14.520636926363615]}"
1736,0,773,0.006769107272285302,31,97,"{""geodesic"":false,""type"":""Point"",""coordinates"":[108.44759628472747,14.364599561512058]}"
1737,0,834,0.2533683336036858,8,75,"{""geodesic"":false,""type"":""Point"",""coordinates"":[108.33198310766124,14.36702501277918]}"
1738,0,1156,0.2224580296271731,10,97,"{""geodesic"":false,""type"":""Point"",""coordinates"":[108.40825007528304,14.354897756443563]}"
1739,0,896,0.7659839423893551,22,98,"{""geodesic"":false,""type"":""Point"",""coordinates"":[108.6003997145562,14.522792883045504]}"
1741,0,1123,0.5152816346553318,23,97,"{""geodesic"":false,""type"":""Point"",""coordinates"":[108.40555512943064,14.36217411024493]}"
1742,0,700,0.5556282767499472,21,90,"{""geodesic"":false,""type"":""Point"",""coordinates"":[108.5238632523492,14.125288369822613]}"
1744,0,807,0.06162221260375689,6,97,"{""geodesic"":false,""type"":""Point"",""coordinates"":[108.59554881202195,14.338458586744174]}"
1745,0,994,0.04885325693505038,4,95,"{""geodesic"":false,""type"":""Point"",""coordinates"":[108.58126559900444,14.56321707083088]}"
1746,0,1240,0.5414701836858408,7,90,"{""geodesic"":false,""type"":""Point"",""coordinates"":[108.44678780097172,14.549472846983853]}"
1747,0,774,0.350748117519207,22,98,"{""geodesic"":false,""type"":""Point"",""coordinates"":[108.47885765661482,14.279978261748]}"
1749,0,1302,0.49686718070616664,14,97,"{""geodesic"":false,""type"":""Point"",""coordinates"":[108.36944285500903,14.564834038342298]}"
1751,0,762,0.633615847309423,6,90,"{""geodesic"":false,""type"":""Point"",""coordinates"":[108.59527931743668,14.29641743144738]}"
1752,0,793,0.11722311698413446,7,97,"{""geodesic"":false,""type"":""Point"",""coordinates"":[108.63220007561404,14.300190355640687]}"
1753,0,1037,0.0926861204388777,11,97,"{""geodesic"":false,""type"":""Point"",""coordinates"":[108.49341036421754,14.46377356887885]}"
1754,0,1198,0.4044607176218823,16,97,"{""geodesic"":false,""type"":""Point"",""coordinates"":[108.40528563484543,14.514169056317954]}"
1755,0,679,0.7614855319906656,33,98,"{""geodesic"":false,""type"":""Point"",""coordinates"":[108.50634610430888,14.20532826163766]}"
1756,0,697,0.06542497934335423,5,91,"{""geodesic"":false,""type"":""Point"",""coordinates"":[108.66696487710942,14.179726276040256]}"
1758,0,867,0.16083401424196542,7,98,"{""geodesic"":false,""type"":""Point"",""coordinates"":[108.59959123080046,14.391010030865168]}"
1759,0,939,0.4047707656012559,8,97,"{""geodesic"":false,""type"":""Point"",""coordinates"":[108.57614520188497,14.53869306357442]}"
1760,0,821,0.22781571444857285,12,97,"{""geodesic"":false,""type"":""Point"",""coordinates"":[108.61899484093743,14.310431149879648]}"
1761,0,821,0.35955460132203665,11,91,"{""geodesic"":false,""type"":""Point"",""coordinates"":[108.63543401063686,14.46404306346409]}"
1763,0,1323,0.14571211214967417,19,97,"{""geodesic"":false,""type"":""Point"",""coordinates"":[108.37618021963993,14.407449200564557]}"
1764,0,787,0.793890962184511,13,90,"{""geodesic"":false,""type"":""Point"",""coordinates"":[108.63408653771069,14.279169777992287]}"
1765,0,1173,0.19486405520672867,30,94,"{""geodesic"":false,""type"":""Point"",""coordinates"":[108.35219520155397,14.283212196770826]}"
1766,0,1275,0.2955399943863284,29,93,"{""geodesic"":false,""type"":""Point"",""coordinates"":[108.32443725927465,14.268120499997622]}"
1768,0,849,0.06223923732862546,27,97,"{""geodesic"":false,""type"":""Point"",""coordinates"":[108.4284621691757,14.33576364089182]}"
1769,0,994,0.2722246683404379,13,98,"{""geodesic"":false,""type"":""Point"",""coordinates"":[108.46214899233019,14.399903352177951]}"
1771,0,641,0.07423444325670381,5,89,"{""geodesic"":false,""type"":""Point"",""coordinates"":[108.50823256640552,14.181343243551673]}"
1772,0,848,0.5334340933057258,1,97,"{""geodesic"":false,""type"":""Point"",""coordinates"":[108.63031361351733,14.345465445960308]}"
1775,0,949,0.6519577312134678,5,92,"{""geodesic"":false,""type"":""Point"",""coordinates"":[108.5058071151384,14.416881511047812]}"
1776,0,1003,0.014383704437732403,9,92,"{""geodesic"":false,""type"":""Point"",""coordinates"":[108.5238632523492,14.536806601477764]}"
1777,0,1121,0.07445421241140615,23,97,"{""geodesic"":false,""type"":""Point"",""coordinates"":[108.36297498496339,14.4656600309755]}"
1778,0,1534,0.37227677700851536,32,95,"{""geodesic"":false,""type"":""Point"",""coordinates"":[108.36513094164525,14.273510391702338]}"
1779,0,1138,0.309482542053368,9,89,"{""geodesic"":false,""type"":""Point"",""coordinates"":[108.37995314383323,14.433590175332434]}"
1780,0,1110,0.15586904418593983,12,82,"{""geodesic"":false,""type"":""Point"",""coordinates"":[108.43439105005086,14.518480969681733]}"
1781,0,887,0.37607288241159387,4,98,"{""geodesic"":false,""type"":""Point"",""coordinates"":[108.5653654184755,14.448142882935173]}"
1783,0,1023,0.6659639489830702,17,97,"{""geodesic"":false,""type"":""Point"",""coordinates"":[108.54838725960565,14.488297576135317]}"
1784,0,991,0.02569373132427233,11,97,"{""geodesic"":false,""type"":""Point"",""coordinates"":[108.49799177216653,14.438171583281445]}"
1785,0,1104,0.46235568797268356,21,94,"{""geodesic"":false,""type"":""Point"",""coordinates"":[108.44463184428986,14.142805517862946]}"
1786,0,877,0.21584821544780475,19,72,"{""geodesic"":false,""type"":""Point"",""coordinates"":[108.44975224140933,14.31312609573201]}"
1788,0,842,0.28275505359504904,13,95,"{""geodesic"":false,""type"":""Point"",""coordinates"":[108.61737787342605,14.497460392033332]}"
1789,0,628,0.7836225379946281,14,95,"{""geodesic"":false,""type"":""Point"",""coordinates"":[108.52143780108207,14.208292702075255]}"
1792,0,989,0.5975620461136161,19,97,"{""geodesic"":false,""type"":""Point"",""coordinates"":[108.54515332458283,14.4723973956064]}"
1793,0,1201,0.3072039788148967,11,97,"{""geodesic"":false,""type"":""Point"",""coordinates"":[108.31958635674039,14.32525335206762]}"
1794,0,955,0.01565112168462135,7,97,"{""geodesic"":false,""type"":""Point"",""coordinates"":[108.56698238598693,14.528452269335453]}"
1795,0,1146,0.38794123725799556,17,98,"{""geodesic"":false,""type"":""Point"",""coordinates"":[108.40905855903873,14.499346854129982]}"
1797,0,1477,0.3942029462155068,11,92,"{""geodesic"":false,""type"":""Point"",""coordinates"":[108.33144411849082,14.234703171428372]}"
1798,0,889,0.18850141636354367,2,97,"{""geodesic"":false,""type"":""Point"",""coordinates"":[108.5974352741186,14.40583223305314]}"
1799,0,1037,0.5932575263745432,37,97,"{""geodesic"":false,""type"":""Point"",""coordinates"":[108.42388076122671,14.346543424301252]}"
1800,0,1260,0.32014535216809636,16,98,"{""geodesic"":false,""type"":""Point"",""coordinates"":[108.39962624855548,14.564295049171825]}"
1802,0,687,0.25657767976848256,9,100,"{""geodesic"":false,""type"":""Point"",""coordinates"":[108.56779086974262,14.231738730990777]}"
1803,0,790,0.6452680193640565,12,90,"{""geodesic"":false,""type"":""Point"",""coordinates"":[108.47158130281343,14.190775554034929]}"
1804,0,705,0.11134269489665749,7,98,"{""geodesic"":false,""type"":""Point"",""coordinates"":[108.66453942584229,14.192662016131578]}"
1805,0,915,0.09496105695110957,20,97,"{""geodesic"":false,""type"":""Point"",""coordinates"":[108.60174718748237,14.518480969681733]}"
1806,0,836,0.4077048235185389,12,91,"{""geodesic"":false,""type"":""Point"",""coordinates"":[108.61791686259653,14.497460392033332]}"
1807,0,915,0.256873195686131,9,97,"{""geodesic"":false,""type"":""Point"",""coordinates"":[108.63112209727308,14.490992521987671]}"
1808,0,1255,0.47104250948137216,13,97,"{""geodesic"":false,""type"":""Point"",""coordinates"":[108.43142660961331,14.545699922790547]}"
1809,0,1023,0.5733017921074444,23,97,"{""geodesic"":false,""type"":""Point"",""coordinates"":[108.31958635674039,14.409874651831679]}"
1810,0,1540,0.5854070456491267,4,97,"{""geodesic"":false,""type"":""Point"",""coordinates"":[108.38183960592988,14.28833259389031]}"
1811,0,956,0.09069977928442985,39,97,"{""geodesic"":false,""type"":""Point"",""coordinates"":[108.34384086941162,14.38777609584234]}"
1812,0,556,0.5582635603497297,15,45,"{""geodesic"":false,""type"":""Point"",""coordinates"":[108.5276361765425,14.163017611755635]}"
1813,0,687,0.21319333252127348,3,91,"{""geodesic"":false,""type"":""Point"",""coordinates"":[108.55593310799225,14.271623929605681]}"
1814,0,1008,0.32665575485193754,23,78,"{""geodesic"":false,""type"":""Point"",""coordinates"":[108.35677660950296,14.471319417265455]}"
1815,0,900,0.008258105138167049,14,97,"{""geodesic"":false,""type"":""Point"",""coordinates"":[108.56617390223124,14.436824110355268]}"
1817,0,718,0.5832300587572156,10,100,"{""geodesic"":false,""type"":""Point"",""coordinates"":[108.55377715131038,14.2446744710821]}"
1818,0,1048,0.6668404052327941,27,97,"{""geodesic"":false,""type"":""Point"",""coordinates"":[108.40932805362394,14.175144868091245]}"
1819,0,697,0.05866874313122661,1,98,"{""geodesic"":false,""type"":""Point"",""coordinates"":[108.66130549081947,14.18484667315974]}"
1822,0,664,0.006271510157779492,4,97,"{""geodesic"":false,""type"":""Point"",""coordinates"":[108.64998671823957,14.162478622585162]}"
1823,0,757,0.24221751342858655,12,90,"{""geodesic"":false,""type"":""Point"",""coordinates"":[108.61144899255083,14.28994956140172]}"
1824,0,918,0.7102348792750585,9,97,"{""geodesic"":false,""type"":""Point"",""coordinates"":[108.54245837873049,14.467276998486916]}"
1825,0,639,0.3223012494266787,15,85,"{""geodesic"":false,""type"":""Point"",""coordinates"":[108.52871415488346,14.133103712794451]}"
1826,0,1520,0.1462462128457277,16,92,"{""geodesic"":false,""type"":""Point"",""coordinates"":[108.3330610860022,14.2409015468888]}"
1827,0,823,0.470443630636148,34,89,"{""geodesic"":false,""type"":""Point"",""coordinates"":[108.4095975482092,14.241710030644505]}"
1828,0,870,0.482611283566615,35,78,"{""geodesic"":false,""type"":""Point"",""coordinates"":[108.48909845085376,14.138224109913935]}"
1830,0,1115,0.34205142382474496,20,98,"{""geodesic"":false,""type"":""Point"",""coordinates"":[108.49475783714371,14.519289453437437]}"
1831,0,1077,0.03916407089696494,46,97,"{""geodesic"":false,""type"":""Point"",""coordinates"":[108.37213780086142,14.213682593779978]}"
1832,0,726,0.5983297001713538,1,100,"{""geodesic"":false,""type"":""Point"",""coordinates"":[108.51308346893978,14.277283315895637]}"
1836,0,836,0.33721149944607975,6,96,"{""geodesic"":false,""type"":""Point"",""coordinates"":[108.58018762066348,14.362713099415402]}"
1837,0,709,0.4166935376744113,6,97,"{""geodesic"":false,""type"":""Point"",""coordinates"":[108.65510711535904,14.183499200233562]}"
1838,0,1635,0.7318322951922756,9,97,"{""geodesic"":false,""type"":""Point"",""coordinates"":[108.37025133876477,14.285637648037948]}"
1839,0,754,0.4295264416327409,5,97,"{""geodesic"":false,""type"":""Point"",""coordinates"":[108.64163238609729,14.241710030644505]}"
1841,0,794,0.7649305071089505,13,97,"{""geodesic"":false,""type"":""Point"",""coordinates"":[108.63489502146638,14.313395590317242]}"
1842,0,805,0.049090826972506885,9,98,"{""geodesic"":false,""type"":""Point"",""coordinates"":[108.64271036443819,14.267042521656677]}"
1843,0,716,0.3650807105843441,10,97,"{""geodesic"":false,""type"":""Point"",""coordinates"":[108.61710837884078,14.261113640781488]}"
1844,0,1431,0.4005791771741204,28,97,"{""geodesic"":false,""type"":""Point"",""coordinates"":[108.37159881169094,14.335224651721347]}"
1846,0,975,0.6581187082486466,16,87,"{""geodesic"":false,""type"":""Point"",""coordinates"":[108.44544032804555,14.391279525450408]}"
1847,0,719,0.15650725126761278,10,97,"{""geodesic"":false,""type"":""Point"",""coordinates"":[108.62977462434691,14.457575193418428]}"
1850,0,992,0.6521999056106212,11,89,"{""geodesic"":false,""type"":""Point"",""coordinates"":[108.45056072516502,14.138763099084407]}"
1851,0,982,0.04914809572289747,11,97,"{""geodesic"":false,""type"":""Point"",""coordinates"":[108.50526812596792,14.489375554476254]}"
1853,0,1533,0.7895476103734382,20,97,"{""geodesic"":false,""type"":""Point"",""coordinates"":[108.35758509325865,14.240362557718328]}"
1855,0,1001,0.46008411511047265,27,90,"{""geodesic"":false,""type"":""Point"",""coordinates"":[108.55189068921374,14.561330608734231]}"
1856,0,538,0.37532538469052623,6,33,"{""geodesic"":false,""type"":""Point"",""coordinates"":[108.50041722343366,14.150620860834785]}"
1857,0,1103,0.19347288993923029,3,89,"{""geodesic"":false,""type"":""Point"",""coordinates"":[108.39639231353266,14.450298839617055]}"
1858,0,561,0.5341756105306881,21,89,"{""geodesic"":false,""type"":""Point"",""coordinates"":[108.54326686248618,14.143883496203891]}"
1859,0,680,0.7711991734675997,2,97,"{""geodesic"":false,""type"":""Point"",""coordinates"":[108.59231487699913,14.231199741820305]}"
1861,0,746,0.19874010370706874,12,95,"{""geodesic"":false,""type"":""Point"",""coordinates"":[108.45595061686976,14.158705698391863]}"
1862,0,1046,0.22528351485866238,10,90,"{""geodesic"":false,""type"":""Point"",""coordinates"":[108.43654700673278,14.426044326945828]}"
1863,0,924,0.06251168781480865,5,98,"{""geodesic"":false,""type"":""Point"",""coordinates"":[108.49853076133701,14.368372485705358]}"
1864,0,640,0.5845063677101733,12,76,"{""geodesic"":false,""type"":""Point"",""coordinates"":[108.6268101839093,14.146039452885773]}"
1865,0,659,0.34496305077808,11,98,"{""geodesic"":false,""type"":""Point"",""coordinates"":[108.44786577931268,14.34223151093748]}"
1866,0,868,0.39354858734953957,47,87,"{""geodesic"":false,""type"":""Point"",""coordinates"":[108.50769357723505,14.300190355640687]}"
1868,0,1026,0.301748653486993,30,89,"{""geodesic"":false,""type"":""Point"",""coordinates"":[108.33629502102502,14.378613279944318]}"
1869,0,999,0.7442653686694862,13,98,"{""geodesic"":false,""type"":""Point"",""coordinates"":[108.43007913668714,14.406640716808852]}"
1870,0,494,0.20873755702735142,4,56,"{""geodesic"":false,""type"":""Point"",""coordinates"":[108.53599050868479,14.199938369932944]}"
1871,0,992,0.10301148788307202,36,76,"{""geodesic"":false,""type"":""Point"",""coordinates"":[108.34950025570157,14.458653171759366]}"
1872,0,623,0.3936929737635899,27,100,"{""geodesic"":false,""type"":""Point"",""coordinates"":[108.59878274704477,14.211796131683322]}"
1873,0,1270,0.3949941844251511,24,98,"{""geodesic"":false,""type"":""Point"",""coordinates"":[108.38857697056079,14.34789089722743]}"
1874,0,952,0.21518411747278487,9,97,"{""geodesic"":false,""type"":""Point"",""coordinates"":[108.53033112239484,14.433051186161961]}"
1875,0,1068,0.46003085767790564,14,97,"{""geodesic"":false,""type"":""Point"",""coordinates"":[108.41956884786293,14.41445605978069]}"
1876,0,666,0.6345051164686418,10,89,"{""geodesic"":false,""type"":""Point"",""coordinates"":[108.54865675419092,14.2236538934337]}"
1877,0,721,0.43663088222084667,7,97,"{""geodesic"":false,""type"":""Point"",""coordinates"":[108.5494652379466,14.231469236405545]}"
1878,0,791,0.5647519239621602,8,97,"{""geodesic"":false,""type"":""Point"",""coordinates"":[108.45460314394359,14.153854795857612]}"
1879,0,907,0.1650898605415192,13,98,"{""geodesic"":false,""type"":""Point"",""coordinates"":[108.57991812607827,14.527643785579748]}"
1880,0,882,0.009291660200033691,3,97,"{""geodesic"":false,""type"":""Point"",""coordinates"":[108.57506722354401,14.431703713235784]}"
1881,0,1160,0.5147757576421567,3,97,"{""geodesic"":false,""type"":""Point"",""coordinates"":[108.4095975482092,14.259496673270071]}"
1882,0,1272,0.022461289139860008,26,90,"{""geodesic"":false,""type"":""Point"",""coordinates"":[108.36701740374195,14.494226457010505]}"
1883,0,735,0.5356759559041193,7,64,"{""geodesic"":false,""type"":""Point"",""coordinates"":[108.33494754809885,14.457305698833189]}"
1884,0,892,0.1099115493099404,12,95,"{""geodesic"":false,""type"":""Point"",""coordinates"":[108.59905224162998,14.525487828897859]}"
1885,0,1029,0.09770660839920176,6,95,"{""geodesic"":false,""type"":""Point"",""coordinates"":[108.52844466029819,14.52171490470456]}"
1887,0,907,0.03410918014570197,22,97,"{""geodesic"":false,""type"":""Point"",""coordinates"":[108.53626000327006,14.476709308970172]}"
1888,0,1113,0.2471282596705051,9,95,"{""geodesic"":false,""type"":""Point"",""coordinates"":[108.48559502124573,14.480482233163471]}"
1889,0,1194,0.584619710730476,11,97,"{""geodesic"":false,""type"":""Point"",""coordinates"":[108.41902985869245,14.522523388460264]}"
1891,0,794,0.5910110675709643,6,95,"{""geodesic"":false,""type"":""Point"",""coordinates"":[108.64136289151202,14.321749922459553]}"
1892,0,693,0.6621259111830818,17,76,"{""geodesic"":false,""type"":""Point"",""coordinates"":[108.47454574325104,14.219072485484695]}"
1893,0,698,0.4276536952812394,5,97,"{""geodesic"":false,""type"":""Point"",""coordinates"":[108.66804285545038,14.16382609551134]}"
1894,0,725,0.7052309578547808,14,71,"{""geodesic"":false,""type"":""Point"",""coordinates"":[108.41579592366963,14.216916528802805]}"
1895,0,748,0.06903056491373294,24,78,"{""geodesic"":false,""type"":""Point"",""coordinates"":[108.44166740385225,14.246021944008277]}"
1896,0,714,0.7494041580846126,8,97,"{""geodesic"":false,""type"":""Point"",""coordinates"":[108.67666668217794,14.194009489057756]}"
1897,0,972,0.5874503198986962,9,97,"{""geodesic"":false,""type"":""Point"",""coordinates"":[108.51281397435451,14.416881511047812]}"
1899,0,737,0.4391432338655742,8,97,"{""geodesic"":false,""type"":""Point"",""coordinates"":[108.6165693896703,14.279978261748]}"
1902,0,1105,0.41714703885581195,16,90,"{""geodesic"":false,""type"":""Point"",""coordinates"":[108.4095975482092,14.502311294567576]}"
1903,0,623,0.6365186596404716,9,95,"{""geodesic"":false,""type"":""Point"",""coordinates"":[108.61603040049988,14.177300824773134]}"
1904,0,1098,0.5833573159987365,24,97,"{""geodesic"":false,""type"":""Point"",""coordinates"":[108.36270549037818,14.34384847844889]}"
1905,0,1111,0.4433415622920086,39,98,"{""geodesic"":false,""type"":""Point"",""coordinates"":[108.3877684868051,14.181343243551673]}"
1906,0,995,0.4333607314779494,4,97,"{""geodesic"":false,""type"":""Point"",""coordinates"":[108.48909845085376,14.434668153673378]}"
1910,0,855,0.5889208891265102,24,96,"{""geodesic"":false,""type"":""Point"",""coordinates"":[108.46780837862013,14.103728803003747]}"
1911,0,876,0.1465012190764795,5,52,"{""geodesic"":false,""type"":""Point"",""coordinates"":[108.54892624877613,14.4408665291338]}"
1912,0,909,7.350070973414224E-4,17,97,"{""geodesic"":false,""type"":""Point"",""coordinates"":[108.59851325245955,14.525218334312626]}"
1913,0,1161,0.4901154183893325,7,90,"{""geodesic"":false,""type"":""Point"",""coordinates"":[108.46187949774497,14.52360136680121]}"
1914,0,1051,0.7317998751098137,10,97,"{""geodesic"":false,""type"":""Point"",""coordinates"":[108.41902985869245,14.407988189735029]}"
1915,0,787,0.34553316594857153,1,95,"{""geodesic"":false,""type"":""Point"",""coordinates"":[108.59554881202195,14.345465445960308]}"
1916,0,1035,0.3668902159730414,16,89,"{""geodesic"":false,""type"":""Point"",""coordinates"":[108.44517083346034,14.411222124757856]}"
1917,0,966,0.5134164471758648,8,98,"{""geodesic"":false,""type"":""Point"",""coordinates"":[108.5095800393317,14.367564001949653]}"
1918,0,669,0.2630830325360607,5,78,"{""geodesic"":false,""type"":""Point"",""coordinates"":[108.59015892031721,14.251950824883465]}"
1919,0,1200,0.34975885556845265,31,97,"{""geodesic"":false,""type"":""Point"",""coordinates"":[108.41363996698772,14.264617070389555]}"
1920,0,1473,0.2951324367463506,11,97,"{""geodesic"":false,""type"":""Point"",""coordinates"":[108.37941415466275,14.265695048730493]}"
1921,0,630,0.5188060015889389,22,78,"{""geodesic"":false,""type"":""Point"",""coordinates"":[108.44840476848316,14.282134218429881]}"
1922,0,1198,0.6761342771675111,7,97,"{""geodesic"":false,""type"":""Point"",""coordinates"":[108.4171433965958,14.522792883045504]}"
1924,0,1482,0.29609742460458843,19,97,"{""geodesic"":false,""type"":""Point"",""coordinates"":[108.37294628461711,14.313395590317242]}"
1926,0,711,0.6169375769341553,5,60,"{""geodesic"":false,""type"":""Point"",""coordinates"":[108.52521072527537,14.085133676622469]}"
1928,0,1018,0.01598177757245578,12,98,"{""geodesic"":false,""type"":""Point"",""coordinates"":[108.47481523783625,14.419037467729702]}"
1929,0,745,0.4370179779550639,2,97,"{""geodesic"":false,""type"":""Point"",""coordinates"":[108.64621379404628,14.2236538934337]}"
1930,0,1133,0.28216862082466654,25,97,"{""geodesic"":false,""type"":""Point"",""coordinates"":[108.36189700662243,14.468893965998333]}"
1932,0,1060,0.5047409279022812,16,92,"{""geodesic"":false,""type"":""Point"",""coordinates"":[108.50365115845648,14.45973115010031]}"
1933,0,690,0.59559254003126,25,89,"{""geodesic"":false,""type"":""Point"",""coordinates"":[108.46592191652348,14.14765642039719]}"
1935,0,618,0.18377316335999527,8,100,"{""geodesic"":false,""type"":""Point"",""coordinates"":[108.59797426328907,14.236320138939789]}"
1936,0,744,0.0820140155509933,13,98,"{""geodesic"":false,""type"":""Point"",""coordinates"":[108.66804285545038,14.21772501255851]}"
1937,0,1028,0.7865985036488155,28,100,"{""geodesic"":false,""type"":""Point"",""coordinates"":[108.49502733172898,14.478865265652061]}"
1938,0,1015,0.06786491754694057,37,97,"{""geodesic"":false,""type"":""Point"",""coordinates"":[108.46673040027918,14.127444326504502]}"
1940,0,1016,0.5973978976766976,27,89,"{""geodesic"":false,""type"":""Point"",""coordinates"":[108.42118581537432,14.326331330408564]}"
1941,0,644,0.2699803157809173,7,95,"{""geodesic"":false,""type"":""Point"",""coordinates"":[108.59231487699913,14.213952088365211]}"
1943,0,939,0.5421430331426036,10,95,"{""geodesic"":false,""type"":""Point"",""coordinates"":[108.53841595995192,14.475092341458755]}"
1944,0,1218,0.2203615359964055,13,95,"{""geodesic"":false,""type"":""Point"",""coordinates"":[108.39935675397021,14.590705518524942]}"
1945,0,1236,0.39197101883585483,14,97,"{""geodesic"":false,""type"":""Point"",""coordinates"":[108.37914466007754,14.417151005633045]}"
1946,0,833,0.6088646180763421,5,89,"{""geodesic"":false,""type"":""Point"",""coordinates"":[108.6192643355227,14.38292519330809]}"
1947,0,1011,0.6778415981716691,11,98,"{""geodesic"":false,""type"":""Point"",""coordinates"":[108.52952263863915,14.110196673049408]}"
1949,0,628,0.6011670932205124,11,75,"{""geodesic"":false,""type"":""Point"",""coordinates"":[108.49583581548467,14.198860391592007]}"
1950,0,821,0.15314932355821997,11,97,"{""geodesic"":false,""type"":""Point"",""coordinates"":[108.63839845107441,14.476439814384932]}"
1951,0,1149,0.1337732654540421,15,95,"{""geodesic"":false,""type"":""Point"",""coordinates"":[108.39073292724271,14.460270139270783]}"
1953,0,1505,0.3236900012047971,13,97,"{""geodesic"":false,""type"":""Point"",""coordinates"":[108.38588202470845,14.26919847833856]}"
1954,0,1014,0.0540528659070052,16,89,"{""geodesic"":false,""type"":""Point"",""coordinates"":[108.465382927353,14.452185301713712]}"
1955,0,856,0.11276716921546337,6,97,"{""geodesic"":false,""type"":""Point"",""coordinates"":[108.6052506170904,14.345465445960308]}"
1956,0,831,0.5497117812986244,6,90,"{""geodesic"":false,""type"":""Point"",""coordinates"":[108.46726938944965,14.285368153452715]}"
1958,0,730,0.5197559727817789,3,97,"{""geodesic"":false,""type"":""Point"",""coordinates"":[108.59689628494812,14.309353171538703]}"
1959,0,1234,0.6152758073927914,22,97,"{""geodesic"":false,""type"":""Point"",""coordinates"":[108.37402426295807,14.406371222223612]}"
1960,0,1005,0.08621702644731422,16,95,"{""geodesic"":false,""type"":""Point"",""coordinates"":[108.53356505741766,14.570762919217486]}"
1961,0,610,0.11630593149407598,3,72,"{""geodesic"":false,""type"":""Point"",""coordinates"":[108.47319827032487,14.14981237707908]}"
1964,0,926,0.7370876756004883,21,95,"{""geodesic"":false,""type"":""Point"",""coordinates"":[108.6014776928971,14.51982844260791]}"
1965,0,981,0.693729273832916,13,97,"{""geodesic"":false,""type"":""Point"",""coordinates"":[108.41876036410719,14.338728081329414]}"
1966,0,738,0.7461090291841639,16,89,"{""geodesic"":false,""type"":""Point"",""coordinates"":[108.54811776502044,14.301537828566865]}"
1967,0,1123,0.534265046201128,19,89,"{""geodesic"":false,""type"":""Point"",""coordinates"":[108.36028003911105,14.44113602371904]}"
1968,0,1145,0.3919929178009509,23,91,"{""geodesic"":false,""type"":""Point"",""coordinates"":[108.48586451583094,14.534381150210642]}"
1969,0,1399,0.7575403108321823,38,98,"{""geodesic"":false,""type"":""Point"",""coordinates"":[108.3632444795486,14.305310752760164]}"
1970,0,656,0.4330685750076534,9,86,"{""geodesic"":false,""type"":""Point"",""coordinates"":[108.48478653748998,14.193470499887283]}"
1971,0,1006,0.3493996597457497,19,97,"{""geodesic"":false,""type"":""Point"",""coordinates"":[108.5238632523492,14.491262016572911]}"
1972,0,1377,0.139477042538934,34,97,"{""geodesic"":false,""type"":""Point"",""coordinates"":[108.3734852737876,14.321749922459553]}"
1973,0,1463,0.07737032114140407,27,98,"{""geodesic"":false,""type"":""Point"",""coordinates"":[108.36432245788956,14.293183496424554]}"
1974,0,1040,0.5229324204037658,14,98,"{""geodesic"":false,""type"":""Point"",""coordinates"":[108.48155260246716,14.444100464156634]}"
1975,0,867,0.1105291933325585,4,79,"{""geodesic"":false,""type"":""Point"",""coordinates"":[108.55000422711709,14.407449200564557]}"
1978,0,955,0.6760763581224914,11,97,"{""geodesic"":false,""type"":""Point"",""coordinates"":[108.508771555576,14.484255157356777]}"
1980,0,1075,0.5685851806841771,6,97,"{""geodesic"":false,""type"":""Point"",""coordinates"":[108.42738419083474,14.421732413582056]}"
1981,0,1311,0.035942145308260454,29,98,"{""geodesic"":false,""type"":""Point"",""coordinates"":[108.35542913657679,14.215030066706156]}"
1982,0,1521,0.24181896394453217,10,95,"{""geodesic"":false,""type"":""Point"",""coordinates"":[108.35327317989487,14.25302880322441]}"
1983,0,984,0.2448318757821769,12,98,"{""geodesic"":false,""type"":""Point"",""coordinates"":[108.57668419105545,14.564295049171825]}"
1984,0,729,0.4740381623140113,3,97,"{""geodesic"":false,""type"":""Point"",""coordinates"":[108.66211397457516,14.202633315785306]}"
1985,0,1036,0.35945468861418817,1,97,"{""geodesic"":false,""type"":""Point"",""coordinates"":[108.54164989497474,14.583698659308808]}"
1986,0,743,0.32224805724768,3,89,"{""geodesic"":false,""type"":""Point"",""coordinates"":[108.59689628494812,14.291566528913137]}"
1987,0,671,0.7718629234478788,15,86,"{""geodesic"":false,""type"":""Point"",""coordinates"":[108.49475783714371,14.049021402200864]}"
1988,0,679,0.7949590367928577,15,97,"{""geodesic"":false,""type"":""Point"",""coordinates"":[108.50068671801893,14.107501727197047]}"
1989,0,993,0.7827340379329337,21,97,"{""geodesic"":false,""type"":""Point"",""coordinates"":[108.5529686675547,14.353011294346913]}"
1990,0,928,0.2460256043882757,10,98,"{""geodesic"":false,""type"":""Point"",""coordinates"":[108.4729287757396,14.35435876727309]}"
1991,0,1435,0.7425225450809573,18,97,"{""geodesic"":false,""type"":""Point"",""coordinates"":[108.30153021952964,14.415803532706867]}"
1992,0,1109,0.6846287649235141,9,97,"{""geodesic"":false,""type"":""Point"",""coordinates"":[108.4831695699786,14.484255157356777]}"
1993,0,979,0.3416780830121122,8,97,"{""geodesic"":false,""type"":""Point"",""coordinates"":[108.58638599612391,14.55108981449527]}"
1994,0,976,0.2534698309730733,2,97,"{""geodesic"":false,""type"":""Point"",""coordinates"":[108.53841595995192,14.566451005853715]}"
1995,0,971,0.09930889137791754,1,97,"{""geodesic"":false,""type"":""Point"",""coordinates"":[108.59312336075482,14.526026818068331]}"
1998,0,806,0.1548632973372811,24,98,"{""geodesic"":false,""type"":""Point"",""coordinates"":[108.47050332447247,14.105076275929925]}"
1999,0,619,0.28629053572823415,27,47,"{""geodesic"":false,""type"":""Point"",""coordinates"":[108.50688509347935,14.28833259389031]}"
2000,1,869,0.7675181148654601,19,76,"{""geodesic"":false,""type"":""Point"",""coordinates"":[108.42954014751666,14.31097013905012]}"
2001,1,717,0.7860557709199267,21,89,"{""geodesic"":false,""type"":""Point"",""coordinates"":[108.45810657355162,14.148195409567663]}"
2002,1,619,0.5194646050065154,15,70,"{""geodesic"":false,""type"":""Point"",""coordinates"":[108.5095800393317,14.271354435020449]}"
2004,1,622,0.21156270924055653,6,89,"{""geodesic"":false,""type"":""Point"",""coordinates"":[108.52601920903106,14.231469236405545]}"
2005,1,674,0.0723957102829964,4,87,"{""geodesic"":false,""type"":""Point"",""coordinates"":[108.42819267459049,14.227157323041766]}"
2006,1,678,0.5490348232829737,6,78,"{""geodesic"":false,""type"":""Point"",""coordinates"":[108.48855946168328,14.251411835712993]}"
2008,1,682,0.09367880446262467,4,58,"{""geodesic"":false,""type"":""Point"",""coordinates"":[108.42441975039719,14.224731871774644]}"
2009,1,726,0.25548490251244493,2,94,"{""geodesic"":false,""type"":""Point"",""coordinates"":[108.47858816202955,14.250603351957288]}"
2011,1,617,0.612216768846701,14,75,"{""geodesic"":false,""type"":""Point"",""coordinates"":[108.48613401041615,14.162748117170402]}"
2012,1,731,0.39000376006825277,10,97,"{""geodesic"":false,""type"":""Point"",""coordinates"":[108.42954014751666,14.220689452996105]}"
2013,1,745,0.4313493167949132,8,77,"{""geodesic"":false,""type"":""Point"",""coordinates"":[108.42576722332336,14.202902810370539]}"
2014,1,603,0.6671648427284288,3,78,"{""geodesic"":false,""type"":""Point"",""coordinates"":[108.44840476848316,14.258418694929127]}"
2015,1,618,0.3384491809337803,16,92,"{""geodesic"":false,""type"":""Point"",""coordinates"":[108.55269917296943,14.119089994362191]}"
2016,1,803,0.6126975523716189,25,86,"{""geodesic"":false,""type"":""Point"",""coordinates"":[108.47131180822822,14.239554073962616]}"
2018,1,547,0.519099185818753,20,45,"{""geodesic"":false,""type"":""Point"",""coordinates"":[108.53814646536671,14.206406239978605]}"
2019,1,1033,0.3122525037977453,9,97,"{""geodesic"":false,""type"":""Point"",""coordinates"":[108.47104231364295,14.444908947912339]}"
2020,1,822,0.7923904858082526,12,97,"{""geodesic"":false,""type"":""Point"",""coordinates"":[108.45136920892077,14.213952088365211]}"
2021,1,768,0.6967017943401198,18,68,"{""geodesic"":false,""type"":""Point"",""coordinates"":[108.43789447965895,14.2551847599063]}"
2024,1,800,0.3013684972859987,7,89,"{""geodesic"":false,""type"":""Point"",""coordinates"":[108.46430494901205,14.197512918665822]}"
2025,1,722,0.2377227754754988,6,44,"{""geodesic"":false,""type"":""Point"",""coordinates"":[108.55162119462847,14.275396853798988]}"
2026,1,759,0.6502566522012209,6,44,"{""geodesic"":false,""type"":""Point"",""coordinates"":[108.44894375765364,14.236050644354549]}"
2027,1,856,0.10432305619593152,12,97,"{""geodesic"":false,""type"":""Point"",""coordinates"":[108.48505603207525,14.328487287090454]}"
2028,1,638,0.3015102357274264,21,82,"{""geodesic"":false,""type"":""Point"",""coordinates"":[108.54434484082714,14.129330788601152]}"
2029,1,865,0.08096407026067409,18,76,"{""geodesic"":false,""type"":""Point"",""coordinates"":[108.32470675385991,14.392626998376585]}"
2030,1,674,0.054991076543851936,4,58,"{""geodesic"":false,""type"":""Point"",""coordinates"":[108.48559502124573,14.233894687672667]}"
2031,1,1145,0.11695272287264191,13,97,"{""geodesic"":false,""type"":""Point"",""coordinates"":[108.42037733161862,14.506892702516588]}"
2032,1,559,0.34558391654373477,21,72,"{""geodesic"":false,""type"":""Point"",""coordinates"":[108.52655819820154,14.212065626268561]}"
2033,1,709,0.2296256908473462,15,89,"{""geodesic"":false,""type"":""Point"",""coordinates"":[108.41363996698772,14.218802990899455]}"
2034,1,723,0.5770367114798906,4,51,"{""geodesic"":false,""type"":""Point"",""coordinates"":[108.47319827032487,14.279169777992287]}"
2036,1,729,0.26335071346509775,12,68,"{""geodesic"":false,""type"":""Point"",""coordinates"":[108.4767016999329,14.27970876716276]}"
2037,1,656,0.46807273818942263,3,100,"{""geodesic"":false,""type"":""Point"",""coordinates"":[108.48101361329668,14.1913145432054]}"
2038,1,583,0.4175516470091125,19,77,"{""geodesic"":false,""type"":""Point"",""coordinates"":[108.50230368553031,14.205867250808133]}"
2039,1,1026,0.2846574290554724,5,86,"{""geodesic"":false,""type"":""Point"",""coordinates"":[108.43277408253948,14.400981330518896]}"
2040,1,532,0.6660180796650371,11,53,"{""geodesic"":false,""type"":""Point"",""coordinates"":[108.55943653760033,14.108040716367519]}"
2041,1,1006,0.13551096164888277,11,94,"{""geodesic"":false,""type"":""Point"",""coordinates"":[108.4066331077716,14.411491619343096]}"
2042,1,830,0.22959055848618237,16,97,"{""geodesic"":false,""type"":""Point"",""coordinates"":[108.51550892020686,14.292644507254082]}"
2043,1,704,0.7606554754135332,15,45,"{""geodesic"":false,""type"":""Point"",""coordinates"":[108.47373725949535,14.179456781455023]}"
2044,1,674,0.5332554970860268,27,86,"{""geodesic"":false,""type"":""Point"",""coordinates"":[108.49664429924036,14.133103712794451]}"
2045,1,1137,0.55303366731959,5,72,"{""geodesic"":false,""type"":""Point"",""coordinates"":[108.43331307170996,14.516055518414603]}"
2046,1,694,0.18836004215102542,7,100,"{""geodesic"":false,""type"":""Point"",""coordinates"":[108.59554881202195,14.272971402531866]}"
2047,1,680,0.27725973516263924,9,89,"{""geodesic"":false,""type"":""Point"",""coordinates"":[108.48828996709807,14.218264001728983]}"
2048,1,553,0.010522263945996202,9,76,"{""geodesic"":false,""type"":""Point"",""coordinates"":[108.52062931732638,14.14954288249384]}"
2049,1,712,0.7143364708947256,3,95,"{""geodesic"":false,""type"":""Point"",""coordinates"":[108.54380585165666,14.219611474655167]}"
2051,1,1043,0.7350462471404692,17,70,"{""geodesic"":false,""type"":""Point"",""coordinates"":[108.46565242193827,14.442483496645217]}"
2054,1,906,0.1934097284012214,7,95,"{""geodesic"":false,""type"":""Point"",""coordinates"":[108.51739538230356,14.355706240199275]}"
2055,1,851,0.04280009410207364,3,98,"{""geodesic"":false,""type"":""Point"",""coordinates"":[108.4548726385288,14.194817972813468]}"
2056,1,661,0.3218447987584657,5,44,"{""geodesic"":false,""type"":""Point"",""coordinates"":[108.43358256629517,14.265964543315732]}"
2057,1,728,0.5529905325428607,11,90,"{""geodesic"":false,""type"":""Point"",""coordinates"":[108.42765368542001,14.213143604609506]}"
2058,1,737,0.7004292182672323,23,89,"{""geodesic"":false,""type"":""Point"",""coordinates"":[108.42307227747096,14.211526637098089]}"
2059,1,535,0.035317428196485534,3,40,"{""geodesic"":false,""type"":""Point"",""coordinates"":[108.53060061698011,14.140110572010585]}"
2062,1,833,0.26201980053751805,44,98,"{""geodesic"":false,""type"":""Point"",""coordinates"":[108.44463184428986,14.369989453216775]}"
2063,1,603,0.6026485662351284,21,51,"{""geodesic"":false,""type"":""Point"",""coordinates"":[108.50445964221223,14.24251851440021]}"
2064,1,886,0.38455434271556865,7,98,"{""geodesic"":false,""type"":""Point"",""coordinates"":[108.57048581559502,14.355975734784508]}"
2065,1,617,0.34432830227246425,5,56,"{""geodesic"":false,""type"":""Point"",""coordinates"":[108.44409285511938,14.269467972923799]}"
2066,1,829,0.10825260784966628,5,97,"{""geodesic"":false,""type"":""Point"",""coordinates"":[108.61414393840323,14.306658225686348]}"
2067,1,756,0.36167881030742877,14,100,"{""geodesic"":false,""type"":""Point"",""coordinates"":[108.4586455627221,14.264347575804315]}"
2069,1,585,0.6922031079487774,14,67,"{""geodesic"":false,""type"":""Point"",""coordinates"":[108.5532381621399,14.076240355309686]}"
2072,1,963,0.4521263447565663,14,95,"{""geodesic"":false,""type"":""Point"",""coordinates"":[108.44409285511938,14.383464182478562]}"
2073,1,816,0.07432383335079784,11,62,"{""geodesic"":false,""type"":""Point"",""coordinates"":[108.49287137504706,14.320132954948136]}"
2074,1,1033,0.04629755629530319,19,56,"{""geodesic"":false,""type"":""Point"",""coordinates"":[108.4435538659489,14.422271402752529]}"
2075,1,720,0.6478900524714715,6,57,"{""geodesic"":false,""type"":""Point"",""coordinates"":[108.5163174039626,14.278091799651342]}"
2076,1,675,0.2277984540874023,17,98,"{""geodesic"":false,""type"":""Point"",""coordinates"":[108.47966614037051,14.165443063022757]}"
2077,1,571,0.5413812793208556,27,58,"{""geodesic"":false,""type"":""Point"",""coordinates"":[108.56994682642454,14.124479886066908]}"
2079,1,1120,0.5623380963330838,13,76,"{""geodesic"":false,""type"":""Point"",""coordinates"":[108.4360080175623,14.512282594221304]}"
2081,1,790,0.28952790695583086,24,83,"{""geodesic"":false,""type"":""Point"",""coordinates"":[108.45837606813689,14.138763099084407]}"
2083,1,561,0.7066997530760586,8,58,"{""geodesic"":false,""type"":""Point"",""coordinates"":[108.51416144728069,14.185116167744972]}"
2084,1,774,0.4379766137872866,12,86,"{""geodesic"":false,""type"":""Point"",""coordinates"":[108.62168978678983,14.316899019925309]}"
2086,1,755,0.07196683811251381,38,88,"{""geodesic"":false,""type"":""Point"",""coordinates"":[108.47804917285907,14.164365084681812]}"
2087,1,877,0.5592097513181359,2,87,"{""geodesic"":false,""type"":""Point"",""coordinates"":[108.51901234981494,14.352472305176441]}"
2088,1,689,0.44164371119803625,25,89,"{""geodesic"":false,""type"":""Point"",""coordinates"":[108.465382927353,14.29857338812927]}"
2090,1,748,0.42310844642259204,9,58,"{""geodesic"":false,""type"":""Point"",""coordinates"":[108.58099610441917,14.29210551808361]}"
2091,1,592,0.7631348769360117,7,49,"{""geodesic"":false,""type"":""Point"",""coordinates"":[108.49287137504706,14.167329525119406]}"
2092,1,660,0.45006573570132846,12,49,"{""geodesic"":false,""type"":""Point"",""coordinates"":[108.48775097792759,14.241979525229738]}"
2094,1,1217,0.7327528579332693,13,91,"{""geodesic"":false,""type"":""Point"",""coordinates"":[108.43088762044283,14.531147215187815]}"
2095,1,738,0.2924164476379395,6,97,"{""geodesic"":false,""type"":""Point"",""coordinates"":[108.61872534635222,14.272162918776154]}"
2096,1,1149,0.5970618316241908,28,85,"{""geodesic"":false,""type"":""Point"",""coordinates"":[108.37671920881041,14.500424832470927]}"
2097,1,863,0.543350550281263,13,76,"{""geodesic"":false,""type"":""Point"",""coordinates"":[108.44193689843752,14.371875915313424]}"
2098,1,709,0.07476678952819515,6,62,"{""geodesic"":false,""type"":""Point"",""coordinates"":[108.41471794532868,14.21125714251285]}"
2099,1,869,0.08546817352453073,15,89,"{""geodesic"":false,""type"":""Point"",""coordinates"":[108.50365115845648,14.357053713125453]}"
2100,1,720,0.09055522294644747,3,83,"{""geodesic"":false,""type"":""Point"",""coordinates"":[108.47966614037051,14.251411835712993]}"
2101,1,910,0.18189106095067553,8,45,"{""geodesic"":false,""type"":""Point"",""coordinates"":[108.52197679025255,14.359748658977807]}"
2102,1,620,0.3070604495610907,24,82,"{""geodesic"":false,""type"":""Point"",""coordinates"":[108.5049986313827,14.205867250808133]}"
2103,1,702,0.1568505801982787,23,59,"{""geodesic"":false,""type"":""Point"",""coordinates"":[108.42495873956761,14.227426817627006]}"
2104,1,780,0.47939390988174635,37,87,"{""geodesic"":false,""type"":""Point"",""coordinates"":[108.45190819809125,14.37915226911479]}"
2105,1,872,0.027396426455903344,4,98,"{""geodesic"":false,""type"":""Point"",""coordinates"":[108.47966614037051,14.353280788932146]}"
2106,1,635,0.06965804528947195,14,98,"{""geodesic"":false,""type"":""Point"",""coordinates"":[108.43466054463613,14.258688189514366]}"
2107,1,1142,0.32606427374796276,9,71,"{""geodesic"":false,""type"":""Point"",""coordinates"":[108.4141789561582,14.513899561732721]}"
2108,1,605,0.5954188798605095,19,89,"{""geodesic"":false,""type"":""Point"",""coordinates"":[108.51011902850217,14.174066889750307]}"
2109,1,1013,0.5939480599725756,11,90,"{""geodesic"":false,""type"":""Point"",""coordinates"":[108.46753888403492,14.462426095952672]}"
2110,1,1044,0.7307294131609386,30,58,"{""geodesic"":false,""type"":""Point"",""coordinates"":[108.32012534591087,14.359209669807335]}"
2111,1,578,0.0935718459859175,17,58,"{""geodesic"":false,""type"":""Point"",""coordinates"":[108.45460314394359,14.28833259389031]}"
2112,1,958,0.16627010761254013,20,86,"{""geodesic"":false,""type"":""Point"",""coordinates"":[108.42495873956761,14.394513460473235]}"
2115,1,862,0.7582446735984311,23,83,"{""geodesic"":false,""type"":""Point"",""coordinates"":[108.46699989486444,14.142266528692474]}"
2116,1,734,0.4117421550715741,5,96,"{""geodesic"":false,""type"":""Point"",""coordinates"":[108.47319827032487,14.269467972923799]}"
2117,1,1218,0.4101534846560707,14,95,"{""geodesic"":false,""type"":""Point"",""coordinates"":[108.3802226384185,14.506084218760883]}"
2118,1,968,0.6710374212636756,4,94,"{""geodesic"":false,""type"":""Point"",""coordinates"":[108.45029123057981,14.41256959768404]}"
2121,1,721,0.5134948485142533,2,100,"{""geodesic"":false,""type"":""Point"",""coordinates"":[108.47804917285907,14.27755281048087]}"
2122,1,946,0.5984539774855675,12,86,"{""geodesic"":false,""type"":""Point"",""coordinates"":[108.31662191630284,14.376457323262436]}"
2123,1,645,0.34086681650810513,1,90,"{""geodesic"":false,""type"":""Point"",""coordinates"":[108.48640350500142,14.241710030644505]}"
2124,1,518,0.22388325487799476,10,53,"{""geodesic"":false,""type"":""Point"",""coordinates"":[108.54811776502044,14.189428081108751]}"
2125,1,853,0.7538366890555024,7,53,"{""geodesic"":false,""type"":""Point"",""coordinates"":[108.5389549491224,14.345734940545547]}"
2126,1,717,0.7907117811605417,9,100,"{""geodesic"":false,""type"":""Point"",""coordinates"":[108.4171433965958,14.20748421831955]}"
2128,1,859,0.3519915732667347,21,89,"{""geodesic"":false,""type"":""Point"",""coordinates"":[108.45595061686976,14.138493604499175]}"
2129,1,970,0.35270848427846213,6,40,"{""geodesic"":false,""type"":""Point"",""coordinates"":[108.48451704290477,14.493956962425266]}"
2130,1,661,0.7007256326252551,5,75,"{""geodesic"":false,""type"":""Point"",""coordinates"":[108.64001541858585,14.166251546778462]}"
2132,1,654,0.4489837727311392,10,92,"{""geodesic"":false,""type"":""Point"",""coordinates"":[108.48721198875711,14.241979525229738]}"
2133,1,688,0.22807644126167936,19,76,"{""geodesic"":false,""type"":""Point"",""coordinates"":[108.47993563495572,14.189697575693984]}"
2134,1,668,0.5770912213038869,10,72,"{""geodesic"":false,""type"":""Point"",""coordinates"":[108.52548021986058,14.240362557718328]}"
2136,1,653,0.41192402984944965,16,83,"{""geodesic"":false,""type"":""Point"",""coordinates"":[108.48613401041615,14.308005698612526]}"
2137,1,790,0.30077103700464836,6,100,"{""geodesic"":false,""type"":""Point"",""coordinates"":[108.49502733172898,14.32148042787432]}"
2139,1,755,0.20012398636086348,9,73,"{""geodesic"":false,""type"":""Point"",""coordinates"":[108.5012257071894,14.104806781344692]}"
2141,1,632,0.5731257718271946,20,76,"{""geodesic"":false,""type"":""Point"",""coordinates"":[108.50419014762696,14.160861655073745]}"
2142,1,722,0.16830225869758408,13,93,"{""geodesic"":false,""type"":""Point"",""coordinates"":[108.47616271076242,14.270006962094271]}"
2143,1,754,0.3313783480436311,4,89,"{""geodesic"":false,""type"":""Point"",""coordinates"":[108.52332426317872,14.250603351957288]}"
2144,1,520,0.46007412706900375,18,67,"{""geodesic"":false,""type"":""Point"",""coordinates"":[108.58935043656152,14.134451185720636]}"
2146,1,729,0.3384614357348712,11,98,"{""geodesic"":false,""type"":""Point"",""coordinates"":[108.47104231364295,14.278630788821815]}"
2147,1,768,0.03565287638631276,24,76,"{""geodesic"":false,""type"":""Point"",""coordinates"":[108.4217248045448,14.227426817627006]}"
2149,1,620,0.36510139026517274,20,85,"{""geodesic"":false,""type"":""Point"",""coordinates"":[108.49772227758132,14.171102449312713]}"
2150,1,770,0.4916867184567906,6,97,"{""geodesic"":false,""type"":""Point"",""coordinates"":[108.4578370789664,14.258418694929127]}"
2151,1,744,0.2710565392356934,20,100,"{""geodesic"":false,""type"":""Point"",""coordinates"":[108.45352516560263,14.389123568768518]}"
2152,1,744,0.7439040533898688,10,97,"{""geodesic"":false,""type"":""Point"",""coordinates"":[108.46349646525636,14.272162918776154]}"
2153,1,701,0.031830684839736056,3,85,"{""geodesic"":false,""type"":""Point"",""coordinates"":[108.6014776928971,14.272162918776154]}"
2154,1,1020,0.0989677200996566,16,97,"{""geodesic"":false,""type"":""Point"",""coordinates"":[108.44031993092608,14.405023749297435]}"
2155,1,1016,0.42366027844269916,14,87,"{""geodesic"":false,""type"":""Point"",""coordinates"":[108.44382336053417,14.201824832029601]}"
2156,1,776,0.2402962434156769,8,45,"{""geodesic"":false,""type"":""Point"",""coordinates"":[108.42361126664144,14.213952088365211]}"
2157,1,974,0.6862771745208351,14,89,"{""geodesic"":false,""type"":""Point"",""coordinates"":[108.43358256629517,14.35624522936974]}"
2158,1,902,0.5150319854800475,19,75,"{""geodesic"":false,""type"":""Point"",""coordinates"":[108.32901866722369,14.334416167965642]}"
2159,1,1032,0.42657075181244264,5,97,"{""geodesic"":false,""type"":""Point"",""coordinates"":[108.50149520177462,14.493687467840033]}"
2160,1,665,0.6607528347215682,20,85,"{""geodesic"":false,""type"":""Point"",""coordinates"":[108.46349646525636,14.146847936641485]}"
2161,1,871,0.023197178770039573,9,85,"{""geodesic"":false,""type"":""Point"",""coordinates"":[108.48182209705243,14.319863460362903]}"
2162,1,680,0.7456964960251687,13,75,"{""geodesic"":false,""type"":""Point"",""coordinates"":[108.45810657355162,14.29857338812927]}"
2163,1,1186,0.215589674629595,11,76,"{""geodesic"":false,""type"":""Point"",""coordinates"":[108.4292706529314,14.51578602382937]}"
2164,1,646,0.4870113396534541,9,95,"{""geodesic"":false,""type"":""Point"",""coordinates"":[108.58045711524875,14.219341980069927]}"
2165,1,754,0.32601760297125737,5,97,"{""geodesic"":false,""type"":""Point"",""coordinates"":[108.50742408264983,14.330912738357576]}"
2166,1,593,0.7065931635437818,10,99,"{""geodesic"":false,""type"":""Point"",""coordinates"":[108.51820386605925,14.173797395165067]}"
2167,1,755,0.6397595265119566,10,97,"{""geodesic"":false,""type"":""Point"",""coordinates"":[108.59420133909578,14.319593965777663]}"
2168,1,1114,0.784628857269451,14,58,"{""geodesic"":false,""type"":""Point"",""coordinates"":[108.38642101387893,14.441944507474744]}"
2169,1,566,0.056125387832549056,10,62,"{""geodesic"":false,""type"":""Point"",""coordinates"":[108.52143780108207,14.194009489057756]}"
2170,1,626,0.422728472707674,14,94,"{""geodesic"":false,""type"":""Point"",""coordinates"":[108.5095800393317,14.258957684099599]}"
2171,1,812,0.7277496316965885,15,76,"{""geodesic"":false,""type"":""Point"",""coordinates"":[108.45999303564832,14.196434940324878]}"
2172,1,555,0.31501785474958144,19,51,"{""geodesic"":false,""type"":""Point"",""coordinates"":[108.51119700684313,14.186194146085917]}"
2177,1,760,0.39022790069972957,9,60,"{""geodesic"":false,""type"":""Point"",""coordinates"":[108.513352963525,14.324983857482387]}"
2178,1,543,0.38717600983758094,16,47,"{""geodesic"":false,""type"":""Point"",""coordinates"":[108.53949393829288,14.20532826163766]}"
2179,1,624,0.6505483353660717,15,78,"{""geodesic"":false,""type"":""Point"",""coordinates"":[108.4974527829961,14.204250283296723]}"
2181,1,553,0.36919118319024824,17,38,"{""geodesic"":false,""type"":""Point"",""coordinates"":[108.51604790937733,14.239284579377383]}"
2183,1,850,0.416450087046348,7,74,"{""geodesic"":false,""type"":""Point"",""coordinates"":[108.508771555576,14.34789089722743]}"
2186,1,599,0.6248656792978202,18,43,"{""geodesic"":false,""type"":""Point"",""coordinates"":[108.52062931732638,14.051177358882754]}"
2187,1,561,0.20881556436770332,19,47,"{""geodesic"":false,""type"":""Point"",""coordinates"":[108.52898364946867,14.194548478228228]}"
2188,1,483,0.7331988369894302,12,49,"{""geodesic"":false,""type"":""Point"",""coordinates"":[108.60255567123806,14.016412557387326]}"
2189,1,1063,0.16072764687776042,6,68,"{""geodesic"":false,""type"":""Point"",""coordinates"":[108.42441975039719,14.363791077756346]}"
2190,1,714,0.573256343445469,4,89,"{""geodesic"":false,""type"":""Point"",""coordinates"":[108.60282516582328,14.31070064446488]}"
2191,1,605,0.312189140685875,9,100,"{""geodesic"":false,""type"":""Point"",""coordinates"":[108.44651830638651,14.281056240088937]}"
2192,1,828,0.3594352490437076,10,59,"{""geodesic"":false,""type"":""Point"",""coordinates"":[108.47966614037051,14.285368153452715]}"
2193,1,716,0.6542999429063605,13,93,"{""geodesic"":false,""type"":""Point"",""coordinates"":[108.44193689843752,14.262191619122433]}"
2194,1,1019,0.5809725545722737,15,45,"{""geodesic"":false,""type"":""Point"",""coordinates"":[108.4661914111087,14.440597034548567]}"
2195,1,806,0.7271043656654558,10,97,"{""geodesic"":false,""type"":""Point"",""coordinates"":[108.57506722354401,14.32121093328908]}"
2196,1,770,0.39295602752618286,17,90,"{""geodesic"":false,""type"":""Point"",""coordinates"":[108.45945404647784,14.221228442166577]}"
2197,1,788,0.4130116162711859,11,100,"{""geodesic"":false,""type"":""Point"",""coordinates"":[108.45244718726167,14.264886564974788]}"
2199,1,648,0.5835411376449265,16,44,"{""geodesic"":false,""type"":""Point"",""coordinates"":[108.54838725960565,14.081091257843937]}"
2200,1,871,0.4518441431630449,11,98,"{""geodesic"":false,""type"":""Point"",""coordinates"":[108.55512462423656,14.4160730272921]}"
2201,1,612,0.4071149629844917,19,91,"{""geodesic"":false,""type"":""Point"",""coordinates"":[108.51146650142834,14.250333857372048]}"
2202,1,960,0.20351701933283328,14,56,"{""geodesic"":false,""type"":""Point"",""coordinates"":[108.44651830638651,14.394243965888002]}"
2203,1,790,0.46694434327626044,4,98,"{""geodesic"":false,""type"":""Point"",""coordinates"":[108.57425873978832,14.32148042787432]}"
2206,1,761,0.19054657032210975,27,74,"{""geodesic"":false,""type"":""Point"",""coordinates"":[108.4292706529314,14.274318875458043]}"
2207,1,731,0.5082774760264709,5,51,"{""geodesic"":false,""type"":""Point"",""coordinates"":[108.51308346893978,14.276205337554693]}"
2208,1,742,0.1737044087940054,6,91,"{""geodesic"":false,""type"":""Point"",""coordinates"":[108.5351820249291,14.245482954837804]}"
2210,1,858,0.7668462783166662,18,51,"{""geodesic"":false,""type"":""Point"",""coordinates"":[108.44085892009656,14.235781149769316]}"
2211,1,935,0.2842777996848622,19,95,"{""geodesic"":false,""type"":""Point"",""coordinates"":[108.40312967816351,14.384272666234274]}"
2212,1,732,0.16885887239010866,3,82,"{""geodesic"":false,""type"":""Point"",""coordinates"":[108.48532552666046,14.220689452996105]}"
2214,1,805,0.1330141335352628,18,86,"{""geodesic"":false,""type"":""Point"",""coordinates"":[108.44840476848316,14.317438009095781]}"
2215,1,1153,0.2191953294284118,16,90,"{""geodesic"":false,""type"":""Point"",""coordinates"":[108.42954014751666,14.502850283738049]}"
2216,1,915,0.5255544879078023,29,85,"{""geodesic"":false,""type"":""Point"",""coordinates"":[108.317969389229,14.420115446070639]}"
2217,1,643,2.2201804120869362E-4,21,51,"{""geodesic"":false,""type"":""Point"",""coordinates"":[108.43573852297709,14.265964543315732]}"
2218,1,796,0.4638136197662397,17,97,"{""geodesic"":false,""type"":""Point"",""coordinates"":[108.45891505730737,14.233086203916955]}"
2219,1,1110,0.5266698830184869,5,86,"{""geodesic"":false,""type"":""Point"",""coordinates"":[108.43573852297709,14.518750464266965]}"
2220,1,702,0.17020225323802296,44,95,"{""geodesic"":false,""type"":""Point"",""coordinates"":[108.4651134327678,14.308544687782998]}"
2221,1,741,0.7740688551873071,7,89,"{""geodesic"":false,""type"":""Point"",""coordinates"":[108.47131180822822,14.27970876716276]}"
2222,1,1138,0.296015621414768,10,87,"{""geodesic"":false,""type"":""Point"",""coordinates"":[108.3915414109984,14.471049922680216]}"
2223,1,579,0.7428215834444821,7,51,"{""geodesic"":false,""type"":""Point"",""coordinates"":[108.52521072527537,14.140380066595824]}"
2224,1,668,0.5843497346065923,32,71,"{""geodesic"":false,""type"":""Point"",""coordinates"":[108.47050332447247,14.303963279833987]}"
2225,1,769,0.1826944731752782,18,90,"{""geodesic"":false,""type"":""Point"",""coordinates"":[108.43196559878379,14.224462377189411]}"
2226,1,848,0.7216384411616009,1,58,"{""geodesic"":false,""type"":""Point"",""coordinates"":[108.57506722354401,14.376187828677196]}"
2228,1,1146,0.030531734894798213,17,91,"{""geodesic"":false,""type"":""Point"",""coordinates"":[108.39423635685074,14.496651908277627]}"
2229,1,683,0.5575534850201573,4,78,"{""geodesic"":false,""type"":""Point"",""coordinates"":[108.48397805373429,14.179187286869784]}"
2230,1,712,0.36962850426766947,3,55,"{""geodesic"":false,""type"":""Point"",""coordinates"":[108.55431614048086,14.29668692603262]}"
2231,1,719,0.504697555565069,12,51,"{""geodesic"":false,""type"":""Point"",""coordinates"":[108.41525693449915,14.20775371290479]}"
2232,1,640,0.20962534801160992,8,96,"{""geodesic"":false,""type"":""Point"",""coordinates"":[108.49502733172898,14.196434940324878]}"
2233,1,1034,0.5782620719041228,7,95,"{""geodesic"":false,""type"":""Point"",""coordinates"":[108.47158130281343,14.444639453327106]}"
2234,1,1160,0.16278172265038304,20,42,"{""geodesic"":false,""type"":""Point"",""coordinates"":[108.4292706529314,14.51767248592602]}"
2235,1,698,0.622170288697676,9,95,"{""geodesic"":false,""type"":""Point"",""coordinates"":[108.6052506170904,14.251411835712993]}"
2238,1,659,0.14797083867020655,6,97,"{""geodesic"":false,""type"":""Point"",""coordinates"":[108.4907154183652,14.206406239978605]}"
2239,1,608,0.7277136575035236,21,58,"{""geodesic"":false,""type"":""Point"",""coordinates"":[108.50661559889409,14.2161080450471]}"
2241,1,934,0.13824937298151974,14,78,"{""geodesic"":false,""type"":""Point"",""coordinates"":[108.32228130259278,14.35462826185833]}"
2245,1,888,0.7626610598990817,5,47,"{""geodesic"":false,""type"":""Point"",""coordinates"":[108.32605422678608,14.326331330408564]}"
2246,1,1010,0.23352663395854012,22,97,"{""geodesic"":false,""type"":""Point"",""coordinates"":[108.4537946601879,14.426044326945828]}"
2247,1,546,0.3428390955657723,10,39,"{""geodesic"":false,""type"":""Point"",""coordinates"":[108.556741591748,14.14981237707908]}"
2248,1,724,0.5257400438763551,19,89,"{""geodesic"":false,""type"":""Point"",""coordinates"":[108.45729808979593,14.148195409567663]}"
2249,1,631,0.25789730718159587,27,82,"{""geodesic"":false,""type"":""Point"",""coordinates"":[108.5578195700889,14.13067826152733]}"
2250,1,755,0.5537866862860109,31,89,"{""geodesic"":false,""type"":""Point"",""coordinates"":[108.48909845085376,14.18673313525639]}"
2251,1,868,0.2211335467498523,26,82,"{""geodesic"":false,""type"":""Point"",""coordinates"":[108.45568112228455,14.137954615328702]}"
2252,1,768,0.2872501912543658,18,87,"{""geodesic"":false,""type"":""Point"",""coordinates"":[108.42765368542001,14.265156059560027]}"
2253,1,592,0.11848578751358108,24,51,"{""geodesic"":false,""type"":""Point"",""coordinates"":[108.5351820249291,14.223923388018939]}"
2254,1,1001,0.33990249177825815,19,75,"{""geodesic"":false,""type"":""Point"",""coordinates"":[108.41660440742533,14.379960752870495]}"
2255,1,539,0.7925019829709533,7,45,"{""geodesic"":false,""type"":""Point"",""coordinates"":[108.53113960615059,14.139571582840112]}"
2256,1,847,0.7613217289588216,18,80,"{""geodesic"":false,""type"":""Point"",""coordinates"":[108.60066920914142,14.411491619343096]}"
2257,1,776,0.4606568205707914,15,85,"{""geodesic"":false,""type"":""Point"",""coordinates"":[108.51119700684313,14.334416167965642]}"
2258,1,950,0.5118153061953556,12,51,"{""geodesic"":false,""type"":""Point"",""coordinates"":[108.42280278288575,14.396669417155124]}"
2259,1,836,0.6932030424113053,24,78,"{""geodesic"":false,""type"":""Point"",""coordinates"":[108.43088762044283,14.207214723734317]}"
2260,1,620,0.6759786697721258,9,44,"{""geodesic"":false,""type"":""Point"",""coordinates"":[108.48236108622285,14.306119236515876]}"
2261,1,803,0.3982699784902288,21,83,"{""geodesic"":false,""type"":""Point"",""coordinates"":[108.42980964210187,14.2055977562229]}"
2262,1,1045,0.15183987142251487,14,100,"{""geodesic"":false,""type"":""Point"",""coordinates"":[108.39989574314069,14.4123001030988]}"
2264,1,635,0.3330356821420103,16,94,"{""geodesic"":false,""type"":""Point"",""coordinates"":[108.4842475483195,14.194009489057756]}"
2265,1,739,0.1115713831723959,21,98,"{""geodesic"":false,""type"":""Point"",""coordinates"":[108.62438473264217,14.25707122200295]}"
2266,1,1075,0.49359322713452936,4,74,"{""geodesic"":false,""type"":""Point"",""coordinates"":[108.39612281894739,14.429547756553895]}"
2267,1,873,0.5333914785757001,9,87,"{""geodesic"":false,""type"":""Point"",""coordinates"":[108.54030242204857,14.369450464046302]}"
2269,1,1127,0.2939457917972288,9,97,"{""geodesic"":false,""type"":""Point"",""coordinates"":[108.39342787309505,14.488028081550077]}"
2270,1,567,0.34574474222025064,13,55,"{""geodesic"":false,""type"":""Point"",""coordinates"":[108.51281397435451,14.192931510716818]}"
2271,1,472,0.32891806750216923,8,31,"{""geodesic"":false,""type"":""Point"",""coordinates"":[108.61495242215892,14.014526095290677]}"
2272,1,836,0.5042199111141198,4,89,"{""geodesic"":false,""type"":""Point"",""coordinates"":[108.6079455629428,14.321749922459553]}"
2273,1,819,0.7359005646844006,9,97,"{""geodesic"":false,""type"":""Point"",""coordinates"":[108.5653654184755,14.300998839396392]}"
2274,1,597,0.4571119428356444,8,45,"{""geodesic"":false,""type"":""Point"",""coordinates"":[108.48882895626855,14.30719721485682]}"
2275,1,1097,0.403770831623419,10,85,"{""geodesic"":false,""type"":""Point"",""coordinates"":[108.39127191641313,14.415264543536395]}"
2276,1,886,0.05846992577192378,24,76,"{""geodesic"":false,""type"":""Point"",""coordinates"":[108.4284621691757,14.309353171538703]}"
2279,1,792,0.08896971004260479,17,97,"{""geodesic"":false,""type"":""Point"",""coordinates"":[108.5721027831064,14.326870319579037]}"
2280,1,736,0.146231356775133,13,82,"{""geodesic"":false,""type"":""Point"",""coordinates"":[108.46107101398923,14.26165262995196]}"
2281,1,692,0.7513654859807294,21,95,"{""geodesic"":false,""type"":""Point"",""coordinates"":[108.61737787342605,14.254106781565355]}"
2283,1,611,0.20742629572222993,3,45,"{""geodesic"":false,""type"":""Point"",""coordinates"":[108.44031993092608,14.285368153452715]}"
2284,1,776,0.4596881960959792,19,54,"{""geodesic"":false,""type"":""Point"",""coordinates"":[108.51173599601356,14.323905879141442]}"
2285,1,618,0.5616951004199081,9,44,"{""geodesic"":false,""type"":""Point"",""coordinates"":[108.44058942551129,14.283751185941298]}"
2286,1,899,0.6251970138286812,24,89,"{""geodesic"":false,""type"":""Point"",""coordinates"":[108.42415025581192,14.35274179976168]}"
2287,1,664,0.7593809150515742,2,89,"{""geodesic"":false,""type"":""Point"",""coordinates"":[108.59015892031721,14.246830427763989]}"
2288,1,564,0.2766216283344375,18,56,"{""geodesic"":false,""type"":""Point"",""coordinates"":[108.52844466029819,14.183768694818795]}"
2289,1,797,0.0806366435426128,9,89,"{""geodesic"":false,""type"":""Point"",""coordinates"":[108.4500217359946,14.231199741820305]}"
2291,1,667,0.30190785913603413,15,95,"{""geodesic"":false,""type"":""Point"",""coordinates"":[108.45056072516502,14.261922124537193]}"
2292,1,740,0.320396075691466,12,95,"{""geodesic"":false,""type"":""Point"",""coordinates"":[108.52952263863915,14.2551847599063]}"
2293,1,979,0.32282694446881577,13,85,"{""geodesic"":false,""type"":""Point"",""coordinates"":[108.4104060319649,14.397477900910829]}"
2295,1,835,0.07663566730296778,20,47,"{""geodesic"":false,""type"":""Point"",""coordinates"":[108.32282029176326,14.41822898397399]}"
2296,1,1023,0.0779388568911692,16,95,"{""geodesic"":false,""type"":""Point"",""coordinates"":[108.45675910062545,14.455688731321771]}"
2297,1,603,0.6797753716288298,11,68,"{""geodesic"":false,""type"":""Point"",""coordinates"":[108.48586451583094,14.153046312101907]}"
2299,1,712,0.1507993347861747,11,71,"{""geodesic"":false,""type"":""Point"",""coordinates"":[108.48101361329668,14.243865987326394]}"
2300,1,890,0.3065755482823692,5,89,"{""geodesic"":false,""type"":""Point"",""coordinates"":[108.49017642919472,14.344926456789835]}"
2301,1,882,0.5417166024335628,15,86,"{""geodesic"":false,""type"":""Point"",""coordinates"":[108.32443725927465,14.419306962314934]}"
2302,1,796,0.7372966483503213,17,83,"{""geodesic"":false,""type"":""Point"",""coordinates"":[108.48721198875711,14.1808042543812]}"
2305,1,647,0.39214327854478737,15,66,"{""geodesic"":false,""type"":""Point"",""coordinates"":[108.5171258877183,14.203441799541011]}"
2308,1,593,0.47360298171618054,19,78,"{""geodesic"":false,""type"":""Point"",""coordinates"":[108.4944883425585,14.147386925811958]}"
2309,1,728,0.21817993554494708,9,79,"{""geodesic"":false,""type"":""Point"",""coordinates"":[108.43843346882943,14.281325734674176]}"
2310,1,1069,0.6173230618989164,26,87,"{""geodesic"":false,""type"":""Point"",""coordinates"":[108.4058246240159,14.40394577095649]}"
2311,1,1134,0.3947466694447298,21,82,"{""geodesic"":false,""type"":""Point"",""coordinates"":[108.39423635685074,14.491801005743376]}"
2312,1,646,0.3223491535326283,22,71,"{""geodesic"":false,""type"":""Point"",""coordinates"":[108.48478653748998,14.15789721463615]}"
2314,1,609,0.20336955975113757,10,83,"{""geodesic"":false,""type"":""Point"",""coordinates"":[108.51901234981494,14.167329525119406]}"
2315,1,695,0.7269646294897127,8,77,"{""geodesic"":false,""type"":""Point"",""coordinates"":[108.47535422700673,14.177031330187901]}"
2316,1,837,0.7894160132231666,3,82,"{""geodesic"":false,""type"":""Point"",""coordinates"":[108.62142029220456,14.38966255793899]}"
2317,1,870,0.7016017705988762,18,68,"{""geodesic"":false,""type"":""Point"",""coordinates"":[108.44678780097172,14.201555337444361]}"
2318,1,739,0.1273439464316377,20,97,"{""geodesic"":false,""type"":""Point"",""coordinates"":[108.58773346905008,14.304771763589692]}"
2319,1,772,0.314669037552625,10,97,"{""geodesic"":false,""type"":""Point"",""coordinates"":[108.4575675843812,14.258418694929127]}"
2320,1,665,0.4637717257118875,6,85,"{""geodesic"":false,""type"":""Point"",""coordinates"":[108.63920693483016,14.167060030534174]}"
2321,1,841,0.4576285248234233,6,55,"{""geodesic"":false,""type"":""Point"",""coordinates"":[108.32955765639412,14.361904615659697]}"
2322,1,731,0.10348863457683077,2,97,"{""geodesic"":false,""type"":""Point"",""coordinates"":[108.54434484082714,14.239823568547855]}"
2323,1,1169,0.21998559823380381,8,95,"{""geodesic"":false,""type"":""Point"",""coordinates"":[108.39342787309505,14.496112919107155]}"
2324,1,1249,0.048327414251126855,26,95,"{""geodesic"":false,""type"":""Point"",""coordinates"":[108.37779718715137,14.511474110465599]}"
2325,1,1060,0.14500549879837366,2,91,"{""geodesic"":false,""type"":""Point"",""coordinates"":[108.42361126664144,14.42685281070154]}"
2326,1,609,0.5268462565211447,3,89,"{""geodesic"":false,""type"":""Point"",""coordinates"":[108.48775097792759,14.301807323152097]}"
2327,1,949,0.11346804295033197,15,85,"{""geodesic"":false,""type"":""Point"",""coordinates"":[108.42576722332336,14.385620139160451]}"
2328,1,724,0.003635378317601967,11,95,"{""geodesic"":false,""type"":""Point"",""coordinates"":[108.4974527829961,14.185116167744972]}"
2329,1,658,0.45041936418794404,22,85,"{""geodesic"":false,""type"":""Point"",""coordinates"":[108.4831695699786,14.18269071647785]}"
2332,1,1022,0.1931889790401995,7,34,"{""geodesic"":false,""type"":""Point"",""coordinates"":[108.4254977287381,14.450568334202295]}"
2335,1,573,0.4103890283706024,7,55,"{""geodesic"":false,""type"":""Point"",""coordinates"":[108.50688509347935,14.130139272356857]}"
2336,1,1099,0.39532845175029363,9,89,"{""geodesic"":false,""type"":""Point"",""coordinates"":[108.39612281894739,14.42685281070154]}"
2337,1,604,0.03336553454467084,11,78,"{""geodesic"":false,""type"":""Point"",""coordinates"":[108.50715458806457,14.198321402421534]}"
2338,1,744,0.4607599631311028,2,90,"{""geodesic"":false,""type"":""Point"",""coordinates"":[108.50688509347935,14.322827900800498]}"
2341,1,1083,0.7093598852296018,10,97,"{""geodesic"":false,""type"":""Point"",""coordinates"":[108.4095975482092,14.372145409898657]}"
2342,1,735,0.56930465004244,14,91,"{""geodesic"":false,""type"":""Point"",""coordinates"":[108.44894375765364,14.319593965777663]}"
2343,1,1093,0.7691145285103583,7,97,"{""geodesic"":false,""type"":""Point"",""coordinates"":[108.40016523772596,14.419576456900167]}"
2344,1,965,0.21880568545373147,14,94,"{""geodesic"":false,""type"":""Point"",""coordinates"":[108.41849086952197,14.281595229259409]}"
2347,1,714,0.6858890055614683,17,89,"{""geodesic"":false,""type"":""Point"",""coordinates"":[108.5456923137533,14.264886564974788]}"
2348,1,680,0.2591152915860351,5,54,"{""geodesic"":false,""type"":""Point"",""coordinates"":[108.42441975039719,14.224462377189411]}"
2349,1,1013,0.6759242570423,18,99,"{""geodesic"":false,""type"":""Point"",""coordinates"":[108.46053202481875,14.44733439917946]}"
2350,1,976,0.7828349826305206,12,85,"{""geodesic"":false,""type"":""Point"",""coordinates"":[108.46996433530205,14.41445605978069]}"
2351,1,1111,0.7023071753013499,12,83,"{""geodesic"":false,""type"":""Point"",""coordinates"":[108.44005043634087,14.522523388460264]}"
2352,1,622,0.36669691277667293,14,78,"{""geodesic"":false,""type"":""Point"",""coordinates"":[108.4718507973987,14.148734398738135]}"
2353,1,697,0.6450860830712969,17,74,"{""geodesic"":false,""type"":""Point"",""coordinates"":[108.42873166376091,14.262730608292898]}"
2354,1,530,0.36450044889940414,7,53,"{""geodesic"":false,""type"":""Point"",""coordinates"":[108.57641469647018,14.158975192977096]}"
2355,1,541,0.3072731375856719,21,62,"{""geodesic"":false,""type"":""Point"",""coordinates"":[108.57937913690779,14.162478622585162]}"
2356,1,769,0.17240923915290818,21,89,"{""geodesic"":false,""type"":""Point"",""coordinates"":[108.43573852297709,14.275396853798988]}"
2358,1,954,0.7932848819837893,13,77,"{""geodesic"":false,""type"":""Point"",""coordinates"":[108.41660440742533,14.399903352177951]}"
2359,1,688,0.22974943350426658,7,44,"{""geodesic"":false,""type"":""Point"",""coordinates"":[108.58126559900444,14.237937106451206]}"
2360,1,843,0.7981032429969388,6,100,"{""geodesic"":false,""type"":""Point"",""coordinates"":[108.46942534613157,14.285368153452715]}"
2361,1,767,0.2034284581557253,23,86,"{""geodesic"":false,""type"":""Point"",""coordinates"":[108.43088762044283,14.2198809692404]}"
2362,1,864,0.15901975981234284,20,97,"{""geodesic"":false,""type"":""Point"",""coordinates"":[108.47131180822822,14.235781149769316]}"
2363,1,731,0.638667325285283,7,85,"{""geodesic"":false,""type"":""Point"",""coordinates"":[108.48236108622285,14.264617070389555]}"
2364,1,711,0.32565513802645163,30,94,"{""geodesic"":false,""type"":""Point"",""coordinates"":[108.43681650131799,14.280786745503704]}"
2366,1,907,0.691142617732965,12,66,"{""geodesic"":false,""type"":""Point"",""coordinates"":[108.51766487688877,14.355975734784508]}"
2367,1,680,0.3822057485128387,2,100,"{""geodesic"":false,""type"":""Point"",""coordinates"":[108.54488382999762,14.253837286980115]}"
2368,1,642,0.5570692179506804,20,95,"{""geodesic"":false,""type"":""Point"",""coordinates"":[108.47238978656912,14.150890355420017]}"
2369,1,708,0.11736346269394116,11,89,"{""geodesic"":false,""type"":""Point"",""coordinates"":[108.48505603207525,14.25680172741771]}"
2371,1,606,0.7056099501354607,8,52,"{""geodesic"":false,""type"":""Point"",""coordinates"":[108.44274538219321,14.269467972923799]}"
2372,1,1011,0.6563858765409135,10,89,"{""geodesic"":false,""type"":""Point"",""coordinates"":[108.31257949752427,14.38319468789333]}"
2373,1,638,0.3471159683441548,16,87,"{""geodesic"":false,""type"":""Point"",""coordinates"":[108.50904105016122,14.174066889750307]}"
2374,1,645,0.515120192353278,5,100,"{""geodesic"":false,""type"":""Point"",""coordinates"":[108.50931054474648,14.178648297699311]}"
2375,1,537,0.021472425627804603,17,89,"{""geodesic"":false,""type"":""Point"",""coordinates"":[108.50715458806457,14.190506059449689]}"
2376,1,698,0.15172232843768774,7,72,"{""geodesic"":false,""type"":""Point"",""coordinates"":[108.47238978656912,14.178109308528839]}"
2377,1,959,0.3211173795352834,7,100,"{""geodesic"":false,""type"":""Point"",""coordinates"":[108.46592191652348,14.385620139160451]}"
2379,1,905,0.25366612192124693,18,95,"{""geodesic"":false,""type"":""Point"",""coordinates"":[108.44436234970459,14.375648839506724]}"
2380,1,717,0.3598236238038426,17,45,"{""geodesic"":false,""type"":""Point"",""coordinates"":[108.64055440775633,14.233894687672667]}"
2381,1,696,0.3099051105008014,5,95,"{""geodesic"":false,""type"":""Point"",""coordinates"":[108.59959123080046,14.26731201624191]}"
2383,1,712,0.183153913327599,6,83,"{""geodesic"":false,""type"":""Point"",""coordinates"":[108.52871415488346,14.273510391702338]}"
2384,1,754,0.29999246493759457,3,90,"{""geodesic"":false,""type"":""Point"",""coordinates"":[108.50931054474648,14.33549414630658]}"
2385,1,654,0.696471525435269,32,76,"{""geodesic"":false,""type"":""Point"",""coordinates"":[108.49233238587658,14.168946492630823]}"
2386,1,769,0.22108979758350444,18,97,"{""geodesic"":false,""type"":""Point"",""coordinates"":[108.49233238587658,14.330104254601864]}"
2387,1,972,0.759724761595185,10,97,"{""geodesic"":false,""type"":""Point"",""coordinates"":[108.46942534613157,14.386428622916156]}"
2388,1,870,0.7936929954715235,10,90,"{""geodesic"":false,""type"":""Point"",""coordinates"":[108.55458563506608,14.4160730272921]}"
2390,1,551,0.22849360876048763,22,83,"{""geodesic"":false,""type"":""Point"",""coordinates"":[108.54461433541235,14.179726276040256]}"
2391,1,731,0.2763500977238106,7,81,"{""geodesic"":false,""type"":""Point"",""coordinates"":[108.51658689854781,14.280517250918464]}"
2392,1,830,0.26301755534354443,6,83,"{""geodesic"":false,""type"":""Point"",""coordinates"":[108.62007281927839,14.383733677063802]}"
2393,1,1061,0.39274204445270156,8,91,"{""geodesic"":false,""type"":""Point"",""coordinates"":[108.4217248045448,14.376726817847668]}"
2394,1,1155,0.3728495602852203,8,90,"{""geodesic"":false,""type"":""Point"",""coordinates"":[108.39261938933936,14.491262016572911]}"
2395,1,908,0.62841554217468,12,76,"{""geodesic"":false,""type"":""Point"",""coordinates"":[108.32362877551896,14.410952630172623]}"
2396,1,565,0.06480416271141898,17,44,"{""geodesic"":false,""type"":""Point"",""coordinates"":[108.51443094186595,14.142536023277707]}"
2399,1,885,0.6772037838042602,17,90,"{""geodesic"":false,""type"":""Point"",""coordinates"":[108.5163174039626,14.351663821420736]}"
2400,1,972,0.4471957875135215,10,74,"{""geodesic"":false,""type"":""Point"",""coordinates"":[108.44948274682412,14.400981330518896]}"
2401,1,880,0.32939631478138,3,58,"{""geodesic"":false,""type"":""Point"",""coordinates"":[108.41876036410719,14.386698117501396]}"
2402,1,1016,0.10630515138603769,11,78,"{""geodesic"":false,""type"":""Point"",""coordinates"":[108.47023382988726,14.468624471413094]}"
2404,1,727,0.7189072518682257,24,44,"{""geodesic"":false,""type"":""Point"",""coordinates"":[108.48074411871147,14.161670138829457]}"
2406,1,519,0.6351520122405709,15,68,"{""geodesic"":false,""type"":""Point"",""coordinates"":[108.53733798161096,14.213952088365211]}"
2407,1,676,0.6882333840798409,15,76,"{""geodesic"":false,""type"":""Point"",""coordinates"":[108.48155260246716,14.22203692592229]}"
2409,1,756,0.7789075950138353,11,96,"{""geodesic"":false,""type"":""Point"",""coordinates"":[108.45325567101742,14.235781149769316]}"
2410,1,958,0.007191285734205355,19,81,"{""geodesic"":false,""type"":""Point"",""coordinates"":[108.42037733161862,14.26758151082715]}"
2411,1,693,0.03974797049320622,19,79,"{""geodesic"":false,""type"":""Point"",""coordinates"":[108.48828996709807,14.233625193087427]}"
2412,1,1029,0.6573056919461951,39,75,"{""geodesic"":false,""type"":""Point"",""coordinates"":[108.32012534591087,14.35867068063687]}"
2414,1,848,0.41867726172631325,9,51,"{""geodesic"":false,""type"":""Point"",""coordinates"":[108.48397805373429,14.32309739538573]}"
2415,1,652,0.2386032049230965,10,100,"{""geodesic"":false,""type"":""Point"",""coordinates"":[108.58557751236822,14.253298297809643]}"
2416,1,1132,0.7863862977927601,6,72,"{""geodesic"":false,""type"":""Point"",""coordinates"":[108.43924195258512,14.506892702516588]}"
2418,1,1099,0.3528407269015347,13,95,"{""geodesic"":false,""type"":""Point"",""coordinates"":[108.39935675397021,14.452454796298944]}"
2420,1,716,0.1489918565077718,7,100,"{""geodesic"":false,""type"":""Point"",""coordinates"":[108.52898364946867,14.272971402531866]}"
2421,1,761,0.3935082095107896,16,91,"{""geodesic"":false,""type"":""Point"",""coordinates"":[108.45433364935832,14.2341641822579]}"
2422,1,1022,0.7277212714778372,12,87,"{""geodesic"":false,""type"":""Point"",""coordinates"":[108.44948274682412,14.420384940655879]}"
2423,1,722,0.39160670915123685,16,85,"{""geodesic"":false,""type"":""Point"",""coordinates"":[108.48290007539333,14.26542555414526]}"
2424,1,953,0.3122277502859344,15,84,"{""geodesic"":false,""type"":""Point"",""coordinates"":[108.44651830638651,14.394513460473235]}"
2425,1,844,0.30917760720374976,7,100,"{""geodesic"":false,""type"":""Point"",""coordinates"":[108.56401794554932,14.36675551819394]}"
2426,1,616,0.015752372806437154,5,56,"{""geodesic"":false,""type"":""Point"",""coordinates"":[108.47104231364295,14.150081871664312]}"
2427,1,727,0.44623238474677673,12,31,"{""geodesic"":false,""type"":""Point"",""coordinates"":[108.52332426317872,14.28617663720842]}"
2428,1,732,0.4570902269123063,24,81,"{""geodesic"":false,""type"":""Point"",""coordinates"":[108.47319827032487,14.172719416824123]}"
2429,1,733,0.11504503482822659,12,48,"{""geodesic"":false,""type"":""Point"",""coordinates"":[108.50041722343366,14.325792341238092]}"
2430,1,1023,0.17591287130651556,19,78,"{""geodesic"":false,""type"":""Point"",""coordinates"":[108.42199429913006,14.379691258285263]}"
2431,1,769,0.23961854841548513,20,89,"{""geodesic"":false,""type"":""Point"",""coordinates"":[108.47050332447247,14.262461113707666]}"
2432,1,976,0.30952688665640504,6,89,"{""geodesic"":false,""type"":""Point"",""coordinates"":[108.50526812596792,14.469163460583566]}"
2433,1,785,0.290234516290349,29,74,"{""geodesic"":false,""type"":""Point"",""coordinates"":[108.42010783703341,14.225809850115589]}"
2434,1,755,0.6680103412063297,10,90,"{""geodesic"":false,""type"":""Point"",""coordinates"":[108.58881144739104,14.333338189624698]}"
2435,1,926,0.12459386084251212,25,52,"{""geodesic"":false,""type"":""Point"",""coordinates"":[108.43250458795421,14.382386204137624]}"
2436,1,781,0.5546290989396505,18,85,"{""geodesic"":false,""type"":""Point"",""coordinates"":[108.47993563495572,14.159783676732808]}"
2437,1,554,0.6797761012076697,13,78,"{""geodesic"":false,""type"":""Point"",""coordinates"":[108.52278527400824,14.192392521546346]}"
2438,1,511,0.7139584236692575,7,52,"{""geodesic"":false,""type"":""Point"",""coordinates"":[108.57156379393592,14.11828151060648]}"
2439,1,775,0.5062294359496914,9,90,"{""geodesic"":false,""type"":""Point"",""coordinates"":[108.57075531018023,14.311509128220592]}"
2440,1,607,0.2839303822315641,13,44,"{""geodesic"":false,""type"":""Point"",""coordinates"":[108.48613401041615,14.153315806687147]}"
2441,1,655,0.7465006068020857,6,94,"{""geodesic"":false,""type"":""Point"",""coordinates"":[108.60659809001658,14.220689452996105]}"
2442,1,607,0.6233652651748337,9,56,"{""geodesic"":false,""type"":""Point"",""coordinates"":[108.5502737217023,14.067886023167375]}"
2443,1,1085,0.6182909825391468,20,56,"{""geodesic"":false,""type"":""Point"",""coordinates"":[108.39019393807223,14.420115446070639]}"
2444,1,689,0.6314343408948988,17,76,"{""geodesic"":false,""type"":""Point"",""coordinates"":[108.4842475483195,14.241710030644505]}"
2445,1,713,0.0035690544009997494,19,74,"{""geodesic"":false,""type"":""Point"",""coordinates"":[108.43843346882943,14.247638911519694]}"
2446,1,639,0.31904364919943984,9,100,"{""geodesic"":false,""type"":""Point"",""coordinates"":[108.46376595984162,14.148464904152895]}"
2447,1,550,0.22183818392277166,9,62,"{""geodesic"":false,""type"":""Point"",""coordinates"":[108.5125444797693,14.186194146085917]}"
2449,1,738,0.1838345729323031,7,97,"{""geodesic"":false,""type"":""Point"",""coordinates"":[108.52682769278681,14.258149200343894]}"
2450,1,727,0.10247769080712521,10,95,"{""geodesic"":false,""type"":""Point"",""coordinates"":[108.57749267481114,14.30072934481116]}"
2451,1,846,0.2947211988607029,4,56,"{""geodesic"":false,""type"":""Point"",""coordinates"":[108.51065801767265,14.34600443513078]}"
2452,1,606,0.6532706779985215,8,70,"{""geodesic"":false,""type"":""Point"",""coordinates"":[108.44139790926704,14.266773027071437]}"
2454,1,804,0.5508881465642567,18,52,"{""geodesic"":false,""type"":""Point"",""coordinates"":[108.45136920892077,14.207214723734317]}"
2455,1,726,0.729898041502395,26,45,"{""geodesic"":false,""type"":""Point"",""coordinates"":[108.44328437136369,14.258149200343894]}"
2456,1,962,0.27364005451703644,22,85,"{""geodesic"":false,""type"":""Point"",""coordinates"":[108.45056072516502,14.195895951154412]}"
2457,1,911,0.17067312463416862,10,91,"{""geodesic"":false,""type"":""Point"",""coordinates"":[108.51119700684313,14.352202810591209]}"
2458,1,946,0.5094442794339249,6,95,"{""geodesic"":false,""type"":""Point"",""coordinates"":[108.44759628472747,14.389932052524223]}"
2459,1,865,0.5519624777079849,3,54,"{""geodesic"":false,""type"":""Point"",""coordinates"":[108.62034231386366,14.378074290773846]}"
2460,1,716,0.5766475621940663,27,85,"{""geodesic"":false,""type"":""Point"",""coordinates"":[108.42307227747096,14.209101185830967]}"
2461,1,673,0.32651419070536836,3,76,"{""geodesic"":false,""type"":""Point"",""coordinates"":[108.48532552666046,14.233894687672667]}"
2462,1,621,0.19764103192032056,11,79,"{""geodesic"":false,""type"":""Point"",""coordinates"":[108.43493003922134,14.261113640781488]}"
2463,1,908,0.2317910797011855,19,90,"{""geodesic"":false,""type"":""Point"",""coordinates"":[108.4616100031597,14.194817972813468]}"
2465,1,773,0.4310809965229332,12,81,"{""geodesic"":false,""type"":""Point"",""coordinates"":[108.45271668184694,14.233355698502194]}"
2466,1,849,0.6029575093623609,12,82,"{""geodesic"":false,""type"":""Point"",""coordinates"":[108.48370855914908,14.324175373726675]}"
2468,1,765,0.6989915347575829,20,100,"{""geodesic"":false,""type"":""Point"",""coordinates"":[108.51011902850217,14.32309739538573]}"
2469,1,771,0.10458118149657947,17,90,"{""geodesic"":false,""type"":""Point"",""coordinates"":[108.5834215556863,14.31070064446488]}"
2470,1,751,0.4698981291349872,14,72,"{""geodesic"":false,""type"":""Point"",""coordinates"":[108.51281397435451,14.331451727528048]}"
2471,1,722,0.12009804826493842,11,95,"{""geodesic"":false,""type"":""Point"",""coordinates"":[108.45837606813689,14.14981237707908]}"
2473,1,844,0.6099562755772033,15,95,"{""geodesic"":false,""type"":""Point"",""coordinates"":[108.56051451594129,14.284020680526531]}"
2474,1,704,0.2471869480252833,10,97,"{""geodesic"":false,""type"":""Point"",""coordinates"":[108.52574971444585,14.243326998155922]}"
2475,1,874,0.6509028270949377,26,51,"{""geodesic"":false,""type"":""Point"",""coordinates"":[108.44193689843752,14.237937106451206]}"
2479,1,581,0.2380999989926197,16,81,"{""geodesic"":false,""type"":""Point"",""coordinates"":[108.52574971444585,14.20532826163766]}"
2480,1,993,0.6561007191948502,19,100,"{""geodesic"":false,""type"":""Point"",""coordinates"":[108.47643220534769,14.410413641002151]}"
2481,1,1092,0.04872203884870041,3,97,"{""geodesic"":false,""type"":""Point"",""coordinates"":[108.40366866733399,14.41822898397399]}"
2482,1,616,0.6995516194906815,12,51,"{""geodesic"":false,""type"":""Point"",""coordinates"":[108.50769357723505,14.164365084681812]}"
2484,1,749,0.5532345614027598,12,100,"{""geodesic"":false,""type"":""Point"",""coordinates"":[108.56024502135602,14.273240897117098]}"
2485,1,882,0.6337382800887408,12,94,"{""geodesic"":false,""type"":""Point"",""coordinates"":[108.42522823415288,14.27566634838422]}"
2486,1,1155,0.5515535806382181,15,89,"{""geodesic"":false,""type"":""Point"",""coordinates"":[108.43088762044283,14.52360136680121]}"
2487,1,701,0.6259997330318033,29,85,"{""geodesic"":false,""type"":""Point"",""coordinates"":[108.45837606813689,14.299651366470215]}"
2488,1,850,0.6026914367530276,11,78,"{""geodesic"":false,""type"":""Point"",""coordinates"":[108.59932173621524,14.414995048951162]}"
2489,1,785,0.26028395577031416,10,74,"{""geodesic"":false,""type"":""Point"",""coordinates"":[108.49799177216653,14.338458586744174]}"
2490,1,805,0.6193409493928558,12,85,"{""geodesic"":false,""type"":""Point"",""coordinates"":[108.47077281905774,14.241440536059265]}"
2491,1,621,0.12767578705394067,17,81,"{""geodesic"":false,""type"":""Point"",""coordinates"":[108.50661559889409,14.17244992223889]}"
2492,1,1090,0.6778420493340758,22,83,"{""geodesic"":false,""type"":""Point"",""coordinates"":[108.40259068899309,14.422001908167296]}"
2493,1,848,0.09596362998540153,23,40,"{""geodesic"":false,""type"":""Point"",""coordinates"":[108.59312336075482,14.353550283517386]}"
2495,1,749,0.6299986524202313,6,55,"{""geodesic"":false,""type"":""Point"",""coordinates"":[108.51281397435451,14.330643243772336]}"
2498,1,1109,0.19691076299801435,35,76,"{""geodesic"":false,""type"":""Point"",""coordinates"":[108.44247588760794,14.508509670028005]}"
2499,1,645,0.7256453002613088,9,95,"{""geodesic"":false,""type"":""Point"",""coordinates"":[108.64001541858585,14.132834218209219]}"
2500,1,757,0.40721090509398783,10,90,"{""geodesic"":false,""type"":""Point"",""coordinates"":[108.58908094197625,14.306927720271581]}"
2502,1,911,0.5495476258813047,16,90,"{""geodesic"":false,""type"":""Point"",""coordinates"":[108.54111090580432,14.452185301713712]}"
2504,1,791,0.18677809099065346,13,97,"{""geodesic"":false,""type"":""Point"",""coordinates"":[108.45891505730737,14.304232774419226]}"
2505,1,663,0.5450606131678047,15,85,"{""geodesic"":false,""type"":""Point"",""coordinates"":[108.61603040049988,14.247638911519694]}"
2506,1,694,0.11804981027365913,12,87,"{""geodesic"":false,""type"":""Point"",""coordinates"":[108.52359375776393,14.248177900690166]}"
2507,1,850,0.7312776886298957,3,95,"{""geodesic"":false,""type"":""Point"",""coordinates"":[108.4537946601879,14.144691979959596]}"
2508,1,724,0.6746605781200861,12,79,"{""geodesic"":false,""type"":""Point"",""coordinates"":[108.42226379371527,14.200477359103417]}"
2510,1,600,0.21141596037194954,7,89,"{""geodesic"":false,""type"":""Point"",""coordinates"":[108.44247588760794,14.27593584296946]}"
2511,1,969,0.5736181624866047,19,77,"{""geodesic"":false,""type"":""Point"",""coordinates"":[108.42415025581192,14.383464182478562]}"
2512,1,1022,0.45055452890606507,19,97,"{""geodesic"":false,""type"":""Point"",""coordinates"":[108.42522823415288,14.357323207710685]}"
2513,1,549,0.6200242627916829,14,77,"{""geodesic"":false,""type"":""Point"",""coordinates"":[108.52224628483776,14.1845771785745]}"
2514,1,544,0.6153455525848184,10,70,"{""geodesic"":false,""type"":""Point"",""coordinates"":[108.5136224581102,14.187002629841622]}"
2515,1,720,0.6867868278282858,9,89,"{""geodesic"":false,""type"":""Point"",""coordinates"":[108.42253328830049,14.198860391592007]}"
2516,1,865,0.5949205937981485,9,87,"{""geodesic"":false,""type"":""Point"",""coordinates"":[108.48182209705243,14.320941438703848]}"
2518,1,586,0.10197515829129389,17,72,"{""geodesic"":false,""type"":""Point"",""coordinates"":[108.48559502124573,14.15142934459049]}"
2519,1,741,0.750857237417168,21,89,"{""geodesic"":false,""type"":""Point"",""coordinates"":[108.42576722332336,14.206406239978605]}"
2520,1,707,0.1618909525535258,10,95,"{""geodesic"":false,""type"":""Point"",""coordinates"":[108.51119700684313,14.201016348273889]}"
2521,1,755,0.23104845083014047,37,89,"{""geodesic"":false,""type"":""Point"",""coordinates"":[108.45271668184694,14.377535301603373]}"
2524,1,1003,0.22884385059444323,15,98,"{""geodesic"":false,""type"":""Point"",""coordinates"":[108.42819267459049,14.407179705979317]}"
2527,1,644,0.10834511676927905,20,51,"{""geodesic"":false,""type"":""Point"",""coordinates"":[108.43304357712469,14.264886564974788]}"
2528,1,1140,0.35229860250205314,11,70,"{""geodesic"":false,""type"":""Point"",""coordinates"":[108.43789447965895,14.508509670028005]}"
2530,1,706,0.2867230015246829,4,90,"{""geodesic"":false,""type"":""Point"",""coordinates"":[108.60390314416424,14.260035662440544]}"
2531,1,999,0.14986093326931282,24,55,"{""geodesic"":false,""type"":""Point"",""coordinates"":[108.44436234970459,14.422810391923]}"
2532,1,590,0.33893394479064987,20,34,"{""geodesic"":false,""type"":""Point"",""coordinates"":[108.54973473253182,14.06896400150832]}"
2533,1,656,0.3656173453444309,4,45,"{""geodesic"":false,""type"":""Point"",""coordinates"":[108.52224628483776,14.237398117280733]}"
2534,1,597,0.6969466526986348,4,83,"{""geodesic"":false,""type"":""Point"",""coordinates"":[108.51173599601356,14.144691979959596]}"
2535,1,736,0.7695235292610384,13,89,"{""geodesic"":false,""type"":""Point"",""coordinates"":[108.50176469635983,14.212604615439034]}"
2536,1,835,0.18965255372498568,12,90,"{""geodesic"":false,""type"":""Point"",""coordinates"":[108.62492372181265,14.38966255793899]}"
2538,1,790,0.5623139199805908,9,89,"{""geodesic"":false,""type"":""Point"",""coordinates"":[108.44463184428986,14.226079344700828]}"
2539,1,905,0.6700507875005506,14,87,"{""geodesic"":false,""type"":""Point"",""coordinates"":[108.45675910062545,14.194009489057756]}"
2540,1,547,0.757478183186487,18,89,"{""geodesic"":false,""type"":""Point"",""coordinates"":[108.50850206099074,14.191045048620161]}"
2543,1,791,0.09662215058388834,12,62,"{""geodesic"":false,""type"":""Point"",""coordinates"":[108.45433364935832,14.203441799541011]}"
2545,1,1061,0.6894234782059977,10,96,"{""geodesic"":false,""type"":""Point"",""coordinates"":[108.42630621249384,14.43062573489484]}"
2546,1,876,0.5215357350678562,23,82,"{""geodesic"":false,""type"":""Point"",""coordinates"":[108.44301487677842,14.374570861165779]}"
2547,1,842,0.25360579263510574,10,70,"{""geodesic"":false,""type"":""Point"",""coordinates"":[108.32713220512704,14.38966255793899]}"
2549,1,1045,0.07869205945015023,10,90,"{""geodesic"":false,""type"":""Point"",""coordinates"":[108.44921325223885,14.451915807128472]}"
2550,1,1071,0.6722763982638317,20,98,"{""geodesic"":false,""type"":""Point"",""coordinates"":[108.47481523783625,14.493417973254793]}"
2551,1,758,0.08986113346294355,7,47,"{""geodesic"":false,""type"":""Point"",""coordinates"":[108.51523942562164,14.329565265431391]}"
2552,1,709,0.6823790457852735,2,97,"{""geodesic"":false,""type"":""Point"",""coordinates"":[108.61468292757365,14.269467972923799]}"
2553,1,634,0.7679184840512429,19,86,"{""geodesic"":false,""type"":""Point"",""coordinates"":[108.47212029198391,14.150620860834785]}"
2554,1,763,0.06228890946398968,23,95,"{""geodesic"":false,""type"":""Point"",""coordinates"":[108.4540641547731,14.233894687672667]}"
2555,1,594,0.3243451613970918,11,87,"{""geodesic"":false,""type"":""Point"",""coordinates"":[108.44597931721603,14.282942702185593]}"
2556,1,603,0.08283569981479799,7,52,"{""geodesic"":false,""type"":""Point"",""coordinates"":[108.44247588760794,14.269467972923799]}"
2557,1,544,0.5526899589806737,6,51,"{""geodesic"":false,""type"":""Point"",""coordinates"":[108.51604790937733,14.178917792284551]}"
2558,1,1032,0.4898810582556832,7,31,"{""geodesic"":false,""type"":""Point"",""coordinates"":[108.44894375765364,14.420115446070639]}"
2559,1,564,0.43675626091792485,4,54,"{""geodesic"":false,""type"":""Point"",""coordinates"":[108.49799177216653,14.142266528692474]}"
2560,1,1141,0.3321951248266328,14,76,"{""geodesic"":false,""type"":""Point"",""coordinates"":[108.43546902839182,14.506084218760883]}"
2562,1,1045,0.5484357160061449,17,97,"{""geodesic"":false,""type"":""Point"",""coordinates"":[108.42576722332336,14.357862196881158]}"
2564,1,847,0.42780166071611614,7,89,"{""geodesic"":false,""type"":""Point"",""coordinates"":[108.62492372181265,14.388584579598046]}"
2565,1,765,0.3712318715465073,20,97,"{""geodesic"":false,""type"":""Point"",""coordinates"":[108.45541162769928,14.23012176347936]}"
2566,1,779,0.19327822708809794,20,71,"{""geodesic"":false,""type"":""Point"",""coordinates"":[108.47319827032487,14.215030066706156]}"
2567,1,879,0.6734349988880155,11,55,"{""geodesic"":false,""type"":""Point"",""coordinates"":[108.43627751214757,14.374301366580546]}"
2568,1,690,0.5922221890574362,17,58,"{""geodesic"":false,""type"":""Point"",""coordinates"":[108.475623721592,14.181882232722145]}"
2569,1,1090,0.20738818597921926,9,76,"{""geodesic"":false,""type"":""Point"",""coordinates"":[108.39935675397021,14.420923929826351]}"
2570,1,599,0.40380073666790217,6,78,"{""geodesic"":false,""type"":""Point"",""coordinates"":[108.50823256640552,14.17056346014224]}"
2572,1,1080,0.5385518841942558,12,82,"{""geodesic"":false,""type"":""Point"",""coordinates"":[108.40393816191926,14.430895229480079]}"
2573,1,723,0.09757772230680317,29,89,"{""geodesic"":false,""type"":""Point"",""coordinates"":[108.49152390212089,14.17244992223889]}"
2574,1,737,0.3608274129058955,23,58,"{""geodesic"":false,""type"":""Point"",""coordinates"":[108.43331307170996,14.254106781565355]}"
2575,1,629,0.43699291472954416,16,55,"{""geodesic"":false,""type"":""Point"",""coordinates"":[108.4842475483195,14.157627720050918]}"
2576,1,1166,0.12172264695531743,18,76,"{""geodesic"":false,""type"":""Point"",""coordinates"":[108.42900115834618,14.51794198051126]}"
2577,1,773,0.6764980716305555,15,99,"{""geodesic"":false,""type"":""Point"",""coordinates"":[108.45433364935832,14.26326959746337]}"
2578,1,1124,0.010348907327570434,10,82,"{""geodesic"":false,""type"":""Point"",""coordinates"":[108.39477534602122,14.502311294567576]}"
2580,1,618,0.25468521569187375,18,100,"{""geodesic"":false,""type"":""Point"",""coordinates"":[108.50068671801893,14.206136745393373]}"
2581,1,890,0.5183319842965489,26,90,"{""geodesic"":false,""type"":""Point"",""coordinates"":[108.42226379371527,14.283481691356059]}"
2582,1,568,0.6355598412569067,16,58,"{""geodesic"":false,""type"":""Point"",""coordinates"":[108.5570110863332,14.068425012337848]}"
2583,1,756,0.7732460195620773,17,51,"{""geodesic"":false,""type"":""Point"",""coordinates"":[108.47400675408056,14.18296021106309]}"
2584,1,1199,0.6034072271883018,9,97,"{""geodesic"":false,""type"":""Point"",""coordinates"":[108.38749899221983,14.503658767493754]}"
2585,1,1139,0.08744161198589939,8,78,"{""geodesic"":false,""type"":""Point"",""coordinates"":[108.43304357712469,14.493956962425266]}"
2586,1,518,0.0035807223723985926,4,55,"{""geodesic"":false,""type"":""Point"",""coordinates"":[108.53383455200293,14.18296021106309]}"
2587,1,760,0.5537760875385439,4,85,"{""geodesic"":false,""type"":""Point"",""coordinates"":[108.51604790937733,14.327409308749509]}"
2589,1,1141,0.3140709905644946,13,97,"{""geodesic"":false,""type"":""Point"",""coordinates"":[108.39396686226553,14.487758586964844]}"
2590,1,672,0.019695275761326236,17,82,"{""geodesic"":false,""type"":""Point"",""coordinates"":[108.4793966457853,14.191853532375873]}"
2591,1,658,0.5790698304803136,3,97,"{""geodesic"":false,""type"":""Point"",""coordinates"":[108.59905224162998,14.23874559020691]}"
2592,1,921,0.5155273876813832,19,90,"{""geodesic"":false,""type"":""Point"",""coordinates"":[108.32335928093374,14.371067431557712]}"
2593,1,730,0.7156844956018925,6,95,"{""geodesic"":false,""type"":""Point"",""coordinates"":[108.51685639313308,14.280786745503704]}"
2594,1,649,0.7271283957367555,14,86,"{""geodesic"":false,""type"":""Point"",""coordinates"":[108.55862805384464,14.130408766942097]}"
2595,1,566,0.30811662406081974,16,76,"{""geodesic"":false,""type"":""Point"",""coordinates"":[108.52170729566728,14.183499200233562]}"
2596,1,527,0.21659008298401883,13,36,"{""geodesic"":false,""type"":""Point"",""coordinates"":[108.59905224162998,14.17056346014224]}"
2598,1,915,0.7144022290350346,18,83,"{""geodesic"":false,""type"":""Point"",""coordinates"":[108.46807787320535,14.218533496314222]}"
2599,1,528,0.15077597780582175,10,58,"{""geodesic"":false,""type"":""Point"",""coordinates"":[108.53491253034389,14.154663279613324]}"
2600,1,512,0.4582826622094087,23,33,"{""geodesic"":false,""type"":""Point"",""coordinates"":[108.52817516571298,14.20748421831955]}"
2602,1,774,0.02959690932446768,5,75,"{""geodesic"":false,""type"":""Point"",""coordinates"":[108.57183328852119,14.306119236515876]}"
2603,1,1150,0.46432720952966666,16,95,"{""geodesic"":false,""type"":""Point"",""coordinates"":[108.39369736768026,14.501772305397104]}"
2604,1,810,0.7547742338215174,17,30,"{""geodesic"":false,""type"":""Point"",""coordinates"":[108.42630621249384,14.265964543315732]}"
2605,1,667,0.12930223524228912,14,89,"{""geodesic"":false,""type"":""Point"",""coordinates"":[108.61576090591461,14.249525373616343]}"
2608,1,709,0.013087336614110212,1,100,"{""geodesic"":false,""type"":""Point"",""coordinates"":[108.41929935327767,14.210179164171912]}"
2610,1,920,0.3976068093730363,8,71,"{""geodesic"":false,""type"":""Point"",""coordinates"":[108.42657570707905,14.382655698722857]}"
2611,1,909,0.7788160314223965,27,82,"{""geodesic"":false,""type"":""Point"",""coordinates"":[108.46673040027918,14.13903259366964]}"
2612,1,864,0.5972218020151401,8,75,"{""geodesic"":false,""type"":""Point"",""coordinates"":[108.32470675385991,14.393165987547057]}"
2614,1,645,0.00165069047526345,10,92,"{""geodesic"":false,""type"":""Point"",""coordinates"":[108.48640350500142,14.2409015468888]}"
2615,1,966,0.46199470286675093,21,78,"{""geodesic"":false,""type"":""Point"",""coordinates"":[108.44813527389795,14.198321402421534]}"
2616,1,1012,0.7259627474217565,17,95,"{""geodesic"":false,""type"":""Point"",""coordinates"":[108.42415025581192,14.409335662661206]}"
2617,1,1108,0.1373365047060502,9,97,"{""geodesic"":false,""type"":""Point"",""coordinates"":[108.44867426306837,14.502311294567576]}"
2619,1,1038,0.1199862215322296,23,87,"{""geodesic"":false,""type"":""Point"",""coordinates"":[108.32443725927465,14.297764904373565]}"
2620,1,1165,0.4129978991372495,23,78,"{""geodesic"":false,""type"":""Point"",""coordinates"":[108.42738419083474,14.525487828897859]}"
2621,1,711,0.7782281396678157,5,95,"{""geodesic"":false,""type"":""Point"",""coordinates"":[108.51092751225787,14.204519777881956]}"
2622,1,655,0.7203768531979776,14,53,"{""geodesic"":false,""type"":""Point"",""coordinates"":[108.51658689854781,14.25114234112776]}"
2623,1,880,0.015851072541131273,6,100,"{""geodesic"":false,""type"":""Point"",""coordinates"":[108.55835855925937,14.367564001949653]}"
2624,1,598,0.2652893129275725,16,51,"{""geodesic"":false,""type"":""Point"",""coordinates"":[108.52521072527537,14.134181691135396]}"
2625,1,755,0.18728365792037915,4,100,"{""geodesic"":false,""type"":""Point"",""coordinates"":[108.45891505730737,14.258957684099599]}"
2626,1,576,0.03109905362986043,5,95,"{""geodesic"":false,""type"":""Point"",""coordinates"":[108.44894375765364,14.286985120964125]}"
2628,1,509,0.03234953402764085,5,52,"{""geodesic"":false,""type"":""Point"",""coordinates"":[108.54003292746336,14.157358225465678]}"
2631,1,706,0.13100218458311907,37,83,"{""geodesic"":false,""type"":""Point"",""coordinates"":[108.44247588760794,14.257340716588182]}"
2633,1,1143,0.13067824816333196,24,44,"{""geodesic"":false,""type"":""Point"",""coordinates"":[108.38749899221983,14.49907735954475]}"
2634,1,795,0.754059444830152,15,97,"{""geodesic"":false,""type"":""Point"",""coordinates"":[108.48963744002424,14.32713981416427]}"
2635,1,974,0.22720120880268102,22,95,"{""geodesic"":false,""type"":""Point"",""coordinates"":[108.44382336053417,14.384542160819507]}"
2636,1,686,0.6625503118520443,8,92,"{""geodesic"":false,""type"":""Point"",""coordinates"":[108.48478653748998,14.17622284643219]}"
2637,1,894,0.7973819991877151,10,97,"{""geodesic"":false,""type"":""Point"",""coordinates"":[108.51874285522973,14.354897756443563]}"
2638,1,764,0.23345410089991847,11,60,"{""geodesic"":false,""type"":""Point"",""coordinates"":[108.50823256640552,14.051446853467986]}"
2639,1,575,0.2618263605052412,22,79,"{""geodesic"":false,""type"":""Point"",""coordinates"":[108.57884014773731,14.12474938065214]}"
2641,1,661,0.7242392925634987,4,94,"{""geodesic"":false,""type"":""Point"",""coordinates"":[108.59258437158434,14.270815445849976]}"
2642,1,1112,0.521535478150836,23,97,"{""geodesic"":false,""type"":""Point"",""coordinates"":[108.41902985869245,14.485602630282955]}"
2643,1,987,0.6175079406911773,12,62,"{""geodesic"":false,""type"":""Point"",""coordinates"":[108.43493003922134,14.398555879251774]}"
2644,1,1080,0.17113543601641334,4,66,"{""geodesic"":false,""type"":""Point"",""coordinates"":[108.39935675397021,14.420115446070639]}"
2648,1,535,0.24720290354549967,12,48,"{""geodesic"":false,""type"":""Point"",""coordinates"":[108.52035982274111,14.184038189404028]}"
2649,1,953,0.7853002806231824,11,90,"{""geodesic"":false,""type"":""Point"",""coordinates"":[108.40178220523734,14.382116709552385]}"
2650,1,967,0.37145160793260046,9,45,"{""geodesic"":false,""type"":""Point"",""coordinates"":[108.45298617643215,14.419037467729702]}"
2652,1,868,0.2546605266655342,5,67,"{""geodesic"":false,""type"":""Point"",""coordinates"":[108.53572101409958,14.380769236626207]}"
2653,1,560,0.5479204818856088,12,78,"{""geodesic"":false,""type"":""Point"",""coordinates"":[108.52116830649686,14.194009489057756]}"
2654,1,560,0.2657361900856442,13,68,"{""geodesic"":false,""type"":""Point"",""coordinates"":[108.51577841479212,14.177300824773134]}"
2655,1,670,0.465335844001073,13,72,"{""geodesic"":false,""type"":""Point"",""coordinates"":[108.48855946168328,14.240362557718328]}"
2656,1,677,0.5481313132148097,20,49,"{""geodesic"":false,""type"":""Point"",""coordinates"":[108.55728058091842,14.06492158272978]}"
2657,1,660,0.0364365353341628,23,45,"{""geodesic"":false,""type"":""Point"",""coordinates"":[108.48343906456381,14.16409559009658]}"
2658,1,1025,0.4872256425559428,3,79,"{""geodesic"":false,""type"":""Point"",""coordinates"":[108.4141789561582,14.457575193418428]}"
2659,1,655,0.6836569846276098,23,45,"{""geodesic"":false,""type"":""Point"",""coordinates"":[108.54703978667948,14.07731833365063]}"
2660,1,994,0.10994429267049244,3,92,"{""geodesic"":false,""type"":""Point"",""coordinates"":[108.49421884797323,14.482099200674888]}"
2661,1,707,0.3359257450493387,15,100,"{""geodesic"":false,""type"":""Point"",""coordinates"":[108.44382336053417,14.260844146196249]}"
2663,1,595,0.654117438744012,13,71,"{""geodesic"":false,""type"":""Point"",""coordinates"":[108.54838725960565,14.131756239868274]}"
2664,1,970,0.5690684030016255,11,82,"{""geodesic"":false,""type"":""Point"",""coordinates"":[108.44651830638651,14.386428622916156]}"
2665,1,837,0.17620964191671995,22,100,"{""geodesic"":false,""type"":""Point"",""coordinates"":[108.46861686237582,14.212065626268561]}"
2666,1,666,0.20561981296732645,22,85,"{""geodesic"":false,""type"":""Point"",""coordinates"":[108.54407534624187,14.203980788711483]}"
2667,1,482,0.1300356524059254,11,37,"{""geodesic"":false,""type"":""Point"",""coordinates"":[108.55566361340703,14.158705698391863]}"
2668,1,1103,0.3417924052328646,19,97,"{""geodesic"":false,""type"":""Point"",""coordinates"":[108.40851956986825,14.4971908974481]}"
2669,1,581,0.126330932953431,5,94,"{""geodesic"":false,""type"":""Point"",""coordinates"":[108.44085892009656,14.271084940435216]}"
2670,1,684,0.0331844723058311,12,98,"{""geodesic"":false,""type"":""Point"",""coordinates"":[108.44894375765364,14.274588370043276]}"
2672,1,1117,0.7424407591220017,3,68,"{""geodesic"":false,""type"":""Point"",""coordinates"":[108.37806668173658,14.478056781896349]}"
2673,1,1107,0.6969709611102024,11,90,"{""geodesic"":false,""type"":""Point"",""coordinates"":[108.44058942551129,14.504736745834698]}"
2674,1,1150,0.6066192960073902,14,86,"{""geodesic"":false,""type"":""Point"",""coordinates"":[108.39558382977691,14.498268875789037]}"
2675,1,963,0.6682662880176118,21,85,"{""geodesic"":false,""type"":""Point"",""coordinates"":[108.41121451572059,14.400442341348423]}"
2676,1,1076,0.12864894130975535,33,90,"{""geodesic"":false,""type"":""Point"",""coordinates"":[108.41956884786293,14.368102991120118]}"
2677,1,936,0.572465039313698,4,83,"{""geodesic"":false,""type"":""Point"",""coordinates"":[108.50311216928606,14.428200283627717]}"
2682,1,1167,0.16986017026702105,7,97,"{""geodesic"":false,""type"":""Point"",""coordinates"":[108.38911595973127,14.479943243992999]}"
2683,1,843,0.15214425226559536,10,89,"{""geodesic"":false,""type"":""Point"",""coordinates"":[108.50850206099074,14.350316348494552]}"
2684,1,787,0.33034826611904033,11,89,"{""geodesic"":false,""type"":""Point"",""coordinates"":[108.51443094186595,14.341153532596536]}"
2685,1,688,0.30704767432231506,13,45,"{""geodesic"":false,""type"":""Point"",""coordinates"":[108.48909845085376,14.24925587903111]}"
2686,1,674,0.6915227295672488,16,97,"{""geodesic"":false,""type"":""Point"",""coordinates"":[108.62707967849451,14.251950824883465]}"
2689,1,875,0.21670245658698672,9,82,"{""geodesic"":false,""type"":""Point"",""coordinates"":[108.5747977289588,14.354897756443563]}"
2690,1,663,0.26148435867818043,8,88,"{""geodesic"":false,""type"":""Point"",""coordinates"":[108.48290007539333,14.221228442166577]}"
2691,1,1201,0.12793014217260879,9,75,"{""geodesic"":false,""type"":""Point"",""coordinates"":[108.38480404636749,14.50743169168706]}"
2692,1,515,0.15727151429845077,12,56,"{""geodesic"":false,""type"":""Point"",""coordinates"":[108.5977047687038,14.161400644244218]}"
2693,1,966,0.292489930947088,24,94,"{""geodesic"":false,""type"":""Point"",""coordinates"":[108.4254977287381,14.393974471302762]}"
2694,1,769,0.5548126142448767,7,79,"{""geodesic"":false,""type"":""Point"",""coordinates"":[108.5163174039626,14.329834760016631]}"
2695,1,527,0.15518113756550067,10,36,"{""geodesic"":false,""type"":""Point"",""coordinates"":[108.55647209716273,14.173258405994595]}"
2696,1,923,0.03323605227598181,22,89,"{""geodesic"":false,""type"":""Point"",""coordinates"":[108.34006794521832,14.357862196881158]}"
2697,1,548,0.01688673345195879,8,44,"{""geodesic"":false,""type"":""Point"",""coordinates"":[108.55485512965134,14.079743784917753]}"
2698,1,775,0.47258350599174037,7,100,"{""geodesic"":false,""type"":""Point"",""coordinates"":[108.45136920892077,14.237128622695494]}"
2699,1,746,0.27325009743780304,10,90,"{""geodesic"":false,""type"":""Point"",""coordinates"":[108.52305476859351,14.252489814053938]}"
2700,1,750,0.3792778038272011,20,71,"{""geodesic"":false,""type"":""Point"",""coordinates"":[108.45541162769928,14.254106781565355]}"
2701,1,1169,0.12793307232968554,15,97,"{""geodesic"":false,""type"":""Point"",""coordinates"":[108.42253328830049,14.49314847866956]}"
2702,1,935,0.6801665179297073,17,99,"{""geodesic"":false,""type"":""Point"",""coordinates"":[108.49906975050749,14.36028764814828]}"
2703,1,748,0.6366742066530547,15,79,"{""geodesic"":false,""type"":""Point"",""coordinates"":[108.4624184869154,14.30908367695347]}"
2704,1,602,0.04192107701358938,12,75,"{""geodesic"":false,""type"":""Point"",""coordinates"":[108.50661559889409,14.161400644244218]}"
2706,1,767,0.016613343708099193,21,78,"{""geodesic"":false,""type"":""Point"",""coordinates"":[108.42630621249384,14.199668875347712]}"
2708,1,600,0.6547174488573235,34,82,"{""geodesic"":false,""type"":""Point"",""coordinates"":[108.48532552666046,14.148464904152895]}"
2709,1,844,0.42192557825952504,5,49,"{""geodesic"":false,""type"":""Point"",""coordinates"":[108.45837606813689,14.198051907836295]}"
2711,1,772,0.2908645559775852,9,100,"{""geodesic"":false,""type"":""Point"",""coordinates"":[108.62815765683547,14.306927720271581]}"
2712,1,998,0.5499146485982334,30,79,"{""geodesic"":false,""type"":""Point"",""coordinates"":[108.43007913668714,14.368372485705358]}"
2714,1,946,5.635807617336841E-4,11,85,"{""geodesic"":false,""type"":""Point"",""coordinates"":[108.44705729555699,14.377804796188613]}"
2715,1,701,0.7100524090710018,14,90,"{""geodesic"":false,""type"":""Point"",""coordinates"":[108.4540641547731,14.36702501277918]}"
2716,1,773,0.4868190545778651,4,94,"{""geodesic"":false,""type"":""Point"",""coordinates"":[108.44678780097172,14.241710030644505]}"
2717,1,643,0.7421161856128179,14,89,"{""geodesic"":false,""type"":""Point"",""coordinates"":[108.48209159163764,14.170024470971768]}"
2719,1,823,0.21231445214655809,35,82,"{""geodesic"":false,""type"":""Point"",""coordinates"":[108.42118581537432,14.22823530138271]}"
2720,1,676,0.5416891389092479,1,90,"{""geodesic"":false,""type"":""Point"",""coordinates"":[108.5570110863332,14.235511655184077]}"
2721,1,765,0.679565260409363,4,41,"{""geodesic"":false,""type"":""Point"",""coordinates"":[108.45460314394359,14.212335120853794]}"
2722,1,859,0.21469974613774223,16,82,"{""geodesic"":false,""type"":""Point"",""coordinates"":[108.56132299969698,14.399094868422246]}"
2723,1,731,0.556662360184494,4,97,"{""geodesic"":false,""type"":""Point"",""coordinates"":[108.62519321639786,14.260035662440544]}"
2724,1,657,0.3002952763888286,22,87,"{""geodesic"":false,""type"":""Point"",""coordinates"":[108.49125440753568,14.194278983642995]}"
2725,1,885,0.3385174376044362,24,87,"{""geodesic"":false,""type"":""Point"",""coordinates"":[108.47454574325104,14.355167251028803]}"
2726,1,1065,0.49951862097124033,5,100,"{""geodesic"":false,""type"":""Point"",""coordinates"":[108.4217248045448,14.376457323262436]}"
2727,1,875,0.7376224687205587,14,97,"{""geodesic"":false,""type"":""Point"",""coordinates"":[108.48263058080812,14.345195951375075]}"
2729,1,648,0.4124402776823243,16,97,"{""geodesic"":false,""type"":""Point"",""coordinates"":[108.59231487699913,14.241171041474033]}"
2730,1,1009,0.3519227406188351,26,85,"{""geodesic"":false,""type"":""Point"",""coordinates"":[108.4066331077716,14.39181851462088]}"
2731,1,780,0.3043654720985147,7,58,"{""geodesic"":false,""type"":""Point"",""coordinates"":[108.46107101398923,14.20775371290479]}"
2732,1,816,0.11422317257097259,30,62,"{""geodesic"":false,""type"":""Point"",""coordinates"":[108.50850206099074,14.103728803003747]}"
2733,1,618,0.7394057993710909,29,57,"{""geodesic"":false,""type"":""Point"",""coordinates"":[108.50419014762696,14.241710030644505]}"
2734,1,505,0.2933329017307649,12,44,"{""geodesic"":false,""type"":""Point"",""coordinates"":[108.54757877584996,14.018568514069216]}"
2735,1,845,0.7893552894603435,2,70,"{""geodesic"":false,""type"":""Point"",""coordinates"":[108.56698238598693,14.372414904483897]}"
2737,1,708,0.02630360265586351,25,74,"{""geodesic"":false,""type"":""Point"",""coordinates"":[108.4254977287381,14.213952088365211]}"
2738,1,889,0.6839154072320143,10,85,"{""geodesic"":false,""type"":""Point"",""coordinates"":[108.43088762044283,14.387506601257101]}"
2739,1,900,0.05685389323400214,15,72,"{""geodesic"":false,""type"":""Point"",""coordinates"":[108.43546902839182,14.378074290773846]}"
2740,1,977,0.010997649620814731,9,90,"{""geodesic"":false,""type"":""Point"",""coordinates"":[108.45244718726167,14.18861959735304]}"
2742,1,1163,0.3328588958307157,16,74,"{""geodesic"":false,""type"":""Point"",""coordinates"":[108.37429375754328,14.49907735954475]}"
2743,1,921,0.22543630388508884,20,90,"{""geodesic"":false,""type"":""Point"",""coordinates"":[108.53060061698011,14.412839092269273]}"
2744,1,975,0.3668281924775205,19,92,"{""geodesic"":false,""type"":""Point"",""coordinates"":[108.47077281905774,14.4123001030988]}"
2745,1,804,0.25190943212675765,21,48,"{""geodesic"":false,""type"":""Point"",""coordinates"":[108.59527931743668,14.351124832250264]}"
2746,1,652,0.27651437664819345,19,89,"{""geodesic"":false,""type"":""Point"",""coordinates"":[108.45056072516502,14.253298297809643]}"
2747,1,733,0.7754029296714323,12,89,"{""geodesic"":false,""type"":""Point"",""coordinates"":[108.5012257071894,14.210179164171912]}"
2748,1,884,0.1478480866795978,17,75,"{""geodesic"":false,""type"":""Point"",""coordinates"":[108.53113960615059,14.361635121074464]}"
2749,1,632,0.5050273984023157,13,43,"{""geodesic"":false,""type"":""Point"",""coordinates"":[108.49475783714371,14.034199200012893]}"
2750,1,977,0.4171127048397265,40,95,"{""geodesic"":false,""type"":""Point"",""coordinates"":[108.34033743980359,14.385350644575219]}"
2751,1,772,0.6501314208945965,12,82,"{""geodesic"":false,""type"":""Point"",""coordinates"":[108.50284267470079,14.334146673380403]}"
2753,1,1008,0.6575264624407209,15,44,"{""geodesic"":false,""type"":""Point"",""coordinates"":[108.44005043634087,14.389932052524223]}"
2754,1,605,0.576287753420062,20,76,"{""geodesic"":false,""type"":""Point"",""coordinates"":[108.54245837873049,14.203441799541011]}"
2755,1,583,0.36963717493998904,4,48,"{""geodesic"":false,""type"":""Point"",""coordinates"":[108.57614520188497,14.117473026850774]}"
2757,1,563,0.6477542880601537,13,45,"{""geodesic"":false,""type"":""Point"",""coordinates"":[108.5020341909451,14.129869777771624]}"
2758,1,588,0.1438486879548022,8,45,"{""geodesic"":false,""type"":""Point"",""coordinates"":[108.44490133887507,14.278900283407054]}"
2759,1,785,0.5486378548508104,10,77,"{""geodesic"":false,""type"":""Point"",""coordinates"":[108.50661559889409,14.338458586744174]}"
2760,1,1190,0.26971670814244686,10,97,"{""geodesic"":false,""type"":""Point"",""coordinates"":[108.39073292724271,14.509857142954182]}"
2762,1,684,0.4222030667799104,1,89,"{""geodesic"":false,""type"":""Point"",""coordinates"":[108.60013021997094,14.263000102878138]}"
2763,1,541,0.6288129045367069,3,67,"{""geodesic"":false,""type"":""Point"",""coordinates"":[108.50823256640552,14.14576995830054]}"
2764,1,693,0.28962864354506346,8,100,"{""geodesic"":false,""type"":""Point"",""coordinates"":[108.60713707918705,14.259766167855304]}"
2766,1,526,0.041792403796210964,8,44,"{""geodesic"":false,""type"":""Point"",""coordinates"":[108.52170729566728,14.1913145432054]}"
2768,1,788,0.648089862522706,21,89,"{""geodesic"":false,""type"":""Point"",""coordinates"":[108.46430494901205,14.140380066595824]}"
2770,1,771,0.33441678876022163,8,98,"{""geodesic"":false,""type"":""Point"",""coordinates"":[108.623037259716,14.267042521656677]}"
2771,1,756,0.02409294609424395,19,95,"{""geodesic"":false,""type"":""Point"",""coordinates"":[108.45648960604024,14.244943965667332]}"
2773,1,951,0.2897183191034207,7,54,"{""geodesic"":false,""type"":""Point"",""coordinates"":[108.50769357723505,14.355975734784508]}"
2774,1,977,0.22693642860903573,31,94,"{""geodesic"":false,""type"":""Point"",""coordinates"":[108.3368340101955,14.366486023608708]}"
2775,1,655,0.2768788867818326,16,54,"{""geodesic"":false,""type"":""Point"",""coordinates"":[108.47804917285907,14.195895951154412]}"
2776,1,553,0.5523202738809261,13,45,"{""geodesic"":false,""type"":""Point"",""coordinates"":[108.50931054474648,14.255993243662004]}"
2777,1,986,0.14306772855778505,11,63,"{""geodesic"":false,""type"":""Point"",""coordinates"":[108.43546902839182,14.359479164392575]}"
2778,1,863,0.7574894842555914,17,85,"{""geodesic"":false,""type"":""Point"",""coordinates"":[108.4661914111087,14.196165445739645]}"
2779,1,617,0.6211542393840416,26,88,"{""geodesic"":false,""type"":""Point"",""coordinates"":[108.50796307182026,14.17218042765365]}"
2780,1,796,0.6041252318541435,7,97,"{""geodesic"":false,""type"":""Point"",""coordinates"":[108.56725188057214,14.306119236515876]}"
2781,1,923,0.14832820519841683,4,51,"{""geodesic"":false,""type"":""Point"",""coordinates"":[108.45056072516502,14.372145409898657]}"
2783,1,767,0.3992211248563279,24,31,"{""geodesic"":false,""type"":""Point"",""coordinates"":[108.42792318000522,14.258957684099599]}"
2784,1,952,0.4569185771280443,4,64,"{""geodesic"":false,""type"":""Point"",""coordinates"":[108.50526812596792,14.36675551819394]}"
2786,1,735,0.2473449685597513,19,100,"{""geodesic"":false,""type"":""Point"",""coordinates"":[108.43573852297709,14.255723749076772]}"
2787,1,964,0.7410452709033389,7,59,"{""geodesic"":false,""type"":""Point"",""coordinates"":[108.46403545442683,14.390471041694695]}"
2788,1,791,0.7488761177717542,16,89,"{""geodesic"":false,""type"":""Point"",""coordinates"":[108.44678780097172,14.319593965777663]}"
2789,1,1137,0.5156774600321279,7,90,"{""geodesic"":false,""type"":""Point"",""coordinates"":[108.41687390201054,14.489375554476254]}"
2790,1,653,0.767943977489533,13,45,"{""geodesic"":false,""type"":""Point"",""coordinates"":[108.49880025592228,14.049829885956576]}"
2791,1,601,0.13828570280248753,14,42,"{""geodesic"":false,""type"":""Point"",""coordinates"":[108.52305476859351,14.194548478228228]}"
2794,1,776,0.10785248450077034,23,90,"{""geodesic"":false,""type"":""Point"",""coordinates"":[108.43115711502804,14.2198809692404]}"
2796,1,737,0.7715939673405257,21,90,"{""geodesic"":false,""type"":""Point"",""coordinates"":[108.43169610419852,14.27593584296946]}"
2797,1,901,0.6779852063364077,20,55,"{""geodesic"":false,""type"":""Point"",""coordinates"":[108.45163870350598,14.372953893654369]}"
2798,1,964,0.45853232419520384,14,72,"{""geodesic"":false,""type"":""Point"",""coordinates"":[108.44409285511938,14.380769236626207]}"
2799,1,1054,0.08608341573119027,20,86,"{""geodesic"":false,""type"":""Point"",""coordinates"":[108.40232119440782,14.401520319689368]}"
2800,1,814,0.7363933692107224,14,64,"{""geodesic"":false,""type"":""Point"",""coordinates"":[108.4688863569611,14.202363821200066]}"
2802,1,568,0.26103940883684895,13,82,"{""geodesic"":false,""type"":""Point"",""coordinates"":[108.49098491295041,14.147386925811958]}"
2803,1,976,0.6486797508599726,5,94,"{""geodesic"":false,""type"":""Point"",""coordinates"":[108.44193689843752,14.417151005633045]}"
2805,1,895,0.6145936017537831,7,82,"{""geodesic"":false,""type"":""Point"",""coordinates"":[108.43789447965895,14.372414904483897]}"
2806,1,789,0.7188284975319922,10,72,"{""geodesic"":false,""type"":""Point"",""coordinates"":[108.53221758449149,14.128252810260207]}"
2808,1,917,0.2839915708394296,16,94,"{""geodesic"":false,""type"":""Point"",""coordinates"":[108.41498743991389,14.383464182478562]}"
2809,1,964,0.37194247373863887,11,76,"{""geodesic"":false,""type"":""Point"",""coordinates"":[108.44813527389795,14.388045590427573]}"
2810,1,843,0.5795989731534354,9,89,"{""geodesic"":false,""type"":""Point"",""coordinates"":[108.54596180833852,14.372414904483897]}"
2811,1,840,0.7285529390924964,9,31,"{""geodesic"":false,""type"":""Point"",""coordinates"":[108.56698238598693,14.424157864849178]}"
2812,1,770,0.7970657002740024,1,52,"{""geodesic"":false,""type"":""Point"",""coordinates"":[108.44085892009656,14.258688189514366]}"
2813,1,857,0.6109202773354686,11,78,"{""geodesic"":false,""type"":""Point"",""coordinates"":[108.57776216939635,14.35435876727309]}"
2815,1,528,0.7971911189654995,6,44,"{""geodesic"":false,""type"":""Point"",""coordinates"":[108.5125444797693,14.191045048620161]}"
2817,1,1128,0.2007797777747352,3,97,"{""geodesic"":false,""type"":""Point"",""coordinates"":[108.41983834244814,14.499346854129982]}"
2818,1,772,0.5936827574658712,20,81,"{""geodesic"":false,""type"":""Point"",""coordinates"":[108.43493003922134,14.254106781565355]}"
2819,1,1164,0.5393557840083869,12,97,"{""geodesic"":false,""type"":""Point"",""coordinates"":[108.42495873956761,14.497729886618565]}"
2820,1,1151,0.24527650065725315,26,83,"{""geodesic"":false,""type"":""Point"",""coordinates"":[108.31662191630284,14.357323207710685]}"
2821,1,895,0.01351732692521368,10,97,"{""geodesic"":false,""type"":""Point"",""coordinates"":[108.55970603218555,14.426044326945828]}"
2822,1,778,0.00677127183541637,22,53,"{""geodesic"":false,""type"":""Point"",""coordinates"":[108.45083021975029,14.243596492741155]}"
2823,1,578,0.4853177074273499,15,68,"{""geodesic"":false,""type"":""Point"",""coordinates"":[108.52224628483776,14.226079344700828]}"
2824,1,713,0.08523954815092094,2,51,"{""geodesic"":false,""type"":""Point"",""coordinates"":[108.55108220545804,14.296956420617853]}"
2825,1,727,0.5505883043575042,4,50,"{""geodesic"":false,""type"":""Point"",""coordinates"":[108.47885765661482,14.248716889860638]}"
2829,1,817,0.5452023230179465,18,32,"{""geodesic"":false,""type"":""Point"",""coordinates"":[108.45352516560263,14.200477359103417]}"
2830,1,1028,0.18177477749037585,24,90,"{""geodesic"":false,""type"":""Point"",""coordinates"":[108.31985585132566,14.351394326835496]}"
2831,1,555,0.37670863219757555,5,76,"{""geodesic"":false,""type"":""Point"",""coordinates"":[108.49044592377993,14.148195409567663]}"
2832,1,685,0.21892629195370905,7,97,"{""geodesic"":false,""type"":""Point"",""coordinates"":[108.61710837884078,14.243326998155922]}"
2833,1,759,0.25634953224419044,9,79,"{""geodesic"":false,""type"":""Point"",""coordinates"":[108.4793966457853,14.245482954837804]}"
2834,1,978,0.34432481549614935,27,82,"{""geodesic"":false,""type"":""Point"",""coordinates"":[108.44463184428986,14.198590897006767]}"
2836,1,536,0.04990687330165555,9,56,"{""geodesic"":false,""type"":""Point"",""coordinates"":[108.50823256640552,14.145230969130068]}"
2837,1,1167,0.3080350500777962,23,58,"{""geodesic"":false,""type"":""Point"",""coordinates"":[108.43735549048847,14.506623207931348]}"
2839,1,863,0.7560188426747583,6,89,"{""geodesic"":false,""type"":""Point"",""coordinates"":[108.52682769278681,14.350046853909319]}"
2841,1,813,0.46253381657066317,15,48,"{""geodesic"":false,""type"":""Point"",""coordinates"":[108.59851325245955,14.355706240199275]}"
2842,1,514,0.29837340648462496,7,83,"{""geodesic"":false,""type"":""Point"",""coordinates"":[108.55189068921374,14.153315806687147]}"
2844,1,706,0.09524402018572908,22,97,"{""geodesic"":false,""type"":""Point"",""coordinates"":[108.45298617643215,14.364330066926819]}"
2845,1,617,0.6550647275651981,9,64,"{""geodesic"":false,""type"":""Point"",""coordinates"":[108.48667299958663,14.301807323152097]}"
2846,1,739,0.22952730713749492,6,100,"{""geodesic"":false,""type"":""Point"",""coordinates"":[108.54677029209427,14.264617070389555]}"
2848,1,726,0.3811955959286001,6,61,"{""geodesic"":false,""type"":""Point"",""coordinates"":[108.52548021986058,14.286715626378893]}"
2849,1,829,0.21297452961672292,10,97,"{""geodesic"":false,""type"":""Point"",""coordinates"":[108.4718507973987,14.241710030644505]}"
2850,1,929,0.49690158197526313,24,71,"{""geodesic"":false,""type"":""Point"",""coordinates"":[108.44759628472747,14.393974471302762]}"
2851,1,603,0.6183914160959231,20,52,"{""geodesic"":false,""type"":""Point"",""coordinates"":[108.48370855914908,14.14954288249384]}"
2852,1,567,0.21328862359827094,12,76,"{""geodesic"":false,""type"":""Point"",""coordinates"":[108.5208988119116,14.145500463715301]}"
2853,1,691,0.36561305330892024,35,95,"{""geodesic"":false,""type"":""Point"",""coordinates"":[108.47050332447247,14.303693785248754]}"
2854,1,654,0.20068069785253473,6,72,"{""geodesic"":false,""type"":""Point"",""coordinates"":[108.5389549491224,14.127713821089735]}"
2855,1,783,0.6810766544380688,7,100,"{""geodesic"":false,""type"":""Point"",""coordinates"":[108.45136920892077,14.237667611865966]}"
2856,1,709,0.7474995173117801,14,100,"{""geodesic"":false,""type"":""Point"",""coordinates"":[108.52655819820154,14.268659489168087]}"
2857,1,696,0.21514370565149132,17,82,"{""geodesic"":false,""type"":""Point"",""coordinates"":[108.49610531006988,14.22823530138271]}"
2859,1,597,0.647573713766116,24,31,"{""geodesic"":false,""type"":""Point"",""coordinates"":[108.50230368553031,14.165443063022757]}"
2860,1,1032,0.4649504642477943,7,97,"{""geodesic"":false,""type"":""Point"",""coordinates"":[108.50149520177462,14.493956962425266]}"
2861,1,756,0.5100111348838199,6,90,"{""geodesic"":false,""type"":""Point"",""coordinates"":[108.62222877596031,14.286446131793653]}"
2863,1,520,0.4783644806122511,7,40,"{""geodesic"":false,""type"":""Point"",""coordinates"":[108.53787697078144,14.203172304955778]}"
2865,1,831,0.11495929401841154,6,76,"{""geodesic"":false,""type"":""Point"",""coordinates"":[108.5615924942822,14.373492882824841]}"
2866,1,550,0.7720259861603637,17,94,"{""geodesic"":false,""type"":""Point"",""coordinates"":[108.52467173610489,14.191045048620161]}"
2868,1,609,0.6481005715885049,4,96,"{""geodesic"":false,""type"":""Point"",""coordinates"":[108.52979213322436,14.236320138939789]}"
2869,1,661,0.010512497759124106,3,44,"{""geodesic"":false,""type"":""Point"",""coordinates"":[108.61980332469318,14.245213460252572]}"
2870,1,704,0.03434775724213046,19,42,"{""geodesic"":false,""type"":""Point"",""coordinates"":[108.42522823415288,14.227965806797478]}"
2871,1,797,0.25762341440859415,22,96,"{""geodesic"":false,""type"":""Point"",""coordinates"":[108.4500217359946,14.217186023388038]}"
2872,1,856,0.2439750314979514,30,85,"{""geodesic"":false,""type"":""Point"",""coordinates"":[108.49314086963233,14.34223151093748]}"
2874,1,825,0.663731032359882,7,76,"{""geodesic"":false,""type"":""Point"",""coordinates"":[108.43843346882943,14.368102991120118]}"
2875,1,684,0.5062779491896113,30,78,"{""geodesic"":false,""type"":""Point"",""coordinates"":[108.62411523805696,14.247099922349221]}"
2876,1,1024,0.6579894382459884,4,77,"{""geodesic"":false,""type"":""Point"",""coordinates"":[108.43304357712469,14.400711835933663]}"
2877,1,1112,0.5603823779022563,3,94,"{""geodesic"":false,""type"":""Point"",""coordinates"":[108.43789447965895,14.524140355971682]}"
2878,1,1004,0.5661310828139811,7,45,"{""geodesic"":false,""type"":""Point"",""coordinates"":[108.46565242193827,14.434937648258611]}"
2880,1,876,0.05870885911550938,13,36,"{""geodesic"":false,""type"":""Point"",""coordinates"":[108.4510997143355,14.382655698722857]}"
2881,1,603,0.5475000950497448,11,43,"{""geodesic"":false,""type"":""Point"",""coordinates"":[108.49529682631419,14.04605696176327]}"
2883,1,772,0.6594443124909353,10,55,"{""geodesic"":false,""type"":""Point"",""coordinates"":[108.46268798150066,14.224192882604171]}"
2884,1,1005,0.5211158625731848,9,76,"{""geodesic"":false,""type"":""Point"",""coordinates"":[108.46834736779061,14.44113602371904]}"
2885,1,850,0.6761101455748111,6,89,"{""geodesic"":false,""type"":""Point"",""coordinates"":[108.44058942551129,14.376457323262436]}"
2886,1,1186,0.41223016414725633,16,76,"{""geodesic"":false,""type"":""Point"",""coordinates"":[108.38291758427084,14.50716219710182]}"
2887,1,688,0.6063037746754311,19,95,"{""geodesic"":false,""type"":""Point"",""coordinates"":[108.52359375776393,14.247908406104926]}"
2889,1,829,0.785455262938625,8,60,"{""geodesic"":false,""type"":""Point"",""coordinates"":[108.50257318011558,14.353550283517386]}"
2890,1,680,0.17182927787698354,24,94,"{""geodesic"":false,""type"":""Point"",""coordinates"":[108.47104231364295,14.147117431226718]}"
2891,1,740,0.3695464253736088,23,89,"{""geodesic"":false,""type"":""Point"",""coordinates"":[108.45190819809125,14.25114234112776]}"
2892,1,845,0.733516257415227,10,87,"{""geodesic"":false,""type"":""Point"",""coordinates"":[108.56428744013459,14.363252088585874]}"
2893,1,714,0.7644813522949647,4,53,"{""geodesic"":false,""type"":""Point"",""coordinates"":[108.57722318022587,14.293722485595026]}"
2894,1,935,0.17726516027734607,10,87,"{""geodesic"":false,""type"":""Point"",""coordinates"":[108.44678780097172,14.397747395496069]}"
2895,1,980,0.23447395070037036,7,83,"{""geodesic"":false,""type"":""Point"",""coordinates"":[108.48478653748998,14.496112919107155]}"
2896,1,781,0.6589010190759218,13,90,"{""geodesic"":false,""type"":""Point"",""coordinates"":[108.49314086963233,14.185924651500684]}"
2897,1,714,0.7355741018842507,9,97,"{""geodesic"":false,""type"":""Point"",""coordinates"":[108.61522191674413,14.272701907946626]}"
2898,1,772,0.3174995389904104,15,51,"{""geodesic"":false,""type"":""Point"",""coordinates"":[108.46214899233019,14.223923388018939]}"
2899,1,835,0.73982268559424,24,90,"{""geodesic"":false,""type"":""Point"",""coordinates"":[108.46673040027918,14.142805517862946]}"
2900,1,957,0.4818895728180125,22,95,"{""geodesic"":false,""type"":""Point"",""coordinates"":[108.44085892009656,14.38292519330809]}"
2902,1,822,0.35238376215281153,11,75,"{""geodesic"":false,""type"":""Point"",""coordinates"":[108.4578370789664,14.202094326614834]}"
2904,1,1140,0.1078486436422873,7,97,"{""geodesic"":false,""type"":""Point"",""coordinates"":[108.44058942551129,14.50069432705616]}"
2905,1,748,0.27040740803606167,9,57,"{""geodesic"":false,""type"":""Point"",""coordinates"":[108.57641469647018,14.305849741930636]}"
2906,1,867,0.685813830722817,14,68,"{""geodesic"":false,""type"":""Point"",""coordinates"":[108.4936798588028,14.34600443513078]}"
2908,1,857,0.48595234770110907,16,90,"{""geodesic"":false,""type"":""Point"",""coordinates"":[108.6003997145562,14.415264543536395]}"
2909,1,815,0.15215760456617888,26,89,"{""geodesic"":false,""type"":""Point"",""coordinates"":[108.45568112228455,14.197782413251062]}"
2910,1,724,0.3200184216487355,17,91,"{""geodesic"":false,""type"":""Point"",""coordinates"":[108.45271668184694,14.365947034438236]}"
2911,1,757,0.7255073189455219,16,90,"{""geodesic"":false,""type"":""Point"",""coordinates"":[108.4616100031597,14.2551847599063]}"
2912,1,885,0.5311398405548805,27,76,"{""geodesic"":false,""type"":""Point"",""coordinates"":[108.31931686215518,14.418767973144462]}"
2913,1,870,0.20361872832963313,10,95,"{""geodesic"":false,""type"":""Point"",""coordinates"":[108.50338166387127,14.35867068063687]}"
2915,1,725,0.2830256170730977,15,93,"{""geodesic"":false,""type"":""Point"",""coordinates"":[108.42199429913006,14.203980788711483]}"
2917,1,759,0.7623161856222761,16,62,"{""geodesic"":false,""type"":""Point"",""coordinates"":[108.49610531006988,14.338728081329414]}"
2918,1,733,0.6859792407831014,20,92,"{""geodesic"":false,""type"":""Point"",""coordinates"":[108.4624184869154,14.304232774419226]}"
2919,1,615,0.1928439748440336,12,83,"{""geodesic"":false,""type"":""Point"",""coordinates"":[108.50715458806457,14.200746853688656]}"
2920,1,1115,0.523793937164764,3,37,"{""geodesic"":false,""type"":""Point"",""coordinates"":[108.3775276925661,14.476709308970172]}"
2921,1,574,0.5869055106655288,5,82,"{""geodesic"":false,""type"":""Point"",""coordinates"":[108.52736668195729,14.142266528692474]}"
2922,1,1157,0.5108190001512289,24,85,"{""geodesic"":false,""type"":""Point"",""coordinates"":[108.43250458795421,14.513630067147481]}"
2923,1,1106,0.2680589364149816,7,90,"{""geodesic"":false,""type"":""Point"",""coordinates"":[108.44570982263082,14.510126637539415]}"
2925,1,745,0.15021869796508458,5,45,"{""geodesic"":false,""type"":""Point"",""coordinates"":[108.53167859532101,14.28429017511177]}"
2927,1,758,0.30208136767956717,3,47,"{""geodesic"":false,""type"":""Point"",""coordinates"":[108.6014776928971,14.329565265431391]}"
2928,1,572,0.05206995148995319,18,89,"{""geodesic"":false,""type"":""Point"",""coordinates"":[108.60013021997094,14.189967070279224]}"
2929,1,938,0.537006299591311,27,90,"{""geodesic"":false,""type"":""Point"",""coordinates"":[108.53410404658814,14.34384847844889]}"
2930,1,946,0.3302885247745557,33,94,"{""geodesic"":false,""type"":""Point"",""coordinates"":[108.44544032804555,14.202902810370539]}"
2931,1,608,0.33553494672908457,14,76,"{""geodesic"":false,""type"":""Point"",""coordinates"":[108.45056072516502,14.286715626378893]}"
2932,1,567,0.19454055177711393,10,44,"{""geodesic"":false,""type"":""Point"",""coordinates"":[108.54057191663384,14.10399829758898]}"
2933,1,609,0.6809335874286427,25,94,"{""geodesic"":false,""type"":""Point"",""coordinates"":[108.49933924509276,14.253567792394882]}"
2934,1,595,0.4004711019928857,13,78,"{""geodesic"":false,""type"":""Point"",""coordinates"":[108.50634610430888,14.198321402421534]}"
2936,1,968,0.5129646043365987,11,76,"{""geodesic"":false,""type"":""Point"",""coordinates"":[108.41633491284011,14.278091799651342]}"
2937,1,1169,0.17175109019232038,25,90,"{""geodesic"":false,""type"":""Point"",""coordinates"":[108.41283148323203,14.501233316226632]}"
2938,1,717,0.11519076957981589,28,74,"{""geodesic"":false,""type"":""Point"",""coordinates"":[108.45217769267646,14.261113640781488]}"
2939,1,898,0.251361081490867,20,97,"{""geodesic"":false,""type"":""Point"",""coordinates"":[108.3338695697579,14.37268439906913]}"
2940,1,832,0.12867736181338474,9,64,"{""geodesic"":false,""type"":""Point"",""coordinates"":[108.5785706531521,14.375109850336251]}"
2942,1,1029,0.3652762641368892,17,90,"{""geodesic"":false,""type"":""Point"",""coordinates"":[108.45433364935832,14.444100464156634]}"
2943,1,1019,0.5595706557786305,6,66,"{""geodesic"":false,""type"":""Point"",""coordinates"":[108.40501614026016,14.41256959768404]}"
2945,1,1127,0.6807546711820249,17,98,"{""geodesic"":false,""type"":""Point"",""coordinates"":[108.4217248045448,14.501233316226632]}"
2946,1,533,0.055708281186398256,22,53,"{""geodesic"":false,""type"":""Point"",""coordinates"":[108.56967733183927,14.141458044936769]}"
2947,1,505,0.7553607889969884,12,50,"{""geodesic"":false,""type"":""Point"",""coordinates"":[108.54784827043517,14.015604073631621]}"
2948,1,744,0.6207477591726738,15,99,"{""geodesic"":false,""type"":""Point"",""coordinates"":[108.47346776491008,14.271354435020449]}"
2949,1,812,0.5542516688790063,20,45,"{""geodesic"":false,""type"":""Point"",""coordinates"":[108.42657570707905,14.265695048730493]}"
2950,1,898,0.36676429053855286,3,60,"{""geodesic"":false,""type"":""Point"",""coordinates"":[108.51173599601356,14.402867792615545]}"
2951,1,565,0.2966275962116427,10,82,"{""geodesic"":false,""type"":""Point"",""coordinates"":[108.546500797509,14.085403171207709]}"
2952,1,754,0.10474519666343407,13,76,"{""geodesic"":false,""type"":""Point"",""coordinates"":[108.50769357723505,14.331990716698513]}"
2953,1,644,0.6038093267896079,8,100,"{""geodesic"":false,""type"":""Point"",""coordinates"":[108.50931054474648,14.178378803114079]}"
2954,1,901,0.09528286557990362,19,79,"{""geodesic"":false,""type"":""Point"",""coordinates"":[108.44436234970459,14.375918334091963]}"
2955,1,718,0.752535478743549,16,51,"{""geodesic"":false,""type"":""Point"",""coordinates"":[108.4246892449824,14.226618333871293]}"
2956,1,760,0.45483246125322974,4,52,"{""geodesic"":false,""type"":""Point"",""coordinates"":[108.50931054474648,14.337380608403237]}"
2957,1,659,0.061619634629091036,18,85,"{""geodesic"":false,""type"":""Point"",""coordinates"":[108.55889754842985,14.130139272356857]}"
2958,1,909,0.6425662855329999,30,89,"{""geodesic"":false,""type"":""Point"",""coordinates"":[108.33710350478077,14.357053713125453]}"
2960,1,966,0.30963657192530225,21,72,"{""geodesic"":false,""type"":""Point"",""coordinates"":[108.32389827010417,14.350855337665024]}"
2961,1,960,0.7318298593877675,5,81,"{""geodesic"":false,""type"":""Point"",""coordinates"":[108.50472913679744,14.465121041805027]}"
2963,1,711,0.07625945355034502,7,86,"{""geodesic"":false,""type"":""Point"",""coordinates"":[108.51146650142834,14.201016348273889]}"
2964,1,850,0.22289375501643993,9,75,"{""geodesic"":false,""type"":""Point"",""coordinates"":[108.60066920914142,14.410144146416911]}"
2967,1,567,0.7334775617802648,13,79,"{""geodesic"":false,""type"":""Point"",""coordinates"":[108.56563491306076,14.12286291855549]}"
2968,1,587,0.6131883288781149,20,55,"{""geodesic"":false,""type"":""Point"",""coordinates"":[108.51281397435451,14.215030066706156]}"
2969,1,760,0.15257319395249958,6,91,"{""geodesic"":false,""type"":""Point"",""coordinates"":[108.50041722343366,14.338728081329414]}"
2970,1,744,0.6453248507772484,27,78,"{""geodesic"":false,""type"":""Point"",""coordinates"":[108.44166740385225,14.257610211173422]}"
2971,1,574,0.2460154981706093,22,54,"{""geodesic"":false,""type"":""Point"",""coordinates"":[108.51281397435451,14.193470499887283]}"
2973,1,1212,0.45294757109467143,7,98,"{""geodesic"":false,""type"":""Point"",""coordinates"":[108.37806668173658,14.508240175442765]}"
2974,1,1164,0.3720070787365857,21,94,"{""geodesic"":false,""type"":""Point"",""coordinates"":[108.40609411860112,14.506353713346115]}"
2975,1,827,0.4071863277439923,7,78,"{""geodesic"":false,""type"":""Point"",""coordinates"":[108.43816397424422,14.367833496534885]}"
2976,1,837,0.7290661587413626,9,94,"{""geodesic"":false,""type"":""Point"",""coordinates"":[108.55216018379895,14.364060572341586]}"
2977,1,730,0.3270949859174299,8,92,"{""geodesic"":false,""type"":""Point"",""coordinates"":[108.47535422700673,14.270276456679504]}"
2978,1,706,0.2340375838467872,15,95,"{""geodesic"":false,""type"":""Point"",""coordinates"":[108.61683888425557,14.259766167855304]}"
2979,1,840,0.2938292812012251,14,75,"{""geodesic"":false,""type"":""Point"",""coordinates"":[108.60309466040854,14.369989453216775]}"
2980,1,596,0.664778831376423,1,58,"{""geodesic"":false,""type"":""Point"",""coordinates"":[108.44112841468177,14.278091799651342]}"
2982,1,889,0.10800099086609427,15,90,"{""geodesic"":false,""type"":""Point"",""coordinates"":[108.45298617643215,14.141458044936769]}"
2983,1,700,0.12074566828836597,6,89,"{""geodesic"":false,""type"":""Point"",""coordinates"":[108.45918455189258,14.143344507033419]}"
2984,1,983,0.5009501106550077,24,91,"{""geodesic"":false,""type"":""Point"",""coordinates"":[108.31850837839949,14.378882774529558]}"
2985,1,760,0.31029083708459215,29,90,"{""geodesic"":false,""type"":""Point"",""coordinates"":[108.44274538219321,14.247908406104926]}"
2986,1,861,0.343985955355289,4,85,"{""geodesic"":false,""type"":""Point"",""coordinates"":[108.43412155546565,14.38292519330809]}"
2987,1,646,0.2825615945027362,20,85,"{""geodesic"":false,""type"":""Point"",""coordinates"":[108.44786577931268,14.265964543315732]}"
2988,1,505,0.5369346556413087,4,41,"{""geodesic"":false,""type"":""Point"",""coordinates"":[108.54164989497474,14.157627720050918]}"
2989,1,544,0.08774444940344639,15,59,"{""geodesic"":false,""type"":""Point"",""coordinates"":[108.5125444797693,14.245752449423044]}"
2990,1,730,0.6632063720145895,12,97,"{""geodesic"":false,""type"":""Point"",""coordinates"":[108.46322697067114,14.30261580690781]}"
2992,1,561,0.699539631117122,24,55,"{""geodesic"":false,""type"":""Point"",""coordinates"":[108.54138040038953,14.203172304955778]}"
2993,1,970,0.3066802468390548,7,51,"{""geodesic"":false,""type"":""Point"",""coordinates"":[108.48936794543903,14.500963821641399]}"
2994,1,743,0.6237070839942143,15,89,"{""geodesic"":false,""type"":""Point"",""coordinates"":[108.45325567101742,14.258418694929127]}"
2995,1,626,0.4641927006005908,7,75,"{""geodesic"":false,""type"":""Point"",""coordinates"":[108.48155260246716,14.168407503460351]}"
2996,1,673,0.022834384183883394,13,89,"{""geodesic"":false,""type"":""Point"",""coordinates"":[108.45460314394359,14.366216529023468]}"
2997,1,864,0.24609940823137966,29,87,"{""geodesic"":false,""type"":""Point"",""coordinates"":[108.46673040027918,14.195626456569173]}"
2998,1,996,0.6345950517698316,24,70,"{""geodesic"":false,""type"":""Point"",""coordinates"":[108.49098491295041,14.500424832470927]}"
2999,1,672,0.13822064400294842,5,84,"{""geodesic"":false,""type"":""Point"",""coordinates"":[108.4246892449824,14.222845409677994]}"
3000,1,504,0.04872652371989372,11,48,"{""geodesic"":false,""type"":""Point"",""coordinates"":[108.60632859543136,14.178378803114079]}"
3001,1,937,0.00819650160977381,4,72,"{""geodesic"":false,""type"":""Point"",""coordinates"":[108.4944883425585,14.357053713125453]}"
3002,1,642,0.49802442165568517,9,79,"{""geodesic"":false,""type"":""Point"",""coordinates"":[108.4831695699786,14.189967070279224]}"
3003,1,552,0.1349578875641101,24,54,"{""geodesic"":false,""type"":""Point"",""coordinates"":[108.55620260257751,14.153854795857612]}"
3005,1,519,0.3429992180128316,7,64,"{""geodesic"":false,""type"":""Point"",""coordinates"":[108.5125444797693,14.217186023388038]}"
3006,1,747,0.15422337961004506,11,97,"{""geodesic"":false,""type"":""Point"",""coordinates"":[108.51416144728069,14.270545951264744]}"
3008,1,786,0.7996698021663052,14,82,"{""geodesic"":false,""type"":""Point"",""coordinates"":[108.4729287757396,14.215299561291388]}"
3009,1,1142,0.5901623362431239,13,87,"{""geodesic"":false,""type"":""Point"",""coordinates"":[108.42630621249384,14.497999381203805]}"
3010,1,609,0.023728985735911645,13,90,"{""geodesic"":false,""type"":""Point"",""coordinates"":[108.48828996709807,14.307736204027286]}"
3011,1,1068,0.2736607235147773,11,86,"{""geodesic"":false,""type"":""Point"",""coordinates"":[108.39935675397021,14.411491619343096]}"
3012,1,947,0.6141732480660841,18,55,"{""geodesic"":false,""type"":""Point"",""coordinates"":[108.44409285511938,14.380230247455735]}"
3013,1,657,0.4295682110908855,13,82,"{""geodesic"":false,""type"":""Point"",""coordinates"":[108.48209159163764,14.164634579267052]}"
3014,1,676,0.695771113332605,20,97,"{""geodesic"":false,""type"":""Point"",""coordinates"":[108.56401794554932,14.2341641822579]}"
3015,1,711,0.3167777707531263,1,82,"{""geodesic"":false,""type"":""Point"",""coordinates"":[108.48128310788195,14.253837286980115]}"
3016,1,871,0.08814234954598643,18,85,"{""geodesic"":false,""type"":""Point"",""coordinates"":[108.55189068921374,14.362713099415402]}"
3017,1,966,0.6813800186476476,13,94,"{""geodesic"":false,""type"":""Point"",""coordinates"":[108.41363996698772,14.38292519330809]}"
3018,1,1086,0.03422148133212022,4,98,"{""geodesic"":false,""type"":""Point"",""coordinates"":[108.41283148323203,14.441675012889512]}"
3020,1,707,0.6123977234153626,13,97,"{""geodesic"":false,""type"":""Point"",""coordinates"":[108.61064050879514,14.284829164282243]}"
3021,1,651,0.40874488659867836,19,89,"{""geodesic"":false,""type"":""Point"",""coordinates"":[108.49880025592228,14.051985842638459]}"
3022,1,645,0.2555419168806192,24,75,"{""geodesic"":false,""type"":""Point"",""coordinates"":[108.51281397435451,14.131486745283041]}"
3023,1,1039,0.5998844939019315,10,90,"{""geodesic"":false,""type"":""Point"",""coordinates"":[108.47427624866577,14.49503494076621]}"
3024,1,772,0.0564391575836225,13,49,"{""geodesic"":false,""type"":""Point"",""coordinates"":[108.5060766097236,14.338458586744174]}"
3025,1,780,0.1906605712387841,22,97,"{""geodesic"":false,""type"":""Point"",""coordinates"":[108.432235093369,14.224462377189411]}"
3026,1,796,0.6345229874835284,6,76,"{""geodesic"":false,""type"":""Point"",""coordinates"":[108.44436234970459,14.226079344700828]}"
3027,1,959,0.32819765551804436,9,53,"{""geodesic"":false,""type"":""Point"",""coordinates"":[108.48909845085376,14.489914543646726]}"
3031,1,775,0.49943716138312455,12,87,"{""geodesic"":false,""type"":""Point"",""coordinates"":[108.4537946601879,14.26326959746337]}"
3032,1,1011,0.4865090344975158,19,82,"{""geodesic"":false,""type"":""Point"",""coordinates"":[108.4284621691757,14.40610172763838]}"
3034,1,699,0.7012510415103543,7,97,"{""geodesic"":false,""type"":""Point"",""coordinates"":[108.48505603207525,14.2161080450471]}"
3035,1,534,0.474119662768103,11,36,"{""geodesic"":false,""type"":""Point"",""coordinates"":[108.59608780119243,14.2055977562229]}"
3037,1,683,0.4766130297506126,13,66,"{""geodesic"":false,""type"":""Point"",""coordinates"":[108.47481523783625,14.179187286869784]}"
3038,1,728,0.24221765940935724,12,52,"{""geodesic"":false,""type"":""Point"",""coordinates"":[108.47023382988726,14.198860391592007]}"
3039,1,775,0.3643497362087461,12,89,"{""geodesic"":false,""type"":""Point"",""coordinates"":[108.55647209716273,14.279439272577527]}"
3040,1,772,0.7074989921967739,15,82,"{""geodesic"":false,""type"":""Point"",""coordinates"":[108.63651198897776,14.305041258174931]}"
3041,1,1015,0.21631473238414733,8,92,"{""geodesic"":false,""type"":""Point"",""coordinates"":[108.40555512943064,14.412839092269273]}"
3042,1,745,0.19177175123210854,2,98,"{""geodesic"":false,""type"":""Point"",""coordinates"":[108.5200903281559,14.278361294236582]}"
3043,1,948,0.506522646658162,13,91,"{""geodesic"":false,""type"":""Point"",""coordinates"":[108.40851956986825,14.392357503791345]}"
3044,1,1028,0.6392718316744646,24,78,"{""geodesic"":false,""type"":""Point"",""coordinates"":[108.43061812585756,14.365138550682524]}"
3045,1,867,0.5574744938330011,9,59,"{""geodesic"":false,""type"":""Point"",""coordinates"":[108.54138040038953,14.340075554255591]}"
3046,1,530,0.004235245326019266,8,66,"{""geodesic"":false,""type"":""Point"",""coordinates"":[108.5171258877183,14.179995770625496]}"
3047,1,601,0.5433604778104442,16,47,"{""geodesic"":false,""type"":""Point"",""coordinates"":[108.47751018368865,14.293183496424554]}"
3049,1,1006,0.6741807915487666,17,46,"{""geodesic"":false,""type"":""Point"",""coordinates"":[108.45217769267646,14.44733439917946]}"
3050,1,1140,0.5272447977788192,26,95,"{""geodesic"":false,""type"":""Point"",""coordinates"":[108.4217248045448,14.506623207931348]}"
3051,1,683,0.46778573183219085,4,89,"{""geodesic"":false,""type"":""Point"",""coordinates"":[108.53383455200293,14.254645770735827]}"
3052,1,645,0.20318805805797902,5,83,"{""geodesic"":false,""type"":""Point"",""coordinates"":[108.64028491317106,14.133103712794451]}"
3054,1,707,0.32239881782463387,21,100,"{""geodesic"":false,""type"":""Point"",""coordinates"":[108.55000422711709,14.276205337554693]}"
3055,1,1058,0.04874980340014201,5,85,"{""geodesic"":false,""type"":""Point"",""coordinates"":[108.42576722332336,14.364869056097291]}"
3056,1,849,0.6339541795568712,30,78,"{""geodesic"":false,""type"":""Point"",""coordinates"":[108.4397809417556,14.371606420728185]}"
3057,1,745,0.5242397688223421,11,75,"{""geodesic"":false,""type"":""Point"",""coordinates"":[108.47104231364295,14.26326959746337]}"
3059,1,789,0.17097725752580373,18,85,"{""geodesic"":false,""type"":""Point"",""coordinates"":[108.47104231364295,14.26165262995196]}"
3060,1,524,0.47998447020192625,3,67,"{""geodesic"":false,""type"":""Point"",""coordinates"":[108.52736668195729,14.20371129412625]}"
3061,1,821,0.5470700239265863,23,76,"{""geodesic"":false,""type"":""Point"",""coordinates"":[108.45972354106306,14.201824832029601]}"
3062,1,596,0.3985791883014581,9,37,"{""geodesic"":false,""type"":""Point"",""coordinates"":[108.50823256640552,14.160861655073745]}"
3064,1,637,0.42118433550030354,15,71,"{""geodesic"":false,""type"":""Point"",""coordinates"":[108.43385206088044,14.264347575804315]}"
3065,1,683,0.6232039593862829,17,85,"{""geodesic"":false,""type"":""Point"",""coordinates"":[108.43466054463613,14.283481691356059]}"
3066,1,880,0.6807858381775848,7,94,"{""geodesic"":false,""type"":""Point"",""coordinates"":[108.49502733172898,14.350585843079791]}"
3067,1,609,0.17215773572553994,11,52,"{""geodesic"":false,""type"":""Point"",""coordinates"":[108.55000422711709,14.12906129401592]}"
3069,1,574,0.297753756724898,11,32,"{""geodesic"":false,""type"":""Point"",""coordinates"":[108.47023382988726,14.311778622805825]}"
3070,1,890,0.6665116740214739,15,68,"{""geodesic"":false,""type"":""Point"",""coordinates"":[108.4254977287381,14.389123568768518]}"
3073,1,1122,0.49556563978972756,18,82,"{""geodesic"":false,""type"":""Point"",""coordinates"":[108.4284621691757,14.505006240419938]}"
3075,1,590,0.5400770323970401,20,85,"{""geodesic"":false,""type"":""Point"",""coordinates"":[108.5276361765425,14.229313279723655]}"
3076,1,996,0.12066686172422769,6,87,"{""geodesic"":false,""type"":""Point"",""coordinates"":[108.49610531006988,14.468893965998333]}"
3078,1,595,0.049140474022079994,11,95,"{""geodesic"":false,""type"":""Point"",""coordinates"":[108.48101361329668,14.306927720271581]}"
3080,1,834,0.4815002438192211,13,97,"{""geodesic"":false,""type"":""Point"",""coordinates"":[108.47077281905774,14.243057503570682]}"
3081,1,905,0.1423523257777547,23,98,"{""geodesic"":false,""type"":""Point"",""coordinates"":[108.45163870350598,14.19724342408059]}"
3083,1,1156,0.009489150646883271,19,82,"{""geodesic"":false,""type"":""Point"",""coordinates"":[108.39854827021452,14.490184038231966]}"
3084,1,1178,0.2547881162270088,8,71,"{""geodesic"":false,""type"":""Point"",""coordinates"":[108.42361126664144,14.518750464266965]}"
3085,1,667,0.16938725398666865,8,85,"{""geodesic"":false,""type"":""Point"",""coordinates"":[108.48263058080812,14.170832954727473]}"
3086,1,1047,0.02007281182775489,18,97,"{""geodesic"":false,""type"":""Point"",""coordinates"":[108.44274538219321,14.199938369932944]}"
3087,1,764,0.09270207924495666,7,76,"{""geodesic"":false,""type"":""Point"",""coordinates"":[108.44463184428986,14.240093063133088]}"
3088,1,861,0.7955304428989922,15,32,"{""geodesic"":false,""type"":""Point"",""coordinates"":[108.45244718726167,14.198321402421534]}"
3089,1,896,0.28652921669075193,6,72,"{""geodesic"":false,""type"":""Point"",""coordinates"":[108.52413274693441,14.384811655404746]}"
3090,1,767,0.6389562113292118,5,54,"{""geodesic"":false,""type"":""Point"",""coordinates"":[108.46376595984162,14.201824832029601]}"
3091,1,883,0.7161066806941293,11,85,"{""geodesic"":false,""type"":""Point"",""coordinates"":[108.43331307170996,14.386967612086629]}"
3092,1,784,0.716339777282411,8,97,"{""geodesic"":false,""type"":""Point"",""coordinates"":[108.47643220534769,14.282673207600354]}"
3093,1,893,0.7205249237942667,7,72,"{""geodesic"":false,""type"":""Point"",""coordinates"":[108.52197679025255,14.353550283517386]}"
3094,1,637,0.638345729054284,7,72,"{""geodesic"":false,""type"":""Point"",""coordinates"":[108.49206289129137,14.19535696198394]}"
3095,1,713,0.16097065411346279,10,83,"{""geodesic"":false,""type"":""Point"",""coordinates"":[108.51308346893978,14.208292702075255]}"
3097,1,896,0.5115605027648973,23,57,"{""geodesic"":false,""type"":""Point"",""coordinates"":[108.33629502102502,14.342501005522713]}"
3098,1,816,0.5552939485502555,8,86,"{""geodesic"":false,""type"":""Point"",""coordinates"":[108.49260188046185,14.319593965777663]}"
3099,1,952,0.4108151811383083,16,97,"{""geodesic"":false,""type"":""Point"",""coordinates"":[108.42900115834618,14.397747395496069]}"
3100,1,758,0.06745378008403402,13,62,"{""geodesic"":false,""type"":""Point"",""coordinates"":[108.46430494901205,14.235781149769316]}"
3103,1,623,0.48092603450699134,13,72,"{""geodesic"":false,""type"":""Point"",""coordinates"":[108.5058071151384,14.171371943897945]}"
3105,1,619,0.08389662707500423,17,95,"{""geodesic"":false,""type"":""Point"",""coordinates"":[108.67585819842219,14.151159850005257]}"
3106,1,886,0.31565518607174425,30,97,"{""geodesic"":false,""type"":""Point"",""coordinates"":[108.46592191652348,14.220689452996105]}"
3107,1,991,0.1202202191155457,36,86,"{""geodesic"":false,""type"":""Point"",""coordinates"":[108.41929935327767,14.283212196770826]}"
3108,1,883,0.02529505763813389,12,89,"{""geodesic"":false,""type"":""Point"",""coordinates"":[108.53787697078144,14.418767973144462]}"
3109,1,545,0.5696024354287001,11,78,"{""geodesic"":false,""type"":""Point"",""coordinates"":[108.54677029209427,14.146578442056246]}"
3110,1,840,0.29435578156289055,25,90,"{""geodesic"":false,""type"":""Point"",""coordinates"":[108.47212029198391,14.241440536059265]}"
3111,1,846,0.3772433112844319,12,100,"{""geodesic"":false,""type"":""Point"",""coordinates"":[108.56213148345267,14.361635121074464]}"
3114,1,1040,0.515993962579098,28,95,"{""geodesic"":false,""type"":""Point"",""coordinates"":[108.42684520166426,14.40771869514979]}"
3115,1,977,0.40664431108120813,6,72,"{""geodesic"":false,""type"":""Point"",""coordinates"":[108.4141789561582,14.395052449643707]}"
3116,1,636,0.02121104403417895,27,100,"{""geodesic"":false,""type"":""Point"",""coordinates"":[108.4540641547731,14.294261474765499]}"
3117,1,664,0.16986596472232884,0,85,"{""geodesic"":false,""type"":""Point"",""coordinates"":[108.6410933969268,14.167329525119406]}"
3118,1,646,0.47570020092301524,17,70,"{""geodesic"":false,""type"":""Point"",""coordinates"":[108.55189068921374,14.065999561070726]}"
3119,1,1072,0.5826718435480696,7,87,"{""geodesic"":false,""type"":""Point"",""coordinates"":[108.39558382977691,14.412030608513568]}"
3120,1,540,0.6202963434936382,11,58,"{""geodesic"":false,""type"":""Point"",""coordinates"":[108.52413274693441,14.199938369932944]}"
3121,1,683,0.476269905183748,9,89,"{""geodesic"":false,""type"":""Point"",""coordinates"":[108.4831695699786,14.241979525229738]}"
3122,1,743,0.7228663463689441,11,82,"{""geodesic"":false,""type"":""Point"",""coordinates"":[108.4691558515463,14.276474832139932]}"
3123,1,581,0.06261207936939484,13,51,"{""geodesic"":false,""type"":""Point"",""coordinates"":[108.52440224151968,14.134181691135396]}"
3124,1,688,0.23272605453297324,25,89,"{""geodesic"":false,""type"":""Point"",""coordinates"":[108.48263058080812,14.232547214746482]}"
3125,1,661,0.4768934055369074,17,48,"{""geodesic"":false,""type"":""Point"",""coordinates"":[108.48478653748998,14.308275193197758]}"
3126,1,564,0.34660807728693566,24,76,"{""geodesic"":false,""type"":""Point"",""coordinates"":[108.49960873967797,14.23227772016125]}"
3128,1,549,0.7263389199676286,1,47,"{""geodesic"":false,""type"":""Point"",""coordinates"":[108.5200903281559,14.134720680305868]}"
3129,1,613,0.5242483018494145,6,45,"{""geodesic"":false,""type"":""Point"",""coordinates"":[108.52359375776393,14.195626456569173]}"
3130,1,884,0.5455901061343692,14,71,"{""geodesic"":false,""type"":""Point"",""coordinates"":[108.33360007517268,14.33549414630658]}"
3131,1,656,0.5742858419209089,16,66,"{""geodesic"":false,""type"":""Point"",""coordinates"":[108.5171258877183,14.204519777881956]}"
3132,1,870,0.7570929422569787,3,100,"{""geodesic"":false,""type"":""Point"",""coordinates"":[108.48155260246716,14.351124832250264]}"
3133,1,948,0.2595715791151145,13,89,"{""geodesic"":false,""type"":""Point"",""coordinates"":[108.40851956986825,14.392088009206113]}"
3134,1,964,0.3617323324343926,7,97,"{""geodesic"":false,""type"":""Point"",""coordinates"":[108.49933924509276,14.471319417265455]}"
3135,1,761,0.019440070729866088,18,86,"{""geodesic"":false,""type"":""Point"",""coordinates"":[108.46295747608588,14.140649561181057]}"
3136,1,621,0.44852684497815287,20,77,"{""geodesic"":false,""type"":""Point"",""coordinates"":[108.54677029209427,14.133103712794451]}"
3138,1,787,0.5055533414778417,13,97,"{""geodesic"":false,""type"":""Point"",""coordinates"":[108.4548726385288,14.247638911519694]}"
3140,1,666,0.5623040609851571,27,89,"{""geodesic"":false,""type"":""Point"",""coordinates"":[108.49853076133701,14.20748421831955]}"
3141,1,1015,0.5549168333063246,10,51,"{""geodesic"":false,""type"":""Point"",""coordinates"":[108.44005043634087,14.393165987547057]}"
3142,1,966,0.21476442188583622,7,89,"{""geodesic"":false,""type"":""Point"",""coordinates"":[108.44705729555699,14.399633857592718]}"
3143,1,953,0.4514176338635857,32,48,"{""geodesic"":false,""type"":""Point"",""coordinates"":[108.4028601835783,14.386428622916156]}"
3144,1,955,0.0894246814729075,16,78,"{""geodesic"":false,""type"":""Point"",""coordinates"":[108.322550797178,14.374570861165779]}"
3145,1,867,0.08447782033488827,8,74,"{""geodesic"":false,""type"":""Point"",""coordinates"":[108.32605422678608,14.344387467619363]}"
3146,1,1031,0.620841550614205,32,86,"{""geodesic"":false,""type"":""Point"",""coordinates"":[108.465382927353,14.436015626599556]}"
3147,1,915,0.12768461657708285,11,89,"{""geodesic"":false,""type"":""Point"",""coordinates"":[108.43789447965895,14.225001366359884]}"
3148,1,690,0.4181243882104281,8,89,"{""geodesic"":false,""type"":""Point"",""coordinates"":[108.5936623499253,14.252489814053938]}"
3149,1,700,0.30639464128161076,35,97,"{""geodesic"":false,""type"":""Point"",""coordinates"":[108.45891505730737,14.149273387908607]}"
3152,1,863,0.3063383704876028,3,78,"{""geodesic"":false,""type"":""Point"",""coordinates"":[108.48370855914908,14.318515987436726]}"
3153,1,627,0.16631983907053227,12,89,"{""geodesic"":false,""type"":""Point"",""coordinates"":[108.44813527389795,14.306388731101109]}"
3154,1,763,0.39024214283666014,17,52,"{""geodesic"":false,""type"":""Point"",""coordinates"":[108.49933924509276,14.338458586744174]}"
3156,1,706,0.0873270916982064,8,90,"{""geodesic"":false,""type"":""Point"",""coordinates"":[108.51146650142834,14.203980788711483]}"
3157,1,688,0.04850631076291423,0,43,"{""geodesic"":false,""type"":""Point"",""coordinates"":[108.54784827043517,14.287793604719838]}"
3158,1,982,0.6254519417448514,18,67,"{""geodesic"":false,""type"":""Point"",""coordinates"":[108.41363996698772,14.397747395496069]}"
3160,1,995,0.028397767024867515,3,64,"{""geodesic"":false,""type"":""Point"",""coordinates"":[108.43924195258512,14.389123568768518]}"
3161,1,1029,0.19788915935263618,17,78,"{""geodesic"":false,""type"":""Point"",""coordinates"":[108.43951144717039,14.419306962314934]}"
3162,1,981,0.038387158346693706,20,79,"{""geodesic"":false,""type"":""Point"",""coordinates"":[108.42954014751666,14.398825373837006]}"
3163,1,989,0.06289630025473014,12,49,"{""geodesic"":false,""type"":""Point"",""coordinates"":[108.44058942551129,14.39532194422894]}"
3164,1,757,0.4928820856327356,11,62,"{""geodesic"":false,""type"":""Point"",""coordinates"":[108.44786577931268,14.248177900690166]}"
3165,1,1029,0.749888063589364,25,90,"{""geodesic"":false,""type"":""Point"",""coordinates"":[108.32012534591087,14.351394326835496]}"
3166,1,999,0.33467546585526076,13,76,"{""geodesic"":false,""type"":""Point"",""coordinates"":[108.43924195258512,14.394782955058474]}"
3167,1,787,0.06386878915910477,6,63,"{""geodesic"":false,""type"":""Point"",""coordinates"":[108.45433364935832,14.201285842859129]}"
3168,1,605,0.024079192928146864,6,72,"{""geodesic"":false,""type"":""Point"",""coordinates"":[108.4510997143355,14.330373749187103]}"
3171,1,979,0.3872753538578656,6,59,"{""geodesic"":false,""type"":""Point"",""coordinates"":[108.49691379382563,14.490453532817199]}"
3174,1,811,0.4629658145331207,4,97,"{""geodesic"":false,""type"":""Point"",""coordinates"":[108.57910964232252,14.318246492851486]}"
3175,1,869,0.41966944875847134,31,71,"{""geodesic"":false,""type"":""Point"",""coordinates"":[108.32416776468943,14.388584579598046]}"
3177,1,526,0.5987130841997396,19,32,"{""geodesic"":false,""type"":""Point"",""coordinates"":[108.57533671812922,14.126635842748797]}"
3178,1,506,0.5343266169697052,3,47,"{""geodesic"":false,""type"":""Point"",""coordinates"":[108.53841595995192,14.201824832029601]}"
3181,1,860,0.17715649049131132,14,47,"{""geodesic"":false,""type"":""Point"",""coordinates"":[108.56671289140172,14.414725554365923]}"
3183,1,782,0.6115390923204893,11,76,"{""geodesic"":false,""type"":""Point"",""coordinates"":[108.4729287757396,14.214760572120916]}"
3184,1,768,0.7859647879100183,20,89,"{""geodesic"":false,""type"":""Point"",""coordinates"":[108.42522823415288,14.20748421831955]}"
3185,1,653,0.7272843350000722,5,57,"{""geodesic"":false,""type"":""Point"",""coordinates"":[108.43735549048847,14.284559669697003]}"
3187,1,673,0.19425869776967264,27,100,"{""geodesic"":false,""type"":""Point"",""coordinates"":[108.45433364935832,14.368372485705358]}"
3188,1,510,0.5958667085329074,9,44,"{""geodesic"":false,""type"":""Point"",""coordinates"":[108.57560621271449,14.159514182147568]}"
3189,1,549,0.451287127052343,10,68,"{""geodesic"":false,""type"":""Point"",""coordinates"":[108.53248707907676,14.181343243551673]}"
3190,1,1204,0.425948422752632,6,95,"{""geodesic"":false,""type"":""Point"",""coordinates"":[108.40097372148165,14.520906420948855]}"
3191,1,1001,0.6118282562065951,33,89,"{""geodesic"":false,""type"":""Point"",""coordinates"":[108.44436234970459,14.198051907836295]}"
3192,1,555,0.3554824848264806,4,48,"{""geodesic"":false,""type"":""Point"",""coordinates"":[108.51443094186595,14.185924651500684]}"
3193,1,564,0.7249347100003529,22,48,"{""geodesic"":false,""type"":""Point"",""coordinates"":[108.52359375776393,14.135798658646813]}"
3194,1,881,0.7757550438534135,11,95,"{""geodesic"":false,""type"":""Point"",""coordinates"":[108.5427278733157,14.451915807128472]}"
3196,1,754,0.0671779068009487,13,62,"{""geodesic"":false,""type"":""Point"",""coordinates"":[108.47966614037051,14.245482954837804]}"
3197,1,1098,0.672001043905952,8,98,"{""geodesic"":false,""type"":""Point"",""coordinates"":[108.42037733161862,14.440058045378095]}"
3198,1,750,0.35479959571806063,10,97,"{""geodesic"":false,""type"":""Point"",""coordinates"":[108.52817516571298,14.2551847599063]}"
3199,1,824,0.45827633675079704,15,82,"{""geodesic"":false,""type"":""Point"",""coordinates"":[108.62115079761935,14.38319468789333]}"
3200,1,719,0.05428375206848712,3,45,"{""geodesic"":false,""type"":""Point"",""coordinates"":[108.49987823426318,14.32148042787432]}"
3201,1,650,0.015374076313064977,14,100,"{""geodesic"":false,""type"":""Point"",""coordinates"":[108.48855946168328,14.199399380762472]}"
3202,1,553,0.05025977057902631,8,54,"{""geodesic"":false,""type"":""Point"",""coordinates"":[108.50257318011558,14.143883496203891]}"
3203,1,1165,0.02634422801045977,28,76,"{""geodesic"":false,""type"":""Point"",""coordinates"":[108.42253328830049,14.512013099636071]}"
3204,1,949,0.3674510032300846,14,55,"{""geodesic"":false,""type"":""Point"",""coordinates"":[108.41983834244814,14.265964543315732]}"
3205,1,1096,0.5873513063870374,16,87,"{""geodesic"":false,""type"":""Point"",""coordinates"":[108.39477534602122,14.431164724065312]}"
3206,1,570,0.1983095565134202,13,44,"{""geodesic"":false,""type"":""Point"",""coordinates"":[108.51065801767265,14.160322665903273]}"
3207,1,688,0.6061983595378025,10,90,"{""geodesic"":false,""type"":""Point"",""coordinates"":[108.51470043645116,14.201285842859129]}"
3210,1,888,0.7540454182186926,16,97,"{""geodesic"":false,""type"":""Point"",""coordinates"":[108.42388076122671,14.27566634838422]}"
3211,1,1116,0.021119579654856224,13,72,"{""geodesic"":false,""type"":""Point"",""coordinates"":[108.39261938933936,14.411222124757856]}"
3212,1,679,0.2456278313726875,2,90,"{""geodesic"":false,""type"":""Point"",""coordinates"":[108.59285386616955,14.250064362786816]}"
3213,1,1011,0.08418438443914866,17,89,"{""geodesic"":false,""type"":""Point"",""coordinates"":[108.44813527389795,14.19697392949535]}"
3214,1,620,0.22391027992036017,8,71,"{""geodesic"":false,""type"":""Point"",""coordinates"":[108.52628870361633,14.134181691135396]}"
3215,1,1040,0.3837115698898177,9,56,"{""geodesic"":false,""type"":""Point"",""coordinates"":[108.40178220523734,14.411222124757856]}"
3216,1,625,0.4662852154549304,19,45,"{""geodesic"":false,""type"":""Point"",""coordinates"":[108.53868545453719,14.140110572010585]}"
3217,1,739,0.7115962123211459,17,52,"{""geodesic"":false,""type"":""Point"",""coordinates"":[108.45514213311407,14.253837286980115]}"
3219,1,651,0.36335368449429173,17,93,"{""geodesic"":false,""type"":""Point"",""coordinates"":[108.45541162769928,14.28429017511177]}"
3221,1,1060,0.3344169225913146,13,97,"{""geodesic"":false,""type"":""Point"",""coordinates"":[108.39720079728835,14.420923929826351]}"
3222,1,821,0.17729250564210264,9,89,"{""geodesic"":false,""type"":""Point"",""coordinates"":[108.4767016999329,14.285098658867476]}"
3225,1,514,0.6362784630906461,11,40,"{""geodesic"":false,""type"":""Point"",""coordinates"":[108.55808906467416,14.171641438483185]}"
3227,1,753,0.27939613815231634,1,92,"{""geodesic"":false,""type"":""Point"",""coordinates"":[108.4548726385288,14.237128622695494]}"
3229,1,717,0.1917891146462185,13,78,"{""geodesic"":false,""type"":""Point"",""coordinates"":[108.49880025592228,14.2093706804162]}"
3230,1,1129,0.11298274499672523,8,63,"{""geodesic"":false,""type"":""Point"",""coordinates"":[108.41498743991389,14.513630067147481]}"
3231,1,620,0.27501109979809757,16,63,"{""geodesic"":false,""type"":""Point"",""coordinates"":[108.50796307182026,14.164634579267052]}"
3232,1,585,0.30361037521236334,13,45,"{""geodesic"":false,""type"":""Point"",""coordinates"":[108.51685639313308,14.23012176347936]}"
3233,1,531,0.7731736137237095,12,55,"{""geodesic"":false,""type"":""Point"",""coordinates"":[108.51874285522973,14.18296021106309]}"
3234,1,538,0.41895186467840984,15,59,"{""geodesic"":false,""type"":""Point"",""coordinates"":[108.5578195700889,14.191584037790633]}"
3235,1,573,0.3708524230354362,11,58,"{""geodesic"":false,""type"":""Point"",""coordinates"":[108.4974527829961,14.14576995830054]}"
3236,1,785,0.09995021869784748,19,74,"{""geodesic"":false,""type"":""Point"",""coordinates"":[108.4292706529314,14.2093706804162]}"
3237,1,675,0.12615170057691671,29,49,"{""geodesic"":false,""type"":""Point"",""coordinates"":[108.44490133887507,14.259496673270071]}"
3238,1,722,0.3955518622573806,4,95,"{""geodesic"":false,""type"":""Point"",""coordinates"":[108.53087011156532,14.276205337554693]}"
3239,1,643,0.10746873101660193,11,78,"{""geodesic"":false,""type"":""Point"",""coordinates"":[108.45622011145497,14.316629525340069]}"
3240,1,715,0.0893687147414507,18,64,"{""geodesic"":false,""type"":""Point"",""coordinates"":[108.43870296341464,14.246830427763989]}"
3241,1,568,0.08593383226695661,27,95,"{""geodesic"":false,""type"":""Point"",""coordinates"":[108.54730928126469,14.177570319358374]}"
3242,1,1135,0.10077815322306527,9,89,"{""geodesic"":false,""type"":""Point"",""coordinates"":[108.43519953380661,14.525487828897859]}"
3243,1,617,0.32223835183317395,16,94,"{""geodesic"":false,""type"":""Point"",""coordinates"":[108.44112841468177,14.287524110134598]}"
3244,1,1107,0.7988559661202237,10,82,"{""geodesic"":false,""type"":""Point"",""coordinates"":[108.43897245799991,14.52171490470456]}"
3245,1,884,0.1575256157668634,21,98,"{""geodesic"":false,""type"":""Point"",""coordinates"":[108.55593310799225,14.356784218540213]}"
3247,1,733,0.546381503055896,11,89,"{""geodesic"":false,""type"":""Point"",""coordinates"":[108.55135170004326,14.299381871884975]}"
3249,1,630,0.7548067181764722,8,44,"{""geodesic"":false,""type"":""Point"",""coordinates"":[108.53275657366197,14.13741562615823]}"
3250,1,532,0.6252719812695064,16,39,"{""geodesic"":false,""type"":""Point"",""coordinates"":[108.5456923137533,14.052255337223698]}"
3252,1,1007,0.03351505481944539,16,60,"{""geodesic"":false,""type"":""Point"",""coordinates"":[108.45029123057981,14.419576456900167]}"
3253,1,729,0.7954989443788084,8,90,"{""geodesic"":false,""type"":""Point"",""coordinates"":[108.50796307182026,14.210987647927617]}"
3254,1,644,0.17760984436501603,27,55,"{""geodesic"":false,""type"":""Point"",""coordinates"":[108.5136224581102,14.177300824773134]}"
3255,1,911,0.7034498815881429,16,76,"{""geodesic"":false,""type"":""Point"",""coordinates"":[108.45083021975029,14.387237106671869]}"
3256,1,950,0.5771424268464074,18,78,"{""geodesic"":false,""type"":""Point"",""coordinates"":[108.44894375765364,14.388584579598046]}"
3257,1,656,0.15188088689276136,18,49,"{""geodesic"":false,""type"":""Point"",""coordinates"":[108.44085892009656,14.263000102878138]}"
3258,1,573,0.30992817660939853,23,64,"{""geodesic"":false,""type"":""Point"",""coordinates"":[108.51739538230356,14.213413099194739]}"
3259,1,895,0.12108689503530301,3,75,"{""geodesic"":false,""type"":""Point"",""coordinates"":[108.4691558515463,14.217186023388038]}"
3260,1,818,0.14986224949865,17,51,"{""geodesic"":false,""type"":""Point"",""coordinates"":[108.49287137504706,14.320402449533375]}"
3261,1,605,0.13476104133772948,8,50,"{""geodesic"":false,""type"":""Point"",""coordinates"":[108.48721198875711,14.166521041363701]}"
3262,1,697,0.27425598922500594,24,58,"{""geodesic"":false,""type"":""Point"",""coordinates"":[108.48155260246716,14.159783676732808]}"
3263,1,960,0.512079034902978,7,68,"{""geodesic"":false,""type"":""Point"",""coordinates"":[108.44490133887507,14.416881511047812]}"
3264,1,1023,0.08923292793659132,13,92,"{""geodesic"":false,""type"":""Point"",""coordinates"":[108.47804917285907,14.499616348715222]}"
3265,1,1068,0.44197534043444664,26,94,"{""geodesic"":false,""type"":""Point"",""coordinates"":[108.33818148312167,14.376996312432901]}"
3268,1,1008,0.6261042276330656,17,90,"{""geodesic"":false,""type"":""Point"",""coordinates"":[108.44436234970459,14.407449200564557]}"
3269,1,650,0.6758700197141716,12,90,"{""geodesic"":false,""type"":""Point"",""coordinates"":[108.48882895626855,14.239823568547855]}"
3270,1,917,0.4319557178693564,19,78,"{""geodesic"":false,""type"":""Point"",""coordinates"":[108.43466054463613,14.393165987547057]}"
3271,1,749,0.11619840343061238,7,97,"{""geodesic"":false,""type"":""Point"",""coordinates"":[108.61980332469318,14.270006962094271]}"
3272,1,742,0.7723451445828071,4,72,"{""geodesic"":false,""type"":""Point"",""coordinates"":[108.46430494901205,14.259766167855304]}"
3273,1,574,0.2796202176844891,9,55,"{""geodesic"":false,""type"":""Point"",""coordinates"":[108.48640350500142,14.295608947691676]}"
3276,1,758,0.6235815857628199,3,89,"{""geodesic"":false,""type"":""Point"",""coordinates"":[108.62600170015361,14.271623929605681]}"
3277,1,849,0.5495614710082799,9,96,"{""geodesic"":false,""type"":""Point"",""coordinates"":[108.50823256640552,14.344387467619363]}"
3278,1,713,0.5024640947982992,19,59,"{""geodesic"":false,""type"":""Point"",""coordinates"":[108.42415025581192,14.226079344700828]}"
3279,1,1033,0.43081202783940775,27,90,"{""geodesic"":false,""type"":""Point"",""coordinates"":[108.32443725927465,14.298303893544038]}"
3280,1,1011,0.30248382019740916,17,91,"{""geodesic"":false,""type"":""Point"",""coordinates"":[108.44840476848316,14.19697392949535]}"
3281,1,735,0.7230708260983107,25,91,"{""geodesic"":false,""type"":""Point"",""coordinates"":[108.45244718726167,14.365408045267763]}"
3285,1,817,0.41039523388889565,7,97,"{""geodesic"":false,""type"":""Point"",""coordinates"":[108.56563491306076,14.295878442276909]}"
3286,1,974,0.29839258451272566,17,55,"{""geodesic"":false,""type"":""Point"",""coordinates"":[108.432235093369,14.396399922569884]}"
3287,1,773,0.71845101206035,18,94,"{""geodesic"":false,""type"":""Point"",""coordinates"":[108.46026253023354,14.219341980069927]}"
3288,1,754,0.6129679339215028,2,91,"{""geodesic"":false,""type"":""Point"",""coordinates"":[108.50850206099074,14.332529705868986]}"
3289,1,916,0.7162301849518176,2,100,"{""geodesic"":false,""type"":""Point"",""coordinates"":[108.40312967816351,14.385620139160451]}"
3290,1,1019,0.2035963163023854,7,76,"{""geodesic"":false,""type"":""Point"",""coordinates"":[108.45217769267646,14.451376817958]}"
3291,1,661,0.15840348036903873,11,90,"{""geodesic"":false,""type"":""Point"",""coordinates"":[108.58638599612391,14.222575915092762]}"
3292,1,721,0.22620903311307983,1,78,"{""geodesic"":false,""type"":""Point"",""coordinates"":[108.42253328830049,14.200207864518184]}"
3293,1,898,0.7781547542554182,5,52,"{""geodesic"":false,""type"":""Point"",""coordinates"":[108.475623721592,14.370258947802007]}"
3294,1,871,0.5514281368606923,16,78,"{""geodesic"":false,""type"":""Point"",""coordinates"":[108.44193689843752,14.372414904483897]}"
3295,1,599,0.09139837433171893,21,54,"{""geodesic"":false,""type"":""Point"",""coordinates"":[108.53814646536671,14.104537286759452]}"
3296,1,720,0.5680708783785116,38,87,"{""geodesic"":false,""type"":""Point"",""coordinates"":[108.45972354106306,14.284829164282243]}"
3297,1,819,0.31112523110663326,19,90,"{""geodesic"":false,""type"":""Point"",""coordinates"":[108.45541162769928,14.141997034107234]}"
3298,1,895,0.2750387477266053,6,49,"{""geodesic"":false,""type"":""Point"",""coordinates"":[108.42819267459049,14.385350644575219]}"
3300,1,1039,0.28808929986843457,12,85,"{""geodesic"":false,""type"":""Point"",""coordinates"":[108.40744159152729,14.400981330518896]}"
3301,1,625,0.3835711372215461,12,91,"{""geodesic"":false,""type"":""Point"",""coordinates"":[108.48882895626855,14.285637648037948]}"
3302,1,667,0.36903054830797977,6,67,"{""geodesic"":false,""type"":""Point"",""coordinates"":[108.52035982274111,14.237937106451206]}"
3303,1,633,0.7908138839314512,15,81,"{""geodesic"":false,""type"":""Point"",""coordinates"":[108.45217769267646,14.293183496424554]}"
3304,1,624,0.44547825485204395,10,95,"{""geodesic"":false,""type"":""Point"",""coordinates"":[108.43708599590326,14.290758045157432]}"
3305,1,1021,0.43097674643016115,20,90,"{""geodesic"":false,""type"":""Point"",""coordinates"":[108.44813527389795,14.196704434910117]}"
3306,1,1141,0.3165707953277145,7,66,"{""geodesic"":false,""type"":""Point"",""coordinates"":[108.42064682620384,14.498538370374277]}"
3307,1,879,0.01785003399437013,18,89,"{""geodesic"":false,""type"":""Point"",""coordinates"":[108.33171361307603,14.384272666234274]}"
3308,1,759,0.34389755434513203,12,44,"{""geodesic"":false,""type"":""Point"",""coordinates"":[108.46349646525636,14.306388731101109]}"
3309,1,619,0.7094813697640884,2,63,"{""geodesic"":false,""type"":""Point"",""coordinates"":[108.66319195291612,14.144691979959596]}"
3310,1,759,0.007796339276971542,16,95,"{""geodesic"":false,""type"":""Point"",""coordinates"":[108.50796307182026,14.333068695039458]}"
3311,1,1106,0.16075060572347144,13,77,"{""geodesic"":false,""type"":""Point"",""coordinates"":[108.42226379371527,14.364599561512058]}"
3312,1,1060,0.73095066431135,9,97,"{""geodesic"":false,""type"":""Point"",""coordinates"":[108.4217248045448,14.429008767383422]}"
3314,1,756,0.5669913405844608,7,88,"{""geodesic"":false,""type"":""Point"",""coordinates"":[108.5060766097236,14.332799200454225]}"
3315,1,783,0.3050948043844316,8,78,"{""geodesic"":false,""type"":""Point"",""coordinates"":[108.44651830638651,14.24278800898545]}"
3316,1,836,0.7009479464079734,12,83,"{""geodesic"":false,""type"":""Point"",""coordinates"":[108.45972354106306,14.202633315785306]}"
3317,1,973,0.199418588851779,5,97,"{""geodesic"":false,""type"":""Point"",""coordinates"":[108.42226379371527,14.270006962094271]}"
3318,1,1079,0.13281217515915578,15,97,"{""geodesic"":false,""type"":""Point"",""coordinates"":[108.40986704279442,14.424427359434418]}"
3319,1,772,0.19170309329326884,18,84,"{""geodesic"":false,""type"":""Point"",""coordinates"":[108.45648960604024,14.227965806797478]}"
3320,1,670,0.31866638194595753,27,92,"{""geodesic"":false,""type"":""Point"",""coordinates"":[108.49772227758132,14.238476095621671]}"
3321,1,648,0.7254795718447368,16,76,"{""geodesic"":false,""type"":""Point"",""coordinates"":[108.4540641547731,14.295069958521204]}"
3322,1,796,0.13207236102847308,8,97,"{""geodesic"":false,""type"":""Point"",""coordinates"":[108.57910964232252,14.308544687782998]}"
3323,1,923,0.5282455042172296,27,74,"{""geodesic"":false,""type"":""Point"",""coordinates"":[108.32308978634848,14.353819778102618]}"
3324,1,524,0.5460545432182324,7,81,"{""geodesic"":false,""type"":""Point"",""coordinates"":[108.55189068921374,14.152776817516674]}"
3325,1,656,0.5388340854170985,30,36,"{""geodesic"":false,""type"":""Point"",""coordinates"":[108.61791686259653,14.198051907836295]}"
3326,1,664,0.6874741303127127,23,100,"{""geodesic"":false,""type"":""Point"",""coordinates"":[108.47777967827386,14.210718153342384]}"
3327,1,517,0.5918856414865706,3,44,"{""geodesic"":false,""type"":""Point"",""coordinates"":[108.53572101409958,14.144152990789124]}"
3333,1,979,0.24891642077974485,12,95,"{""geodesic"":false,""type"":""Point"",""coordinates"":[108.50014772884845,14.467276998486916]}"
3334,1,768,0.5991374389306247,15,95,"{""geodesic"":false,""type"":""Point"",""coordinates"":[108.49017642919472,14.183768694818795]}"
3335,1,784,0.4790318530549098,17,98,"{""geodesic"":false,""type"":""Point"",""coordinates"":[108.45514213311407,14.210448658757144]}"
3337,1,761,0.3454626103754136,29,86,"{""geodesic"":false,""type"":""Point"",""coordinates"":[108.43385206088044,14.253837286980115]}"
3340,1,902,0.26674325935869214,10,63,"{""geodesic"":false,""type"":""Point"",""coordinates"":[108.44274538219321,14.373223388239602]}"
3341,1,541,0.2371226354834577,3,90,"{""geodesic"":false,""type"":""Point"",""coordinates"":[108.50688509347935,14.19535696198394]}"
3342,1,770,0.5215505232546844,8,58,"{""geodesic"":false,""type"":""Point"",""coordinates"":[108.62600170015361,14.30881418236823]}"
3343,1,874,0.4753685684280452,6,87,"{""geodesic"":false,""type"":""Point"",""coordinates"":[108.55728058091842,14.36864198029059]}"
3344,1,840,0.2863569168582413,36,90,"{""geodesic"":false,""type"":""Point"",""coordinates"":[108.44651830638651,14.36864198029059]}"
3346,1,597,0.19334564928086817,14,43,"{""geodesic"":false,""type"":""Point"",""coordinates"":[108.49287137504706,14.304232774419226]}"
3347,1,886,0.7060046761909341,16,100,"{""geodesic"":false,""type"":""Point"",""coordinates"":[108.42010783703341,14.385620139160451]}"
3348,1,674,0.13931370801110254,10,82,"{""geodesic"":false,""type"":""Point"",""coordinates"":[108.47751018368865,14.174066889750307]}"
3349,1,926,0.44933930682450196,32,89,"{""geodesic"":false,""type"":""Point"",""coordinates"":[108.33872047229215,14.390201547109463]}"
3352,1,589,0.32489904154871085,8,79,"{""geodesic"":false,""type"":""Point"",""coordinates"":[108.49718328841084,14.050099380541809]}"
3353,1,820,0.11675369315992101,16,89,"{""geodesic"":false,""type"":""Point"",""coordinates"":[108.4575675843812,14.136607142402518]}"
3354,1,799,0.44081535324033716,11,100,"{""geodesic"":false,""type"":""Point"",""coordinates"":[108.5136224581102,14.341692521767008]}"
3355,1,754,0.4069737513292002,26,100,"{""geodesic"":false,""type"":""Point"",""coordinates"":[108.47777967827386,14.208562196660495]}"
3356,1,569,0.2768593300930917,10,60,"{""geodesic"":false,""type"":""Point"",""coordinates"":[108.55242967838421,14.076240355309686]}"
3357,1,1148,0.05519498416606661,10,75,"{""geodesic"":false,""type"":""Point"",""coordinates"":[108.4284621691757,14.525218334312626]}"
3359,1,1090,0.3691998889824476,4,75,"{""geodesic"":false,""type"":""Point"",""coordinates"":[108.39073292724271,14.41634252187734]}"
3360,1,849,0.17387630015293887,14,56,"{""geodesic"":false,""type"":""Point"",""coordinates"":[108.58180458817492,14.414725554365923]}"
3361,1,625,0.23608171606459738,12,83,"{""geodesic"":false,""type"":""Point"",""coordinates"":[108.49960873967797,14.053872304735116]}"
3362,1,704,0.5913154931590846,8,95,"{""geodesic"":false,""type"":""Point"",""coordinates"":[108.55377715131038,14.29210551808361]}"
3364,1,543,0.06764426477983898,28,82,"{""geodesic"":false,""type"":""Point"",""coordinates"":[108.50688509347935,14.191045048620161]}"
3365,1,588,0.09949708219176512,10,48,"{""geodesic"":false,""type"":""Point"",""coordinates"":[108.4936798588028,14.302076817737337]}"
3366,1,810,0.47286096611904926,5,89,"{""geodesic"":false,""type"":""Point"",""coordinates"":[108.57048581559502,14.318246492851486]}"
3367,1,748,0.15442213662060889,14,87,"{""geodesic"":false,""type"":""Point"",""coordinates"":[108.58827245822056,14.33360768420993]}"
3368,1,924,0.25648622687348244,18,89,"{""geodesic"":false,""type"":""Point"",""coordinates"":[108.46214899233019,14.194548478228228]}"
3369,1,1095,0.147101006119724,30,85,"{""geodesic"":false,""type"":""Point"",""coordinates"":[108.42118581537432,14.361904615659697]}"
3370,1,713,0.007122423123449573,12,98,"{""geodesic"":false,""type"":""Point"",""coordinates"":[108.41579592366963,14.21799450714375]}"
3371,1,1047,0.46807575382392397,10,45,"{""geodesic"":false,""type"":""Point"",""coordinates"":[108.42280278288575,14.443022485815689]}"
3372,1,945,0.501659002565,8,74,"{""geodesic"":false,""type"":""Point"",""coordinates"":[108.3150049487914,14.377535301603373]}"
3373,1,989,0.5999470369893564,17,90,"{""geodesic"":false,""type"":""Point"",""coordinates"":[108.45056072516502,14.194278983642995]}"
3375,1,680,0.5056497665314262,9,75,"{""geodesic"":false,""type"":""Point"",""coordinates"":[108.41849086952197,14.22176743133705]}"
3377,1,890,0.5464900014744806,5,63,"{""geodesic"":false,""type"":""Point"",""coordinates"":[108.32767119429747,14.326600824993797]}"
3378,1,675,0.1268898758999779,9,55,"{""geodesic"":false,""type"":""Point"",""coordinates"":[108.4254977287381,14.220689452996105]}"
3380,1,712,0.12468150372231768,12,90,"{""geodesic"":false,""type"":""Point"",""coordinates"":[108.41606541825485,14.2055977562229]}"
3381,1,634,0.11766840561485359,7,37,"{""geodesic"":false,""type"":""Point"",""coordinates"":[108.43951144717039,14.252220319468705]}"
3382,1,877,0.6994326323337495,6,85,"{""geodesic"":false,""type"":""Point"",""coordinates"":[108.33144411849082,14.34789089722743]}"
3384,1,821,0.549827473213221,4,53,"{""geodesic"":false,""type"":""Point"",""coordinates"":[108.32713220512704,14.397747395496069]}"
3385,1,573,0.2576107694999322,22,35,"{""geodesic"":false,""type"":""Point"",""coordinates"":[108.4974527829961,14.148195409567663]}"
3386,1,562,0.3881907660159982,12,83,"{""geodesic"":false,""type"":""Point"",""coordinates"":[108.50715458806457,14.196704434910117]}"
3387,1,609,0.24455206427303,7,66,"{""geodesic"":false,""type"":""Point"",""coordinates"":[108.44193689843752,14.284559669697003]}"
3389,1,1141,0.3971102154586157,4,89,"{""geodesic"":false,""type"":""Point"",""coordinates"":[108.43951144717039,14.505814724175643]}"
3391,1,720,0.5033055983565964,10,95,"{""geodesic"":false,""type"":""Point"",""coordinates"":[108.62923563517643,14.243596492741155]}"
3392,1,763,0.4864070653226601,26,93,"{""geodesic"":false,""type"":""Point"",""coordinates"":[108.42954014751666,14.26138313536672]}"
3393,1,772,0.6717714099039725,25,97,"{""geodesic"":false,""type"":""Point"",""coordinates"":[108.49987823426318,14.34816039181267]}"
3395,1,971,0.2764060865239827,10,66,"{""geodesic"":false,""type"":""Point"",""coordinates"":[108.51065801767265,14.471858406435928]}"
3396,1,677,0.32539322160133344,7,92,"{""geodesic"":false,""type"":""Point"",""coordinates"":[108.61576090591461,14.255454254491532]}"
3397,1,780,0.49057326059681405,10,90,"{""geodesic"":false,""type"":""Point"",""coordinates"":[108.46376595984162,14.140649561181057]}"
3400,1,944,0.6157355413010497,8,96,"{""geodesic"":false,""type"":""Point"",""coordinates"":[108.49880025592228,14.36055714273352]}"
3401,1,651,0.34708108150906314,20,90,"{""geodesic"":false,""type"":""Point"",""coordinates"":[108.61603040049988,14.218264001728983]}"
3403,1,775,0.5350151243970768,3,69,"{""geodesic"":false,""type"":""Point"",""coordinates"":[108.45352516560263,14.206675734563845]}"
3404,1,1008,0.14521179922618854,21,97,"{""geodesic"":false,""type"":""Point"",""coordinates"":[108.44382336053417,14.390471041694695]}"
3406,1,1245,0.416550468728879,12,97,"{""geodesic"":false,""type"":""Point"",""coordinates"":[108.37698870339563,14.508509670028005]}"
3407,1,727,0.428081960191254,2,43,"{""geodesic"":false,""type"":""Point"",""coordinates"":[108.47077281905774,14.266234037900965]}"
3408,1,756,0.006623060286268578,7,58,"{""geodesic"":false,""type"":""Point"",""coordinates"":[108.50850206099074,14.33360768420993]}"
3410,1,1114,0.794097465364268,9,98,"{""geodesic"":false,""type"":""Point"",""coordinates"":[108.39800928104404,14.433051186161961]}"
3411,1,827,0.6125698608403602,13,87,"{""geodesic"":false,""type"":""Point"",""coordinates"":[108.45729808979593,14.13741562615823]}"
3412,1,781,0.36656676314195225,11,97,"{""geodesic"":false,""type"":""Point"",""coordinates"":[108.4540641547731,14.224462377189411]}"
3413,1,1129,0.7850863154999315,12,89,"{""geodesic"":false,""type"":""Point"",""coordinates"":[108.42118581537432,14.492070500328616]}"
3414,1,1094,0.2062728361967947,22,74,"{""geodesic"":false,""type"":""Point"",""coordinates"":[108.39450585143601,14.410952630172623]}"
3415,1,785,0.01998736476597074,12,95,"{""geodesic"":false,""type"":""Point"",""coordinates"":[108.52062931732638,14.29021905598696]}"
3416,1,1169,0.7578646372302142,14,90,"{""geodesic"":false,""type"":""Point"",""coordinates"":[108.39100242182792,14.503928262078993]}"
3419,1,615,0.42503859925221765,19,87,"{""geodesic"":false,""type"":""Point"",""coordinates"":[108.54973473253182,14.119089994362191]}"
3420,1,590,0.39911838913449293,11,71,"{""geodesic"":false,""type"":""Point"",""coordinates"":[108.48532552666046,14.154393785028084]}"
3421,1,732,0.7611800570989522,10,54,"{""geodesic"":false,""type"":""Point"",""coordinates"":[108.41390946157298,14.206675734563845]}"
3423,1,778,0.26808466758853666,7,85,"{""geodesic"":false,""type"":""Point"",""coordinates"":[108.45810657355162,14.140380066595824]}"
3424,1,566,0.2857200297001211,16,57,"{""geodesic"":false,""type"":""Point"",""coordinates"":[108.54596180833852,14.063843604388836]}"
3425,1,656,0.006298752785208084,10,45,"{""geodesic"":false,""type"":""Point"",""coordinates"":[108.47885765661482,14.181612738136906]}"
3426,1,705,0.6374350794400676,16,68,"{""geodesic"":false,""type"":""Point"",""coordinates"":[108.41390946157298,14.220419958410872]}"
3427,1,869,0.31872140741667765,3,100,"{""geodesic"":false,""type"":""Point"",""coordinates"":[108.43115711502804,14.384811655404746]}"
3428,1,881,0.5277022802281649,11,86,"{""geodesic"":false,""type"":""Point"",""coordinates"":[108.49206289129137,14.34384847844889]}"
3429,1,589,0.24782418090656522,24,64,"{""geodesic"":false,""type"":""Point"",""coordinates"":[108.51874285522973,14.213682593779978]}"
3431,1,742,0.1320426272569547,30,86,"{""geodesic"":false,""type"":""Point"",""coordinates"":[108.43439105005086,14.270006962094271]}"
3432,1,726,0.6555923321118262,15,85,"{""geodesic"":false,""type"":""Point"",""coordinates"":[108.47508473242152,14.19320100530205]}"
3434,1,802,0.4087325297725858,8,89,"{""geodesic"":false,""type"":""Point"",""coordinates"":[108.57641469647018,14.309353171538703]}"
3435,1,874,0.606634174660394,17,87,"{""geodesic"":false,""type"":""Point"",""coordinates"":[108.44220639302273,14.372145409898657]}"
3436,1,890,0.32419452262334447,3,51,"{""geodesic"":false,""type"":""Point"",""coordinates"":[108.49098491295041,14.344656962204603]}"
3437,1,593,0.25508055981386435,14,74,"{""geodesic"":false,""type"":""Point"",""coordinates"":[108.44975224140933,14.291297034327904]}"
3438,1,585,0.14578709881321605,21,45,"{""geodesic"":false,""type"":""Point"",""coordinates"":[108.61441343298844,14.125827358993085]}"
3439,1,996,0.20085963875752288,18,78,"{""geodesic"":false,""type"":""Point"",""coordinates"":[108.31608292713236,14.373492882824841]}"
3441,1,771,0.3637387553270701,13,89,"{""geodesic"":false,""type"":""Point"",""coordinates"":[108.4510997143355,14.267042521656677]}"
3442,1,881,0.11380241120886536,12,100,"{""geodesic"":false,""type"":""Point"",""coordinates"":[108.42738419083474,14.279439272577527]}"
3443,1,533,0.004217431042109587,17,58,"{""geodesic"":false,""type"":""Point"",""coordinates"":[108.51766487688877,14.179187286869784]}"
3444,1,875,0.7667943356086192,13,36,"{""geodesic"":false,""type"":""Point"",""coordinates"":[108.4510997143355,14.382386204137624]}"
3445,1,633,0.14249647879408356,18,81,"{""geodesic"":false,""type"":""Point"",""coordinates"":[108.50445964221223,14.166251546778462]}"
3446,1,743,0.019246348778145017,22,95,"{""geodesic"":false,""type"":""Point"",""coordinates"":[108.45568112228455,14.282134218429881]}"
3447,1,990,0.655676245929044,8,87,"{""geodesic"":false,""type"":""Point"",""coordinates"":[108.48209159163764,14.496651908277627]}"
3448,1,1044,0.43399958135907435,20,74,"{""geodesic"":false,""type"":""Point"",""coordinates"":[108.47804917285907,14.500155337885694]}"
3449,1,745,0.07065337212574174,3,59,"{""geodesic"":false,""type"":""Point"",""coordinates"":[108.47265928115439,14.1808042543812]}"
3450,1,800,0.564694578258096,24,95,"{""geodesic"":false,""type"":""Point"",""coordinates"":[108.56374845096411,14.320671944118608]}"
3452,1,1019,0.40072571628288534,18,87,"{""geodesic"":false,""type"":""Point"",""coordinates"":[108.44894375765364,14.4618871067822]}"
3453,1,753,0.7948503414023653,3,95,"{""geodesic"":false,""type"":""Point"",""coordinates"":[108.49421884797323,14.336033135477052]}"
3454,1,786,0.1740357428825131,16,90,"{""geodesic"":false,""type"":""Point"",""coordinates"":[108.45271668184694,14.232816709331722]}"
3455,1,633,0.6658052324422302,17,89,"{""geodesic"":false,""type"":""Point"",""coordinates"":[108.4691558515463,14.150351366249552]}"
3456,1,934,0.321200121872636,20,79,"{""geodesic"":false,""type"":""Point"",""coordinates"":[108.34006794521832,14.386159128330924]}"
3457,1,1084,0.3074470336962546,7,72,"{""geodesic"":false,""type"":""Point"",""coordinates"":[108.38830747597558,14.425505337775355]}"
3458,1,701,0.2471279670196429,33,54,"{""geodesic"":false,""type"":""Point"",""coordinates"":[108.46565242193827,14.307466709442053]}"
3459,1,694,0.660873673471028,20,100,"{""geodesic"":false,""type"":""Point"",""coordinates"":[108.48155260246716,14.233625193087427]}"
3460,1,1117,0.6464086326180406,6,60,"{""geodesic"":false,""type"":""Point"",""coordinates"":[108.38264808968563,14.481560211504416]}"
3461,1,1089,0.20152959680793725,10,87,"{""geodesic"":false,""type"":""Point"",""coordinates"":[108.39827877562931,14.421732413582056]}"
3462,1,783,0.3753534635661404,10,97,"{""geodesic"":false,""type"":""Point"",""coordinates"":[108.53437354117341,14.132025734453514]}"
3463,1,794,0.3335123907098355,22,76,"{""geodesic"":false,""type"":""Point"",""coordinates"":[108.42954014751666,14.268389994582854]}"
3465,1,782,0.44495326577011174,9,72,"{""geodesic"":false,""type"":""Point"",""coordinates"":[108.56320946179363,14.318785482021958]}"
3466,1,904,0.7491953965367665,17,52,"{""geodesic"":false,""type"":""Point"",""coordinates"":[108.41606541825485,14.38777609584234]}"
3467,1,719,0.23266373027714482,9,98,"{""geodesic"":false,""type"":""Point"",""coordinates"":[108.5947403282662,14.288602088475542]}"
3468,1,988,0.7568803113205336,7,45,"{""geodesic"":false,""type"":""Point"",""coordinates"":[108.44031993092608,14.388045590427573]}"
3469,1,1127,0.7081866090946421,2,76,"{""geodesic"":false,""type"":""Point"",""coordinates"":[108.43843346882943,14.504467251249466]}"
3470,1,735,0.11830094138814728,5,97,"{""geodesic"":false,""type"":""Point"",""coordinates"":[108.52736668195729,14.257340716588182]}"
3471,1,852,0.35322760506938256,8,51,"{""geodesic"":false,""type"":""Point"",""coordinates"":[108.56617390223124,14.36028764814828]}"
3472,1,1023,0.7628611217915723,18,85,"{""geodesic"":false,""type"":""Point"",""coordinates"":[108.4066331077716,14.412839092269273]}"
3473,1,728,0.7040233060216704,7,86,"{""geodesic"":false,""type"":""Point"",""coordinates"":[108.47643220534769,14.276474832139932]}"
3474,1,561,0.5797045340053572,6,44,"{""geodesic"":false,""type"":""Point"",""coordinates"":[108.50823256640552,14.133373207379691]}"
3475,1,962,0.47454075654154637,21,55,"{""geodesic"":false,""type"":""Point"",""coordinates"":[108.42388076122671,14.39154902003564]}"
3476,1,1029,0.3293248537172737,23,90,"{""geodesic"":false,""type"":""Point"",""coordinates"":[108.40555512943064,14.397747395496069]}"
3477,1,634,0.004703246302661945,17,67,"{""geodesic"":false,""type"":""Point"",""coordinates"":[108.54677029209427,14.082977719940587]}"
3478,1,874,0.5675200832755793,16,100,"{""geodesic"":false,""type"":""Point"",""coordinates"":[108.32497624844513,14.391010030865168]}"
3479,1,678,0.13395579879370945,5,85,"{""geodesic"":false,""type"":""Point"",""coordinates"":[108.52467173610489,14.2409015468888]}"
3480,1,576,0.04673007439460308,14,94,"{""geodesic"":false,""type"":""Point"",""coordinates"":[108.49206289129137,14.154932774198556]}"
3481,1,1012,0.5449807044640659,1,75,"{""geodesic"":false,""type"":""Point"",""coordinates"":[108.4217248045448,14.39532194422894]}"
3482,1,697,0.6600574220298658,21,82,"{""geodesic"":false,""type"":""Point"",""coordinates"":[108.41956884786293,14.2161080450471]}"
3483,1,685,0.011732120735838514,3,51,"{""geodesic"":false,""type"":""Point"",""coordinates"":[108.41849086952197,14.220958947581344]}"
3484,1,550,0.1815539465925693,23,87,"{""geodesic"":false,""type"":""Point"",""coordinates"":[108.579648631493,14.179187286869784]}"
3485,1,803,0.5561016176879562,15,75,"{""geodesic"":false,""type"":""Point"",""coordinates"":[108.51119700684313,14.341692521767008]}"
3486,1,867,0.2568766101100173,16,30,"{""geodesic"":false,""type"":""Point"",""coordinates"":[108.45217769267646,14.198321402421534]}"
3487,1,694,0.4904543766581855,7,97,"{""geodesic"":false,""type"":""Point"",""coordinates"":[108.5977047687038,14.262730608292898]}"
3489,1,913,0.3670701218422061,16,90,"{""geodesic"":false,""type"":""Point"",""coordinates"":[108.42064682620384,14.38966255793899]}"
3491,1,852,0.37084766416087456,27,90,"{""geodesic"":false,""type"":""Point"",""coordinates"":[108.46376595984162,14.19535696198394]}"
3492,1,797,0.36697199936195457,18,100,"{""geodesic"":false,""type"":""Point"",""coordinates"":[108.49691379382563,14.34816039181267]}"
3493,1,677,0.06373626603997862,20,90,"{""geodesic"":false,""type"":""Point"",""coordinates"":[108.49718328841084,14.22823530138271]}"
3494,1,692,0.7556431821305676,3,68,"{""geodesic"":false,""type"":""Point"",""coordinates"":[108.55081271087278,14.293722485595026]}"
3495,1,957,0.47920306924636336,16,74,"{""geodesic"":false,""type"":""Point"",""coordinates"":[108.43007913668714,14.376996312432901]}"
3496,1,565,0.7035901480948732,12,74,"{""geodesic"":false,""type"":""Point"",""coordinates"":[108.50392065304175,14.128252810260207]}"
3497,1,762,0.7205947045381438,11,71,"{""geodesic"":false,""type"":""Point"",""coordinates"":[108.45972354106306,14.22850479596795]}"
3498,1,1122,0.636946656846291,20,76,"{""geodesic"":false,""type"":""Point"",""coordinates"":[108.43277408253948,14.518211475096493]}"
3499,1,607,0.6958727757030512,1,85,"{""geodesic"":false,""type"":""Point"",""coordinates"":[108.48613401041615,14.30261580690781]}"
3500,1,630,0.4138188166471046,6,70,"{""geodesic"":false,""type"":""Point"",""coordinates"":[108.48586451583094,14.187811113597334]}"
3501,1,720,0.41397114617345687,3,59,"{""geodesic"":false,""type"":""Point"",""coordinates"":[108.47993563495572,14.251681330298233]}"
3502,1,643,0.5684877490800128,12,76,"{""geodesic"":false,""type"":""Point"",""coordinates"":[108.4500217359946,14.253567792394882]}"
3504,1,839,0.012834761494631697,9,90,"{""geodesic"":false,""type"":""Point"",""coordinates"":[108.46403545442683,14.195626456569173]}"
3507,1,627,0.07514429428261338,20,32,"{""geodesic"":false,""type"":""Point"",""coordinates"":[108.44085892009656,14.291297034327904]}"
3509,1,533,0.021363746012586393,21,76,"{""geodesic"":false,""type"":""Point"",""coordinates"":[108.54407534624187,14.179995770625496]}"
3510,1,897,0.3780719107997397,23,89,"{""geodesic"":false,""type"":""Point"",""coordinates"":[108.52251577942303,14.345465445960308]}"
3511,1,707,0.6400046356713582,24,62,"{""geodesic"":false,""type"":""Point"",""coordinates"":[108.42495873956761,14.226618333871293]}"
3512,1,914,0.7621221585495863,6,78,"{""geodesic"":false,""type"":""Point"",""coordinates"":[108.5098495339169,14.402598298030313]}"
3513,1,1124,0.588047740386509,11,98,"{""geodesic"":false,""type"":""Point"",""coordinates"":[108.42334177205623,14.514708045488426]}"
3516,1,816,0.10292019990221801,19,82,"{""geodesic"":false,""type"":""Point"",""coordinates"":[108.46969484071678,14.241710030644505]}"
3517,1,786,0.38107557466304365,30,85,"{""geodesic"":false,""type"":""Point"",""coordinates"":[108.46026253023354,14.22823530138271]}"
3518,1,602,0.20373412222750276,11,82,"{""geodesic"":false,""type"":""Point"",""coordinates"":[108.51443094186595,14.164634579267052]}"
3519,1,1149,0.1548555675211125,6,97,"{""geodesic"":false,""type"":""Point"",""coordinates"":[108.44005043634087,14.53033873143211]}"
3520,1,669,0.7274199021892317,14,54,"{""geodesic"":false,""type"":""Point"",""coordinates"":[108.4540641547731,14.317168514510541]}"
3523,1,1171,0.5297801234354894,17,91,"{""geodesic"":false,""type"":""Point"",""coordinates"":[108.3802226384185,14.500963821641399]}"
3524,1,950,0.7068328029005092,13,89,"{""geodesic"":false,""type"":""Point"",""coordinates"":[108.44517083346034,14.401250825104128]}"
3525,1,774,0.5798818682205527,7,90,"{""geodesic"":false,""type"":""Point"",""coordinates"":[108.45056072516502,14.232816709331722]}"
3526,1,598,0.17428759080565948,10,95,"{""geodesic"":false,""type"":""Point"",""coordinates"":[108.5276361765425,14.232008225576017]}"
3527,1,678,0.17768995177596025,14,98,"{""geodesic"":false,""type"":""Point"",""coordinates"":[108.61522191674413,14.265964543315732]}"
3528,1,684,0.7033947134527172,23,42,"{""geodesic"":false,""type"":""Point"",""coordinates"":[108.48559502124573,14.159244687562335]}"
3529,1,934,0.2097585960341296,8,63,"{""geodesic"":false,""type"":""Point"",""coordinates"":[108.4936798588028,14.357592702295925]}"
3531,1,798,0.10881957475437287,7,78,"{""geodesic"":false,""type"":""Point"",""coordinates"":[108.50742408264983,14.337919597573702]}"
3533,1,869,0.5788187836364534,9,89,"{""geodesic"":false,""type"":""Point"",""coordinates"":[108.5532381621399,14.404215265541723]}"
3535,1,523,0.02483311656131504,3,69,"{""geodesic"":false,""type"":""Point"",""coordinates"":[108.52628870361633,14.19912988617724]}"
3536,1,801,0.40901312887489705,6,66,"{""geodesic"":false,""type"":""Point"",""coordinates"":[108.44517083346034,14.24251851440021]}"
3538,1,622,0.738793720628204,28,82,"{""geodesic"":false,""type"":""Point"",""coordinates"":[108.51658689854781,14.212335120853794]}"
3539,1,904,0.1410891543331665,12,76,"{""geodesic"":false,""type"":""Point"",""coordinates"":[108.33171361307603,14.330373749187103]}"
3543,1,729,0.06857684991678792,1,74,"{""geodesic"":false,""type"":""Point"",""coordinates"":[108.475623721592,14.26919847833856]}"
3544,1,690,0.4893183969474355,26,89,"{""geodesic"":false,""type"":""Point"",""coordinates"":[108.50796307182026,14.203441799541011]}"
3545,1,610,0.5755499389713918,8,33,"{""geodesic"":false,""type"":""Point"",""coordinates"":[108.44651830638651,14.281864723844649]}"
3547,1,1104,0.7521983188127465,15,81,"{""geodesic"":false,""type"":""Point"",""coordinates"":[108.3839955626118,14.424427359434418]}"
3549,1,634,0.38429117124232826,34,45,"{""geodesic"":false,""type"":""Point"",""coordinates"":[108.4936798588028,14.278900283407054]}"
3550,1,1003,0.5988538228354884,13,97,"{""geodesic"":false,""type"":""Point"",""coordinates"":[108.47643220534769,14.410952630172623]}"
3552,1,939,0.4384760966951837,18,77,"{""geodesic"":false,""type"":""Point"",""coordinates"":[108.45136920892077,14.194817972813468]}"
3553,1,930,0.35644794226387533,12,74,"{""geodesic"":false,""type"":""Point"",""coordinates"":[108.40690260235681,14.385620139160451]}"
3554,1,694,0.3181361914593025,7,100,"{""geodesic"":false,""type"":""Point"",""coordinates"":[108.59851325245955,14.271893424190921]}"
3555,1,792,0.5078888266678792,13,100,"{""geodesic"":false,""type"":""Point"",""coordinates"":[108.57318076144736,14.306927720271581]}"
3556,1,1015,0.645186590136435,13,100,"{""geodesic"":false,""type"":""Point"",""coordinates"":[108.42765368542001,14.406910211394084]}"
3557,1,715,0.6034296501922641,9,97,"{""geodesic"":false,""type"":""Point"",""coordinates"":[108.49772227758132,14.212065626268561]}"
3558,1,774,0.4416921813318434,19,97,"{""geodesic"":false,""type"":""Point"",""coordinates"":[108.47346776491008,14.21583855046186]}"
3559,1,931,0.6570329500978609,1,90,"{""geodesic"":false,""type"":""Point"",""coordinates"":[108.4217248045448,14.384542160819507]}"
3562,1,971,0.635648807963658,8,97,"{""geodesic"":false,""type"":""Point"",""coordinates"":[108.50041722343366,14.470780428094983]}"
3563,1,913,0.28504602442999405,23,59,"{""geodesic"":false,""type"":""Point"",""coordinates"":[108.43412155546565,14.369719958631535]}"
3565,1,728,0.2148929777674966,3,55,"{""geodesic"":false,""type"":""Point"",""coordinates"":[108.4651134327678,14.273510391702338]}"
3567,1,1003,0.3043601624648612,11,97,"{""geodesic"":false,""type"":""Point"",""coordinates"":[108.45541162769928,14.423888370263946]}"
3568,1,851,0.37381829947680456,7,44,"{""geodesic"":false,""type"":""Point"",""coordinates"":[108.56617390223124,14.429547756553895]}"
3569,1,1045,0.507515072341358,13,79,"{""geodesic"":false,""type"":""Point"",""coordinates"":[108.40393816191926,14.38966255793899]}"
3570,1,1014,0.34001036827849684,20,90,"{""geodesic"":false,""type"":""Point"",""coordinates"":[108.40555512943064,14.380499742040968]}"
3571,1,676,0.2847649007508941,13,72,"{""geodesic"":false,""type"":""Point"",""coordinates"":[108.48586451583094,14.231199741820305]}"
3572,1,874,0.4023572173439154,6,58,"{""geodesic"":false,""type"":""Point"",""coordinates"":[108.43439105005086,14.387506601257101]}"
3576,1,622,0.7958542332647351,12,74,"{""geodesic"":false,""type"":""Point"",""coordinates"":[108.48532552666046,14.157358225465678]}"
3577,1,570,0.7336255289103109,10,33,"{""geodesic"":false,""type"":""Point"",""coordinates"":[108.51200549059882,14.165173568437524]}"
3579,1,698,0.6155222746353659,10,89,"{""geodesic"":false,""type"":""Point"",""coordinates"":[108.54919574336134,14.282942702185593]}"
3580,1,661,0.1801880823342109,2,76,"{""geodesic"":false,""type"":""Point"",""coordinates"":[108.45056072516502,14.26138313536672]}"
3581,1,560,0.7289012402067029,18,95,"{""geodesic"":false,""type"":""Point"",""coordinates"":[108.51416144728069,14.161670138829457]}"
3582,1,753,0.603681978632033,13,97,"{""geodesic"":false,""type"":""Point"",""coordinates"":[108.50149520177462,14.330912738357576]}"
3583,1,916,0.49983849745669606,8,52,"{""geodesic"":false,""type"":""Point"",""coordinates"":[108.52062931732638,14.350585843079791]}"
3584,1,1029,0.5020409570632068,20,85,"{""geodesic"":false,""type"":""Point"",""coordinates"":[108.40501614026016,14.40205930885984]}"
3585,1,774,0.3452397805986862,10,62,"{""geodesic"":false,""type"":""Point"",""coordinates"":[108.50796307182026,14.336572124647525]}"
3586,1,731,0.2898724586631227,34,98,"{""geodesic"":false,""type"":""Point"",""coordinates"":[108.48855946168328,14.280786745503704]}"
3587,1,794,0.2440346547642307,16,90,"{""geodesic"":false,""type"":""Point"",""coordinates"":[108.45029123057981,14.216647034217573]}"
3588,1,1071,0.061157429484365644,8,97,"{""geodesic"":false,""type"":""Point"",""coordinates"":[108.45837606813689,14.427661294457245]}"
3589,1,761,0.2251534624405419,3,95,"{""geodesic"":false,""type"":""Point"",""coordinates"":[108.46053202481875,14.2551847599063]}"
3591,1,780,0.7761430378346909,6,97,"{""geodesic"":false,""type"":""Point"",""coordinates"":[108.45163870350598,14.238206601036438]}"
3592,1,721,0.5409977995587596,19,98,"{""geodesic"":false,""type"":""Point"",""coordinates"":[108.4209163207891,14.21799450714375]}"
3593,1,781,0.20598224423412792,8,53,"{""geodesic"":false,""type"":""Point"",""coordinates"":[108.44867426306837,14.239554073962616]}"
3595,1,739,0.08282653682107066,10,95,"{""geodesic"":false,""type"":""Point"",""coordinates"":[108.5966267903629,14.30881418236823]}"
3597,1,557,0.1591923488532201,22,45,"{""geodesic"":false,""type"":""Point"",""coordinates"":[108.55431614048086,14.174875373506012]}"
3598,1,546,0.5193052283803841,2,31,"{""geodesic"":false,""type"":""Point"",""coordinates"":[108.5171258877183,14.144961474544829]}"
3599,1,521,0.20038427135766035,1,93,"{""geodesic"":false,""type"":""Point"",""coordinates"":[108.51766487688877,14.1845771785745]}"
3600,1,634,0.6474229412111255,16,100,"{""geodesic"":false,""type"":""Point"",""coordinates"":[108.48451704290477,14.14765642039719]}"
3602,1,681,0.6495179950352291,6,62,"{""geodesic"":false,""type"":""Point"",""coordinates"":[108.42522823415288,14.220150463825632]}"
3603,1,984,0.18637358019995487,11,71,"{""geodesic"":false,""type"":""Point"",""coordinates"":[108.43466054463613,14.403406781786018]}"
3604,1,699,0.43942120152142106,15,62,"{""geodesic"":false,""type"":""Point"",""coordinates"":[108.47481523783625,14.181343243551673]}"
3605,1,542,0.1533236317415676,25,82,"{""geodesic"":false,""type"":""Point"",""coordinates"":[108.51820386605925,14.179726276040256]}"
3606,1,663,0.3094004280924655,13,94,"{""geodesic"":false,""type"":""Point"",""coordinates"":[108.49583581548467,14.196165445739645]}"
3608,1,790,0.3129305055561883,5,97,"{""geodesic"":false,""type"":""Point"",""coordinates"":[108.62276776513073,14.272701907946626]}"
3609,1,927,0.5914954493483571,16,90,"{""geodesic"":false,""type"":""Point"",""coordinates"":[108.44624881180124,14.198321402421534]}"
3610,1,760,0.6213862562544217,5,76,"{""geodesic"":false,""type"":""Point"",""coordinates"":[108.4586455627221,14.231738730990777]}"
3611,1,1022,0.09320952472608413,14,93,"{""geodesic"":false,""type"":""Point"",""coordinates"":[108.40528563484543,14.401520319689368]}"
3612,1,748,0.13745706917608447,3,90,"{""geodesic"":false,""type"":""Point"",""coordinates"":[108.62249827054552,14.284559669697003]}"
3615,1,685,0.7297878111486004,18,60,"{""geodesic"":false,""type"":""Point"",""coordinates"":[108.47643220534769,14.17433638433554]}"
3617,1,755,0.160740262775793,11,97,"{""geodesic"":false,""type"":""Point"",""coordinates"":[108.59420133909578,14.319863460362903]}"
3618,1,766,0.34185786479736546,7,86,"{""geodesic"":false,""type"":""Point"",""coordinates"":[108.50068671801893,14.105076275929925]}"
3619,1,934,0.11918509634507735,20,78,"{""geodesic"":false,""type"":""Point"",""coordinates"":[108.44948274682412,14.38319468789333]}"
3621,1,580,0.2746610944715826,19,83,"{""geodesic"":false,""type"":""Point"",""coordinates"":[108.63112209727308,14.15169883917573]}"
3622,1,1125,0.19010564374272787,11,96,"{""geodesic"":false,""type"":""Point"",""coordinates"":[108.40771108611256,14.451107323372767]}"
3623,1,756,0.5639628359864767,15,87,"{""geodesic"":false,""type"":""Point"",""coordinates"":[108.46026253023354,14.244135481911627]}"
3624,1,643,0.53794683432355,22,72,"{""geodesic"":false,""type"":""Point"",""coordinates"":[108.48478653748998,14.186194146085917]}"
3625,1,845,0.6160769687922298,7,67,"{""geodesic"":false,""type"":""Point"",""coordinates"":[108.3292881618089,14.361635121074464]}"
3626,1,842,0.35834285586837256,15,47,"{""geodesic"":false,""type"":""Point"",""coordinates"":[108.58396054485678,14.411761113928328]}"
3629,1,754,0.41044965019388957,4,100,"{""geodesic"":false,""type"":""Point"",""coordinates"":[108.50284267470079,14.210179164171912]}"
3630,1,723,0.16179792618130018,9,74,"{""geodesic"":false,""type"":""Point"",""coordinates"":[108.43762498507374,14.281864723844649]}"
3631,1,728,0.06465643527063814,24,54,"{""geodesic"":false,""type"":""Point"",""coordinates"":[108.56240097803794,14.27782230506611]}"
3632,1,566,0.058368394416314584,12,44,"{""geodesic"":false,""type"":""Point"",""coordinates"":[108.56401794554932,14.190236564864456]}"
3633,1,936,0.568852225430119,34,76,"{""geodesic"":false,""type"":""Point"",""coordinates"":[108.3255152376156,14.363521583171114]}"
3634,1,1004,0.6874989004049862,6,71,"{""geodesic"":false,""type"":""Point"",""coordinates"":[108.42253328830049,14.37915226911479]}"
3636,1,634,0.04479311398965069,13,86,"{""geodesic"":false,""type"":""Point"",""coordinates"":[108.44948274682412,14.252489814053938]}"
3637,1,587,0.2337322430525247,3,76,"{""geodesic"":false,""type"":""Point"",""coordinates"":[108.49853076133701,14.171910933068418]}"
3638,1,933,0.019051710415949774,16,92,"{""geodesic"":false,""type"":""Point"",""coordinates"":[108.42711469624953,14.391279525450408]}"
3639,1,677,0.7498966406397843,17,94,"{""geodesic"":false,""type"":""Point"",""coordinates"":[108.4944883425585,14.206945229149078]}"
3640,1,1018,0.5616933967595731,17,98,"{""geodesic"":false,""type"":""Point"",""coordinates"":[108.4540641547731,14.425774832360595]}"
3641,1,803,0.5966681409707814,9,90,"{""geodesic"":false,""type"":""Point"",""coordinates"":[108.48748148334238,14.324983857482387]}"
3642,1,802,0.26086616488452374,15,100,"{""geodesic"":false,""type"":""Point"",""coordinates"":[108.51874285522973,14.334416167965642]}"
3643,1,1142,0.597427931323807,13,54,"{""geodesic"":false,""type"":""Point"",""coordinates"":[108.43681650131799,14.4971908974481]}"
3644,1,704,0.4021480150481954,24,86,"{""geodesic"":false,""type"":""Point"",""coordinates"":[108.62411523805696,14.247638911519694]}"
3645,1,576,0.055715263161280504,16,100,"{""geodesic"":false,""type"":""Point"",""coordinates"":[108.52817516571298,14.228774290553183]}"
3646,1,907,0.1366182298359313,15,89,"{""geodesic"":false,""type"":""Point"",""coordinates"":[108.43250458795421,14.383464182478562]}"
3647,1,806,0.6239426501693044,6,52,"{""geodesic"":false,""type"":""Point"",""coordinates"":[108.45083021975029,14.206136745393373]}"
3648,1,769,0.3761266882565868,35,98,"{""geodesic"":false,""type"":""Point"",""coordinates"":[108.42064682620384,14.204250283296723]}"
3650,1,773,0.11925355929305237,13,76,"{""geodesic"":false,""type"":""Point"",""coordinates"":[108.47077281905774,14.1808042543812]}"
3652,1,539,0.1374889151263894,21,45,"{""geodesic"":false,""type"":""Point"",""coordinates"":[108.53949393829288,14.198860391592007]}"
3653,1,762,0.7352554614762906,15,90,"{""geodesic"":false,""type"":""Point"",""coordinates"":[108.61872534635222,14.278091799651342]}"
3654,1,949,0.6205212069179465,24,87,"{""geodesic"":false,""type"":""Point"",""coordinates"":[108.41822137493676,14.265964543315732]}"
3655,1,691,0.5643846890686863,34,89,"{""geodesic"":false,""type"":""Point"",""coordinates"":[108.45433364935832,14.369989453216775]}"
3657,1,959,0.5477948896116994,14,76,"{""geodesic"":false,""type"":""Point"",""coordinates"":[108.4209163207891,14.382655698722857]}"
3658,1,669,0.733005240342945,20,85,"{""geodesic"":false,""type"":""Point"",""coordinates"":[108.44813527389795,14.264886564974788]}"
3659,1,696,0.7553449307858313,13,82,"{""geodesic"":false,""type"":""Point"",""coordinates"":[108.47373725949535,14.175414362676484]}"
3661,1,540,0.13770990875930733,11,51,"{""geodesic"":false,""type"":""Point"",""coordinates"":[108.61683888425557,14.025036384114877]}"
3662,1,578,0.43842464663285796,25,52,"{""geodesic"":false,""type"":""Point"",""coordinates"":[108.52251577942303,14.199399380762472]}"
3665,1,666,0.600500544760435,8,43,"{""geodesic"":false,""type"":""Point"",""coordinates"":[108.43897245799991,14.261922124537193]}"
3666,1,532,0.7352251710214112,21,45,"{""geodesic"":false,""type"":""Point"",""coordinates"":[108.53949393829288,14.196434940324878]}"
3667,1,598,0.009137092214644538,11,51,"{""geodesic"":false,""type"":""Point"",""coordinates"":[108.49044592377993,14.155202268783796]}"
3670,1,863,0.7339512359417645,14,90,"{""geodesic"":false,""type"":""Point"",""coordinates"":[108.42954014751666,14.309622666123943]}"
3672,1,961,0.23031175878464683,5,31,"{""geodesic"":false,""type"":""Point"",""coordinates"":[108.47616271076242,14.402598298030313]}"
3673,1,1097,0.0704738724942614,6,97,"{""geodesic"":false,""type"":""Point"",""coordinates"":[108.4292706529314,14.462695590537905]}"
3674,1,670,0.7734165880740521,12,94,"{""geodesic"":false,""type"":""Point"",""coordinates"":[108.49718328841084,14.206406239978605]}"
3675,1,884,0.6070849279721992,15,78,"{""geodesic"":false,""type"":""Point"",""coordinates"":[108.43061812585756,14.387237106671869]}"
3676,1,1087,0.6298985685750539,14,96,"{""geodesic"":false,""type"":""Point"",""coordinates"":[108.4066331077716,14.445986926253283]}"
3677,1,890,0.6845423730668361,24,97,"{""geodesic"":false,""type"":""Point"",""coordinates"":[108.46376595984162,14.194009489057756]}"
3678,1,550,0.2545440921161807,16,52,"{""geodesic"":false,""type"":""Point"",""coordinates"":[108.51577841479212,14.178648297699311]}"
3680,1,729,0.025962604918411736,25,82,"{""geodesic"":false,""type"":""Point"",""coordinates"":[108.45163870350598,14.261922124537193]}"
3681,1,784,0.6916419553681419,16,78,"{""geodesic"":false,""type"":""Point"",""coordinates"":[108.49772227758132,14.338997575914647]}"
3682,1,543,0.05429389364967574,12,89,"{""geodesic"":false,""type"":""Point"",""coordinates"":[108.54623130292379,14.147117431226718]}"
3683,1,1164,0.43695926149755104,10,98,"{""geodesic"":false,""type"":""Point"",""coordinates"":[108.39288888392457,14.485333135697722]}"
3684,1,766,0.5716999482806879,17,89,"{""geodesic"":false,""type"":""Point"",""coordinates"":[108.44166740385225,14.258149200343894]}"
3685,1,875,0.5317611886079953,19,85,"{""geodesic"":false,""type"":""Point"",""coordinates"":[108.50904105016122,14.351124832250264]}"
3686,1,864,0.08174518591203428,29,86,"{""geodesic"":false,""type"":""Point"",""coordinates"":[108.42684520166426,14.269467972923799]}"
3687,1,578,0.7692389552425942,20,55,"{""geodesic"":false,""type"":""Point"",""coordinates"":[108.51847336064446,14.213952088365211]}"
3688,1,1136,0.3771151530605319,19,87,"{""geodesic"":false,""type"":""Point"",""coordinates"":[108.43789447965895,14.534650644795882]}"
3689,1,772,0.43399341433860084,13,97,"{""geodesic"":false,""type"":""Point"",""coordinates"":[108.45352516560263,14.224192882604171]}"
3690,1,827,0.7626745426315591,39,97,"{""geodesic"":false,""type"":""Point"",""coordinates"":[108.44544032804555,14.36891147487583]}"
3691,1,561,0.022204828595605464,9,83,"{""geodesic"":false,""type"":""Point"",""coordinates"":[108.55485512965134,14.137954615328702]}"
3692,1,592,0.14162661239028507,6,89,"{""geodesic"":false,""type"":""Point"",""coordinates"":[108.54488382999762,14.117203532265542]}"
3693,1,1143,0.5150190560117892,32,84,"{""geodesic"":false,""type"":""Point"",""coordinates"":[108.41902985869245,14.491531511158144]}"
3694,1,591,0.31249036314078005,25,58,"{""geodesic"":false,""type"":""Point"",""coordinates"":[108.556741591748,14.067886023167375]}"
3695,1,555,0.6570615546774203,2,61,"{""geodesic"":false,""type"":""Point"",""coordinates"":[108.51416144728069,14.185655156915445]}"
3696,1,843,0.2076858272727008,10,92,"{""geodesic"":false,""type"":""Point"",""coordinates"":[108.53410404658814,14.353550283517386]}"
3697,1,922,0.4295822497306183,8,89,"{""geodesic"":false,""type"":""Point"",""coordinates"":[108.40447715108974,14.384811655404746]}"
3699,1,673,0.027069824706915657,6,47,"{""geodesic"":false,""type"":""Point"",""coordinates"":[108.52143780108207,14.240093063133088]}"
3700,1,891,0.3968475529056773,22,55,"{""geodesic"":false,""type"":""Point"",""coordinates"":[108.56024502135602,14.420654435241111]}"
3701,1,763,0.7130277968275083,17,50,"{""geodesic"":false,""type"":""Point"",""coordinates"":[108.46214899233019,14.219072485484695]}"
3702,1,860,0.47155968850457486,10,60,"{""geodesic"":false,""type"":""Point"",""coordinates"":[108.43924195258512,14.226618333871293]}"
3703,1,1021,0.5699215818922524,10,90,"{""geodesic"":false,""type"":""Point"",""coordinates"":[108.44570982263082,14.408257684320262]}"
3704,1,1215,0.5451612370078158,4,97,"{""geodesic"":false,""type"":""Point"",""coordinates"":[108.38696000304935,14.52360136680121]}"
3705,1,1137,0.6407256475778191,16,95,"{""geodesic"":false,""type"":""Point"",""coordinates"":[108.4209163207891,14.508509670028005]}"
3706,1,575,0.17328789278079637,20,51,"{""geodesic"":false,""type"":""Point"",""coordinates"":[108.52440224151968,14.193739994472523]}"
3707,1,731,0.04287081845415852,14,95,"{""geodesic"":false,""type"":""Point"",""coordinates"":[108.53491253034389,14.261113640781488]}"
3708,1,870,0.7708013313414194,17,82,"{""geodesic"":false,""type"":""Point"",""coordinates"":[108.44005043634087,14.22850479596795]}"
3709,1,631,0.715515381941115,10,45,"{""geodesic"":false,""type"":""Point"",""coordinates"":[108.43412155546565,14.258418694929127]}"
3710,1,665,0.11220872692893535,3,85,"{""geodesic"":false,""type"":""Point"",""coordinates"":[108.6410933969268,14.166521041363701]}"
3711,1,1036,0.38972367864594515,16,98,"{""geodesic"":false,""type"":""Point"",""coordinates"":[108.46080151940401,14.437632594110973]}"
3714,1,947,0.10127973583650007,24,95,"{""geodesic"":false,""type"":""Point"",""coordinates"":[108.4540641547731,14.189158586523511]}"
3715,1,998,0.15316540740298312,12,76,"{""geodesic"":false,""type"":""Point"",""coordinates"":[108.44220639302273,14.41418656519545]}"
3716,1,730,0.17438932863146916,11,91,"{""geodesic"":false,""type"":""Point"",""coordinates"":[108.47427624866577,14.192931510716818]}"
3717,1,618,0.7261987832994072,22,59,"{""geodesic"":false,""type"":""Point"",""coordinates"":[108.51443094186595,14.17622284643219]}"
3718,1,787,0.05098715084218752,16,78,"{""geodesic"":false,""type"":""Point"",""coordinates"":[108.46969484071678,14.144422485374363]}"
3719,1,934,0.324078859487688,22,68,"{""geodesic"":false,""type"":""Point"",""coordinates"":[108.44570982263082,14.37268439906913]}"
3720,1,841,0.4848630947563043,13,90,"{""geodesic"":false,""type"":""Point"",""coordinates"":[108.44975224140933,14.220419958410872]}"
3721,1,641,0.18015910256218293,20,82,"{""geodesic"":false,""type"":""Point"",""coordinates"":[108.54191938956001,14.11235262973129]}"
3722,1,941,0.6774712992103553,5,82,"{""geodesic"":false,""type"":""Point"",""coordinates"":[108.51443094186595,14.472936384776872]}"
3724,1,736,0.4399714144367173,23,81,"{""geodesic"":false,""type"":""Point"",""coordinates"":[108.45837606813689,14.142805517862946]}"
3726,1,683,0.5106736917458162,11,51,"{""geodesic"":false,""type"":""Point"",""coordinates"":[108.49017642919472,14.235511655184077]}"
3727,1,780,0.39248205685666215,3,89,"{""geodesic"":false,""type"":""Point"",""coordinates"":[108.57048581559502,14.313395590317242]}"
3728,1,607,0.290442914354595,9,54,"{""geodesic"":false,""type"":""Point"",""coordinates"":[108.50634610430888,14.171371943897945]}"
3730,1,665,0.6512549081118925,25,71,"{""geodesic"":false,""type"":""Point"",""coordinates"":[108.43627751214757,14.249794868201583]}"
3732,1,554,0.5763080571426343,15,52,"{""geodesic"":false,""type"":""Point"",""coordinates"":[108.51793437147398,14.242249019814977]}"
3734,1,849,0.08471902994352809,5,87,"{""geodesic"":false,""type"":""Point"",""coordinates"":[108.4804746241262,14.315821041584364]}"
3735,1,758,0.7698567027628959,15,44,"{""geodesic"":false,""type"":""Point"",""coordinates"":[108.45244718726167,14.235781149769316]}"
3737,1,514,0.44028678785014963,5,37,"{""geodesic"":false,""type"":""Point"",""coordinates"":[108.57183328852119,14.11828151060648]}"
3738,1,704,0.7337152575666643,9,90,"{""geodesic"":false,""type"":""Point"",""coordinates"":[108.5529686675547,14.242249019814977]}"
3739,1,1021,0.13634985165131397,1,89,"{""geodesic"":false,""type"":""Point"",""coordinates"":[108.42576722332336,14.376457323262436]}"
3741,1,1115,0.538469398008827,15,90,"{""geodesic"":false,""type"":""Point"",""coordinates"":[108.39073292724271,14.424427359434418]}"
3742,1,852,0.6055368267616139,9,30,"{""geodesic"":false,""type"":""Point"",""coordinates"":[108.45918455189258,14.202902810370539]}"
3743,1,837,0.7195805227407495,7,44,"{""geodesic"":false,""type"":""Point"",""coordinates"":[108.62142029220456,14.38939306335375]}"
3745,1,861,0.6779849826902348,4,78,"{""geodesic"":false,""type"":""Point"",""coordinates"":[108.47993563495572,14.348699380983142]}"
3746,1,910,0.14164942018203386,25,91,"{""geodesic"":false,""type"":""Point"",""coordinates"":[108.44166740385225,14.220419958410872]}"
3747,1,576,0.28747434142938366,10,45,"{""geodesic"":false,""type"":""Point"",""coordinates"":[108.5540466458956,14.076779344480158]}"
3748,1,542,0.5460844157397083,16,43,"{""geodesic"":false,""type"":""Point"",""coordinates"":[108.52116830649686,14.214760572120916]}"
3750,1,815,0.30280353670928906,10,92,"{""geodesic"":false,""type"":""Point"",""coordinates"":[108.44894375765364,14.243057503570682]}"
3751,1,702,0.03667354443890891,4,53,"{""geodesic"":false,""type"":""Point"",""coordinates"":[108.48236108622285,14.254645770735827]}"
3752,1,749,0.06551821621302545,7,74,"{""geodesic"":false,""type"":""Point"",""coordinates"":[108.49880025592228,14.336572124647525]}"
3754,1,607,0.6104640761766967,15,37,"{""geodesic"":false,""type"":""Point"",""coordinates"":[108.55000422711709,14.06896400150832]}"
3755,1,747,0.44501577722767016,25,89,"{""geodesic"":false,""type"":""Point"",""coordinates"":[108.4880204725128,14.182151727307378]}"
3756,1,548,0.26275119944253056,15,55,"{""geodesic"":false,""type"":""Point"",""coordinates"":[108.55512462423656,14.143883496203891]}"
3758,1,904,0.5203534957263227,12,82,"{""geodesic"":false,""type"":""Point"",""coordinates"":[108.43493003922134,14.39154902003564]}"
3759,1,733,0.6168667083325012,13,86,"{""geodesic"":false,""type"":""Point"",""coordinates"":[108.4661914111087,14.274588370043276]}"
3762,1,860,0.3866972168371231,14,82,"{""geodesic"":false,""type"":""Point"",""coordinates"":[108.45244718726167,14.144152990789124]}"
3763,1,709,0.3602823853577437,3,59,"{""geodesic"":false,""type"":""Point"",""coordinates"":[108.53060061698011,14.273240897117098]}"
3765,1,600,0.29728004834365684,11,95,"{""geodesic"":false,""type"":""Point"",""coordinates"":[108.44678780097172,14.264886564974788]}"
3766,1,682,0.603761254039931,8,97,"{""geodesic"":false,""type"":""Point"",""coordinates"":[108.51092751225787,14.198590897006767]}"
3767,1,598,0.6657648847345637,11,89,"{""geodesic"":false,""type"":""Point"",""coordinates"":[108.48155260246716,14.150620860834785]}"
3768,1,1013,0.698576317850936,24,90,"{""geodesic"":false,""type"":""Point"",""coordinates"":[108.42684520166426,14.408796673490734]}"
3769,1,793,0.21661840168369872,13,78,"{""geodesic"":false,""type"":""Point"",""coordinates"":[108.49853076133701,14.338997575914647]}"
3770,1,792,0.7317431489157808,2,97,"{""geodesic"":false,""type"":""Point"",""coordinates"":[108.4548726385288,14.255993243662004]}"
3771,1,981,0.651321610316711,9,97,"{""geodesic"":false,""type"":""Point"",""coordinates"":[108.51038852308739,14.472936384776872]}"
3772,1,679,0.5463128704329081,10,79,"{""geodesic"":false,""type"":""Point"",""coordinates"":[108.48451704290477,14.238476095621671]}"
3773,1,754,0.012677807900460691,28,97,"{""geodesic"":false,""type"":""Point"",""coordinates"":[108.4907154183652,14.183229705648323]}"
3774,1,563,0.49504678541628067,16,45,"{""geodesic"":false,""type"":""Point"",""coordinates"":[108.50769357723505,14.257610211173422]}"
3775,1,748,0.599713814674395,5,89,"{""geodesic"":false,""type"":""Point"",""coordinates"":[108.62007281927839,14.270545951264744]}"
3776,1,843,0.3537389318378339,19,32,"{""geodesic"":false,""type"":""Point"",""coordinates"":[108.44570982263082,14.244135481911627]}"
3777,1,645,0.03481534147165355,8,76,"{""geodesic"":false,""type"":""Point"",""coordinates"":[108.48209159163764,14.189428081108751]}"
3778,1,883,0.009031805464210674,5,90,"{""geodesic"":false,""type"":""Point"",""coordinates"":[108.4944883425585,14.34789089722743]}"
3779,1,613,0.0017680113659777064,5,42,"{""geodesic"":false,""type"":""Point"",""coordinates"":[108.45029123057981,14.28617663720842]}"
3780,1,732,0.49113948613418745,6,90,"{""geodesic"":false,""type"":""Point"",""coordinates"":[108.46861686237582,14.181882232722145]}"
3781,1,698,0.7128287031176187,19,82,"{""geodesic"":false,""type"":""Point"",""coordinates"":[108.45810657355162,14.145500463715301]}"
3782,1,771,0.5203172207090667,7,74,"{""geodesic"":false,""type"":""Point"",""coordinates"":[108.46430494901205,14.202633315785306]}"
3783,1,685,0.2554662075337579,7,97,"{""geodesic"":false,""type"":""Point"",""coordinates"":[108.59797426328907,14.267042521656677]}"
3784,1,620,0.020126285330868576,5,45,"{""geodesic"":false,""type"":""Point"",""coordinates"":[108.55997552677081,14.06519107731502]}"
3785,1,602,0.16320579542630098,9,100,"{""geodesic"":false,""type"":""Point"",""coordinates"":[108.48963744002424,14.285368153452715]}"
3786,1,744,0.20698373686926597,19,97,"{""geodesic"":false,""type"":""Point"",""coordinates"":[108.48155260246716,14.272432413361393]}"
3787,1,683,0.6529044964632511,6,71,"{""geodesic"":false,""type"":""Point"",""coordinates"":[108.47831866744434,14.172719416824123]}"
3792,1,934,0.1372113682153805,24,97,"{""geodesic"":false,""type"":""Point"",""coordinates"":[108.43142660961331,14.382386204137624]}"
3793,1,704,0.34275152333357994,11,86,"{""geodesic"":false,""type"":""Point"",""coordinates"":[108.61468292757365,14.240093063133088]}"
3794,1,628,0.4777233203494343,17,74,"{""geodesic"":false,""type"":""Point"",""coordinates"":[108.48290007539333,14.165712557607996]}"
3795,1,719,0.4216689426146316,27,76,"{""geodesic"":false,""type"":""Point"",""coordinates"":[108.43816397424422,14.254106781565355]}"
3796,1,1169,0.3180314607396989,11,97,"{""geodesic"":false,""type"":""Point"",""coordinates"":[108.40043473231117,14.488836565305782]}"
3798,1,629,0.058129728577734574,5,92,"{""geodesic"":false,""type"":""Point"",""coordinates"":[108.58396054485678,14.241440536059265]}"
3799,1,677,0.6366744834567725,19,100,"{""geodesic"":false,""type"":""Point"",""coordinates"":[108.43358256629517,14.282942702185593]}"
3800,1,691,0.26747441039845754,7,90,"{""geodesic"":false,""type"":""Point"",""coordinates"":[108.57884014773731,14.225270860945116]}"
3801,1,711,0.6658730191635407,12,100,"{""geodesic"":false,""type"":""Point"",""coordinates"":[108.55081271087278,14.275127359213748]}"
3802,1,668,0.515889360289564,3,83,"{""geodesic"":false,""type"":""Point"",""coordinates"":[108.64136289151202,14.165982052193229]}"
3803,1,738,0.5409527845661757,28,100,"{""geodesic"":false,""type"":""Point"",""coordinates"":[108.43789447965895,14.258149200343894]}"
3804,1,949,0.31645905029702304,10,89,"{""geodesic"":false,""type"":""Point"",""coordinates"":[108.4575675843812,14.400442341348423]}"
3805,1,842,0.03852255100788671,3,76,"{""geodesic"":false,""type"":""Point"",""coordinates"":[108.56994682642454,14.364599561512058]}"
3806,1,1132,0.09286680226553368,9,82,"{""geodesic"":false,""type"":""Point"",""coordinates"":[108.39881776479973,14.482907684430593]}"
3807,1,581,0.7804976746606542,16,45,"{""geodesic"":false,""type"":""Point"",""coordinates"":[108.51874285522973,14.241440536059265]}"
3808,1,651,0.6744230090131317,8,39,"{""geodesic"":false,""type"":""Point"",""coordinates"":[108.57910964232252,14.25680172741771]}"
3809,1,846,0.5082641404338001,34,90,"{""geodesic"":false,""type"":""Point"",""coordinates"":[108.44867426306837,14.209909669586672]}"
3810,1,1000,0.2663874964344938,1,45,"{""geodesic"":false,""type"":""Point"",""coordinates"":[108.46592191652348,14.434668153673378]}"
3811,1,952,0.6642796076708403,24,85,"{""geodesic"":false,""type"":""Point"",""coordinates"":[108.33898996687742,14.386159128330924]}"
3813,1,706,0.6494978248018076,30,94,"{""geodesic"":false,""type"":""Point"",""coordinates"":[108.47023382988726,14.303424290663514]}"
3815,1,683,0.4564018512747672,8,95,"{""geodesic"":false,""type"":""Point"",""coordinates"":[108.42603671790857,14.216377539632333]}"
3816,1,731,0.13529368204035375,13,37,"{""geodesic"":false,""type"":""Point"",""coordinates"":[108.47508473242152,14.1950874673987]}"
3817,1,744,0.09631079652570707,25,55,"{""geodesic"":false,""type"":""Point"",""coordinates"":[108.43654700673278,14.276744326725165]}"
3820,1,1136,0.7733071717796544,6,86,"{""geodesic"":false,""type"":""Point"",""coordinates"":[108.43654700673278,14.529530247676398]}"
3822,1,933,0.2294920152131953,21,64,"{""geodesic"":false,""type"":""Point"",""coordinates"":[108.32443725927465,14.374301366580546]}"
3824,1,598,0.2534930338285377,24,61,"{""geodesic"":false,""type"":""Point"",""coordinates"":[108.48397805373429,14.154932774198556]}"
3825,1,1017,0.5923602085482993,4,94,"{""geodesic"":false,""type"":""Point"",""coordinates"":[108.40528563484543,14.412030608513568]}"
3826,1,513,0.1154905490472743,10,55,"{""geodesic"":false,""type"":""Point"",""coordinates"":[108.54623130292379,14.037163640450487]}"
3828,1,532,0.3678098454570423,9,63,"{""geodesic"":false,""type"":""Point"",""coordinates"":[108.5171258877183,14.180265265210728]}"
3830,1,930,0.6981440698155476,24,83,"{""geodesic"":false,""type"":""Point"",""coordinates"":[108.4540641547731,14.13714613157299]}"
3831,1,848,0.7376794727733679,15,100,"{""geodesic"":false,""type"":""Point"",""coordinates"":[108.59824375787429,14.362982594000641]}"
3833,1,881,0.3961009044801638,20,82,"{""geodesic"":false,""type"":""Point"",""coordinates"":[108.3263237213713,14.364330066926819]}"
3835,1,726,0.4782723771044054,5,76,"{""geodesic"":false,""type"":""Point"",""coordinates"":[108.52925314405394,14.280786745503704]}"
3836,1,749,0.42409335801383574,6,87,"{""geodesic"":false,""type"":""Point"",""coordinates"":[108.49502733172898,14.338189092158942]}"
3837,1,914,0.6597585864679428,18,51,"{""geodesic"":false,""type"":""Point"",""coordinates"":[108.42441975039719,14.38966255793899]}"
3838,1,1195,0.09129472177602771,5,90,"{""geodesic"":false,""type"":""Point"",""coordinates"":[108.39288888392457,14.508509670028005]}"
3839,1,662,0.3293100974394202,7,54,"{""geodesic"":false,""type"":""Point"",""coordinates"":[108.47858816202955,14.17460587892078]}"
3840,1,965,0.7881833935662392,13,77,"{""geodesic"":false,""type"":""Point"",""coordinates"":[108.41633491284011,14.40017284676319]}"
3841,1,872,0.37683740234914154,12,54,"{""geodesic"":false,""type"":""Point"",""coordinates"":[108.44085892009656,14.380499742040968]}"
3842,1,1198,0.40228597117589215,11,89,"{""geodesic"":false,""type"":""Point"",""coordinates"":[108.39019393807223,14.50527573500517]}"
3843,1,941,0.3185210067273083,7,63,"{""geodesic"":false,""type"":""Point"",""coordinates"":[108.44624881180124,14.373762377410074]}"
3844,1,802,0.13919468752285358,18,97,"{""geodesic"":false,""type"":""Point"",""coordinates"":[108.4982612667518,14.341153532596536]}"
3845,1,821,0.0607000896606632,7,76,"{""geodesic"":false,""type"":""Point"",""coordinates"":[108.43439105005086,14.273510391702338]}"
3846,1,680,0.5795668756482403,11,95,"{""geodesic"":false,""type"":""Point"",""coordinates"":[108.49502733172898,14.305580247345404]}"
3847,1,710,0.423708374568846,7,78,"{""geodesic"":false,""type"":""Point"",""coordinates"":[108.42253328830049,14.219072485484695]}"
3849,1,844,0.6239178410099356,7,85,"{""geodesic"":false,""type"":""Point"",""coordinates"":[108.48748148334238,14.344926456789835]}"
3850,1,743,0.4997355691947175,25,31,"{""geodesic"":false,""type"":""Point"",""coordinates"":[108.44085892009656,14.260574651611016]}"
3851,1,706,0.5333541786947343,9,94,"{""geodesic"":false,""type"":""Point"",""coordinates"":[108.5136224581102,14.201016348273889]}"
3852,1,698,0.7905626153824423,8,72,"{""geodesic"":false,""type"":""Point"",""coordinates"":[108.42684520166426,14.215299561291388]}"
3854,1,743,0.3097030340100906,8,89,"{""geodesic"":false,""type"":""Point"",""coordinates"":[108.47508473242152,14.278091799651342]}"
3855,1,634,0.17989601892264662,2,85,"{""geodesic"":false,""type"":""Point"",""coordinates"":[108.51092751225787,14.173258405994595]}"
3856,1,887,0.07620379798809085,20,76,"{""geodesic"":false,""type"":""Point"",""coordinates"":[108.3252457430304,14.365408045267763]}"
3857,1,688,0.6087745388114246,8,90,"{""geodesic"":false,""type"":""Point"",""coordinates"":[108.5163174039626,14.19724342408059]}"
3858,1,952,0.3486683748322611,16,74,"{""geodesic"":false,""type"":""Point"",""coordinates"":[108.41983834244814,14.400711835933663]}"
3860,1,579,0.16677572858305512,6,52,"{""geodesic"":false,""type"":""Point"",""coordinates"":[108.4917933967061,14.16220912799993]}"
3862,1,1013,0.5471345891732516,15,31,"{""geodesic"":false,""type"":""Point"",""coordinates"":[108.41256198864681,14.397208406325596]}"
3863,1,1039,0.36742203588593936,10,97,"{""geodesic"":false,""type"":""Point"",""coordinates"":[108.40447715108974,14.395052449643707]}"
3864,1,643,0.28780117038212316,13,67,"{""geodesic"":false,""type"":""Point"",""coordinates"":[108.44975224140933,14.283212196770826]}"
3865,1,769,0.09945987465990125,4,78,"{""geodesic"":false,""type"":""Point"",""coordinates"":[108.44705729555699,14.239284579377383]}"
3866,1,651,0.42190330029625966,6,98,"{""geodesic"":false,""type"":""Point"",""coordinates"":[108.48586451583094,14.236589633525021]}"
3867,1,821,0.46386022692819906,6,97,"{""geodesic"":false,""type"":""Point"",""coordinates"":[108.61818635718174,14.29857338812927]}"
3868,1,948,0.5499073687502866,7,100,"{""geodesic"":false,""type"":""Point"",""coordinates"":[108.44894375765364,14.39154902003564]}"
3869,1,539,0.010896845955857715,11,71,"{""geodesic"":false,""type"":""Point"",""coordinates"":[108.53787697078144,14.208831691245727]}"
3870,1,523,0.057194801506159965,12,96,"{""geodesic"":false,""type"":""Point"",""coordinates"":[108.60066920914142,14.215299561291388]}"
3871,1,757,0.5530433147107996,21,79,"{""geodesic"":false,""type"":""Point"",""coordinates"":[108.49314086963233,14.324714362897147]}"
3872,1,709,0.030516055960900568,13,47,"{""geodesic"":false,""type"":""Point"",""coordinates"":[108.49475783714371,14.134181691135396]}"
3874,1,522,0.7564571448452238,3,58,"{""geodesic"":false,""type"":""Point"",""coordinates"":[108.5136224581102,14.224731871774644]}"
3875,1,898,0.42169780930788203,24,89,"{""geodesic"":false,""type"":""Point"",""coordinates"":[108.3368340101955,14.34223151093748]}"
3876,1,554,0.33215505393420197,13,45,"{""geodesic"":false,""type"":""Point"",""coordinates"":[108.56779086974262,14.139571582840112]}"
3877,1,532,0.48896778283877573,11,100,"{""geodesic"":false,""type"":""Point"",""coordinates"":[108.53679899244054,14.180534759795968]}"
3878,1,730,0.7724407617312241,5,85,"{""geodesic"":false,""type"":""Point"",""coordinates"":[108.50823256640552,14.211526637098089]}"
3880,1,969,0.4812769651450278,8,59,"{""geodesic"":false,""type"":""Point"",""coordinates"":[108.41363996698772,14.393165987547057]}"
3882,1,697,0.758052246587038,20,96,"{""geodesic"":false,""type"":""Point"",""coordinates"":[108.54030242204857,14.127713821089735]}"
3883,1,1098,0.44885052195454456,13,43,"{""geodesic"":false,""type"":""Point"",""coordinates"":[108.3915414109984,14.413917070610218]}"
3884,1,984,0.7650870294710642,25,89,"{""geodesic"":false,""type"":""Point"",""coordinates"":[108.43277408253948,14.361096131903992]}"
3885,1,1089,0.057076282438180526,12,37,"{""geodesic"":false,""type"":""Point"",""coordinates"":[108.39208040016888,14.41418656519545]}"
3886,1,872,0.22987482516614355,11,85,"{""geodesic"":false,""type"":""Point"",""coordinates"":[108.33360007517268,14.365947034438236]}"
3888,1,847,0.2699765677426049,16,94,"{""geodesic"":false,""type"":""Point"",""coordinates"":[108.43843346882943,14.364330066926819]}"
3889,1,695,0.6728742089421024,28,100,"{""geodesic"":false,""type"":""Point"",""coordinates"":[108.53626000327006,14.12906129401592]}"
3890,1,866,0.11285828576374757,8,96,"{""geodesic"":false,""type"":""Point"",""coordinates"":[108.62061180844887,14.377804796188613]}"
3891,1,803,0.7903760528876205,15,90,"{""geodesic"":false,""type"":""Point"",""coordinates"":[108.43034863127235,14.213682593779978]}"
3892,1,606,0.17098626100782632,23,93,"{""geodesic"":false,""type"":""Point"",""coordinates"":[108.50176469635983,14.30261580690781]}"
3893,1,714,0.2504534233050807,8,85,"{""geodesic"":false,""type"":""Point"",""coordinates"":[108.57884014773731,14.289141077646015]}"
3894,1,1000,0.32578462808236863,7,97,"{""geodesic"":false,""type"":""Point"",""coordinates"":[108.44382336053417,14.385350644575219]}"
3895,1,706,0.592345032302213,27,97,"{""geodesic"":false,""type"":""Point"",""coordinates"":[108.42037733161862,14.217186023388038]}"
3896,1,973,0.5605679619315931,24,45,"{""geodesic"":false,""type"":""Point"",""coordinates"":[108.44085892009656,14.397477900910829]}"
3897,1,738,0.22013974323570884,26,59,"{""geodesic"":false,""type"":""Point"",""coordinates"":[108.4246892449824,14.2161080450471]}"
3900,1,902,0.6366422389546221,4,83,"{""geodesic"":false,""type"":""Point"",""coordinates"":[108.33225260224651,14.331182232942808]}"
3901,1,948,0.2084372472446182,7,94,"{""geodesic"":false,""type"":""Point"",""coordinates"":[108.5012257071894,14.479943243992999]}"
3904,1,1065,0.6470083221054184,13,96,"{""geodesic"":false,""type"":""Point"",""coordinates"":[108.42684520166426,14.431973207821017]}"
3905,1,541,0.5287018912696031,7,89,"{""geodesic"":false,""type"":""Point"",""coordinates"":[108.50715458806457,14.195626456569173]}"
3906,1,683,0.5259533421946982,14,81,"{""geodesic"":false,""type"":""Point"",""coordinates"":[108.61603040049988,14.245752449423044]}"
3907,1,720,0.400677231799621,12,81,"{""geodesic"":false,""type"":""Point"",""coordinates"":[108.43789447965895,14.281325734674176]}"
3913,1,750,0.2936998177320719,15,89,"{""geodesic"":false,""type"":""Point"",""coordinates"":[108.62546271098313,14.26758151082715]}"
3914,1,643,0.6629512351154164,12,72,"{""geodesic"":false,""type"":""Point"",""coordinates"":[108.48397805373429,14.191045048620161]}"
3916,1,660,0.6470799939533435,11,49,"{""geodesic"":false,""type"":""Point"",""coordinates"":[108.48855946168328,14.189967070279224]}"
3917,1,582,0.5973284043352426,6,49,"{""geodesic"":false,""type"":""Point"",""coordinates"":[108.49206289129137,14.165982052193229]}"
3918,1,960,0.26684276056984146,11,51,"{""geodesic"":false,""type"":""Point"",""coordinates"":[108.4397809417556,14.399633857592718]}"
3919,1,648,0.18506209596883105,16,89,"{""geodesic"":false,""type"":""Point"",""coordinates"":[108.48209159163764,14.165173568437524]}"
3920,1,854,0.03029106426181505,5,57,"{""geodesic"":false,""type"":""Point"",""coordinates"":[108.4767016999329,14.343039994693186]}"
3921,1,1202,0.3809124842384044,12,85,"{""geodesic"":false,""type"":""Point"",""coordinates"":[108.38157011134467,14.506623207931348]}"
3923,1,855,0.5856476260069092,11,54,"{""geodesic"":false,""type"":""Point"",""coordinates"":[108.48936794543903,14.351124832250264]}"
3924,1,684,0.5758677320017626,10,87,"{""geodesic"":false,""type"":""Point"",""coordinates"":[108.55566361340703,14.214221582950444]}"
3928,1,675,0.08984182406370833,13,95,"{""geodesic"":false,""type"":""Point"",""coordinates"":[108.54596180833852,14.20964017500144]}"
3929,1,863,0.5487656183834945,10,88,"{""geodesic"":false,""type"":""Point"",""coordinates"":[108.48101361329668,14.350585843079791]}"
3930,1,984,0.3341866706269907,27,71,"{""geodesic"":false,""type"":""Point"",""coordinates"":[108.32362877551896,14.364599561512058]}"
3932,1,673,0.3312820386030032,7,55,"{""geodesic"":false,""type"":""Point"",""coordinates"":[108.42765368542001,14.222575915092762]}"
3933,1,1034,0.31633256751578265,12,89,"{""geodesic"":false,""type"":""Point"",""coordinates"":[108.45541162769928,14.426313821531068]}"
3934,1,1160,0.7880212739841842,12,90,"{""geodesic"":false,""type"":""Point"",""coordinates"":[108.39477534602122,14.478326276481589]}"
3935,1,945,0.15900018071891064,1,63,"{""geodesic"":false,""type"":""Point"",""coordinates"":[108.49772227758132,14.360018153563047]}"
3936,1,1017,0.3064071297313189,9,55,"{""geodesic"":false,""type"":""Point"",""coordinates"":[108.4500217359946,14.40771869514979]}"
3939,1,795,0.60331243564583,14,88,"{""geodesic"":false,""type"":""Point"",""coordinates"":[108.41956884786293,14.205058767052428]}"
3940,1,913,0.07300884217094139,41,87,"{""geodesic"":false,""type"":""Point"",""coordinates"":[108.33818148312167,14.391279525450408]}"
3941,1,593,0.37570216759721486,17,82,"{""geodesic"":false,""type"":""Point"",""coordinates"":[108.50176469635983,14.164904073852284]}"
3943,1,814,0.35254972525297024,5,97,"{""geodesic"":false,""type"":""Point"",""coordinates"":[108.61414393840323,14.302885301493042]}"
3945,1,768,0.4640093783470072,16,97,"{""geodesic"":false,""type"":""Point"",""coordinates"":[108.589889425732,14.299920861055448]}"
3946,1,735,0.6240801964991631,14,95,"{""geodesic"":false,""type"":""Point"",""coordinates"":[108.61953383010791,14.267851005412382]}"
3947,1,600,0.6360304594288998,28,47,"{""geodesic"":false,""type"":""Point"",""coordinates"":[108.62788816225026,14.14765642039719]}"
3948,1,678,0.29359168511434064,9,93,"{""geodesic"":false,""type"":""Point"",""coordinates"":[108.5427278733157,14.2446744710821]}"
3949,1,997,0.4905758363163387,7,98,"{""geodesic"":false,""type"":""Point"",""coordinates"":[108.46592191652348,14.426313821531068]}"
3950,1,702,0.04195958331208027,30,90,"{""geodesic"":false,""type"":""Point"",""coordinates"":[108.45244718726167,14.260574651611016]}"
3951,1,650,0.7519820180203527,12,58,"{""geodesic"":false,""type"":""Point"",""coordinates"":[108.5238632523492,14.236589633525021]}"
3952,1,723,0.7162981350191352,11,97,"{""geodesic"":false,""type"":""Point"",""coordinates"":[108.48855946168328,14.183768694818795]}"
3953,1,609,0.683410725663795,15,57,"{""geodesic"":false,""type"":""Point"",""coordinates"":[108.44436234970459,14.270545951264744]}"
3954,1,982,0.3259075715695864,0,97,"{""geodesic"":false,""type"":""Point"",""coordinates"":[108.51173599601356,14.466199020145972]}"
3955,1,709,0.33356894404015136,7,75,"{""geodesic"":false,""type"":""Point"",""coordinates"":[108.48370855914908,14.264617070389555]}"
3956,1,892,0.17596566936409463,19,58,"{""geodesic"":false,""type"":""Point"",""coordinates"":[108.41606541825485,14.386159128330924]}"
3957,1,673,0.002394746029831696,5,89,"{""geodesic"":false,""type"":""Point"",""coordinates"":[108.59527931743668,14.243326998155922]}"
3958,1,733,0.21838296363744714,14,100,"{""geodesic"":false,""type"":""Point"",""coordinates"":[108.53652949785527,14.132834218209219]}"
3959,1,1067,0.05086489471838085,12,84,"{""geodesic"":false,""type"":""Point"",""coordinates"":[108.465382927353,14.515247034658898]}"
3961,1,726,0.3605435233878391,7,49,"{""geodesic"":false,""type"":""Point"",""coordinates"":[108.46268798150066,14.305041258174931]}"
3963,1,638,0.12288669887969605,11,90,"{""geodesic"":false,""type"":""Point"",""coordinates"":[108.49475783714371,14.196704434910117]}"
3964,1,613,0.3144398950154834,8,37,"{""geodesic"":false,""type"":""Point"",""coordinates"":[108.44705729555699,14.282403713015121]}"
3966,1,783,0.5346276642677776,10,97,"{""geodesic"":false,""type"":""Point"",""coordinates"":[108.45325567101742,14.227696312212238]}"
3968,1,612,0.30673240788545475,13,75,"{""geodesic"":false,""type"":""Point"",""coordinates"":[108.46026253023354,14.330643243772336]}"
3970,1,1139,0.1027293890983918,10,97,"{""geodesic"":false,""type"":""Point"",""coordinates"":[108.39423635685074,14.488836565305782]}"
3971,1,1044,0.36204480934581484,6,45,"{""geodesic"":false,""type"":""Point"",""coordinates"":[108.41525693449915,14.41445605978069]}"
3972,1,789,0.18518789822941462,10,78,"{""geodesic"":false,""type"":""Point"",""coordinates"":[108.46592191652348,14.248447395275399]}"
3974,1,536,0.3260724681105188,16,76,"{""geodesic"":false,""type"":""Point"",""coordinates"":[108.53679899244054,14.21583855046186]}"
3975,1,739,0.15969913647294653,3,97,"{""geodesic"":false,""type"":""Point"",""coordinates"":[108.52035982274111,14.26165262995196]}"
3976,1,568,0.41247189487601255,13,76,"{""geodesic"":false,""type"":""Point"",""coordinates"":[108.52494123069016,14.2055977562229]}"
3977,1,745,0.21374754370282445,27,56,"{""geodesic"":false,""type"":""Point"",""coordinates"":[108.47158130281343,14.178917792284551]}"
3978,1,812,0.5642108290819372,11,99,"{""geodesic"":false,""type"":""Point"",""coordinates"":[108.56320946179363,14.312048117391065]}"
3979,1,922,0.7572533094338482,14,89,"{""geodesic"":false,""type"":""Point"",""coordinates"":[108.33440855892837,14.372145409898657]}"
3980,1,560,0.1144832611092702,15,54,"{""geodesic"":false,""type"":""Point"",""coordinates"":[108.51685639313308,14.147117431226718]}"
3981,1,849,0.7022116795266204,8,60,"{""geodesic"":false,""type"":""Point"",""coordinates"":[108.56698238598693,14.361365626489224]}"
3982,1,865,0.5817219102563032,8,54,"{""geodesic"":false,""type"":""Point"",""coordinates"":[108.45244718726167,14.375379344921491]}"
3983,1,734,0.09011943027474922,3,100,"{""geodesic"":false,""type"":""Point"",""coordinates"":[108.53410404658814,14.251411835712993]}"
3986,1,673,0.4091402838399756,7,98,"{""geodesic"":false,""type"":""Point"",""coordinates"":[108.43331307170996,14.268120499997622]}"
3987,1,785,0.7616706517149463,15,95,"{""geodesic"":false,""type"":""Point"",""coordinates"":[108.4793966457853,14.279169777992287]}"
3988,1,844,0.4132882181678398,6,71,"{""geodesic"":false,""type"":""Point"",""coordinates"":[108.45810657355162,14.197782413251062]}"
3989,1,599,0.4618540196233595,5,89,"{""geodesic"":false,""type"":""Point"",""coordinates"":[108.54784827043517,14.12906129401592]}"
3990,1,1022,0.10794732718681044,7,95,"{""geodesic"":false,""type"":""Point"",""coordinates"":[108.45298617643215,14.429817251139134]}"
3991,1,666,0.13294481292253058,10,45,"{""geodesic"":false,""type"":""Point"",""coordinates"":[108.48343906456381,14.229852268894128]}"
3992,1,778,0.04780263162680232,10,85,"{""geodesic"":false,""type"":""Point"",""coordinates"":[108.48936794543903,14.140919055766297]}"
3993,1,898,0.4397628010405842,5,97,"{""geodesic"":false,""type"":""Point"",""coordinates"":[108.48397805373429,14.334955157136108]}"
3995,1,726,0.28889699658511436,4,45,"{""geodesic"":false,""type"":""Point"",""coordinates"":[108.47589321617721,14.280247756333232]}"
3996,1,809,0.7286133153054973,15,76,"{""geodesic"":false,""type"":""Point"",""coordinates"":[108.5125444797693,14.341962016352241]}"
3998,1,577,0.5098058319188766,10,95,"{""geodesic"":false,""type"":""Point"",""coordinates"":[108.51011902850217,14.185924651500684]}"
3999,1,1076,0.1779071268086292,16,90,"{""geodesic"":false,""type"":""Point"",""coordinates"":[108.44139790926704,14.198860391592007]}"
