system:index,defo,district,elevation,label_std,label_test_period,label_train_period,lat,lon,loss_any_2001_2024,loss_first_year,mean_elevation_m,mean_slope_deg,rain_last12m_total_mm,rain_mean_annual_2000_2024_mm,rand,slope,split,treecover2000,.geo
0000000000000000045f_0,0,KBang,469,0,0,0,14.183499712598543,108.57506624675166,0,0,469,1.3322111,2894.3183166086674,2468.4566263710717,0.2786747089970597,1,train,84,"{""type"":""MultiPoint"",""coordinates"":[]}"
00000000000000000255_0,0,KBang,685,0,0,0,14.285367876164512,108.54622924023903,0,0,686,1.3325211,3283.608837634325,2704.4453318488963,0.6824117469637364,3,train,73,"{""type"":""MultiPoint"",""coordinates"":[]}"
00000000000000000258_0,0,KBang,672,0,0,1,14.22823341436671,108.42981102993566,1,2014,672,2.939815,3484.5955844521523,2837.824403122823,0.520381092998101,3,train,66,"{""type"":""MultiPoint"",""coordinates"":[]}"
00000000000000000337_0,0,KBang,568,0,0,0,14.199940418182598,108.5599766487868,0,0,574,11.349603,2988.904823511839,2527.354326276477,0.6873887825056485,3,train,33,"{""type"":""MultiPoint"",""coordinates"":[]}"
00000000000000000247_0,0,KBang,807,0,0,0,14.4106819930695,108.32874996366036,0,0,806,4.167796,3774.6228857189417,2999.9198697531438,0.004255621251412656,4,train,69,"{""type"":""MultiPoint"",""coordinates"":[]}"
00000000000000000342_0,0,KBang,1065,0,0,0,14.515247912772805,108.52440194058242,0,0,1067,3.993927,3063.1103956103325,2477.7017693946955,0.6186637076447529,4,train,70,"{""type"":""MultiPoint"",""coordinates"":[]}"
000000000000000003c4_0,0,KBang,905,0,0,0,14.339537035761776,108.47993578487744,0,0,904,4.8638983,3410.552547223866,2766.438409104254,0.6584404013995446,4,train,32,"{""type"":""MultiPoint"",""coordinates"":[]}"
0000000000000000018d_0,0,KBang,575,0,0,1,14.29345222637441,108.4616088795478,1,2009,574,8.291047,3299.3934005498886,2718.926994363391,0.3320955241318898,5,train,63,"{""type"":""MultiPoint"",""coordinates"":[]}"
000000000000000001de_0,0,KBang,849,0,0,0,14.354626633726637,108.53140718833737,0,0,849,5.3165812,3057.4028005301952,2452.323266195249,0.6623422138116435,5,train,37,"{""type"":""MultiPoint"",""coordinates"":[]}"
00000000000000000251_0,0,KBang,500,0,0,0,14.200747515473271,108.53167919350163,0,0,500,5.1170545,3132.6109425723553,2663.5936415282367,0.21649186075413862,5,train,53,"{""type"":""MultiPoint"",""coordinates"":[]}"
00000000000000000473_0,0,KBang,681,0,0,1,14.255456226298,108.60875475521046,1,2012,681,4.6805897,2920.2753743231297,2494.9070353260336,0.46590905028864127,5,train,99,"{""type"":""MultiPoint"",""coordinates"":[]}"
000000000000000004e7_0,0,KBang,879,0,0,0,14.398557697305185,108.52278328690002,0,0,879,4.7235246,3057.4028005301952,2452.323266195249,0.6310599468975059,5,train,32,"{""type"":""MultiPoint"",""coordinates"":[]}"
0000000000000000056e_0,0,KBang,661,0,0,0,14.228772965594178,108.48451528165936,0,0,661,4.6273675,3116.021737858653,2587.275775269555,0.32567044119087685,5,train,30,"{""type"":""MultiPoint"",""coordinates"":[]}"
00000000000000000613_0,0,KBang,711,0,0,0,14.085131943359528,108.5252090378731,0,0,715,6.007746,3250.9848297685385,2783.4902848679035,0.6169375769341553,5,train,60,"{""type"":""MultiPoint"",""coordinates"":[]}"
000000000000000000da_0,0,KBang,654,0,0,0,14.217455767120537,108.47966823881426,0,0,658,3.8215122,3116.021737858653,2587.275775269555,0.005238852987389686,6,train,77,"{""type"":""MultiPoint"",""coordinates"":[]}"
000000000000000000e3_0,0,KBang,504,0,0,1,14.045789294764973,108.59123494717146,1,2001,504,5.717402,2340.994156158529,2080.859696369998,0.3844600396079372,6,train,40,"{""type"":""MultiPoint"",""coordinates"":[]}"
0000000000000000029b_0,0,KBang,842,0,0,0,14.34330943525299,108.6313936112588,0,0,842,6.237587,2904.3306356593966,2447.77248901683,0.31923397099156814,6,train,99,"{""type"":""MultiPoint"",""coordinates"":[]}"
000000000000000002d1_0,0,KBang,519,0,0,1,14.145499253421079,108.53248629079232,1,2003,518,6.737178,3335.206618718803,2843.7770705979806,0.6195928145759285,6,train,70,"{""type"":""MultiPoint"",""coordinates"":[]}"
000000000000000005d9_0,0,KBang,538,0,0,0,14.15062276053149,108.50041643601593,0,0,537,2.6627855,2927.8332602009177,2497.137565198986,0.37532538469052623,6,train,33,"{""type"":""MultiPoint"",""coordinates"":[]}"
00000000000000000261_0,0,KBang,975,0,0,0,14.39720658968599,108.43493007794503,0,0,976,2.8702855,3307.1987401247025,2646.067406310553,0.400956839102798,7,train,84,"{""type"":""MultiPoint"",""coordinates"":[]}"
00000000000000000345_0,0,KBang,746,0,0,1,14.293724231538672,108.58180394844344,1,2001,737,21.30282,3002.574410483241,2569.066161002828,0.6414244266806735,7,train,60,"{""type"":""MultiPoint"",""coordinates"":[]}"
000000000000000005f2_0,0,KBang,735,0,0,0,14.457306353684338,108.33494811412467,0,0,737,13.64907,3459.4536567032337,2743.57232635276,0.5356759559041193,7,train,64,"{""type"":""MultiPoint"",""coordinates"":[]}"
00000000000000000361_0,0,KBang,472,0,0,0,14.119360003045779,108.58665545038957,0,0,471,3.8255582,2848.0301147326827,2458.056594692424,0.07617941827580355,8,train,33,"{""type"":""MultiPoint"",""coordinates"":[]}"
00000000000000000482_0,0,KBang,849,0,0,0,14.360017686900251,108.59123494717147,0,0,849,6.6715174,3001.057534530759,2400.0190920016626,0.7855749017754674,8,train,99,"{""type"":""MultiPoint"",""coordinates"":[]}"
0000000000000000006a_0,0,KBang,655,0,0,0,14.154395160022702,108.66022615867037,0,0,651,14.348331,2859.5566610470414,2490.159314288234,0.4177086395235492,9,train,70,"{""type"":""MultiPoint"",""coordinates"":[]}"
000000000000000000c0_0,0,KBang,519,0,0,0,14.181341507688677,108.53545159299286,0,0,519,6.7372622,2927.8332602009177,2497.137565198986,0.6131760408613921,9,train,66,"{""type"":""MultiPoint"",""coordinates"":[]}"
0000000000000000023e_0,0,KBang,563,0,0,0,14.141459307866656,108.55781844387694,0,0,558,6.722222,2848.0301147326827,2458.056594692424,0.4271854673099651,9,train,33,"{""type"":""MultiPoint"",""coordinates"":[]}"
00000000000000000257_0,0,KBang,756,0,0,0,14.283749222482115,108.61710665148355,0,0,756,9.93321,2920.2753743231297,2494.9070353260336,0.4184371507044381,9,train,60,"{""type"":""MultiPoint"",""coordinates"":[]}"
00000000000000000386_0,0,KBang,849,0,0,0,14.4300880008541,108.56482815073296,0,0,856,14.975716,3010.9200901687145,2435.0759028388934,0.33330604013475407,10,train,37,"{""type"":""MultiPoint"",""coordinates"":[]}"
0000000000000000040f_0,0,KBang,806,0,0,1,14.281863022736507,108.47966823881426,1,2015,801,8.742621,3299.3934005498886,2718.926994363391,0.06738055249807962,11,train,48,"{""type"":""MultiPoint"",""coordinates"":[]}"
00000000000000000340_0,0,KBang,537,0,1,0,14.14388505883973,108.52628814032803,1,2023,534,5.547545,3335.206618718803,2843.7770705979806,0.24127747740997607,12,train,64,"{""type"":""MultiPoint"",""coordinates"":[]}"
00000000000000000455_0,0,KBang,623,0,0,0,14.046324386891385,108.49421828555164,0,0,623,12.660711,3190.6124956309795,2728.4823353968372,0.7649979092118655,13,train,73,"{""type"":""MultiPoint"",""coordinates"":[]}"
000000000000000004b3_0,0,KBang,978,0,0,0,14.0695027941672,108.47346562924889,0,0,977,11.885508,3222.151947184233,2767.6180477493767,0.06722662523495448,13,train,31,"{""type"":""MultiPoint"",""coordinates"":[]}"
00000000000000000047_0,0,KBang,666,0,0,0,14.225000566102965,108.5564717953588,0,0,666,14.135278,2988.904823511839,2527.354326276477,0.6296326301587121,14,train,99,"{""type"":""MultiPoint"",""coordinates"":[]}"
00000000000000000053_0,0,KBang,855,0,0,0,14.190504960353508,108.38857772249445,0,0,861,16.995012,3400.7785373441875,2807.31930743629,0.38924024344426544,14,train,99,"{""type"":""MultiPoint"",""coordinates"":[]}"
000000000000000001a6_0,0,KBang,897,0,0,0,14.361364335418392,108.32605220752305,0,0,893,11.294259,3714.876072347164,2911.4369120395304,0.32781027848474265,14,train,43,"{""type"":""MultiPoint"",""coordinates"":[]}"
00000000000000000403_0,0,KBang,559,0,0,0,14.133642503719964,108.56725390170602,0,0,569,18.896076,2848.0301147326827,2458.056594692424,0.7510473126460979,15,train,70,"{""type"":""MultiPoint"",""coordinates"":[]}"
00000000000000000233_0,0,KBang,885,0,0,0,14.358131487154644,108.53491204176538,0,0,893,8.552477,3057.4028005301952,2452.323266195249,0.6420792645320963,17,train,66,"{""type"":""MultiPoint"",""coordinates"":[]}"
0000000000000000009c_0,0,KBang,705,0,0,0,14.05872514692102,108.52089708715441,0,0,714,24.615393,3250.9848297685385,2783.4902848679035,0.5138932792154468,18,train,61,"{""type"":""MultiPoint"",""coordinates"":[]}"
000000000000000004a1_0,0,KBang,977,0,0,0,14.439786545645344,108.44517263306479,0,0,985,28.10792,3056.5912619680166,2430.7695342178336,0.6886678742446786,20,train,40,"{""type"":""MultiPoint"",""coordinates"":[]}"
00000000000000000577_0,0,KBang,903,0,0,0,14.360824784190923,108.44004912595437,0,0,903,19.820555,3307.1987401247025,2646.067406310553,0.007207487167137594,20,train,64,"{""type"":""MultiPoint"",""coordinates"":[]}"
0000000000000000011a_0,0,KBang,748,0,0,1,14.29938283077549,108.60282415080935,1,2016,748,21.085367,2920.2753743231297,2494.9070353260336,0.21084109687446173,21,train,53,"{""type"":""MultiPoint"",""coordinates"":[]}"
000000000000000004d8_0,0,KBang,916,0,0,0,14.056566942011154,108.51146608842637,0,0,916,20.71937,3250.9848297685385,2783.4902848679035,0.2950640617702126,21,train,73,"{""type"":""MultiPoint"",""coordinates"":[]}"
00000000000000000113_0,0,KBang,1000,0,0,1,14.129063006938074,108.48182198462307,1,2002,1010,16.418154,3364.3139811381698,2879.1407314955827,0.05437959468774389,23,train,31,"{""type"":""MultiPoint"",""coordinates"":[]}"
00000000000000000524_0,0,KBang,678,0,0,0,14.273778672526612,108.49529738800656,0,0,678,26.0341,3299.3934005498886,2718.926994363391,0.7085111257067921,26,train,34,"{""type"":""MultiPoint"",""coordinates"":[]}"
00000000000000000596_0,0,KBang,1275,0,0,0,14.268120073289785,108.32443801294168,0,0,1266,27.559458,3418.0222388617694,2701.695657495224,0.2955399943863284,29,train,93,"{""type"":""MultiPoint"",""coordinates"":[]}"
000000000000000004df_0,0,KBang,785,0,0,0,14.168138109469421,108.4769704826769,0,0,792,32.736584,3179.5106303691864,2674.3027243573615,0.4220306486236187,32,train,73,"{""type"":""MultiPoint"",""coordinates"":[]}"
0000000000000000052b_0,0,KBang,756,0,0,0,14.13849400566611,108.49125298335109,0,0,776,32.632233,3364.3139811381698,2879.1407314955827,0.7517420130157252,36,train,99,"{""type"":""MultiPoint"",""coordinates"":[]}"
0000000000000000053c_0,0,KBang,914,0,0,0,14.053873644974873,108.48208953068627,0,0,922,31.167597,3222.151947184233,2767.6180477493767,0.4728291123698709,37,train,63,"{""type"":""MultiPoint"",""coordinates"":[]}"
000000000000000004c1_0,0,KBang,822,0,0,0,14.278902179637019,108.42899947354395,0,0,836,33.57051,3954.77065885067,3193.707802749039,0.405728151987781,38,train,77,"{""type"":""MultiPoint"",""coordinates"":[]}"
00000000000000000484_0,0,KBang,510,0,0,0,14.22688676584857,108.51200563965384,0,0,510,0.9567483,3132.6109425723553,2663.5936415282367,0.5385552736761023,1,train,44,"{""type"":""MultiPoint"",""coordinates"":[]}"
0000000000000000048f_0,0,KBang,769,0,0,0,14.340076586989241,108.51173809359062,0,0,771,6.724104,3361.179399266839,2766.2203726602984,0.4906939969215396,3,train,45,"{""type"":""MultiPoint"",""coordinates"":[]}"
000000000000000001d5_0,0,KBang,535,0,0,0,14.282402573963973,108.49718358775218,0,0,534,3.8226101,3299.3934005498886,2718.926994363391,0.486530074592034,5,train,45,"{""type"":""MultiPoint"",""coordinates"":[]}"
00000000000000000493_0,0,KBang,1216,0,0,0,14.540847611920642,108.39692961876754,0,0,1207,5.9943314,3205.2258018553257,2562.2362008570512,0.23707059699852517,5,train,45,"{""type"":""MultiPoint"",""coordinates"":[]}"
00000000000000000216_0,0,KBang,1102,0,0,0,14.506352006171179,108.42819237625326,0,0,1102,6.036405,2982.197799295187,2381.099704130859,0.23306131007131592,6,train,45,"{""type"":""MultiPoint"",""coordinates"":[]}"
000000000000000003ac_0,0,KBang,879,0,0,0,14.384542742694203,108.5324862907923,0,0,886,7.063514,3057.4028005301952,2452.323266195249,0.23052470556887206,6,train,45,"{""type"":""MultiPoint"",""coordinates"":[]}"
0000000000000000007c_0,0,KBang,959,0,0,0,14.412028641587646,108.46457418174832,0,0,957,11.376976,3026.558855623007,2396.239654855617,0.7436813999870658,10,train,45,"{""type"":""MultiPoint"",""coordinates"":[]}"
0000000000000000002d_0,0,KBang,784,0,0,0,14.251144275579314,108.46268798200272,0,0,787,24.85831,3299.3934005498886,2718.926994363391,0.4137283588619586,11,train,45,"{""type"":""MultiPoint"",""coordinates"":[]}"
0000000000000000010a_0,0,KBang,702,0,1,0,14.295877977347486,108.60282415080935,0,2023,706,17.426119,2920.2753743231297,2494.9070353260336,0.06010545011578061,11,train,45,"{""type"":""MultiPoint"",""coordinates"":[]}"
00000000000000000146_0,0,KBang,582,0,0,0,14.15142985782216,108.49071343212363,0,0,582,10.479817,3179.5106303691864,2674.3027243573615,0.2854828886136791,11,train,45,"{""type"":""MultiPoint"",""coordinates"":[]}"
000000000000000001ee_0,0,KBang,668,0,0,1,14.128791001773816,108.53787734396592,0,2012,668,14.497178,3335.206618718803,2843.7770705979806,0.6891537247776195,14,train,45,"{""type"":""MultiPoint"",""coordinates"":[]}"
0000000000000000041a_0,0,KBang,582,0,0,0,14.293991777601876,108.47804958513184,0,0,574,13.917737,3299.3934005498886,2718.926994363391,0.21548415763064088,15,train,45,"{""type"":""MultiPoint"",""coordinates"":[]}"
000000000000000005ba_0,0,KBang,556,0,1,0,14.163019061460068,108.52763478884617,1,2024,556,14.744946,2927.8332602009177,2497.137565198986,0.5582635603497297,15,train,45,"{""type"":""MultiPoint"",""coordinates"":[]}"
00000000000000000201_0,0,KBang,647,0,0,0,14.298843279548027,108.48532683805107,0,0,647,29.224241,3299.3934005498886,2718.926994363391,0.32579782888550146,29,train,45,"{""type"":""MultiPoint"",""coordinates"":[]}"
0000000000000000031c_0,0,KBang,1009,0,0,0,14.440058550809605,108.44463308183731,0,0,1017,28.88856,3056.5912619680166,2430.7695342178336,0.34437002399251526,36,train,45,"{""type"":""MultiPoint"",""coordinates"":[]}"
00000000000000000117_0,0,KBang,583,0,1,0,14.136068254693038,108.49745113381537,1,2024,589,18.845243,3364.3139811381698,2879.1407314955827,0.7572982726115153,9,train,47,"{""type"":""MultiPoint"",""coordinates"":[]}"
00000000000000000221_0,0,KBang,1012,0,1,0,14.400711443113998,108.40879082756972,1,2022,1022,24.04787,3056.5912619680166,2430.7695342178336,0.344693254766674,22,train,47,"{""type"":""MultiPoint"",""coordinates"":[]}"
0000000000000000064d_0,0,KBang,619,0,1,0,14.288333178365056,108.50688659164447,1,2024,601,25.079887,3283.608837634325,2704.4453318488963,0.28629053572823415,27,train,47,"{""type"":""MultiPoint"",""coordinates"":[]}"
00000000000000000271_0,0,KBang,724,0,0,0,14.196975115982058,108.4715794295033,0,0,724,0.92740995,3179.5106303691864,2674.3027243573615,0.3980074349423769,4,train,49,"{""type"":""MultiPoint"",""coordinates"":[]}"
000000000000000003d9_0,0,KBang,889,0,0,1,14.341690781570591,108.48182198462307,1,2018,880,18.045181,3410.552547223866,2766.438409104254,0.2180462878484859,7,train,49,"{""type"":""MultiPoint"",""coordinates"":[]}"
000000000000000003c3_0,0,KBang,581,0,1,0,14.082438646323247,108.55323894709505,1,2024,577,18.622564,2688.57763389498,2350.219560145993,0.08937096969273706,13,train,49,"{""type"":""MultiPoint"",""coordinates"":[]}"
000000000000000002c3_0,0,KBang,777,0,0,0,14.236857315804075,108.4696932297577,0,0,772,11.938814,3116.021737858653,2587.275775269555,0.05109668940133838,16,train,49,"{""type"":""MultiPoint"",""coordinates"":[]}"
00000000000000000466_0,0,KBang,603,0,0,0,14.248178973378776,108.5190108874088,0,0,606,11.60822,3132.6109425723553,2663.5936415282367,0.04162008902341374,3,train,51,"{""type"":""MultiPoint"",""coordinates"":[]}"
0000000000000000054b_0,0,KBang,658,0,0,0,14.23955507194141,108.52736724278296,0,0,659,7.827608,3132.6109425723553,2663.5936415282367,0.33793250891223303,5,train,51,"{""type"":""MultiPoint"",""coordinates"":[]}"
00000000000000000115_0,0,KBang,499,0,0,0,14.188618760607898,108.5564717953588,0,0,499,2.6630137,2894.3183166086674,2468.4566263710717,0.4199685538911556,3,train,52,"{""type"":""MultiPoint"",""coordinates"":[]}"
00000000000000000606_0,0,KBang,876,0,0,0,14.440865648100278,108.54892699637637,0,0,879,6.8078246,3022.832878291607,2439.8191594331984,0.1465012190764795,5,train,52,"{""type"":""MultiPoint"",""coordinates"":[]}"
000000000000000003df_0,0,KBang,612,0,0,0,14.245213671178234,108.50418883550714,0,0,612,21.285038,3132.6109425723553,2663.5936415282367,0.38457158723425067,21,train,52,"{""type"":""MultiPoint"",""coordinates"":[]}"
0000000000000000030f_0,0,KBang,613,0,0,1,14.169484757987565,108.49017833999721,1,2013,618,38.445343,3179.5106303691864,2674.3027243573615,0.3487828654168764,30,train,52,"{""type"":""MultiPoint"",""coordinates"":[]}"
0000000000000000027d_0,0,KBang,672,0,0,0,14.273778672526612,108.54084264616648,0,0,672,0.92740995,3283.608837634325,2704.4453318488963,0.43975028531318905,1,train,54,"{""type"":""MultiPoint"",""coordinates"":[]}"
0000000000000000009b_0,0,KBang,718,0,0,1,14.274590228918335,108.52251574083681,1,2003,718,2.7802885,3283.608837634325,2704.4453318488963,0.05037342600347827,3,train,54,"{""type"":""MultiPoint"",""coordinates"":[]}"
00000000000000000008_0,0,KBang,526,0,0,0,14.255723772361202,108.5009559872434,0,0,526,6.011806,3283.608837634325,2704.4453318488963,0.3642911544218108,6,train,54,"{""type"":""MultiPoint"",""coordinates"":[]}"
000000000000000004a6_0,0,KBang,609,0,0,1,14.213950913692525,108.57048674996977,1,2003,609,10.268919,2988.904823511839,2527.354326276477,0.5421003758609244,11,train,54,"{""type"":""MultiPoint"",""coordinates"":[]}"
000000000000000001c5_0,0,KBang,571,0,0,0,14.1511578526579,108.52979299375602,0,0,569,5.003782,2927.8332602009177,2497.137565198986,0.12699365645567096,4,train,55,"{""type"":""MultiPoint"",""coordinates"":[]}"
00000000000000000042_0,0,KBang,517,0,0,1,14.198321764500196,108.52979299375603,1,2012,517,4.7207837,2927.8332602009177,2497.137565198986,0.3728755928346953,5,train,55,"{""type"":""MultiPoint"",""coordinates"":[]}"
000000000000000002b3_0,0,KBang,653,0,0,0,14.217995318348002,108.48020333094065,0,0,652,0.92740995,3116.021737858653,2587.275775269555,0.43058461337822895,1,train,56,"{""type"":""MultiPoint"",""coordinates"":[]}"
00000000000000000167_0,0,KBang,1003,0,0,0,14.455687700001933,108.43681627769064,0,0,1003,0.9577258,3082.7387473136187,2420.537351960532,0.7469234708448828,3,train,56,"{""type"":""MultiPoint"",""coordinates"":[]}"
000000000000000005e5_0,0,KBang,494,0,0,0,14.199940418182598,108.53599114422032,0,0,497,8.877376,3132.6109425723553,2663.5936415282367,0.20873755702735142,4,train,56,"{""type"":""MultiPoint"",""coordinates"":[]}"
00000000000000000269_0,0,KBang,1132,0,1,0,14.507431108626118,108.4389744826005,1,2022,1132,6.9241805,2982.197799295187,2381.099704130859,0.3515723356671381,7,train,56,"{""type"":""MultiPoint"",""coordinates"":[]}"
00000000000000000246_0,0,KBang,473,0,0,0,14.178648210652396,108.56806099899671,0,0,469,3.413163,2894.3183166086674,2468.4566263710717,0.5057172638235554,8,train,56,"{""type"":""MultiPoint"",""coordinates"":[]}"
00000000000000000446_0,0,KBang,929,0,1,0,14.390740893158494,108.42091512333404,0,2022,929,6.357326,3307.1987401247025,2646.067406310553,0.7303989431690716,6,train,58,"{""type"":""MultiPoint"",""coordinates"":[]}"
00000000000000000387_0,0,KBang,770,0,0,0,14.248446519441984,108.46403463052086,0,0,772,8.642388,3116.021737858653,2587.275775269555,0.4807734530105142,10,train,58,"{""type"":""MultiPoint"",""coordinates"":[]}"
0000000000000000056b_0,0,KBang,939,0,0,0,14.068423691712265,108.51038698597142,0,0,938,18.63828,3250.9848297685385,2783.4902848679035,0.023591335001551306,20,train,58,"{""type"":""MultiPoint"",""coordinates"":[]}"
000000000000000002c0_0,0,KBang,694,0,0,0,14.37106733931069,108.45487117785603,0,0,716,32.584053,3174.5908024162054,2515.3602785260928,0.5606298582902881,29,train,58,"{""type"":""MultiPoint"",""coordinates"":[]}"
00000000000000000497_0,0,KBang,679,0,0,0,14.241169266522759,108.52359484329175,0,0,683,1.8543341,3132.6109425723553,2663.5936415282367,0.49089460721273914,5,train,59,"{""type"":""MultiPoint"",""coordinates"":[]}"
000000000000000000f0_0,0,KBang,569,0,0,0,14.138222000501855,108.52440194058241,0,0,566,9.894531,3335.206618718803,2843.7770705979806,0.2780893490105787,10,train,59,"{""type"":""MultiPoint"",""coordinates"":[]}"
00000000000000000050_0,0,KBang,776,0,0,0,14.346002732289275,108.59824465402748,0,0,773,5.4383826,3139.498244166374,2607.9216171444064,0.4001723650814003,7,train,62,"{""type"":""MultiPoint"",""coordinates"":[]}"
0000000000000000044d_0,0,KBang,637,0,0,0,14.159781754095265,108.64055260482256,0,0,641,7.4392433,2827.968597881496,2459.472389055322,0.2598971652405413,8,train,71,"{""type"":""MultiPoint"",""coordinates"":[]}"
000000000000000005fb_0,0,KBang,725,0,0,0,14.216916215893066,108.41579607532469,0,0,717,15.872992,3484.5955844521523,2837.824403122823,0.7052309578547808,14,train,71,"{""type"":""MultiPoint"",""coordinates"":[]}"
00000000000000000212_0,0,KBang,798,0,0,0,14.423078293998085,108.33791341632521,0,0,788,14.742411,3774.6228857189417,2999.9198697531438,0.31889841063240776,16,train,71,"{""type"":""MultiPoint"",""coordinates"":[]}"
0000000000000000044b_0,0,KBang,876,0,0,1,14.375111743966162,108.43789538014558,1,2015,889,20.720203,3307.1987401247025,2646.067406310553,0.43820431074533295,19,train,71,"{""type"":""MultiPoint"",""coordinates"":[]}"
0000000000000000062e_0,0,KBang,610,0,0,1,14.149811204139759,108.47319808318571,1,2013,612,8.500891,3364.3139811381698,2879.1407314955827,0.11630593149407598,3,train,72,"{""type"":""MultiPoint"",""coordinates"":[]}"
000000000000000002bf_0,0,KBang,859,0,0,0,14.319323930686505,108.47211898073077,0,0,862,8.2912445,3410.552547223866,2766.438409104254,0.5587517540609831,7,train,72,"{""type"":""MultiPoint"",""coordinates"":[]}"
000000000000000002fa_0,0,KBang,1051,0,0,1,14.4268506934893,108.44058867718184,1,2017,1051,8.603718,3056.5912619680166,2430.7695342178336,0.018439667018565364,9,train,72,"{""type"":""MultiPoint"",""coordinates"":[]}"
00000000000000000508_0,0,KBang,631,0,0,0,14.061146438793044,108.50122353330661,0,0,637,21.01386,3250.9848297685385,2783.4902848679035,0.5606751775866977,9,train,72,"{""type"":""MultiPoint"",""coordinates"":[]}"
00000000000000000082_0,0,KBang,1156,0,0,1,14.515787464000272,108.42199422578898,1,2015,1156,12.208758,2982.197799295187,2381.099704130859,0.026002643691099614,12,train,72,"{""type"":""MultiPoint"",""coordinates"":[]}"
000000000000000001ad_0,0,KBang,779,0,0,0,14.427662249881026,108.33440856289718,0,0,781,8.292078,3774.6228857189417,2999.9198697531438,0.6322283051007086,15,train,72,"{""type"":""MultiPoint"",""coordinates"":[]}"
0000000000000000049b_0,0,KBang,750,0,0,1,14.305308976075525,108.60632900423737,1,2015,756,5.518803,2904.3306356593966,2447.77248901683,0.7090167172512307,16,train,72,"{""type"":""MultiPoint"",""coordinates"":[]}"
000000000000000005a5_0,0,KBang,877,0,0,0,14.313125780222213,108.44975212984667,0,0,886,11.150402,3878.7206017300487,3091.2550926978347,0.21584821544780475,19,train,72,"{""type"":""MultiPoint"",""coordinates"":[]}"
0000000000000000055e_0,0,KBang,646,0,0,0,14.229312516821645,108.53275829595658,0,0,630,14.564257,3132.6109425723553,2663.5936415282367,0.6515044688509221,21,train,72,"{""type"":""MultiPoint"",""coordinates"":[]}"
00000000000000000240_0,0,KBang,654,0,0,0,14.243055466268366,108.57345205217032,0,0,654,26.09568,2988.904823511839,2527.354326276477,0.42855963441165945,26,train,72,"{""type"":""MultiPoint"",""coordinates"":[]}"
00000000000000000089_0,0,KBang,817,0,0,0,14.394780838712915,108.33117571463345,0,0,815,9.301656,3714.876072347164,2911.4369120395304,0.09578905894780632,7,train,74,"{""type"":""MultiPoint"",""coordinates"":[]}"
0000000000000000033e_0,0,KBang,739,0,0,0,14.209910968138102,108.41148412460602,0,0,739,8.011904,3484.5955844521523,2837.824403122823,0.5169145690994308,8,train,74,"{""type"":""MultiPoint"",""coordinates"":[]}"
00000000000000000356_0,0,KBang,567,0,0,1,14.181613512852936,108.53006053981923,1,2013,567,9.246014,2927.8332602009177,2497.137565198986,0.2222418787053856,9,train,74,"{""type"":""MultiPoint"",""coordinates"":[]}"
0000000000000000050b_0,0,KBang,573,0,0,0,14.145231707357869,108.55215984464012,0,0,574,2.9397013,2848.0301147326827,2458.056594692424,0.32215383719005464,9,train,74,"{""type"":""MultiPoint"",""coordinates"":[]}"
00000000000000000097_0,0,KBang,829,0,0,0,14.244406573887561,108.44032113111865,0,0,829,18.775116,3484.5955844521523,2837.824403122823,0.03688407864898613,19,train,74,"{""type"":""MultiPoint"",""coordinates"":[]}"
000000000000000003fb_0,0,KBang,969,0,0,0,14.432513751827175,108.32201226196862,0,0,984,21.301723,3774.6228857189417,2999.9198697531438,0.061553479788534315,27,train,74,"{""type"":""MultiPoint"",""coordinates"":[]}"
00000000000000000129_0,0,KBang,941,0,0,0,14.244406573887561,108.40043447219557,0,0,950,25.090063,3484.5955844521523,2837.824403122823,0.5904143725951637,31,train,74,"{""type"":""MultiPoint"",""coordinates"":[]}"
0000000000000000057f_0,0,KBang,834,0,0,1,14.367022934655212,108.3319828119241,1,2003,835,6.014487,3714.876072347164,2911.4369120395304,0.2533683336036858,8,train,75,"{""type"":""MultiPoint"",""coordinates"":[]}"
0000000000000000012b_0,0,KBang,904,0,0,1,14.35301243914529,108.49367873432418,1,2008,904,9.38563,3174.5908024162054,2515.3602785260928,0.7751069997266254,9,train,75,"{""type"":""MultiPoint"",""coordinates"":[]}"
00000000000000000448_0,0,KBang,1259,0,0,0,14.592591020544827,108.38911727372192,0,0,1258,12.193775,3121.39150339365,2463.6619402850083,0.3888168596959699,10,train,75,"{""type"":""MultiPoint"",""coordinates"":[]}"
00000000000000000624_0,0,KBang,628,0,0,0,14.198861315727667,108.49583693923404,0,0,628,11.3665285,3179.5106303691864,2674.3027243573615,0.6011670932205124,11,train,75,"{""type"":""MultiPoint"",""coordinates"":[]}"
00000000000000000021_0,0,KBang,1132,0,0,0,14.513361713027205,108.43924202866371,0,0,1129,8.099297,2982.197799295187,2381.099704130859,0.27165650389775875,12,train,75,"{""type"":""MultiPoint"",""coordinates"":[]}"
000000000000000000ce_0,0,KBang,1114,0,0,0,14.509049762308523,108.41417742164228,0,0,1114,10.46141,2982.197799295187,2381.099704130859,0.3971298026543175,10,train,76,"{""type"":""MultiPoint"",""coordinates"":[]}"
000000000000000003bb_0,0,KBang,743,0,0,0,14.238208423423274,108.41148412460602,0,0,743,9.532402,3484.5955844521523,2837.824403122823,0.2935988631266715,10,train,76,"{""type"":""MultiPoint"",""coordinates"":[]}"
00000000000000000217_0,0,KBang,900,0,0,0,14.431974200599708,108.53518404692966,0,0,908,7.22003,3022.832878291607,2439.8191594331984,0.3401711335851302,11,train,76,"{""type"":""MultiPoint"",""coordinates"":[]}"
000000000000000005e0_0,0,KBang,640,0,0,0,14.146038804648542,108.62680965537587,0,0,640,9.385284,2804.7301520854235,2443.1153159725673,0.5845063677101733,12,train,76,"{""type"":""MultiPoint"",""coordinates"":[]}"
000000000000000001e0_0,0,KBang,650,0,0,1,14.227426317076038,108.59312114691707,1,2008,650,14.748579,2988.904823511839,2527.354326276477,0.394965819167412,15,train,76,"{""type"":""MultiPoint"",""coordinates"":[]}"
0000000000000000052d_0,0,KBang,855,0,0,0,14.098339800679835,108.49799068504285,0,0,862,13.27337,3222.151947184233,2767.6180477493767,0.3985252334988676,16,train,76,"{""type"":""MultiPoint"",""coordinates"":[]}"
00000000000000000262_0,0,KBang,749,0,0,0,14.141726853929864,108.48478728682359,0,0,744,10.26881,3364.3139811381698,2879.1407314955827,0.033161481213707544,17,train,76,"{""type"":""MultiPoint"",""coordinates"":[]}"
000000000000000003f4_0,0,KBang,645,0,0,0,14.135528703465573,108.56374904827801,0,0,645,16.74727,2848.0301147326827,2458.056594692424,0.793936488597052,17,train,76,"{""type"":""MultiPoint"",""coordinates"":[]}"
000000000000000005f9_0,0,KBang,693,0,0,1,14.219074420802936,108.47454473170384,1,2018,693,16.606943,3116.021737858653,2587.275775269555,0.6621259111830818,17,train,76,"{""type"":""MultiPoint"",""coordinates"":[]}"
000000000000000002ca_0,0,KBang,542,0,0,0,14.1527765063403,108.54919454243958,0,0,542,21.277998,2927.8332602009177,2497.137565198986,0.2739904135289509,21,train,76,"{""type"":""MultiPoint"",""coordinates"":[]}"
00000000000000000017_0,0,KBang,782,0,0,1,14.126904802028207,108.53410494447472,1,2018,792,19.987698,3335.206618718803,2843.7770705979806,0.5070866319762681,22,train,76,"{""type"":""MultiPoint"",""coordinates"":[]}"
00000000000000000022_0,0,KBang,1172,0,0,0,14.514975907608552,108.41444942680654,0,0,1172,23.224457,2982.197799295187,2381.099704130859,0.026791680661917727,23,train,76,"{""type"":""MultiPoint"",""coordinates"":[]}"
000000000000000003e7_0,0,KBang,870,0,0,0,14.479133653340948,108.35327501945432,0,0,858,21.655445,3139.124945908785,2478.474790363861,0.08260115308945415,25,train,76,"{""type"":""MultiPoint"",""coordinates"":[]}"
00000000000000000395_0,0,KBang,948,0,0,0,14.382924089011802,108.31796785731314,0,0,962,34.079014,3714.876072347164,2911.4369120395304,0.48702624831434027,27,train,76,"{""type"":""MultiPoint"",""coordinates"":[]}"
000000000000000001b6_0,0,KBang,1174,0,0,0,14.35381953643596,108.31770031124992,0,0,1189,32.534428,3714.876072347164,2911.4369120395304,0.024757517567499554,31,train,76,"{""type"":""MultiPoint"",""coordinates"":[]}"
000000000000000004d7_0,0,KBang,759,0,0,1,14.134449601010637,108.49287163703349,1,2014,759,31.763992,3364.3139811381698,2879.1407314955827,0.4823774853206957,32,train,76,"{""type"":""MultiPoint"",""coordinates"":[]}"
000000000000000005e6_0,0,KBang,992,0,0,0,14.458653002202476,108.34949816086204,0,0,977,32.668465,3459.4536567032337,2743.57232635276,0.10301148788307202,36,train,76,"{""type"":""MultiPoint"",""coordinates"":[]}"
00000000000000000489_0,0,KBang,883,0,1,0,14.341962786734848,108.33575521141533,1,2024,880,7.6134906,3590.3718142211437,2839.256492314795,0.11714086233479415,3,train,78,"{""type"":""MultiPoint"",""coordinates"":[]}"
0000000000000000060d_0,0,KBang,669,0,0,0,14.25195137286999,108.59016030381758,0,0,666,6.7313657,3002.574410483241,2569.066161002828,0.2630830325360607,5,train,78,"{""type"":""MultiPoint"",""coordinates"":[]}"
00000000000000000350_0,0,KBang,876,0,0,0,14.331720231615085,108.32794286636971,0,0,882,10.570669,3590.3718142211437,2839.256492314795,0.7678249486845967,6,train,78,"{""type"":""MultiPoint"",""coordinates"":[]}"
000000000000000000ca_0,0,KBang,877,0,0,0,14.406642047515081,108.59985884860883,0,0,877,7.6706114,3010.9200901687145,2435.0759028388934,0.25725206976455384,8,train,78,"{""type"":""MultiPoint"",""coordinates"":[]}"
000000000000000004ea_0,0,KBang,1009,0,0,0,14.295070880056812,108.3263242126873,0,0,1004,15.223747,3418.0222388617694,2701.695657495224,0.14207724998904692,15,train,78,"{""type"":""MultiPoint"",""coordinates"":[]}"
00000000000000000305_0,0,KBang,687,0,0,0,14.248178973378776,108.42576662528019,0,0,685,25.059488,3484.5955844521523,2837.824403122823,0.5936674880063413,18,train,78,"{""type"":""MultiPoint"",""coordinates"":[]}"
00000000000000000304_0,0,KBang,570,0,0,0,14.176762010906788,108.5486549912121,0,0,570,25.265368,2927.8332602009177,2497.137565198986,0.1970410452384438,22,train,78,"{""type"":""MultiPoint"",""coordinates"":[]}"
00000000000000000610_0,0,KBang,630,0,1,0,14.282135027900768,108.44840548132855,1,2019,630,21.861935,3954.77065885067,3193.707802749039,0.5188060015889389,22,train,78,"{""type"":""MultiPoint"",""coordinates"":[]}"
000000000000000005bc_0,0,KBang,1008,0,0,0,14.471321308295314,108.35677541378126,0,0,1008,22.727785,3139.124945908785,2478.474790363861,0.32665575485193754,23,train,78,"{""type"":""MultiPoint"",""coordinates"":[]}"
000000000000000005fc_0,0,KBang,748,0,0,0,14.24602076846891,108.44166777963677,0,0,748,24.357065,3484.5955844521523,2837.824403122823,0.06903056491373294,24,train,78,"{""type"":""MultiPoint"",""coordinates"":[]}"
000000000000000000c1_0,0,KBang,788,0,0,0,14.45299440296565,108.33683431387026,0,0,796,24.152939,3459.4536567032337,2743.57232635276,0.2854219977721023,26,train,78,"{""type"":""MultiPoint"",""coordinates"":[]}"
0000000000000000026b_0,0,KBang,592,0,0,0,14.299110825611235,108.47023278098516,0,0,603,26.91838,3299.3934005498886,2718.926994363391,0.46094352668243876,32,train,78,"{""type"":""MultiPoint"",""coordinates"":[]}"
000000000000000005c7_0,0,KBang,870,0,0,0,14.138222000501855,108.48909923754229,0,0,887,28.750639,3364.3139811381698,2879.1407314955827,0.482611283566615,35,train,78,"{""type"":""MultiPoint"",""coordinates"":[]}"
0000000000000000063a_0,0,KBang,867,0,0,0,14.407449144805756,108.55000609883129,0,0,867,4.248152,3022.832878291607,2439.8191594331984,0.1105291933325585,4,train,79,"{""type"":""MultiPoint"",""coordinates"":[]}"
0000000000000000032f_0,0,KBang,876,0,0,0,14.438439897127205,108.54622924023903,0,0,874,5.4390035,3022.832878291607,2439.8191594331984,0.27396832309415753,5,train,79,"{""type"":""MultiPoint"",""coordinates"":[]}"
0000000000000000019d_0,0,KBang,641,0,0,0,14.116394700845238,108.54191728952034,0,0,653,21.070412,3335.206618718803,2843.7770705979806,0.03281215606696686,19,train,79,"{""type"":""MultiPoint"",""coordinates"":[]}"
00000000000000000147_0,0,KBang,688,0,0,1,14.27701597989141,108.54650124540329,1,2001,689,4.8626003,3283.608837634325,2704.4453318488963,0.658350888845997,6,train,81,"{""type"":""MultiPoint"",""coordinates"":[]}"
00000000000000000476_0,0,KBang,834,0,0,1,14.137686908375441,108.46457418174832,1,2014,834,13.184771,3364.3139811381698,2879.1407314955827,0.15989084223507244,13,train,81,"{""type"":""MultiPoint"",""coordinates"":[]}"
0000000000000000002f_0,0,KBang,568,0,0,0,14.128791001773813,108.56778899383244,0,0,568,14.442407,2848.0301147326827,2458.056594692424,0.46612942300873594,14,train,81,"{""type"":""MultiPoint"",""coordinates"":[]}"
000000000000000000bc_0,0,KBang,782,0,0,0,14.424429401617274,108.3360272165796,0,0,777,9.243191,3774.6228857189417,2999.9198697531438,0.7312257301748192,14,train,81,"{""type"":""MultiPoint"",""coordinates"":[]}"
000000000000000001f6_0,0,KBang,998,0,0,0,14.320670579204643,108.33360146560652,0,0,1013,21.019733,3590.3718142211437,2839.256492314795,0.44772474032378096,22,train,81,"{""type"":""MultiPoint"",""coordinates"":[]}"
00000000000000000404_0,0,KBang,856,0,0,0,14.316630633650224,108.44813347616429,0,0,856,39.07606,3878.7206017300487,3091.2550926978347,0.3950772394738198,39,train,81,"{""type"":""MultiPoint"",""coordinates"":[]}"
000000000000000003f5_0,0,KBang,666,0,0,0,14.262461474052962,108.59123494717146,0,0,666,2.0863683,3002.574410483241,2569.066161002828,0.5514470224319441,2,train,82,"{""type"":""MultiPoint"",""coordinates"":[]}"
000000000000000004e0_0,0,KBang,615,0,0,0,14.145499253421079,108.56886809628737,0,0,616,3.8203034,2848.0301147326827,2458.056594692424,0.3317934534513799,3,train,82,"{""type"":""MultiPoint"",""coordinates"":[]}"
00000000000000000449_0,0,KBang,491,0,0,0,14.150350755367226,108.57210094455114,0,0,488,11.407289,2894.3183166086674,2468.4566263710717,0.6412562283215276,5,train,82,"{""type"":""MultiPoint"",""coordinates"":[]}"
0000000000000000040c_0,0,KBang,638,0,0,0,14.2441345687233,108.58450170458076,0,0,638,5.547545,2988.904823511839,2527.354326276477,0.27670368803528334,6,train,82,"{""type"":""MultiPoint"",""coordinates"":[]}"
00000000000000000184_0,0,KBang,633,0,0,0,14.214490464919994,108.57857110017969,0,0,639,6.667241,2988.904823511839,2527.354326276477,0.327444924139047,8,train,82,"{""type"":""MultiPoint"",""coordinates"":[]}"
0000000000000000049f_0,0,KBang,518,0,0,1,14.137954454438647,108.68259746865552,1,2010,518,9.385271,2995.274595141411,2606.076333417646,0.7403779213165848,9,train,82,"{""type"":""MultiPoint"",""coordinates"":[]}"
000000000000000001f2_0,0,KBang,720,0,0,0,14.277283525954617,108.60444280449177,0,0,724,7.9451013,2920.2753743231297,2494.9070353260336,0.7885732605110253,10,train,82,"{""type"":""MultiPoint"",""coordinates"":[]}"
000000000000000004fd_0,0,KBang,755,0,1,0,14.184039263826012,108.4748167368681,1,2019,755,9.522756,3179.5106303691864,2674.3027243573615,0.30915952244330924,10,train,82,"{""type"":""MultiPoint"",""coordinates"":[]}"
00000000000000000564_0,0,KBang,610,0,0,0,14.183227707434284,108.59312114691707,0,0,610,10.322534,2894.3183166086674,2468.4566263710717,0.3680352897264003,10,train,82,"{""type"":""MultiPoint"",""coordinates"":[]}"
000000000000000005a0_0,0,KBang,1110,0,0,0,14.518480761036555,108.43439052671755,0,0,1109,5.547545,2982.197799295187,2381.099704130859,0.15586904418593983,12,train,82,"{""type"":""MultiPoint"",""coordinates"":[]}"
000000000000000003b5_0,0,KBang,813,0,0,0,14.163286607523272,108.44840548132855,0,0,813,15.862489,3298.5777985565364,2757.9068181550247,0.28091589476963885,16,train,82,"{""type"":""MultiPoint"",""coordinates"":[]}"
0000000000000000042a_0,0,KBang,1008,0,0,0,14.289412280819992,108.32686376391476,0,0,1013,16.163984,3418.0222388617694,2701.695657495224,0.13498898435663154,16,train,82,"{""type"":""MultiPoint"",""coordinates"":[]}"
0000000000000000046c_0,0,KBang,655,0,0,0,14.138222000501855,108.54919454243957,0,0,655,21.124956,3335.206618718803,2843.7770705979806,0.6278929272768964,21,train,82,"{""type"":""MultiPoint"",""coordinates"":[]}"
00000000000000000176_0,0,KBang,774,0,0,0,14.197782213272728,108.4117516706692,0,0,774,23.987743,3298.5777985565364,2757.9068181550247,0.14809140280468058,24,train,82,"{""type"":""MultiPoint"",""coordinates"":[]}"
000000000000000003a6_0,0,KBang,698,0,0,0,14.227698322240299,108.48155443855985,0,0,709,23.612404,3116.021737858653,2587.275775269555,0.47103147034248405,24,train,82,"{""type"":""MultiPoint"",""coordinates"":[]}"
00000000000000000532_0,0,KBang,819,0,0,0,14.459999650720613,108.34383956162523,0,0,802,26.115675,3459.4536567032337,2743.57232635276,0.10949302010693696,25,train,82,"{""type"":""MultiPoint"",""coordinates"":[]}"
00000000000000000475_0,0,KBang,939,0,0,0,14.220688615384278,108.46942568369447,0,0,961,22.94738,3116.021737858653,2587.275775269555,0.44440249673267873,30,train,82,"{""type"":""MultiPoint"",""coordinates"":[]}"
000000000000000002ac_0,0,KBang,871,0,0,1,14.376997943711773,108.33360146560652,1,2017,880,29.005236,3714.876072347164,2911.4369120395304,0.056197367922837915,9,train,83,"{""type"":""MultiPoint"",""coordinates"":[]}"
000000000000000004fe_0,0,KBang,881,0,1,0,14.350586688172218,108.51200563965384,1,2022,890,17.126415,3057.4028005301952,2452.323266195249,0.04449617539273121,10,train,83,"{""type"":""MultiPoint"",""coordinates"":[]}"
00000000000000000133_0,0,KBang,632,0,0,0,14.206138568646887,108.6065965503006,0,0,622,11.93857,2921.3837886452675,2499.82747799868,0.7451234856358074,16,train,83,"{""type"":""MultiPoint"",""coordinates"":[]}"
000000000000000003c5_0,0,KBang,798,0,0,0,14.215837113438129,108.40717217388732,0,0,803,16.670391,3484.5955844521523,2837.824403122823,0.5408264741201975,19,train,83,"{""type"":""MultiPoint"",""coordinates"":[]}"
00000000000000000556_0,0,KBang,893,0,0,0,14.12070665156392,108.48047533610492,0,0,909,31.052856,3364.3139811381698,2879.1407314955827,0.536977592633041,21,train,83,"{""type"":""MultiPoint"",""coordinates"":[]}"
00000000000000000534_0,0,KBang,925,0,0,0,14.426043596198625,108.33063616340597,0,0,925,36.14102,3774.6228857189417,2999.9198697531438,0.6086406537779464,36,train,83,"{""type"":""MultiPoint"",""coordinates"":[]}"
00000000000000000311_0,0,KBang,747,0,0,0,14.285635422227719,108.51955043863626,0,0,749,9.105993,3283.608837634325,2704.4453318488963,0.6684447091444872,3,train,85,"{""type"":""MultiPoint"",""coordinates"":[]}"
00000000000000000522_0,0,KBang,694,0,0,0,14.224193468812286,108.56051620001428,0,0,691,6.9161263,2988.904823511839,2527.354326276477,0.7346433508784673,4,train,85,"{""type"":""MultiPoint"",""coordinates"":[]}"
00000000000000000102_0,0,KBang,817,0,0,0,14.094295396024357,108.50176308453406,0,0,816,13.263462,3250.9848297685385,2783.4902848679035,0.7345062405633103,5,train,85,"{""type"":""MultiPoint"",""coordinates"":[]}"
000000000000000003d6_0,0,KBang,838,0,0,0,14.380770343202984,108.57156585242471,0,0,838,4.7245326,3001.057534530759,2400.0190920016626,0.7691718927906632,5,train,85,"{""type"":""MultiPoint"",""coordinates"":[]}"
00000000000000000290_0,0,KBang,987,0,1,0,14.45002910076511,108.45379653450215,1,2022,987,1.914869,3062.020653218031,2418.2485376937757,0.3441093070185779,8,train,85,"{""type"":""MultiPoint"",""coordinates"":[]}"
000000000000000002af_0,0,KBang,1130,0,0,0,14.489376208460714,108.38641951758459,0,0,1130,8.6058235,3139.124945908785,2478.474790363861,0.052729110398164636,9,train,85,"{""type"":""MultiPoint"",""coordinates"":[]}"
00000000000000000392_0,0,KBang,842,0,0,0,14.386968493667277,108.59042784988078,0,0,843,9.250295,3001.057534530759,2400.0190920016626,0.5175476201847862,10,train,85,"{""type"":""MultiPoint"",""coordinates"":[]}"
000000000000000004ad_0,0,KBang,753,0,0,0,14.212336719111175,108.502842186989,0,0,747,15.722257,3132.6109425723553,2663.5936415282367,0.18528777610124458,10,train,85,"{""type"":""MultiPoint"",""coordinates"":[]}"
000000000000000005c4_0,0,KBang,639,0,0,0,14.1331029524925,108.5287138913011,0,0,641,11.017974,3335.206618718803,2843.7770705979806,0.3223012494266787,15,train,85,"{""type"":""MultiPoint"",""coordinates"":[]}"
00000000000000000401_0,0,KBang,903,0,1,0,14.387775590957952,108.41633562655215,1,2022,904,16.644012,3307.1987401247025,2646.067406310553,0.44450187091081816,16,train,85,"{""type"":""MultiPoint"",""coordinates"":[]}"
0000000000000000016b_0,0,KBang,808,0,0,0,14.067349048358386,108.50526793796209,0,0,796,19.984474,3250.9848297685385,2783.4902848679035,0.341802257812287,17,train,85,"{""type"":""MultiPoint"",""coordinates"":[]}"
00000000000000000547_0,0,KBang,870,0,0,0,14.237936418259011,108.47346562924889,0,0,870,18.132322,3116.021737858653,2587.275775269555,0.6278624686762666,18,train,85,"{""type"":""MultiPoint"",""coordinates"":[]}"
00000000000000000420_0,0,KBang,742,0,0,1,14.25249092409746,108.45460363179284,1,2016,736,3.9323614,3299.3934005498886,2718.926994363391,0.4335472370344742,19,train,85,"{""type"":""MultiPoint"",""coordinates"":[]}"
00000000000000000413_0,0,KBang,590,0,0,0,14.139840654184255,108.53625869028352,0,0,567,29.098885,3335.206618718803,2843.7770705979806,0.4954146678852086,20,train,85,"{""type"":""MultiPoint"",""coordinates"":[]}"
00000000000000000397_0,0,KBang,1363,0,0,0,14.203173266446344,108.38669152274883,0,0,1374,12.963612,3508.178902901709,2811.2432915158697,0.6419546558971186,25,train,85,"{""type"":""MultiPoint"",""coordinates"":[]}"
00000000000000000411_0,0,KBang,831,0,0,0,14.254644669906272,108.42253377701644,0,0,831,25.124403,3954.77065885067,3193.707802749039,0.24493186692382407,25,train,85,"{""type"":""MultiPoint"",""coordinates"":[]}"
00000000000000000189_0,0,KBang,887,0,0,1,14.134721606174898,108.45675737760163,1,2018,887,31.63813,3364.3139811381698,2879.1407314955827,0.019164623518390766,32,train,85,"{""type"":""MultiPoint"",""coordinates"":[]}"
0000000000000000038b_0,0,KBang,923,0,0,0,14.141187302702395,108.47131188344008,0,0,900,26.648455,3364.3139811381698,2879.1407314955827,0.5400224627805412,34,train,85,"{""type"":""MultiPoint"",""coordinates"":[]}"
00000000000000000450_0,0,KBang,850,0,0,0,14.101305102880374,108.51362429333624,0,0,850,36.458424,3335.206618718803,2843.7770705979806,0.1897996167526973,36,train,85,"{""type"":""MultiPoint"",""coordinates"":[]}"
0000000000000000029e_0,0,KBang,576,0,0,0,14.228772965594178,108.53033254498351,0,0,576,38.50882,3132.6109425723553,2663.5936415282367,0.5269631704052691,39,train,85,"{""type"":""MultiPoint"",""coordinates"":[]}"
000000000000000004d5_0,0,KBang,1470,0,0,0,14.379958786811263,108.36297356424558,0,0,1493,41.16647,3472.4521907940507,2724.9660693980677,0.638133004031866,39,train,85,"{""type"":""MultiPoint"",""coordinates"":[]}"
00000000000000000157_0,0,KBang,1457,0,0,0,14.309353380730998,108.31284880930377,0,0,1457,40.739544,3590.3718142211437,2839.256492314795,0.5565884146212189,41,train,85,"{""type"":""MultiPoint"",""coordinates"":[]}"
00000000000000000372_0,0,KBang,730,0,0,1,14.223386371521617,108.61118050618353,1,2013,729,5.437567,2921.3837886452675,2499.82747799868,0.48503346096842936,5,train,86,"{""type"":""MultiPoint"",""coordinates"":[]}"
00000000000000000495_0,0,KBang,892,0,0,0,14.385621845149142,108.41714272384283,0,0,897,5.799582,3307.1987401247025,2646.067406310553,0.5023786420428827,6,train,86,"{""type"":""MultiPoint"",""coordinates"":[]}"
000000000000000000e8_0,0,KBang,936,0,0,0,14.326868729668934,108.42576662528019,0,0,941,10.662947,3878.7206017300487,3091.2550926978347,0.27156676316279615,7,train,86,"{""type"":""MultiPoint"",""coordinates"":[]}"
000000000000000004c5_0,0,KBang,1106,0,0,0,14.501232958161832,108.42495952798951,0,0,1100,6.2385106,2982.197799295187,2381.099704130859,0.02665399219307585,9,train,86,"{""type"":""MultiPoint"",""coordinates"":[]}"
00000000000000000635_0,0,KBang,656,0,0,1,14.19347026255405,108.4847872868236,1,2018,653,13.577924,3179.5106303691864,2674.3027243573615,0.4330685750076534,9,train,86,"{""type"":""MultiPoint"",""coordinates"":[]}"
000000000000000004bd_0,0,KBang,815,0,0,1,14.353279985208497,108.50068844118019,1,2015,815,10.48049,3057.4028005301952,2452.323266195249,0.03172215002020318,10,train,86,"{""type"":""MultiPoint"",""coordinates"":[]}"
00000000000000000248_0,0,KBang,669,0,0,0,14.216376664665601,108.58827410407197,0,0,675,7.609286,2988.904823511839,2527.354326276477,0.41327530394659673,11,train,86,"{""type"":""MultiPoint"",""coordinates"":[]}"
000000000000000003da_0,0,KBang,777,0,0,0,14.181073961625467,108.48909923754229,0,0,773,8.759171,3179.5106303691864,2674.3027243573615,0.37979415393521576,11,train,86,"{""type"":""MultiPoint"",""coordinates"":[]}"
00000000000000000444_0,0,KBang,1149,0,0,1,14.516327015227745,108.42361287947138,1,2015,1149,12.451944,2982.197799295187,2381.099704130859,0.4575164650567315,12,train,86,"{""type"":""MultiPoint"",""coordinates"":[]}"
00000000000000000643_0,0,KBang,671,0,0,0,14.049022143028724,108.49475783677912,0,0,674,17.798082,3190.6124956309795,2728.4823353968372,0.7718629234478788,15,train,86,"{""type"":""MultiPoint"",""coordinates"":[]}"
00000000000000000038_0,0,KBang,1001,0,0,0,14.10669169695294,108.4893667836055,0,0,1013,24.3145,3364.3139811381698,2879.1407314955827,0.5447097766613128,16,train,86,"{""type"":""MultiPoint"",""coordinates"":[]}"
00000000000000000287_0,0,KBang,847,0,0,0,14.252218918933197,108.41202367583347,0,0,847,20.71988,3954.77065885067,3193.707802749039,0.007527408127906421,21,train,86,"{""type"":""MultiPoint"",""coordinates"":[]}"
00000000000000000200_0,0,KBang,985,0,0,0,14.457845904911801,108.35057726331698,0,0,981,22.963655,3139.124945908785,2478.474790363861,0.6192679227694017,23,train,86,"{""type"":""MultiPoint"",""coordinates"":[]}"
000000000000000004b9_0,0,KBang,898,0,0,0,14.241441271687018,108.4748167368681,0,0,903,24.395994,3116.021737858653,2587.275775269555,0.23464374108685682,23,train,86,"{""type"":""MultiPoint"",""coordinates"":[]}"
00000000000000000296_0,0,KBang,865,0,0,0,14.254377123843067,108.42603863044445,0,0,874,34.442307,3954.77065885067,3193.707802749039,0.10149913027220303,38,train,86,"{""type"":""MultiPoint"",""coordinates"":[]}"
0000000000000000044f_0,0,KBang,775,0,0,0,14.4839851552871,108.61172005741099,0,0,774,6.737983,3348.708837583661,2705.416131240571,0.7964129359925403,1,train,87,"{""type"":""MultiPoint"",""coordinates"":[]}"
00000000000000000191_0,0,KBang,898,0,0,0,14.476979907532137,108.53545159299286,0,0,901,10.577197,3223.115180581808,2551.5795426868085,0.41450435062920565,6,train,87,"{""type"":""MultiPoint"",""coordinates"":[]}"
000000000000000003f2_0,0,KBang,582,0,0,0,14.182153064080405,108.59285360085386,0,0,582,7.439255,2894.3183166086674,2468.4566263710717,0.6185211453064203,7,train,87,"{""type"":""MultiPoint"",""coordinates"":[]}"
000000000000000004c9_0,0,KBang,901,0,0,1,14.35570573618157,108.51577803914505,1,2011,907,13.437265,3057.4028005301952,2452.323266195249,0.054182090940778194,7,train,87,"{""type"":""MultiPoint"",""coordinates"":[]}"
0000000000000000019a_0,0,KBang,1049,0,1,0,14.4268506934893,108.40932591969613,1,2024,1046,4.6819253,3056.5912619680166,2430.7695342178336,0.17975792019541514,8,train,87,"{""type"":""MultiPoint"",""coordinates"":[]}"
000000000000000002c8_0,0,KBang,684,0,0,0,14.143345507612262,108.48748058385989,0,0,679,3.9305816,3364.3139811381698,2879.1407314955827,0.45456555525836984,9,train,87,"{""type"":""MultiPoint"",""coordinates"":[]}"
0000000000000000004b_0,0,KBang,649,0,0,0,14.224733020039757,108.540303094939,0,0,649,11.3677845,3132.6109425723553,2663.5936415282367,0.20077625559784273,11,train,87,"{""type"":""MultiPoint"",""coordinates"":[]}"
000000000000000003ba_0,0,KBang,922,0,0,0,14.204519914964486,108.40636507659666,0,0,920,14.520768,3484.5955844521523,2837.824403122823,0.39987168668090134,11,train,87,"{""type"":""MultiPoint"",""coordinates"":[]}"
00000000000000000370_0,0,KBang,689,0,0,1,14.275125321044747,108.44948458378346,1,2016,686,10.760643,3954.77065885067,3193.707802749039,0.6547685274784026,14,train,87,"{""type"":""MultiPoint"",""coordinates"":[]}"
0000000000000000020c_0,0,KBang,682,0,0,0,14.14792500439415,108.46619283543073,0,0,682,14.635783,3364.3139811381698,2879.1407314955827,0.2564969679288015,15,train,87,"{""type"":""MultiPoint"",""coordinates"":[]}"
000000000000000005d3_0,0,KBang,975,0,0,0,14.391280444385961,108.445440179128,0,0,975,16.34592,3307.1987401247025,2646.067406310553,0.6581187082486466,16,train,87,"{""type"":""MultiPoint"",""coordinates"":[]}"
00000000000000000250_0,0,KBang,919,0,0,0,14.1331029524925,108.48855968631482,0,0,933,23.6424,3364.3139811381698,2879.1407314955827,0.34863148998529225,18,train,87,"{""type"":""MultiPoint"",""coordinates"":[]}"
00000000000000000015_0,0,KBang,572,0,0,0,14.175143357224385,108.51901088740881,0,0,572,19.255444,2927.8332602009177,2497.137565198986,0.18796398841381323,19,train,87,"{""type"":""MultiPoint"",""coordinates"":[]}"
000000000000000004d1_0,0,KBang,1046,0,1,0,14.4023300967964,108.4052859741417,1,2023,1057,19.64613,3056.5912619680166,2430.7695342178336,0.5005937280914576,20,train,87,"{""type"":""MultiPoint"",""coordinates"":[]}"
0000000000000000002a_0,0,KBang,1074,0,0,0,14.120706651563916,108.47724248784118,0,0,1074,22.201431,3364.3139811381698,2879.1407314955827,0.6396315882622261,22,train,87,"{""type"":""MultiPoint"",""coordinates"":[]}"
00000000000000000390_0,0,KBang,764,0,0,0,14.254377123843067,108.43519762400824,0,0,756,29.948872,3954.77065885067,3193.707802749039,0.12487311245023403,22,train,87,"{""type"":""MultiPoint"",""coordinates"":[]}"
00000000000000000170_0,0,KBang,894,0,0,0,14.18727211208976,108.41902892358843,0,0,915,26.752178,3298.5777985565364,2757.9068181550247,0.778211024101548,23,train,87,"{""type"":""MultiPoint"",""coordinates"":[]}"
000000000000000002f4_0,0,KBang,1167,0,0,0,14.288061173200797,108.32363091565102,0,0,1167,29.668127,3418.0222388617694,2701.695657495224,0.4434138596827576,30,train,87,"{""type"":""MultiPoint"",""coordinates"":[]}"
00000000000000000274_0,0,KBang,1155,0,0,0,14.190776965517767,108.37159746568292,0,0,1174,28.26819,3400.7785373441875,2807.31930743629,0.44927074877825257,36,train,87,"{""type"":""MultiPoint"",""coordinates"":[]}"
000000000000000005e2_0,0,KBang,868,0,0,0,14.300189928066168,108.50769368893515,0,0,832,37.566826,3361.179399266839,2766.2203726602984,0.39354858734953957,47,train,87,"{""type"":""MultiPoint"",""coordinates"":[]}"
000000000000000004fa_0,0,KBang,667,0,0,0,14.145771258585338,108.63381490313083,0,0,667,2.125,2804.7301520854235,2443.1153159725673,0.37870464342114085,0,train,89,"{""type"":""MultiPoint"",""coordinates"":[]}"
000000000000000004bf_0,0,KBang,705,0,0,0,14.242248368977695,108.56778899383244,0,0,705,4.2456317,2988.904823511839,2527.354326276477,0.4891364074807044,1,train,89,"{""type"":""MultiPoint"",""coordinates"":[]}"
0000000000000000020f_0,0,KBang,660,0,0,0,14.154395160022702,108.66265190964344,0,0,659,3.9906237,2859.5566610470414,2490.159314288234,0.38613771760123017,3,train,89,"{""type"":""MultiPoint"",""coordinates"":[]}"
00000000000000000478_0,0,KBang,674,0,0,0,14.155469803376581,108.66507766061652,0,0,674,2.7802885,2859.5566610470414,2490.159314288234,0.43495930241303493,3,train,89,"{""type"":""MultiPoint"",""coordinates"":[]}"
000000000000000005da_0,0,KBang,1103,0,0,0,14.450296646828315,108.39639452664113,0,0,1107,11.609299,3139.124945908785,2478.474790363861,0.19347288993923029,3,train,89,"{""type"":""MultiPoint"",""coordinates"":[]}"
00000000000000000642_0,0,KBang,743,0,0,0,14.291566026628804,108.59689800550935,0,0,743,2.9399023,3002.574410483241,2569.066161002828,0.32224805724768,3,train,89,"{""type"":""MultiPoint"",""coordinates"":[]}"
00000000000000000043_0,0,KBang,1052,0,0,0,14.455420153938721,108.42522707405271,0,0,1052,1.3330436,3082.7387473136187,2420.537351960532,0.7268817463791596,4,train,89,"{""type"":""MultiPoint"",""coordinates"":[]}"
00000000000000000073_0,0,KBang,961,0,0,0,14.372953539056294,108.52197618960933,0,0,961,3.9343498,3057.4028005301952,2452.323266195249,0.7470986551965079,4,train,89,"{""type"":""MultiPoint"",""coordinates"":[]}"
00000000000000000014_0,0,KBang,828,0,0,0,14.281863022736504,108.48344063830547,0,0,828,4.6273675,3299.3934005498886,2718.926994363391,0.19919343510224874,5,train,89,"{""type"":""MultiPoint"",""coordinates"":[]}"
000000000000000000d0_0,0,KBang,659,0,0,0,14.155741808540842,108.6615728071885,0,0,664,7.609805,2859.5566610470414,2490.159314288234,0.3729995536939187,5,train,89,"{""type"":""MultiPoint"",""coordinates"":[]}"
00000000000000000366_0,0,KBang,691,0,0,0,14.201826617928205,108.51335228817199,0,0,691,4.720833,3132.6109425723553,2663.5936415282367,0.16937205385033915,5,train,89,"{""type"":""MultiPoint"",""coordinates"":[]}"
00000000000000000599_0,0,KBang,641,0,0,0,14.181341507688677,108.50823324016262,0,0,641,3.3729062,2927.8332602009177,2497.137565198986,0.07423444325670381,5,train,89,"{""type"":""MultiPoint"",""coordinates"":[]}"
00000000000000000622_0,0,KBang,833,0,0,1,14.382924089011805,108.61926485639341,1,2008,833,5.43863,2952.925736054778,2405.8077794335663,0.6088646180763421,5,train,89,"{""type"":""MultiPoint"",""coordinates"":[]}"
0000000000000000018b_0,0,KBang,1174,0,0,0,14.481559404314025,108.39477587295875,0,0,1174,6.0359874,3139.124945908785,2478.474790363861,0.12475809852044795,6,train,89,"{""type"":""MultiPoint"",""coordinates"":[]}"
000000000000000004c2_0,0,KBang,666,0,0,0,14.222574815129887,108.60498235571924,0,0,662,3.8256664,2921.3837886452675,2499.82747799868,0.4430223655681893,6,train,89,"{""type"":""MultiPoint"",""coordinates"":[]}"
00000000000000000558_0,0,KBang,1190,0,0,0,14.511475513281594,108.38480532300323,0,0,1188,3.4167337,3205.2258018553257,2562.2362008570512,0.3960091881903486,6,train,89,"{""type"":""MultiPoint"",""coordinates"":[]}"
000000000000000000dc_0,0,KBang,768,0,1,0,14.247367416987048,108.4470588328104,1,2024,768,6.803714,3484.5955844521523,2837.824403122823,0.7947344945233902,7,train,89,"{""type"":""MultiPoint"",""coordinates"":[]}"
000000000000000002a6_0,0,KBang,664,0,0,0,14.316898179713432,108.50176308453406,0,0,664,6.805181,3361.179399266839,2766.2203726602984,0.48629853478706897,7,train,89,"{""type"":""MultiPoint"",""coordinates"":[]}"
000000000000000003ca_0,0,KBang,934,0,0,0,14.440326096872809,108.59501180576373,0,0,938,11.128285,3010.9200901687145,2435.0759028388934,0.40759174179586266,7,train,89,"{""type"":""MultiPoint"",""coordinates"":[]}"
000000000000000004c6_0,0,KBang,657,0,0,0,14.234164018767792,108.5993237564824,0,0,658,3.0139377,2988.904823511839,2527.354326276477,0.24350510705371586,7,train,89,"{""type"":""MultiPoint"",""coordinates"":[]}"
00000000000000000469_0,0,KBang,685,0,0,1,14.234164018767796,108.57452669552421,1,2013,685,8.290593,2988.904823511839,2527.354326276477,0.3644305489546007,8,train,89,"{""type"":""MultiPoint"",""coordinates"":[]}"
000000000000000004bb_0,0,KBang,682,0,0,1,14.147385453166684,108.45891558251151,1,2015,682,8.289936,3364.3139811381698,2879.1407314955827,0.7242805122254456,8,train,89,"{""type"":""MultiPoint"",""coordinates"":[]}"
000000000000000001d4_0,0,KBang,667,0,0,0,14.16975676315182,108.54084264616647,0,0,672,6.236587,2927.8332602009177,2497.137565198986,0.48875283024542726,9,train,89,"{""type"":""MultiPoint"",""coordinates"":[]}"
0000000000000000022c_0,0,KBang,794,0,0,0,14.25949617185242,108.4866734865692,0,0,792,6.8039713,3299.3934005498886,2718.926994363391,0.48365480036320696,9,train,89,"{""type"":""MultiPoint"",""coordinates"":[]}"
00000000000000000341_0,0,KBang,1077,0,0,0,14.515515458836015,108.45918312857471,0,0,1077,8.886393,3149.5016675293446,2511.7643873978677,0.3057090697354733,9,train,89,"{""type"":""MultiPoint"",""coordinates"":[]}"
00000000000000000501_0,0,KBang,847,0,0,0,14.17918776187986,108.49179253457856,0,0,849,6.7292686,3179.5106303691864,2674.3027243573615,0.6704034589339137,9,train,89,"{""type"":""MultiPoint"",""coordinates"":[]}"
0000000000000000059f_0,0,KBang,1138,0,0,0,14.433588395181054,108.3799538210571,0,0,1135,8.342715,3230.138293027878,2568.9875608114658,0.309482542053368,9,train,89,"{""type"":""MultiPoint"",""coordinates"":[]}"
000000000000000000b4_0,0,KBang,1001,0,0,1,14.394245746586504,108.42172667972578,1,2007,1006,7.4393687,3307.1987401247025,2646.067406310553,0.11956339878566824,10,train,89,"{""type"":""MultiPoint"",""coordinates"":[]}"
0000000000000000014b_0,0,KBang,993,0,0,0,14.384542742694206,108.30988350710325,0,0,1005,16.42381,3714.876072347164,2911.4369120395304,0.04611452209138245,10,train,89,"{""type"":""MultiPoint"",""coordinates"":[]}"
00000000000000000436_0,0,KBang,1123,0,0,0,14.488029559942579,108.41687517777962,0,0,1124,11.128704,3082.7387473136187,2420.537351960532,0.009782967025429024,10,train,89,"{""type"":""MultiPoint"",""coordinates"":[]}"
00000000000000000464_0,0,KBang,656,0,0,0,14.366755388592013,108.45675737760163,0,0,657,11.65775,3174.5908024162054,2515.3602785260928,0.0617128242508721,10,train,89,"{""type"":""MultiPoint"",""coordinates"":[]}"
000000000000000004f7_0,0,KBang,744,0,0,0,14.253837572615598,108.53033254498351,0,0,744,9.6552,3283.608837634325,2704.4453318488963,0.3372786415507433,10,train,89,"{""type"":""MultiPoint"",""coordinates"":[]}"
00000000000000000515_0,0,KBang,821,0,0,0,14.322017227722784,108.6173786566478,0,0,828,10.140001,2904.3306356593966,2447.77248901683,0.5188698907132622,10,train,89,"{""type"":""MultiPoint"",""coordinates"":[]}"
000000000000000005eb_0,0,KBang,666,0,0,0,14.223653917584823,108.54865499121212,0,0,666,7.8270965,3132.6109425723553,2663.5936415282367,0.6345051164686418,10,train,89,"{""type"":""MultiPoint"",""coordinates"":[]}"
00000000000000000254_0,0,KBang,654,0,0,0,14.178380664589184,108.5025746409258,0,0,657,10.144266,2927.8332602009177,2497.137565198986,0.46316759917740746,11,train,89,"{""type"":""MultiPoint"",""coordinates"":[]}"
00000000000000000286_0,0,KBang,886,0,0,0,14.314744433904615,108.44867302739175,0,0,880,12.670409,3878.7206017300487,3091.2550926978347,0.5843549685722155,11,train,89,"{""type"":""MultiPoint"",""coordinates"":[]}"
000000000000000005d5_0,0,KBang,992,0,0,0,14.138761551729322,108.45055922713735,0,0,992,10.931183,3364.3139811381698,2879.1407314955827,0.6521999056106212,11,train,89,"{""type"":""MultiPoint"",""coordinates"":[]}"
00000000000000000563_0,0,KBang,672,0,0,0,14.247906968214519,108.62519100169347,0,0,680,12.450617,2921.3837886452675,2499.82747799868,0.7256969910582803,12,train,89,"{""type"":""MultiPoint"",""coordinates"":[]}"
00000000000000000068_0,0,KBang,655,0,0,0,14.121513748854593,108.50149553847086,0,0,658,15.035029,3335.206618718803,2843.7770705979806,0.7096999178437468,13,train,89,"{""type"":""MultiPoint"",""coordinates"":[]}"
0000000000000000006d_0,0,KBang,1263,0,0,0,14.5850462215624,108.40312776923186,0,0,1270,12.45229,3143.577323973179,2531.598463432791,0.4657005168312227,13,train,89,"{""type"":""MultiPoint"",""coordinates"":[]}"
0000000000000000006f_0,0,KBang,661,0,0,0,14.203440812509553,108.48748058385989,0,0,671,12.178836,3116.021737858653,2587.275775269555,0.6166945779046219,13,train,89,"{""type"":""MultiPoint"",""coordinates"":[]}"
00000000000000000076_0,0,KBang,689,0,0,0,14.081359543868313,108.47912868758678,0,0,681,4.719204,3222.151947184233,2767.6180477493767,0.13246351158820668,13,train,89,"{""type"":""MultiPoint"",""coordinates"":[]}"
0000000000000000016e_0,0,KBang,689,0,0,0,14.225807663393638,108.49637649046151,0,0,693,7.493569,3116.021737858653,2587.275775269555,0.29998435984915583,14,train,89,"{""type"":""MultiPoint"",""coordinates"":[]}"
00000000000000000253_0,0,KBang,904,0,0,0,14.227965868303505,108.39585497541368,0,0,904,13.6365795,3508.178902901709,2811.2432915158697,0.3138578759508178,14,train,89,"{""type"":""MultiPoint"",""coordinates"":[]}"
00000000000000000293_0,0,KBang,702,0,0,0,14.278630174472758,108.6001308537731,0,0,699,14.447956,3002.574410483241,2569.066161002828,0.24116929037570523,14,train,89,"{""type"":""MultiPoint"",""coordinates"":[]}"
0000000000000000036e_0,0,KBang,993,0,0,0,14.378344592229912,108.40690462782412,0,0,996,17.926327,3307.1987401247025,2646.067406310553,0.4044249381708158,14,train,89,"{""type"":""MultiPoint"",""coordinates"":[]}"
0000000000000000041e_0,0,KBang,634,0,0,0,14.346814288680996,108.4532569832747,0,0,646,22.68665,3410.552547223866,2766.438409104254,0.02226230421293285,14,train,89,"{""type"":""MultiPoint"",""coordinates"":[]}"
000000000000000000db_0,0,KBang,864,0,0,0,14.160053759259524,108.44867302739175,0,0,867,10.406161,3298.5777985565364,2757.9068181550247,0.17057215936542836,15,train,89,"{""type"":""MultiPoint"",""coordinates"":[]}"
0000000000000000010b_0,0,KBang,712,0,0,0,14.2441345687233,108.52763478884617,0,0,712,15.153385,3132.6109425723553,2663.5936415282367,0.5571722510231839,15,train,89,"{""type"":""MultiPoint"",""coordinates"":[]}"
00000000000000000193_0,0,KBang,801,0,0,0,14.290758929338132,108.51469893669012,0,0,802,17.961973,3283.608837634325,2704.4453318488963,0.5103653538183871,15,train,89,"{""type"":""MultiPoint"",""coordinates"":[]}"
000000000000000003e0_0,0,KBang,614,0,0,0,14.12043910550071,108.50742614287194,0,0,606,16.695463,3335.206618718803,2843.7770705979806,0.33574316729168896,15,train,89,"{""type"":""MultiPoint"",""coordinates"":[]}"
00000000000000000491_0,0,KBang,1285,0,0,0,14.55540211775909,108.3837262205483,0,0,1292,14.549727,3121.39150339365,2463.6619402850083,0.6695954090731576,15,train,89,"{""type"":""MultiPoint"",""coordinates"":[]}"
0000000000000000028c_0,0,KBang,898,0,0,0,14.181073961625467,108.43088567328955,0,0,898,16.444302,3298.5777985565364,2757.9068181550247,0.6728849155715241,16,train,89,"{""type"":""MultiPoint"",""coordinates"":[]}"
0000000000000000042d_0,0,KBang,844,0,0,0,14.303155230266709,108.54461504565768,0,0,848,17.353361,3361.179399266839,2766.2203726602984,0.3042395599715929,16,train,89,"{""type"":""MultiPoint"",""coordinates"":[]}"
000000000000000004a5_0,0,KBang,1136,0,0,0,14.195356462299653,108.44112822840931,0,0,1140,15.597273,3298.5777985565364,2757.9068181550247,0.14100549710798305,16,train,89,"{""type"":""MultiPoint"",""coordinates"":[]}"
0000000000000000060b_0,0,KBang,1035,0,0,1,14.411221544296971,108.44517263306479,1,2005,1014,25.682476,3056.5912619680166,2430.7695342178336,0.3668902159730414,16,train,89,"{""type"":""MultiPoint"",""coordinates"":[]}"
00000000000000000628_0,0,KBang,1014,0,0,0,14.452187305674979,108.465381279039,0,0,1014,16.425323,3062.020653218031,2418.2485376937757,0.0540528659070052,16,train,89,"{""type"":""MultiPoint"",""coordinates"":[]}"
00000000000000000631_0,0,KBang,738,0,0,0,14.30153657658431,108.5481198990857,0,0,738,15.951681,3361.179399266839,2766.2203726602984,0.7461090291841639,16,train,89,"{""type"":""MultiPoint"",""coordinates"":[]}"
00000000000000000232_0,0,KBang,670,0,0,0,14.165444812433137,108.4950253828423,0,0,670,16.862148,3179.5106303691864,2674.3027243573615,0.08915415378533853,17,train,89,"{""type"":""MultiPoint"",""coordinates"":[]}"
00000000000000000344_0,0,KBang,752,0,0,0,14.139840654184255,108.46106932832032,0,0,740,23.987553,3364.3139811381698,2879.1407314955827,0.2529812945969879,17,train,89,"{""type"":""MultiPoint"",""coordinates"":[]}"
0000000000000000051c_0,0,KBang,774,0,0,0,14.334417987752422,108.58881365529945,0,0,772,15.492027,3139.498244166374,2607.9216171444064,0.5832642124469393,17,train,89,"{""type"":""MultiPoint"",""coordinates"":[]}"
00000000000000000465_0,0,KBang,828,0,0,0,14.233624467540327,108.41876137752524,0,0,849,28.00032,3484.5955844521523,2837.824403122823,0.32610796703352163,18,train,89,"{""type"":""MultiPoint"",""coordinates"":[]}"
00000000000000000494_0,0,KBang,651,0,0,0,14.263540576507898,108.44867302739175,0,0,651,18.472076,3954.77065885067,3193.707802749039,0.14194063270910906,18,train,89,"{""type"":""MultiPoint"",""coordinates"":[]}"
0000000000000000008b_0,0,KBang,941,0,0,0,14.36217589181012,108.49960933872526,0,0,952,20.636492,3174.5908024162054,2515.3602785260928,0.4616325102183887,19,train,89,"{""type"":""MultiPoint"",""coordinates"":[]}"
00000000000000000100_0,0,KBang,916,0,0,1,14.388315142185421,108.43142522451703,1,2005,916,18.991632,3307.1987401247025,2646.067406310553,0.7959311314146035,19,train,89,"{""type"":""MultiPoint"",""coordinates"":[]}"
000000000000000003ce_0,0,KBang,905,0,0,0,14.36675538859201,108.33521566018787,0,0,891,16.16794,3714.876072347164,2911.4369120395304,0.4904380162820646,19,train,89,"{""type"":""MultiPoint"",""coordinates"":[]}"
0000000000000000043d_0,0,KBang,927,0,0,0,14.220421069321075,108.39585497541368,0,0,927,19.42717,3508.178902901709,2811.2432915158697,0.6707103767876615,19,train,89,"{""type"":""MultiPoint"",""coordinates"":[]}"
00000000000000000632_0,0,KBang,1123,0,0,0,14.441137653264539,108.36028026720929,0,0,1125,13.1715,3230.138293027878,2568.9875608114658,0.534265046201128,19,train,89,"{""type"":""MultiPoint"",""coordinates"":[]}"
0000000000000000000d_0,0,KBang,850,0,0,0,14.17784111336172,108.46295552806593,0,0,873,32.618744,3179.5106303691864,2674.3027243573615,0.49417594043778823,20,train,89,"{""type"":""MultiPoint"",""coordinates"":[]}"
00000000000000000282_0,0,KBang,772,0,0,0,14.176494464843579,108.49098543728789,0,0,786,17.327072,3179.5106303691864,2674.3027243573615,0.16253418151105037,21,train,89,"{""type"":""MultiPoint"",""coordinates"":[]}"
000000000000000005db_0,0,KBang,561,0,0,0,14.14388505883973,108.54326839713954,0,0,554,15.149274,3335.206618718803,2843.7770705979806,0.5341756105306881,21,train,89,"{""type"":""MultiPoint"",""coordinates"":[]}"
000000000000000004fb_0,0,KBang,624,0,0,1,14.20532701225516,108.49826269020713,1,2012,641,15.606578,3116.021737858653,2587.275775269555,0.14786293009649532,22,train,89,"{""type"":""MultiPoint"",""coordinates"":[]}"
000000000000000000ac_0,0,KBang,757,0,0,0,14.295877977347482,108.42522707405271,0,0,768,31.728506,3954.77065885067,3193.707802749039,0.7480824050625603,23,train,89,"{""type"":""MultiPoint"",""coordinates"":[]}"
000000000000000000c4_0,0,KBang,689,0,0,0,14.178380664589184,108.49610448529724,0,0,693,17.622152,3179.5106303691864,2674.3027243573615,0.7032561149576375,23,train,89,"{""type"":""MultiPoint"",""coordinates"":[]}"
00000000000000000431_0,0,KBang,853,0,0,0,14.400171891886531,108.55054119095772,0,0,842,15.609654,3010.9200901687145,2435.0759028388934,0.1690089199446101,23,train,89,"{""type"":""MultiPoint"",""coordinates"":[]}"
00000000000000000467_0,0,KBang,1145,0,0,0,14.420384996961806,108.38723107397632,0,0,1146,23.546516,3230.138293027878,2568.9875608114658,0.30247002327910877,23,train,89,"{""type"":""MultiPoint"",""coordinates"":[]}"
0000000000000000047b_0,0,KBang,855,0,0,0,14.075700944631487,108.49987688478845,0,0,866,20.446507,3222.151947184233,2767.6180477493767,0.707966296247985,23,train,89,"{""type"":""MultiPoint"",""coordinates"":[]}"
00000000000000000425_0,0,KBang,752,0,0,0,14.124479051055134,108.5009559872434,0,0,757,21.896404,3335.206618718803,2843.7770705979806,0.41247380509865184,24,train,89,"{""type"":""MultiPoint"",""coordinates"":[]}"
000000000000000002bc_0,0,KBang,645,0,0,0,14.285907427391981,108.43600918039995,0,0,635,6.3549404,3954.77065885067,3193.707802749039,0.37567179054790145,25,train,89,"{""type"":""MultiPoint"",""coordinates"":[]}"
00000000000000000618_0,0,KBang,690,0,0,0,14.147657458330947,108.46592083026647,0,0,690,24.51375,3364.3139811381698,2879.1407314955827,0.59559254003126,25,train,89,"{""type"":""MultiPoint"",""coordinates"":[]}"
000000000000000000ef_0,0,KBang,838,0,0,0,14.349240039654074,108.44058867718185,0,0,835,28.230936,3878.7206017300487,3091.2550926978347,0.07866799864002372,26,train,89,"{""type"":""MultiPoint"",""coordinates"":[]}"
00000000000000000224_0,0,KBang,1108,0,0,0,14.484524706514566,108.43466253188183,0,0,1123,31.486006,3082.7387473136187,2420.537351960532,0.19669460550280404,26,train,89,"{""type"":""MultiPoint"",""coordinates"":[]}"
0000000000000000035f_0,0,KBang,1030,0,0,0,14.333338885297483,108.56132329730494,0,0,1040,20.028622,3139.498244166374,2607.9216171444064,0.7118672479216982,26,train,89,"{""type"":""MultiPoint"",""coordinates"":[]}"
0000000000000000061d_0,0,KBang,1016,0,0,0,14.326329178441467,108.4211871284983,0,0,1016,27.42653,3878.7206017300487,3091.2550926978347,0.5973978976766976,27,train,89,"{""type"":""MultiPoint"",""coordinates"":[]}"
0000000000000000043c_0,0,KBang,1025,0,0,0,14.085943499751254,108.46619283543073,0,0,1038,33.701283,3222.151947184233,2767.6180477493767,0.09715427895617701,29,train,89,"{""type"":""MultiPoint"",""coordinates"":[]}"
00000000000000000457_0,0,KBang,794,0,0,0,14.394245746586504,108.4516383295923,0,0,818,40.523327,3174.5908024162054,2515.3602785260928,0.1782368177013628,29,train,89,"{""type"":""MultiPoint"",""coordinates"":[]}"
000000000000000005e3_0,0,KBang,1026,0,0,0,14.378612138293123,108.33629476264281,0,0,1014,32.53632,3714.876072347164,2911.4369120395304,0.301748653486993,30,train,89,"{""type"":""MultiPoint"",""coordinates"":[]}"
000000000000000000c7_0,0,KBang,1115,0,0,0,14.378072587065656,108.32389846171421,0,0,1129,29.198347,3714.876072347164,2911.4369120395304,0.21713769084961143,31,train,89,"{""type"":""MultiPoint"",""coordinates"":[]}"
00000000000000000400_0,0,KBang,1119,0,0,0,14.323096330177716,108.32093315951369,0,0,1134,13.721549,3590.3718142211437,2839.256492314795,0.7228060546827174,32,train,89,"{""type"":""MultiPoint"",""coordinates"":[]}"
000000000000000004b4_0,0,KBang,1233,0,0,0,14.477247453595345,108.37105791445548,0,0,1252,26.104952,3139.124945908785,2478.474790363861,0.1476417298372713,32,train,89,"{""type"":""MultiPoint"",""coordinates"":[]}"
000000000000000004c0_0,0,KBang,1390,0,0,0,14.292105577856269,108.41094457337853,0,0,1390,32.406654,3954.77065885067,3193.707802749039,0.3846095598880227,32,train,89,"{""type"":""MultiPoint"",""coordinates"":[]}"
000000000000000004cf_0,0,KBang,746,0,0,0,14.387508044894746,108.45648983153843,0,0,746,31.507454,3174.5908024162054,2515.3602785260928,0.7308159830401025,32,train,89,"{""type"":""MultiPoint"",""coordinates"":[]}"
0000000000000000052f_0,0,KBang,1022,0,0,0,14.382656542948599,108.38857772249445,0,0,1032,25.875635,3472.4521907940507,2724.9660693980677,0.0748711950070664,32,train,89,"{""type"":""MultiPoint"",""coordinates"":[]}"
00000000000000000536_0,0,KBang,796,0,0,0,14.231198716567253,108.46134133348458,0,0,788,18.650454,3116.021737858653,2587.275775269555,0.4835598189639302,34,train,89,"{""type"":""MultiPoint"",""coordinates"":[]}"
000000000000000005c6_0,0,KBang,823,0,0,0,14.241708817750226,108.4095979248604,0,0,817,37.122074,3484.5955844521523,2837.824403122823,0.470443630636148,34,train,89,"{""type"":""MultiPoint"",""coordinates"":[]}"
000000000000000000a0_0,0,KBang,933,0,0,0,14.072196091203478,108.49475783677912,0,0,933,34.648026,3222.151947184233,2767.6180477493767,0.49405846698054956,35,train,89,"{""type"":""MultiPoint"",""coordinates"":[]}"
000000000000000002d5_0,0,KBang,886,0,0,1,14.387236039730485,108.3247055590049,1,2016,862,13.294144,3714.876072347164,2911.4369120395304,0.2760941146526503,35,train,89,"{""type"":""MultiPoint"",""coordinates"":[]}"
0000000000000000017a_0,0,KBang,1021,0,0,0,14.438711902291466,108.35273546822685,0,0,994,34.18795,3230.138293027878,2568.9875608114658,0.4534236229181242,37,train,89,"{""type"":""MultiPoint"",""coordinates"":[]}"
00000000000000000541_0,0,KBang,1502,0,0,0,14.253298021388133,108.38803817126698,0,0,1512,24.30416,3431.17944631353,2736.309887341469,0.12671686091488787,38,train,89,"{""type"":""MultiPoint"",""coordinates"":[]}"
00000000000000000218_0,0,KBang,1046,0,0,0,14.400983448278259,108.31662120879498,0,0,1056,22.181421,3774.6228857189417,2999.9198697531438,0.341251606493747,42,train,89,"{""type"":""MultiPoint"",""coordinates"":[]}"
00000000000000000439_0,0,KBang,913,0,0,0,14.43763279983653,108.32363091565102,0,0,928,34.38443,3774.6228857189417,2999.9198697531438,0.7973460181445609,45,train,89,"{""type"":""MultiPoint"",""coordinates"":[]}"
00000000000000000177_0,0,KBang,859,0,0,0,14.323907886569447,108.44004912595437,0,0,906,40.27454,3878.7206017300487,3091.2550926978347,0.7776683145702972,55,train,89,"{""type"":""MultiPoint"",""coordinates"":[]}"
00000000000000000178_0,0,KBang,677,0,0,1,14.223114366357358,108.57021474480551,1,2015,676,5.6284285,2988.904823511839,2527.354326276477,0.3904789020494892,2,train,90,"{""type"":""MultiPoint"",""coordinates"":[]}"
000000000000000004af_0,0,KBang,1185,0,0,0,14.512822161799736,108.4311576784538,0,0,1182,6.9243402,2982.197799295187,2381.099704130859,0.008931999030504012,2,train,90,"{""type"":""MultiPoint"",""coordinates"":[]}"
00000000000000000567_0,0,KBang,1082,0,0,0,14.371334885373892,108.40879082756972,0,0,1081,3.934322,3307.1987401247025,2646.067406310553,0.21865062168309235,3,train,90,"{""type"":""MultiPoint"",""coordinates"":[]}"
00000000000000000194_0,0,KBang,933,0,0,0,14.473207508040922,108.52386238935495,0,0,933,9.385833,3223.115180581808,2551.5795426868085,0.6224187876578622,4,train,90,"{""type"":""MultiPoint"",""coordinates"":[]}"
0000000000000000022f_0,0,KBang,860,0,0,0,14.193737808617254,108.42549907921698,0,0,851,19.96253,3298.5777985565364,2757.9068181550247,0.07006572897387486,4,train,90,"{""type"":""MultiPoint"",""coordinates"":[]}"
0000000000000000023d_0,0,KBang,902,0,0,0,14.39693904362278,108.52197618960933,0,0,902,3.9347458,3057.4028005301952,2452.323266195249,0.051485482087099466,4,train,90,"{""type"":""MultiPoint"",""coordinates"":[]}"
00000000000000000353_0,0,KBang,897,0,0,0,14.359750140837045,108.6098338576654,0,0,897,3.9341335,2952.925736054778,2405.8077794335663,0.6844289140167107,4,train,90,"{""type"":""MultiPoint"",""coordinates"":[]}"
00000000000000000415_0,0,KBang,924,0,0,0,14.538154314884363,108.54784789392144,0,0,926,3.3746314,3063.1103956103325,2477.7017693946955,0.5657897982707887,4,train,90,"{""type"":""MultiPoint"",""coordinates"":[]}"
000000000000000000a8_0,0,KBang,1065,0,0,0,14.439786545645344,108.41471697286975,0,0,1067,3.3741512,3056.5912619680166,2430.7695342178336,0.4609053009986146,5,train,90,"{""type"":""MultiPoint"",""coordinates"":[]}"
000000000000000000d4_0,0,KBang,967,0,0,0,14.17918776187986,108.43762337498131,0,0,964,9.38534,3298.5777985565364,2757.9068181550247,0.42195769277888706,5,train,90,"{""type"":""MultiPoint"",""coordinates"":[]}"
00000000000000000347_0,0,KBang,1049,0,0,0,14.500425860871156,108.48101488733239,0,0,1051,15.414604,3149.5016675293446,2511.7643873978677,0.6255088397770463,5,train,90,"{""type"":""MultiPoint"",""coordinates"":[]}"
0000000000000000047c_0,0,KBang,1056,0,0,0,14.534649461456352,108.51982244380052,0,0,1056,4.8679876,3063.1103956103325,2477.7017693946955,0.49958900761205116,5,train,90,"{""type"":""MultiPoint"",""coordinates"":[]}"
00000000000000000529_0,0,KBang,1133,0,0,0,14.49099040304206,108.44058867718184,0,0,1133,4.724805,3082.7387473136187,2420.537351960532,0.2968712032913816,5,train,90,"{""type"":""MultiPoint"",""coordinates"":[]}"
0000000000000000005e_0,0,KBang,784,0,0,0,14.24278792020516,108.4473263788736,0,0,786,9.379521,3484.5955844521523,2837.824403122823,0.6963514155904982,6,train,90,"{""type"":""MultiPoint"",""coordinates"":[]}"
0000000000000000006b_0,0,KBang,624,0,1,0,14.170024309215028,108.53302584201977,1,2019,622,3.931016,2927.8332602009177,2497.137565198986,0.5165423268061168,6,train,90,"{""type"":""MultiPoint"",""coordinates"":[]}"
000000000000000000b9_0,0,KBang,964,0,0,0,14.450568651992576,108.52844634523788,0,0,969,12.028707,3223.115180581808,2551.5795426868085,0.22771732598100325,6,train,90,"{""type"":""MultiPoint"",""coordinates"":[]}"
00000000000000000324_0,0,KBang,762,0,0,1,14.25195137286999,108.42172667972578,1,2012,762,5.991206,3954.77065885067,3193.707802749039,0.7701585915371192,6,train,90,"{""type"":""MultiPoint"",""coordinates"":[]}"
00000000000000000554_0,0,KBang,713,0,0,0,14.194816911072188,108.62492345563025,0,0,712,7.943624,2827.968597881496,2459.472389055322,0.10955482323792076,6,train,90,"{""type"":""MultiPoint"",""coordinates"":[]}"
00000000000000000589_0,0,KBang,762,0,0,1,14.296417528574953,108.59527935182693,1,2001,761,9.296685,3002.574410483241,2569.066161002828,0.633615847309423,6,train,90,"{""type"":""MultiPoint"",""coordinates"":[]}"
0000000000000000062a_0,0,KBang,831,0,0,0,14.285367876164512,108.4672674787846,0,0,825,24.08114,3299.3934005498886,2718.926994363391,0.5497117812986244,6,train,90,"{""type"":""MultiPoint"",""coordinates"":[]}"
000000000000000000aa_0,0,KBang,690,0,0,0,14.14388505883973,108.48640148140494,0,0,690,7.4928784,3364.3139811381698,2879.1407314955827,0.11772985799474667,7,train,90,"{""type"":""MultiPoint"",""coordinates"":[]}"
0000000000000000014f_0,0,KBang,1116,0,0,0,14.492609056724465,108.43493007794503,0,0,1118,7.439422,3082.7387473136187,2420.537351960532,0.7530521520050328,7,train,90,"{""type"":""MultiPoint"",""coordinates"":[]}"
00000000000000000586_0,0,KBang,1240,0,0,0,14.549471513358007,108.44678682764615,0,0,1239,8.887382,2982.197799295187,2381.099704130859,0.5414701836858408,7,train,90,"{""type"":""MultiPoint"",""coordinates"":[]}"
00000000000000000608_0,0,KBang,1161,0,0,0,14.52359980904591,108.46188088471206,0,0,1162,9.107654,3149.5016675293446,2511.7643873978677,0.4901154183893325,7,train,90,"{""type"":""MultiPoint"",""coordinates"":[]}"
00000000000000000032_0,0,KBang,801,0,0,1,14.246020768468906,108.44867302739175,1,2014,801,8.012348,3484.5955844521523,2837.824403122823,0.179194847074732,8,train,90,"{""type"":""MultiPoint"",""coordinates"":[]}"
00000000000000000292_0,0,KBang,694,0,0,0,14.234971116058468,108.5842296994165,0,0,694,8.2891,2988.904823511839,2527.354326276477,0.08908318032819185,8,train,90,"{""type"":""MultiPoint"",""coordinates"":[]}"
000000000000000002e3_0,0,KBang,841,0,0,0,14.122864856473786,108.48424773559613,0,0,845,19.239807,3364.3139811381698,2879.1407314955827,0.2692388280764101,8,train,90,"{""type"":""MultiPoint"",""coordinates"":[]}"
000000000000000000c5_0,0,KBang,891,0,0,0,14.177569108197462,108.4139098755791,0,0,890,8.73883,3298.5777985565364,2757.9068181550247,0.38437626497618915,9,train,90,"{""type"":""MultiPoint"",""coordinates"":[]}"
0000000000000000015b_0,0,KBang,1234,0,0,0,14.572110369406351,108.39989492096811,0,0,1236,6.6383705,3121.39150339365,2463.6619402850083,0.4147030358586462,9,train,90,"{""type"":""MultiPoint"",""coordinates"":[]}"
00000000000000000359_0,0,KBang,807,0,0,0,14.317170184877689,108.51389183939943,0,0,807,9.106211,3361.179399266839,2766.2203726602984,0.19037670884601376,9,train,90,"{""type"":""MultiPoint"",""coordinates"":[]}"
000000000000000003cb_0,0,KBang,644,0,0,1,14.219881518093606,108.58018975386207,1,2008,650,13.044711,2988.904823511839,2527.354326276477,0.4205035686536017,9,train,90,"{""type"":""MultiPoint"",""coordinates"":[]}"
00000000000000000059_0,0,KBang,1189,0,0,1,14.537886768821151,108.43439052671755,1,2017,1195,9.878476,2982.197799295187,2381.099704130859,0.7037345089061611,10,train,90,"{""type"":""MultiPoint"",""coordinates"":[]}"
000000000000000000b6_0,0,KBang,1036,0,0,0,14.426315601362885,108.45460363179284,0,0,1034,13.098856,3026.558855623007,2396.239654855617,0.20348122970565308,10,train,90,"{""type"":""MultiPoint"",""coordinates"":[]}"
00000000000000000137_0,0,KBang,878,0,0,0,14.437900345899736,108.60093795106377,0,0,875,12.187781,3179.367648512125,2581.221545913855,0.5936989221943451,10,train,90,"{""type"":""MultiPoint"",""coordinates"":[]}"
0000000000000000023b_0,0,KBang,764,0,0,0,14.126904802028207,108.54191728952034,0,0,757,14.30851,3335.206618718803,2843.7770705979806,0.14182475743100798,10,train,90,"{""type"":""MultiPoint"",""coordinates"":[]}"
000000000000000005de_0,0,KBang,1046,0,0,0,14.426043596198625,108.43654873162743,0,0,1049,12.776816,3056.5912619680166,2430.7695342178336,0.22528351485866238,10,train,90,"{""type"":""MultiPoint"",""coordinates"":[]}"
00000000000000000134_0,0,KBang,1144,0,0,0,14.393434190194775,108.34114626458896,0,0,1139,23.500498,3714.876072347164,2911.4369120395304,0.2206322263989282,11,train,90,"{""type"":""MultiPoint"",""coordinates"":[]}"
00000000000000000252_0,0,KBang,1047,0,0,0,14.461078753175546,108.49880224143459,0,0,1051,10.1637945,3062.020653218031,2418.2485376937757,0.09791844086272705,11,train,90,"{""type"":""MultiPoint"",""coordinates"":[]}"
000000000000000002bb_0,0,KBang,977,0,0,0,14.38184498655687,108.44759838403786,0,0,977,10.664579,3307.1987401247025,2646.067406310553,0.5318070306353226,11,train,90,"{""type"":""MultiPoint"",""coordinates"":[]}"
000000000000000003dd_0,0,KBang,841,0,0,1,14.412300646751904,108.5923140496264,1,2001,845,12.5537195,3010.9200901687145,2435.0759028388934,0.3953499252827133,11,train,90,"{""type"":""MultiPoint"",""coordinates"":[]}"
000000000000000004d9_0,0,KBang,682,0,0,0,14.203440812509553,108.49179253457856,0,0,679,18.1299,3116.021737858653,2587.275775269555,0.3034166444500963,11,train,90,"{""type"":""MultiPoint"",""coordinates"":[]}"
000000000000000004f8_0,0,KBang,1297,0,0,0,14.339537035761776,108.31150216078564,0,0,1300,10.517524,3590.3718142211437,2839.256492314795,0.4729551071001996,11,train,90,"{""type"":""MultiPoint"",""coordinates"":[]}"
0000000000000000042e_0,0,KBang,750,0,0,1,14.464044055376093,108.33656230870601,1,2013,745,2.6646988,3459.4536567032337,2743.57232635276,0.13791492462866184,12,train,90,"{""type"":""MultiPoint"",""coordinates"":[]}"
000000000000000004a3_0,0,KBang,871,0,0,0,14.314472428740356,108.44624727641866,0,0,879,14.520768,3878.7206017300487,3091.2550926978347,0.10508175748546811,12,train,90,"{""type"":""MultiPoint"",""coordinates"":[]}"
000000000000000005b1_0,0,KBang,790,0,0,0,14.190776965517767,108.4715794295033,0,0,788,11.150232,3179.5106303691864,2674.3027243573615,0.6452680193640565,12,train,90,"{""type"":""MultiPoint"",""coordinates"":[]}"
000000000000000005c2_0,0,KBang,757,0,0,0,14.289947372946404,108.61144805224673,0,0,757,12.25213,2920.2753743231297,2494.9070353260336,0.24221751342858655,12,train,90,"{""type"":""MultiPoint"",""coordinates"":[]}"
000000000000000000a9_0,0,KBang,622,0,0,0,14.221495712674951,108.61764620271103,0,0,628,23.270716,2921.3837886452675,2499.82747799868,0.7492576158127925,13,train,90,"{""type"":""MultiPoint"",""coordinates"":[]}"
000000000000000003f9_0,0,KBang,951,0,0,0,14.402869648023866,108.45244542688296,0,0,946,11.827196,3026.558855623007,2396.239654855617,0.7557002611911481,13,train,90,"{""type"":""MultiPoint"",""coordinates"":[]}"
0000000000000000041b_0,0,KBang,705,0,0,1,14.236857315804079,108.56860055022416,1,2012,711,8.976101,2988.904823511839,2527.354326276477,0.6495317586318583,13,train,90,"{""type"":""MultiPoint"",""coordinates"":[]}"
00000000000000000557_0,0,KBang,732,0,0,0,14.317170184877689,108.59527935182693,0,0,732,13.121093,3139.498244166374,2607.9216171444064,0.26028671392676794,13,train,90,"{""type"":""MultiPoint"",""coordinates"":[]}"
00000000000000000594_0,0,KBang,787,0,0,0,14.279169725700223,108.63408690829509,0,0,785,13.924755,2920.2753743231297,2494.9070353260336,0.793890962184511,13,train,90,"{""type"":""MultiPoint"",""coordinates"":[]}"
00000000000000000023_0,0,KBang,835,0,0,0,14.33630418749803,108.43035058116314,0,0,835,13.578914,3878.7206017300487,3091.2550926978347,0.08976854100196674,14,train,90,"{""type"":""MultiPoint"",""coordinates"":[]}"
0000000000000000025b_0,0,KBang,811,0,0,0,14.258417069397487,108.65322091091542,0,0,820,10.268987,2896.2261333167553,2502.428732936438,0.7906134597854936,14,train,90,"{""type"":""MultiPoint"",""coordinates"":[]}"
000000000000000004cc_0,0,KBang,1060,0,0,0,14.375111743966166,108.40097402342305,0,0,1046,21.129871,3307.1987401247025,2646.067406310553,0.7092671793608761,14,train,90,"{""type"":""MultiPoint"",""coordinates"":[]}"
00000000000000000081_0,0,KBang,1118,0,0,0,14.471856400421728,108.44247487692745,0,0,1126,17.10919,3082.7387473136187,2420.537351960532,0.7353173094166764,15,train,90,"{""type"":""MultiPoint"",""coordinates"":[]}"
00000000000000000087_0,0,KBang,1206,0,0,0,14.248446519441984,108.37025081716479,0,0,1211,24.492458,3508.178902901709,2811.2432915158697,0.7699427470734658,15,train,90,"{""type"":""MultiPoint"",""coordinates"":[]}"
000000000000000001bd_0,0,KBang,787,0,0,0,14.12636525080074,108.48829214025162,0,0,793,14.64789,3364.3139811381698,2879.1407314955827,0.2461229747620839,15,train,90,"{""type"":""MultiPoint"",""coordinates"":[]}"
0000000000000000024e_0,0,KBang,1036,0,0,0,14.513629259090408,108.46619283543073,0,0,1044,14.376008,3149.5016675293446,2511.7643873978677,0.05661895529767891,15,train,90,"{""type"":""MultiPoint"",""coordinates"":[]}"
0000000000000000051a_0,0,KBang,1322,0,0,0,14.497728104733824,108.36593886644611,0,0,1322,16.389252,3139.124945908785,2478.474790363861,0.13643337535127287,16,train,90,"{""type"":""MultiPoint"",""coordinates"":[]}"
00000000000000000600_0,0,KBang,1105,0,1,0,14.502312060616765,108.40959792486039,1,2020,1095,7.6738324,2982.197799295187,2381.099704130859,0.41714703885581195,16,train,90,"{""type"":""MultiPoint"",""coordinates"":[]}"
00000000000000000002_0,0,KBang,920,0,0,0,14.345735186226063,108.33521566018787,0,0,919,18.79619,3590.3718142211437,2839.256492314795,0.7370170788060728,17,train,90,"{""type"":""MultiPoint"",""coordinates"":[]}"
000000000000000002a5_0,0,KBang,891,0,0,0,14.192123614035907,108.38857772249445,0,0,896,18.67198,3400.7785373441875,2807.31930743629,0.3659645565400437,17,train,90,"{""type"":""MultiPoint"",""coordinates"":[]}"
000000000000000002ce_0,0,KBang,1027,0,0,0,14.559442063313513,108.53275829595658,0,0,1036,18.492376,3497.1619696319103,2845.7789758288777,0.07266727451900579,17,train,90,"{""type"":""MultiPoint"",""coordinates"":[]}"
00000000000000000511_0,0,KBang,820,0,0,0,14.094295396024357,108.50634704041703,0,0,799,28.8655,3250.9848297685385,2783.4902848679035,0.29569200405452456,17,train,90,"{""type"":""MultiPoint"",""coordinates"":[]}"
00000000000000000085_0,0,KBang,849,0,0,0,14.071660999077066,108.46106932832032,0,0,848,17.190676,3222.151947184233,2767.6180477493767,0.19697198593984833,18,train,90,"{""type"":""MultiPoint"",""coordinates"":[]}"
0000000000000000032a_0,0,KBang,647,0,0,0,14.215569567374926,108.6157600029654,0,0,643,11.853442,2921.3837886452675,2499.82747799868,0.4505673870837321,18,train,90,"{""type"":""MultiPoint"",""coordinates"":[]}"
000000000000000004d2_0,0,KBang,942,0,0,0,14.446256701273896,108.5206295410912,0,0,942,18.291805,3022.832878291607,2439.8191594331984,0.5351779731077438,18,train,90,"{""type"":""MultiPoint"",""coordinates"":[]}"
0000000000000000029d_0,0,KBang,843,0,0,0,14.40987489577883,108.59016030381757,0,0,840,15.413488,3010.9200901687145,2435.0759028388934,0.7704639509431436,19,train,90,"{""type"":""MultiPoint"",""coordinates"":[]}"
000000000000000004de_0,0,KBang,1171,0,0,0,14.186465014799085,108.4473263788736,0,0,1179,18.278885,3298.5777985565364,2757.9068181550247,0.3023428530545552,19,train,90,"{""type"":""MultiPoint"",""coordinates"":[]}"
00000000000000000544_0,0,KBang,878,0,0,0,14.080012895350167,108.46295552806593,0,0,891,16.919012,3222.151947184233,2767.6180477493767,0.07334795296829677,19,train,90,"{""type"":""MultiPoint"",""coordinates"":[]}"
00000000000000000063_0,0,KBang,988,0,0,0,14.38184498655687,108.39181057075821,0,0,1001,22.252464,3472.4521907940507,2724.9660693980677,0.15873697850367796,20,train,90,"{""type"":""MultiPoint"",""coordinates"":[]}"
00000000000000000080_0,0,KBang,1075,0,0,0,14.3387299384711,108.31635366273179,0,0,1081,12.206602,3590.3718142211437,2839.256492314795,0.3474989332068963,20,train,90,"{""type"":""MultiPoint"",""coordinates"":[]}"
000000000000000003d2_0,0,KBang,934,0,0,0,14.387236039730485,108.5206295410912,0,0,925,17.620445,3057.4028005301952,2452.323266195249,0.5209989221903257,20,train,90,"{""type"":""MultiPoint"",""coordinates"":[]}"
00000000000000000107_0,0,KBang,783,0,0,0,14.323907886569447,108.5758778031434,0,0,772,18.028782,3139.498244166374,2607.9216171444064,0.7582573311697204,21,train,90,"{""type"":""MultiPoint"",""coordinates"":[]}"
0000000000000000015e_0,0,KBang,1192,0,0,0,14.12528614834581,108.47562383415878,0,0,1201,19.228209,3364.3139811381698,2879.1407314955827,0.2895410344686046,21,train,90,"{""type"":""MultiPoint"",""coordinates"":[]}"
00000000000000000440_0,0,KBang,1092,0,0,0,14.370799793247482,108.40259267710545,0,0,1092,20.720192,3307.1987401247025,2646.067406310553,0.15408551446203123,21,train,90,"{""type"":""MultiPoint"",""coordinates"":[]}"
00000000000000000583_0,0,KBang,700,0,0,0,14.125286148345806,108.52386238935496,0,0,692,22.842058,3335.206618718803,2843.7770705979806,0.5556282767499472,21,train,90,"{""type"":""MultiPoint"",""coordinates"":[]}"
000000000000000000fc_0,0,KBang,1349,0,0,0,14.207752763228235,108.36351311547303,0,0,1362,25.072044,3508.178902901709,2811.2432915158697,0.6861723458807791,22,train,90,"{""type"":""MultiPoint"",""coordinates"":[]}"
0000000000000000028e_0,0,KBang,873,0,0,0,14.181341507688677,108.41876137752524,0,0,876,14.635817,3298.5777985565364,2757.9068181550247,0.6092722063349293,22,train,90,"{""type"":""MultiPoint"",""coordinates"":[]}"
00000000000000000351_0,0,KBang,867,0,0,0,14.457306353684338,108.3424929131071,0,0,852,31.874983,3459.4536567032337,2743.57232635276,0.22438110930398036,22,train,90,"{""type"":""MultiPoint"",""coordinates"":[]}"
00000000000000000109_0,0,KBang,994,0,0,0,14.314204882677148,108.52844634523788,0,0,999,20.3688,3361.179399266839,2766.2203726602984,0.5985488362921472,23,train,90,"{""type"":""MultiPoint"",""coordinates"":[]}"
00000000000000000260_0,0,KBang,1121,0,0,0,14.209099411746374,108.38992437101258,0,0,1130,10.145211,3508.178902901709,2811.2432915158697,0.09548370713494936,23,train,90,"{""type"":""MultiPoint"",""coordinates"":[]}"
0000000000000000043f_0,0,KBang,570,0,0,0,14.206138568646887,108.59042784988078,0,0,572,21.541191,2988.904823511839,2527.354326276477,0.4718264536340221,23,train,90,"{""type"":""MultiPoint"",""coordinates"":[]}"
00000000000000000396_0,0,KBang,1584,0,0,0,14.302883225102446,108.39181057075821,0,0,1596,25.081327,3387.77566537261,2679.882828244465,0.16200979656301884,24,train,90,"{""type"":""MultiPoint"",""coordinates"":[]}"
00000000000000000024_0,0,KBang,1052,0,0,0,14.40448384260521,108.42226177185219,0,0,1060,9.534119,3056.5912619680166,2430.7695342178336,0.38398877354728644,25,train,90,"{""type"":""MultiPoint"",""coordinates"":[]}"
000000000000000003d4_0,0,KBang,748,0,0,0,14.285100330101304,108.42899947354395,0,0,758,29.699554,3954.77065885067,3193.707802749039,0.402237769374831,25,train,90,"{""type"":""MultiPoint"",""coordinates"":[]}"
00000000000000000479_0,0,KBang,1018,0,0,0,14.327680286060659,108.55054119095772,0,0,1030,17.81604,3139.498244166374,2607.9216171444064,0.6257237556524489,25,train,90,"{""type"":""MultiPoint"",""coordinates"":[]}"
00000000000000000568_0,0,KBang,828,0,0,0,14.320942584368904,108.55727889264946,0,0,832,19.252708,3139.498244166374,2607.9216171444064,0.5178524326288904,25,train,90,"{""type"":""MultiPoint"",""coordinates"":[]}"
0000000000000000000b_0,0,KBang,723,0,0,0,14.103191302625982,108.51766423889066,0,0,705,12.022889,3335.206618718803,2843.7770705979806,0.33224376684819334,26,train,90,"{""type"":""MultiPoint"",""coordinates"":[]}"
000000000000000005f1_0,0,KBang,1272,0,0,0,14.494227710406866,108.36701796890104,0,0,1279,19.918308,3139.124945908785,2478.474790363861,0.022461289139860008,26,train,90,"{""type"":""MultiPoint"",""coordinates"":[]}"
00000000000000000186_0,0,KBang,1034,0,0,0,14.175143357224385,108.42738527896259,0,0,1043,7.6629305,3298.5777985565364,2757.9068181550247,0.13250414424925694,27,train,90,"{""type"":""MultiPoint"",""coordinates"":[]}"
000000000000000005d8_0,0,KBang,1001,0,0,0,14.561332722160175,108.55189229857692,0,0,1017,17.314375,3182.7490888275206,2585.4666109299883,0.46008411511047265,27,train,90,"{""type"":""MultiPoint"",""coordinates"":[]}"
00000000000000000000_0,0,KBang,1333,0,0,0,14.402869648023866,108.38399376661151,0,0,1349,25.25047,3230.138293027878,2568.9875608114658,0.6237533568138378,28,train,90,"{""type"":""MultiPoint"",""coordinates"":[]}"
0000000000000000004c_0,0,KBang,792,0,0,0,14.316358628485963,108.49233208580604,0,0,792,28.3768,3410.552547223866,2766.438409104254,0.20782780771409048,28,train,90,"{""type"":""MultiPoint"",""coordinates"":[]}"
00000000000000000349_0,0,KBang,991,0,0,1,14.3910084392217,108.40717217388732,1,2004,1001,26.16741,3307.1987401247025,2646.067406310553,0.7343882797714607,28,train,90,"{""type"":""MultiPoint"",""coordinates"":[]}"
000000000000000001af_0,0,KBang,1259,0,0,0,14.415805500179912,108.38695906881206,0,0,1259,28.958014,3230.138293027878,2568.9875608114658,0.023503106851959332,29,train,90,"{""type"":""MultiPoint"",""coordinates"":[]}"
0000000000000000039d_0,0,KBang,811,0,0,0,14.302883225102446,108.54569414811262,0,0,819,25.011503,3361.179399266839,2766.2203726602984,0.6515505382524769,29,train,90,"{""type"":""MultiPoint"",""coordinates"":[]}"
00000000000000000512_0,0,KBang,741,0,0,0,14.155741808540842,108.4616088795478,0,0,742,26.022043,3179.5106303691864,2674.3027243573615,0.3443501190274697,29,train,90,"{""type"":""MultiPoint"",""coordinates"":[]}"
00000000000000000542_0,0,KBang,1276,0,0,0,14.410142441842039,108.30099205960266,0,0,1289,18.632559,3774.6228857189417,2999.9198697531438,0.172459601981517,29,train,90,"{""type"":""MultiPoint"",""coordinates"":[]}"
000000000000000000ad_0,0,KBang,789,0,0,0,14.302076127811775,108.54596169417582,0,0,785,25.898485,3361.179399266839,2766.2203726602984,0.5652331723694533,30,train,90,"{""type"":""MultiPoint"",""coordinates"":[]}"
000000000000000002ad_0,0,KBang,1229,0,0,0,14.222574815129887,108.37564187033841,0,0,1246,32.50032,3508.178902901709,2811.2432915158697,0.7223738880586343,31,train,90,"{""type"":""MultiPoint"",""coordinates"":[]}"
0000000000000000015d_0,0,KBang,1231,0,0,0,14.353279985208497,108.3147350090494,0,0,1231,31.506886,3714.876072347164,2911.4369120395304,0.26315034284454575,32,train,90,"{""type"":""MultiPoint"",""coordinates"":[]}"
000000000000000002dc_0,0,KBang,698,0,0,0,14.130137650291957,108.55970464362254,0,0,678,26.708546,2848.0301147326827,2458.056594692424,0.7616572388300474,32,train,90,"{""type"":""MultiPoint"",""coordinates"":[]}"
0000000000000000045e_0,0,KBang,1017,0,0,0,14.378612138293123,108.3346761089604,0,0,1001,37.0844,3714.876072347164,2911.4369120395304,0.4111417202366213,32,train,90,"{""type"":""MultiPoint"",""coordinates"":[]}"
0000000000000000008f_0,0,KBang,1264,0,0,0,14.495034807697541,108.36863216348239,0,0,1284,28.673037,3139.124945908785,2478.474790363861,0.2971279880387103,34,train,90,"{""type"":""MultiPoint"",""coordinates"":[]}"
00000000000000000559_0,0,KBang,1356,0,0,0,14.40259764285961,108.38264711809336,0,0,1389,35.51169,3230.138293027878,2568.9875608114658,0.405564400083508,34,train,90,"{""type"":""MultiPoint"",""coordinates"":[]}"
00000000000000000263_0,0,KBang,1104,0,0,0,14.467816454867307,108.40636507659664,0,0,1129,23.11582,3082.7387473136187,2420.537351960532,0.7955123634430903,35,train,90,"{""type"":""MultiPoint"",""coordinates"":[]}"
0000000000000000039a_0,0,KBang,1222,0,0,0,14.057106493238619,108.47131188344008,0,0,1221,30.95856,3222.151947184233,2767.6180477493767,0.5115876865517573,35,train,90,"{""type"":""MultiPoint"",""coordinates"":[]}"
0000000000000000042f_0,0,KBang,1032,0,0,0,14.329294480642007,108.32443801294168,0,0,1043,32.093662,3590.3718142211437,2839.256492314795,0.4151610717318748,35,train,90,"{""type"":""MultiPoint"",""coordinates"":[]}"
000000000000000001ac_0,0,KBang,1028,0,0,0,14.389394244640354,108.3441115667895,0,0,1033,48.242867,3714.876072347164,2911.4369120395304,0.6247645025474835,36,train,90,"{""type"":""MultiPoint"",""coordinates"":[]}"
00000000000000000518_0,0,KBang,704,0,0,0,14.130137650291957,108.5128127369445,0,0,704,36.13576,3335.206618718803,2843.7770705979806,0.5737986082997336,36,train,90,"{""type"":""MultiPoint"",""coordinates"":[]}"
000000000000000002e4_0,0,KBang,1206,0,0,0,14.35112623939968,108.36378512063729,0,0,1228,28.659674,3472.4521907940507,2724.9660693980677,0.4493412244848034,37,train,90,"{""type"":""MultiPoint"",""coordinates"":[]}"
000000000000000002f0_0,0,KBang,1188,0,0,0,14.268392078454045,108.41202367583347,0,0,1200,44.471893,3954.77065885067,3193.707802749039,0.6859041198741626,39,train,90,"{""type"":""MultiPoint"",""coordinates"":[]}"
000000000000000000cc_0,0,KBang,804,0,0,0,14.42981599568984,108.33332946044226,0,0,818,41.166298,3774.6228857189417,2999.9198697531438,0.7104612798087878,43,train,90,"{""type"":""MultiPoint"",""coordinates"":[]}"
0000000000000000005b_0,0,KBang,1061,0,0,0,14.419845445734337,108.31473500904939,0,0,1064,42.109783,3774.6228857189417,2999.9198697531438,0.7435250772442147,45,train,90,"{""type"":""MultiPoint"",""coordinates"":[]}"
000000000000000000ea_0,0,KBang,1232,0,0,0,14.526297565183247,108.39935536974065,0,0,1231,2.086887,3205.2258018553257,2562.2362008570512,0.37411310667914943,2,train,91,"{""type"":""MultiPoint"",""coordinates"":[]}"
000000000000000005bb_0,0,KBang,687,0,0,0,14.271624926717793,108.55593224413134,0,0,687,3.414149,3002.574410483241,2569.066161002828,0.21319333252127348,3,train,91,"{""type"":""MultiPoint"",""coordinates"":[]}"
00000000000000000093_0,0,KBang,976,0,0,0,14.49314860795193,108.49044588606041,0,0,976,3.8262095,3062.020653218031,2418.2485376937757,0.5699838434137617,5,train,91,"{""type"":""MultiPoint"",""coordinates"":[]}"
0000000000000000058e_0,0,KBang,697,0,0,0,14.17972731310733,108.66696386036215,0,0,697,4.7205315,2859.5566610470414,2490.159314288234,0.06542497934335423,5,train,91,"{""type"":""MultiPoint"",""coordinates"":[]}"
0000000000000000019b_0,0,KBang,925,0,0,0,14.440598102037074,108.59905175131814,0,0,915,11.939564,3010.9200901687145,2435.0759028388934,0.5246265212749073,7,train,91,"{""type"":""MultiPoint"",""coordinates"":[]}"
00000000000000000433_0,0,KBang,931,0,0,0,14.377805041002444,108.52494149180987,0,0,934,13.772029,3057.4028005301952,2452.323266195249,0.6936840470046999,7,train,91,"{""type"":""MultiPoint"",""coordinates"":[]}"
000000000000000001d0_0,0,KBang,767,0,0,0,14.25195137286999,108.64297835579565,0,0,773,8.597178,2920.2753743231297,2494.9070353260336,0.41600815226088095,8,train,91,"{""type"":""MultiPoint"",""coordinates"":[]}"
00000000000000000163_0,0,KBang,964,0,0,0,14.334145982588158,108.56320949705056,0,0,971,14.181818,3139.498244166374,2607.9216171444064,0.568653645133003,9,train,91,"{""type"":""MultiPoint"",""coordinates"":[]}"
00000000000000000285_0,0,KBang,755,0,0,0,14.300189928066168,108.5977051028,0,0,754,5.547545,3139.498244166374,2607.9216171444064,0.30097460028457723,9,train,91,"{""type"":""MultiPoint"",""coordinates"":[]}"
00000000000000000143_0,0,KBang,924,0,0,0,14.40448384260521,108.54650124540329,0,0,922,6.8070474,3022.832878291607,2439.8191594331984,0.16883429505025116,10,train,91,"{""type"":""MultiPoint"",""coordinates"":[]}"
00000000000000000592_0,0,KBang,821,0,0,0,14.464044055376093,108.63543355681321,0,0,826,11.550682,3348.708837583661,2705.416131240571,0.35955460132203665,11,train,91,"{""type"":""MultiPoint"",""coordinates"":[]}"
00000000000000000028_0,0,KBang,930,0,0,0,14.308274278276066,108.52467394574667,0,0,940,27.611212,3361.179399266839,2766.2203726602984,0.4435428617955699,12,train,91,"{""type"":""MultiPoint"",""coordinates"":[]}"
000000000000000005b4_0,0,KBang,836,0,0,0,14.497460558670616,108.61791820787528,0,0,837,10.782485,3348.708837583661,2705.416131240571,0.4077048235185389,12,train,91,"{""type"":""MultiPoint"",""coordinates"":[]}"
0000000000000000001c_0,0,KBang,870,0,0,0,14.255456226298,108.47050478614942,0,0,861,13.638064,3299.3934005498886,2718.926994363391,0.09614333309272949,13,train,91,"{""type"":""MultiPoint"",""coordinates"":[]}"
0000000000000000004a_0,0,KBang,822,0,0,0,14.322828784114511,108.60956185250112,0,0,825,11.354658,2904.3306356593966,2447.77248901683,0.471202500717935,13,train,91,"{""type"":""MultiPoint"",""coordinates"":[]}"
000000000000000001fe_0,0,KBang,1031,0,0,0,14.328219837288131,108.41822182629775,0,0,1038,14.18147,3878.7206017300487,3091.2550926978347,0.35884914949455815,13,train,91,"{""type"":""MultiPoint"",""coordinates"":[]}"
0000000000000000045a_0,0,KBang,1245,0,0,0,14.545971119031053,108.42010802604337,0,0,1250,10.547732,2982.197799295187,2381.099704130859,0.5965726300803035,13,train,91,"{""type"":""MultiPoint"",""coordinates"":[]}"
000000000000000002f6_0,0,KBang,1138,0,0,0,14.464311601439295,108.42981102993566,0,0,1138,14.454912,3082.7387473136187,2420.537351960532,0.12547271467583987,14,train,91,"{""type"":""MultiPoint"",""coordinates"":[]}"
000000000000000003f7_0,0,KBang,1206,0,0,0,14.549203967294801,108.43978157989118,0,0,1216,20.74943,2982.197799295187,2381.099704130859,0.6173504877721381,15,train,91,"{""type"":""MultiPoint"",""coordinates"":[]}"
000000000000000004e1_0,0,KBang,868,0,0,1,14.255184221133739,108.47077233221263,1,2014,870,4.245826,3299.3934005498886,2718.926994363391,0.5772062685708763,16,train,91,"{""type"":""MultiPoint"",""coordinates"":[]}"
000000000000000004d3_0,0,KBang,1241,0,0,0,14.36891359350188,108.35812206229943,0,0,1247,17.84621,3472.4521907940507,2724.9660693980677,0.6784422939985736,17,train,91,"{""type"":""MultiPoint"",""coordinates"":[]}"
000000000000000000d3_0,0,KBang,1012,0,0,0,14.214490464919994,108.44247487692745,0,0,1023,15.372214,3484.5955844521523,2837.824403122823,0.6868771153350784,20,train,91,"{""type"":""MultiPoint"",""coordinates"":[]}"
00000000000000000633_0,0,KBang,1145,0,0,0,14.534381915393148,108.48586638927853,0,0,1145,23.321507,3149.5016675293446,2511.7643873978677,0.3919929178009509,23,train,91,"{""type"":""MultiPoint"",""coordinates"":[]}"
00000000000000000213_0,0,KBang,1349,0,0,0,14.558634966022842,108.36621087161036,0,0,1363,24.818901,3121.39150339365,2463.6619402850083,0.7101516556489896,25,train,91,"{""type"":""MultiPoint"",""coordinates"":[]}"
000000000000000001ec_0,0,KBang,1309,0,0,0,14.253565567451338,108.39369677050382,0,0,1309,27.129068,3431.17944631353,2736.309887341469,0.791857780021275,27,train,91,"{""type"":""MultiPoint"",""coordinates"":[]}"
00000000000000000069_0,0,KBang,1279,0,0,0,14.27701597989141,108.39746916999503,0,0,1310,22.451511,3431.17944631353,2736.309887341469,0.014502703836110076,41,train,91,"{""type"":""MultiPoint"",""coordinates"":[]}"
000000000000000001be_0,0,KBang,1259,0,0,0,14.546506211157464,108.41229122189667,0,0,1258,9.878824,2982.197799295187,2381.099704130859,0.4197329395865864,5,train,92,"{""type"":""MultiPoint"",""coordinates"":[]}"
0000000000000000059b_0,0,KBang,949,0,0,0,14.416880143533794,108.50580748918954,0,0,953,11.484218,3022.832878291607,2439.8191594331984,0.6519577312134678,5,train,92,"{""type"":""MultiPoint"",""coordinates"":[]}"
0000000000000000012a_0,0,KBang,1492,0,0,0,14.235243121222728,108.32551711539664,0,0,1496,14.749019,3513.8358694799244,2786.476151139564,0.029075528499122205,8,train,92,"{""type"":""MultiPoint"",""coordinates"":[]}"
0000000000000000005d_0,0,KBang,663,0,0,0,14.211525162719452,108.54326839713954,0,0,655,10.154172,3132.6109425723553,2663.5936415282367,0.6129021991234436,9,train,92,"{""type"":""MultiPoint"",""coordinates"":[]}"
0000000000000000059c_0,0,KBang,1003,0,0,0,14.53680766636622,108.52386238935496,0,0,1008,8.887012,3063.1103956103325,2477.7017693946955,0.014383704437732403,9,train,92,"{""type"":""MultiPoint"",""coordinates"":[]}"
000000000000000005ac_0,0,KBang,1477,0,0,0,14.234703569995261,108.33144326069664,0,0,1477,10.934553,3513.8358694799244,2786.476151139564,0.3942029462155068,11,train,92,"{""type"":""MultiPoint"",""coordinates"":[]}"
00000000000000000091_0,0,KBang,1138,0,0,0,14.172182514124898,108.43762337498131,0,0,1138,12.206132,3298.5777985565364,2757.9068181550247,0.3672214844832211,12,train,92,"{""type"":""MultiPoint"",""coordinates"":[]}"
00000000000000000414_0,0,KBang,1640,0,0,0,14.25841706939749,108.33629476264281,0,0,1633,9.655392,3418.0222388617694,2701.695657495224,0.19637046268173175,14,train,92,"{""type"":""MultiPoint"",""coordinates"":[]}"
00000000000000000423_0,0,KBang,1037,0,0,0,14.28132793061009,108.32901750972357,0,0,1037,13.899543,3418.0222388617694,2701.695657495224,0.6098203621009194,14,train,92,"{""type"":""MultiPoint"",""coordinates"":[]}"
0000000000000000042c_0,0,KBang,826,0,0,1,14.308546283440327,108.56024419485,1,2012,829,8.978645,3139.498244166374,2607.9216171444064,0.74437856305637,14,train,92,"{""type"":""MultiPoint"",""coordinates"":[]}"
000000000000000005c5_0,0,KBang,1520,0,0,0,14.240901720459552,108.33306191437904,0,0,1528,16.470636,3513.8358694799244,2786.476151139564,0.1462462128457277,16,train,92,"{""type"":""MultiPoint"",""coordinates"":[]}"
00000000000000000617_0,0,KBang,1060,0,0,0,14.459732104657409,108.50364928427967,0,0,1060,15.9622555,3223.115180581808,2551.5795426868085,0.5047409279022812,16,train,92,"{""type"":""MultiPoint"",""coordinates"":[]}"
00000000000000000327_0,0,KBang,1133,0,0,0,14.170563860442497,108.41013747608785,0,0,1133,16.993793,3298.5777985565364,2757.9068181550247,0.12939768964316312,17,train,92,"{""type"":""MultiPoint"",""coordinates"":[]}"
00000000000000000040_0,0,KBang,1471,0,0,0,14.231738267794718,108.35057726331698,0,0,1477,20.629509,3508.178902901709,2811.2432915158697,0.11453901076166151,18,train,92,"{""type"":""MultiPoint"",""coordinates"":[]}"
00000000000000000164_0,0,KBang,646,0,0,1,14.235510667285936,108.51847133618134,1,2006,633,31.16128,3132.6109425723553,2663.5936415282367,0.2198001088238415,21,train,92,"{""type"":""MultiPoint"",""coordinates"":[]}"
00000000000000000112_0,0,KBang,670,0,1,0,14.207752763228235,108.50203508969832,1,2021,670,24.74419,3132.6109425723553,2663.5936415282367,0.026431737411764855,25,train,92,"{""type"":""MultiPoint"",""coordinates"":[]}"
0000000000000000038e_0,0,KBang,1232,0,0,0,14.227698322240299,108.37672097279335,0,0,1232,27.147509,3508.178902901709,2811.2432915158697,0.45669309817711756,27,train,92,"{""type"":""MultiPoint"",""coordinates"":[]}"
000000000000000003a4_0,0,KBang,1526,0,0,0,14.259496171852417,108.37536986517414,0,0,1537,32.867233,3431.17944631353,2736.309887341469,0.5327964982381718,28,train,92,"{""type"":""MultiPoint"",""coordinates"":[]}"
0000000000000000055d_0,0,KBang,1288,0,0,0,14.376997943711773,108.36836461741918,0,0,1288,24.626848,3472.4521907940507,2724.9660693980677,0.025112379596696766,30,train,92,"{""type"":""MultiPoint"",""coordinates"":[]}"
000000000000000002ee_0,0,KBang,1481,0,0,0,14.254105118678806,108.33440856289718,0,0,1461,33.86989,3418.0222388617694,2701.695657495224,0.2697430485104534,32,train,92,"{""type"":""MultiPoint"",""coordinates"":[]}"
000000000000000004ac_0,0,KBang,1339,0,0,0,14.278630174472761,108.39935536974065,0,0,1373,26.733622,3431.17944631353,2736.309887341469,0.26196951877190555,33,train,92,"{""type"":""MultiPoint"",""coordinates"":[]}"
00000000000000000367_0,0,KBang,689,0,0,0,14.253565567451338,108.48694103263242,0,0,689,2.0863512,3299.3934005498886,2718.926994363391,0.7650315650556632,2,train,94,"{""type"":""MultiPoint"",""coordinates"":[]}"
00000000000000000521_0,0,KBang,1007,0,0,0,14.561332722160175,108.53571913905606,0,0,1010,8.560181,3497.1619696319103,2845.7789758288777,0.5118429336176457,2,train,94,"{""type"":""MultiPoint"",""coordinates"":[]}"
00000000000000000046_0,0,KBang,849,0,0,1,14.326868729668938,108.61333425199234,1,2008,849,3.0150607,2904.3306356593966,2447.77248901683,0.15749298742084172,3,train,94,"{""type"":""MultiPoint"",""coordinates"":[]}"
000000000000000000d1_0,0,KBang,1023,0,0,0,14.391819995613428,108.44112822840931,0,0,1023,4.247913,3307.1987401247025,2646.067406310553,0.47495706247660774,4,train,94,"{""type"":""MultiPoint"",""coordinates"":[]}"
00000000000000000169_0,0,KBang,1174,0,0,0,14.495302353760747,108.45191033475653,0,0,1168,18.215546,3062.020653218031,2418.2485376937757,0.20622980988923567,4,train,94,"{""type"":""MultiPoint"",""coordinates"":[]}"
00000000000000000222_0,0,KBang,672,0,0,0,14.191044511580973,108.61980440762089,0,0,672,4.1669426,2827.968597881496,2459.472389055322,0.05737130316921779,4,train,94,"{""type"":""MultiPoint"",""coordinates"":[]}"
000000000000000001c3_0,0,KBang,954,0,0,0,14.476979907532133,108.5222481947736,0,0,950,7.3024273,3223.115180581808,2551.5795426868085,0.28594891743393924,5,train,94,"{""type"":""MultiPoint"",""coordinates"":[]}"
000000000000000002c1_0,0,KBang,705,0,0,1,14.270545824262861,108.61657155935715,1,2013,704,7.3788605,2920.2753743231297,2494.9070353260336,0.6119786229624531,5,train,94,"{""type"":""MultiPoint"",""coordinates"":[]}"
0000000000000000021b_0,0,KBang,1027,0,0,0,14.51470836154534,108.57614534920661,0,0,1027,9.303502,3178.381496110931,2588.583209516534,0.16732310088260083,9,train,94,"{""type"":""MultiPoint"",""coordinates"":[]}"
0000000000000000022d_0,0,KBang,1045,0,0,0,14.179994859170534,108.44301442815491,0,0,1039,12.494374,3298.5777985565364,2757.9068181550247,0.029356128837029427,9,train,94,"{""type"":""MultiPoint"",""coordinates"":[]}"
00000000000000000434_0,0,KBang,948,0,0,1,14.407181598742547,108.45783648005659,1,2009,948,9.250714,3026.558855623007,2396.239654855617,0.7053299641196691,9,train,94,"{""type"":""MultiPoint"",""coordinates"":[]}"
00000000000000000072_0,0,KBang,1142,0,0,0,14.469970200676121,108.42549907921698,0,0,1151,17.36227,3082.7387473136187,2420.537351960532,0.7908665394212818,15,train,94,"{""type"":""MultiPoint"",""coordinates"":[]}"
00000000000000000159_0,0,KBang,1484,0,0,0,14.273778672526612,108.37806762131147,0,0,1484,15.19666,3431.17944631353,2736.309887341469,0.08146581422281873,15,train,94,"{""type"":""MultiPoint"",""coordinates"":[]}"
00000000000000000523_0,0,KBang,1269,0,0,0,14.557288317504698,108.42873192748074,0,0,1260,10.269445,3143.577323973179,2531.598463432791,0.23255125718797065,16,train,94,"{""type"":""MultiPoint"",""coordinates"":[]}"
000000000000000001d8_0,0,KBang,1008,0,0,0,14.109117447926012,108.52979299375602,0,0,1008,17.801916,3335.206618718803,2843.7770705979806,0.7271663700975497,18,train,94,"{""type"":""MultiPoint"",""coordinates"":[]}"
00000000000000000088_0,0,KBang,866,0,0,0,14.37564683609258,108.43950957472693,0,0,870,4.7762623,3307.1987401247025,2646.067406310553,0.6439490256710191,19,train,94,"{""type"":""MultiPoint"",""coordinates"":[]}"
00000000000000000018_0,0,KBang,1478,0,0,0,14.369181139565082,108.36539931521865,0,0,1484,22.25358,3472.4521907940507,2724.9660693980677,0.2576588798119194,21,train,94,"{""type"":""MultiPoint"",""coordinates"":[]}"
000000000000000005a4_0,0,KBang,1104,0,0,0,14.142805956384798,108.44463308183731,0,0,1119,13.416581,3035.7949046194553,2557.413072316728,0.46235568797268356,21,train,94,"{""type"":""MultiPoint"",""coordinates"":[]}"
000000000000000000f2_0,0,KBang,990,0,0,0,14.118013354527635,108.53302584201977,0,0,998,27.37579,3335.206618718803,2843.7770705979806,0.4759705356193543,27,train,94,"{""type"":""MultiPoint"",""coordinates"":[]}"
00000000000000000595_0,0,KBang,1173,0,0,0,14.283214130355699,108.35219591699938,0,0,1192,25.896603,3431.17944631353,2736.309887341469,0.19486405520672867,30,train,94,"{""type"":""MultiPoint"",""coordinates"":[]}"
00000000000000000096_0,0,KBang,1214,0,0,0,14.521985614464567,108.41229122189667,0,0,1213,2.0868785,2982.197799295187,2381.099704130859,0.18892375251280746,1,train,95,"{""type"":""MultiPoint"",""coordinates"":[]}"
000000000000000000c6_0,0,KBang,819,0,0,0,14.308274278276066,108.61629955419288,0,0,821,4.8632455,2904.3306356593966,2447.77248901683,0.6749395018741203,1,train,95,"{""type"":""MultiPoint"",""coordinates"":[]}"
000000000000000003a2_0,0,KBang,722,0,0,0,14.204787461027696,108.63974550753191,0,0,722,2.1254485,2921.3837886452675,2499.82747799868,0.04418606017108806,1,train,95,"{""type"":""MultiPoint"",""coordinates"":[]}"
000000000000000003e3_0,0,KBang,824,0,0,0,14.482638506768959,108.60552190694669,0,0,826,2.0868003,3348.708837583661,2705.416131240571,0.6804115678958301,1,train,95,"{""type"":""MultiPoint"",""coordinates"":[]}"
0000000000000000047f_0,0,KBang,825,0,0,0,14.482906052832167,108.60498235571924,0,0,826,1.3331288,3348.708837583661,2705.416131240571,0.4116951239218365,1,train,95,"{""type"":""MultiPoint"",""coordinates"":[]}"
0000000000000000060a_0,0,KBang,787,0,0,0,14.345467640162859,108.59554689789013,0,0,787,0.9572527,3139.498244166374,2607.9216171444064,0.34553316594857153,1,train,95,"{""type"":""MultiPoint"",""coordinates"":[]}"
00000000000000000365_0,0,KBang,1023,0,0,0,14.492069505496998,108.57129384726046,0,0,1016,15.4142065,3197.922673208639,2550.7448842357335,0.56523983843487,2,train,95,"{""type"":""MultiPoint"",""coordinates"":[]}"
00000000000000000071_0,0,KBang,923,0,0,0,14.472395951649194,108.52251574083681,0,0,923,2.6647503,3223.115180581808,2551.5795426868085,0.08109854209679968,3,train,95,"{""type"":""MultiPoint"",""coordinates"":[]}"
0000000000000000009d_0,0,KBang,798,0,0,0,14.264887225026039,108.6413641612143,0,0,798,0.95690966,2920.2753743231297,2494.9070353260336,0.5922976632722188,3,train,95,"{""type"":""MultiPoint"",""coordinates"":[]}"
00000000000000000188_0,0,KBang,1449,0,0,0,14.231470721731512,108.35300301429007,0,0,1456,15.493993,3508.178902901709,2811.2432915158697,0.30784563409874044,3,train,95,"{""type"":""MultiPoint"",""coordinates"":[]}"
000000000000000002a3_0,0,KBang,748,0,0,0,14.261654376762289,108.62276970982144,0,0,747,2.663457,2920.2753743231297,2494.9070353260336,0.07958156618500434,3,train,95,"{""type"":""MultiPoint"",""coordinates"":[]}"
00000000000000000321_0,0,KBang,749,0,0,0,14.251679367705728,108.62061150491155,0,0,746,4.724422,2920.2753743231297,2494.9070353260336,0.706396599941379,3,train,95,"{""type"":""MultiPoint"",""coordinates"":[]}"
000000000000000003b6_0,0,KBang,951,0,0,0,14.477519458759605,108.53275829595658,0,0,949,3.9935794,3223.115180581808,2551.5795426868085,0.38271423345110234,3,train,95,"{""type"":""MultiPoint"",""coordinates"":[]}"
000000000000000003db_0,0,KBang,696,0,0,1,14.268120073289785,108.6076756527555,1,2009,696,1.3324686,2920.2753743231297,2494.9070353260336,0.0343791535840593,3,train,95,"{""type"":""MultiPoint"",""coordinates"":[]}"
000000000000000003e5_0,0,KBang,1097,0,0,0,14.456766802456869,108.3998949209681,0,0,1095,7.063885,3139.124945908785,2478.474790363861,0.12413719857065242,3,train,95,"{""type"":""MultiPoint"",""coordinates"":[]}"
000000000000000004a4_0,0,KBang,725,0,0,0,14.20398036373702,108.6529533648522,0,0,727,4.861091,2848.710048556328,2448.020166605705,0.5430244997950727,3,train,95,"{""type"":""MultiPoint"",""coordinates"":[]}"
00000000000000000152_0,0,KBang,1204,0,0,0,14.541926714375577,108.43654873162743,0,0,1206,10.547631,2982.197799295187,2381.099704130859,0.6161564536833465,4,train,95,"{""type"":""MultiPoint"",""coordinates"":[]}"
00000000000000000241_0,0,KBang,790,0,0,0,14.302348132976034,108.64378991218739,0,0,789,6.5341377,2904.3306356593966,2447.77248901683,0.689768379125392,4,train,95,"{""type"":""MultiPoint"",""coordinates"":[]}"
00000000000000000427_0,0,KBang,1103,0,0,0,14.350047136944745,108.36647841767358,0,0,1107,15.386483,3472.4521907940507,2724.9660693980677,0.6300730462941916,4,train,95,"{""type"":""MultiPoint"",""coordinates"":[]}"
000000000000000004b2_0,0,KBang,992,0,0,0,14.545159562639322,108.54003108977474,0,0,992,3.994206,3063.1103956103325,2477.7017693946955,0.24173457875673154,4,train,95,"{""type"":""MultiPoint"",""coordinates"":[]}"
00000000000000000585_0,0,KBang,994,0,0,0,14.563218921905783,108.58126439721595,0,0,994,3.3747542,3182.7490888275206,2585.4666109299883,0.04885325693505038,4,train,95,"{""type"":""MultiPoint"",""coordinates"":[]}"
000000000000000000b0_0,0,KBang,940,0,0,1,14.47347505410413,108.51523848791757,1,2009,944,7.221164,3223.115180581808,2551.5795426868085,0.4699318949982281,5,train,95,"{""type"":""MultiPoint"",""coordinates"":[]}"
000000000000000000e0_0,0,KBang,1062,0,0,0,14.499346758416223,108.5270952376187,0,0,1064,6.5342593,3223.115180581808,2551.5795426868085,0.13169775008004003,5,train,95,"{""type"":""MultiPoint"",""coordinates"":[]}"
0000000000000000012e_0,0,KBang,1041,0,0,0,14.513361713027205,108.55943709755935,0,0,1043,4.168201,3178.381496110931,2588.583209516534,0.04201498398033121,5,train,95,"{""type"":""MultiPoint"",""coordinates"":[]}"
00000000000000000175_0,0,KBang,1574,0,0,0,14.283749222482115,108.37806762131149,0,0,1574,4.680809,3431.17944631353,2736.309887341469,0.643715980881292,5,train,95,"{""type"":""MultiPoint"",""coordinates"":[]}"
000000000000000002b7_0,0,KBang,1010,0,0,0,14.29830372832056,108.51469893669012,0,0,1010,16.930847,3283.608837634325,2704.4453318488963,0.78433151973108,5,train,95,"{""type"":""MultiPoint"",""coordinates"":[]}"
000000000000000002bd_0,0,KBang,939,0,0,1,14.266501419607385,108.41984047998017,1,2016,938,12.766879,3954.77065885067,3193.707802749039,0.430749883781929,5,train,95,"{""type"":""MultiPoint"",""coordinates"":[]}"
000000000000000002e0_0,0,KBang,1202,0,0,0,14.518213214973352,108.40905837363294,0,0,1208,13.912218,2982.197799295187,2381.099704130859,0.7894651706018267,5,train,95,"{""type"":""MultiPoint"",""coordinates"":[]}"
00000000000000000357_0,0,KBang,699,0,0,1,14.2735111264634,108.6020170535187,1,2009,699,4.6273675,2920.2753743231297,2494.9070353260336,0.05377128982368773,5,train,95,"{""type"":""MultiPoint"",""coordinates"":[]}"
0000000000000000045d_0,0,KBang,701,0,0,0,14.196703110817793,108.67019670862588,0,0,702,10.447264,2859.5566610470414,2490.159314288234,0.5630139466943038,5,train,95,"{""type"":""MultiPoint"",""coordinates"":[]}"
0000000000000000050a_0,0,KBang,738,0,0,0,14.277283525954616,108.51874334134558,0,0,741,6.8043466,3283.608837634325,2704.4453318488963,0.5449354871494506,5,train,95,"{""type"":""MultiPoint"",""coordinates"":[]}"
0000000000000000006e_0,0,KBang,909,0,0,0,14.362443437873322,108.49233208580604,0,0,909,6.3566785,3174.5908024162054,2515.3602785260928,0.7389670609225166,6,train,95,"{""type"":""MultiPoint"",""coordinates"":[]}"
00000000000000000198_0,0,KBang,888,0,0,0,14.385621845149142,108.54488259172089,0,0,892,9.899315,3057.4028005301952,2452.323266195249,0.10376779295502803,6,train,95,"{""type"":""MultiPoint"",""coordinates"":[]}"
000000000000000001ae_0,0,KBang,745,0,0,1,14.25949617185242,108.53571913905607,1,2010,745,9.617714,3283.608837634325,2704.4453318488963,0.4830172752452566,6,train,95,"{""type"":""MultiPoint"",""coordinates"":[]}"
00000000000000000215_0,0,KBang,840,0,0,0,14.310432483185933,108.51497094185437,0,0,841,13.918691,3361.179399266839,2766.2203726602984,0.18803611602053838,6,train,95,"{""type"":""MultiPoint"",""coordinates"":[]}"
0000000000000000026c_0,0,KBang,663,0,0,0,14.35112623939968,108.44409353060985,0,0,666,22.914688,3307.1987401247025,2646.067406310553,0.0031703631251300823,6,train,95,"{""type"":""MultiPoint"",""coordinates"":[]}"
000000000000000003d3_0,0,KBang,529,0,0,1,14.136875351983713,108.67774596670935,1,2003,529,9.195146,2995.274595141411,2606.076333417646,0.34835891595750823,6,train,95,"{""type"":""MultiPoint"",""coordinates"":[]}"
000000000000000005f4_0,0,KBang,1029,0,0,0,14.521713609300306,108.52844634523788,0,0,1029,1.9154874,3063.1103956103325,2477.7017693946955,0.09770660839920176,6,train,95,"{""type"":""MultiPoint"",""coordinates"":[]}"
000000000000000005f8_0,0,KBang,794,0,0,0,14.321749681659579,108.6413641612143,0,0,797,8.013287,2904.3306356593966,2447.77248901683,0.5910110675709643,6,train,95,"{""type"":""MultiPoint"",""coordinates"":[]}"
0000000000000000019e_0,0,KBang,786,0,0,0,14.314744433904615,108.59177449839893,0,0,788,6.033192,3139.498244166374,2607.9216171444064,0.35323049317119526,7,train,95,"{""type"":""MultiPoint"",""coordinates"":[]}"
000000000000000001a9_0,0,KBang,1040,0,0,0,14.574536120379424,108.54650124540329,0,0,1032,12.802765,3497.1619696319103,2845.7789758288777,0.1798780224678943,7,train,95,"{""type"":""MultiPoint"",""coordinates"":[]}"
000000000000000001fb_0,0,KBang,1127,0,0,0,14.204519914964484,108.39127101953075,0,0,1128,9.895804,3508.178902901709,2811.2432915158697,0.7454471733421798,7,train,95,"{""type"":""MultiPoint"",""coordinates"":[]}"
000000000000000002a4_0,0,KBang,1192,0,0,0,14.260842820370561,108.32901750972358,0,0,1189,3.3732872,3418.0222388617694,2701.695657495224,0.7618577195346973,7,train,95,"{""type"":""MultiPoint"",""coordinates"":[]}"
0000000000000000061e_0,0,KBang,644,0,0,0,14.213950913692528,108.59231404962641,0,0,647,4.6802697,2988.904823511839,2527.354326276477,0.2699803157809173,7,train,95,"{""type"":""MultiPoint"",""coordinates"":[]}"
00000000000000000158_0,0,KBang,919,0,0,0,14.084324846068851,108.48963878876975,0,0,915,19.957129,3222.151947184233,2767.6180477493767,0.05506531298473483,8,train,95,"{""type"":""MultiPoint"",""coordinates"":[]}"
000000000000000001bf_0,0,KBang,800,0,0,1,14.266773424771644,108.45271743204722,1,2005,797,9.380159,3299.3934005498886,2718.926994363391,0.6343136807090024,8,train,95,"{""type"":""MultiPoint"",""coordinates"":[]}"
000000000000000001f4_0,0,KBang,1210,0,0,0,14.280516374218367,108.35650786771808,0,0,1210,8.290947,3431.17944631353,2736.309887341469,0.34449212916411165,8,train,95,"{""type"":""MultiPoint"",""coordinates"":[]}"
000000000000000002fc_0,0,KBang,993,0,0,0,14.552436815558547,108.53248629079232,0,0,992,8.649253,3497.1619696319103,2845.7789758288777,0.5650276436689187,8,train,95,"{""type"":""MultiPoint"",""coordinates"":[]}"
00000000000000000424_0,0,KBang,1148,0,0,0,14.084596851233112,108.45864357734725,0,0,1148,8.010371,3222.151947184233,2767.6180477493767,0.7852384696515017,8,train,95,"{""type"":""MultiPoint"",""coordinates"":[]}"
000000000000000004cb_0,0,KBang,923,0,0,0,14.376997943711773,108.48451528165936,0,0,924,7.2185273,3174.5908024162054,2515.3602785260928,0.5484345242495925,8,train,95,"{""type"":""MultiPoint"",""coordinates"":[]}"
000000000000000004dd_0,0,KBang,871,0,0,0,14.388047596122213,108.32524511023236,0,0,867,10.160957,3714.876072347164,2911.4369120395304,0.09664135577693211,8,train,95,"{""type"":""MultiPoint"",""coordinates"":[]}"
00000000000000000546_0,0,KBang,660,0,0,0,14.182420610143609,108.63058205486706,0,0,660,7.943401,2827.968597881496,2459.472389055322,0.7037463332481732,8,train,95,"{""type"":""MultiPoint"",""coordinates"":[]}"
00000000000000000166_0,0,KBang,961,0,0,0,14.407988696033222,108.48882723237801,0,0,956,5.1211367,3026.558855623007,2396.239654855617,0.3809785718189188,9,train,95,"{""type"":""MultiPoint"",""coordinates"":[]}"
000000000000000001f0_0,0,KBang,1618,0,0,0,14.283749222482115,108.36998327110157,0,0,1613,2.8688369,3431.17944631353,2736.309887341469,0.3815248024755884,9,train,95,"{""type"":""MultiPoint"",""coordinates"":[]}"
0000000000000000020e_0,0,KBang,961,0,0,0,14.542198719539835,108.53194673956486,0,0,961,9.107785,3063.1103956103325,2477.7017693946955,0.16858597685915222,9,train,95,"{""type"":""MultiPoint"",""coordinates"":[]}"
00000000000000000265_0,0,KBang,1232,0,0,0,14.545159562639325,108.4176822750703,0,0,1228,3.8271053,2982.197799295187,2381.099704130859,0.4035225939880731,9,train,95,"{""type"":""MultiPoint"",""coordinates"":[]}"
0000000000000000035e_0,0,KBang,1103,0,0,0,14.450296646828315,108.39692961876756,0,0,1108,14.778758,3139.124945908785,2478.474790363861,0.36880365654569924,9,train,95,"{""type"":""MultiPoint"",""coordinates"":[]}"
00000000000000000437_0,0,KBang,969,0,0,0,14.538961412175034,108.53787734396592,0,0,962,15.72995,3063.1103956103325,2477.7017693946955,0.536309679316324,9,train,95,"{""type"":""MultiPoint"",""coordinates"":[]}"
000000000000000005f6_0,0,KBang,1113,0,0,0,14.48048030185909,108.48559438411426,0,0,1113,9.252261,3062.020653218031,2418.2485376937757,0.2471282596705051,9,train,95,"{""type"":""MultiPoint"",""coordinates"":[]}"
00000000000000000601_0,0,KBang,623,0,0,0,14.177301562134256,108.61603200812968,0,0,631,6.5340614,2827.968597881496,2459.472389055322,0.6365186596404716,9,train,95,"{""type"":""MultiPoint"",""coordinates"":[]}"
00000000000000000084_0,0,KBang,1480,0,0,0,14.234971116058468,108.33414101683398,0,0,1486,11.932913,3513.8358694799244,2786.476151139564,0.5548725392140496,10,train,95,"{""type"":""MultiPoint"",""coordinates"":[]}"
000000000000000000f6_0,0,KBang,974,0,1,0,14.4104144470063,108.48963878876975,1,2024,975,5.5207267,3026.558855623007,2396.239654855617,0.20190286742207564,10,train,95,"{""type"":""MultiPoint"",""coordinates"":[]}"
000000000000000002eb_0,0,KBang,896,0,0,0,14.386968493667277,108.53787734396593,0,0,902,10.140027,3057.4028005301952,2452.323266195249,0.7010503917130539,10,train,95,"{""type"":""MultiPoint"",""coordinates"":[]}"
00000000000000000380_0,0,KBang,1037,0,0,0,14.40637004235082,108.43978157989118,0,0,1037,9.531913,3056.5912619680166,2430.7695342178336,0.5145941919776647,10,train,95,"{""type"":""MultiPoint"",""coordinates"":[]}"
00000000000000000383_0,0,KBang,681,0,0,0,14.231198716567253,108.5322187447291,0,0,689,15.8709545,3132.6109425723553,2663.5936415282367,0.02847946715197902,10,train,95,"{""type"":""MultiPoint"",""coordinates"":[]}"
0000000000000000041c_0,0,KBang,822,0,0,0,14.348968034489813,108.63031450880386,0,0,826,11.127483,2904.3306356593966,2447.77248901683,0.08380982894119005,10,train,95,"{""type"":""MultiPoint"",""coordinates"":[]}"
0000000000000000061f_0,0,KBang,939,0,0,0,14.475093707786531,108.5384168951934,0,0,944,13.919513,3223.115180581808,2551.5795426868085,0.5421430331426036,10,train,95,"{""type"":""MultiPoint"",""coordinates"":[]}"
0000000000000000063e_0,0,KBang,1521,0,0,0,14.253030475324922,108.35327501945432,0,0,1527,9.867081,3431.17944631353,2736.309887341469,0.24181896394453217,10,train,95,"{""type"":""MultiPoint"",""coordinates"":[]}"
000000000000000000b2_0,0,KBang,755,0,0,0,14.288061173200793,108.53167919350163,0,0,755,10.779747,3283.608837634325,2704.4453318488963,0.5770893798672126,11,train,95,"{""type"":""MultiPoint"",""coordinates"":[]}"
00000000000000000168_0,0,KBang,1004,0,0,0,14.482638506768959,108.55027364489452,0,0,1000,8.647663,3197.922673208639,2550.7448842357335,0.6952687226371528,11,train,95,"{""type"":""MultiPoint"",""coordinates"":[]}"
0000000000000000024d_0,0,KBang,672,0,0,1,14.271892472781,108.55027364489452,1,2010,672,11.222765,3002.574410483241,2569.066161002828,0.5815163173082091,11,train,95,"{""type"":""MultiPoint"",""coordinates"":[]}"
00000000000000000309_0,0,KBang,631,0,0,0,14.206673660773301,108.58800209890771,0,0,638,10.408245,2988.904823511839,2527.354326276477,0.17641641515681472,11,train,95,"{""type"":""MultiPoint"",""coordinates"":[]}"
00000000000000000374_0,0,KBang,939,0,0,0,14.339537035761776,108.3389880596791,0,0,942,17.336826,3590.3718142211437,2839.256492314795,0.66266463196218,11,train,95,"{""type"":""MultiPoint"",""coordinates"":[]}"
000000000000000004f4_0,0,KBang,1034,0,0,0,14.369448685628292,108.42846438141754,0,0,1034,11.414677,3307.1987401247025,2646.067406310553,0.4177781490132948,11,train,95,"{""type"":""MultiPoint"",""coordinates"":[]}"
00000000000000000572_0,0,KBang,919,0,0,0,14.432513751827175,108.520361995028,0,0,918,11.377992,3022.832878291607,2439.8191594331984,0.028683903267416322,11,train,95,"{""type"":""MultiPoint"",""coordinates"":[]}"
000000000000000000d6_0,0,KBang,863,0,0,0,14.36675538859201,108.62195815342972,0,0,864,13.644114,2952.925736054778,2405.8077794335663,0.3610251416181548,12,train,95,"{""type"":""MultiPoint"",""coordinates"":[]}"
00000000000000000114_0,0,KBang,826,0,0,0,14.31609108242276,108.63112160609454,0,0,826,11.9203005,2904.3306356593966,2447.77248901683,0.18015961610595166,12,train,95,"{""type"":""MultiPoint"",""coordinates"":[]}"
00000000000000000128_0,0,KBang,822,0,0,0,14.2815954766733,108.4850548328868,0,0,822,12.025657,3299.3934005498886,2718.926994363391,0.5557184090884251,12,train,95,"{""type"":""MultiPoint"",""coordinates"":[]}"
000000000000000001bc_0,0,KBang,991,0,0,0,14.473207508040922,108.57291250094285,0,0,991,11.940623,3197.922673208639,2550.7448842357335,0.6556262163596214,12,train,95,"{""type"":""MultiPoint"",""coordinates"":[]}"
000000000000000002a7_0,0,KBang,1066,0,0,0,14.420652543025009,108.41848937236097,0,0,1064,12.461124,3056.5912619680166,2430.7695342178336,0.47872960940371323,12,train,95,"{""type"":""MultiPoint"",""coordinates"":[]}"
0000000000000000043b_0,0,KBang,1044,0,0,0,14.575075671606895,108.53491204176538,0,0,1044,8.759751,3497.1619696319103,2845.7789758288777,0.5315246850303219,12,train,95,"{""type"":""MultiPoint"",""coordinates"":[]}"
000000000000000005dd_0,0,KBang,746,0,0,0,14.158707110741384,108.45595028031096,0,0,751,17.429262,3179.5106303691864,2674.3027243573615,0.19874010370706874,12,train,95,"{""type"":""MultiPoint"",""coordinates"":[]}"
000000000000000005f3_0,0,KBang,892,0,0,0,14.525486008791525,108.59905175131814,0,0,901,17.62627,3178.381496110931,2588.583209516534,0.1099115493099404,12,train,95,"{""type"":""MultiPoint"",""coordinates"":[]}"
000000000000000000a1_0,0,KBang,946,0,0,0,14.474282151394801,108.52305529206427,0,0,949,7.617977,3223.115180581808,2551.5795426868085,0.3890051944260995,13,train,95,"{""type"":""MultiPoint"",""coordinates"":[]}"
0000000000000000019c_0,0,KBang,868,0,0,0,14.385349839984878,108.46214843077526,0,0,863,13.386007,3174.5908024162054,2515.3602785260928,0.16401877121136643,13,train,95,"{""type"":""MultiPoint"",""coordinates"":[]}"
0000000000000000037f_0,0,KBang,1071,0,0,0,14.088369250724329,108.51415938546265,0,0,1079,16.642971,3250.9848297685385,2783.4902848679035,0.6169726777936494,13,train,95,"{""type"":""MultiPoint"",""coordinates"":[]}"
000000000000000003e4_0,0,KBang,1497,0,0,0,14.250065173124383,108.33278990921478,0,0,1492,10.660684,3418.0222388617694,2701.695657495224,0.5658133949746939,13,train,95,"{""type"":""MultiPoint"",""coordinates"":[]}"
00000000000000000537_0,0,KBang,1302,0,0,0,14.565372667714596,108.37213701691039,0,0,1302,13.920407,3121.39150339365,2463.6619402850083,0.4481752243579832,13,train,95,"{""type"":""MultiPoint"",""coordinates"":[]}"
000000000000000005a6_0,0,KBang,842,0,0,0,14.497460558670616,108.61737865664782,0,0,849,22.966537,3348.708837583661,2705.416131240571,0.28275505359504904,13,train,95,"{""type"":""MultiPoint"",""coordinates"":[]}"
00000000000000000620_0,0,KBang,1218,0,0,0,14.590704820799223,108.39935536974065,0,0,1213,5.9948764,3121.39150339365,2463.6619402850083,0.2203615359964055,13,train,95,"{""type"":""MultiPoint"",""coordinates"":[]}"
000000000000000000de_0,0,KBang,1426,0,0,0,14.175682908451854,108.37132991961971,0,0,1435,7.825547,3400.7785373441875,2807.31930743629,0.19180011989868873,14,train,95,"{""type"":""MultiPoint"",""coordinates"":[]}"
0000000000000000015a_0,0,KBang,722,0,0,0,14.20047551030901,108.6613052611253,0,0,725,3.9910405,2848.710048556328,2448.020166605705,0.4133409888336267,14,train,95,"{""type"":""MultiPoint"",""coordinates"":[]}"
00000000000000000227_0,0,KBang,1206,0,0,0,14.54435246534865,108.46753948394887,0,0,1206,14.136644,3149.5016675293446,2511.7643873978677,0.14793376951759896,14,train,95,"{""type"":""MultiPoint"",""coordinates"":[]}"
00000000000000000228_0,0,KBang,1150,0,0,0,14.481559404314025,108.43035058116314,0,0,1150,14.402528,3082.7387473136187,2420.537351960532,0.7243291506930254,14,train,95,"{""type"":""MultiPoint"",""coordinates"":[]}"
00000000000000000453_0,0,KBang,1285,0,0,0,14.584239124271722,108.40636507659666,0,0,1279,3.994571,3143.577323973179,2531.598463432791,0.20063265089438687,14,train,95,"{""type"":""MultiPoint"",""coordinates"":[]}"
000000000000000005a7_0,0,KBang,628,0,0,0,14.208292314455703,108.52143663838187,0,0,628,13.578025,3132.6109425723553,2663.5936415282367,0.7836225379946281,14,train,95,"{""type"":""MultiPoint"",""coordinates"":[]}"
00000000000000000011_0,0,KBang,738,0,0,0,14.235243121222728,108.64055260482256,0,0,738,15.15302,2921.3837886452675,2499.82747799868,0.5141633095247656,15,train,95,"{""type"":""MultiPoint"",""coordinates"":[]}"
00000000000000000119_0,0,KBang,1038,0,0,0,14.44221229661842,108.45945513373897,0,0,1038,15.217308,3026.558855623007,2396.239654855617,0.317447755901461,15,train,95,"{""type"":""MultiPoint"",""coordinates"":[]}"
00000000000000000626_0,0,KBang,1149,0,0,0,14.460271655884874,108.39073146830326,0,0,1155,6.7374587,3139.124945908785,2478.474790363861,0.1337732654540421,15,train,95,"{""type"":""MultiPoint"",""coordinates"":[]}"
0000000000000000007e_0,0,KBang,1525,0,0,0,14.229852068049112,108.33360146560652,0,0,1532,8.092444,3513.8358694799244,2786.476151139564,0.7911345967497759,16,train,95,"{""type"":""MultiPoint"",""coordinates"":[]}"
00000000000000000302_0,0,KBang,968,0,0,0,14.447335803728828,108.50769368893515,0,0,974,17.710777,3022.832878291607,2439.8191594331984,0.6800429894978918,16,train,95,"{""type"":""MultiPoint"",""coordinates"":[]}"
0000000000000000062d_0,0,KBang,1005,0,0,0,14.570763720888209,108.53356539324724,0,0,1015,17.116074,3497.1619696319103,2845.7789758288777,0.08621702644731422,16,train,95,"{""type"":""MultiPoint"",""coordinates"":[]}"
00000000000000000095_0,0,KBang,723,0,0,0,14.243867022660092,108.52979299375602,0,0,723,16.93465,3132.6109425723553,2663.5936415282367,0.002495695141446097,17,train,95,"{""type"":""MultiPoint"",""coordinates"":[]}"
0000000000000000033c_0,0,KBang,854,0,0,0,14.326868729668934,108.47697048267692,0,0,854,16.936796,3410.552547223866,2766.438409104254,0.17624977961436095,17,train,95,"{""type"":""MultiPoint"",""coordinates"":[]}"
000000000000000003e2_0,0,KBang,953,0,0,0,14.557288317504698,108.59016030381757,0,0,944,6.7381606,3182.7490888275206,2585.4666109299883,0.65130938772238,17,train,95,"{""type"":""MultiPoint"",""coordinates"":[]}"
00000000000000000488_0,0,KBang,850,0,0,0,14.297496631029887,108.540303094939,0,0,850,17.129496,3283.608837634325,2704.4453318488963,0.31873257949939815,17,train,95,"{""type"":""MultiPoint"",""coordinates"":[]}"
000000000000000004da_0,0,KBang,1095,0,0,0,14.236857315804079,108.37564187033841,0,0,1095,16.908007,3508.178902901709,2811.2432915158697,0.7574803334300916,17,train,95,"{""type"":""MultiPoint"",""coordinates"":[]}"
00000000000000000566_0,0,KBang,845,0,0,0,14.368913593501878,108.59285360085386,0,0,849,20.007286,3001.057534530759,2400.0190920016626,0.03241501652563561,17,train,95,"{""type"":""MultiPoint"",""coordinates"":[]}"
000000000000000000cd_0,0,KBang,1310,0,0,0,14.309620926794208,108.37079036839226,0,0,1314,24.362236,3387.77566537261,2679.882828244465,0.5973959397930431,18,train,95,"{""type"":""MultiPoint"",""coordinates"":[]}"
00000000000000000322_0,0,KBang,959,0,0,0,14.348968034489813,108.33952761090654,0,0,955,4.8640947,3590.3718142211437,2839.256492314795,0.6726520232709695,18,train,95,"{""type"":""MultiPoint"",""coordinates"":[]}"
000000000000000003a7_0,0,KBang,650,0,0,0,14.17918776187986,108.5009559872434,0,0,653,12.552613,2927.8332602009177,2497.137565198986,0.6340674460503501,18,train,95,"{""type"":""MultiPoint"",""coordinates"":[]}"
000000000000000001e9_0,0,KBang,1188,0,0,0,14.49180195943379,108.36378512063729,0,0,1202,18.723654,3139.124945908785,2478.474790363861,0.38995362452456794,19,train,95,"{""type"":""MultiPoint"",""coordinates"":[]}"
00000000000000000435_0,0,KBang,1021,0,0,0,14.33576463627056,108.33764141116094,0,0,1011,22.341438,3590.3718142211437,2839.256492314795,0.15075266942766907,19,train,95,"{""type"":""MultiPoint"",""coordinates"":[]}"
00000000000000000214_0,0,KBang,938,0,0,1,14.40259764285961,108.45352452933788,1,2001,936,20.490608,3026.558855623007,2396.239654855617,0.003125698850140357,20,train,95,"{""type"":""MultiPoint"",""coordinates"":[]}"
00000000000000000267_0,0,KBang,1090,0,0,0,14.289140275655729,108.32443801294168,0,0,1090,19.780594,3418.0222388617694,2701.695657495224,0.22037235322173132,20,train,95,"{""type"":""MultiPoint"",""coordinates"":[]}"
0000000000000000026f_0,0,KBang,750,0,0,0,14.222307269066683,108.4729305371225,0,0,776,33.74941,3116.021737858653,2587.275775269555,0.27085187182502635,20,train,95,"{""type"":""MultiPoint"",""coordinates"":[]}"
000000000000000002c7_0,0,KBang,836,0,0,0,14.087290148269394,108.52763478884617,0,0,847,13.771712,3250.9848297685385,2783.4902848679035,0.5866945879808355,20,train,95,"{""type"":""MultiPoint"",""coordinates"":[]}"
00000000000000000106_0,0,KBang,1039,0,0,0,14.379958786811263,108.40663262265987,0,0,1026,24.875753,3307.1987401247025,2646.067406310553,0.25002867959806496,21,train,95,"{""type"":""MultiPoint"",""coordinates"":[]}"
0000000000000000062f_0,0,KBang,926,0,0,0,14.519827409554699,108.60147750229122,0,0,932,19.200953,3165.6503857907373,2580.8473094055266,0.7370876756004883,21,train,95,"{""type"":""MultiPoint"",""coordinates"":[]}"
0000000000000000007b_0,0,KBang,1031,0,0,0,14.455148148774466,108.34680486382577,0,0,1031,21.925365,3459.4536567032337,2743.57232635276,0.0430089879439155,22,train,95,"{""type"":""MultiPoint"",""coordinates"":[]}"
000000000000000000a6_0,0,KBang,1057,0,0,0,14.477247453595345,108.48963878876975,0,0,1064,12.206997,3062.020653218031,2418.2485376937757,0.5453323019137262,22,train,95,"{""type"":""MultiPoint"",""coordinates"":[]}"
000000000000000002ab_0,0,KBang,1254,0,0,0,14.409607349715621,108.30368535663895,0,0,1254,22.084373,3774.6228857189417,2999.9198697531438,0.5866458802539012,22,train,95,"{""type"":""MultiPoint"",""coordinates"":[]}"
00000000000000000301_0,0,KBang,1118,0,0,0,14.311779131704073,108.31931896493232,0,0,1119,13.721235,3590.3718142211437,2839.256492314795,0.5742766262923461,22,train,95,"{""type"":""MultiPoint"",""coordinates"":[]}"
0000000000000000039c_0,0,KBang,808,0,0,0,14.378344592229912,108.45109877836481,0,0,824,32.55985,3174.5908024162054,2515.3602785260928,0.4448051009171653,22,train,95,"{""type"":""MultiPoint"",""coordinates"":[]}"
00000000000000000155_0,0,KBang,1241,0,0,0,14.493416154015136,108.36432467186476,0,0,1262,25.127682,3139.124945908785,2478.474790363861,0.04243123948997296,23,train,95,"{""type"":""MultiPoint"",""coordinates"":[]}"
000000000000000001b1_0,0,KBang,754,0,0,0,14.082438646323247,108.47616338538623,0,0,754,22.653988,3222.151947184233,2767.6180477493767,0.35675404508349684,23,train,95,"{""type"":""MultiPoint"",""coordinates"":[]}"
0000000000000000034c_0,0,KBang,1250,0,0,0,14.411493549461234,108.36162691572743,0,0,1249,23.304163,3230.138293027878,2568.9875608114658,0.191475180014543,23,train,95,"{""type"":""MultiPoint"",""coordinates"":[]}"
00000000000000000407_0,0,KBang,866,0,0,0,14.35031468300795,108.33144326069666,0,0,864,6.919693,3714.876072347164,2911.4369120395304,0.49465228692892604,23,train,95,"{""type"":""MultiPoint"",""coordinates"":[]}"
00000000000000000468_0,0,KBang,1533,0,0,0,14.246832324860636,108.34437911285269,0,0,1548,25.855394,3513.8358694799244,2786.476151139564,0.3711942063112037,23,train,95,"{""type"":""MultiPoint"",""coordinates"":[]}"
00000000000000000525_0,0,KBang,592,0,0,0,14.143613053675473,108.56778899383244,0,0,592,24.079624,2848.0301147326827,2458.056594692424,0.5097925874888263,24,train,95,"{""type"":""MultiPoint"",""coordinates"":[]}"
0000000000000000036f_0,0,KBang,944,0,0,0,14.130949206683681,108.46349507929341,0,0,938,23.64237,3364.3139811381698,2879.1407314955827,0.026601366431668105,25,train,95,"{""type"":""MultiPoint"",""coordinates"":[]}"
000000000000000000ed_0,0,KBang,992,0,0,0,14.062765092475443,108.5168571416,0,0,1002,18.272812,3250.9848297685385,2783.4902848679035,0.34702288220715105,26,train,95,"{""type"":""MultiPoint"",""coordinates"":[]}"
0000000000000000018f_0,0,KBang,882,0,0,0,14.25195137286999,108.4710443373769,0,0,891,17.125666,3299.3934005498886,2718.926994363391,0.4124113621551674,27,train,95,"{""type"":""MultiPoint"",""coordinates"":[]}"
000000000000000001ea_0,0,KBang,1493,0,0,0,14.248718524606241,108.32901750972357,0,0,1475,30.879126,3513.8358694799244,2786.476151139564,0.25714569142703514,27,train,95,"{""type"":""MultiPoint"",""coordinates"":[]}"
00000000000000000244_0,0,KBang,1166,0,0,0,14.498267655961287,108.4230733282439,0,0,1166,26.505842,3082.7387473136187,2420.537351960532,0.7533998950576012,27,train,95,"{""type"":""MultiPoint"",""coordinates"":[]}"
00000000000000000355_0,0,KBang,1007,0,0,0,14.31366533144968,108.33656230870601,0,0,1007,30.457247,3590.3718142211437,2839.256492314795,0.6479351033437755,27,train,95,"{""type"":""MultiPoint"",""coordinates"":[]}"
00000000000000000381_0,0,KBang,994,0,0,0,14.242248368977695,108.39746916999503,0,0,1010,24.036713,3508.178902901709,2811.2432915158697,0.16850909060086583,27,train,95,"{""type"":""MultiPoint"",""coordinates"":[]}"
000000000000000001d7_0,0,KBang,1078,0,0,0,14.380230791975523,108.32524511023236,0,0,1096,26.162355,3714.876072347164,2911.4369120395304,0.4207639515195125,28,train,95,"{""type"":""MultiPoint"",""coordinates"":[]}"
0000000000000000027c_0,0,KBang,863,0,0,1,14.24278792020516,108.46942568369447,1,2015,880,19.994867,3116.021737858653,2587.275775269555,0.3038661609914185,28,train,95,"{""type"":""MultiPoint"",""coordinates"":[]}"
000000000000000002fb_0,0,KBang,1227,0,0,0,14.348968034489813,108.3594731699186,0,0,1238,26.174395,3387.77566537261,2679.882828244465,0.7749897146185072,28,train,95,"{""type"":""MultiPoint"",""coordinates"":[]}"
0000000000000000012c_0,0,KBang,836,0,0,0,14.302348132976038,108.55377849832252,0,0,856,30.919395,3139.498244166374,2607.9216171444064,0.1773222065846083,29,train,95,"{""type"":""MultiPoint"",""coordinates"":[]}"
000000000000000004cd_0,0,KBang,964,0,0,0,14.415533495015652,108.31662120879498,0,0,972,23.895872,3774.6228857189417,2999.9198697531438,0.5103035121307525,31,train,95,"{""type"":""MultiPoint"",""coordinates"":[]}"
000000000000000004b8_0,0,KBang,1420,0,0,0,14.286714524682653,108.36162691572743,0,0,1397,21.645737,3431.17944631353,2736.309887341469,0.5106968476063388,32,train,95,"{""type"":""MultiPoint"",""coordinates"":[]}"
0000000000000000059e_0,0,KBang,1534,0,0,0,14.273511126463399,108.36513176915544,0,0,1534,31.975689,3431.17944631353,2736.309887341469,0.37227677700851536,32,train,95,"{""type"":""MultiPoint"",""coordinates"":[]}"
000000000000000001e2_0,0,KBang,895,0,0,0,14.36352254032826,108.44032113111865,0,0,895,32.792427,3307.1987401247025,2646.067406310553,0.5208690495617554,33,train,95,"{""type"":""MultiPoint"",""coordinates"":[]}"
00000000000000000027_0,0,KBang,975,0,0,0,14.139840654184255,108.46915367853022,0,0,955,26.022026,3364.3139811381698,2879.1407314955827,0.4914314514998903,34,train,95,"{""type"":""MultiPoint"",""coordinates"":[]}"
000000000000000003de_0,0,KBang,1216,0,0,0,14.36352254032826,108.3896568249494,0,0,1220,35.4906,3472.4521907940507,2724.9660693980677,0.3252120453546097,34,train,95,"{""type"":""MultiPoint"",""coordinates"":[]}"
0000000000000000003e_0,0,KBang,1277,0,0,0,14.271352921553536,108.3319828119241,0,0,1277,35.621777,3418.0222388617694,2701.695657495224,0.08156024774426929,36,train,95,"{""type"":""MultiPoint"",""coordinates"":[]}"
00000000000000000545_0,0,KBang,1005,0,0,0,14.372413987828832,108.33629476264281,0,0,982,26.594332,3714.876072347164,2911.4369120395304,0.24193138702365957,37,train,95,"{""type"":""MultiPoint"",""coordinates"":[]}"
0000000000000000054d_0,0,KBang,1456,0,0,0,14.269466721807927,108.3389880596791,0,0,1451,36.320194,3418.0222388617694,2701.695657495224,0.3942302294060184,37,train,95,"{""type"":""MultiPoint"",""coordinates"":[]}"
000000000000000000eb_0,0,KBang,733,0,0,0,14.293724231538672,108.50661458648021,0,0,712,38.86572,3283.608837634325,2704.4453318488963,0.3484165184266589,38,train,95,"{""type"":""MultiPoint"",""coordinates"":[]}"
0000000000000000056d_0,0,KBang,774,0,0,0,14.073814744885881,108.50149553847086,0,0,774,38.1628,3250.9848297685385,2783.4902848679035,0.21534686039359685,38,train,95,"{""type"":""MultiPoint"",""coordinates"":[]}"
00000000000000000276_0,0,KBang,1224,0,0,0,14.336032182333765,108.41148412460602,0,0,1224,39.949368,3878.7206017300487,3091.2550926978347,0.7150317934101461,40,train,95,"{""type"":""MultiPoint"",""coordinates"":[]}"
0000000000000000019f_0,0,KBang,1107,0,0,0,14.394780838712919,108.31931896493232,0,0,1115,30.807253,3714.876072347164,2911.4369120395304,0.3816026353900238,43,train,95,"{""type"":""MultiPoint"",""coordinates"":[]}"
00000000000000000070_0,0,KBang,637,0,0,0,14.208024768392495,108.4893667836055,0,0,634,6.6328373,3116.021737858653,2587.275775269555,0.016737037566645463,5,train,96,"{""type"":""MultiPoint"",""coordinates"":[]}"
000000000000000000d9_0,0,KBang,987,0,0,0,14.096721146997432,108.48182198462307,0,0,978,12.022791,3222.151947184233,2767.6180477493767,0.7354744611560321,5,train,96,"{""type"":""MultiPoint"",""coordinates"":[]}"
0000000000000000018a_0,0,KBang,1591,0,0,0,14.294798874892551,108.37025081716479,0,0,1597,17.001406,3431.17944631353,2736.309887341469,0.5685333677245176,5,train,96,"{""type"":""MultiPoint"",""coordinates"":[]}"
0000000000000000054c_0,0,KBang,846,0,0,0,14.354626633726637,108.62115105613903,0,0,846,4.7245097,2952.925736054778,2405.8077794335663,0.12598933933956302,5,train,96,"{""type"":""MultiPoint"",""coordinates"":[]}"
0000000000000000023a_0,0,KBang,770,0,0,1,14.274050677690868,108.61980440762089,1,2018,770,5.5182314,2920.2753743231297,2494.9070353260336,0.12893859500231308,6,train,96,"{""type"":""MultiPoint"",""coordinates"":[]}"
0000000000000000051d_0,0,KBang,652,0,0,0,14.163558612687531,108.6254630068577,0,0,648,8.545201,2827.968597881496,2459.472389055322,0.23236217845886997,6,train,96,"{""type"":""MultiPoint"",""coordinates"":[]}"
000000000000000005cb_0,0,KBang,836,0,0,0,14.362710983936534,108.58018975386207,0,0,836,8.342682,3001.057534530759,2400.0190920016626,0.33721149944607975,6,train,96,"{""type"":""MultiPoint"",""coordinates"":[]}"
00000000000000000140_0,0,KBang,723,0,0,0,14.20532701225516,108.41390987557908,0,0,724,0.9566578,3484.5955844521523,2837.824403122823,0.5401314810941256,7,train,96,"{""type"":""MultiPoint"",""coordinates"":[]}"
00000000000000000343_0,0,KBang,1109,0,0,0,14.341690781570591,108.55162029341265,0,0,1110,17.010841,3139.498244166374,2607.9216171444064,0.7428662945778626,8,train,96,"{""type"":""MultiPoint"",""coordinates"":[]}"
0000000000000000013b_0,0,KBang,859,0,0,0,14.333338885297483,108.61144805224674,0,0,859,12.499048,2904.3306356593966,2447.77248901683,0.3441238369343419,12,train,96,"{""type"":""MultiPoint"",""coordinates"":[]}"
00000000000000000605_0,0,KBang,855,0,0,0,14.103730853853447,108.46780703001207,0,0,854,20.222307,3364.3139811381698,2879.1407314955827,0.5889208891265102,24,train,96,"{""type"":""MultiPoint"",""coordinates"":[]}"
0000000000000000009e_0,0,KBang,1398,0,0,0,14.229584521985908,108.36081981843675,0,0,1426,34.119576,3508.178902901709,2811.2432915158697,0.18907186792929098,34,train,96,"{""type"":""MultiPoint"",""coordinates"":[]}"
00000000000000000066_0,0,KBang,1041,0,0,0,14.514168810317877,108.56428859950549,0,0,1041,1.3332254,3178.381496110931,2588.583209516534,0.3786685556357757,1,train,97,"{""type"":""MultiPoint"",""coordinates"":[]}"
000000000000000000c8_0,0,KBang,1540,0,0,0,14.29399177760188,108.38103292351202,0,0,1539,0.9570336,3431.17944631353,2736.309887341469,0.36770862000039906,1,train,97,"{""type"":""MultiPoint"",""coordinates"":[]}"
00000000000000000207_0,0,KBang,1083,0,0,0,14.537614763656896,108.51982244380054,0,0,1082,5.6286545,3063.1103956103325,2477.7017693946955,0.548311937265414,1,train,97,"{""type"":""MultiPoint"",""coordinates"":[]}"
00000000000000000331_0,0,KBang,1019,0,0,0,14.437365253773324,108.4950253828423,0,0,1019,1.3329878,3026.558855623007,2396.239654855617,0.7707178112584211,1,train,97,"{""type"":""MultiPoint"",""coordinates"":[]}"
000000000000000004c7_0,0,KBang,693,0,0,0,14.1789157567156,108.65699331040663,0,0,694,2.6629565,2859.5566610470414,2490.159314288234,0.7322846368704785,1,train,97,"{""type"":""MultiPoint"",""coordinates"":[]}"
00000000000000000579_0,0,KBang,744,0,0,0,14.257609972106813,108.52197618960933,0,0,745,4.680607,3283.608837634325,2704.4453318488963,0.2740993900302967,1,train,97,"{""type"":""MultiPoint"",""coordinates"":[]}"
0000000000000000059a_0,0,KBang,848,0,0,0,14.345467640162859,108.63031450880386,0,0,848,0.9572527,2904.3306356593966,2447.77248901683,0.5334340933057258,1,train,97,"{""type"":""MultiPoint"",""coordinates"":[]}"
00000000000000000641_0,0,KBang,1036,0,0,0,14.58369957304426,108.54164974345716,0,0,1036,2.7802885,3497.1619696319103,2845.7789758288777,0.35945468861418817,1,train,97,"{""type"":""MultiPoint"",""coordinates"":[]}"
0000000000000000064b_0,0,KBang,971,0,0,0,14.526025560018985,108.59312114691707,0,0,971,1.3332626,3178.381496110931,2588.583209516534,0.09930889137791754,1,train,97,"{""type"":""MultiPoint"",""coordinates"":[]}"
000000000000000000a3_0,0,KBang,1100,0,0,1,14.416612597470582,108.4098654709236,1,2014,1100,2.7802885,3056.5912619680166,2430.7695342178336,0.623617756875456,2,train,97,"{""type"":""MultiPoint"",""coordinates"":[]}"
000000000000000000ae_0,0,KBang,929,0,0,0,14.421192094252474,108.51605004430931,0,0,930,6.6360598,3022.832878291607,2439.8191594331984,0.21998906161159815,2,train,97,"{""type"":""MultiPoint"",""coordinates"":[]}"
00000000000000000148_0,0,KBang,878,0,0,0,14.432241746662914,108.59258605479064,0,0,879,4.1678815,3010.9200901687145,2435.0759028388934,0.4902434538113012,2,train,97,"{""type"":""MultiPoint"",""coordinates"":[]}"
000000000000000001b8_0,0,KBang,977,0,0,0,14.387775590957949,108.51766423889066,0,0,977,4.681618,3057.4028005301952,2452.323266195249,0.03195944567942943,2,train,97,"{""type"":""MultiPoint"",""coordinates"":[]}"
000000000000000001f5_0,0,KBang,1130,0,0,0,14.444098496364028,108.39261766804887,0,0,1130,1.8543341,3230.138293027878,2568.9875608114658,0.004723954846204248,2,train,97,"{""type"":""MultiPoint"",""coordinates"":[]}"
00000000000000000236_0,0,KBang,747,0,0,1,14.254916675070536,108.6216906073665,1,2001,747,1.8543341,2920.2753743231297,2494.9070353260336,0.01521174068122877,2,train,97,"{""type"":""MultiPoint"",""coordinates"":[]}"
00000000000000000297_0,0,KBang,1172,0,0,0,14.363790086391466,108.41067702731533,0,0,1172,2.0865662,3307.1987401247025,2646.067406310553,0.5692257610342316,2,train,97,"{""type"":""MultiPoint"",""coordinates"":[]}"
0000000000000000031f_0,0,KBang,699,0,0,0,14.247367416987048,108.59770510280002,0,0,698,3.8256927,2988.904823511839,2527.354326276477,0.7259267559416274,2,train,97,"{""type"":""MultiPoint"",""coordinates"":[]}"
00000000000000000358_0,0,KBang,918,0,0,0,14.384270737529945,108.49987688478845,0,0,925,10.160817,3174.5908024162054,2515.3602785260928,0.06124979585700119,2,train,97,"{""type"":""MultiPoint"",""coordinates"":[]}"
0000000000000000040e_0,0,KBang,966,0,0,0,14.412300646751904,108.52359484329175,0,0,968,3.0161035,3022.832878291607,2439.8191594331984,0.3108667995118215,2,train,97,"{""type"":""MultiPoint"",""coordinates"":[]}"
00000000000000000412_0,0,KBang,754,0,0,0,14.234431564831,108.65887951015223,0,0,752,5.315123,2848.710048556328,2448.020166605705,0.477222301489595,2,train,97,"{""type"":""MultiPoint"",""coordinates"":[]}"
0000000000000000048e_0,0,KBang,806,0,0,0,14.283214130355699,108.62734920660331,0,0,806,1.9134414,2920.2753743231297,2494.9070353260336,0.16592702623586786,2,train,97,"{""type"":""MultiPoint"",""coordinates"":[]}"
00000000000000000540_0,0,KBang,787,0,0,0,14.27000627303539,108.64513656070551,0,0,787,2.1259434,2920.2753743231297,2494.9070353260336,0.6034264923481248,2,train,97,"{""type"":""MultiPoint"",""coordinates"":[]}"
0000000000000000055f_0,0,KBang,877,0,0,0,14.414726397724976,108.574259149461,0,0,877,1.9145633,3010.9200901687145,2435.0759028388934,0.7689204433295883,2,train,97,"{""type"":""MultiPoint"",""coordinates"":[]}"
00000000000000000571_0,0,KBang,1075,0,0,0,14.422810747934879,108.43088567328955,0,0,1073,7.0637107,3056.5912619680166,2430.7695342178336,0.5220495024975497,2,train,97,"{""type"":""MultiPoint"",""coordinates"":[]}"
000000000000000005ad_0,0,KBang,889,0,0,0,14.405830491123353,108.59743309763576,0,0,889,5.52064,3010.9200901687145,2435.0759028388934,0.18850141636354367,2,train,97,"{""type"":""MultiPoint"",""coordinates"":[]}"
000000000000000005dc_0,0,KBang,680,0,0,0,14.231198716567253,108.59231404962641,0,0,681,1.3323561,2988.904823511839,2527.354326276477,0.7711991734675997,2,train,97,"{""type"":""MultiPoint"",""coordinates"":[]}"
00000000000000000615_0,0,KBang,745,0,0,0,14.223653917584823,108.64621566316045,0,0,744,3.7047918,2921.3837886452675,2499.82747799868,0.4370179779550639,2,train,97,"{""type"":""MultiPoint"",""coordinates"":[]}"
0000000000000000064a_0,0,KBang,976,0,0,0,14.566451770169529,108.5384168951934,0,0,974,4.6273675,3497.1619696319103,2845.7789758288777,0.2534698309730733,2,train,97,"{""type"":""MultiPoint"",""coordinates"":[]}"
00000000000000000026_0,0,KBang,707,0,0,0,14.199940418182598,108.62761675266653,0,0,707,2.8677726,2921.3837886452675,2499.82747799868,0.18258073013748144,3,train,97,"{""type"":""MultiPoint"",""coordinates"":[]}"
000000000000000000ab_0,0,KBang,1163,0,0,0,14.356784838636502,108.40825127634226,0,0,1160,10.159754,3307.1987401247025,2646.067406310553,0.0035161627878051993,3,train,97,"{""type"":""MultiPoint"",""coordinates"":[]}"
000000000000000000df_0,0,KBang,1164,0,0,0,14.361096789355184,108.38156801563844,0,0,1165,2.9399984,3472.4521907940507,2724.9660693980677,0.5747667836517155,3,train,97,"{""type"":""MultiPoint"",""coordinates"":[]}"
000000000000000001aa_0,0,KBang,881,0,0,0,14.454073505420583,108.54138219739394,0,0,884,10.152872,3223.115180581808,2551.5795426868085,0.10724844485700558,3,train,97,"{""type"":""MultiPoint"",""coordinates"":[]}"
000000000000000001cb_0,0,KBang,1215,0,0,0,14.520638965946423,108.39046392224006,0,0,1219,12.977089,3205.2258018553257,2562.2362008570512,0.1464556104508723,3,train,97,"{""type"":""MultiPoint"",""coordinates"":[]}"
000000000000000001dc_0,0,KBang,750,0,0,0,14.240094623168877,108.65941906137971,0,0,752,2.125717,2848.710048556328,2448.020166605705,0.013635207237422065,3,train,97,"{""type"":""MultiPoint"",""coordinates"":[]}"
000000000000000001e3_0,0,KBang,1216,0,0,0,14.526565111246454,108.42576662528019,0,0,1213,5.123503,2982.197799295187,2381.099704130859,0.19052990204031528,3,train,97,"{""type"":""MultiPoint"",""coordinates"":[]}"
00000000000000000203_0,0,KBang,931,0,0,0,14.546506211157464,108.56320949705056,0,0,934,9.305336,3178.381496110931,2588.583209516534,0.23637948175701118,3,train,97,"{""type"":""MultiPoint"",""coordinates"":[]}"
00000000000000000234_0,0,KBang,835,0,0,0,14.323368335341979,108.61629955419288,0,0,839,6.5341506,2904.3306356593966,2447.77248901683,0.7835314440120491,3,train,97,"{""type"":""MultiPoint"",""coordinates"":[]}"
000000000000000002a8_0,0,KBang,728,0,0,0,14.209371416910637,108.65295336485221,0,0,732,8.444159,2848.710048556328,2448.020166605705,0.1577261231486754,3,train,97,"{""type"":""MultiPoint"",""coordinates"":[]}"
000000000000000002c9_0,0,KBang,936,0,0,0,14.474014605331595,108.52359484329175,0,0,938,12.189174,3223.115180581808,2551.5795426868085,0.7771913526107964,3,train,97,"{""type"":""MultiPoint"",""coordinates"":[]}"
000000000000000002ea_0,0,KBang,1056,0,0,0,14.492341510661253,108.50122353330661,0,0,1052,10.769622,3223.115180581808,2551.5795426868085,0.6583710096517301,3,train,97,"{""type"":""MultiPoint"",""coordinates"":[]}"
0000000000000000031b_0,0,KBang,802,0,0,0,14.297764177093095,108.62034395884837,0,0,802,3.3734634,2920.2753743231297,2494.9070353260336,0.03205496990106671,3,train,97,"{""type"":""MultiPoint"",""coordinates"":[]}"
0000000000000000031e_0,0,KBang,1066,0,0,0,14.503119157907438,108.47885668242252,0,0,1068,5.547545,3149.5016675293446,2511.7643873978677,0.28724532245723244,3,train,97,"{""type"":""MultiPoint"",""coordinates"":[]}"
0000000000000000034e_0,0,KBang,677,0,0,0,14.230659165339787,108.59258605479064,0,0,678,6.916306,2988.904823511839,2527.354326276477,0.02320291409763664,3,train,97,"{""type"":""MultiPoint"",""coordinates"":[]}"
0000000000000000035b_0,0,KBang,840,0,0,0,14.329834031869478,108.61172005741099,0,0,838,4.8636956,2904.3306356593966,2447.77248901683,0.33781734630377724,3,train,97,"{""type"":""MultiPoint"",""coordinates"":[]}"
00000000000000000373_0,0,KBang,909,0,0,0,14.393434190194771,108.60255660474617,0,0,907,3.373926,2952.925736054778,2405.8077794335663,0.17513720703614077,3,train,97,"{""type"":""MultiPoint"",""coordinates"":[]}"
00000000000000000376_0,0,KBang,1046,0,0,0,14.50392625519811,108.55835799510442,0,0,1046,2.871664,3178.381496110931,2588.583209516534,0.34040506702545437,3,train,97,"{""type"":""MultiPoint"",""coordinates"":[]}"
0000000000000000037d_0,0,KBang,780,0,0,0,14.26569432231671,108.4624204359395,0,0,780,2.9398665,3299.3934005498886,2718.926994363391,0.5333582299135818,3,train,97,"{""type"":""MultiPoint"",""coordinates"":[]}"
00000000000000000391_0,0,KBang,678,0,0,0,14.189158311835365,108.67801351277257,0,0,679,3.013396,2859.5566610470414,2490.159314288234,0.10094515712337537,3,train,97,"{""type"":""MultiPoint"",""coordinates"":[]}"
000000000000000003be_0,0,KBang,920,0,0,0,14.569417072370076,108.56832854505991,0,0,920,2.6653523,3182.7490888275206,2585.4666109299883,0.3754225079613984,3,train,97,"{""type"":""MultiPoint"",""coordinates"":[]}"
000000000000000003dc_0,0,KBang,1038,0,0,0,14.486143360196968,108.47400518047637,0,0,1039,1.3331392,3062.020653218031,2418.2485376937757,0.07796749863100483,3,train,97,"{""type"":""MultiPoint"",""coordinates"":[]}"
00000000000000000452_0,0,KBang,687,0,0,0,14.232010272958982,108.59069985504505,0,0,690,0.92740995,2988.904823511839,2527.354326276477,0.14509969764230812,3,train,97,"{""type"":""MultiPoint"",""coordinates"":[]}"
00000000000000000460_0,0,KBang,969,0,0,0,14.376997943711773,108.47804958513184,0,0,968,3.0156727,3174.5908024162054,2515.3602785260928,0.025512463858576973,3,train,97,"{""type"":""MultiPoint"",""coordinates"":[]}"
0000000000000000046a_0,0,KBang,1008,0,0,0,14.487218003550847,108.56886809628739,0,0,1010,4.7247505,3197.922673208639,2550.7448842357335,0.7841428805622725,3,train,97,"{""type"":""MultiPoint"",""coordinates"":[]}"
000000000000000004ab_0,0,KBang,1039,0,0,0,14.520638965946425,108.53302584201977,0,0,1043,5.99411,3063.1103956103325,2477.7017693946955,0.6266627113975821,3,train,97,"{""type"":""MultiPoint"",""coordinates"":[]}"
000000000000000004bc_0,0,KBang,1253,0,0,0,14.567530872624465,108.3718694708472,0,0,1264,20.426369,3121.39150339365,2463.6619402850083,0.3387086501955816,3,train,97,"{""type"":""MultiPoint"",""coordinates"":[]}"
00000000000000000533_0,0,KBang,694,0,0,0,14.18269261530787,108.6613052611253,0,0,695,2.12528,2859.5566610470414,2490.159314288234,0.6924473305078144,3,train,97,"{""type"":""MultiPoint"",""coordinates"":[]}"
00000000000000000539_0,0,KBang,987,0,0,0,14.390201341931029,108.48101488733239,0,0,987,4.247887,3174.5908024162054,2515.3602785260928,0.04998238792182852,3,train,97,"{""type"":""MultiPoint"",""coordinates"":[]}"
000000000000000005ef_0,0,KBang,882,0,0,0,14.431702195435447,108.57506624675166,0,0,884,4.7245765,3010.9200901687145,2435.0759028388934,0.009291660200033691,3,train,97,"{""type"":""MultiPoint"",""coordinates"":[]}"
000000000000000005f0_0,0,KBang,1160,0,0,0,14.25949617185242,108.40959792486039,0,0,1158,20.016685,3954.77065885067,3193.707802749039,0.5147757576421567,3,train,97,"{""type"":""MultiPoint"",""coordinates"":[]}"
0000000000000000062b_0,0,KBang,730,0,0,0,14.309353380730998,108.59689800550933,0,0,732,4.8632684,3139.498244166374,2607.9216171444064,0.5197559727817789,3,train,97,"{""type"":""MultiPoint"",""coordinates"":[]}"
00000000000000000640_0,0,KBang,729,0,0,0,14.202633715218877,108.662112358416,0,0,730,1.3322693,2848.710048556328,2448.020166605705,0.4740381623140113,3,train,97,"{""type"":""MultiPoint"",""coordinates"":[]}"
00000000000000000009_0,0,KBang,721,0,0,1,14.262461474052964,108.53410494447472,1,2009,722,2.1258862,3283.608837634325,2704.4453318488963,0.7338472884377093,4,train,97,"{""type"":""MultiPoint"",""coordinates"":[]}"
00000000000000000064_0,0,KBang,954,0,0,0,14.437093248609063,108.50957988868075,0,0,954,3.8252459,3022.832878291607,2439.8191594331984,0.5731198925405296,4,train,97,"{""type"":""MultiPoint"",""coordinates"":[]}"
000000000000000000ee_0,0,KBang,765,0,0,0,14.251411821642524,108.5270952376187,0,0,767,0.95685303,3283.608837634325,2704.4453318488963,0.3503886118181282,4,train,97,"{""type"":""MultiPoint"",""coordinates"":[]}"
0000000000000000015c_0,0,KBang,919,0,0,0,14.455420153938723,108.55323894709505,0,0,916,4.86632,3197.922673208639,2550.7448842357335,0.09235853230575419,4,train,97,"{""type"":""MultiPoint"",""coordinates"":[]}"
000000000000000001b2_0,0,KBang,1537,0,0,0,14.2815954766733,108.38507286906643,0,0,1537,4.1672926,3431.17944631353,2736.309887341469,0.12632449345001462,4,train,97,"{""type"":""MultiPoint"",""coordinates"":[]}"
000000000000000001cc_0,0,KBang,1021,0,0,0,14.495034807697541,108.55269939586758,0,0,1022,2.1276789,3197.922673208639,2550.7448842357335,0.5901037652565506,4,train,97,"{""type"":""MultiPoint"",""coordinates"":[]}"
000000000000000001e4_0,0,KBang,1216,0,0,0,14.550283069749733,108.44786593010106,0,0,1216,4.168346,3143.577323973179,2531.598463432791,0.17159887574962485,4,train,97,"{""type"":""MultiPoint"",""coordinates"":[]}"
000000000000000001f1_0,0,KBang,1014,0,0,0,14.581001816906921,108.54569414811262,0,0,1014,4.2508388,3497.1619696319103,2845.7789758288777,0.22606367306585762,4,train,97,"{""type"":""MultiPoint"",""coordinates"":[]}"
0000000000000000021f_0,0,KBang,915,0,0,0,14.456766802456869,108.55081319612196,0,0,917,2.940132,3197.922673208639,2550.7448842357335,0.6951220579623193,4,train,97,"{""type"":""MultiPoint"",""coordinates"":[]}"
000000000000000002d4_0,0,KBang,1031,0,0,0,14.47293550287666,108.47373763441315,0,0,1031,4.1680408,3062.020653218031,2418.2485376937757,0.512964959644451,4,train,97,"{""type"":""MultiPoint"",""coordinates"":[]}"
000000000000000002f9_0,0,KBang,1017,0,0,0,14.509589313535983,108.56967519357806,0,0,1019,2.1277912,3178.381496110931,2588.583209516534,0.02011933971058677,4,train,97,"{""type"":""MultiPoint"",""coordinates"":[]}"
00000000000000000335_0,0,KBang,880,0,0,0,14.414726397724976,108.56347704311375,0,0,878,2.086666,3010.9200901687145,2435.0759028388934,0.3648863907941533,4,train,97,"{""type"":""MultiPoint"",""coordinates"":[]}"
00000000000000000399_0,0,KBang,864,0,0,0,14.417419694761259,108.60902230127367,0,0,864,4.2483053,3179.367648512125,2581.221545913855,0.11863328226399583,4,train,97,"{""type"":""MultiPoint"",""coordinates"":[]}"
000000000000000003d1_0,0,KBang,1039,0,0,0,14.499614304479428,108.57156585242471,0,0,1038,0.92740995,3197.922673208639,2550.7448842357335,0.6093489497364261,4,train,97,"{""type"":""MultiPoint"",""coordinates"":[]}"
00000000000000000480_0,0,KBang,755,0,0,0,14.260575274307351,108.52898143736431,0,0,752,2.9398599,3283.608837634325,2704.4453318488963,0.24402566630711142,4,train,97,"{""type"":""MultiPoint"",""coordinates"":[]}"
000000000000000004b7_0,0,KBang,894,0,0,0,14.440598102037074,108.56266994582309,0,0,896,1.332998,3010.9200901687145,2435.0759028388934,0.16359775236413865,4,train,97,"{""type"":""MultiPoint"",""coordinates"":[]}"
000000000000000004ec_0,0,KBang,1058,0,0,0,14.502312060616763,108.54650124540329,0,0,1060,5.318392,3063.1103956103325,2477.7017693946955,0.27575134712526095,4,train,97,"{""type"":""MultiPoint"",""coordinates"":[]}"
00000000000000000510_0,0,KBang,1083,0,0,0,14.426583147426092,108.4211871284983,0,0,1083,3.9352398,3056.5912619680166,2430.7695342178336,0.04766463222925421,4,train,97,"{""type"":""MultiPoint"",""coordinates"":[]}"
000000000000000005b8_0,0,KBang,1540,0,0,0,14.288333178365056,108.3818400208027,0,0,1540,2.0864186,3431.17944631353,2736.309887341469,0.5854070456491267,4,train,97,"{""type"":""MultiPoint"",""coordinates"":[]}"
000000000000000005c1_0,0,KBang,664,0,0,0,14.162479510232597,108.64998806265166,0,0,663,2.7802885,2827.968597881496,2459.472389055322,0.006271510157779492,4,train,97,"{""type"":""MultiPoint"",""coordinates"":[]}"
00000000000000000604_0,0,KBang,995,0,0,0,14.43466749763599,108.48909923754229,0,0,996,6.464861,3026.558855623007,2396.239654855617,0.4333607314779494,4,train,97,"{""type"":""MultiPoint"",""coordinates"":[]}"
00000000000000000003_0,0,KBang,1058,0,0,0,14.473207508040922,108.48829214025162,0,0,1058,4.724612,3062.020653218031,2418.2485376937757,0.1942456641712248,5,train,97,"{""type"":""MultiPoint"",""coordinates"":[]}"
00000000000000000067_0,0,KBang,771,0,0,0,14.288600724428264,108.64621566316045,0,0,771,5.3157783,2920.2753743231297,2494.9070353260336,0.2717311420579759,5,train,97,"{""type"":""MultiPoint"",""coordinates"":[]}"
0000000000000000008a_0,0,KBang,1057,0,0,0,14.502579606679967,108.45810848522083,0,0,1064,21.141874,3149.5016675293446,2511.7643873978677,0.5242006530523136,5,train,97,"{""type"":""MultiPoint"",""coordinates"":[]}"
00000000000000000098_0,0,KBang,928,0,0,0,14.430355546917307,108.54057064100222,0,0,932,10.544959,3022.832878291607,2439.8191594331984,0.4221032534405378,5,train,97,"{""type"":""MultiPoint"",""coordinates"":[]}"
000000000000000000a2_0,0,KBang,1140,0,0,0,14.489643754523925,108.37564187033841,0,0,1140,5.4393487,3139.124945908785,2478.474790363861,0.42405007927893656,5,train,97,"{""type"":""MultiPoint"",""coordinates"":[]}"
000000000000000000a7_0,0,KBang,958,0,0,0,14.543545368057979,108.5265601454923,0,0,962,7.620305,3063.1103956103325,2477.7017693946955,0.11538040066268684,5,train,97,"{""type"":""MultiPoint"",""coordinates"":[]}"
000000000000000000d7_0,0,KBang,967,0,0,0,14.461346299238755,108.55431804954998,0,0,965,12.554682,3197.922673208639,2550.7448842357335,0.5295974672820403,5,train,97,"{""type"":""MultiPoint"",""coordinates"":[]}"
000000000000000000dd_0,0,KBang,1034,0,0,0,14.540308060693178,108.51928289257306,0,0,1029,13.123445,3063.1103956103325,2477.7017693946955,0.002336093668279249,5,train,97,"{""type"":""MultiPoint"",""coordinates"":[]}"
00000000000000000105_0,0,KBang,1236,0,0,0,14.547045762384933,108.42522707405271,0,0,1234,8.2891,2982.197799295187,2381.099704130859,0.3634939412155872,5,train,97,"{""type"":""MultiPoint"",""coordinates"":[]}"
00000000000000000130_0,0,KBang,953,0,0,0,14.431702195435447,108.53949599764832,0,0,953,4.8658247,3022.832878291607,2439.8191594331984,0.12231042709602691,5,train,97,"{""type"":""MultiPoint"",""coordinates"":[]}"
00000000000000000149_0,0,KBang,781,0,0,0,14.300997025356844,108.63381490313083,0,0,785,11.47858,2904.3306356593966,2447.77248901683,0.671893917617754,5,train,97,"{""type"":""MultiPoint"",""coordinates"":[]}"
0000000000000000023f_0,0,KBang,1043,0,0,0,14.517941209809091,108.52197618960933,0,0,1043,5.3185835,3063.1103956103325,2477.7017693946955,0.5761168256277689,5,train,97,"{""type"":""MultiPoint"",""coordinates"":[]}"
000000000000000002c2_0,0,KBang,1050,0,0,0,14.50096541209862,108.54730834269397,0,0,1054,3.9937956,3063.1103956103325,2477.7017693946955,0.11835363280592992,5,train,97,"{""type"":""MultiPoint"",""coordinates"":[]}"
000000000000000002ff_0,0,KBang,717,0,0,0,14.206138568646887,108.65402800820608,0,0,716,8.641447,2848.710048556328,2448.020166605705,0.17693224737018387,5,train,97,"{""type"":""MultiPoint"",""coordinates"":[]}"
00000000000000000300_0,0,KBang,799,0,0,0,14.264615219861776,108.64055260482256,0,0,799,4.6273675,2920.2753743231297,2494.9070353260336,0.5586209116660339,5,train,97,"{""type"":""MultiPoint"",""coordinates"":[]}"
00000000000000000378_0,0,KBang,796,0,0,0,14.268927170580461,108.49206453974283,0,0,793,4.1672444,3299.3934005498886,2718.926994363391,0.7531081590550417,5,train,97,"{""type"":""MultiPoint"",""coordinates"":[]}"
000000000000000003c9_0,0,KBang,1131,0,0,0,14.475633259013998,108.39692961876754,0,0,1126,11.380124,3139.124945908785,2478.474790363861,0.15393418283786198,5,train,97,"{""type"":""MultiPoint"",""coordinates"":[]}"
000000000000000003ea_0,0,KBang,1026,0,0,0,14.50823820591679,108.56832854505991,0,0,1026,4.6825657,3178.381496110931,2588.583209516534,0.3227840852257067,5,train,97,"{""type"":""MultiPoint"",""coordinates"":[]}"
000000000000000003ee_0,0,KBang,1196,0,0,0,14.537614763656892,108.45783648005659,0,0,1195,7.222931,3149.5016675293446,2511.7643873978677,0.09146523204858892,5,train,97,"{""type"":""MultiPoint"",""coordinates"":[]}"
000000000000000003ef_0,0,KBang,799,0,0,0,14.291026475401338,108.63489400558575,0,0,800,2.6636362,2920.2753743231297,2494.9070353260336,0.7062677861884212,5,train,97,"{""type"":""MultiPoint"",""coordinates"":[]}"
000000000000000003fc_0,0,KBang,1080,0,0,0,14.468356006094774,108.47535628809555,0,0,1078,11.662637,3062.020653218031,2418.2485376937757,0.2106541109294311,5,train,97,"{""type"":""MultiPoint"",""coordinates"":[]}"
00000000000000000406_0,0,KBang,1037,0,0,0,14.418766343279401,108.46915367853022,0,0,1037,2.870564,3026.558855623007,2396.239654855617,0.5877662287251041,5,train,97,"{""type"":""MultiPoint"",""coordinates"":[]}"
0000000000000000042b_0,0,KBang,961,0,0,0,14.36675538859201,108.50068844118019,0,0,960,6.920159,3057.4028005301952,2452.323266195249,0.6275168450827905,5,train,97,"{""type"":""MultiPoint"",""coordinates"":[]}"
0000000000000000046b_0,0,KBang,1054,0,0,0,14.511203508117333,108.5518922985769,0,0,1051,13.059128,3178.381496110931,2588.583209516534,0.7329799655741189,5,train,97,"{""type"":""MultiPoint"",""coordinates"":[]}"
00000000000000000471_0,0,KBang,1038,0,0,0,14.524411365437643,108.54407549443023,0,0,1040,1.3332573,3063.1103956103325,2477.7017693946955,0.5828470559426714,5,train,97,"{""type"":""MultiPoint"",""coordinates"":[]}"
00000000000000000496_0,0,KBang,997,0,0,0,14.3910084392217,108.49206453974283,0,0,997,4.8649697,3174.5908024162054,2515.3602785260928,0.19197931014006375,5,train,97,"{""type"":""MultiPoint"",""coordinates"":[]}"
00000000000000000527_0,0,KBang,803,0,0,1,14.304234332721645,108.56698189654178,1,2016,801,1.8543341,3139.498244166374,2607.9216171444064,0.5546145570436378,5,train,97,"{""type"":""MultiPoint"",""coordinates"":[]}"
00000000000000000531_0,0,KBang,901,0,0,0,14.400983448278255,108.52143663838187,0,0,901,5.120999,3022.832878291607,2439.8191594331984,0.4868736558302571,5,train,97,"{""type"":""MultiPoint"",""coordinates"":[]}"
00000000000000000575_0,0,KBang,772,0,0,0,14.241980822914485,108.6639985581616,0,0,776,8.501061,2848.710048556328,2448.020166605705,0.6865825049939257,5,train,97,"{""type"":""MultiPoint"",""coordinates"":[]}"
000000000000000005ce_0,0,KBang,754,0,0,0,14.241708817750226,108.6416317072775,0,0,756,5.8642693,2921.3837886452675,2499.82747799868,0.4295264416327409,5,train,97,"{""type"":""MultiPoint"",""coordinates"":[]}"
000000000000000005fa_0,0,KBang,698,0,0,0,14.16382615875074,108.66804296281707,0,0,700,5.720343,2859.5566610470414,2490.159314288234,0.4276536952812394,5,train,97,"{""type"":""MultiPoint"",""coordinates"":[]}"
0000000000000000001e_0,0,KBang,913,0,0,0,14.563218921905783,108.57075429603299,0,0,912,6.3612976,3182.7490888275206,2585.4666109299883,0.6966340033424363,6,train,97,"{""type"":""MultiPoint"",""coordinates"":[]}"
0000000000000000004d_0,0,KBang,1039,0,0,0,14.496921007443143,108.56320949705056,0,0,1039,3.7047918,3197.922673208639,2550.7448842357335,0.31913217710727637,6,train,97,"{""type"":""MultiPoint"",""coordinates"":[]}"
0000000000000000005a_0,0,KBang,1067,0,0,0,14.51955986349149,108.52197618960933,0,0,1068,1.9154681,3063.1103956103325,2477.7017693946955,0.2939277045497961,6,train,97,"{""type"":""MultiPoint"",""coordinates"":[]}"
00000000000000000094_0,0,KBang,1151,0,0,0,14.4659302551217,108.39073146830327,0,0,1149,12.462263,3139.124945908785,2478.474790363861,0.10107291342602132,6,train,97,"{""type"":""MultiPoint"",""coordinates"":[]}"
000000000000000000d5_0,0,KBang,1071,0,0,0,14.507703113790376,108.52548104303735,0,0,1071,5.004934,3063.1103956103325,2477.7017693946955,0.5610121543933392,6,train,97,"{""type"":""MultiPoint"",""coordinates"":[]}"
000000000000000000fe_0,0,KBang,1041,0,0,0,14.515787464000272,108.55916509239509,0,0,1041,6.238596,3178.381496110931,2588.583209516534,0.3761978461932107,6,train,97,"{""type"":""MultiPoint"",""coordinates"":[]}"
0000000000000000012d_0,0,KBang,1244,0,0,0,14.56294691674152,108.38453331783899,0,0,1244,5.8651567,3121.39150339365,2463.6619402850083,0.794303042972159,6,train,97,"{""type"":""MultiPoint"",""coordinates"":[]}"
00000000000000000142_0,0,KBang,765,0,0,0,14.33495307987883,108.59312114691707,0,0,765,6.3560514,3139.498244166374,2607.9216171444064,0.19114005061658568,6,train,97,"{""type"":""MultiPoint"",""coordinates"":[]}"
0000000000000000016f_0,0,KBang,1078,0,0,0,14.434127946408521,108.41363787041483,0,0,1078,5.5211616,3056.5912619680166,2430.7695342178336,0.5710444752596979,6,train,97,"{""type"":""MultiPoint"",""coordinates"":[]}"
000000000000000001a0_0,0,KBang,991,0,0,0,14.546506211157464,108.5429963919753,0,0,988,4.724676,3063.1103956103325,2477.7017693946955,0.1114777461540909,6,train,97,"{""type"":""MultiPoint"",""coordinates"":[]}"
000000000000000001cd_0,0,KBang,1121,0,0,1,14.447603349792033,108.41687517777962,1,2009,1119,2.7802885,3056.5912619680166,2430.7695342178336,0.5693993793291126,6,train,97,"{""type"":""MultiPoint"",""coordinates"":[]}"
000000000000000001e5_0,0,KBang,894,0,0,0,14.355977741345828,108.6136062571566,0,0,894,6.0338783,2952.925736054778,2405.8077794335663,0.7601794776711173,6,train,97,"{""type"":""MultiPoint"",""coordinates"":[]}"
0000000000000000021c_0,0,KBang,1062,0,0,0,14.369181139565082,108.42280132307964,0,0,1060,5.3167605,3307.1987401247025,2646.067406310553,0.6159894286517577,6,train,97,"{""type"":""MultiPoint"",""coordinates"":[]}"
0000000000000000027a_0,0,KBang,677,0,0,1,14.261382371598026,108.59177449839893,1,2014,677,5.9913073,3002.574410483241,2569.066161002828,0.7552277969294914,6,train,97,"{""type"":""MultiPoint"",""coordinates"":[]}"
000000000000000002ed_0,0,KBang,1223,0,0,0,14.530609515901933,108.38103292351202,0,0,1222,3.93698,3205.2258018553257,2562.2362008570512,0.644315848593419,6,train,97,"{""type"":""MultiPoint"",""coordinates"":[]}"
0000000000000000030c_0,0,KBang,1013,0,0,0,14.479405658505213,108.54973409366706,0,0,1013,5.993659,3223.115180581808,2551.5795426868085,0.37743860473255886,6,train,97,"{""type"":""MultiPoint"",""coordinates"":[]}"
00000000000000000318_0,0,KBang,1412,0,0,0,14.167059007014489,108.39585497541368,0,0,1414,5.3143144,3400.7785373441875,2807.31930743629,0.28882150428794573,6,train,97,"{""type"":""MultiPoint"",""coordinates"":[]}"
00000000000000000362_0,0,KBang,937,0,0,0,14.380498338038727,108.51415938546266,0,0,937,6.0342875,3057.4028005301952,2452.323266195249,0.018019675362314636,6,train,97,"{""type"":""MultiPoint"",""coordinates"":[]}"
0000000000000000036a_0,0,KBang,1003,0,0,0,14.482638506768959,108.55620424929559,0,0,1005,6.8087177,3197.922673208639,2550.7448842357335,0.1885075644098081,6,train,97,"{""type"":""MultiPoint"",""coordinates"":[]}"
0000000000000000037b_0,0,KBang,960,0,0,0,14.433588395181054,108.52925344252857,0,0,960,6.358306,3022.832878291607,2439.8191594331984,0.013122963397899201,6,train,97,"{""type"":""MultiPoint"",""coordinates"":[]}"
00000000000000000398_0,0,KBang,1438,0,0,0,14.417152148698051,108.30018496231199,0,0,1438,9.693693,3774.6228857189417,2999.9198697531438,0.4530485499582009,6,train,97,"{""type"":""MultiPoint"",""coordinates"":[]}"
000000000000000003a0_0,0,KBang,1004,0,0,0,14.519827409554699,108.56536324285938,0,0,1002,4.1682262,3178.381496110931,2588.583209516534,0.19460020895107044,6,train,97,"{""type"":""MultiPoint"",""coordinates"":[]}"
000000000000000003ad_0,0,KBang,1022,0,0,0,14.561600268223385,108.55135274734944,0,0,1021,7.950264,3182.7490888275206,2585.4666109299883,0.6386952074769212,6,train,97,"{""type"":""MultiPoint"",""coordinates"":[]}"
000000000000000003c6_0,0,KBang,990,0,0,0,14.487757554778314,108.51200563965384,0,0,990,5.6286182,3223.115180581808,2551.5795426868085,2.9740549098100644E-4,6,train,97,"{""type"":""MultiPoint"",""coordinates"":[]}"
000000000000000003cf_0,0,KBang,1082,0,0,0,14.426315601362882,108.42091512333404,0,0,1082,5.521018,3056.5912619680166,2430.7695342178336,0.350404635301117,6,train,97,"{""type"":""MultiPoint"",""coordinates"":[]}"
000000000000000003d7_0,0,KBang,1116,0,0,0,14.514436356381083,108.49691158258791,0,0,1114,2.8717973,3149.5016675293446,2511.7643873978677,0.7943669641765401,6,train,97,"{""type"":""MultiPoint"",""coordinates"":[]}"
00000000000000000402_0,0,KBang,1060,0,0,0,14.424157396453017,108.4408606823461,0,0,1060,6.035019,3056.5912619680166,2430.7695342178336,0.21061379139385883,6,train,97,"{""type"":""MultiPoint"",""coordinates"":[]}"
00000000000000000421_0,0,KBang,938,0,0,0,14.100493546488648,108.47912868758678,0,0,934,9.933258,3364.3139811381698,2879.1407314955827,0.250096905385533,6,train,97,"{""type"":""MultiPoint"",""coordinates"":[]}"
0000000000000000045b_0,0,KBang,806,0,0,0,14.319056384623297,108.63812685384949,0,0,806,5.991926,2904.3306356593966,2447.77248901683,0.5970091566492581,6,train,97,"{""type"":""MultiPoint"",""coordinates"":[]}"
000000000000000004b5_0,0,KBang,806,0,0,0,14.306120532467249,108.62303725588463,0,0,807,1.3325839,2904.3306356593966,2447.77248901683,0.05954231106883079,6,train,97,"{""type"":""MultiPoint"",""coordinates"":[]}"
000000000000000004c4_0,0,KBang,761,0,0,0,14.230659165339787,108.6653496657808,0,0,762,4.861641,2848.710048556328,2448.020166605705,0.48415560817308967,6,train,97,"{""type"":""MultiPoint"",""coordinates"":[]}"
000000000000000004db_0,0,KBang,975,0,0,0,14.541926714375577,108.54138219739394,0,0,976,7.064325,3063.1103956103325,2477.7017693946955,0.42882598164298125,6,train,97,"{""type"":""MultiPoint"",""coordinates"":[]}"
000000000000000004e6_0,0,KBang,906,0,0,0,14.357052384699708,108.47939623365,0,0,910,9.691712,3174.5908024162054,2515.3602785260928,0.11982729685084648,6,train,97,"{""type"":""MultiPoint"",""coordinates"":[]}"
000000000000000004f2_0,0,KBang,842,0,0,0,14.3664878425288,108.63058205486706,0,0,840,8.552791,2952.925736054778,2405.8077794335663,0.39388141166800084,6,train,97,"{""type"":""MultiPoint"",""coordinates"":[]}"
00000000000000000500_0,0,KBang,1506,0,0,0,14.238475969486474,108.32201226196861,0,0,1506,6.236981,3513.8358694799244,2786.476151139564,0.29851816785539853,6,train,97,"{""type"":""MultiPoint"",""coordinates"":[]}"
0000000000000000057d_0,0,KBang,1075,0,0,0,14.520638965946423,108.52143663838187,0,0,1068,11.032644,3063.1103956103325,2477.7017693946955,0.5251875100270584,6,train,97,"{""type"":""MultiPoint"",""coordinates"":[]}"
00000000000000000584_0,0,KBang,807,0,0,0,14.33845793330684,108.59554689789015,0,0,808,9.485501,3139.498244166374,2607.9216171444064,0.06162221260375689,6,train,97,"{""type"":""MultiPoint"",""coordinates"":[]}"
000000000000000005cc_0,0,KBang,709,0,0,0,14.183499712598543,108.65510711066102,0,0,709,5.8641105,2859.5566610470414,2490.159314288234,0.4166935376744113,6,train,97,"{""type"":""MultiPoint"",""coordinates"":[]}"
00000000000000000629_0,0,KBang,856,0,0,0,14.345467640162859,108.60524990178243,0,0,856,6.737651,2904.3306356593966,2447.77248901683,0.11276716921546337,6,train,97,"{""type"":""MultiPoint"",""coordinates"":[]}"
0000000000000000063c_0,0,KBang,1075,0,0,0,14.421731645479941,108.42738527896259,0,0,1075,2.6644382,3056.5912619680166,2430.7695342178336,0.5685851806841771,6,train,97,"{""type"":""MultiPoint"",""coordinates"":[]}"
00000000000000000010_0,0,KBang,1016,0,0,0,14.512282610572269,108.54704079663077,0,0,1020,12.567257,3063.1103956103325,2477.7017693946955,0.7950346041542684,7,train,97,"{""type"":""MultiPoint"",""coordinates"":[]}"
00000000000000000045_0,0,KBang,929,0,0,0,14.477787004822808,108.51605004430931,0,0,927,4.724616,3223.115180581808,2551.5795426868085,0.7677596239887268,7,train,97,"{""type"":""MultiPoint"",""coordinates"":[]}"
00000000000000000051_0,0,KBang,701,0,0,1,14.228505419530975,108.57452669552421,1,2013,701,6.723042,2988.904823511839,2527.354326276477,0.4234582206590384,7,train,97,"{""type"":""MultiPoint"",""coordinates"":[]}"
00000000000000000057_0,0,KBang,1076,0,0,0,14.511203508117333,108.50984743474397,0,0,1079,8.606193,3063.1103956103325,2477.7017693946955,0.7942114178716561,7,train,97,"{""type"":""MultiPoint"",""coordinates"":[]}"
0000000000000000009a_0,0,KBang,989,0,0,0,14.540847611920642,108.52467394574667,0,0,989,6.360783,3063.1103956103325,2477.7017693946955,0.4916183715197596,7,train,97,"{""type"":""MultiPoint"",""coordinates"":[]}"
0000000000000000010c_0,0,KBang,1072,0,0,0,14.502040055452502,108.52116909231867,0,0,1068,11.12883,3063.1103956103325,2477.7017693946955,0.5730594039837593,7,train,97,"{""type"":""MultiPoint"",""coordinates"":[]}"
00000000000000000132_0,0,KBang,1241,0,0,0,14.35355199037275,108.36701796890104,0,0,1241,6.734327,3472.4521907940507,2724.9660693980677,0.5460601617891546,7,train,97,"{""type"":""MultiPoint"",""coordinates"":[]}"
00000000000000000161_0,0,KBang,847,0,0,0,14.401518540404673,108.57291250094285,0,0,848,1.3328773,3010.9200901687145,2435.0759028388934,0.32120924939635753,7,train,97,"{""type"":""MultiPoint"",""coordinates"":[]}"
0000000000000000016a_0,0,KBang,1062,0,0,0,14.180806415562262,108.39962737490488,0,0,1065,19.853065,3400.7785373441875,2807.31930743629,0.5812169459320927,7,train,97,"{""type"":""MultiPoint"",""coordinates"":[]}"
00000000000000000179_0,0,KBang,963,0,0,0,14.527104662473922,108.59501180576373,0,0,963,6.725903,3178.381496110931,2588.583209516534,0.7869116590045495,7,train,97,"{""type"":""MultiPoint"",""coordinates"":[]}"
000000000000000001d1_0,0,KBang,913,0,0,0,14.53518901268382,108.55755089781373,0,0,913,7.4962177,3178.381496110931,2588.583209516534,0.008634774845323046,7,train,97,"{""type"":""MultiPoint"",""coordinates"":[]}"
00000000000000000226_0,0,KBang,1070,0,0,0,14.460271655884874,108.46834658123956,0,0,1070,6.9228244,3062.020653218031,2418.2485376937757,0.3889901313219034,7,train,97,"{""type"":""MultiPoint"",""coordinates"":[]}"
0000000000000000022a_0,0,KBang,740,0,0,0,14.226347214621104,108.63516601075001,0,0,744,8.092359,2921.3837886452675,2499.82747799868,0.6507290526313044,7,train,97,"{""type"":""MultiPoint"",""coordinates"":[]}"
00000000000000000264_0,0,KBang,959,0,0,0,14.411221544296971,108.52925344252857,0,0,960,13.440353,3022.832878291607,2439.8191594331984,0.5007580794086284,7,train,97,"{""type"":""MultiPoint"",""coordinates"":[]}"
000000000000000002b9_0,0,KBang,1049,0,0,0,14.156009354604048,108.44274688209173,0,0,1049,2.1250777,3298.5777985565364,2757.9068181550247,0.01914465365703888,7,train,97,"{""type"":""MultiPoint"",""coordinates"":[]}"
000000000000000002f5_0,0,KBang,985,0,0,0,14.571570818178884,108.5421892946846,0,0,984,5.865181,3497.1619696319103,2845.7789758288777,0.11756767824997749,7,train,97,"{""type"":""MultiPoint"",""coordinates"":[]}"
000000000000000002fe_0,0,KBang,1054,0,0,0,14.530069964674462,108.48802013508735,0,0,1060,19.325806,3149.5016675293446,2511.7643873978677,0.38647087476684105,7,train,97,"{""type"":""MultiPoint"",""coordinates"":[]}"
00000000000000000339_0,0,KBang,1289,0,0,0,14.575615222834363,108.36189892089168,0,0,1300,19.628727,3121.39150339365,2463.6619402850083,0.21648470785212992,7,train,97,"{""type"":""MultiPoint"",""coordinates"":[]}"
0000000000000000035a_0,0,KBang,1069,0,0,0,14.5297979595102,108.50796123499835,0,0,1065,14.778941,3063.1103956103325,2477.7017693946955,0.025931259451986266,7,train,97,"{""type"":""MultiPoint"",""coordinates"":[]}"
000000000000000003ab_0,0,KBang,1065,0,0,0,14.432781297890383,108.42010802604337,0,0,1065,6.724991,3056.5912619680166,2430.7695342178336,0.12472039239435251,7,train,97,"{""type"":""MultiPoint"",""coordinates"":[]}"
00000000000000000445_0,0,KBang,1245,0,0,0,14.475093707786531,108.36593886644611,0,0,1250,12.028706,3139.124945908785,2478.474790363861,0.7947649321163407,7,train,97,"{""type"":""MultiPoint"",""coordinates"":[]}"
0000000000000000044c_0,0,KBang,851,0,0,0,14.347621385971674,108.50607503525276,0,0,851,4.7228246,3361.179399266839,2766.2203726602984,0.7616261116062953,7,train,97,"{""type"":""MultiPoint"",""coordinates"":[]}"
00000000000000000458_0,0,KBang,1136,0,0,0,14.462425401693691,108.42630617650767,0,0,1130,12.294237,3082.7387473136187,2420.537351960532,0.1400725362874924,7,train,97,"{""type"":""MultiPoint"",""coordinates"":[]}"
0000000000000000046d_0,0,KBang,863,0,0,0,14.356245287409036,108.55000609883129,0,0,861,2.0865517,3057.4028005301952,2452.323266195249,0.6501722292256031,7,train,97,"{""type"":""MultiPoint"",""coordinates"":[]}"
00000000000000000485_0,0,KBang,1111,0,0,0,14.440058550809605,108.38103292351204,0,0,1110,0.9576588,3230.138293027878,2568.9875608114658,0.5942502558831056,7,train,97,"{""type"":""MultiPoint"",""coordinates"":[]}"
000000000000000004c8_0,0,KBang,1222,0,0,0,14.543273362893713,108.40070201825877,0,0,1218,6.0370307,2982.197799295187,2381.099704130859,0.7414051309275397,7,train,97,"{""type"":""MultiPoint"",""coordinates"":[]}"
00000000000000000504_0,0,KBang,673,0,0,0,14.194816911072188,108.6319287033852,0,0,675,4.166958,2827.968597881496,2459.472389055322,0.23227219245748676,7,train,97,"{""type"":""MultiPoint"",""coordinates"":[]}"
0000000000000000055c_0,0,KBang,926,0,0,0,14.443023853010146,108.57803154895221,0,0,922,7.343888,3010.9200901687145,2435.0759028388934,0.7762379452292882,7,train,97,"{""type"":""MultiPoint"",""coordinates"":[]}"
0000000000000000058a_0,0,KBang,793,0,0,0,14.300189928066168,108.63220070854946,0,0,793,5.8644285,2904.3306356593966,2447.77248901683,0.11722311698413446,7,train,97,"{""type"":""MultiPoint"",""coordinates"":[]}"
000000000000000005aa_0,0,KBang,955,0,0,0,14.528451310992065,108.56698189654178,0,0,951,2.871981,3178.381496110931,2588.583209516534,0.01565112168462135,7,train,97,"{""type"":""MultiPoint"",""coordinates"":[]}"
000000000000000005ec_0,0,KBang,721,0,0,0,14.231470721731512,108.54946654760383,0,0,718,8.975914,3132.6109425723553,2663.5936415282367,0.43663088222084667,7,train,97,"{""type"":""MultiPoint"",""coordinates"":[]}"
00000000000000000611_0,0,KBang,1198,0,0,0,14.522792711755242,108.41714272384283,0,0,1198,10.944849,2982.197799295187,2381.099704130859,0.6761342771675111,7,train,97,"{""type"":""MultiPoint"",""coordinates"":[]}"
00000000000000000004_0,0,KBang,1551,0,0,0,14.294531328829343,108.37914672376641,0,0,1551,11.293138,3431.17944631353,2736.309887341469,0.12555553228363803,8,train,97,"{""type"":""MultiPoint"",""coordinates"":[]}"
00000000000000000012_0,0,KBang,993,0,0,0,14.521446063237098,108.56778899383244,0,0,993,8.607294,3178.381496110931,2588.583209516534,0.49448808245423603,8,train,97,"{""type"":""MultiPoint"",""coordinates"":[]}"
00000000000000000039_0,0,KBang,1251,0,0,0,14.572649920633816,108.38399376661151,0,0,1251,8.342783,3121.39150339365,2463.6619402850083,0.22149087415776425,8,train,97,"{""type"":""MultiPoint"",""coordinates"":[]}"
0000000000000000003b_0,0,KBang,1128,0,0,0,14.470242205840382,108.4230733282439,0,0,1128,7.6727467,3082.7387473136187,2420.537351960532,0.38079641715954793,8,train,97,"{""type"":""MultiPoint"",""coordinates"":[]}"
0000000000000000003d_0,0,KBang,1045,0,0,0,14.093488298733686,108.49367873432418,0,0,1045,7.9418216,3222.151947184233,2767.6180477493767,0.015968381879667093,8,train,97,"{""type"":""MultiPoint"",""coordinates"":[]}"
00000000000000000056_0,0,KBang,852,0,0,0,14.313932877512888,108.4470588328104,0,0,859,13.917932,3878.7206017300487,3091.2550926978347,0.22977219265964055,8,train,97,"{""type"":""MultiPoint"",""coordinates"":[]}"
00000000000000000065_0,0,KBang,1097,0,0,1,14.425236498907953,108.39342922444061,1,2001,1097,8.097146,3230.138293027878,2568.9875608114658,0.7333516603168444,8,train,97,"{""type"":""MultiPoint"",""coordinates"":[]}"
0000000000000000007d_0,0,KBang,1098,0,0,0,14.424696947680484,108.40016692613236,0,0,1097,8.501402,3056.5912619680166,2430.7695342178336,0.49581162108195864,8,train,97,"{""type"":""MultiPoint"",""coordinates"":[]}"
000000000000000000a4_0,0,KBang,820,0,0,0,14.471049303131053,108.62411635833956,0,0,817,19.715305,3348.708837583661,2705.416131240571,0.22443803851248134,8,train,97,"{""type"":""MultiPoint"",""coordinates"":[]}"
000000000000000000a5_0,0,KBang,1015,0,0,0,14.489643754523925,108.52386238935495,0,0,1017,4.6273675,3223.115180581808,2551.5795426868085,0.48373873963256364,8,train,97,"{""type"":""MultiPoint"",""coordinates"":[]}"
000000000000000000b3_0,0,KBang,814,0,0,0,14.26272902011617,108.65079515994235,0,0,810,13.266511,2896.2261333167553,2502.428732936438,0.02814009432519793,8,train,97,"{""type"":""MultiPoint"",""coordinates"":[]}"
000000000000000000f5_0,0,KBang,1053,0,0,0,14.50392625519811,108.47804958513184,0,0,1050,15.616012,3149.5016675293446,2511.7643873978677,0.5561720533815804,8,train,97,"{""type"":""MultiPoint"",""coordinates"":[]}"
000000000000000000f7_0,0,KBang,932,0,0,0,14.431702195435447,108.54111019222967,0,0,929,8.450843,3022.832878291607,2439.8191594331984,0.11017843674459116,8,train,97,"{""type"":""MultiPoint"",""coordinates"":[]}"
0000000000000000010e_0,0,KBang,1254,0,0,0,14.570491715723948,108.38291912325764,0,0,1254,9.243255,3121.39150339365,2463.6619402850083,0.013895430338787929,8,train,97,"{""type"":""MultiPoint"",""coordinates"":[]}"
00000000000000000118_0,0,KBang,1096,0,0,0,14.416612597470582,108.4015135746505,0,0,1096,8.096937,3056.5912619680166,2430.7695342178336,0.5801529582000482,8,train,97,"{""type"":""MultiPoint"",""coordinates"":[]}"
00000000000000000124_0,0,KBang,896,0,0,0,14.390468887994235,108.54003108977474,0,0,896,7.617873,3057.4028005301952,2452.323266195249,0.7093072897710458,8,train,97,"{""type"":""MultiPoint"",""coordinates"":[]}"
00000000000000000127_0,0,KBang,661,0,0,0,14.21853486957547,108.56671435047856,0,0,661,8.092173,2988.904823511839,2527.354326276477,0.14188017883110304,8,train,97,"{""type"":""MultiPoint"",""coordinates"":[]}"
0000000000000000012f_0,0,KBang,1229,0,0,0,14.54300581683051,108.46807903517633,0,0,1229,7.8375344,3149.5016675293446,2511.7643873978677,0.2609373784972523,8,train,97,"{""type"":""MultiPoint"",""coordinates"":[]}"
00000000000000000138_0,0,KBang,961,0,0,0,14.296417528574953,108.5109265371989,0,0,962,11.74153,3283.608837634325,2704.4453318488963,0.662587629231528,8,train,97,"{""type"":""MultiPoint"",""coordinates"":[]}"
00000000000000000139_0,0,KBang,1127,0,0,0,14.460539201948084,108.40825127634226,0,0,1122,12.294133,3082.7387473136187,2420.537351960532,0.3408108892881192,8,train,97,"{""type"":""MultiPoint"",""coordinates"":[]}"
00000000000000000141_0,0,KBang,1175,0,0,0,14.42874135233596,108.36728551496424,0,0,1175,2.6644812,3230.138293027878,2568.9875608114658,0.7574370386672694,8,train,97,"{""type"":""MultiPoint"",""coordinates"":[]}"
0000000000000000016c_0,0,KBang,802,0,0,0,14.328487383351336,108.57048674996977,0,0,804,9.381813,3139.498244166374,2607.9216171444064,0.27820322214922644,8,train,97,"{""type"":""MultiPoint"",""coordinates"":[]}"
0000000000000000018e_0,0,KBang,1280,0,0,0,14.06815614564906,108.445440179128,0,0,1282,5.1144786,3035.9770246371627,2579.1279625841976,0.7522003905515731,8,train,97,"{""type"":""MultiPoint"",""coordinates"":[]}"
00000000000000000192_0,0,KBang,947,0,0,0,14.517401658581628,108.62088351007581,0,0,947,7.6181417,3165.6503857907373,2580.8473094055266,0.1492973221405549,8,train,97,"{""type"":""MultiPoint"",""coordinates"":[]}"
00000000000000000197_0,0,KBang,1162,0,0,0,14.510396410826662,108.42388042553459,0,0,1166,12.6776,2982.197799295187,2381.099704130859,0.36755138380526753,8,train,97,"{""type"":""MultiPoint"",""coordinates"":[]}"
000000000000000001a3_0,0,KBang,949,0,0,0,14.371606890538157,108.46861858640382,0,0,949,7.6694407,3174.5908024162054,2515.3602785260928,0.49490705413834857,8,train,97,"{""type"":""MultiPoint"",""coordinates"":[]}"
000000000000000001df_0,0,KBang,864,0,0,0,14.35085423423542,108.61818575393848,0,0,861,5.547545,2952.925736054778,2405.8077794335663,0.4336577954742252,8,train,97,"{""type"":""MultiPoint"",""coordinates"":[]}"
000000000000000001fa_0,0,KBang,660,0,0,0,14.219881518093606,108.58611589916211,0,0,660,8.090303,2988.904823511839,2527.354326276477,0.27836072188944305,8,train,97,"{""type"":""MultiPoint"",""coordinates"":[]}"
0000000000000000022e_0,0,KBang,870,0,0,0,14.394245746586504,108.6065965503006,0,0,874,9.106748,2952.925736054778,2405.8077794335663,0.5858633478732002,8,train,97,"{""type"":""MultiPoint"",""coordinates"":[]}"
00000000000000000238_0,0,KBang,1138,0,0,0,14.35867103838211,108.40743971995052,0,0,1137,8.758861,3307.1987401247025,2646.067406310553,0.7697899597012078,8,train,97,"{""type"":""MultiPoint"",""coordinates"":[]}"
000000000000000002d3_0,0,KBang,1427,0,0,0,14.231198716567253,108.35893361869115,0,0,1426,5.517454,3508.178902901709,2811.2432915158697,0.44145463539946017,8,train,97,"{""type"":""MultiPoint"",""coordinates"":[]}"
00000000000000000360_0,0,KBang,1025,0,0,0,14.489643754523925,108.5645561455687,0,0,1025,8.098714,3197.922673208639,2550.7448842357335,0.7972499605956445,8,train,97,"{""type"":""MultiPoint"",""coordinates"":[]}"
0000000000000000037a_0,0,KBang,893,0,0,0,14.525486008791525,108.60524990178243,0,0,888,9.666314,3165.6503857907373,2580.8473094055266,0.5870629516138112,8,train,97,"{""type"":""MultiPoint"",""coordinates"":[]}"
00000000000000000382_0,0,KBang,927,0,0,0,14.321482135596373,108.55243184980438,0,0,932,9.300534,3139.498244166374,2607.9216171444064,0.0787161120390979,8,train,97,"{""type"":""MultiPoint"",""coordinates"":[]}"
00000000000000000394_0,0,KBang,855,0,0,0,14.389122239476093,108.58018975386207,0,0,856,11.150508,3001.057534530759,2400.0190920016626,0.49520893431505364,8,train,97,"{""type"":""MultiPoint"",""coordinates"":[]}"
000000000000000003cd_0,0,KBang,920,0,0,0,14.306388078530459,108.52494149180987,0,0,917,4.863205,3361.179399266839,2766.2203726602984,0.4224576786723161,8,train,97,"{""type"":""MultiPoint"",""coordinates"":[]}"
000000000000000003ed_0,0,KBang,1106,0,0,0,14.513361713027205,108.4516383295923,0,0,1105,5.123242,3149.5016675293446,2511.7643873978677,0.5927284771397242,8,train,97,"{""type"":""MultiPoint"",""coordinates"":[]}"
00000000000000000408_0,0,KBang,939,0,0,0,14.540847611920642,108.57722445166154,0,0,935,13.539607,3178.381496110931,2588.583209516534,0.6790677568940713,8,train,97,"{""type"":""MultiPoint"",""coordinates"":[]}"
0000000000000000047d_0,0,KBang,1088,0,0,0,14.489104203296455,108.46080178225712,0,0,1087,5.8021894,3062.020653218031,2418.2485376937757,0.16996981081817786,8,train,97,"{""type"":""MultiPoint"",""coordinates"":[]}"
00000000000000000487_0,0,KBang,936,0,0,0,14.100226000425442,108.47939623365,0,0,935,8.599386,3364.3139811381698,2879.1407314955827,0.4193826108372025,8,train,97,"{""type"":""MultiPoint"",""coordinates"":[]}"
00000000000000000490_0,0,KBang,874,0,0,0,14.348428483262346,108.61333425199234,0,0,877,2.939981,2904.3306356593966,2447.77248901683,0.45289439886157723,8,train,97,"{""type"":""MultiPoint"",""coordinates"":[]}"
000000000000000004f5_0,0,KBang,715,0,0,0,14.209910968138102,108.64675075528687,0,0,715,7.826648,2921.3837886452675,2499.82747799868,0.18247595611225853,8,train,97,"{""type"":""MultiPoint"",""coordinates"":[]}"
00000000000000000590_0,0,KBang,939,0,0,0,14.538693866111828,108.5761453492066,0,0,940,13.913329,3178.381496110931,2588.583209516534,0.4047707656012559,8,train,97,"{""type"":""MultiPoint"",""coordinates"":[]}"
000000000000000005ed_0,0,KBang,791,0,0,0,14.153855608795237,108.45460363179284,0,0,792,5.00379,3179.5106303691864,2674.3027243573615,0.5647519239621602,8,train,97,"{""type"":""MultiPoint"",""coordinates"":[]}"
000000000000000005fd_0,0,KBang,714,0,0,0,14.194009813781514,108.67666686425443,0,0,717,9.895602,2859.5566610470414,2490.159314288234,0.7494041580846126,8,train,97,"{""type"":""MultiPoint"",""coordinates"":[]}"
000000000000000005ff_0,0,KBang,737,0,0,0,14.279976822990896,108.61657155935715,0,0,733,9.248053,2920.2753743231297,2494.9070353260336,0.4391432338655742,8,train,97,"{""type"":""MultiPoint"",""coordinates"":[]}"
00000000000000000649_0,0,KBang,979,0,0,0,14.551090167040412,108.58638790432636,0,0,979,7.9067545,3182.7490888275206,2585.4666109299883,0.3416780830121122,8,train,97,"{""type"":""MultiPoint"",""coordinates"":[]}"
0000000000000000002c_0,0,KBang,1137,0,0,0,14.440865648100278,108.38399376661151,0,0,1128,24.36396,3230.138293027878,2568.9875608114658,0.6152946308991014,9,train,97,"{""type"":""MultiPoint"",""coordinates"":[]}"
00000000000000000037_0,0,KBang,1032,0,0,0,14.527104662473922,108.5287138913011,0,0,1032,8.986495,3063.1103956103325,2477.7017693946955,0.033965108707768366,9,train,97,"{""type"":""MultiPoint"",""coordinates"":[]}"
0000000000000000008e_0,0,KBang,1037,0,0,0,14.50985685959919,108.5518922985769,0,0,1040,7.3788605,3178.381496110931,2588.583209516534,0.037234108455813986,9,train,97,"{""type"":""MultiPoint"",""coordinates"":[]}"
000000000000000000af_0,0,KBang,1128,0,0,0,14.45299440296565,108.4060930714324,0,0,1126,6.6365423,3082.7387473136187,2420.537351960532,0.2991746459376359,9,train,97,"{""type"":""MultiPoint"",""coordinates"":[]}"
000000000000000000b1_0,0,KBang,809,0,0,0,14.327140734833199,108.58153640238021,0,0,813,6.6346307,3139.498244166374,2607.9216171444064,0.04339578673744626,9,train,97,"{""type"":""MultiPoint"",""coordinates"":[]}"
000000000000000000bb_0,0,KBang,1491,0,0,0,14.235510667285936,108.33306191437904,0,0,1491,8.596571,3513.8358694799244,2786.476151139564,0.4707720754533883,9,train,97,"{""type"":""MultiPoint"",""coordinates"":[]}"
000000000000000000d8_0,0,KBang,966,0,0,0,14.375111743966162,108.48020333094065,0,0,971,2.6641512,3174.5908024162054,2515.3602785260928,0.3308107268049798,9,train,97,"{""type"":""MultiPoint"",""coordinates"":[]}"
000000000000000000e4_0,0,KBang,1002,0,0,0,14.545699113866792,108.55054119095772,0,0,999,8.2929945,3178.381496110931,2588.583209516534,0.3189096239577529,9,train,97,"{""type"":""MultiPoint"",""coordinates"":[]}"
000000000000000000e6_0,0,KBang,1036,0,0,0,14.461618304403016,108.44624727641866,0,0,1036,9.302376,3082.7387473136187,2420.537351960532,0.14031186001099227,9,train,97,"{""type"":""MultiPoint"",""coordinates"":[]}"
00000000000000000108_0,0,KBang,1246,0,0,0,14.591244372026686,108.39720162393182,0,0,1245,10.526967,3121.39150339365,2463.6619402850083,0.5881048330359296,9,train,97,"{""type"":""MultiPoint"",""coordinates"":[]}"
00000000000000000122_0,0,KBang,1026,0,0,0,14.495841904988213,108.51739669282746,0,0,1029,10.943877,3223.115180581808,2551.5795426868085,0.4788748322986145,9,train,97,"{""type"":""MultiPoint"",""coordinates"":[]}"
00000000000000000165_0,0,KBang,1044,0,0,0,14.46889555732224,108.48640148140495,0,0,1044,8.885045,3062.020653218031,2418.2485376937757,0.07010163715745588,9,train,97,"{""type"":""MultiPoint"",""coordinates"":[]}"
0000000000000000017c_0,0,KBang,937,0,0,0,14.400171891886531,108.51658513643574,0,0,935,9.618231,3022.832878291607,2439.8191594331984,0.7154207836806402,9,train,97,"{""type"":""MultiPoint"",""coordinates"":[]}"
000000000000000001ce_0,0,KBang,1056,0,0,0,14.448682452246972,108.49799068504285,0,0,1060,8.0975065,3026.558855623007,2396.239654855617,0.7079208782868623,9,train,97,"{""type"":""MultiPoint"",""coordinates"":[]}"
000000000000000001f3_0,0,KBang,1085,0,0,0,14.510396410826662,108.49583693923404,0,0,1083,10.165724,3149.5016675293446,2511.7643873978677,0.21877149051759115,9,train,97,"{""type"":""MultiPoint"",""coordinates"":[]}"
000000000000000001ff_0,0,KBang,999,0,0,1,14.448142901019507,108.45756893399337,1,2008,994,10.325041,3026.558855623007,2396.239654855617,0.4064790835993545,9,train,97,"{""type"":""MultiPoint"",""coordinates"":[]}"
0000000000000000023c_0,0,KBang,1119,0,0,0,14.516055010063484,108.44328643331917,0,0,1122,11.128953,2982.197799295187,2381.099704130859,0.12345566813385345,9,train,97,"{""type"":""MultiPoint"",""coordinates"":[]}"
00000000000000000243_0,0,KBang,978,0,0,0,14.331992236779346,108.53707024667524,0,0,973,10.992985,3361.179399266839,2766.2203726602984,0.47690418498655307,9,train,97,"{""type"":""MultiPoint"",""coordinates"":[]}"
0000000000000000024b_0,0,KBang,973,0,0,0,14.454073505420583,108.52143663838187,0,0,973,8.605232,3223.115180581808,2551.5795426868085,0.487595578964922,9,train,97,"{""type"":""MultiPoint"",""coordinates"":[]}"
00000000000000000288_0,0,KBang,719,0,0,1,14.28752608107438,108.53625869028352,1,2001,723,4.24632,3283.608837634325,2704.4453318488963,0.26295094815890563,9,train,97,"{""type"":""MultiPoint"",""coordinates"":[]}"
0000000000000000029a_0,0,KBang,928,0,0,0,14.477787004822808,108.5365306954478,0,0,927,13.538726,3223.115180581808,2551.5795426868085,0.25961009902977517,9,train,97,"{""type"":""MultiPoint"",""coordinates"":[]}"
000000000000000002d2_0,0,KBang,1220,0,0,0,14.531684159255809,108.40851882240547,0,0,1216,8.501605,2982.197799295187,2381.099704130859,0.29131054286000424,9,train,97,"{""type"":""MultiPoint"",""coordinates"":[]}"
000000000000000002e2_0,0,KBang,961,0,0,0,14.468084000930514,108.54542214294837,0,0,958,7.3023043,3223.115180581808,2551.5795426868085,0.5569254038155033,9,train,97,"{""type"":""MultiPoint"",""coordinates"":[]}"
000000000000000002fd_0,0,KBang,711,0,0,0,14.285100330101304,108.6039032532643,0,0,715,7.9055405,2920.2753743231297,2494.9070353260336,0.6518912840233108,9,train,97,"{""type"":""MultiPoint"",""coordinates"":[]}"
00000000000000000306_0,0,KBang,1441,0,0,0,14.233896472704588,108.3543496628082,0,0,1449,21.282423,3508.178902901709,2811.2432915158697,0.6774379668535649,9,train,97,"{""type"":""MultiPoint"",""coordinates"":[]}"
0000000000000000031d_0,0,KBang,1260,0,0,0,14.569145067205811,108.41525652409723,0,0,1262,3.4173603,3143.577323973179,2531.598463432791,0.7357703532607287,9,train,97,"{""type"":""MultiPoint"",""coordinates"":[]}"
00000000000000000325_0,0,KBang,1220,0,0,0,14.411221544296971,108.37914672376641,0,0,1214,10.781354,3230.138293027878,2568.9875608114658,0.28895238853917826,9,train,97,"{""type"":""MultiPoint"",""coordinates"":[]}"
0000000000000000033b_0,0,KBang,806,0,0,0,14.319323930686505,108.57479870068845,0,0,806,8.760723,3139.498244166374,2607.9216171444064,0.6555112128859538,9,train,97,"{""type"":""MultiPoint"",""coordinates"":[]}"
0000000000000000034f_0,0,KBang,785,0,0,0,14.294259323665086,108.63731975655882,0,0,790,8.342649,2920.2753743231297,2494.9070353260336,0.5636837855667618,9,train,97,"{""type"":""MultiPoint"",""coordinates"":[]}"
00000000000000000363_0,0,KBang,951,0,0,0,14.461618304403016,108.60902230127367,0,0,951,8.5014715,3348.708837583661,2705.416131240571,0.4225767079561009,9,train,97,"{""type"":""MultiPoint"",""coordinates"":[]}"
00000000000000000379_0,0,KBang,849,0,0,0,14.32309633017772,108.4777775799676,0,0,849,4.246862,3410.552547223866,2766.438409104254,0.6151571787460094,9,train,97,"{""type"":""MultiPoint"",""coordinates"":[]}"
00000000000000000410_0,0,KBang,745,0,0,0,14.271352921553534,108.63408690829509,0,0,741,7.340516,2920.2753743231297,2494.9070353260336,0.6905563931896853,9,train,97,"{""type"":""MultiPoint"",""coordinates"":[]}"
0000000000000000047a_0,0,KBang,908,0,0,0,14.430355546917307,108.54946654760384,0,0,911,5.121584,3022.832878291607,2439.8191594331984,0.42864003524287053,9,train,97,"{""type"":""MultiPoint"",""coordinates"":[]}"
00000000000000000481_0,0,KBang,1111,0,0,0,14.472935502876663,108.4155285292615,0,0,1114,8.605549,3082.7387473136187,2420.537351960532,0.026487298033549656,9,train,97,"{""type"":""MultiPoint"",""coordinates"":[]}"
0000000000000000049d_0,0,KBang,682,0,0,0,14.206138568646887,108.62923540634893,0,0,690,15.223208,2921.3837886452675,2499.82747799868,0.7213432975912997,9,train,97,"{""type"":""MultiPoint"",""coordinates"":[]}"
000000000000000004a2_0,0,KBang,1003,0,0,0,14.467544449703043,108.55269939586758,0,0,999,5.3179646,3197.922673208639,2550.7448842357335,0.23365590431760364,9,train,97,"{""type"":""MultiPoint"",""coordinates"":[]}"
00000000000000000530_0,0,KBang,1633,0,0,0,14.32471498386012,108.39073146830326,0,0,1628,10.028802,3387.77566537261,2679.882828244465,0.49677658657852086,9,train,97,"{""type"":""MultiPoint"",""coordinates"":[]}"
00000000000000000535_0,0,KBang,1031,0,0,0,14.568605515978344,108.54057064100222,0,0,1031,9.388327,3497.1619696319103,2845.7789758288777,0.06692895918882458,9,train,97,"{""type"":""MultiPoint"",""coordinates"":[]}"
0000000000000000053e_0,0,KBang,919,0,0,0,14.545699113866792,108.57857110017969,0,0,919,10.096576,3178.381496110931,2588.583209516534,0.21725520459603698,9,train,97,"{""type"":""MultiPoint"",""coordinates"":[]}"
000000000000000005b5_0,0,KBang,915,0,0,0,14.490990403042062,108.63112160609454,0,0,915,8.985189,3348.708837583661,2705.416131240571,0.256873195686131,9,train,97,"{""type"":""MultiPoint"",""coordinates"":[]}"
000000000000000005c3_0,0,KBang,918,0,0,0,14.467276903639835,108.54245684074782,0,0,913,6.725325,3223.115180581808,2551.5795426868085,0.7102348792750585,9,train,97,"{""type"":""MultiPoint"",""coordinates"":[]}"
000000000000000005cd_0,0,KBang,1635,0,0,0,14.285635422227719,108.37025081716479,0,0,1634,11.292988,3431.17944631353,2736.309887341469,0.7318322951922756,9,train,97,"{""type"":""MultiPoint"",""coordinates"":[]}"
000000000000000005e9_0,0,KBang,952,0,0,0,14.433053303054647,108.53033254498351,0,0,952,8.884013,3022.832878291607,2439.8191594331984,0.21518411747278487,9,train,97,"{""type"":""MultiPoint"",""coordinates"":[]}"
000000000000000005fe_0,0,KBang,972,0,0,0,14.416880143533794,108.51281273694451,0,0,972,8.5546875,3022.832878291607,2439.8191594331984,0.5874503198986962,9,train,97,"{""type"":""MultiPoint"",""coordinates"":[]}"
00000000000000000648_0,0,KBang,1109,0,0,0,14.48425716045136,108.48316863314119,0,0,1118,12.90282,3062.020653218031,2418.2485376937757,0.6846287649235141,9,train,97,"{""type"":""MultiPoint"",""coordinates"":[]}"
00000000000000000049_0,0,KBang,927,0,0,0,14.540580065857435,108.59258605479064,0,0,931,3.8260057,3178.381496110931,2588.583209516534,0.7394631138177373,10,train,97,"{""type"":""MultiPoint"",""coordinates"":[]}"
0000000000000000005c_0,0,KBang,687,0,0,0,14.191851608871648,108.63543355681321,0,0,685,6.031152,2827.968597881496,2459.472389055322,0.5055377082963916,10,train,97,"{""type"":""MultiPoint"",""coordinates"":[]}"
00000000000000000099_0,0,KBang,898,0,0,0,14.090522996533142,108.48262908191373,0,0,898,9.683022,3222.151947184233,2767.6180477493767,0.3997338203681533,10,train,97,"{""type"":""MultiPoint"",""coordinates"":[]}"
000000000000000000bf_0,0,KBang,1053,0,0,0,14.469163103385448,108.445440179128,0,0,1059,7.6177735,3082.7387473136187,2420.537351960532,0.6107075289631338,10,train,97,"{""type"":""MultiPoint"",""coordinates"":[]}"
000000000000000000c3_0,0,KBang,1547,0,0,0,14.256530869651877,108.36135936966421,0,0,1545,12.769178,3431.17944631353,2736.309887341469,0.7699343202503665,10,train,97,"{""type"":""MultiPoint"",""coordinates"":[]}"
000000000000000000cb_0,0,KBang,1003,0,0,0,14.52117405807284,108.5386844412566,0,0,998,6.2386284,3063.1103956103325,2477.7017693946955,0.6248827623297866,10,train,97,"{""type"":""MultiPoint"",""coordinates"":[]}"
000000000000000000f9_0,0,KBang,1246,0,0,0,14.495841904988213,108.42846438141753,0,0,1243,15.053544,3082.7387473136187,2420.537351960532,0.528417749707501,10,train,97,"{""type"":""MultiPoint"",""coordinates"":[]}"
0000000000000000011c_0,0,KBang,907,0,0,0,14.53195616442007,108.58665545038957,0,0,915,12.678403,3178.381496110931,2588.583209516534,0.7928269947135228,10,train,97,"{""type"":""MultiPoint"",""coordinates"":[]}"
0000000000000000011e_0,0,KBang,897,0,0,0,14.40448384260521,108.33737386509773,0,0,896,9.300404,3774.6228857189417,2999.9198697531438,0.6635093234093091,10,train,97,"{""type"":""MultiPoint"",""coordinates"":[]}"
00000000000000000131_0,0,KBang,998,0,0,0,14.557555863567906,108.5826110457341,0,0,1003,8.606975,3182.7490888275206,2585.4666109299883,0.7917876207335233,10,train,97,"{""type"":""MultiPoint"",""coordinates"":[]}"
00000000000000000154_0,0,KBang,970,0,0,0,14.531149067129395,108.61198760347419,0,0,972,9.304803,3165.6503857907373,2580.8473094055266,0.4160627729968941,10,train,97,"{""type"":""MultiPoint"",""coordinates"":[]}"
00000000000000000196_0,0,KBang,847,0,0,0,14.340344133052447,108.62896786028573,0,0,844,2.9399698,2904.3306356593966,2447.77248901683,0.6627583283733518,10,train,97,"{""type"":""MultiPoint"",""coordinates"":[]}"
000000000000000001eb_0,0,KBang,917,0,0,0,14.430355546917307,108.60067040500054,0,0,921,7.906201,3179.367648512125,2581.221545913855,0.5563401854003514,10,train,97,"{""type"":""MultiPoint"",""coordinates"":[]}"
000000000000000001fd_0,0,KBang,851,0,0,0,14.382656542948595,108.5486549912121,0,0,851,10.02962,3057.4028005301952,2452.323266195249,0.06052771171804272,10,train,97,"{""type"":""MultiPoint"",""coordinates"":[]}"
0000000000000000027f_0,0,KBang,1233,0,0,0,14.558634966022838,108.41390987557908,0,0,1230,8.987643,3143.577323973179,2531.598463432791,0.615566766074878,10,train,97,"{""type"":""MultiPoint"",""coordinates"":[]}"
000000000000000002ba_0,0,KBang,975,0,0,0,14.456227251229398,108.5109265371989,0,0,979,4.724323,3223.115180581808,2551.5795426868085,0.15795910254253542,10,train,97,"{""type"":""MultiPoint"",""coordinates"":[]}"
00000000000000000320_0,0,KBang,1541,0,0,0,14.286714524682653,108.38399376661152,0,0,1540,5.723438,3431.17944631353,2736.309887341469,0.5187286710174407,10,train,97,"{""type"":""MultiPoint"",""coordinates"":[]}"
00000000000000000352_0,0,KBang,890,0,0,0,14.418226792051934,108.61064095495605,0,0,890,10.26923,3179.367648512125,2581.221545913855,0.7241771934092531,10,train,97,"{""type"":""MultiPoint"",""coordinates"":[]}"
000000000000000003a1_0,0,KBang,1027,0,0,0,14.501232958161832,108.54326839713954,0,0,1025,7.345044,3063.1103956103325,2477.7017693946955,0.4738607449408262,10,train,97,"{""type"":""MultiPoint"",""coordinates"":[]}"
000000000000000003a5_0,0,KBang,950,0,0,0,14.470509751903586,108.52089708715441,0,0,950,9.534586,3223.115180581808,2551.5795426868085,0.05809755893203716,10,train,97,"{""type"":""MultiPoint"",""coordinates"":[]}"
000000000000000003b7_0,0,KBang,1036,0,0,0,14.420117450898594,108.4710443373769,0,0,1040,4.7238235,3026.558855623007,2396.239654855617,0.009720656244521453,10,train,97,"{""type"":""MultiPoint"",""coordinates"":[]}"
000000000000000003b8_0,0,KBang,1523,0,0,0,14.242520374141952,108.35246346306259,0,0,1517,11.181999,3508.178902901709,2811.2432915158697,0.4490635952366997,10,train,97,"{""type"":""MultiPoint"",""coordinates"":[]}"
000000000000000003bc_0,0,KBang,786,0,0,0,14.2815954766733,108.6235768071121,0,0,781,14.066448,2920.2753743231297,2494.9070353260336,0.640837509641068,10,train,97,"{""type"":""MultiPoint"",""coordinates"":[]}"
000000000000000004a0_0,0,KBang,1021,0,0,0,14.510935962054125,108.55727889264946,0,0,1018,3.3744981,3178.381496110931,2588.583209516534,0.32946021083043886,10,train,97,"{""type"":""MultiPoint"",""coordinates"":[]}"
000000000000000004f9_0,0,KBang,1165,0,0,0,14.500153855706898,108.40205312587797,0,0,1165,9.535829,2982.197799295187,2381.099704130859,0.6644370937520538,10,train,97,"{""type"":""MultiPoint"",""coordinates"":[]}"
0000000000000000057a_0,0,KBang,1266,0,0,0,14.562679370678314,108.42199422578898,0,0,1266,9.53577,3143.577323973179,2531.598463432791,0.14107590217322674,10,train,97,"{""type"":""MultiPoint"",""coordinates"":[]}"
00000000000000000580_0,0,KBang,1156,0,0,0,14.354898638890894,108.40825127634226,0,0,1160,8.501271,3307.1987401247025,2646.067406310553,0.2224580296271731,10,train,97,"{""type"":""MultiPoint"",""coordinates"":[]}"
000000000000000005d1_0,0,KBang,716,0,0,1,14.261114825534822,108.61710665148355,1,2012,710,13.196363,2920.2753743231297,2494.9070353260336,0.3650807105843441,10,train,97,"{""type"":""MultiPoint"",""coordinates"":[]}"
000000000000000005d4_0,0,KBang,719,0,0,0,14.457573899747537,108.62977495757639,0,0,721,6.7373853,3348.708837583661,2705.416131240571,0.15650725126761278,10,train,97,"{""type"":""MultiPoint"",""coordinates"":[]}"
00000000000000000609_0,0,KBang,1051,0,0,0,14.407988696033222,108.41902892358843,0,0,1053,3.9929357,3056.5912619680166,2430.7695342178336,0.7317998751098137,10,train,97,"{""type"":""MultiPoint"",""coordinates"":[]}"
00000000000000000013_0,0,KBang,1013,0,0,0,14.312858234159007,108.53194673956486,0,0,1011,9.381395,3361.179399266839,2766.2203726602984,0.18060462417791456,11,train,97,"{""type"":""MultiPoint"",""coordinates"":[]}"
0000000000000000001b_0,0,KBang,1230,0,0,0,14.548396870004126,108.44517263306479,0,0,1228,10.167214,2982.197799295187,2381.099704130859,0.6020364668454982,11,train,97,"{""type"":""MultiPoint"",""coordinates"":[]}"
0000000000000000001d_0,0,KBang,892,0,0,0,14.51955986349149,108.59177449839893,0,0,894,3.01742,3178.381496110931,2588.583209516534,0.21035314361901536,11,train,97,"{""type"":""MultiPoint"",""coordinates"":[]}"
00000000000000000144_0,0,KBang,1122,0,0,0,14.490183305751394,108.43519762400824,0,0,1121,9.53501,3082.7387473136187,2420.537351960532,0.4942754874460129,11,train,97,"{""type"":""MultiPoint"",""coordinates"":[]}"
0000000000000000014a_0,0,KBang,952,0,0,0,14.489104203296455,108.52844634523788,0,0,952,10.546362,3223.115180581808,2551.5795426868085,0.707387986556261,11,train,97,"{""type"":""MultiPoint"",""coordinates"":[]}"
00000000000000000195_0,0,KBang,1131,0,0,0,14.489376208460714,108.46753948394887,0,0,1131,10.57775,3062.020653218031,2418.2485376937757,0.08302576916496907,11,train,97,"{""type"":""MultiPoint"",""coordinates"":[]}"
000000000000000001d6_0,0,KBang,1069,0,0,0,14.500965412098624,108.46376708445766,0,0,1074,15.387779,3149.5016675293446,2511.7643873978677,0.18385866966426212,11,train,97,"{""type"":""MultiPoint"",""coordinates"":[]}"
00000000000000000219_0,0,KBang,1380,0,0,0,14.165712358496346,108.3853448742307,0,0,1380,11.032519,3400.7785373441875,2807.31930743629,0.12187272460984155,11,train,97,"{""type"":""MultiPoint"",""coordinates"":[]}"
00000000000000000277_0,0,KBang,784,0,0,0,14.249525621896918,108.6629239148077,0,0,783,12.196635,2848.710048556328,2448.020166605705,0.08407240156258289,11,train,97,"{""type"":""MultiPoint"",""coordinates"":[]}"
0000000000000000032e_0,0,KBang,1030,0,0,0,14.464851152666764,108.44705883281038,0,0,1031,11.032089,3082.7387473136187,2420.537351960532,0.5235523535090065,11,train,97,"{""type"":""MultiPoint"",""coordinates"":[]}"
00000000000000000377_0,0,KBang,787,0,0,0,14.305308976075525,108.64271080973245,0,0,781,9.690015,2904.3306356593966,2447.77248901683,0.4017461136080831,11,train,97,"{""type"":""MultiPoint"",""coordinates"":[]}"
0000000000000000037c_0,0,KBang,1098,0,0,0,14.360017686900251,108.4230733282439,0,0,1098,18.12205,3307.1987401247025,2646.067406310553,0.19303051157649398,11,train,97,"{""type"":""MultiPoint"",""coordinates"":[]}"
0000000000000000037e_0,0,KBang,983,0,0,0,14.441677204492006,108.49691158258791,0,0,979,12.451571,3026.558855623007,2396.239654855617,0.45371142503758843,11,train,97,"{""type"":""MultiPoint"",""coordinates"":[]}"
000000000000000003a8_0,0,KBang,1076,0,0,0,14.061146438793044,108.46753948394887,0,0,1072,17.418015,3222.151947184233,2767.6180477493767,0.13722392190937927,11,train,97,"{""type"":""MultiPoint"",""coordinates"":[]}"
000000000000000003af_0,0,KBang,985,0,0,0,14.383735645403531,108.48990633483297,0,0,987,8.095448,3174.5908024162054,2515.3602785260928,0.41121148175951927,11,train,97,"{""type"":""MultiPoint"",""coordinates"":[]}"
000000000000000003b2_0,0,KBang,1107,0,0,0,14.481559404314025,108.44786593010106,0,0,1107,11.418514,3082.7387473136187,2420.537351960532,0.1465999450731451,11,train,97,"{""type"":""MultiPoint"",""coordinates"":[]}"
000000000000000003eb_0,0,KBang,1282,0,0,0,14.569417072370076,108.37590941640161,0,0,1282,10.670198,3121.39150339365,2463.6619402850083,0.4547375074633436,11,train,97,"{""type"":""MultiPoint"",""coordinates"":[]}"
000000000000000003f0_0,0,KBang,823,0,0,1,14.310432483185933,108.5599766487868,1,2018,825,7.216715,3139.498244166374,2607.9216171444064,0.34865108498234365,11,train,97,"{""type"":""MultiPoint"",""coordinates"":[]}"
00000000000000000459_0,0,KBang,989,0,0,0,14.379691240748052,108.38857772249445,0,0,985,0.92740995,3472.4521907940507,2724.9660693980677,0.5956323591436581,11,train,97,"{""type"":""MultiPoint"",""coordinates"":[]}"
0000000000000000046e_0,0,KBang,1263,0,0,0,14.55836741995963,108.39692961876756,0,0,1255,10.156182,3121.39150339365,2463.6619402850083,0.7997622179376153,11,train,97,"{""type"":""MultiPoint"",""coordinates"":[]}"
0000000000000000046f_0,0,KBang,1193,0,0,0,14.530609515901933,108.45191033475653,0,0,1201,6.036819,3149.5016675293446,2511.7643873978677,0.6468647743673462,11,train,97,"{""type"":""MultiPoint"",""coordinates"":[]}"
00000000000000000472_0,0,KBang,813,0,0,0,14.284288773709578,108.46619283543073,0,0,819,12.450795,3299.3934005498886,2718.926994363391,0.5142897245572222,11,train,97,"{""type"":""MultiPoint"",""coordinates"":[]}"
000000000000000004d6_0,0,KBang,1040,0,0,0,14.465123157831025,108.49179253457856,0,0,1041,7.220936,3062.020653218031,2418.2485376937757,0.2339362898838132,11,train,97,"{""type"":""MultiPoint"",""coordinates"":[]}"
000000000000000004e8_0,0,KBang,762,0,0,0,14.30450187878485,108.5486549912121,0,0,763,21.022354,3361.179399266839,2766.2203726602984,0.3308281283863961,11,train,97,"{""type"":""MultiPoint"",""coordinates"":[]}"
0000000000000000051e_0,0,KBang,1067,0,0,0,14.337378830851907,108.53006053981923,0,0,1067,10.768719,3361.179399266839,2766.2203726602984,0.32218448807247546,11,train,97,"{""type"":""MultiPoint"",""coordinates"":[]}"
0000000000000000053d_0,0,KBang,911,0,0,0,14.507431108626118,108.59501180576373,0,0,911,11.128877,3178.381496110931,2588.583209516534,0.2300612099288919,11,train,97,"{""type"":""MultiPoint"",""coordinates"":[]}"
0000000000000000058b_0,0,KBang,1037,0,0,0,14.463772050211828,108.49341118826098,0,0,1037,10.52216,3062.020653218031,2418.2485376937757,0.0926861204388777,11,train,97,"{""type"":""MultiPoint"",""coordinates"":[]}"
000000000000000005a3_0,0,KBang,991,0,0,0,14.438172351063997,108.49799068504285,0,0,995,14.51847,3026.558855623007,2396.239654855617,0.02569373132427233,11,train,97,"{""type"":""MultiPoint"",""coordinates"":[]}"
000000000000000005a9_0,0,KBang,1201,0,0,0,14.325254535087588,108.31958651099553,0,0,1205,9.690662,3590.3718142211437,2839.256492314795,0.3072039788148967,11,train,97,"{""type"":""MultiPoint"",""coordinates"":[]}"
000000000000000005d6_0,0,KBang,982,0,0,0,14.489376208460714,108.50526793796209,0,0,988,10.460506,3223.115180581808,2551.5795426868085,0.04914809572289747,11,train,97,"{""type"":""MultiPoint"",""coordinates"":[]}"
000000000000000005f7_0,0,KBang,1194,0,0,0,14.522525165692036,108.41902892358843,0,0,1183,6.360359,2982.197799295187,2381.099704130859,0.584619710730476,11,train,97,"{""type"":""MultiPoint"",""coordinates"":[]}"
0000000000000000060f_0,0,KBang,1473,0,0,0,14.26569432231671,108.37941426982962,0,0,1483,17.799131,3431.17944631353,2736.309887341469,0.2951324367463506,11,train,97,"{""type"":""MultiPoint"",""coordinates"":[]}"
00000000000000000625_0,0,KBang,821,0,0,0,14.47644035630467,108.63839885901375,0,0,819,11.361037,3348.708837583661,2705.416131240571,0.15314932355821997,11,train,97,"{""type"":""MultiPoint"",""coordinates"":[]}"
0000000000000000063b_0,0,KBang,955,0,0,0,14.48425716045136,108.5087727913901,0,0,951,8.750081,3223.115180581808,2551.5795426868085,0.6760763581224914,11,train,97,"{""type"":""MultiPoint"",""coordinates"":[]}"
00000000000000000019_0,0,KBang,933,0,0,0,14.437365253773324,108.5429963919753,0,0,934,3.93542,3022.832878291607,2439.8191594331984,0.05647409658001057,12,train,97,"{""type"":""MultiPoint"",""coordinates"":[]}"
0000000000000000003c_0,0,KBang,902,0,0,0,14.308006732212856,108.42630617650767,0,0,907,8.602798,3878.7206017300487,3091.2550926978347,0.22423790499413743,12,train,97,"{""type"":""MultiPoint"",""coordinates"":[]}"
00000000000000000041_0,0,KBang,1059,0,0,0,14.470781757067847,108.48990633483297,0,0,1057,7.495661,3062.020653218031,2418.2485376937757,0.6382701743847043,12,train,97,"{""type"":""MultiPoint"",""coordinates"":[]}"
00000000000000000055_0,0,KBang,937,0,0,0,14.538421860947564,108.57722445166154,0,0,931,5.523094,3178.381496110931,2588.583209516534,0.1981734748376135,12,train,97,"{""type"":""MultiPoint"",""coordinates"":[]}"
00000000000000000062_0,0,KBang,1033,0,0,0,14.478594102113483,108.48101488733239,0,0,1030,8.015244,3062.020653218031,2418.2485376937757,0.050968386824334466,12,train,97,"{""type"":""MultiPoint"",""coordinates"":[]}"
00000000000000000092_0,0,KBang,830,0,0,0,14.338997484534305,108.62465590956702,0,0,828,12.200682,2904.3306356593966,2447.77248901683,0.23882301890943003,12,train,97,"{""type"":""MultiPoint"",""coordinates"":[]}"
000000000000000000b5_0,0,KBang,995,0,0,0,14.518480761036555,108.5583579951044,0,0,995,11.830282,3178.381496110931,2588.583209516534,0.12341593550966778,12,train,97,"{""type"":""MultiPoint"",""coordinates"":[]}"
000000000000000000cf_0,0,KBang,1018,0,0,0,14.445177598818963,108.48802013508734,0,0,1014,11.186503,3026.558855623007,2396.239654855617,0.04796760994468885,12,train,97,"{""type"":""MultiPoint"",""coordinates"":[]}"
00000000000000000111_0,0,KBang,1078,0,0,0,14.460539201948084,108.46753948394887,0,0,1078,12.028473,3062.020653218031,2418.2485376937757,0.29006321743516694,12,train,97,"{""type"":""MultiPoint"",""coordinates"":[]}"
00000000000000000187_0,0,KBang,857,0,0,0,14.355705736181568,108.62195815342972,0,0,857,12.255616,2952.925736054778,2405.8077794335663,0.4711354799185731,12,train,97,"{""type"":""MultiPoint"",""coordinates"":[]}"
000000000000000001db_0,0,KBang,933,0,0,0,14.450296646828315,108.59554689789015,0,0,939,5.9933453,3197.922673208639,2550.7448842357335,0.2666659593933244,12,train,97,"{""type"":""MultiPoint"",""coordinates"":[]}"
00000000000000000223_0,0,KBang,1089,0,0,0,14.519827409554699,108.48451528165936,0,0,1095,13.123226,3149.5016675293446,2511.7643873978677,0.15308969981197562,12,train,97,"{""type"":""MultiPoint"",""coordinates"":[]}"
00000000000000000245_0,0,KBang,1105,0,0,0,14.517134112518413,108.5025746409258,0,0,1105,11.941085,3063.1103956103325,2477.7017693946955,0.6221507755102004,12,train,97,"{""type"":""MultiPoint"",""coordinates"":[]}"
00000000000000000249_0,0,KBang,943,0,0,0,14.557020771441492,108.57911065140713,0,0,953,16.644613,3182.7490888275206,2585.4666109299883,0.7411247331000984,12,train,97,"{""type"":""MultiPoint"",""coordinates"":[]}"
0000000000000000025d_0,0,KBang,1178,0,0,0,14.472395951649194,108.37052282232906,0,0,1174,13.766191,3139.124945908785,2478.474790363861,0.049662501424709515,12,train,97,"{""type"":""MultiPoint"",""coordinates"":[]}"
0000000000000000028f_0,0,KBang,939,0,0,0,14.511203508117333,108.62007195368409,0,0,943,9.303451,3165.6503857907373,2580.8473094055266,0.4407794040966576,12,train,97,"{""type"":""MultiPoint"",""coordinates"":[]}"
000000000000000002b5_0,0,KBang,952,0,0,0,14.479673204568417,108.53922399248407,0,0,952,11.663174,3223.115180581808,2551.5795426868085,0.14175555533358408,12,train,97,"{""type"":""MultiPoint"",""coordinates"":[]}"
000000000000000002d0_0,0,KBang,1566,0,0,0,14.329026934578806,108.35812206229943,0,0,1571,17.611694,3387.77566537261,2679.882828244465,0.510264601415023,12,train,97,"{""type"":""MultiPoint"",""coordinates"":[]}"
000000000000000002d9_0,0,KBang,972,0,0,0,14.41769169992552,108.50984743474396,0,0,972,12.187001,3022.832878291607,2439.8191594331984,0.29098104174439,12,train,97,"{""type"":""MultiPoint"",""coordinates"":[]}"
00000000000000000323_0,0,KBang,1029,0,0,0,14.473475054104126,108.4672674787846,0,0,1029,11.662878,3062.020653218031,2418.2485376937757,0.7287286527010164,12,train,97,"{""type"":""MultiPoint"",""coordinates"":[]}"
00000000000000000334_0,0,KBang,1227,0,0,0,14.550011064585473,108.40178112071371,0,0,1228,7.6754475,3143.577323973179,2531.598463432791,0.4460969899137929,12,train,97,"{""type"":""MultiPoint"",""coordinates"":[]}"
0000000000000000038a_0,0,KBang,1147,0,0,0,14.49314860795193,108.37698851885655,0,0,1153,12.451829,3139.124945908785,2478.474790363861,0.55975720507941,12,train,97,"{""type"":""MultiPoint"",""coordinates"":[]}"
0000000000000000041d_0,0,KBang,1171,0,0,1,14.49638145621568,108.39261766804887,1,2017,1171,12.207864,3139.124945908785,2478.474790363861,0.4016163897417073,12,train,97,"{""type"":""MultiPoint"",""coordinates"":[]}"
00000000000000000463_0,0,KBang,959,0,0,0,14.475633259013998,108.50553548402529,0,0,962,10.164369,3223.115180581808,2551.5795426868085,0.7753819982789,12,train,97,"{""type"":""MultiPoint"",""coordinates"":[]}"
000000000000000004ee_0,0,KBang,1312,0,0,0,14.25841706939749,108.32578466145982,0,0,1304,13.293554,3418.0222388617694,2701.695657495224,0.4421754635245617,12,train,97,"{""type"":""MultiPoint"",""coordinates"":[]}"
00000000000000000506_0,0,KBang,1204,0,0,0,14.34870048842661,108.3718694708472,0,0,1185,24.4911,3387.77566537261,2679.882828244465,0.13066168986323234,12,train,97,"{""type"":""MultiPoint"",""coordinates"":[]}"
00000000000000000513_0,0,KBang,814,0,0,0,14.325522081150792,108.56914010145164,0,0,818,12.330529,3139.498244166374,2607.9216171444064,0.1681433481794703,12,train,97,"{""type"":""MultiPoint"",""coordinates"":[]}"
00000000000000000553_0,0,KBang,1035,0,0,0,14.492609056724465,108.54973409366706,0,0,1044,6.464861,3223.115180581808,2551.5795426868085,0.08121548170873827,12,train,97,"{""type"":""MultiPoint"",""coordinates"":[]}"
00000000000000000591_0,0,KBang,821,0,0,0,14.310432483185933,108.61899285122917,0,0,821,12.330361,2904.3306356593966,2447.77248901683,0.22781571444857285,12,train,97,"{""type"":""MultiPoint"",""coordinates"":[]}"
0000000000000000000a_0,0,KBang,816,0,0,0,14.478866107277744,108.61198760347419,0,0,816,12.676428,3348.708837583661,2705.416131240571,0.101625228290666,13,train,97,"{""type"":""MultiPoint"",""coordinates"":[]}"
0000000000000000000e_0,0,KBang,725,0,0,0,14.249525621896918,108.63246825461268,0,0,718,11.893797,2921.3837886452675,2499.82747799868,0.5545956666209308,13,train,97,"{""type"":""MultiPoint"",""coordinates"":[]}"
0000000000000000004e_0,0,KBang,1112,0,0,0,14.48048030185909,108.4373558289181,0,0,1112,12.802736,3082.7387473136187,2420.537351960532,0.3426541625858355,13,train,97,"{""type"":""MultiPoint"",""coordinates"":[]}"
0000000000000000011d_0,0,KBang,1004,0,0,0,14.458920548265684,108.4713118834401,0,0,1013,7.9483886,3062.020653218031,2418.2485376937757,0.34036286354788725,13,train,97,"{""type"":""MultiPoint"",""coordinates"":[]}"
0000000000000000011f_0,0,KBang,1018,0,0,0,14.452187305674979,108.48451528165936,0,0,1018,13.429133,3062.020653218031,2418.2485376937757,0.05859360922741008,13,train,97,"{""type"":""MultiPoint"",""coordinates"":[]}"
00000000000000000150_0,0,KBang,1314,0,0,0,14.540308060693178,108.48855968631482,0,0,1313,8.100427,3149.5016675293446,2511.7643873978677,0.6990775337013431,13,train,97,"{""type"":""MultiPoint"",""coordinates"":[]}"
0000000000000000020a_0,0,KBang,771,0,0,0,14.252218918933197,108.65995861260718,0,0,767,10.540729,2896.2261333167553,2502.428732936438,0.5601481268000139,13,train,97,"{""type"":""MultiPoint"",""coordinates"":[]}"
0000000000000000026e_0,0,KBang,838,0,0,0,14.122053300082058,108.51577803914505,0,0,832,18.275719,3335.206618718803,2843.7770705979806,0.3302675529773448,13,train,97,"{""type"":""MultiPoint"",""coordinates"":[]}"
00000000000000000298_0,0,KBang,1036,0,0,0,14.465123157831025,108.44867302739175,0,0,1031,5.5217357,3082.7387473136187,2420.537351960532,0.7496348983541788,13,train,97,"{""type"":""MultiPoint"",""coordinates"":[]}"
000000000000000002cf_0,0,KBang,767,0,0,1,14.277283525954616,108.63408690829509,1,2001,775,11.182767,2920.2753743231297,2494.9070353260336,0.10843951726167889,13,train,97,"{""type"":""MultiPoint"",""coordinates"":[]}"
000000000000000002db_0,0,KBang,1021,0,0,0,14.483445604059632,108.58018975386207,0,0,1019,8.342739,3197.922673208639,2550.7448842357335,0.706496721266014,13,train,97,"{""type"":""MultiPoint"",""coordinates"":[]}"
000000000000000002ec_0,0,KBang,1252,0,0,0,14.399364794595856,108.30719021006696,0,0,1249,21.025805,3714.876072347164,2911.4369120395304,0.3466631529018157,13,train,97,"{""type"":""MultiPoint"",""coordinates"":[]}"
000000000000000002ef_0,0,KBang,1180,0,0,0,14.528183764928853,108.465381279039,0,0,1181,8.986535,3149.5016675293446,2511.7643873978677,0.3532730111171497,13,train,97,"{""type"":""MultiPoint"",""coordinates"":[]}"
0000000000000000038c_0,0,KBang,1111,0,0,0,14.48425716045136,108.45298497811042,0,0,1102,21.927956,3062.020653218031,2418.2485376937757,0.08011507590906408,13,train,97,"{""type"":""MultiPoint"",""coordinates"":[]}"
0000000000000000038d_0,0,KBang,1554,0,0,0,14.256263323588673,108.36216646695489,0,0,1558,5.628452,3431.17944631353,2736.309887341469,0.2973700545296235,13,train,97,"{""type"":""MultiPoint"",""coordinates"":[]}"
000000000000000003e8_0,0,KBang,1094,0,0,0,14.344116532543666,108.41984047998015,0,0,1094,12.548078,3878.7206017300487,3091.2550926978347,0.7503879090043453,13,train,97,"{""type"":""MultiPoint"",""coordinates"":[]}"
0000000000000000040b_0,0,KBang,773,0,0,0,14.255184221133735,108.47616338538623,0,0,773,13.379767,3299.3934005498886,2718.926994363391,0.49244966051607864,13,train,97,"{""type"":""MultiPoint"",""coordinates"":[]}"
00000000000000000474_0,0,KBang,1484,0,0,0,14.256263323588673,108.38723107397631,0,0,1484,13.282126,3431.17944631353,2736.309887341469,0.11623215560403644,13,train,97,"{""type"":""MultiPoint"",""coordinates"":[]}"
000000000000000004a9_0,0,KBang,1237,0,0,0,14.547857318776657,108.47265853195823,0,0,1251,22.845037,3149.5016675293446,2511.7643873978677,0.6553196221803335,13,train,97,"{""type"":""MultiPoint"",""coordinates"":[]}"
000000000000000004ca_0,0,KBang,1049,0,0,0,14.464851152666764,108.4572969288291,0,0,1052,12.5651455,3062.020653218031,2418.2485376937757,0.7589207992406455,13,train,97,"{""type"":""MultiPoint"",""coordinates"":[]}"
000000000000000004ed_0,0,KBang,800,0,0,0,14.268659624517252,108.64836940896927,0,0,795,14.9656925,2920.2753743231297,2494.9070353260336,0.5084518117215853,13,train,97,"{""type"":""MultiPoint"",""coordinates"":[]}"
00000000000000000509_0,0,KBang,1188,0,0,0,14.35139378546289,108.38992437101258,0,0,1192,14.549674,3472.4521907940507,2724.9660693980677,0.5977515050115938,13,train,97,"{""type"":""MultiPoint"",""coordinates"":[]}"
00000000000000000517_0,0,KBang,778,0,0,0,14.298843279548027,108.63759176172307,0,0,778,12.774947,2920.2753743231297,2494.9070353260336,0.6790955118719249,13,train,97,"{""type"":""MultiPoint"",""coordinates"":[]}"
0000000000000000051b_0,0,KBang,1050,0,0,0,14.443291399073352,108.46053423619392,0,0,1053,12.554326,3026.558855623007,2396.239654855617,0.48356852904786374,13,train,97,"{""type"":""MultiPoint"",""coordinates"":[]}"
0000000000000000051f_0,0,KBang,1085,0,0,0,14.508510211081054,108.48586638927854,0,0,1085,13.271039,3149.5016675293446,2511.7643873978677,0.7124988154809638,13,train,97,"{""type"":""MultiPoint"",""coordinates"":[]}"
0000000000000000052e_0,0,KBang,764,0,0,0,14.142533951220537,108.48074288216813,0,0,756,9.376854,3364.3139811381698,2879.1407314955827,0.5856339682348702,13,train,97,"{""type"":""MultiPoint"",""coordinates"":[]}"
00000000000000000560_0,0,KBang,1017,0,0,0,14.578848071098106,108.55350649315825,0,0,1025,14.335224,3182.7490888275206,2585.4666109299883,0.31131292999436433,13,train,97,"{""type"":""MultiPoint"",""coordinates"":[]}"
0000000000000000056f_0,0,KBang,897,0,0,0,14.404216296542007,108.56078374607749,0,0,895,15.084536,3010.9200901687145,2435.0759028388934,0.15368616394947288,13,train,97,"{""type"":""MultiPoint"",""coordinates"":[]}"
00000000000000000570_0,0,KBang,1146,0,0,0,14.4659302551217,108.39639452664113,0,0,1146,12.554406,3139.124945908785,2478.474790363861,0.5837734005285935,13,train,97,"{""type"":""MultiPoint"",""coordinates"":[]}"
000000000000000005b6_0,0,KBang,1255,0,0,0,14.545699113866792,108.43142522451703,0,0,1255,13.207848,2982.197799295187,2381.099704130859,0.47104250948137216,13,train,97,"{""type"":""MultiPoint"",""coordinates"":[]}"
000000000000000005cf_0,0,KBang,794,0,0,0,14.313397785386474,108.63489400558575,0,0,784,14.967868,2904.3306356593966,2447.77248901683,0.7649305071089505,13,train,97,"{""type"":""MultiPoint"",""coordinates"":[]}"
00000000000000000627_0,0,KBang,1505,0,0,0,14.26919917574472,108.38587996635712,0,0,1513,11.883978,3431.17944631353,2736.309887341469,0.3236900012047971,13,train,97,"{""type"":""MultiPoint"",""coordinates"":[]}"
00000000000000000630_0,0,KBang,981,0,0,0,14.3387299384711,108.41876137752524,0,0,991,12.026553,3878.7206017300487,3091.2550926978347,0.693729273832916,13,train,97,"{""type"":""MultiPoint"",""coordinates"":[]}"
00000000000000000086_0,0,KBang,1079,0,0,0,14.525758013955778,108.49933733356099,0,0,1070,17.626291,3149.5016675293446,2511.7643873978677,0.7515635675424812,14,train,97,"{""type"":""MultiPoint"",""coordinates"":[]}"
000000000000000000c9_0,0,KBang,907,0,0,0,14.448949998310178,108.55701134658628,0,0,912,11.828424,3010.9200901687145,2435.0759028388934,0.1132840848790001,14,train,97,"{""type"":""MultiPoint"",""coordinates"":[]}"
00000000000000000160_0,0,KBang,1092,0,0,0,14.518213214973352,108.50607503525276,0,0,1095,6.676215,3063.1103956103325,2477.7017693946955,0.2630874558275027,14,train,97,"{""type"":""MultiPoint"",""coordinates"":[]}"
000000000000000001b0_0,0,KBang,910,0,0,0,14.425236498907953,108.59851220009068,0,0,909,12.028674,3010.9200901687145,2435.0759028388934,0.2148198689946531,14,train,97,"{""type"":""MultiPoint"",""coordinates"":[]}"
000000000000000001dd_0,0,KBang,1108,0,0,0,14.289679826883198,108.32335891048676,0,0,1108,13.997813,3418.0222388617694,2701.695657495224,0.6713467365002161,14,train,97,"{""type"":""MultiPoint"",""coordinates"":[]}"
000000000000000001ef_0,0,KBang,904,0,0,0,14.405562945060149,108.55970464362255,0,0,896,8.98211,3010.9200901687145,2435.0759028388934,0.09191894064475314,14,train,97,"{""type"":""MultiPoint"",""coordinates"":[]}"
00000000000000000204_0,0,KBang,1260,0,0,0,14.542198719539835,108.49421828555164,0,0,1260,14.457859,3149.5016675293446,2511.7643873978677,0.168327503572257,14,train,97,"{""type"":""MultiPoint"",""coordinates"":[]}"
0000000000000000021a_0,0,KBang,699,0,0,1,14.253837572615598,108.51847133618134,1,2011,699,13.679262,3283.608837634325,2704.4453318488963,0.3711477597346291,14,train,97,"{""type"":""MultiPoint"",""coordinates"":[]}"
00000000000000000266_0,0,KBang,1246,0,0,0,14.565912218942062,108.4133703243516,0,0,1239,11.941486,3143.577323973179,2531.598463432791,0.14896470864272493,14,train,97,"{""type"":""MultiPoint"",""coordinates"":[]}"
000000000000000002b4_0,0,KBang,1122,0,0,0,14.458920548265684,108.39639452664113,0,0,1131,12.758533,3139.124945908785,2478.474790363861,0.16403906236361276,14,train,97,"{""type"":""MultiPoint"",""coordinates"":[]}"
000000000000000002b6_0,0,KBang,1049,0,0,1,14.414726397724975,108.39881581851316,1,2001,1044,13.098515,3230.138293027878,2568.9875608114658,0.040442298442353364,14,train,97,"{""type"":""MultiPoint"",""coordinates"":[]}"
000000000000000002d8_0,0,KBang,1020,0,0,0,14.448142901019507,108.48398018953291,0,0,1027,20.421152,3026.558855623007,2396.239654855617,0.6069936238530196,14,train,97,"{""type"":""MultiPoint"",""coordinates"":[]}"
000000000000000002e6_0,0,KBang,1295,0,0,0,14.364329637618932,108.37052282232906,0,0,1296,10.78074,3472.4521907940507,2724.9660693980677,0.16210478184606036,14,train,97,"{""type"":""MultiPoint"",""coordinates"":[]}"
00000000000000000307_0,0,KBang,1144,0,0,0,14.43628615131839,108.35839406746368,0,0,1144,13.803916,3230.138293027878,2568.9875608114658,0.7245534778937184,14,train,97,"{""type"":""MultiPoint"",""coordinates"":[]}"
00000000000000000310_0,0,KBang,1027,0,0,0,14.530337510737672,108.5421892946846,0,0,1024,10.669026,3063.1103956103325,2477.7017693946955,0.5229939558304029,14,train,97,"{""type"":""MultiPoint"",""coordinates"":[]}"
00000000000000000338_0,0,KBang,1331,0,0,0,14.408256242096428,108.3818400208027,0,0,1326,11.827336,3230.138293027878,2568.9875608114658,0.39808143286715936,14,train,97,"{""type"":""MultiPoint"",""coordinates"":[]}"
0000000000000000033f_0,0,KBang,935,0,0,0,14.569684618433275,108.56671435047858,0,0,935,14.202055,3182.7490888275206,2585.4666109299883,0.3848498083689893,14,train,97,"{""type"":""MultiPoint"",""coordinates"":[]}"
00000000000000000346_0,0,KBang,816,0,0,0,14.188351214544692,108.40474642291424,0,0,811,15.005675,3298.5777985565364,2757.9068181550247,0.02227343132423154,14,train,97,"{""type"":""MultiPoint"",""coordinates"":[]}"
0000000000000000034d_0,0,KBang,789,0,0,0,14.293724231538672,108.65052761387913,0,0,797,9.656822,2896.2261333167553,2502.428732936438,0.5823850194494892,14,train,97,"{""type"":""MultiPoint"",""coordinates"":[]}"
00000000000000000364_0,0,KBang,860,0,0,0,14.384542742694206,108.56886809628737,0,0,856,16.914217,3001.057534530759,2400.0190920016626,0.13263092133477417,14,train,97,"{""type"":""MultiPoint"",""coordinates"":[]}"
0000000000000000048c_0,0,KBang,1160,0,0,0,14.524139360273379,108.43493007794503,0,0,1165,10.166257,2982.197799295187,2381.099704130859,0.45967700910138043,14,train,97,"{""type"":""MultiPoint"",""coordinates"":[]}"
000000000000000004e9_0,0,KBang,686,0,0,1,14.23928306677715,108.58369014818902,1,2010,677,13.648223,2988.904823511839,2527.354326276477,0.49971966133886403,14,train,97,"{""type"":""MultiPoint"",""coordinates"":[]}"
0000000000000000054e_0,0,KBang,935,0,0,0,14.299922382002961,108.54084264616647,0,0,935,13.536275,3361.179399266839,2766.2203726602984,0.4972664264809227,14,train,97,"{""type"":""MultiPoint"",""coordinates"":[]}"
00000000000000000576_0,0,KBang,932,0,0,0,14.52899086221953,108.55620424929559,0,0,939,16.213478,3178.381496110931,2588.583209516534,0.5914809347212207,14,train,97,"{""type"":""MultiPoint"",""coordinates"":[]}"
0000000000000000057b_0,0,KBang,896,0,0,0,14.435746600090923,108.55215984464012,0,0,893,14.308361,3010.9200901687145,2435.0759028388934,0.622019677539046,14,train,97,"{""type"":""MultiPoint"",""coordinates"":[]}"
00000000000000000588_0,0,KBang,1302,0,0,0,14.564833116487128,108.36944371987413,0,0,1293,17.433388,3121.39150339365,2463.6619402850083,0.49686718070616664,14,train,97,"{""type"":""MultiPoint"",""coordinates"":[]}"
000000000000000005bd_0,0,KBang,900,0,0,0,14.436825702545862,108.56617479925109,0,0,900,14.308375,3010.9200901687145,2435.0759028388934,0.008258105138167049,14,train,97,"{""type"":""MultiPoint"",""coordinates"":[]}"
000000000000000005ea_0,0,KBang,1068,0,0,0,14.41445439256072,108.4195684748159,0,0,1067,14.998039,3056.5912619680166,2430.7695342178336,0.46003085767790564,14,train,97,"{""type"":""MultiPoint"",""coordinates"":[]}"
00000000000000000621_0,0,KBang,1236,0,0,0,14.417152148698051,108.37914672376641,0,0,1228,10.574492,3230.138293027878,2568.9875608114658,0.39197101883585483,14,train,97,"{""type"":""MultiPoint"",""coordinates"":[]}"
00000000000000000060_0,0,KBang,1477,0,0,0,14.231470721731512,108.3441115667895,0,0,1475,5.9909897,3513.8358694799244,2786.476151139564,0.2899485724233928,15,train,97,"{""type"":""MultiPoint"",""coordinates"":[]}"
00000000000000000077_0,0,KBang,1111,0,0,0,14.307467180985393,108.53707024667524,0,0,1111,15.009895,3361.179399266839,2766.2203726602984,0.690922043881843,15,train,97,"{""type"":""MultiPoint"",""coordinates"":[]}"
000000000000000000f1_0,0,KBang,1068,0,0,0,14.48425716045136,108.44436107667306,0,0,1081,18.375511,3082.7387473136187,2420.537351960532,0.5799338272261123,15,train,97,"{""type"":""MultiPoint"",""coordinates"":[]}"
00000000000000000172_0,0,KBang,1137,0,0,0,14.353279985208497,108.41202367583347,0,0,1137,14.741269,3307.1987401247025,2646.067406310553,0.428341027087498,15,train,97,"{""type"":""MultiPoint"",""coordinates"":[]}"
00000000000000000183_0,0,KBang,704,0,0,0,14.224461014875494,108.4866734865692,0,0,700,9.65402,3116.021737858653,2587.275775269555,0.3249443598112487,15,train,97,"{""type"":""MultiPoint"",""coordinates"":[]}"
000000000000000001e6_0,0,KBang,1255,0,0,0,14.567530872624465,108.38641951758459,0,0,1265,14.779029,3121.39150339365,2463.6619402850083,0.7227079462392569,15,train,97,"{""type"":""MultiPoint"",""coordinates"":[]}"
000000000000000001e8_0,0,KBang,711,0,0,0,14.21179716788371,108.64055260482256,0,0,713,13.279654,2921.3837886452675,2499.82747799868,0.0625210249991287,15,train,97,"{""type"":""MultiPoint"",""coordinates"":[]}"
00000000000000000278_0,0,KBang,843,0,0,0,14.367834491046938,108.63058205486706,0,0,840,12.970562,2952.925736054778,2405.8077794335663,0.6886320119195956,15,train,97,"{""type"":""MultiPoint"",""coordinates"":[]}"
0000000000000000027e_0,0,KBang,1171,0,0,0,14.484524706514566,108.4276528250258,0,0,1159,13.648223,3082.7387473136187,2420.537351960532,0.3274205363761076,15,train,97,"{""type"":""MultiPoint"",""coordinates"":[]}"
00000000000000000294_0,0,KBang,907,0,0,0,14.50419826036237,108.59851220009068,0,0,904,15.41479,3178.381496110931,2588.583209516534,0.07788742089127998,15,train,97,"{""type"":""MultiPoint"",""coordinates"":[]}"
00000000000000000313_0,0,KBang,944,0,0,0,14.52009941471896,108.59554689789015,0,0,945,12.208963,3178.381496110931,2588.583209516534,0.776405136940075,15,train,97,"{""type"":""MultiPoint"",""coordinates"":[]}"
00000000000000000388_0,0,KBang,750,0,0,1,14.258689074561747,108.62330480194785,1,2018,751,4.721608,2920.2753743231297,2494.9070353260336,0.42348443983474526,15,train,97,"{""type"":""MultiPoint"",""coordinates"":[]}"
00000000000000000393_0,0,KBang,1087,0,0,0,14.518748307099766,108.48532683805107,0,0,1087,14.977168,3149.5016675293446,2511.7643873978677,0.3651900952518551,15,train,97,"{""type"":""MultiPoint"",""coordinates"":[]}"
00000000000000000429_0,0,KBang,861,0,0,0,14.38184498655687,108.59797264886322,0,0,863,11.344004,3001.057534530759,2400.0190920016626,0.503699812762064,15,train,97,"{""type"":""MultiPoint"",""coordinates"":[]}"
00000000000000000447_0,0,KBang,970,0,0,0,14.173257157478778,108.42388042553459,0,0,970,15.081751,3298.5777985565364,2757.9068181550247,0.6925777999244237,15,train,97,"{""type"":""MultiPoint"",""coordinates"":[]}"
00000000000000000492_0,0,KBang,1131,0,0,0,14.47805900998707,108.43466253188183,0,0,1127,12.503512,3082.7387473136187,2420.537351960532,0.4489525297626925,15,train,97,"{""type"":""MultiPoint"",""coordinates"":[]}"
000000000000000004be_0,0,KBang,896,0,0,0,14.344656083771131,108.54488259172089,0,0,891,10.76368,3361.179399266839,2766.2203726602984,0.7773233430216397,15,train,97,"{""type"":""MultiPoint"",""coordinates"":[]}"
000000000000000004f0_0,0,KBang,876,0,0,0,14.342502337962316,108.5206295410912,0,0,876,15.157449,3361.179399266839,2766.2203726602984,0.41022647330427575,15,train,97,"{""type"":""MultiPoint"",""coordinates"":[]}"
00000000000000000644_0,0,KBang,679,0,0,0,14.107503253344666,108.50068844118019,0,0,679,14.558191,3335.206618718803,2843.7770705979806,0.7949590367928577,15,train,97,"{""type"":""MultiPoint"",""coordinates"":[]}"
0000000000000000013a_0,0,KBang,1051,0,0,0,14.499886309643689,108.51119854236318,0,0,1051,15.86632,3063.1103956103325,2477.7017693946955,0.17236151288138202,16,train,97,"{""type"":""MultiPoint"",""coordinates"":[]}"
000000000000000001c1_0,0,KBang,1037,0,0,0,14.476168351140405,108.49044588606041,0,0,1047,15.080161,3062.020653218031,2418.2485376937757,0.44013694735110664,16,train,97,"{""type"":""MultiPoint"",""coordinates"":[]}"
00000000000000000314_0,0,KBang,927,0,0,0,14.486950457487639,108.58638790432636,0,0,927,16.270626,3197.922673208639,2550.7448842357335,0.6478911772851859,16,train,97,"{""type"":""MultiPoint"",""coordinates"":[]}"
000000000000000003a3_0,0,KBang,740,0,0,0,14.311239580476608,108.6039032532643,0,0,742,15.199,2904.3306356593966,2447.77248901683,0.09598012233320563,16,train,97,"{""type"":""MultiPoint"",""coordinates"":[]}"
000000000000000003a9_0,0,KBang,1333,0,0,0,14.26892717058046,108.354082116745,0,0,1322,11.182583,3431.17944631353,2736.309887341469,0.11008166420012333,16,train,97,"{""type"":""MultiPoint"",""coordinates"":[]}"
000000000000000003c2_0,0,KBang,1089,0,0,0,14.325254535087588,108.53464449570217,0,0,1098,16.266193,3361.179399266839,2766.2203726602984,0.4786714663850835,16,train,97,"{""type"":""MultiPoint"",""coordinates"":[]}"
00000000000000000417_0,0,KBang,856,0,0,0,14.30800673221286,108.54892699637637,0,0,856,15.877856,3361.179399266839,2766.2203726602984,0.017597467267791878,16,train,97,"{""type"":""MultiPoint"",""coordinates"":[]}"
00000000000000000498_0,0,KBang,1683,0,0,0,14.31609108242276,108.38695906881206,0,0,1683,15.9526415,3387.77566537261,2679.882828244465,0.35944470889646485,16,train,97,"{""type"":""MultiPoint"",""coordinates"":[]}"
000000000000000004ae_0,0,KBang,1475,0,0,0,14.338190387243634,108.39288967321313,0,0,1468,10.140008,3387.77566537261,2679.882828244465,0.6381537105982271,16,train,97,"{""type"":""MultiPoint"",""coordinates"":[]}"
000000000000000004ba_0,0,KBang,1003,0,0,0,14.42577605013542,108.48829214025162,0,0,1011,12.187311,3026.558855623007,2396.239654855617,0.6414697021001999,16,train,97,"{""type"":""MultiPoint"",""coordinates"":[]}"
00000000000000000514_0,0,KBang,973,0,0,0,14.565644672878854,108.57398714429672,0,0,979,16.178204,3182.7490888275206,2585.4666109299883,0.09255299088336855,16,train,97,"{""type"":""MultiPoint"",""coordinates"":[]}"
0000000000000000058c_0,0,KBang,1198,0,0,0,14.514168810317877,108.4052859741417,0,0,1198,16.175522,2982.197799295187,2381.099704130859,0.4044607176218823,16,train,97,"{""type"":""MultiPoint"",""coordinates"":[]}"
00000000000000000005_0,0,KBang,952,0,0,0,14.567530872624465,108.5564717953588,0,0,959,20.440134,3182.7490888275206,2585.4666109299883,0.2473164581289342,17,train,97,"{""type"":""MultiPoint"",""coordinates"":[]}"
000000000000000001ab_0,0,KBang,1051,0,0,0,14.362710983936534,108.35300301429007,0,0,1057,12.757806,3472.4521907940507,2724.9660693980677,0.2764369512884006,17,train,97,"{""type"":""MultiPoint"",""coordinates"":[]}"
000000000000000001b4_0,0,KBang,969,0,0,0,14.336304187498026,108.5322187447291,0,0,969,17.465864,3361.179399266839,2766.2203726602984,0.7536706719338825,17,train,97,"{""type"":""MultiPoint"",""coordinates"":[]}"
00000000000000000231_0,0,KBang,1159,0,0,0,14.505005357653046,108.3980087212225,0,0,1150,20.381744,3205.2258018553257,2562.2362008570512,0.6864616183721621,17,train,97,"{""type"":""MultiPoint"",""coordinates"":[]}"
0000000000000000024f_0,0,KBang,1056,0,0,0,14.459732104657409,108.48424773559613,0,0,1056,17.307404,3062.020653218031,2418.2485376937757,0.5117870383099137,17,train,97,"{""type"":""MultiPoint"",""coordinates"":[]}"
0000000000000000025e_0,0,KBang,1189,0,0,0,14.421192094252474,108.37025081716479,0,0,1190,12.028669,3230.138293027878,2568.9875608114658,0.18170877054753332,17,train,97,"{""type"":""MultiPoint"",""coordinates"":[]}"
00000000000000000281_0,0,KBang,701,0,0,0,14.208831865683168,108.49583693923404,0,0,701,16.996132,3116.021737858653,2587.275775269555,0.38032230789918253,17,train,97,"{""type"":""MultiPoint"",""coordinates"":[]}"
000000000000000002c4_0,0,KBang,954,0,0,0,14.322556778950254,108.55296694193078,0,0,961,8.501211,3139.498244166374,2607.9216171444064,0.09499013664142064,17,train,97,"{""type"":""MultiPoint"",""coordinates"":[]}"
00000000000000000308_0,0,KBang,804,0,0,1,14.310160478021674,108.60821520398298,1,2010,792,12.769077,2904.3306356593966,2447.77248901683,0.058531429264914836,17,train,97,"{""type"":""MultiPoint"",""coordinates"":[]}"
0000000000000000034a_0,0,KBang,941,0,0,0,14.390201341931029,108.47346562924889,0,0,941,17.308455,3174.5908024162054,2515.3602785260928,0.5130558964605804,17,train,97,"{""type"":""MultiPoint"",""coordinates"":[]}"
000000000000000003b3_0,0,KBang,791,0,0,0,14.229044970758439,108.40825127634226,0,0,786,18.673151,3484.5955844521523,2837.824403122823,0.4694456366549752,17,train,97,"{""type"":""MultiPoint"",""coordinates"":[]}"
000000000000000003f3_0,0,KBang,1154,0,0,0,14.36352254032826,108.41876137752524,0,0,1145,25.700762,3307.1987401247025,2646.067406310553,0.5109884063144688,17,train,97,"{""type"":""MultiPoint"",""coordinates"":[]}"
000000000000000003f8_0,0,KBang,1212,0,0,0,14.333066880133222,108.3182398624774,0,0,1204,21.128716,3590.3718142211437,2839.256492314795,0.28218428683498287,17,train,97,"{""type"":""MultiPoint"",""coordinates"":[]}"
0000000000000000040a_0,0,KBang,1000,0,0,0,14.313665331449682,108.53194673956486,0,0,990,14.501017,3361.179399266839,2766.2203726602984,0.7968202589827854,17,train,97,"{""type"":""MultiPoint"",""coordinates"":[]}"
0000000000000000044a_0,0,KBang,1232,0,0,0,14.403944291377746,108.31446746298619,0,0,1241,12.776492,3774.6228857189417,2999.9198697531438,0.33963258590403256,17,train,97,"{""type"":""MultiPoint"",""coordinates"":[]}"
000000000000000004a8_0,0,KBang,1468,0,0,0,14.272971575235934,108.34491866408017,0,0,1477,10.661354,3418.0222388617694,2701.695657495224,0.5322036045718175,17,train,97,"{""type"":""MultiPoint"",""coordinates"":[]}"
000000000000000005a2_0,0,KBang,1023,0,0,0,14.488297106005783,108.54838744514889,0,0,1023,17.012852,3223.115180581808,2551.5795426868085,0.6659639489830702,17,train,97,"{""type"":""MultiPoint"",""coordinates"":[]}"
00000000000000000607_0,0,KBang,909,0,0,0,14.525218462728315,108.5985122000907,0,0,921,25.889423,3178.381496110931,2588.583209516534,7.350070973414224E-4,17,train,97,"{""type"":""MultiPoint"",""coordinates"":[]}"
00000000000000000190_0,0,KBang,775,0,0,0,14.303694781494178,108.64163170727751,0,0,761,13.536328,2904.3306356593966,2447.77248901683,0.48416082310946595,18,train,97,"{""type"":""MultiPoint"",""coordinates"":[]}"
00000000000000000272_0,0,KBang,859,0,0,0,14.481831409478286,108.6270816605401,0,0,859,17.67841,3348.708837583661,2705.416131240571,0.7276449199904009,18,train,97,"{""type"":""MultiPoint"",""coordinates"":[]}"
00000000000000000280_0,0,KBang,896,0,0,0,14.43466749763599,108.55108074218518,0,0,888,11.342173,3010.9200901687145,2435.0759028388934,0.14603877586349068,18,train,97,"{""type"":""MultiPoint"",""coordinates"":[]}"
000000000000000002a2_0,0,KBang,1017,0,0,0,14.469970200676121,108.46942568369447,0,0,1011,13.203669,3062.020653218031,2418.2485376937757,0.4327375353765428,18,train,97,"{""type"":""MultiPoint"",""coordinates"":[]}"
000000000000000002c5_0,0,KBang,1026,0,0,0,14.456227251229398,108.46026223102965,0,0,1019,8.014964,3062.020653218031,2418.2485376937757,0.3255664718693232,18,train,97,"{""type"":""MultiPoint"",""coordinates"":[]}"
000000000000000002df_0,0,KBang,870,0,0,0,14.354087082499168,108.4769704826769,0,0,870,17.699198,3174.5908024162054,2515.3602785260928,0.7621197692603265,18,train,97,"{""type"":""MultiPoint"",""coordinates"":[]}"
000000000000000002e8_0,0,KBang,1380,0,0,0,14.274050677690868,108.36189892089168,0,0,1369,25.442963,3431.17944631353,2736.309887341469,0.5355852762121175,18,train,97,"{""type"":""MultiPoint"",""coordinates"":[]}"
00000000000000000303_0,0,KBang,886,0,0,0,14.33765083601617,108.43196477574448,0,0,886,17.84558,3878.7206017300487,3091.2550926978347,0.4189348009160705,18,train,97,"{""type"":""MultiPoint"",""coordinates"":[]}"
00000000000000000312_0,0,KBang,1513,0,0,0,14.340883684279913,108.38130046957522,0,0,1527,21.291405,3387.77566537261,2679.882828244465,0.7463637044477603,18,train,97,"{""type"":""MultiPoint"",""coordinates"":[]}"
00000000000000000317_0,0,KBang,1030,0,0,1,14.378344592229912,108.31904695976806,1,2010,1020,38.004436,3714.876072347164,2911.4369120395304,0.2856676314508724,18,train,97,"{""type"":""MultiPoint"",""coordinates"":[]}"
00000000000000000333_0,0,KBang,1039,0,0,0,14.324982529923327,108.52763478884617,0,0,1039,17.774416,3361.179399266839,2766.2203726602984,0.1812001848989212,18,train,97,"{""type"":""MultiPoint"",""coordinates"":[]}"
0000000000000000039e_0,0,KBang,1018,0,0,0,14.346002732289273,108.3379134163252,0,0,1018,17.817234,3590.3718142211437,2839.256492314795,0.763895303466271,18,train,97,"{""type"":""MultiPoint"",""coordinates"":[]}"
000000000000000003c0_0,0,KBang,1133,0,0,0,14.447335803728825,108.38884526855767,0,0,1134,17.094757,3230.138293027878,2568.9875608114658,0.23664674984044165,18,train,97,"{""type"":""MultiPoint"",""coordinates"":[]}"
000000000000000003d8_0,0,KBang,1340,0,0,0,14.278630174472758,108.40232067194118,0,0,1347,27.216677,3954.77065885067,3193.707802749039,0.1120693434594231,18,train,97,"{""type"":""MultiPoint"",""coordinates"":[]}"
00000000000000000418_0,0,KBang,894,0,0,0,14.342230332798058,108.42846438141754,0,0,894,18.498293,3878.7206017300487,3091.2550926978347,0.21906543942258339,18,train,97,"{""type"":""MultiPoint"",""coordinates"":[]}"
0000000000000000044e_0,0,KBang,1094,0,0,0,14.45892054826568,108.43088567328955,0,0,1089,12.502927,3082.7387473136187,2420.537351960532,0.49067148386120196,18,train,97,"{""type"":""MultiPoint"",""coordinates"":[]}"
00000000000000000551_0,0,KBang,1069,0,0,0,14.434939502800248,108.45487117785603,0,0,1066,22.10073,3026.558855623007,2396.239654855617,0.4636094387994404,18,train,97,"{""type"":""MultiPoint"",""coordinates"":[]}"
00000000000000000647_0,0,KBang,1435,0,0,0,14.415805500179909,108.30153161083012,0,0,1437,20.590195,3774.6228857189417,2999.9198697531438,0.7425225450809573,18,train,97,"{""type"":""MultiPoint"",""coordinates"":[]}"
0000000000000000002e_0,0,KBang,1107,0,0,0,14.520099414718956,108.468886132467,0,0,1117,16.325907,3149.5016675293446,2511.7643873978677,0.36041756833684013,19,train,97,"{""type"":""MultiPoint"",""coordinates"":[]}"
0000000000000000010f_0,0,KBang,903,0,0,0,14.452187305674979,108.59716555157254,0,0,914,18.995077,3197.922673208639,2550.7448842357335,0.136626911151431,19,train,97,"{""type"":""MultiPoint"",""coordinates"":[]}"
0000000000000000014e_0,0,KBang,894,0,0,0,14.34276988402552,108.52116909231867,0,0,894,19.41094,3361.179399266839,2766.2203726602984,0.3079202270866982,19,train,97,"{""type"":""MultiPoint"",""coordinates"":[]}"
00000000000000000156_0,0,KBang,1563,0,0,0,14.296685074638159,108.38426577177577,0,0,1572,18.675308,3431.17944631353,2736.309887341469,0.4474358187781914,19,train,97,"{""type"":""MultiPoint"",""coordinates"":[]}"
000000000000000001f9_0,0,KBang,959,0,0,0,14.318784379459041,108.543807948367,0,0,959,17.190882,3361.179399266839,2766.2203726602984,0.6413933060401041,19,train,97,"{""type"":""MultiPoint"",""coordinates"":[]}"
00000000000000000230_0,0,KBang,801,0,0,0,14.296417528574953,108.54245684074782,0,0,811,23.395826,3283.608837634325,2704.4453318488963,0.7262169089503359,19,train,97,"{""type"":""MultiPoint"",""coordinates"":[]}"
00000000000000000239_0,0,KBang,1042,0,0,0,14.305580981239785,108.53545159299286,0,0,1039,14.318973,3361.179399266839,2766.2203726602984,0.014714763960331001,19,train,97,"{""type"":""MultiPoint"",""coordinates"":[]}"
0000000000000000029f_0,0,KBang,1096,0,0,0,14.483178057996428,108.45487117785603,0,0,1107,15.080605,3062.020653218031,2418.2485376937757,0.10850619531859096,19,train,97,"{""type"":""MultiPoint"",""coordinates"":[]}"
000000000000000002a0_0,0,KBang,810,0,0,0,14.315551531195288,108.43950957472693,0,0,810,18.722448,3878.7206017300487,3091.2550926978347,0.28810083855068724,19,train,97,"{""type"":""MultiPoint"",""coordinates"":[]}"
000000000000000002be_0,0,KBang,1490,0,0,0,14.271892472781,108.3462653125983,0,0,1489,7.6176243,3418.0222388617694,2701.695657495224,0.7493798830104988,19,train,97,"{""type"":""MultiPoint"",""coordinates"":[]}"
0000000000000000030d_0,0,KBang,1183,0,0,0,14.214490464919994,108.3901919170758,0,0,1190,18.664583,3508.178902901709,2811.2432915158697,0.1800942021258911,19,train,97,"{""type"":""MultiPoint"",""coordinates"":[]}"
00000000000000000332_0,0,KBang,1076,0,0,0,14.221767717839219,108.43708382375384,0,0,1065,18.775116,3484.5955844521523,2837.824403122823,0.6540126509645681,19,train,97,"{""type"":""MultiPoint"",""coordinates"":[]}"
00000000000000000369_0,0,KBang,1180,0,0,0,14.331180680387615,108.3497701660263,0,0,1176,17.816275,3590.3718142211437,2839.256492314795,0.6220030279585255,19,train,97,"{""type"":""MultiPoint"",""coordinates"":[]}"
00000000000000000562_0,0,KBang,922,0,0,0,14.351933336690355,108.33548766535213,0,0,907,10.543087,3714.876072347164,2911.4369120395304,0.3392293348009352,19,train,97,"{""type"":""MultiPoint"",""coordinates"":[]}"
00000000000000000593_0,0,KBang,1323,0,0,0,14.407449144805756,108.37618142156587,0,0,1323,19.108877,3230.138293027878,2568.9875608114658,0.14571211214967417,19,train,97,"{""type"":""MultiPoint"",""coordinates"":[]}"
000000000000000005a8_0,0,KBang,989,0,0,0,14.472395951649194,108.54515459688515,0,0,987,14.975885,3223.115180581808,2551.5795426868085,0.5975620461136161,19,train,97,"{""type"":""MultiPoint"",""coordinates"":[]}"
00000000000000000612_0,0,KBang,1482,0,0,0,14.313397785386476,108.37294411420108,0,0,1499,28.122614,3387.77566537261,2679.882828244465,0.29609742460458843,19,train,97,"{""type"":""MultiPoint"",""coordinates"":[]}"
00000000000000000636_0,0,KBang,1006,0,0,0,14.491262408206323,108.52386238935495,0,0,1013,12.207634,3223.115180581808,2551.5795426868085,0.3493996597457497,19,train,97,"{""type"":""MultiPoint"",""coordinates"":[]}"
0000000000000000008c_0,0,KBang,1041,0,0,0,14.461618304403016,108.43816292620876,0,0,1041,19.812887,3082.7387473136187,2420.537351960532,0.2702212992946402,20,train,97,"{""type"":""MultiPoint"",""coordinates"":[]}"
00000000000000000283_0,0,KBang,721,0,0,0,14.26434767379857,108.48424773559613,0,0,721,19.608627,3299.3934005498886,2718.926994363391,0.2109474216869961,20,train,97,"{""type"":""MultiPoint"",""coordinates"":[]}"
0000000000000000033a_0,0,KBang,1221,0,0,0,14.49288106188873,108.36647841767358,0,0,1234,26.0224,3139.124945908785,2478.474790363861,0.22985788532035212,20,train,97,"{""type"":""MultiPoint"",""coordinates"":[]}"
00000000000000000348_0,0,KBang,1129,0,0,0,14.181073961625467,108.38777062520377,0,0,1121,22.329355,3400.7785373441875,2807.31930743629,0.7685671997090988,20,train,97,"{""type"":""MultiPoint"",""coordinates"":[]}"
0000000000000000035d_0,0,KBang,1149,0,0,0,14.296417528574953,108.35057726331699,0,0,1160,20.065672,3431.17944631353,2736.309887341469,0.24675383379732108,20,train,97,"{""type"":""MultiPoint"",""coordinates"":[]}"
0000000000000000039f_0,0,KBang,1030,0,0,0,14.466469806349167,108.4767029366137,0,0,1038,15.728225,3062.020653218031,2418.2485376937757,0.6523833496379041,20,train,97,"{""type"":""MultiPoint"",""coordinates"":[]}"
000000000000000003aa_0,0,KBang,1194,0,0,0,14.494495256470072,108.4230733282439,0,0,1203,23.919054,3082.7387473136187,2420.537351960532,0.3141529312980441,20,train,97,"{""type"":""MultiPoint"",""coordinates"":[]}"
00000000000000000441_0,0,KBang,940,0,0,0,14.192663165263376,108.37860717253893,0,0,940,19.993883,3400.7785373441875,2807.31930743629,8.862755142591272E-5,20,train,97,"{""type"":""MultiPoint"",""coordinates"":[]}"
0000000000000000048d_0,0,KBang,699,0,0,0,14.181073961625467,108.50230263576152,0,0,699,20.45492,2927.8332602009177,2497.137565198986,0.2843945343296367,20,train,97,"{""type"":""MultiPoint"",""coordinates"":[]}"
000000000000000004a7_0,0,KBang,1310,0,0,0,14.286446978619448,108.33764141116094,0,0,1302,17.701328,3418.0222388617694,2701.695657495224,0.3814891497536649,20,train,97,"{""type"":""MultiPoint"",""coordinates"":[]}"
000000000000000004b0_0,0,KBang,1006,0,0,0,14.488569111170039,108.58369014818902,0,0,1006,19.602388,3197.922673208639,2550.7448842357335,0.09489426956431213,20,train,97,"{""type"":""MultiPoint"",""coordinates"":[]}"
00000000000000000503_0,0,KBang,694,0,0,0,14.251144275579314,108.62734920660331,0,0,689,21.285505,2920.2753743231297,2494.9070353260336,0.7798575236626039,20,train,97,"{""type"":""MultiPoint"",""coordinates"":[]}"
0000000000000000055a_0,0,KBang,851,0,0,0,14.405830491123353,108.60902230127367,0,0,851,19.64618,3179.367648512125,2581.221545913855,0.7347237607185177,20,train,97,"{""type"":""MultiPoint"",""coordinates"":[]}"
000000000000000005b3_0,0,KBang,915,0,0,0,14.518480761036555,108.60174504835443,0,0,915,19.51937,3165.6503857907373,2580.8473094055266,0.09496105695110957,20,train,97,"{""type"":""MultiPoint"",""coordinates"":[]}"
000000000000000005d7_0,0,KBang,1533,0,0,0,14.240362169232085,108.357586970173,0,0,1530,19.428596,3508.178902901709,2811.2432915158697,0.7895476103734382,20,train,97,"{""type"":""MultiPoint"",""coordinates"":[]}"
000000000000000001d2_0,0,KBang,701,0,0,0,14.19940086695513,108.48155443855985,0,0,694,19.177462,3179.5106303691864,2674.3027243573615,0.48047688342473793,21,train,97,"{""type"":""MultiPoint"",""coordinates"":[]}"
00000000000000000284_0,0,KBang,785,0,0,0,14.308546283440327,108.45756893399337,0,0,785,20.988703,3410.552547223866,2766.438409104254,0.6948090726584918,21,train,97,"{""type"":""MultiPoint"",""coordinates"":[]}"
0000000000000000036b_0,0,KBang,1218,0,0,0,14.28617497345519,108.41148412460602,0,0,1229,23.963022,3954.77065885067,3193.707802749039,0.26456623534236545,21,train,97,"{""type"":""MultiPoint"",""coordinates"":[]}"
00000000000000000422_0,0,KBang,1146,0,0,0,14.522253160527772,108.43519762400824,0,0,1156,11.034574,2982.197799295187,2381.099704130859,0.4214707045293742,21,train,97,"{""type"":""MultiPoint"",""coordinates"":[]}"
000000000000000004dc_0,0,KBang,1164,0,0,0,14.371874436601361,108.34357201556202,0,0,1167,19.773815,3714.876072347164,2911.4369120395304,0.14214324602916795,21,train,97,"{""type"":""MultiPoint"",""coordinates"":[]}"
00000000000000000645_0,0,KBang,993,0,0,0,14.35301243914529,108.55296694193078,0,0,983,20.803724,3001.057534530759,2400.0190920016626,0.7827340379329337,21,train,97,"{""type"":""MultiPoint"",""coordinates"":[]}"
000000000000000000e1_0,0,KBang,902,0,0,0,14.329834031869478,108.44220733086424,0,0,907,18.539143,3878.7206017300487,3091.2550926978347,0.6783890170976747,22,train,97,"{""type"":""MultiPoint"",""coordinates"":[]}"
00000000000000000162_0,0,KBang,917,0,0,0,14.528183764928855,108.57264049577859,0,0,902,12.452004,3178.381496110931,2588.583209516534,0.3553388497683163,22,train,97,"{""type"":""MultiPoint"",""coordinates"":[]}"
0000000000000000025f_0,0,KBang,1347,0,0,0,14.309085834667792,108.3624340130181,0,0,1351,33.49732,3387.77566537261,2679.882828244465,0.6727390238241294,22,train,97,"{""type"":""MultiPoint"",""coordinates"":[]}"
00000000000000000275_0,0,KBang,1203,0,0,0,14.32121013043211,108.34734441505323,0,0,1188,30.32384,3590.3718142211437,2839.256492314795,0.10641967169630384,22,train,97,"{""type"":""MultiPoint"",""coordinates"":[]}"
000000000000000002f1_0,0,KBang,1296,0,0,0,14.325522081150792,108.31689321395925,0,0,1304,17.354544,3590.3718142211437,2839.256492314795,0.27006134377461377,22,train,97,"{""type"":""MultiPoint"",""coordinates"":[]}"
00000000000000000405_0,0,KBang,916,0,0,0,14.341155689444177,108.53707024667524,0,0,925,21.78542,3361.179399266839,2766.2203726602984,0.5451984057407709,22,train,97,"{""type"":""MultiPoint"",""coordinates"":[]}"
00000000000000000432_0,0,KBang,915,0,0,0,14.507431108626118,108.59527935182693,0,0,915,21.584726,3178.381496110931,2588.583209516534,0.03190333607791407,22,train,97,"{""type"":""MultiPoint"",""coordinates"":[]}"
000000000000000005f5_0,0,KBang,907,0,0,0,14.476707902367872,108.53625869028353,0,0,897,7.618042,3223.115180581808,2551.5795426868085,0.03410918014570197,22,train,97,"{""type"":""MultiPoint"",""coordinates"":[]}"
0000000000000000062c_0,0,KBang,1234,0,0,0,14.40637004235082,108.37402321665601,0,0,1234,22.256023,3230.138293027878,2568.9875608114658,0.6152758073927914,22,train,97,"{""type"":""MultiPoint"",""coordinates"":[]}"
000000000000000000ba_0,0,KBang,1021,0,0,0,14.214222918856787,108.36782506619171,0,0,1013,12.549856,3508.178902901709,2811.2432915158697,0.6285146795005503,23,train,97,"{""type"":""MultiPoint"",""coordinates"":[]}"
0000000000000000010d_0,0,KBang,1115,0,0,0,14.488297106005783,108.41040502215108,0,0,1115,23.39761,3082.7387473136187,2420.537351960532,0.4078303268111221,23,train,97,"{""type"":""MultiPoint"",""coordinates"":[]}"
000000000000000001fc_0,0,KBang,1090,0,0,0,14.315819077258496,108.33117571463345,0,0,1090,22.668795,3590.3718142211437,2839.256492314795,0.6138222994695878,23,train,97,"{""type"":""MultiPoint"",""coordinates"":[]}"
0000000000000000020d_0,0,KBang,1217,0,0,0,14.396939043622783,108.35165636577192,0,0,1225,20.418165,3472.4521907940507,2724.9660693980677,0.20429445856625839,23,train,97,"{""type"":""MultiPoint"",""coordinates"":[]}"
00000000000000000237_0,0,KBang,1420,0,0,0,14.224461014875498,108.35057726331699,0,0,1427,15.006953,3508.178902901709,2811.2432915158697,0.016588299744018542,23,train,97,"{""type"":""MultiPoint"",""coordinates"":[]}"
00000000000000000279_0,0,KBang,1074,0,0,0,14.355438190118365,108.34330001039775,0,0,1061,22.63709,3714.876072347164,2911.4369120395304,0.14211284696453763,23,train,97,"{""type"":""MultiPoint"",""coordinates"":[]}"
0000000000000000027b_0,0,KBang,969,0,0,0,14.347353839908466,108.43412298065434,0,0,948,20.371033,3878.7206017300487,3091.2550926978347,0.5857188089771889,23,train,97,"{""type"":""MultiPoint"",""coordinates"":[]}"
000000000000000002d6_0,0,KBang,999,0,0,0,14.538421860947567,108.53707024667524,0,0,985,26.080381,3063.1103956103325,2477.7017693946955,0.7252885051759396,23,train,97,"{""type"":""MultiPoint"",""coordinates"":[]}"
0000000000000000030a_0,0,KBang,1025,0,0,0,14.579655168388781,108.55943709755935,0,0,1025,22.92718,3182.7490888275206,2585.4666109299883,0.10785823498371139,23,train,97,"{""type"":""MultiPoint"",""coordinates"":[]}"
000000000000000003b9_0,0,KBang,783,0,0,0,14.493148607951928,108.59851220009068,0,0,794,16.941603,3197.922673208639,2550.7448842357335,0.11386792162017867,23,train,97,"{""type"":""MultiPoint"",""coordinates"":[]}"
0000000000000000040d_0,0,KBang,1688,0,0,0,14.318784379459037,108.3896568249494,0,0,1698,10.452748,3387.77566537261,2679.882828244465,0.7007437651978926,23,train,97,"{""type"":""MultiPoint"",""coordinates"":[]}"
00000000000000000555_0,0,KBang,842,0,0,0,14.47374705926839,108.60686855546486,0,0,833,12.462459,3348.708837583661,2705.416131240571,0.4010144866023021,23,train,97,"{""type"":""MultiPoint"",""coordinates"":[]}"
00000000000000000582_0,0,KBang,1123,0,0,0,14.36217589181012,108.40555352020492,0,0,1123,22.956373,3307.1987401247025,2646.067406310553,0.5152816346553318,23,train,97,"{""type"":""MultiPoint"",""coordinates"":[]}"
0000000000000000059d_0,0,KBang,1121,0,0,0,14.465658249957436,108.36297356424556,0,0,1094,28.756712,3139.124945908785,2478.474790363861,0.07445421241140615,23,train,97,"{""type"":""MultiPoint"",""coordinates"":[]}"
000000000000000005b7_0,0,KBang,1023,0,0,0,14.40987489577883,108.31958651099553,0,0,1017,22.898735,3774.6228857189417,2999.9198697531438,0.5733017921074444,23,train,97,"{""type"":""MultiPoint"",""coordinates"":[]}"
00000000000000000205_0,0,KBang,1427,0,0,0,14.246020768468906,108.32928951488783,0,0,1427,23.84162,3513.8358694799244,2786.476151139564,0.5517147479898474,24,train,97,"{""type"":""MultiPoint"",""coordinates"":[]}"
00000000000000000295_0,0,KBang,1296,0,0,0,14.351933336690355,108.31123015562139,0,0,1296,24.491217,3714.876072347164,2911.4369120395304,0.5439145687021693,24,train,97,"{""type"":""MultiPoint"",""coordinates"":[]}"
0000000000000000032d_0,0,KBang,1104,0,0,0,14.457306353684338,108.41741472900708,0,0,1090,20.35333,3082.7387473136187,2420.537351960532,0.5597155514611739,24,train,97,"{""type"":""MultiPoint"",""coordinates"":[]}"
0000000000000000034b_0,0,KBang,1027,0,0,0,14.17784111336172,108.40690462782412,0,0,1037,30.699825,3298.5777985565364,2757.9068181550247,0.7805099042469902,24,train,97,"{""type"":""MultiPoint"",""coordinates"":[]}"
00000000000000000549_0,0,KBang,1247,0,0,0,14.534381915393148,108.37590941640163,0,0,1247,24.17706,3205.2258018553257,2562.2362008570512,0.16635932080476556,24,train,97,"{""type"":""MultiPoint"",""coordinates"":[]}"
00000000000000000602_0,0,KBang,1098,0,0,0,14.343848986480456,108.36270601818235,0,0,1089,22.721764,3387.77566537261,2679.882828244465,0.5833573159987365,24,train,97,"{""type"":""MultiPoint"",""coordinates"":[]}"
00000000000000000225_0,0,KBang,1198,0,0,0,14.465658249957436,108.36513176915544,0,0,1187,33.214157,3139.124945908785,2478.474790363861,0.767728627733817,25,train,97,"{""type"":""MultiPoint"",""coordinates"":[]}"
000000000000000002de_0,0,KBang,1001,0,0,0,14.18269261530787,108.3896568249494,0,0,1005,25.81658,3400.7785373441875,2807.31930743629,0.06950782583762605,25,train,97,"{""type"":""MultiPoint"",""coordinates"":[]}"
00000000000000000326_0,0,KBang,850,0,0,0,14.390740893158494,108.59069985504505,0,0,855,9.301592,3001.057534530759,2400.0190920016626,0.23370277065508527,25,train,97,"{""type"":""MultiPoint"",""coordinates"":[]}"
0000000000000000041f_0,0,KBang,1028,0,0,0,14.461618304403016,108.47185143466754,0,0,1018,18.487322,3062.020653218031,2418.2485376937757,0.40516606160182034,25,train,97,"{""type"":""MultiPoint"",""coordinates"":[]}"
00000000000000000616_0,0,KBang,1133,0,0,0,14.46889555732224,108.36189892089169,0,0,1129,18.293344,3139.124945908785,2478.474790363861,0.28216862082466654,25,train,97,"{""type"":""MultiPoint"",""coordinates"":[]}"
0000000000000000003f_0,0,KBang,1477,0,0,0,14.266233873544179,108.36135936966421,0,0,1464,24.900946,3431.17944631353,2736.309887341469,0.40803287416277045,26,train,97,"{""type"":""MultiPoint"",""coordinates"":[]}"
0000000000000000007f_0,0,KBang,1004,0,0,0,14.463232498984363,108.5025746409258,0,0,1004,25.78541,3223.115180581808,2551.5795426868085,0.5246505802523713,26,train,97,"{""type"":""MultiPoint"",""coordinates"":[]}"
0000000000000000008d_0,0,KBang,1308,0,0,0,14.379691240748052,108.35192391183512,0,0,1297,18.630453,3472.4521907940507,2724.9660693980677,0.3521659054084759,26,train,97,"{""type"":""MultiPoint"",""coordinates"":[]}"
0000000000000000028d_0,0,KBang,828,0,0,0,14.345195634998598,108.49772313897964,0,0,831,18.72265,3410.552547223866,2766.438409104254,0.333241214650807,26,train,97,"{""type"":""MultiPoint"",""coordinates"":[]}"
000000000000000002dd_0,0,KBang,1528,0,0,0,14.257609972106813,108.37079036839226,0,0,1517,21.56779,3431.17944631353,2736.309887341469,0.3781611209553768,26,train,97,"{""type"":""MultiPoint"",""coordinates"":[]}"
00000000000000000454_0,0,KBang,1065,0,0,0,14.37888414345738,108.39504341902196,0,0,1065,25.61006,3472.4521907940507,2724.9660693980677,0.5096668978235919,26,train,97,"{""type"":""MultiPoint"",""coordinates"":[]}"
0000000000000000050f_0,0,KBang,943,0,0,0,14.33980458182498,108.43250432697195,0,0,948,28.175575,3878.7206017300487,3091.2550926978347,0.6672428021021781,26,train,97,"{""type"":""MultiPoint"",""coordinates"":[]}"
0000000000000000054f_0,0,KBang,1141,0,0,0,14.377265489774983,108.37267656813786,0,0,1136,26.039482,3472.4521907940507,2724.9660693980677,0.31466024293638406,26,train,97,"{""type"":""MultiPoint"",""coordinates"":[]}"
0000000000000000006c_0,0,KBang,825,0,0,0,14.352740433981028,108.46268798200272,0,0,807,34.68061,3174.5908024162054,2515.3602785260928,0.061844998673793894,27,train,97,"{""type"":""MultiPoint"",""coordinates"":[]}"
000000000000000000f8_0,0,KBang,1196,0,0,1,14.40340474015028,108.39181057075821,1,2002,1191,16.938791,3230.138293027878,2568.9875608114658,0.5687000990120744,27,train,97,"{""type"":""MultiPoint"",""coordinates"":[]}"
000000000000000001c8_0,0,KBang,1261,0,0,0,14.23820842342327,108.3818400208027,0,0,1250,23.394447,3508.178902901709,2811.2432915158697,0.7946209643281,27,train,97,"{""type"":""MultiPoint"",""coordinates"":[]}"
00000000000000000209_0,0,KBang,1463,0,0,0,14.321482135596376,108.36324556940984,0,0,1495,23.597055,3387.77566537261,2679.882828244465,0.14590691732766214,27,train,97,"{""type"":""MultiPoint"",""coordinates"":[]}"
0000000000000000054a_0,0,KBang,1426,0,0,0,14.250332719187591,108.37672097279335,0,0,1440,36.97548,3431.17944631353,2736.309887341469,0.7754285717687964,27,train,97,"{""type"":""MultiPoint"",""coordinates"":[]}"
00000000000000000597_0,0,KBang,849,0,0,0,14.33576463627056,108.42846438141753,0,0,849,26.669725,3878.7206017300487,3091.2550926978347,0.06223923732862546,27,train,97,"{""type"":""MultiPoint"",""coordinates"":[]}"
000000000000000005bf_0,0,KBang,1048,0,0,0,14.175143357224385,108.40932591969614,0,0,1062,22.623266,3298.5777985565364,2757.9068181550247,0.6668404052327941,27,train,97,"{""type"":""MultiPoint"",""coordinates"":[]}"
0000000000000000007a_0,0,KBang,1091,0,0,0,14.186193009634824,108.41013747608785,0,0,1086,28.472246,3298.5777985565364,2757.9068181550247,0.006568472044784279,28,train,97,"{""type"":""MultiPoint"",""coordinates"":[]}"
00000000000000000135_0,0,KBang,1040,0,0,0,14.379423694684847,108.40097402342305,0,0,1027,30.82833,3307.1987401247025,2646.067406310553,0.7532475615172671,28,train,97,"{""type"":""MultiPoint"",""coordinates"":[]}"
0000000000000000014d_0,0,KBang,1099,0,0,0,14.434399951572779,108.3462653125983,0,0,1103,28.215557,3774.6228857189417,2999.9198697531438,0.34033338974989424,28,train,97,"{""type"":""MultiPoint"",""coordinates"":[]}"
000000000000000004e5_0,0,KBang,1017,0,0,0,14.344928088935392,108.54892699637637,0,0,1017,27.613863,3361.179399266839,2766.2203726602984,0.24987984715628775,28,train,97,"{""type"":""MultiPoint"",""coordinates"":[]}"
000000000000000005d2_0,0,KBang,1431,0,0,0,14.335225085043088,108.37159746568294,0,0,1423,24.562841,3387.77566537261,2679.882828244465,0.4005791771741204,28,train,97,"{""type"":""MultiPoint"",""coordinates"":[]}"
00000000000000000030_0,0,KBang,963,0,0,0,14.297764177093095,108.51631759037252,0,0,971,19.302996,3283.608837634325,2704.4453318488963,0.011245575902765426,29,train,97,"{""type"":""MultiPoint"",""coordinates"":[]}"
000000000000000001a7_0,0,KBang,905,0,0,0,14.39801814607772,108.32335891048676,0,0,905,28.927813,3714.876072347164,2911.4369120395304,0.46306235351302016,29,train,97,"{""type"":""MultiPoint"",""coordinates"":[]}"
0000000000000000031a_0,0,KBang,1529,0,0,0,14.33225978284255,108.39477587295875,0,0,1522,25.935255,3387.77566537261,2679.882828244465,0.19191316433380912,29,train,97,"{""type"":""MultiPoint"",""coordinates"":[]}"
00000000000000000430_0,0,KBang,1358,0,0,0,14.355166184954104,108.37698851885655,0,0,1358,28.927774,3472.4521907940507,2724.9660693980677,0.4502903918885359,29,train,97,"{""type"":""MultiPoint"",""coordinates"":[]}"
00000000000000000516_0,0,KBang,873,0,0,0,14.33980458182498,108.57318004700606,0,0,855,29.906939,3139.498244166374,2607.9216171444064,0.008907173982961258,29,train,97,"{""type"":""MultiPoint"",""coordinates"":[]}"
00000000000000000526_0,0,KBang,1083,0,0,0,14.053062088583145,108.4767029366137,0,0,1083,28.789862,3222.151947184233,2767.6180477493767,0.6022208831501183,29,train,97,"{""type"":""MultiPoint"",""coordinates"":[]}"
00000000000000000048_0,0,KBang,1147,0,0,0,14.167059007014489,108.41067702731533,0,0,1134,34.13424,3298.5777985565364,2757.9068181550247,0.22095136507899904,30,train,97,"{""type"":""MultiPoint"",""coordinates"":[]}"
0000000000000000050c_0,0,KBang,1221,0,0,0,14.230119614112317,108.36297356424558,0,0,1238,37.29005,3508.178902901709,2811.2432915158697,0.26879448725233657,30,train,97,"{""type"":""MultiPoint"",""coordinates"":[]}"
0000000000000000052c_0,0,KBang,1014,0,0,0,14.402597642859606,108.44166777963679,0,0,1024,19.192295,3056.5912619680166,2430.7695342178336,0.31561983914903613,30,train,97,"{""type"":""MultiPoint"",""coordinates"":[]}"
00000000000000000538_0,0,KBang,1326,0,0,0,14.309085834667796,108.40259267710545,0,0,1326,30.419518,3878.7206017300487,3091.2550926978347,0.13491167450244612,30,train,97,"{""type"":""MultiPoint"",""coordinates"":[]}"
00000000000000000044_0,0,KBang,1213,0,0,0,14.299110825611235,108.41390987557908,0,0,1213,31.30174,3954.77065885067,3193.707802749039,0.5900712439099568,31,train,97,"{""type"":""MultiPoint"",""coordinates"":[]}"
000000000000000001a1_0,0,KBang,1215,0,0,0,14.392894638967308,108.38938481978514,0,0,1207,23.89499,3472.4521907940507,2724.9660693980677,0.4170517892375225,31,train,97,"{""type"":""MultiPoint"",""coordinates"":[]}"
000000000000000002cb_0,0,KBang,777,0,0,0,14.387775590957952,108.4570293827659,0,0,777,31.427723,3174.5908024162054,2515.3602785260928,0.2847013597492767,31,train,97,"{""type"":""MultiPoint"",""coordinates"":[]}"
00000000000000000330_0,0,KBang,1203,0,0,0,14.299382830775494,108.33521566018787,0,0,1186,29.370869,3418.0222388617694,2701.695657495224,0.3544627627012271,31,train,97,"{""type"":""MultiPoint"",""coordinates"":[]}"
0000000000000000057e_0,0,KBang,773,0,0,0,14.364601642783192,108.44759838403786,0,0,773,30.827158,3307.1987401247025,2646.067406310553,0.006769107272285302,31,train,97,"{""type"":""MultiPoint"",""coordinates"":[]}"
0000000000000000060e_0,0,KBang,1200,0,0,0,14.264615219861778,108.41363787041483,0,0,1200,31.459757,3954.77065885067,3193.707802749039,0.34975885556845265,31,train,97,"{""type"":""MultiPoint"",""coordinates"":[]}"
00000000000000000035_0,0,KBang,1066,0,0,0,14.482098955541492,108.49017833999721,0,0,1068,28.296524,3062.020653218031,2418.2485376937757,0.07736200411779515,32,train,97,"{""type"":""MultiPoint"",""coordinates"":[]}"
000000000000000000e2_0,0,KBang,962,0,0,0,14.19077696551777,108.38453331783897,0,0,962,31.76844,3400.7785373441875,2807.31930743629,0.6410867564236664,32,train,97,"{""type"":""MultiPoint"",""coordinates"":[]}"
0000000000000000013f_0,0,KBang,888,0,0,0,14.189697863062834,108.40743971995052,0,0,868,30.964584,3298.5777985565364,2757.9068181550247,0.7173205455691811,32,train,97,"{""type"":""MultiPoint"",""coordinates"":[]}"
000000000000000001f8_0,0,KBang,1054,0,0,0,14.316358628485963,108.4230733282439,0,0,1054,31.878109,3878.7206017300487,3091.2550926978347,0.16089187111051106,32,train,97,"{""type"":""MultiPoint"",""coordinates"":[]}"
000000000000000002f3_0,0,KBang,1498,0,0,0,14.336571733561232,108.39154302469498,0,0,1484,26.207022,3387.77566537261,2679.882828244465,0.658966400584059,32,train,97,"{""type"":""MultiPoint"",""coordinates"":[]}"
00000000000000000409_0,0,KBang,1072,0,0,0,14.419305894506866,108.35273546822685,0,0,1084,30.270302,3230.138293027878,2568.9875608114658,0.5718700249032788,32,train,97,"{""type"":""MultiPoint"",""coordinates"":[]}"
000000000000000004f6_0,0,KBang,710,0,0,0,14.10480549720733,108.5187433413456,0,0,707,26.083128,3335.206618718803,2843.7770705979806,0.4733173461189235,32,train,97,"{""type"":""MultiPoint"",""coordinates"":[]}"
00000000000000000315_0,0,KBang,1037,0,0,0,14.219074420802936,108.3799538210571,0,0,1023,40.014908,3508.178902901709,2811.2432915158697,0.754647336223776,33,train,97,"{""type"":""MultiPoint"",""coordinates"":[]}"
00000000000000000316_0,0,KBang,878,0,0,0,14.226347214621104,108.4767029366137,0,0,878,32.699604,3116.021737858653,2587.275775269555,0.1216854863487069,33,train,97,"{""type"":""MultiPoint"",""coordinates"":[]}"
00000000000000000034_0,0,KBang,1122,0,0,0,14.302615679039244,108.34491866408017,0,0,1104,34.12796,3590.3718142211437,2839.256492314795,0.669043602693738,34,train,97,"{""type"":""MultiPoint"",""coordinates"":[]}"
0000000000000000020b_0,0,KBang,1336,0,0,0,14.274050677690868,108.33764141116094,0,0,1318,32.725334,3418.0222388617694,2701.695657495224,0.001423605167491293,34,train,97,"{""type"":""MultiPoint"",""coordinates"":[]}"
0000000000000000049c_0,0,KBang,1191,0,0,0,14.36864158833762,108.34465111801696,0,0,1168,37.947906,3714.876072347164,2911.4369120395304,0.4456172139846357,34,train,97,"{""type"":""MultiPoint"",""coordinates"":[]}"
00000000000000000637_0,0,KBang,1377,0,0,0,14.321749681659579,108.37348366542855,0,0,1369,35.134335,3387.77566537261,2679.882828244465,0.139477042538934,34,train,97,"{""type"":""MultiPoint"",""coordinates"":[]}"
000000000000000002da_0,0,KBang,1216,0,0,0,14.304234332721645,108.40420687168678,0,0,1244,45.61819,3878.7206017300487,3091.2550926978347,0.4953227263770429,35,train,97,"{""type"":""MultiPoint"",""coordinates"":[]}"
00000000000000000020_0,0,KBang,1206,0,0,0,14.421192094252477,108.3101555122675,0,0,1210,35.770058,3774.6228857189417,2999.9198697531438,0.022004584362736668,36,train,97,"{""type"":""MultiPoint"",""coordinates"":[]}"
00000000000000000123_0,0,KBang,1249,0,0,0,14.382924089011802,108.30018496231199,0,0,1273,36.70912,3714.876072347164,2911.4369120395304,0.4667068299980942,36,train,97,"{""type"":""MultiPoint"",""coordinates"":[]}"
00000000000000000354_0,0,KBang,839,0,0,0,14.421731645479941,108.34033916729828,0,0,849,34.632675,3774.6228857189417,2999.9198697531438,0.790024714874966,37,train,97,"{""type"":""MultiPoint"",""coordinates"":[]}"
0000000000000000048a_0,0,KBang,1216,0,0,0,14.426315601362885,108.31204171201311,0,0,1216,37.324646,3774.6228857189417,2999.9198697531438,0.4663207082453025,37,train,97,"{""type"":""MultiPoint"",""coordinates"":[]}"
000000000000000005ae_0,0,KBang,1037,0,0,0,14.346542283516738,108.42388042553459,0,0,1037,36.88853,3878.7206017300487,3091.2550926978347,0.5932575263745432,37,train,97,"{""type"":""MultiPoint"",""coordinates"":[]}"
0000000000000000061c_0,0,KBang,1015,0,0,0,14.127444353255672,108.4667323866582,0,0,1015,37.479023,3364.3139811381698,2879.1407314955827,0.06786491754694057,37,train,97,"{""type"":""MultiPoint"",""coordinates"":[]}"
00000000000000000371_0,0,KBang,1352,0,0,0,14.31231868293154,108.35516121919993,0,0,1353,35.838528,3387.77566537261,2679.882828244465,0.3897666126542425,38,train,97,"{""type"":""MultiPoint"",""coordinates"":[]}"
000000000000000004e3_0,0,KBang,1274,0,0,0,14.479673204568417,108.37079036839226,0,0,1245,39.2426,3139.124945908785,2478.474790363861,0.3545658181241691,38,train,97,"{""type"":""MultiPoint"",""coordinates"":[]}"
0000000000000000018c_0,0,KBang,1106,0,0,0,14.336032182333765,108.41283077312416,0,0,1106,39.356346,3878.7206017300487,3091.2550926978347,0.2127511339027568,39,train,97,"{""type"":""MultiPoint"",""coordinates"":[]}"
0000000000000000043e_0,0,KBang,1128,0,0,0,14.386156937275553,108.38049337228456,0,0,1129,35.802147,3472.4521907940507,2724.9660693980677,0.38925922599970253,39,train,97,"{""type"":""MultiPoint"",""coordinates"":[]}"
000000000000000005b9_0,0,KBang,956,0,0,0,14.387775590957952,108.34383956162523,0,0,952,22.825352,3714.876072347164,2911.4369120395304,0.09069977928442985,39,train,97,"{""type"":""MultiPoint"",""coordinates"":[]}"
000000000000000003f6_0,0,KBang,1168,0,0,1,14.434399951572779,108.31716076002247,1,2003,1181,15.883015,3774.6228857189417,2999.9198697531438,0.6508136476886263,40,train,97,"{""type"":""MultiPoint"",""coordinates"":[]}"
000000000000000000d2_0,0,KBang,1331,0,0,0,14.34330943525299,108.36998327110157,0,0,1298,32.58103,3387.77566537261,2679.882828244465,0.2026400592041857,41,train,97,"{""type"":""MultiPoint"",""coordinates"":[]}"
000000000000000000e5_0,0,KBang,1431,0,0,0,14.254377123843065,108.38992437101258,0,0,1458,34.82818,3431.17944631353,2736.309887341469,0.09440718296240869,41,train,97,"{""type"":""MultiPoint"",""coordinates"":[]}"
000000000000000005c9_0,0,KBang,1077,0,0,0,14.21368336762932,108.37213701691039,0,0,1069,41.446007,3508.178902901709,2811.2432915158697,0.03916407089696494,46,train,97,"{""type"":""MultiPoint"",""coordinates"":[]}"
000000000000000001a8_0,0,KBang,1293,0,0,0,14.374572192738697,108.3497701660263,0,0,1273,31.269552,3714.876072347164,2911.4369120395304,0.39192516511971054,48,train,97,"{""type"":""MultiPoint"",""coordinates"":[]}"
000000000000000001c4_0,0,KBang,1129,0,0,0,14.441137653264539,108.39935536974063,0,0,1129,1.8543341,3230.138293027878,2568.9875608114658,0.07440528829618731,1,train,98,"{""type"":""MultiPoint"",""coordinates"":[]}"
000000000000000001cf_0,0,KBang,973,0,0,0,14.472395951649194,108.58638790432637,0,0,973,1.333096,3197.922673208639,2550.7448842357335,0.12005706597601018,1,train,98,"{""type"":""MultiPoint"",""coordinates"":[]}"
000000000000000003fa_0,0,KBang,829,0,0,0,14.317437730940897,108.62896786028573,0,0,829,0.92740995,2904.3306356593966,2447.77248901683,0.3773396193418558,1,train,98,"{""type"":""MultiPoint"",""coordinates"":[]}"
000000000000000005c0_0,0,KBang,697,0,0,0,14.184846361116682,108.6613052611253,0,0,698,4.244761,2859.5566610470414,2490.159314288234,0.05866874313122661,1,train,98,"{""type"":""MultiPoint"",""coordinates"":[]}"
000000000000000001b7_0,0,KBang,1218,0,0,0,14.525486008791525,108.38857772249445,0,0,1218,1.3332608,3205.2258018553257,2562.2362008570512,0.08544712865512294,2,train,98,"{""type"":""MultiPoint"",""coordinates"":[]}"
0000000000000000043a_0,0,KBang,1083,0,0,0,14.452722397801393,108.36432467186475,0,0,1085,12.205863,3139.124945908785,2478.474790363861,0.14001140364166442,2,train,98,"{""type"":""MultiPoint"",""coordinates"":[]}"
00000000000000000443_0,0,KBang,977,0,0,0,14.409067798488154,108.51551049308183,0,0,978,0.92740995,3022.832878291607,2439.8191594331984,0.28795755205698403,2,train,98,"{""type"":""MultiPoint"",""coordinates"":[]}"
00000000000000000470_0,0,KBang,889,0,0,0,14.317170184877689,108.43169722968126,0,0,889,2.1263049,3878.7206017300487,3091.2550926978347,0.6099555033233097,2,train,98,"{""type"":""MultiPoint"",""coordinates"":[]}"
0000000000000000011b_0,0,KBang,951,0,0,0,14.45649925639366,108.58638790432636,0,0,949,5.4391255,3197.922673208639,2550.7448842357335,0.6687104575187396,3,train,98,"{""type"":""MultiPoint"",""coordinates"":[]}"
0000000000000000013e_0,0,KBang,880,0,0,0,14.364869188846402,108.62276970982144,0,0,878,3.8240116,2952.925736054778,2405.8077794335663,0.16208962276553707,3,train,98,"{""type"":""MultiPoint"",""coordinates"":[]}"
000000000000000001ba_0,0,KBang,817,0,0,0,14.319595935850762,108.62734920660331,0,0,817,3.373569,2904.3306356593966,2447.77248901683,0.40592354647011086,3,train,98,"{""type"":""MultiPoint"",""coordinates"":[]}"
00000000000000000208_0,0,KBang,1089,0,0,0,14.418226792051934,108.41714272384283,0,0,1087,1.3329287,3056.5912619680166,2430.7695342178336,0.7622447451121616,3,train,98,"{""type"":""MultiPoint"",""coordinates"":[]}"
000000000000000002e7_0,0,KBang,915,0,0,0,14.33980458182498,108.47050478614942,0,0,912,5.0043874,3410.552547223866,2766.438409104254,0.692031261197789,3,train,98,"{""type"":""MultiPoint"",""coordinates"":[]}"
0000000000000000032b_0,0,KBang,1254,0,0,0,14.56510512165139,108.37672097279335,0,0,1255,6.238888,3121.39150339365,2463.6619402850083,0.7434632465151608,3,train,98,"{""type"":""MultiPoint"",""coordinates"":[]}"
00000000000000000368_0,0,KBang,1040,0,0,0,14.470781757067847,108.48640148140494,0,0,1040,3.4162905,3062.020653218031,2418.2485376937757,0.6034317280921062,3,train,98,"{""type"":""MultiPoint"",""coordinates"":[]}"
00000000000000000477_0,0,KBang,919,0,0,0,14.45056865199258,108.57506624675166,0,0,920,3.99333,3197.922673208639,2550.7448842357335,0.677057916838805,3,train,98,"{""type"":""MultiPoint"",""coordinates"":[]}"
0000000000000000047e_0,0,KBang,947,0,0,0,14.44544960398322,108.57668490043406,0,0,947,2.7802885,3010.9200901687145,2435.0759028388934,0.3417837977376996,3,train,98,"{""type"":""MultiPoint"",""coordinates"":[]}"
00000000000000000507_0,0,KBang,1132,0,0,0,14.440326096872809,108.38561242029391,0,0,1134,6.358465,3230.138293027878,2568.9875608114658,0.055681110611632945,3,train,98,"{""type"":""MultiPoint"",""coordinates"":[]}"
00000000000000000561_0,0,KBang,766,0,0,0,14.229852068049114,108.6459436579962,0,0,767,1.3323519,2921.3837886452675,2499.82747799868,0.19622401242081966,3,train,98,"{""type"":""MultiPoint"",""coordinates"":[]}"
0000000000000000001a_0,0,KBang,1028,0,0,0,14.411221544296971,108.46753948394887,0,0,1025,5.004619,3026.558855623007,2396.239654855617,0.14690179155483263,4,train,98,"{""type"":""MultiPoint"",""coordinates"":[]}"
000000000000000000f3_0,0,KBang,641,0,0,0,14.219881518093606,108.55781844387694,0,0,641,3.7047918,2988.904823511839,2527.354326276477,0.5286942369502299,4,train,98,"{""type"":""MultiPoint"",""coordinates"":[]}"
00000000000000000121_0,0,KBang,690,0,0,0,14.17945530794307,108.65861196408902,0,0,690,2.8675165,2859.5566610470414,2490.159314288234,0.14120451260870004,4,train,98,"{""type"":""MultiPoint"",""coordinates"":[]}"
00000000000000000171_0,0,KBang,998,0,0,0,14.418498797216191,108.48262908191373,0,0,998,3.8258743,3026.558855623007,2396.239654855617,0.5634190232799535,4,train,98,"{""type"":""MultiPoint"",""coordinates"":[]}"
00000000000000000199_0,0,KBang,1144,0,0,0,14.35112623939968,108.40312776923184,0,0,1147,11.93666,3307.1987401247025,2646.067406310553,0.44112733821076555,4,train,98,"{""type"":""MultiPoint"",""coordinates"":[]}"
000000000000000001b9_0,0,KBang,933,0,0,0,14.375111743966162,108.52170864354613,0,0,932,0.9573798,3057.4028005301952,2452.323266195249,0.3402023159432249,4,train,98,"{""type"":""MultiPoint"",""coordinates"":[]}"
000000000000000002b8_0,0,KBang,963,0,0,0,14.413107744042579,108.52440194058241,0,0,967,6.7360773,3022.832878291607,2439.8191594331984,0.2953869923711563,4,train,98,"{""type"":""MultiPoint"",""coordinates"":[]}"
00000000000000000385_0,0,KBang,886,0,0,0,14.331720231615085,108.47023278098516,0,0,888,6.634702,3410.552547223866,2766.438409104254,0.1642052111137342,4,train,98,"{""type"":""MultiPoint"",""coordinates"":[]}"
000000000000000005a1_0,0,KBang,887,0,0,0,14.448142901019507,108.56536324285938,0,0,890,9.385047,3010.9200901687145,2435.0759028388934,0.37607288241159387,4,train,98,"{""type"":""MultiPoint"",""coordinates"":[]}"
00000000000000000054_0,0,KBang,899,0,0,0,14.437365253773324,108.5877345528445,0,0,897,6.8077474,3010.9200901687145,2435.0759028388934,0.21692143011098197,5,train,98,"{""type"":""MultiPoint"",""coordinates"":[]}"
0000000000000000005f_0,0,KBang,707,0,0,0,14.198049759335937,108.65402800820608,0,0,708,7.439264,2859.5566610470414,2490.159314288234,0.043513274395191814,5,train,98,"{""type"":""MultiPoint"",""coordinates"":[]}"
00000000000000000120_0,0,KBang,931,0,0,0,14.184578815053477,108.39073146830326,0,0,930,7.0624976,3400.7785373441875,2807.31930743629,0.18383196891059062,5,train,98,"{""type"":""MultiPoint"",""coordinates"":[]}"
00000000000000000145_0,0,KBang,678,0,0,0,14.2441345687233,108.42495952798953,0,0,679,7.2149196,3484.5955844521523,2837.824403122823,0.7201514247870565,5,train,98,"{""type"":""MultiPoint"",""coordinates"":[]}"
000000000000000001c0_0,0,KBang,999,0,0,0,14.410142441842039,108.48478728682359,0,0,999,4.724558,3026.558855623007,2396.239654855617,0.24131604699123765,5,train,98,"{""type"":""MultiPoint"",""coordinates"":[]}"
00000000000000000220_0,0,KBang,1252,0,0,0,14.573996569151959,108.38264711809337,0,0,1248,6.534306,3121.39150339365,2463.6619402850083,0.6639679860038774,5,train,98,"{""type"":""MultiPoint"",""coordinates"":[]}"
0000000000000000028a_0,0,KBang,897,0,0,0,14.435474594926662,108.59069985504505,0,0,896,3.9353878,3010.9200901687145,2435.0759028388934,0.5500409119102709,5,train,98,"{""type"":""MultiPoint"",""coordinates"":[]}"
000000000000000003b1_0,0,KBang,917,0,0,0,14.424696947680484,108.6057894530099,0,0,916,3.8258808,3179.367648512125,2581.221545913855,0.5991744017325816,5,train,98,"{""type"":""MultiPoint"",""coordinates"":[]}"
000000000000000003fe_0,0,KBang,896,0,0,0,14.405830491123353,108.56967519357806,0,0,894,6.015422,3010.9200901687145,2435.0759028388934,0.016892615865569116,5,train,98,"{""type"":""MultiPoint"",""coordinates"":[]}"
00000000000000000486_0,0,KBang,1002,0,0,0,14.40259764285961,108.4990697874978,0,0,1002,2.6643202,3026.558855623007,2396.239654855617,0.7693299317738118,5,train,98,"{""type"":""MultiPoint"",""coordinates"":[]}"
000000000000000004aa_0,0,KBang,1072,0,0,0,14.447875354956293,108.47185143466754,0,0,1069,8.2891,3026.558855623007,2396.239654855617,0.4503156598901311,5,train,98,"{""type"":""MultiPoint"",""coordinates"":[]}"
000000000000000004eb_0,0,KBang,1041,0,0,0,14.491529954269533,108.5807248459885,0,0,1038,6.0175095,3197.922673208639,2550.7448842357335,0.37468177809134284,5,train,98,"{""type"":""MultiPoint"",""coordinates"":[]}"
00000000000000000565_0,0,KBang,1113,0,0,0,14.440058550809605,108.41902892358843,0,0,1111,4.167912,3056.5912619680166,2430.7695342178336,0.4377449402983943,5,train,98,"{""type"":""MultiPoint"",""coordinates"":[]}"
0000000000000000056c_0,0,KBang,734,0,0,0,14.202901261282085,108.66858251404453,0,0,737,4.166989,2848.710048556328,2448.020166605705,0.5560092404558372,5,train,98,"{""type"":""MultiPoint"",""coordinates"":[]}"
000000000000000005df_0,0,KBang,924,0,0,0,14.368374042274407,108.49853023627033,0,0,920,10.02942,3174.5908024162054,2515.3602785260928,0.06251168781480865,5,train,98,"{""type"":""MultiPoint"",""coordinates"":[]}"
00000000000000000061_0,0,KBang,735,0,0,0,14.203712817673814,108.41202367583347,0,0,734,5.4374366,3484.5955844521523,2837.824403122823,0.7541158003629554,6,train,98,"{""type"":""MultiPoint"",""coordinates"":[]}"
00000000000000000079_0,0,KBang,1123,0,0,0,14.467816454867307,108.42630617650767,0,0,1128,10.522316,3082.7387473136187,2420.537351960532,0.3309624814543085,6,train,98,"{""type"":""MultiPoint"",""coordinates"":[]}"
000000000000000000ec_0,0,KBang,1052,0,0,0,14.518480761036555,108.52979299375602,0,0,1052,6.036612,3063.1103956103325,2477.7017693946955,0.12396189049165818,6,train,98,"{""type"":""MultiPoint"",""coordinates"":[]}"
0000000000000000016d_0,0,KBang,987,0,0,0,14.403676745314542,108.50392128944394,0,0,985,6.8070297,3022.832878291607,2439.8191594331984,0.49273863954303754,6,train,98,"{""type"":""MultiPoint"",""coordinates"":[]}"
00000000000000000182_0,0,KBang,731,0,0,0,14.246560319696375,108.61764620271101,0,0,728,16.24805,2921.3837886452675,2499.82747799868,0.6204408052284621,6,train,98,"{""type"":""MultiPoint"",""coordinates"":[]}"
000000000000000001bb_0,0,KBang,793,0,0,0,14.277551072017824,108.65025560871489,0,0,791,6.6338844,2896.2261333167553,2502.428732936438,0.5775854038018415,6,train,98,"{""type"":""MultiPoint"",""coordinates"":[]}"
000000000000000001da_0,0,KBang,1091,0,0,0,14.493955705242605,108.46996523492194,0,0,1093,1.9152472,3062.020653218031,2418.2485376937757,0.7838300585629386,6,train,98,"{""type"":""MultiPoint"",""coordinates"":[]}"
0000000000000000025c_0,0,KBang,912,0,0,0,14.446256701273896,108.58315059696157,0,0,912,5.8648314,3010.9200901687145,2435.0759028388934,0.5818303889269991,6,train,98,"{""type"":""MultiPoint"",""coordinates"":[]}"
000000000000000002b1_0,0,KBang,1103,0,0,0,14.468356006094774,108.4033997743961,0,0,1106,9.900935,3082.7387473136187,2420.537351960532,0.08198297562137857,6,train,98,"{""type"":""MultiPoint"",""coordinates"":[]}"
000000000000000002e5_0,0,KBang,864,0,0,0,14.37753749493924,108.58827410407197,0,0,863,4.7232375,3001.057534530759,2400.0190920016626,0.6432844609109218,6,train,98,"{""type"":""MultiPoint"",""coordinates"":[]}"
0000000000000000030e_0,0,KBang,940,0,0,0,14.505005357653046,108.61872530516597,0,0,940,5.8025904,3165.6503857907373,2580.8473094055266,0.6690530752272028,6,train,98,"{""type"":""MultiPoint"",""coordinates"":[]}"
00000000000000000319_0,0,KBang,949,0,0,0,14.459999650720613,108.57264049577859,0,0,952,7.9484034,3197.922673208639,2550.7448842357335,0.7679263345909945,6,train,98,"{""type"":""MultiPoint"",""coordinates"":[]}"
00000000000000000483_0,0,KBang,961,0,0,0,14.378612138293123,108.50661458648021,0,0,966,9.299502,3057.4028005301952,2452.323266195249,0.6884265643637939,6,train,98,"{""type"":""MultiPoint"",""coordinates"":[]}"
000000000000000004c3_0,0,KBang,966,0,0,0,14.468623552157979,108.58962075259012,0,0,968,1.333085,3197.922673208639,2550.7448842357335,0.20972371573997572,6,train,98,"{""type"":""MultiPoint"",""coordinates"":[]}"
00000000000000000573_0,0,KBang,840,0,0,0,14.337111284788698,108.61710665148355,0,0,839,2.9399652,2904.3306356593966,2447.77248901683,0.7703095901791654,6,train,98,"{""type"":""MultiPoint"",""coordinates"":[]}"
00000000000000000578_0,0,KBang,953,0,0,0,14.45002910076511,108.59096740110824,0,0,955,5.5214586,3197.922673208639,2550.7448842357335,0.6640026840723431,6,train,98,"{""type"":""MultiPoint"",""coordinates"":[]}"
00000000000000000001_0,0,KBang,1153,0,0,0,14.454608597546997,108.38830571733018,0,0,1150,8.647026,3139.124945908785,2478.474790363861,0.2555607954724173,7,train,98,"{""type"":""MultiPoint"",""coordinates"":[]}"
00000000000000000033_0,0,KBang,1058,0,0,0,14.412840197979367,108.43304387819943,0,0,1065,12.562844,3056.5912619680166,2430.7695342178336,0.5824073674481655,7,train,98,"{""type"":""MultiPoint"",""coordinates"":[]}"
00000000000000000052_0,0,KBang,880,0,0,0,14.397478594850249,108.59716555157254,0,0,881,4.724547,3001.057534530759,2400.0190920016626,0.43354233918611274,7,train,98,"{""type"":""MultiPoint"",""coordinates"":[]}"
0000000000000000009f_0,0,KBang,1224,0,0,0,14.527911759764592,108.3901919170758,0,0,1225,3.7047918,3205.2258018553257,2562.2362008570512,0.17224977149990628,7,train,98,"{""type"":""MultiPoint"",""coordinates"":[]}"
000000000000000000fa_0,0,KBang,968,0,0,0,14.415805500179912,108.52548104303735,0,0,971,3.415696,3022.832878291607,2439.8191594331984,0.19777315543657759,7,train,98,"{""type"":""MultiPoint"",""coordinates"":[]}"
00000000000000000181_0,0,KBang,810,0,0,0,14.326601183605728,108.6319287033852,0,0,811,5.519189,2904.3306356593966,2447.77248901683,0.43099975177680905,7,train,98,"{""type"":""MultiPoint"",""coordinates"":[]}"
000000000000000001c7_0,0,KBang,1243,0,0,0,14.53653566120196,108.3977411751593,0,0,1244,9.618739,3205.2258018553257,2562.2362008570512,0.6329392527282103,7,train,98,"{""type"":""MultiPoint"",""coordinates"":[]}"
000000000000000002aa_0,0,KBang,1036,0,0,0,14.492341510661253,108.51119854236318,0,0,1038,4.6824408,3223.115180581808,2551.5795426868085,0.6417088213766603,7,train,98,"{""type"":""MultiPoint"",""coordinates"":[]}"
00000000000000000336_0,0,KBang,1139,0,0,0,14.505005357653046,108.4616088795478,0,0,1138,7.4959555,3149.5016675293446,2511.7643873978677,0.1305871516254019,7,train,98,"{""type"":""MultiPoint"",""coordinates"":[]}"
00000000000000000384_0,0,KBang,903,0,0,0,14.451647754447507,108.62034395884837,0,0,903,6.8080506,3348.708837583661,2705.416131240571,0.7031838627847974,7,train,98,"{""type"":""MultiPoint"",""coordinates"":[]}"
000000000000000003b0_0,0,KBang,843,0,0,0,14.506624011335447,108.58503679670719,0,0,843,6.924156,3178.381496110931,2588.583209516534,0.4619579474243345,7,train,98,"{""type"":""MultiPoint"",""coordinates"":[]}"
000000000000000003b4_0,0,KBang,997,0,0,0,14.42550404497116,108.49556493406978,0,0,997,6.5342135,3026.558855623007,2396.239654855617,0.7830104302906385,7,train,98,"{""type"":""MultiPoint"",""coordinates"":[]}"
00000000000000000548_0,0,KBang,953,0,0,0,14.52359980904591,108.62680965537587,0,0,951,3.017468,3165.6503857907373,2580.8473094055266,0.5695679304986733,7,train,98,"{""type"":""MultiPoint"",""coordinates"":[]}"
0000000000000000058f_0,0,KBang,867,0,0,0,14.3910084392217,108.59959130254562,0,0,863,4.2479,3001.057534530759,2400.0190920016626,0.16083401424196542,7,train,98,"{""type"":""MultiPoint"",""coordinates"":[]}"
000000000000000005b2_0,0,KBang,705,0,0,0,14.192663165263376,108.66453810938906,0,0,705,6.5340705,2859.5566610470414,2490.159314288234,0.11134269489665749,7,train,98,"{""type"":""MultiPoint"",""coordinates"":[]}"
00000000000000000078_0,0,KBang,680,0,0,0,14.242248368977691,108.59770510280002,0,0,674,7.827698,2988.904823511839,2527.354326276477,0.6846169815007663,8,train,98,"{""type"":""MultiPoint"",""coordinates"":[]}"
000000000000000000c2_0,0,KBang,763,0,0,0,14.237396867031546,108.65268135968795,0,0,762,5.6284385,2848.710048556328,2448.020166605705,0.4741708014943111,8,train,98,"{""type"":""MultiPoint"",""coordinates"":[]}"
00000000000000000180_0,0,KBang,871,0,0,0,14.35031468300795,108.42873192748074,0,0,872,17.299978,3307.1987401247025,2646.067406310553,0.3208442877855111,8,train,98,"{""type"":""MultiPoint"",""coordinates"":[]}"
000000000000000001c2_0,0,KBang,942,0,0,0,14.464583606603561,108.57210094455114,0,0,944,8.3427305,3197.922673208639,2550.7448842357335,0.12356218481307368,8,train,98,"{""type"":""MultiPoint"",""coordinates"":[]}"
00000000000000000210_0,0,KBang,846,0,0,0,14.480752307023351,108.60821520398298,0,0,845,5.628613,3348.708837583661,2705.416131240571,0.7748594657334907,8,train,98,"{""type"":""MultiPoint"",""coordinates"":[]}"
00000000000000000229_0,0,KBang,686,0,0,0,14.194549365008983,108.65941906137971,0,0,688,8.290294,2859.5566610470414,2490.159314288234,0.35009102142656434,8,train,98,"{""type"":""MultiPoint"",""coordinates"":[]}"
0000000000000000024c_0,0,KBang,926,0,0,0,14.453801500256326,108.58934874742586,0,0,927,6.238232,3197.922673208639,2550.7448842357335,0.08202552965366505,8,train,98,"{""type"":""MultiPoint"",""coordinates"":[]}"
000000000000000003bf_0,0,KBang,961,0,0,0,14.418766343279398,108.51415938546266,0,0,961,8.450448,3022.832878291607,2439.8191594331984,0.5196725171480228,8,train,98,"{""type"":""MultiPoint"",""coordinates"":[]}"
00000000000000000456_0,0,KBang,1097,0,0,0,14.52117405807284,108.50149553847086,0,0,1092,10.269389,3063.1103956103325,2477.7017693946955,0.1733553232417584,8,train,98,"{""type"":""MultiPoint"",""coordinates"":[]}"
00000000000000000499_0,0,KBang,984,0,0,0,14.416612597470582,108.50931234261755,0,0,984,3.8258722,3022.832878291607,2439.8191594331984,0.19007224166065018,8,train,98,"{""type"":""MultiPoint"",""coordinates"":[]}"
000000000000000004b1_0,0,KBang,939,0,0,0,14.42388985038981,108.52790679401043,0,0,939,7.6711884,3022.832878291607,2439.8191594331984,0.5224149660603029,8,train,98,"{""type"":""MultiPoint"",""coordinates"":[]}"
000000000000000004ef_0,0,KBang,1063,0,0,0,14.438439897127205,108.45756893399337,0,0,1060,15.601403,3026.558855623007,2396.239654855617,0.1260535149589489,8,train,98,"{""type"":""MultiPoint"",""coordinates"":[]}"
0000000000000000060c_0,0,KBang,966,0,0,0,14.367562485882681,108.50957988868075,0,0,964,10.518567,3057.4028005301952,2452.323266195249,0.5134164471758648,8,train,98,"{""type"":""MultiPoint"",""coordinates"":[]}"
00000000000000000025_0,0,KBang,983,0,0,0,14.4104144470063,108.48101488733239,0,0,980,3.8247893,3026.558855623007,2396.239654855617,0.19300631085624953,9,train,98,"{""type"":""MultiPoint"",""coordinates"":[]}"
00000000000000000036_0,0,KBang,712,0,0,0,14.249793167960124,108.63085406003134,0,0,710,7.3400993,2921.3837886452675,2499.82747799868,0.15748619845260192,9,train,98,"{""type"":""MultiPoint"",""coordinates"":[]}"
00000000000000000075_0,0,KBang,994,0,0,0,14.429548449626633,108.48748058385989,0,0,999,8.096898,3026.558855623007,2396.239654855617,0.6514159870440962,9,train,98,"{""type"":""MultiPoint"",""coordinates"":[]}"
000000000000000000be_0,0,KBang,1011,0,0,0,14.459732104657409,108.52116909231867,0,0,1011,8.605325,3223.115180581808,2551.5795426868085,0.6970794680496956,9,train,98,"{""type"":""MultiPoint"",""coordinates"":[]}"
00000000000000000116_0,0,KBang,984,0,0,0,14.40987489577883,108.48074288216813,0,0,979,12.389679,3026.558855623007,2396.239654855617,0.5783013036901409,9,train,98,"{""type"":""MultiPoint"",""coordinates"":[]}"
00000000000000000126_0,0,KBang,991,0,0,0,14.400983448278259,108.49799068504285,0,0,995,9.534081,3026.558855623007,2396.239654855617,0.0775076386933583,9,train,98,"{""type"":""MultiPoint"",""coordinates"":[]}"
00000000000000000256_0,0,KBang,1417,0,0,0,14.167331012178748,108.39908782367742,0,0,1412,13.893533,3400.7785373441875,2807.31930743629,0.6734642907883406,9,train,98,"{""type"":""MultiPoint"",""coordinates"":[]}"
000000000000000002a9_0,0,KBang,692,0,0,0,14.244946125115028,108.62465590956702,0,0,692,11.920278,2921.3837886452675,2499.82747799868,0.5717128075451389,9,train,98,"{""type"":""MultiPoint"",""coordinates"":[]}"
00000000000000000461_0,0,KBang,1316,0,0,0,14.599600727400846,108.39073146830326,0,0,1313,7.9509645,3121.39150339365,2463.6619402850083,0.3666165939945861,9,train,98,"{""type"":""MultiPoint"",""coordinates"":[]}"
0000000000000000049a_0,0,KBang,887,0,0,0,14.432241746662914,108.6060569990731,0,0,878,11.550297,3179.367648512125,2581.221545913855,0.6389327100822004,9,train,98,"{""type"":""MultiPoint"",""coordinates"":[]}"
000000000000000004e4_0,0,KBang,931,0,0,0,14.210718065428777,108.43466253188183,0,0,928,9.246616,3484.5955844521523,2837.824403122823,0.2612894269641949,9,train,98,"{""type"":""MultiPoint"",""coordinates"":[]}"
000000000000000004f1_0,0,KBang,944,0,0,0,14.422003650644202,108.5087727913901,0,0,941,8.75912,3022.832878291607,2439.8191594331984,0.30582511491674513,9,train,98,"{""type"":""MultiPoint"",""coordinates"":[]}"
0000000000000000057c_0,0,KBang,923,0,0,0,14.548124864839865,108.56914010145164,0,0,925,22.266924,3178.381496110931,2588.583209516534,0.6140909107986211,9,train,98,"{""type"":""MultiPoint"",""coordinates"":[]}"
000000000000000005d0_0,0,KBang,805,0,0,0,14.26704097083485,108.64271080973245,0,0,813,12.197425,2920.2753743231297,2494.9070353260336,0.049090826972506885,9,train,98,"{""type"":""MultiPoint"",""coordinates"":[]}"
00000000000000000007_0,0,KBang,812,0,0,0,14.341690781570591,108.59393270330881,0,0,815,8.095131,3139.498244166374,2607.9216171444064,0.2563406988348701,10,train,98,"{""type"":""MultiPoint"",""coordinates"":[]}"
0000000000000000002b_0,0,KBang,918,0,0,0,14.459192553429942,108.56401659434123,0,0,914,8.984047,3197.922673208639,2550.7448842357335,0.382496034151667,10,train,98,"{""type"":""MultiPoint"",""coordinates"":[]}"
00000000000000000074_0,0,KBang,885,0,0,0,14.438711902291466,108.5699471987423,0,0,882,9.662743,3010.9200901687145,2435.0759028388934,0.6582428232292987,10,train,98,"{""type"":""MultiPoint"",""coordinates"":[]}"
00000000000000000110_0,0,KBang,1044,0,0,0,14.443830950300818,108.47804958513184,0,0,1044,10.140049,3026.558855623007,2396.239654855617,0.06298580297442702,10,train,98,"{""type"":""MultiPoint"",""coordinates"":[]}"
0000000000000000022b_0,0,KBang,910,0,0,0,14.425236498907953,108.59743309763576,0,0,909,9.243192,3010.9200901687145,2435.0759028388934,0.32854031240358605,10,train,98,"{""type"":""MultiPoint"",""coordinates"":[]}"
0000000000000000028b_0,0,KBang,1087,0,0,0,14.434127946408523,108.40420687168678,0,0,1087,10.418569,3056.5912619680166,2430.7695342178336,0.32079666143586094,10,train,98,"{""type"":""MultiPoint"",""coordinates"":[]}"
000000000000000002f2_0,0,KBang,1166,0,0,0,14.086211045814462,108.45999468496643,0,0,1158,16.259748,3222.151947184233,2767.6180477493767,0.4091478866031548,10,train,98,"{""type"":""MultiPoint"",""coordinates"":[]}"
00000000000000000329_0,0,KBang,1217,0,0,0,14.533302812938212,108.38938481978512,0,0,1219,8.501607,3205.2258018553257,2562.2362008570512,0.2902198357537519,10,train,98,"{""type"":""MultiPoint"",""coordinates"":[]}"
00000000000000000462_0,0,KBang,877,0,0,0,14.403944291377746,108.60659655030058,0,0,872,9.243182,3179.367648512125,2581.221545913855,0.5481803787265719,10,train,98,"{""type"":""MultiPoint"",""coordinates"":[]}"
000000000000000004ce_0,0,KBang,959,0,0,0,14.453261949028862,108.58153640238021,0,0,960,12.45163,3197.922673208639,2550.7448842357335,0.1661042400907421,10,train,98,"{""type"":""MultiPoint"",""coordinates"":[]}"
000000000000000004ff_0,0,KBang,1003,0,0,0,14.479133653340948,108.56482815073296,0,0,1003,9.534894,3197.922673208639,2550.7448842357335,0.04780576059637909,10,train,98,"{""type"":""MultiPoint"",""coordinates"":[]}"
00000000000000000505_0,0,KBang,1033,0,0,0,14.477519458759605,108.4831686331412,0,0,1039,11.032629,3062.020653218031,2418.2485376937757,0.4404311650838163,10,train,98,"{""type"":""MultiPoint"",""coordinates"":[]}"
00000000000000000646_0,0,KBang,928,0,0,0,14.354359087663429,108.4729305371225,0,0,928,9.243161,3174.5908024162054,2515.3602785260928,0.2460256043882757,10,train,98,"{""type"":""MultiPoint"",""coordinates"":[]}"
000000000000000000fd_0,0,KBang,1598,0,0,0,14.282942125191438,108.40070201825877,0,0,1593,12.383025,3954.77065885067,3193.707802749039,0.7202961776370221,11,train,98,"{""type"":""MultiPoint"",""coordinates"":[]}"
0000000000000000013d_0,0,KBang,1294,0,0,0,14.34276988402552,108.39639452664113,0,0,1294,11.373556,3387.77566537261,2679.882828244465,0.31369328412809294,11,train,98,"{""type"":""MultiPoint"",""coordinates"":[]}"
00000000000000000174_0,0,KBang,1254,0,0,0,14.566179765005268,108.39989492096811,0,0,1261,12.266885,3121.39150339365,2463.6619402850083,0.7745717491380291,11,train,98,"{""type"":""MultiPoint"",""coordinates"":[]}"
0000000000000000032c_0,0,KBang,1149,0,0,0,14.48587135503271,108.45487117785603,0,0,1151,6.737988,3062.020653218031,2418.2485376937757,0.4579037550115689,11,train,98,"{""type"":""MultiPoint"",""coordinates"":[]}"
0000000000000000035c_0,0,KBang,748,0,0,0,14.271085375490328,108.4667323866582,0,0,748,11.334103,3299.3934005498886,2718.926994363391,0.2585792138656885,11,train,98,"{""type"":""MultiPoint"",""coordinates"":[]}"
0000000000000000036c_0,0,KBang,855,0,0,0,14.375379290029372,108.5839621533533,0,0,858,7.3010244,3001.057534530759,2400.0190920016626,0.04349079137673295,11,train,98,"{""type"":""MultiPoint"",""coordinates"":[]}"
00000000000000000389_0,0,KBang,1138,0,0,0,14.308546283440327,108.41579607532469,0,0,1140,9.248649,3878.7206017300487,3091.2550926978347,0.17895397046074735,11,train,98,"{""type"":""MultiPoint"",""coordinates"":[]}"
000000000000000003f1_0,0,KBang,993,0,0,0,14.449489549537644,108.5109265371989,0,0,993,4.8661976,3022.832878291607,2439.8191594331984,0.13009718354237954,11,train,98,"{""type"":""MultiPoint"",""coordinates"":[]}"
000000000000000004d4_0,0,KBang,733,0,0,1,14.319863481913973,108.59878420525496,1,2008,739,9.933438,3139.498244166374,2607.9216171444064,0.31551601072611324,11,train,98,"{""type"":""MultiPoint"",""coordinates"":[]}"
0000000000000000053a_0,0,KBang,718,0,0,0,14.253837572615598,108.6313936112588,0,0,718,11.03255,2920.2753743231297,2494.9070353260336,0.11788610277110101,11,train,98,"{""type"":""MultiPoint"",""coordinates"":[]}"
0000000000000000053f_0,0,KBang,989,0,0,0,14.422810747934879,108.49071343212363,0,0,989,13.803618,3026.558855623007,2396.239654855617,0.3521757685075191,11,train,98,"{""type"":""MultiPoint"",""coordinates"":[]}"
000000000000000005e1_0,0,KBang,659,0,0,0,14.342230332798058,108.44786593010106,0,0,659,10.542856,3878.7206017300487,3091.2550926978347,0.34496305077808,11,train,98,"{""type"":""MultiPoint"",""coordinates"":[]}"
00000000000000000623_0,0,KBang,1011,0,0,0,14.110196550380945,108.52952098859177,0,0,1011,10.9301815,3335.206618718803,2843.7770705979806,0.6778415981716691,11,train,98,"{""type"":""MultiPoint"",""coordinates"":[]}"
000000000000000000f4_0,0,KBang,868,0,0,0,14.40259764285961,108.59635845428187,0,0,864,3.8246565,3010.9200901687145,2435.0759028388934,0.22297867758817325,12,train,98,"{""type"":""MultiPoint"",""coordinates"":[]}"
00000000000000000151_0,0,KBang,1005,0,0,0,14.490455310915651,108.50634704041703,0,0,1002,12.555259,3223.115180581808,2551.5795426868085,0.4308577481122199,12,train,98,"{""type"":""MultiPoint"",""coordinates"":[]}"
00000000000000000173_0,0,KBang,1176,0,0,0,14.121785754018852,108.47131188344008,0,0,1168,9.376303,3364.3139811381698,2879.1407314955827,0.2827701405440477,12,train,98,"{""type"":""MultiPoint"",""coordinates"":[]}"
000000000000000001c6_0,0,KBang,997,0,0,0,14.317705277004103,108.5306000910467,0,0,997,11.824937,3361.179399266839,2766.2203726602984,0.569717712018937,12,train,98,"{""type"":""MultiPoint"",""coordinates"":[]}"
000000000000000001d3_0,0,KBang,1056,0,0,0,14.455420153938723,108.42549907921698,0,0,1052,3.8255603,3082.7387473136187,2420.537351960532,0.7875568129191247,12,train,98,"{""type"":""MultiPoint"",""coordinates"":[]}"
00000000000000000211_0,0,KBang,1123,0,0,0,14.523871814210171,108.4893667836055,0,0,1117,14.109244,3149.5016675293446,2511.7643873978677,0.16343836900160758,12,train,98,"{""type"":""MultiPoint"",""coordinates"":[]}"
000000000000000002b0_0,0,KBang,899,0,0,0,14.343576981316199,108.46619283543073,0,0,899,12.200884,3410.552547223866,2766.438409104254,0.7194653228413694,12,train,98,"{""type"":""MultiPoint"",""coordinates"":[]}"
000000000000000003c1_0,0,KBang,978,0,0,0,14.504737811589836,108.61495290567473,0,0,969,11.419316,3165.6503857907373,2580.8473094055266,0.6031153241416741,12,train,98,"{""type"":""MultiPoint"",""coordinates"":[]}"
000000000000000003d0_0,0,KBang,1028,0,0,0,14.518213214973352,108.56132329730494,0,0,1033,16.325891,3178.381496110931,2588.583209516534,0.7497916460992549,12,train,98,"{""type"":""MultiPoint"",""coordinates"":[]}"
000000000000000003e9_0,0,KBang,912,0,0,0,14.229584521985908,108.46376708445766,0,0,899,18.281008,3116.021737858653,2587.275775269555,0.4989963405878235,12,train,98,"{""type"":""MultiPoint"",""coordinates"":[]}"
0000000000000000048b_0,0,KBang,747,0,0,0,14.248178973378776,108.6413641612143,0,0,740,9.481763,2921.3837886452675,2499.82747799868,0.5741099516610022,12,train,98,"{""type"":""MultiPoint"",""coordinates"":[]}"
00000000000000000543_0,0,KBang,868,0,0,0,14.507970659853585,108.58503679670719,0,0,868,11.664543,3178.381496110931,2588.583209516534,0.6248259299819815,12,train,98,"{""type"":""MultiPoint"",""coordinates"":[]}"
00000000000000000614_0,0,KBang,1018,0,0,0,14.419038348443662,108.4748167368681,0,0,1018,11.938858,3026.558855623007,2396.239654855617,0.01598177757245578,12,train,98,"{""type"":""MultiPoint"",""coordinates"":[]}"
0000000000000000063f_0,0,KBang,984,0,0,0,14.56429356525966,108.57668490043406,0,0,988,10.525947,3182.7490888275206,2585.4666109299883,0.2448318757821769,12,train,98,"{""type"":""MultiPoint"",""coordinates"":[]}"
00000000000000000090_0,0,KBang,843,0,0,0,14.324714983860124,108.43331142426261,0,0,836,9.297647,3878.7206017300487,3091.2550926978347,0.5995025092030994,13,train,98,"{""type"":""MultiPoint"",""coordinates"":[]}"
0000000000000000013c_0,0,KBang,1411,0,0,0,14.334145982588158,108.35974071598181,0,0,1411,12.969125,3387.77566537261,2679.882828244465,0.6785249820543043,13,train,98,"{""type"":""MultiPoint"",""coordinates"":[]}"
0000000000000000014c_0,0,KBang,1248,0,0,0,14.553243912849219,108.38911727372192,0,0,1245,12.207215,3121.39150339365,2463.6619402850083,0.3476453248672692,13,train,98,"{""type"":""MultiPoint"",""coordinates"":[]}"
0000000000000000015f_0,0,KBang,955,0,0,0,14.497460558670616,108.58450170458075,0,0,955,12.777874,3197.922673208639,2550.7448842357335,0.5811124998452561,13,train,98,"{""type"":""MultiPoint"",""coordinates"":[]}"
000000000000000001a5_0,0,KBang,1069,0,0,0,14.46107875317555,108.35623586255382,0,0,1069,12.554677,3139.124945908785,2478.474790363861,0.1893350111602492,13,train,98,"{""type"":""MultiPoint"",""coordinates"":[]}"
000000000000000001ca_0,0,KBang,939,0,0,0,14.452722397801397,108.59554689789013,0,0,939,13.429156,3197.922673208639,2550.7448842357335,0.14102846044692474,13,train,98,"{""type"":""MultiPoint"",""coordinates"":[]}"
0000000000000000021d_0,0,KBang,1057,0,0,0,14.324175432632655,108.34653731776257,0,0,1063,7.4944034,3590.3718142211437,2839.256492314795,0.6868281813774698,13,train,98,"{""type"":""MultiPoint"",""coordinates"":[]}"
00000000000000000242_0,0,KBang,975,0,0,0,14.392627092904101,108.49799068504285,0,0,980,7.6178775,3174.5908024162054,2515.3602785260928,0.0759642649496014,13,train,98,"{""type"":""MultiPoint"",""coordinates"":[]}"
0000000000000000025a_0,0,KBang,938,0,0,0,14.535728563911285,108.57857110017967,0,0,935,8.100276,3178.381496110931,2588.583209516534,0.26787348344855444,13,train,98,"{""type"":""MultiPoint"",""coordinates"":[]}"
00000000000000000273_0,0,KBang,666,0,0,0,14.221767717839215,108.55916509239509,0,0,674,15.152472,2988.904823511839,2527.354326276477,0.22081879662350856,13,train,98,"{""type"":""MultiPoint"",""coordinates"":[]}"
000000000000000002f7_0,0,KBang,1032,0,0,0,14.188079209380431,108.37402321665601,0,0,1027,15.811106,3400.7785373441875,2807.31930743629,0.06945740643199771,13,train,98,"{""type"":""MultiPoint"",""coordinates"":[]}"
00000000000000000375_0,0,KBang,742,0,0,0,14.236857315804075,108.63435445435827,0,0,733,17.797045,2921.3837886452675,2499.82747799868,0.02100318880674734,13,train,98,"{""type"":""MultiPoint"",""coordinates"":[]}"
000000000000000003d5_0,0,KBang,1292,0,0,0,14.574268574316223,108.36351311547303,0,0,1288,9.538942,3121.39150339365,2463.6619402850083,0.2333352697017489,13,train,98,"{""type"":""MultiPoint"",""coordinates"":[]}"
0000000000000000050d_0,0,KBang,1105,0,0,0,14.460539201948084,108.42549907921698,0,0,1098,15.079149,3082.7387473136187,2420.537351960532,0.46287450324502744,13,train,98,"{""type"":""MultiPoint"",""coordinates"":[]}"
00000000000000000528_0,0,KBang,853,0,0,0,14.339265030597515,108.61522045173795,0,0,865,9.382105,2904.3306356593966,2447.77248901683,0.6516017087616143,13,train,98,"{""type"":""MultiPoint"",""coordinates"":[]}"
0000000000000000056a_0,0,KBang,1149,0,0,0,14.31609108242276,108.3424929131071,0,0,1149,13.435066,3590.3718142211437,2839.256492314795,0.6081842520796807,13,train,98,"{""type"":""MultiPoint"",""coordinates"":[]}"
00000000000000000598_0,0,KBang,994,0,0,0,14.399904345823327,108.46214843077524,0,0,1004,12.550968,3026.558855623007,2396.239654855617,0.2722246683404379,13,train,98,"{""type"":""MultiPoint"",""coordinates"":[]}"
000000000000000005e4_0,0,KBang,999,0,0,0,14.406642047515081,108.43007857599886,0,0,999,13.44009,3056.5912619680166,2430.7695342178336,0.7442653686694862,13,train,98,"{""type"":""MultiPoint"",""coordinates"":[]}"
000000000000000005ee_0,0,KBang,907,0,0,0,14.527644213701386,108.57991774869781,0,0,908,6.6376867,3178.381496110931,2588.583209516534,0.1650898605415192,13,train,98,"{""type"":""MultiPoint"",""coordinates"":[]}"
0000000000000000061a_0,0,KBang,744,0,0,0,14.21772331318374,108.66804296281707,0,0,745,12.802658,2848.710048556328,2448.020166605705,0.0820140155509933,13,train,98,"{""type"":""MultiPoint"",""coordinates"":[]}"
000000000000000000b7_0,0,KBang,1675,0,0,0,14.32121013043211,108.3821075668659,0,0,1665,8.551087,3387.77566537261,2679.882828244465,0.05813204307151598,14,train,98,"{""type"":""MultiPoint"",""coordinates"":[]}"
000000000000000000b8_0,0,KBang,1203,0,0,0,14.530337510737672,108.45379653450215,0,0,1201,14.200271,3149.5016675293446,2511.7643873978677,0.7629106031496229,14,train,98,"{""type"":""MultiPoint"",""coordinates"":[]}"
00000000000000000101_0,0,KBang,1064,0,0,0,14.471856400421728,108.44517263306479,0,0,1072,10.459705,3082.7387473136187,2420.537351960532,0.3723911805021002,14,train,98,"{""type"":""MultiPoint"",""coordinates"":[]}"
000000000000000001c9_0,0,KBang,886,0,0,0,14.450568651992576,108.6235768071121,0,0,887,0.95770425,3348.708837583661,2705.416131240571,0.360787525579791,14,train,98,"{""type"":""MultiPoint"",""coordinates"":[]}"
00000000000000000206_0,0,KBang,1123,0,0,0,14.488836657233247,108.45568273424776,0,0,1123,14.001263,3062.020653218031,2418.2485376937757,0.2698694543477421,14,train,98,"{""type"":""MultiPoint"",""coordinates"":[]}"
00000000000000000259_0,0,KBang,777,0,0,0,14.310972034413398,108.59069985504505,0,0,764,23.081472,3139.498244166374,2607.9216171444064,0.4594396067652361,14,train,98,"{""type"":""MultiPoint"",""coordinates"":[]}"
0000000000000000026a_0,0,KBang,1104,0,0,0,14.443563404237613,108.40879082756973,0,0,1102,7.495426,3056.5912619680166,2430.7695342178336,0.08489096811261843,14,train,98,"{""type"":""MultiPoint"",""coordinates"":[]}"
000000000000000002ae_0,0,KBang,1017,0,0,0,14.181613512852936,108.38561242029391,0,0,1017,13.7584095,3400.7785373441875,2807.31930743629,0.13515739140268712,14,train,98,"{""type"":""MultiPoint"",""coordinates"":[]}"
000000000000000003cc_0,0,KBang,1143,0,0,0,14.454073505420583,108.36108736449995,0,0,1144,15.494205,3139.124945908785,2478.474790363861,0.6351242638069514,14,train,98,"{""type"":""MultiPoint"",""coordinates"":[]}"
000000000000000003ec_0,0,KBang,1006,0,0,0,14.490455310915651,108.53491204176538,0,0,999,11.90507,3223.115180581808,2551.5795426868085,0.11419862795382629,14,train,98,"{""type"":""MultiPoint"",""coordinates"":[]}"
00000000000000000426_0,0,KBang,923,0,0,0,14.534921466620613,108.56617479925109,0,0,923,13.913118,3178.381496110931,2588.583209516534,0.3330679151512803,14,train,98,"{""type"":""MultiPoint"",""coordinates"":[]}"
000000000000000004f3_0,0,KBang,937,0,0,0,14.446256701273896,108.58719500161703,0,0,930,12.56432,3010.9200901687145,2435.0759028388934,0.5455365211607124,14,train,98,"{""type"":""MultiPoint"",""coordinates"":[]}"
00000000000000000552_0,0,KBang,1059,0,0,0,14.065997940739189,108.45244542688296,0,0,1062,10.321442,3222.151947184233,2767.6180477493767,0.7511254581925629,14,train,98,"{""type"":""MultiPoint"",""coordinates"":[]}"
00000000000000000639_0,0,KBang,1040,0,0,0,14.444098496364028,108.48155443855985,0,0,1048,18.680033,3026.558855623007,2396.239654855617,0.5229324204037658,14,train,98,"{""type"":""MultiPoint"",""coordinates"":[]}"
00000000000000000029_0,0,KBang,990,0,0,0,14.317977282168364,108.54973409366706,0,0,990,14.991874,3361.179399266839,2766.2203726602984,0.42296612047380666,15,train,98,"{""type"":""MultiPoint"",""coordinates"":[]}"
00000000000000000083_0,0,KBang,857,0,0,0,14.391547990449167,108.57021474480551,0,0,853,6.735441,3001.057534530759,2400.0190920016626,0.5326546490045958,15,train,98,"{""type"":""MultiPoint"",""coordinates"":[]}"
0000000000000000026d_0,0,KBang,765,0,0,0,14.38615693727555,108.45945513373898,0,0,764,20.008606,3174.5908024162054,2515.3602785260928,0.21019729252555164,15,train,98,"{""type"":""MultiPoint"",""coordinates"":[]}"
000000000000000002d7_0,0,KBang,702,0,0,0,14.240901720459552,108.61441335444727,0,0,690,16.670835,2921.3837886452675,2499.82747799868,0.02417188952929339,15,train,98,"{""type"":""MultiPoint"",""coordinates"":[]}"
0000000000000000038f_0,0,KBang,935,0,0,0,14.333606431360693,108.54515459688515,0,0,926,14.097723,3361.179399266839,2766.2203726602984,0.6896149434718019,15,train,98,"{""type"":""MultiPoint"",""coordinates"":[]}"
000000000000000003ae_0,0,KBang,967,0,0,0,14.41795924598873,108.49799068504285,0,0,975,13.201841,3026.558855623007,2396.239654855617,0.4758377967387759,15,train,98,"{""type"":""MultiPoint"",""coordinates"":[]}"
000000000000000003c7_0,0,KBang,1493,0,0,0,14.237668872195801,108.35704741894553,0,0,1493,14.7179575,3508.178902901709,2811.2432915158697,0.36259278529822525,15,train,98,"{""type"":""MultiPoint"",""coordinates"":[]}"
00000000000000000416_0,0,KBang,1028,0,0,0,14.422003650644202,108.4672674787846,0,0,1029,11.37747,3026.558855623007,2396.239654855617,0.1885655345389612,15,train,98,"{""type"":""MultiPoint"",""coordinates"":[]}"
0000000000000000045c_0,0,KBang,1222,0,0,0,14.34330943525299,108.40959792486039,0,0,1215,20.850761,3878.7206017300487,3091.2550926978347,0.23913969371689658,15,train,98,"{""type"":""MultiPoint"",""coordinates"":[]}"
0000000000000000004f_0,0,KBang,1268,0,0,0,14.552436815558547,108.41444942680654,0,0,1268,15.968522,3143.577323973179,2531.598463432791,0.38701986239827213,16,train,98,"{""type"":""MultiPoint"",""coordinates"":[]}"
00000000000000000136_0,0,KBang,1412,0,0,0,14.388315142185421,108.3578545162362,0,0,1412,16.457556,3472.4521907940507,2724.9660693980677,0.48347986879478255,16,train,98,"{""type"":""MultiPoint"",""coordinates"":[]}"
0000000000000000024a_0,0,KBang,1463,0,0,0,14.255184221133739,108.37833516737469,0,0,1463,16.44902,3431.17944631353,2736.309887341469,0.790751671665484,16,train,98,"{""type"":""MultiPoint"",""coordinates"":[]}"
000000000000000004e2_0,0,KBang,1421,0,0,0,14.341690781570591,108.3980087212225,0,0,1404,28.2541,3387.77566537261,2679.882828244465,0.15008374972753613,16,train,98,"{""type"":""MultiPoint"",""coordinates"":[]}"
000000000000000005af_0,0,KBang,1260,0,0,0,14.56429356525966,108.3996273749049,0,0,1256,22.926859,3121.39150339365,2463.6619402850083,0.32014535216809636,16,train,98,"{""type"":""MultiPoint"",""coordinates"":[]}"
000000000000000000e7_0,0,KBang,1105,0,0,0,14.431974200599708,108.38561242029391,0,0,1113,14.000276,3230.138293027878,2568.9875608114658,0.006429085020937975,17,train,98,"{""type"":""MultiPoint"",""coordinates"":[]}"
0000000000000000017e_0,0,KBang,1180,0,0,0,14.415533495015652,108.36998327110157,0,0,1191,11.37714,3230.138293027878,2568.9875608114658,0.5733063013156966,17,train,98,"{""type"":""MultiPoint"",""coordinates"":[]}"
000000000000000001f7_0,0,KBang,1263,0,0,0,14.53977296856676,108.39235012198566,0,0,1260,13.775079,3205.2258018553257,2562.2362008570512,0.15865245658465255,17,train,98,"{""type"":""MultiPoint"",""coordinates"":[]}"
00000000000000000291_0,0,KBang,1035,0,0,0,14.465123157831025,108.47831713119506,0,0,1017,17.813925,3062.020653218031,2418.2485376937757,0.6195424312569741,17,train,98,"{""type"":""MultiPoint"",""coordinates"":[]}"
000000000000000002e1_0,0,KBang,1007,0,0,0,14.187004566026554,108.3799538210571,0,0,1003,13.9167,3400.7785373441875,2807.31930743629,0.24282161072743147,17,train,98,"{""type"":""MultiPoint"",""coordinates"":[]}"
0000000000000000030b_0,0,KBang,1098,0,0,0,14.21503001614746,108.36405266670049,0,0,1092,15.937503,3508.178902901709,2811.2432915158697,0.7470718647135713,17,train,98,"{""type"":""MultiPoint"",""coordinates"":[]}"
00000000000000000519_0,0,KBang,1054,0,0,0,14.457845904911801,108.49341118826098,0,0,1052,17.30729,3062.020653218031,2418.2485376937757,0.4817226637057046,17,train,98,"{""type"":""MultiPoint"",""coordinates"":[]}"
00000000000000000550_0,0,KBang,1189,0,0,0,14.512282610572269,108.3934292244406,0,0,1183,12.778096,3205.2258018553257,2562.2362008570512,0.1462943601486436,17,train,98,"{""type"":""MultiPoint"",""coordinates"":[]}"
000000000000000005ab_0,0,KBang,1146,0,0,0,14.499346758416223,108.40905837363294,0,0,1140,12.976171,3082.7387473136187,2420.537351960532,0.38794123725799556,17,train,98,"{""type"":""MultiPoint"",""coordinates"":[]}"
00000000000000000006_0,0,KBang,1044,0,0,0,14.445989155210684,108.46053423619392,0,0,1046,13.925163,3026.558855623007,2396.239654855617,0.1236507799245048,18,train,98,"{""type"":""MultiPoint"",""coordinates"":[]}"
000000000000000001a2_0,0,KBang,892,0,0,1,14.419845445734337,108.60875475521046,1,2014,898,9.106926,3179.367648512125,2581.221545913855,0.453525262912405,18,train,98,"{""type"":""MultiPoint"",""coordinates"":[]}"
00000000000000000268_0,0,KBang,954,0,0,0,14.333878436524953,108.53248629079232,0,0,971,27.04706,3361.179399266839,2766.2203726602984,0.487741058001818,18,train,98,"{""type"":""MultiPoint"",""coordinates"":[]}"
0000000000000000029c_0,0,KBang,917,0,0,0,14.340883684279913,108.54407549443023,0,0,927,21.318571,3361.179399266839,2766.2203726602984,0.09872518797421437,18,train,98,"{""type"":""MultiPoint"",""coordinates"":[]}"
000000000000000002a1_0,0,KBang,924,0,0,0,14.313397785386474,108.51982244380052,0,0,934,17.42673,3361.179399266839,2766.2203726602984,0.22998623367266147,18,train,98,"{""type"":""MultiPoint"",""coordinates"":[]}"
000000000000000003bd_0,0,KBang,987,0,0,0,14.550550615812941,108.55296694193078,0,0,979,15.605272,3182.7490888275206,2585.4666109299883,0.30900338734799915,18,train,98,"{""type"":""MultiPoint"",""coordinates"":[]}"
00000000000000000438_0,0,KBang,893,0,0,0,14.363250535164003,108.46619283543073,0,0,893,18.041117,3174.5908024162054,2515.3602785260928,0.3416130602917713,18,train,98,"{""type"":""MultiPoint"",""coordinates"":[]}"
000000000000000001b5_0,0,KBang,1175,0,0,0,14.360289692064512,108.41067702731533,0,0,1175,18.539515,3307.1987401247025,2646.067406310553,0.1753729773549273,19,train,98,"{""type"":""MultiPoint"",""coordinates"":[]}"
000000000000000001d9_0,0,KBang,960,0,0,0,14.339537035761776,108.55674380052305,0,0,954,18.789547,3139.498244166374,2607.9216171444064,0.17792644858103068,19,train,98,"{""type"":""MultiPoint"",""coordinates"":[]}"
00000000000000000270_0,0,KBang,1279,0,0,0,14.181881058916138,108.37644896762907,0,0,1279,19.288269,3400.7785373441875,2807.31930743629,0.1323921355113198,19,train,98,"{""type"":""MultiPoint"",""coordinates"":[]}"
000000000000000003e1_0,0,KBang,1246,0,0,0,14.400983448278255,108.30988350710324,0,0,1244,23.110325,3774.6228857189417,2999.9198697531438,0.14498077338797588,19,train,98,"{""type"":""MultiPoint"",""coordinates"":[]}"
00000000000000000419_0,0,KBang,1062,0,0,0,14.526297565183247,108.49071343212363,0,0,1063,21.391872,3149.5016675293446,2511.7643873978677,0.11279755426598792,19,train,98,"{""type"":""MultiPoint"",""coordinates"":[]}"
00000000000000000153_0,0,KBang,805,0,0,0,14.346814288680996,108.50014888995273,0,0,793,18.65919,3361.179399266839,2766.2203726602984,0.41736475124212946,20,train,98,"{""type"":""MultiPoint"",""coordinates"":[]}"
0000000000000000017f_0,0,KBang,835,0,0,0,14.292645129083738,108.53194673956486,0,0,835,19.610435,3283.608837634325,2704.4453318488963,0.4995512704319487,20,train,98,"{""type"":""MultiPoint"",""coordinates"":[]}"
000000000000000002cd_0,0,KBang,996,0,0,0,14.347081834744202,108.55054119095772,0,0,975,28.14007,3139.498244166374,2607.9216171444064,0.522512033621342,20,train,98,"{""type"":""MultiPoint"",""coordinates"":[]}"
0000000000000000039b_0,0,KBang,884,0,0,0,14.232277819022185,108.41606362138789,0,0,889,14.499321,3484.5955844521523,2837.824403122823,0.36907347978171434,20,train,98,"{""type"":""MultiPoint"",""coordinates"":[]}"
0000000000000000050e_0,0,KBang,692,0,0,0,14.244406573887561,108.62573055292091,0,0,701,19.855223,2921.3837886452675,2499.82747799868,0.6719802049839446,20,train,98,"{""type"":""MultiPoint"",""coordinates"":[]}"
000000000000000005c8_0,0,KBang,1115,0,0,0,14.519287858327232,108.4947578367791,0,0,1104,18.215778,3149.5016675293446,2511.7643873978677,0.34205142382474496,20,train,98,"{""type"":""MultiPoint"",""coordinates"":[]}"
0000000000000000001f_0,0,KBang,1045,0,0,0,14.491262408206321,108.48290108707799,0,0,1045,21.319748,3062.020653218031,2418.2485376937757,0.5146807567035093,21,train,98,"{""type"":""MultiPoint"",""coordinates"":[]}"
0000000000000000003a_0,0,KBang,902,0,0,0,14.406642047515081,108.33818096238842,0,0,902,20.63889,3774.6228857189417,2999.9198697531438,0.740406292898647,21,train,98,"{""type"":""MultiPoint"",""coordinates"":[]}"
0000000000000000033d_0,0,KBang,766,0,0,0,14.314744433904615,108.59096740110824,0,0,777,20.846853,3139.498244166374,2607.9216171444064,0.20122007903908246,22,train,98,"{""type"":""MultiPoint"",""coordinates"":[]}"
000000000000000003ff_0,0,KBang,909,0,0,0,14.431974200599708,108.60471035055497,0,0,894,18.859297,3179.367648512125,2581.221545913855,0.2501730556571028,22,train,98,"{""type"":""MultiPoint"",""coordinates"":[]}"
00000000000000000581_0,0,KBang,896,0,0,0,14.522792711755242,108.60039839983628,0,0,884,21.086672,3165.6503857907373,2580.8473094055266,0.7659839423893551,22,train,98,"{""type"":""MultiPoint"",""coordinates"":[]}"
00000000000000000587_0,0,KBang,774,0,0,0,14.279976822990896,108.47885668242252,0,0,762,16.938988,3299.3934005498886,2718.926994363391,0.350748117519207,22,train,98,"{""type"":""MultiPoint"",""coordinates"":[]}"
00000000000000000299_0,0,KBang,1355,0,0,0,14.345467640162859,108.38911727372192,0,0,1353,22.889791,3387.77566537261,2679.882828244465,0.07083144607400516,23,train,98,"{""type"":""MultiPoint"",""coordinates"":[]}"
0000000000000000053b_0,0,KBang,721,0,0,0,14.218802415638674,108.49233208580603,0,0,721,23.10045,3116.021737858653,2587.275775269555,0.7086977168757034,23,train,98,"{""type"":""MultiPoint"",""coordinates"":[]}"
000000000000000002cc_0,0,KBang,921,0,0,0,14.229852068049114,108.41633562655215,0,0,899,29.725412,3484.5955844521523,2837.824403122823,0.5978002282107956,24,train,98,"{""type"":""MultiPoint"",""coordinates"":[]}"
00000000000000000451_0,0,KBang,995,0,0,0,14.540847611920642,108.56132329730494,0,0,973,20.304306,3178.381496110931,2588.583209516534,0.014263466388499402,24,train,98,"{""type"":""MultiPoint"",""coordinates"":[]}"
000000000000000005e8_0,0,KBang,1270,0,0,0,14.347888932034882,108.38857772249446,0,0,1260,14.975387,3387.77566537261,2679.882828244465,0.3949941844251511,24,train,98,"{""type"":""MultiPoint"",""coordinates"":[]}"
0000000000000000064c_0,0,KBang,806,0,0,0,14.105077502371591,108.4705047861494,0,0,804,22.450886,3364.3139811381698,2879.1407314955827,0.1548632973372811,24,train,98,"{""type"":""MultiPoint"",""coordinates"":[]}"
000000000000000002f8_0,0,KBang,1067,0,0,0,14.309892931958464,108.52844634523788,0,0,1067,25.052252,3361.179399266839,2766.2203726602984,0.056634367345416936,25,train,98,"{""type"":""MultiPoint"",""coordinates"":[]}"
00000000000000000428_0,0,KBang,1143,0,0,0,14.382924089011805,108.3837262205483,0,0,1143,25.451956,3472.4521907940507,2724.9660693980677,0.24136310013919515,25,train,98,"{""type"":""MultiPoint"",""coordinates"":[]}"
000000000000000002c6_0,0,KBang,859,0,0,0,14.476979907532133,108.62815630389399,0,0,846,32.543907,3348.708837583661,2705.416131240571,0.404975836624902,26,train,98,"{""type"":""MultiPoint"",""coordinates"":[]}"
0000000000000000049e_0,0,KBang,1270,0,0,0,14.350586688172214,108.35893361869115,0,0,1275,25.87416,3472.4521907940507,2724.9660693980677,0.7351085271782929,26,train,98,"{""type"":""MultiPoint"",""coordinates"":[]}"
00000000000000000638_0,0,KBang,1463,0,0,0,14.293184680311205,108.36432467186475,0,0,1460,24.169838,3431.17944631353,2736.309887341469,0.07737032114140407,27,train,98,"{""type"":""MultiPoint"",""coordinates"":[]}"
00000000000000000520_0,0,KBang,1666,0,0,0,14.254377123843065,108.34869106357138,0,0,1666,28.110973,3418.0222388617694,2701.695657495224,0.402225204084514,28,train,98,"{""type"":""MultiPoint"",""coordinates"":[]}"
000000000000000003e6_0,0,KBang,766,0,0,0,14.23173826779472,108.43277187303516,0,0,770,33.774498,3484.5955844521523,2837.824403122823,0.1375185061220472,29,train,98,"{""type"":""MultiPoint"",""coordinates"":[]}"
000000000000000003fd_0,0,KBang,1253,0,0,0,14.320403033141439,108.41794982113349,0,0,1241,30.486017,3878.7206017300487,3091.2550926978347,0.6677667069142802,29,train,98,"{""type"":""MultiPoint"",""coordinates"":[]}"
0000000000000000063d_0,0,KBang,1311,0,0,0,14.21503001614746,108.35542876526313,0,0,1285,36.392746,3508.178902901709,2811.2432915158697,0.035942145308260454,29,train,98,"{""type"":""MultiPoint"",""coordinates"":[]}"
00000000000000000058_0,0,KBang,1195,0,0,0,14.436553697381598,108.35462166797245,0,0,1197,32.958298,3230.138293027878,2568.9875608114658,0.18659085402364006,30,train,98,"{""type"":""MultiPoint"",""coordinates"":[]}"
000000000000000000fb_0,0,KBang,1534,0,0,0,14.315011979967824,108.40097402342303,0,0,1545,23.83804,3878.7206017300487,3091.2550926978347,0.768790984219547,30,train,98,"{""type"":""MultiPoint"",""coordinates"":[]}"
00000000000000000289_0,0,KBang,1181,0,0,0,14.362710983936537,108.41444942680654,0,0,1181,30.20001,3307.1987401247025,2646.067406310553,0.4972819862505201,30,train,98,"{""type"":""MultiPoint"",""coordinates"":[]}"
000000000000000001e1_0,0,KBang,777,0,0,0,14.29695707980242,108.43331142426261,0,0,775,28.526096,3954.77065885067,3193.707802749039,0.365428216664591,31,train,98,"{""type"":""MultiPoint"",""coordinates"":[]}"
0000000000000000052a_0,0,KBang,1282,0,0,0,14.363790086391466,108.36459221792796,0,0,1273,34.913418,3472.4521907940507,2724.9660693980677,0.3420178791425572,31,train,98,"{""type"":""MultiPoint"",""coordinates"":[]}"
00000000000000000103_0,0,KBang,1304,0,0,0,14.356245287409036,108.36135936966421,0,0,1274,34.388123,3472.4521907940507,2724.9660693980677,0.6807460199750963,33,train,98,"{""type"":""MultiPoint"",""coordinates"":[]}"
0000000000000000058d_0,0,KBang,679,0,0,0,14.20532701225516,108.50634704041703,0,0,663,31.055212,3132.6109425723553,2663.5936415282367,0.7614855319906656,33,train,98,"{""type"":""MultiPoint"",""coordinates"":[]}"
0000000000000000017b_0,0,KBang,960,0,0,0,14.301808581748569,108.42253377701645,0,0,960,33.950466,3878.7206017300487,3091.2550926978347,0.27803295580711285,34,train,98,"{""type"":""MultiPoint"",""coordinates"":[]}"
000000000000000001e7_0,0,KBang,1096,0,0,0,14.138761551729322,108.46996523492194,0,0,1084,37.608887,3364.3139811381698,2879.1407314955827,0.16569790733503353,35,train,98,"{""type"":""MultiPoint"",""coordinates"":[]}"
000000000000000004d0_0,0,KBang,1133,0,0,0,14.383196094176062,108.38291912325764,0,0,1103,35.07167,3472.4521907940507,2724.9660693980677,0.573898201206248,35,train,98,"{""type"":""MultiPoint"",""coordinates"":[]}"
0000000000000000017d_0,0,KBang,1073,0,0,0,14.08028490051443,108.51146608842637,0,0,1073,36.769554,3250.9848297685385,2783.4902848679035,0.2815876464259034,37,train,98,"{""type"":""MultiPoint"",""coordinates"":[]}"
00000000000000000235_0,0,KBang,972,0,0,0,14.45299440296565,108.34276491827136,0,0,969,39.634266,3459.4536567032337,2743.57232635276,0.6672957595822478,37,train,98,"{""type"":""MultiPoint"",""coordinates"":[]}"
00000000000000000634_0,0,KBang,1399,0,0,0,14.305308976075525,108.36324556940984,0,0,1409,23.734299,3387.77566537261,2679.882828244465,0.7575403108321823,38,train,98,"{""type"":""MultiPoint"",""coordinates"":[]}"
00000000000000000603_0,0,KBang,1111,0,0,0,14.181341507688677,108.38777062520377,0,0,1116,21.514616,3400.7785373441875,2807.31930743629,0.4433415622920086,39,train,98,"{""type"":""MultiPoint"",""coordinates"":[]}"
000000000000000002b2_0,0,KBang,1421,0,0,0,14.37106733931069,108.36081981843675,0,0,1385,43.371643,3472.4521907940507,2724.9660693980677,0.01566574734631454,40,train,98,"{""type"":""MultiPoint"",""coordinates"":[]}"
000000000000000005ca_0,0,KBang,726,0,0,0,14.277283525954617,108.51308474210876,0,0,724,10.768372,3283.608837634325,2704.4453318488963,0.5983297001713538,1,train,100,"{""type"":""MultiPoint"",""coordinates"":[]}"
00000000000000000031_0,0,KBang,789,0,0,1,14.31663063365022,108.56320949705055,1,2006,791,8.550911,3139.498244166374,2607.9216171444064,0.5085333965428428,4,train,100,"{""type"":""MultiPoint"",""coordinates"":[]}"
0000000000000000055b_0,0,KBang,686,0,0,0,14.19724266204526,108.64567611193297,0,0,689,6.8026624,2827.968597881496,2459.472389055322,0.27902119792030755,4,train,100,"{""type"":""MultiPoint"",""coordinates"":[]}"
00000000000000000104_0,0,KBang,737,0,0,0,14.321482135596373,108.5025746409258,0,0,739,3.9921427,3361.179399266839,2766.2203726602984,0.1599882225101451,5,train,100,"{""type"":""MultiPoint"",""coordinates"":[]}"
000000000000000001a4_0,0,KBang,705,0,1,0,14.28752608107438,108.54138219739394,1,2024,707,5.315768,3283.608837634325,2704.4453318488963,0.23389212016849747,5,train,100,"{""type"":""MultiPoint"",""coordinates"":[]}"
00000000000000000202_0,0,KBang,1109,0,0,0,14.438979448354669,108.42630617650767,0,0,1108,3.9932225,3056.5912619680166,2430.7695342178336,0.18180981503610694,5,train,100,"{""type"":""MultiPoint"",""coordinates"":[]}"
0000000000000000021e_0,0,KBang,729,0,0,1,14.258417069397487,108.5306000910467,1,2009,730,3.3732753,3283.608837634325,2704.4453318488963,0.631729246789689,6,train,100,"{""type"":""MultiPoint"",""coordinates"":[]}"
00000000000000000016_0,0,KBang,759,0,0,0,14.444098496364028,108.33764141116094,0,0,761,7.3788605,3774.6228857189417,2999.9198697531438,0.20168495499423,8,train,100,"{""type"":""MultiPoint"",""coordinates"":[]}"
000000000000000003c8_0,0,KBang,712,0,1,0,14.210985611491983,108.41444942680654,1,2022,712,8.090027,3484.5955844521523,2837.824403122823,0.5498347128355985,8,train,100,"{""type"":""MultiPoint"",""coordinates"":[]}"
00000000000000000619_0,0,KBang,618,0,0,0,14.236322223677663,108.59797264886322,0,0,614,11.126503,2988.904823511839,2527.354326276477,0.18377316335999527,8,train,100,"{""type"":""MultiPoint"",""coordinates"":[]}"
0000000000000000000c_0,0,KBang,733,0,0,1,14.218802415638674,108.4117516706692,1,2013,733,9.246783,3484.5955844521523,2837.824403122823,0.595475901287922,9,train,100,"{""type"":""MultiPoint"",""coordinates"":[]}"
000000000000000002e9_0,0,KBang,873,0,0,0,14.435474594926662,108.54919454243958,0,0,873,8.748269,3022.832878291607,2439.8191594331984,0.17205422146254945,9,train,100,"{""type"":""MultiPoint"",""coordinates"":[]}"
0000000000000000036d_0,0,KBang,656,0,0,0,14.147117907103476,108.47454473170384,0,0,656,9.385286,3364.3139811381698,2879.1407314955827,0.11433441434966785,9,train,100,"{""type"":""MultiPoint"",""coordinates"":[]}"
000000000000000005b0_0,0,KBang,687,0,0,0,14.23173826779472,108.56778899383244,0,0,689,5.4376225,2988.904823511839,2527.354326276477,0.25657767976848256,9,train,100,"{""type"":""MultiPoint"",""coordinates"":[]}"
000000000000000005be_0,0,KBang,718,0,0,1,14.244674119950766,108.55377849832252,1,2014,716,8.758397,2988.904823511839,2527.354326276477,0.5832300587572156,10,train,100,"{""type"":""MultiPoint"",""coordinates"":[]}"
00000000000000000442_0,0,KBang,615,0,0,0,14.216376664665601,108.5580904490412,0,0,615,11.22122,2988.904823511839,2527.354326276477,0.10966598899419289,11,train,100,"{""type"":""MultiPoint"",""coordinates"":[]}"
00000000000000000185_0,0,KBang,906,0,0,0,14.37403264151123,108.5386844412566,0,0,906,11.883978,3057.4028005301952,2452.323266195249,0.6248370550571577,12,train,100,"{""type"":""MultiPoint"",""coordinates"":[]}"
000000000000000004b6_0,0,KBang,732,0,0,0,14.243595017495837,108.50014888995271,0,0,735,8.601734,3132.6109425723553,2663.5936415282367,0.7166552332861561,13,train,100,"{""type"":""MultiPoint"",""coordinates"":[]}"
00000000000000000502_0,0,KBang,830,0,0,0,14.295877977347482,108.57183339848791,0,0,831,20.46419,3002.574410483241,2569.066161002828,0.14335267229252713,14,train,100,"{""type"":""MultiPoint"",""coordinates"":[]}"
00000000000000000569_0,0,KBang,753,0,0,0,14.295070880056812,108.54622924023903,0,0,748,15.751728,3283.608837634325,2704.4453318488963,0.6280544715699231,14,train,100,"{""type"":""MultiPoint"",""coordinates"":[]}"
000000000000000000ff_0,0,KBang,642,0,0,0,14.220421069321075,108.56536324285938,0,0,642,16.184147,2988.904823511839,2527.354326276477,0.45575737016674234,16,train,100,"{""type"":""MultiPoint"",""coordinates"":[]}"
000000000000000000e9_0,0,KBang,915,0,0,0,14.47644035630467,108.35623586255382,0,0,907,22.925995,3139.124945908785,2478.474790363861,0.33216639201664133,21,train,100,"{""type"":""MultiPoint"",""coordinates"":[]}"
000000000000000001ed_0,0,KBang,761,0,0,0,14.127983904483143,108.53410494447472,0,0,773,24.717218,3335.206618718803,2843.7770705979806,0.335979381099752,21,train,100,"{""type"":""MultiPoint"",""coordinates"":[]}"
000000000000000001b3_0,0,KBang,839,0,0,0,14.071388993912803,108.49637649046151,0,0,852,23.514246,3222.151947184233,2767.6180477493767,0.02485563454019679,23,train,100,"{""type"":""MultiPoint"",""coordinates"":[]}"
00000000000000000574_0,0,KBang,655,0,0,0,14.358131487154644,108.45864357734725,0,0,649,19.437044,3174.5908024162054,2515.3602785260928,0.11122098952885884,23,train,100,"{""type"":""MultiPoint"",""coordinates"":[]}"
000000000000000005e7_0,0,KBang,623,0,0,0,14.21179716788371,108.59878420525494,0,0,639,16.934296,2988.904823511839,2527.354326276477,0.3936929737635899,27,train,100,"{""type"":""MultiPoint"",""coordinates"":[]}"
0000000000000000061b_0,0,KBang,1028,0,0,0,14.478866107277744,108.4950253828423,0,0,1028,28.035095,3062.020653218031,2418.2485376937757,0.7865985036488155,28,train,100,"{""type"":""MultiPoint"",""coordinates"":[]}"
0000000000000000000f_0,0,KBang,887,0,0,0,14.245213671178234,108.47508428293129,0,0,887,29.120365,3116.021737858653,2587.275775269555,0.3030323463122242,29,train,100,"{""type"":""MultiPoint"",""coordinates"":[]}"
00000000000000000328_0,0,KBang,666,0,0,0,14.289140275655729,108.50742614287194,0,0,641,36.34243,3283.608837634325,2704.4453318488963,0.4527931710738555,30,train,100,"{""type"":""MultiPoint"",""coordinates"":[]}"
000000000000000000bd_0,0,KBang,817,0,0,0,14.271624926717793,108.4295390247714,0,0,817,31.101555,3954.77065885067,3193.707802749039,0.43448944569725645,31,train,100,"{""type"":""MultiPoint"",""coordinates"":[]}"
00000000000000000125_0,0,KBang,658,0,0,0,14.25060472435185,108.43466253188181,0,0,689,30.247707,3954.77065885067,3193.707802749039,0.5069958309613114,31,train,100,"{""type"":""MultiPoint"",""coordinates"":[]}"
000000000000000004fc_0,0,KBang,791,0,1,0,14.29048692417387,108.574259149461,1,2023,791,30.56514,3002.574410483241,2569.066161002828,0.1629800525958035,31,train,100,"{""type"":""MultiPoint"",""coordinates"":[]}"
000000000000000009ec_0,1,KBang,688,1,1,0,14.28779362713759,108.54784789392144,0,2023,688,3.014589,3283.608837634325,2704.4453318488963,0.04850631076291423,0,train,43,"{""type"":""MultiPoint"",""coordinates"":[]}"
00000000000000000b47_0,1,KBang,521,1,1,0,14.184578815053477,108.51766423889066,1,2019,518,7.905088,2927.8332602009177,2497.137565198986,0.20038427135766035,1,train,93,"{""type"":""MultiPoint"",""coordinates"":[]}"
00000000000000000c4d_0,1,KBang,945,1,1,0,14.360017686900251,108.49772313897964,1,2020,944,3.8239312,3174.5908024162054,2515.3602785260928,0.15900018071891064,1,train,63,"{""type"":""MultiPoint"",""coordinates"":[]}"
00000000000000000899_0,1,KBang,845,1,1,0,14.372413987828832,108.56698189654178,1,2021,845,1.8543341,3001.057534530759,2400.0190920016626,0.7893552894603435,2,train,70,"{""type"":""MultiPoint"",""coordinates"":[]}"
00000000000000000a66_0,1,KBang,619,1,0,1,14.144692156130404,108.66319146087092,1,2016,619,1.8543341,2995.274595141411,2606.076333417646,0.7094813697640884,2,train,63,"{""type"":""MultiPoint"",""coordinates"":[]}"
00000000000000000aaf_0,1,KBang,727,1,0,0,14.266233873544179,108.47077233221263,0,0,727,1.9132975,3299.3934005498886,2718.926994363391,0.428081960191254,2,train,43,"{""type"":""MultiPoint"",""coordinates"":[]}"
00000000000000000b46_0,1,KBang,546,1,0,1,14.144959702193612,108.51712468766318,0,2017,547,5.7198706,3335.206618718803,2843.7770705979806,0.5193052283803841,2,train,31,"{""type"":""MultiPoint"",""coordinates"":[]}"
00000000000000000b94_0,1,KBang,555,1,1,0,14.185653458407355,108.51415938546266,1,2020,555,1.3322179,2927.8332602009177,2497.137565198986,0.6570615546774203,2,train,61,"{""type"":""MultiPoint"",""coordinates"":[]}"
0000000000000000067f_0,1,KBang,535,1,1,0,14.140112659348516,108.5306000910467,0,2023,538,8.600039,3335.206618718803,2843.7770705979806,0.035317428196485534,3,train,40,"{""type"":""MultiPoint"",""coordinates"":[]}"
000000000000000008b0_0,1,KBang,541,1,1,0,14.145771258585338,108.50823324016262,1,2021,538,7.212277,3335.206618718803,2843.7770705979806,0.6288129045367069,3,train,67,"{""type"":""MultiPoint"",""coordinates"":[]}"
0000000000000000092a_0,1,KBang,1115,1,1,0,14.476707902367876,108.37752807008401,1,2020,1113,5.521951,3139.124945908785,2478.474790363861,0.523793937164764,3,train,37,"{""type"":""MultiPoint"",""coordinates"":[]}"
00000000000000000943_0,1,KBang,898,1,1,0,14.402869648023866,108.51173809359062,1,2023,902,8.342701,3022.832878291607,2439.8191594331984,0.36676429053855286,3,train,60,"{""type"":""MultiPoint"",""coordinates"":[]}"
0000000000000000099f_0,1,KBang,524,1,1,0,14.20371281767381,108.52736724278296,1,2023,530,15.400595,3132.6109425723553,2663.5936415282367,0.47998447020192625,3,train,67,"{""type"":""MultiPoint"",""coordinates"":[]}"
000000000000000009ee_0,1,KBang,995,1,1,0,14.389122239476096,108.43924202866371,0,2024,995,2.6642365,3307.1987401247025,2646.067406310553,0.028397767024867515,3,train,64,"{""type"":""MultiPoint"",""coordinates"":[]}"
00000000000000000aac_0,1,KBang,775,1,0,1,14.206673660773301,108.45352452933788,1,2016,775,4.8611426,3116.021737858653,2587.275775269555,0.5350151243970768,3,train,69,"{""type"":""MultiPoint"",""coordinates"":[]}"
00000000000000000b19_0,1,KBang,523,1,1,0,14.199128861790868,108.52628814032803,1,2023,525,5.7949247,2927.8332602009177,2497.137565198986,0.02483311656131504,3,train,69,"{""type"":""MultiPoint"",""coordinates"":[]}"
00000000000000000850_0,1,KBang,1080,1,0,1,14.420117450898594,108.39935536974065,1,2018,1081,4.7238235,3230.138293027878,2568.9875608114658,0.17113543601641334,4,train,66,"{""type"":""MultiPoint"",""coordinates"":[]}"
0000000000000000088c_0,1,KBang,765,1,0,1,14.212336719111175,108.45460363179284,1,2017,766,0.9566872,3116.021737858653,2587.275775269555,0.679565260409363,4,train,41,"{""type"":""MultiPoint"",""coordinates"":[]}"
000000000000000008aa_0,1,KBang,583,1,0,0,14.11747380330017,108.57614534920661,0,0,583,4.1666603,2848.0301147326827,2458.056594692424,0.36963717493998904,4,train,48,"{""type"":""MultiPoint"",""coordinates"":[]}"
000000000000000008c0_0,1,KBang,952,1,0,1,14.36675538859201,108.50526793796209,1,2017,953,0.92740995,3057.4028005301952,2452.323266195249,0.4569185771280443,4,train,64,"{""type"":""MultiPoint"",""coordinates"":[]}"
000000000000000008e0_0,1,KBang,727,1,0,1,14.248718524606241,108.47885668242252,0,2018,727,6.0320935,3116.021737858653,2587.275775269555,0.5505883043575042,4,train,50,"{""type"":""MultiPoint"",""coordinates"":[]}"
00000000000000000906_0,1,KBang,1024,1,1,0,14.400711443113998,108.43304387819941,1,2022,1028,6.034627,3056.5912619680166,2430.7695342178336,0.6579894382459884,4,train,77,"{""type"":""MultiPoint"",""coordinates"":[]}"
00000000000000000914_0,1,KBang,714,1,1,0,14.293724231538672,108.57722445166154,1,2020,710,10.26904,3002.574410483241,2569.066161002828,0.7644813522949647,4,train,53,"{""type"":""MultiPoint"",""coordinates"":[]}"
00000000000000000963_0,1,KBang,505,1,0,1,14.15762800828645,108.54164974345716,0,2017,506,3.013019,2927.8332602009177,2497.137565198986,0.5369346556413087,4,train,41,"{""type"":""MultiPoint"",""coordinates"":[]}"
00000000000000000a05_0,1,KBang,555,1,0,1,14.185925463571618,108.51443139062691,1,2015,554,4.8607197,2927.8332602009177,2497.137565198986,0.3554824848264806,4,train,48,"{""type"":""MultiPoint"",""coordinates"":[]}"
00000000000000000a9f_0,1,KBang,821,1,1,0,14.397746140913458,108.32713130997797,1,2019,823,4.8651094,3714.876072347164,2911.4369120395304,0.549827473213221,4,train,53,"{""type"":""MultiPoint"",""coordinates"":[]}"
00000000000000000bc0_0,1,KBang,702,1,0,1,14.254644669906272,108.48236153585052,1,2017,702,4.245817,3299.3934005498886,2718.926994363391,0.03667354443890891,4,train,53,"{""type"":""MultiPoint"",""coordinates"":[]}"
00000000000000000854_0,1,KBang,868,1,0,1,14.380770343202988,108.53571913905607,1,2018,871,5.725819,3057.4028005301952,2452.323266195249,0.2546605266655342,5,train,67,"{""type"":""MultiPoint"",""coordinates"":[]}"
0000000000000000096d_0,1,KBang,672,1,1,0,14.222846820294148,108.42468752282525,1,2021,677,8.75964,3484.5955844521523,2837.824403122823,0.13822064400294842,5,train,84,"{""type"":""MultiPoint"",""coordinates"":[]}"
000000000000000009ff_0,1,KBang,653,1,0,1,14.284560778873843,108.4373558289181,1,2015,652,8.598397,3954.77065885067,3193.707802749039,0.7272843350000722,5,train,57,"{""type"":""MultiPoint"",""coordinates"":[]}"
00000000000000000a9a_0,1,KBang,890,1,1,0,14.326601183605728,108.32767086120545,1,2019,888,4.722535,3590.3718142211437,2839.256492314795,0.5464900014744806,5,train,63,"{""type"":""MultiPoint"",""coordinates"":[]}"
00000000000000000b7e_0,1,KBang,961,1,1,0,14.40259764285961,108.47616338538623,1,2021,962,4.865214,3026.558855623007,2396.239654855617,0.23031175878464683,5,train,31,"{""type"":""MultiPoint"",""coordinates"":[]}"
00000000000000000bb5_0,1,KBang,514,1,1,0,14.118280900590841,108.57183339848791,1,2022,511,6.7275095,2848.0301147326827,2458.056594692424,0.44028678785014963,5,train,37,"{""type"":""MultiPoint"",""coordinates"":[]}"
00000000000000000bd7_0,1,KBang,613,1,0,1,14.286174973455186,108.45029168107415,1,2017,612,6.72359,3299.3934005498886,2718.926994363391,0.0017680113659777064,5,train,42,"{""type"":""MultiPoint"",""coordinates"":[]}"
00000000000000000c43_0,1,KBang,854,1,1,0,14.343041889189784,108.4767029366137,1,2023,854,4.8639674,3410.552547223866,2766.438409104254,0.03029106426181505,5,train,57,"{""type"":""MultiPoint"",""coordinates"":[]}"
0000000000000000068a_0,1,KBang,720,1,0,1,14.278090623245289,108.51631759037251,1,2016,719,5.8643684,3283.608837634325,2704.4453318488963,0.6478900524714715,6,train,57,"{""type"":""MultiPoint"",""coordinates"":[]}"
000000000000000006b5_0,1,KBang,970,1,0,1,14.493955705242605,108.48451528165936,1,2018,966,6.534256,3062.020653218031,2418.2485376937757,0.35270848427846213,6,train,40,"{""type"":""MultiPoint"",""coordinates"":[]}"
000000000000000008ef_0,1,KBang,726,1,1,0,14.286714524682653,108.52548104303735,1,2023,722,2.1260731,3283.608837634325,2704.4453318488963,0.3811955959286001,6,train,61,"{""type"":""MultiPoint"",""coordinates"":[]}"
0000000000000000093d_0,1,KBang,1019,1,1,0,14.412568192815112,108.40501396897746,1,2019,1022,10.030045,3056.5912619680166,2430.7695342178336,0.5595706557786305,6,train,66,"{""type"":""MultiPoint"",""coordinates"":[]}"
000000000000000009f5_0,1,KBang,787,1,0,1,14.201287066700742,108.45433162662856,1,2017,789,10.564864,3116.021737858653,2587.275775269555,0.06386878915910477,6,train,63,"{""type"":""MultiPoint"",""coordinates"":[]}"
00000000000000000a5f_0,1,KBang,667,1,0,0,14.237936418259011,108.520361995028,0,0,667,5.5175753,3132.6109425723553,2663.5936415282367,0.36903054830797977,6,train,67,"{""type"":""MultiPoint"",""coordinates"":[]}"
00000000000000000adc_0,1,KBang,1117,1,1,0,14.481559404314025,108.38264711809337,1,2021,1117,4.6273675,3139.124945908785,2478.474790363861,0.6464086326180406,6,train,60,"{""type"":""MultiPoint"",""coordinates"":[]}"
00000000000000000b01_0,1,KBang,630,1,1,0,14.187811663317229,108.48586638927854,1,2021,628,6.802464,3179.5106303691864,2674.3027243573615,0.4138188166471046,6,train,70,"{""type"":""MultiPoint"",""coordinates"":[]}"
00000000000000000b1a_0,1,KBang,801,1,1,0,14.242520374141952,108.44517263306479,1,2020,805,11.343576,3484.5955844521523,2837.824403122823,0.40901312887489705,6,train,66,"{""type"":""MultiPoint"",""coordinates"":[]}"
000000000000000006b2_0,1,KBang,853,1,0,0,14.345735186226063,108.53895644642087,0,0,853,7.0633154,3361.179399266839,2766.2203726602984,0.7538366890555024,7,train,53,"{""type"":""MultiPoint"",""coordinates"":[]}"
00000000000000000757_0,1,KBang,1022,1,1,0,14.450568651992576,108.42549907921698,1,2023,1025,5.5214686,3082.7387473136187,2420.537351960532,0.1931889790401995,7,train,34,"{""type"":""MultiPoint"",""coordinates"":[]}"
00000000000000000767_0,1,KBang,530,1,1,0,14.158974656804592,108.5764128952698,0,2022,533,2.6628358,2894.3183166086674,2468.4566263710717,0.36450044889940414,7,train,53,"{""type"":""MultiPoint"",""coordinates"":[]}"
0000000000000000080b_0,1,KBang,1032,1,0,1,14.420117450898594,108.44894503255601,1,2018,1027,15.494173,3056.5912619680166,2430.7695342178336,0.4898810582556832,7,train,31,"{""type"":""MultiPoint"",""coordinates"":[]}"
000000000000000008fc_0,1,KBang,520,1,0,0,14.203173266446344,108.53787734396593,0,0,521,7.2138195,3132.6109425723553,2663.5936415282367,0.4783644806122511,7,train,40,"{""type"":""MultiPoint"",""coordinates"":[]}"
00000000000000000972_0,1,KBang,519,1,0,0,14.217188221057324,108.5125451908813,0,0,519,7.339462,3132.6109425723553,2663.5936415282367,0.3429992180128316,7,train,64,"{""type"":""MultiPoint"",""coordinates"":[]}"
00000000000000000a63_0,1,KBang,1141,1,1,0,14.498539661125548,108.42064757727083,1,2022,1141,6.534259,3082.7387473136187,2420.537351960532,0.3165707953277145,7,train,66,"{""type"":""MultiPoint"",""coordinates"":[]}"
00000000000000000a6a_0,1,KBang,756,1,1,0,14.332799334070017,108.50607503525276,1,2020,756,7.341722,3361.179399266839,2766.2203726602984,0.5669913405844608,7,train,88,"{""type"":""MultiPoint"",""coordinates"":[]}"
00000000000000000a9d_0,1,KBang,634,1,0,1,14.252218918933197,108.43950957472693,0,2016,634,6.8038135,3954.77065885067,3193.707802749039,0.11766840561485359,7,train,37,"{""type"":""MultiPoint"",""coordinates"":[]}"
00000000000000000aa2_0,1,KBang,609,1,1,0,14.284560778873841,108.4419353257,1,2020,612,4.7219605,3954.77065885067,3193.707802749039,0.24455206427303,7,train,66,"{""type"":""MultiPoint"",""coordinates"":[]}"
00000000000000000b5b_0,1,KBang,845,1,1,0,14.361636340582653,108.32928951488783,1,2019,845,6.734563,3714.876072347164,2911.4369120395304,0.6160769687922298,7,train,67,"{""type"":""MultiPoint"",""coordinates"":[]}"
00000000000000000c08_0,1,KBang,941,1,1,0,14.373760636346972,108.44624727641866,1,2020,941,7.063459,3307.1987401247025,2646.067406310553,0.3185210067273083,7,train,63,"{""type"":""MultiPoint"",""coordinates"":[]}"
00000000000000000658_0,1,KBang,745,1,0,1,14.202901261282085,108.42576662528019,1,2016,744,7.6110034,3484.5955844521523,2837.824403122823,0.4313493167949132,8,train,77,"{""type"":""MultiPoint"",""coordinates"":[]}"
00000000000000000727_0,1,KBang,472,1,0,1,14.014526537279265,108.61495290567474,1,2018,476,5.863655,2391.06220805645,2115.0544911156617,0.32891806750216923,8,train,31,"{""type"":""MultiPoint"",""coordinates"":[]}"
00000000000000000748_0,1,KBang,695,1,1,0,14.177029556969993,108.47535628809557,1,2022,689,16.669714,3179.5106303691864,2674.3027243573615,0.7269646294897127,8,train,77,"{""type"":""MultiPoint"",""coordinates"":[]}"
000000000000000007ba_0,1,KBang,606,1,1,0,14.266773424771644,108.44139577447253,1,2019,605,9.105863,3954.77065885067,3193.707802749039,0.6532706779985215,8,train,70,"{""type"":""MultiPoint"",""coordinates"":[]}"
00000000000000000872_0,1,KBang,663,1,0,1,14.22122816661175,108.48290108707799,1,2008,670,11.150274,3116.021737858653,2587.275775269555,0.26148435867818043,8,train,88,"{""type"":""MultiPoint"",""coordinates"":[]}"
00000000000000000910_0,1,KBang,829,1,1,0,14.35355199037275,108.5025746409258,1,2019,829,7.831308,3057.4028005301952,2452.323266195249,0.785455262938625,8,train,60,"{""type"":""MultiPoint"",""coordinates"":[]}"
00000000000000000994_0,1,KBang,530,1,1,0,14.179994859170534,108.51712468766318,1,2019,535,11.890572,2927.8332602009177,2497.137565198986,0.004235245326019266,8,train,66,"{""type"":""MultiPoint"",""coordinates"":[]}"
00000000000000000a22_0,1,KBang,1129,1,1,0,14.513629259090408,108.41498897803402,1,2020,1140,17.191046,2982.197799295187,2381.099704130859,0.11298274499672523,8,train,63,"{""type"":""MultiPoint"",""coordinates"":[]}"
00000000000000000a3e_0,1,KBang,605,1,1,0,14.16651945578702,108.48721303779668,1,2019,596,17.47058,3179.5106303691864,2674.3027243573615,0.13476104133772948,8,train,50,"{""type"":""MultiPoint"",""coordinates"":[]}"
00000000000000000b16_0,1,KBang,934,1,1,0,14.35759193592718,108.49367873432418,1,2019,937,9.939706,3174.5908024162054,2515.3602785260928,0.2097585960341296,8,train,63,"{""type"":""MultiPoint"",""coordinates"":[]}"
00000000000000000b1f_0,1,KBang,610,1,0,1,14.281863022736507,108.44651928158292,1,2018,610,8.09224,3954.77065885067,3193.707802749039,0.5755499389713918,8,train,33,"{""type"":""MultiPoint"",""coordinates"":[]}"
00000000000000000b43_0,1,KBang,781,1,1,0,14.23955507194141,108.44867302739175,1,2021,786,7.905335,3484.5955844521523,2837.824403122823,0.20598224423412792,8,train,53,"{""type"":""MultiPoint"",""coordinates"":[]}"
00000000000000000b7a_0,1,KBang,666,1,1,0,14.261921922825497,108.4389744826005,0,2020,666,8.012544,3954.77065885067,3193.707802749039,0.600500544760435,8,train,43,"{""type"":""MultiPoint"",""coordinates"":[]}"
00000000000000000bef_0,1,KBang,651,1,0,1,14.25680287481614,108.57911065140713,0,2018,653,10.155905,3002.574410483241,2569.066161002828,0.6744230090131317,8,train,39,"{""type"":""MultiPoint"",""coordinates"":[]}"
00000000000000000c64_0,1,KBang,613,1,0,1,14.28240257396397,108.4470588328104,1,2018,613,8.093701,3954.77065885067,3193.707802749039,0.3144398950154834,8,train,37,"{""type"":""MultiPoint"",""coordinates"":[]}"
00000000000000000c71_0,1,KBang,849,1,1,0,14.361364335418392,108.56698189654178,1,2019,849,7.615054,3001.057534530759,2400.0190920016626,0.7022116795266204,8,train,60,"{""type"":""MultiPoint"",""coordinates"":[]}"
000000000000000006bc_0,1,KBang,755,1,1,0,14.10480549720733,108.50122353330661,1,2021,758,20.60708,3335.206618718803,2843.7770705979806,0.20012398636086348,9,train,73,"{""type"":""MultiPoint"",""coordinates"":[]}"
000000000000000006db_0,1,KBang,760,1,1,0,14.324982529923327,108.51335228817199,1,2022,760,8.758723,3361.179399266839,2766.2203726602984,0.39022790069972957,9,train,60,"{""type"":""MultiPoint"",""coordinates"":[]}"
000000000000000008d4_0,1,KBang,840,1,1,0,14.424157396453017,108.56698189654178,1,2021,840,8.604731,3010.9200901687145,2435.0759028388934,0.7285529390924964,9,train,31,"{""type"":""MultiPoint"",""coordinates"":[]}"
000000000000000008ed_0,1,KBang,617,1,1,0,14.301808581748569,108.4866734865692,1,2021,617,8.758629,3410.552547223866,2766.438409104254,0.6550647275651981,9,train,64,"{""type"":""MultiPoint"",""coordinates"":[]}"
0000000000000000091e_0,1,KBang,748,1,1,0,14.30584852730299,108.5764128952698,1,2023,753,8.50118,3139.498244166374,2607.9216171444064,0.27040740803606167,9,train,57,"{""type"":""MultiPoint"",""coordinates"":[]}"
0000000000000000093b_0,1,KBang,832,1,0,0,14.375111743966166,108.57857110017969,0,0,827,7.342551,3001.057534530759,2400.0190920016626,0.12867736181338474,9,train,64,"{""type"":""MultiPoint"",""coordinates"":[]}"
00000000000000000986_0,1,KBang,959,1,0,0,14.489915759688186,108.48909923754228,0,0,961,11.296439,3062.020653218031,2418.2485376937757,0.32819765551804436,9,train,53,"{""type"":""MultiPoint"",""coordinates"":[]}"
000000000000000009a1_0,1,KBang,596,1,1,0,14.1608608565502,108.50823324016261,1,2022,596,8.290039,2927.8332602009177,2497.137565198986,0.3985791883014581,9,train,37,"{""type"":""MultiPoint"",""coordinates"":[]}"
00000000000000000bb9_0,1,KBang,852,1,0,1,14.202901261282085,108.45918312857471,1,2017,853,9.479898,3116.021737858653,2587.275775269555,0.6055368267616139,9,train,30,"{""type"":""MultiPoint"",""coordinates"":[]}"
00000000000000000bfc_0,1,KBang,532,1,1,0,14.180266864334797,108.51712468766318,1,2019,537,9.522597,2927.8332602009177,2497.137565198986,0.3678098454570423,9,train,63,"{""type"":""MultiPoint"",""coordinates"":[]}"
00000000000000000c56_0,1,KBang,678,1,0,1,14.24467411995077,108.54272884591208,1,2016,681,9.299363,3132.6109425723553,2663.5936415282367,0.29359168511434064,9,train,93,"{""type"":""MultiPoint"",""coordinates"":[]}"
000000000000000006b1_0,1,KBang,518,1,0,0,14.189425857898572,108.5481198990857,0,0,518,9.652597,2927.8332602009177,2497.137565198986,0.22388325487799476,10,train,53,"{""type"":""MultiPoint"",""coordinates"":[]}"
000000000000000006d4_0,1,KBang,593,1,0,1,14.173796708706245,108.51820379011812,1,2016,587,3.3728704,2927.8332602009177,2497.137565198986,0.7065931635437818,10,train,99,"{""type"":""MultiPoint"",""coordinates"":[]}"
00000000000000000711_0,1,KBang,546,1,1,0,14.149811204139759,108.55674380052305,1,2022,551,10.0263605,2848.0301147326827,2458.056594692424,0.3428390955657723,10,train,39,"{""type"":""MultiPoint"",""coordinates"":[]}"
000000000000000007ea_0,1,KBang,544,1,0,1,14.187004566026554,108.51362429333624,1,2018,541,8.974344,2927.8332602009177,2497.137565198986,0.6153455525848184,10,train,70,"{""type"":""MultiPoint"",""coordinates"":[]}"
00000000000000000801_0,1,KBang,842,1,0,0,14.389661790703556,108.32713130997796,0,0,843,20.885872,3714.876072347164,2911.4369120395304,0.25360579263510574,10,train,70,"{""type"":""MultiPoint"",""coordinates"":[]}"
00000000000000000877_0,1,KBang,527,1,0,1,14.173257157478778,108.5564717953588,1,2017,527,10.268858,2894.3183166086674,2468.4566263710717,0.15518113756550067,10,train,36,"{""type"":""MultiPoint"",""coordinates"":[]}"
000000000000000008ad_0,1,KBang,785,1,0,1,14.33845793330684,108.50661458648021,1,2018,778,11.4804,3361.179399266839,2766.2203726602984,0.5486378548508104,10,train,77,"{""type"":""MultiPoint"",""coordinates"":[]}"
00000000000000000a7c_0,1,KBang,902,1,1,0,14.373225544220558,108.44274688209173,1,2019,901,11.826407,3307.1987401247025,2646.067406310553,0.26674325935869214,10,train,63,"{""type"":""MultiPoint"",""coordinates"":[]}"
00000000000000000a89_0,1,KBang,569,1,0,1,14.076240495858954,108.55243184980436,1,2001,562,7.4923134,2688.57763389498,2350.219560145993,0.2768593300930917,10,train,60,"{""type"":""MultiPoint"",""coordinates"":[]}"
00000000000000000a90_0,1,KBang,588,1,0,1,14.302076127811775,108.49367873432418,1,2018,591,12.967773,3410.552547223866,2766.438409104254,0.09949708219176512,10,train,48,"{""type"":""MultiPoint"",""coordinates"":[]}"
00000000000000000aa7_0,1,KBang,971,1,0,1,14.471856400421728,108.51065899113568,1,2017,971,10.164217,3223.115180581808,2551.5795426868085,0.2764060865239827,10,train,66,"{""type"":""MultiPoint"",""coordinates"":[]}"
00000000000000000b35_0,1,KBang,570,1,1,0,14.165172807268881,108.51200563965382,1,2023,570,9.685438,2927.8332602009177,2497.137565198986,0.7336255289103109,10,train,33,"{""type"":""MultiPoint"",""coordinates"":[]}"
00000000000000000b9a_0,1,KBang,860,1,0,1,14.226619219785364,108.43924202866371,1,2017,860,10.32294,3484.5955844521523,2837.824403122823,0.47155968850457486,10,train,60,"{""type"":""MultiPoint"",""coordinates"":[]}"
00000000000000000c48_0,1,KBang,863,1,0,1,14.350586688172214,108.48101488733239,1,2018,859,9.65914,3174.5908024162054,2515.3602785260928,0.5487656183834945,10,train,88,"{""type"":""MultiPoint"",""coordinates"":[]}"
0000000000000000066f_0,1,KBang,532,1,1,0,14.108042804572133,108.55943709755935,1,2021,532,10.767402,2848.0301147326827,2458.056594692424,0.6660180796650371,11,train,53,"{""type"":""MultiPoint"",""coordinates"":[]}"
000000000000000007f3_0,1,KBang,1140,1,1,0,14.508510211081054,108.43789538014558,1,2022,1140,11.34585,2982.197799295187,2381.099704130859,0.35229860250205314,11,train,70,"{""type"":""MultiPoint"",""coordinates"":[]}"
0000000000000000084b_0,1,KBang,764,1,1,0,14.051447894001798,108.50823324016261,1,2019,760,12.239656,3250.9848297685385,2783.4902848679035,0.23345410089991847,11,train,60,"{""type"":""MultiPoint"",""coordinates"":[]}"
00000000000000000862_0,1,KBang,482,1,0,0,14.15870711074138,108.55566469806813,0,0,476,7.9049726,2894.3183166086674,2468.4566263710717,0.1300356524059254,11,train,37,"{""type"":""MultiPoint"",""coordinates"":[]}"
000000000000000008ba_0,1,KBang,986,1,1,0,14.359478135672784,108.43546962917249,1,2021,995,11.374389,3307.1987401247025,2646.067406310553,0.14306772855778505,11,train,63,"{""type"":""MultiPoint"",""coordinates"":[]}"
0000000000000000090a_0,1,KBang,603,1,0,1,14.04605684082818,108.49529738800656,1,2016,603,11.289007,3190.6124956309795,2728.4823353968372,0.5475000950497448,11,train,43,"{""type"":""MultiPoint"",""coordinates"":[]}"
0000000000000000096e_0,1,KBang,504,1,0,0,14.178380664589184,108.60632900423737,0,0,513,17.089071,2827.968597881496,2459.472389055322,0.04872652371989372,11,train,48,"{""type"":""MultiPoint"",""coordinates"":[]}"
0000000000000000098a_0,1,KBang,534,1,1,0,14.20559901741942,108.5960864491176,1,2024,527,12.540972,2988.904823511839,2527.354326276477,0.474119662768103,11,train,36,"{""type"":""MultiPoint"",""coordinates"":[]}"
000000000000000009a6_0,1,KBang,574,1,1,0,14.311779131704073,108.47023278098516,1,2019,580,16.672083,3410.552547223866,2766.438409104254,0.297753756724898,11,train,32,"{""type"":""MultiPoint"",""coordinates"":[]}"
00000000000000000a1f_0,1,KBang,514,1,0,1,14.171642962897431,108.5580904490412,1,2002,514,10.658376,2894.3183166086674,2468.4566263710717,0.6362784630906461,11,train,40,"{""type"":""MultiPoint"",""coordinates"":[]}"
00000000000000000c6e_0,1,KBang,812,1,1,0,14.312046677767281,108.56320949705056,1,2023,819,11.1504,3139.498244166374,2607.9216171444064,0.5642108290819372,11,train,99,"{""type"":""MultiPoint"",""coordinates"":[]}"
00000000000000000771_0,1,KBang,907,1,0,0,14.355977741345828,108.51766423889066,0,0,912,9.933666,3057.4028005301952,2452.323266195249,0.691142617732965,12,train,66,"{""type"":""MultiPoint"",""coordinates"":[]}"
000000000000000007a2_0,1,KBang,727,1,0,0,14.28617497345519,108.52332283812747,0,0,740,15.876874,3283.608837634325,2704.4453318488963,0.44623238474677673,12,train,31,"{""type"":""MultiPoint"",""coordinates"":[]}"
000000000000000007a4_0,1,KBang,733,1,0,1,14.325794086315053,108.50041643601593,1,2016,727,6.7335157,3361.179399266839,2766.2203726602984,0.11504503482822659,12,train,48,"{""type"":""MultiPoint"",""coordinates"":[]}"
00000000000000000851_0,1,KBang,535,1,0,1,14.184039263826012,108.520361995028,1,2018,535,11.821428,2927.8332602009177,2497.137565198986,0.24720290354549967,12,train,48,"{""type"":""MultiPoint"",""coordinates"":[]}"
00000000000000000940_0,1,KBang,505,1,1,0,14.015605639734199,108.54784789392143,1,2022,509,13.750852,2564.0038387179375,2229.6440313951343,0.7553607889969884,12,train,50,"{""type"":""MultiPoint"",""coordinates"":[]}"
00000000000000000c2b_0,1,KBang,1089,1,1,0,14.414186846497511,108.39208257592247,0,2022,1085,8.604568,3230.138293027878,2568.9875608114658,0.057076282438180526,12,train,37,"{""type"":""MultiPoint"",""coordinates"":[]}"
00000000000000000c61_0,1,KBang,1067,1,0,1,14.515247912772809,108.465381279039,1,2016,1067,12.451939,3149.5016675293446,2511.7643873978677,0.05086489471838085,12,train,84,"{""type"":""MultiPoint"",""coordinates"":[]}"
000000000000000006be_0,1,KBang,722,1,0,1,14.27000627303539,108.47616338538623,1,2016,722,12.544258,3299.3934005498886,2718.926994363391,0.16830225869758408,13,train,93,"{""type"":""MultiPoint"",""coordinates"":[]}"
000000000000000006e7_0,1,KBang,716,1,0,1,14.262189468888701,108.4419353257,1,2018,716,12.5438595,3954.77065885067,3193.707802749039,0.6542999429063605,13,train,93,"{""type"":""MultiPoint"",""coordinates"":[]}"
0000000000000000076a_0,1,KBang,954,1,1,0,14.399904345823327,108.41660317261535,1,2019,958,13.12196,3056.5912619680166,2430.7695342178336,0.7932848819837893,13,train,77,"{""type"":""MultiPoint"",""coordinates"":[]}"
0000000000000000082c_0,1,KBang,527,1,1,0,14.170563860442497,108.59905175131814,1,2019,532,12.454903,2894.3183166086674,2468.4566263710717,0.21659008298401883,13,train,36,"{""type"":""MultiPoint"",""coordinates"":[]}"
000000000000000008a5_0,1,KBang,632,1,0,0,14.034200091127069,108.4947578367791,0,0,635,8.598317,3190.6124956309795,2728.4823353968372,0.5050273984023157,13,train,43,"{""type"":""MultiPoint"",""coordinates"":[]}"
00000000000000000909_0,1,KBang,876,1,0,0,14.382656542948595,108.45109877836481,0,0,884,19.806744,3174.5908024162054,2515.3602785260928,0.05870885911550938,13,train,36,"{""type"":""MultiPoint"",""coordinates"":[]}"
0000000000000000098b_0,1,KBang,683,1,0,1,14.17918776187986,108.47481673686809,1,2015,687,11.736899,3179.5106303691864,2674.3027243573615,0.4766130297506126,13,train,66,"{""type"":""MultiPoint"",""coordinates"":[]}"
00000000000000000a68_0,1,KBang,1106,1,1,0,14.364601642783192,108.42226177185219,1,2020,1106,13.167132,3307.1987401247025,2646.067406310553,0.16075060572347144,13,train,77,"{""type"":""MultiPoint"",""coordinates"":[]}"
00000000000000000acd_0,1,KBang,875,1,0,1,14.382384537784338,108.45109877836481,0,2017,880,17.706945,3174.5908024162054,2515.3602785260928,0.7667943356086192,13,train,36,"{""type"":""MultiPoint"",""coordinates"":[]}"
00000000000000000bf5_0,1,KBang,731,1,1,0,14.195088916236449,108.47508428293129,1,2023,736,9.932654,3179.5106303691864,2674.3027243573615,0.13529368204035375,13,train,37,"{""type"":""MultiPoint"",""coordinates"":[]}"
00000000000000000c05_0,1,KBang,965,1,1,0,14.40017189188653,108.41633562655215,1,2021,966,12.206777,3056.5912619680166,2430.7695342178336,0.7881833935662392,13,train,77,"{""type"":""MultiPoint"",""coordinates"":[]}"
00000000000000000c19_0,1,KBang,643,1,0,1,14.283214130355699,108.44975212984667,1,2010,643,13.433256,3954.77065885067,3193.707802749039,0.28780117038212316,13,train,67,"{""type"":""MultiPoint"",""coordinates"":[]}"
00000000000000000c29_0,1,KBang,1098,1,1,0,14.413914841333254,108.39154302469498,1,2023,1092,12.451435,3230.138293027878,2568.9875608114658,0.44885052195454456,13,train,43,"{""type"":""MultiPoint"",""coordinates"":[]}"
00000000000000000686_0,1,KBang,585,1,1,0,14.076240495858954,108.55323894709505,1,2023,571,14.736818,2688.57763389498,2350.219560145993,0.6922031079487774,14,train,67,"{""type"":""MultiPoint"",""coordinates"":[]}"
000000000000000007e9_0,1,KBang,549,1,1,0,14.184578815053477,108.5222481947736,1,2020,543,15.005538,2927.8332602009177,2497.137565198986,0.6200242627916829,14,train,77,"{""type"":""MultiPoint"",""coordinates"":[]}"
0000000000000000083f_0,1,KBang,655,1,1,0,14.251144275579314,108.51658513643574,1,2020,664,15.41345,3283.608837634325,2704.4453318488963,0.7203768531979776,14,train,53,"{""type"":""MultiPoint"",""coordinates"":[]}"
000000000000000008c6_0,1,KBang,601,1,0,1,14.194549365008983,108.52305529206427,1,2016,602,13.894964,2927.8332602009177,2497.137565198986,0.13828570280248753,14,train,42,"{""type"":""MultiPoint"",""coordinates"":[]}"
000000000000000008cc_0,1,KBang,814,1,0,1,14.202361710054618,108.46888613246702,1,2017,814,13.798734,3116.021737858653,2587.275775269555,0.7363933692107224,14,train,64,"{""type"":""MultiPoint"",""coordinates"":[]}"
00000000000000000a81_0,1,KBang,597,1,0,0,14.304234332721645,108.4928716370335,0,0,607,16.936214,3410.552547223866,2766.438409104254,0.19334564928086817,14,train,43,"{""type"":""MultiPoint"",""coordinates"":[]}"
00000000000000000b51_0,1,KBang,1022,1,1,0,14.401518540404673,108.4052859741417,1,2022,1029,21.136566,3056.5912619680166,2430.7695342178336,0.09320952472608413,14,train,93,"{""type"":""MultiPoint"",""coordinates"":[]}"
00000000000000000c4f_0,1,KBang,795,1,0,1,14.205059466191951,108.4195684748159,1,2016,789,12.902489,3484.5955844521523,2837.824403122823,0.60331243564583,14,train,88,"{""type"":""MultiPoint"",""coordinates"":[]}"
00000000000000000650_0,1,KBang,619,1,0,1,14.271352921553536,108.50957988868075,1,2016,619,15.067159,3283.608837634325,2704.4453318488963,0.5194646050065154,15,train,70,"{""type"":""MultiPoint"",""coordinates"":[]}"
00000000000000000741_0,1,KBang,647,1,0,1,14.203440812509553,108.51712468766318,1,2011,655,14.312976,3132.6109425723553,2663.5936415282367,0.39214327854478737,15,train,66,"{""type"":""MultiPoint"",""coordinates"":[]}"
0000000000000000079f_0,1,KBang,953,1,0,1,14.394513292649709,108.44651928158292,1,2017,953,16.457968,3307.1987401247025,2646.067406310553,0.3122277502859344,15,train,84,"{""type"":""MultiPoint"",""coordinates"":[]}"
0000000000000000081b_0,1,KBang,773,1,0,1,14.263268571343634,108.45433162662857,1,2013,778,9.385479,3299.3934005498886,2718.926994363391,0.6764980716305555,15,train,99,"{""type"":""MultiPoint"",""coordinates"":[]}"
000000000000000008ea_0,1,KBang,813,1,1,0,14.35570573618157,108.5985122000907,1,2019,808,11.549368,3001.057534530759,2400.0190920016626,0.46253381657066317,15,train,48,"{""type"":""MultiPoint"",""coordinates"":[]}"
00000000000000000926_0,1,KBang,725,1,1,0,14.20398036373702,108.42199422578898,1,2020,721,6.5340776,3484.5955844521523,2837.824403122823,0.2830256170730977,15,train,93,"{""type"":""MultiPoint"",""coordinates"":[]}"
00000000000000000941_0,1,KBang,744,1,1,0,14.271352921553536,108.47346562924889,1,2020,744,15.196505,3299.3934005498886,2718.926994363391,0.6207477591726738,15,train,99,"{""type"":""MultiPoint"",""coordinates"":[]}"
000000000000000009b3_0,1,KBang,861,1,0,1,14.198321764500196,108.45244542688296,1,2017,867,16.065742,3179.5106303691864,2674.3027243573615,0.7955304428989922,15,train,32,"{""type"":""MultiPoint"",""coordinates"":[]}"
00000000000000000bc2_0,1,KBang,607,1,1,0,14.06896324293973,108.55000609883129,0,2021,602,15.589726,3250.9848297685385,2783.4902848679035,0.6104640761766967,15,train,37,"{""type"":""MultiPoint"",""coordinates"":[]}"
00000000000000000c17_0,1,KBang,1013,1,0,0,14.39720658968599,108.41256322706093,0,0,1013,15.204381,3307.1987401247025,2646.067406310553,0.5471345891732516,15,train,31,"{""type"":""MultiPoint"",""coordinates"":[]}"
00000000000000000c5b_0,1,KBang,609,1,1,0,14.270545824262861,108.44436107667306,1,2020,615,9.105887,3954.77065885067,3193.707802749039,0.683410725663795,15,train,57,"{""type"":""MultiPoint"",""coordinates"":[]}"
000000000000000009d7_0,1,KBang,656,1,1,0,14.204519914964484,108.51712468766318,1,2022,662,9.895804,3132.6109425723553,2663.5936415282367,0.5742858419209089,16,train,66,"{""type"":""MultiPoint"",""coordinates"":[]}"
00000000000000000a23_0,1,KBang,620,1,0,1,14.164633256041414,108.50796123499835,1,2014,611,17.585396,2927.8332602009177,2497.137565198986,0.27501109979809757,16,train,63,"{""type"":""MultiPoint"",""coordinates"":[]}"
00000000000000000a34_0,1,KBang,532,1,1,0,14.052254991292468,108.54569414811262,1,2023,533,17.613028,3250.9848297685385,2783.4902848679035,0.6252719812695064,16,train,39,"{""type"":""MultiPoint"",""coordinates"":[]}"
00000000000000000a35_0,1,KBang,1007,1,1,0,14.419577899671127,108.45029168107415,1,2019,1015,20.160822,3026.558855623007,2396.239654855617,0.03351505481944539,16,train,60,"{""type"":""MultiPoint"",""coordinates"":[]}"
00000000000000000abc_0,1,KBang,566,1,1,0,14.063844194930375,108.54596169417582,1,2021,566,16.057,3250.9848297685385,2783.4902848679035,0.2857200297001211,16,train,57,"{""type"":""MultiPoint"",""coordinates"":[]}"
00000000000000000af5_0,1,KBang,867,1,0,1,14.198321764500193,108.45217788081975,1,2017,878,22.795141,3179.5106303691864,2674.3027243573615,0.2568766101100173,16,train,30,"{""type"":""MultiPoint"",""coordinates"":[]}"
00000000000000000bbe_0,1,KBang,542,1,0,1,14.21476247008425,108.52116909231867,1,2016,534,11.150266,3132.6109425723553,2663.5936415282367,0.5460844157397083,16,train,43,"{""type"":""MultiPoint"",""coordinates"":[]}"
00000000000000000679_0,1,KBang,1043,1,0,1,14.442484301782681,108.46565328420326,1,2018,1043,16.938784,3026.558855623007,2396.239654855617,0.7350462471404692,17,train,70,"{""type"":""MultiPoint"",""coordinates"":[]}"
000000000000000006de_0,1,KBang,553,1,0,1,14.23928306677715,108.51605004430931,1,2018,540,12.282435,3132.6109425723553,2663.5936415282367,0.36919118319024824,17,train,38,"{""type"":""MultiPoint"",""coordinates"":[]}"
00000000000000000832_0,1,KBang,810,1,0,1,14.265966327480971,108.42630617650767,1,2017,820,18.292711,3954.77065885067,3193.707802749039,0.7547742338215174,17,train,30,"{""type"":""MultiPoint"",""coordinates"":[]}"
0000000000000000087e_0,1,KBang,935,1,1,0,14.360289692064512,108.49906978749779,1,2022,942,9.898816,3174.5908024162054,2515.3602785260928,0.6801665179297073,17,train,99,"{""type"":""MultiPoint"",""coordinates"":[]}"
00000000000000000996_0,1,KBang,1006,1,0,1,14.447335803728825,108.45217788081975,1,2018,1022,14.503825,3026.558855623007,2396.239654855617,0.6741807915487666,17,train,46,"{""type"":""MultiPoint"",""coordinates"":[]}"
000000000000000009cb_0,1,KBang,646,1,0,1,14.065997940739189,108.5518922985769,1,2006,630,20.445732,2688.57763389498,2350.219560145993,0.47570020092301524,17,train,70,"{""type"":""MultiPoint"",""coordinates"":[]}"
000000000000000009d2_0,1,KBang,661,1,0,0,14.308274278276066,108.48478728682359,0,0,661,16.936316,3410.552547223866,2766.438409104254,0.4768934055369074,17,train,48,"{""type"":""MultiPoint"",""coordinates"":[]}"
00000000000000000a1c_0,1,KBang,651,1,0,1,14.284288773709578,108.45541072908351,1,2018,642,12.802677,3299.3934005498886,2718.926994363391,0.36335368449429173,17,train,93,"{""type"":""MultiPoint"",""coordinates"":[]}"
00000000000000000aec_0,1,KBang,634,1,1,0,14.082978197550712,108.5467687914665,1,2024,634,17.125015,3250.9848297685385,2783.4902848679035,0.004703246302661945,17,train,67,"{""type"":""MultiPoint"",""coordinates"":[]}"
00000000000000000b99_0,1,KBang,763,1,1,0,14.219074420802936,108.46214843077524,1,2023,769,17.409275,3116.021737858653,2587.275775269555,0.7130277968275083,17,train,50,"{""type"":""MultiPoint"",""coordinates"":[]}"
000000000000000006c0_0,1,KBang,520,1,0,0,14.134449601010637,108.58934874742586,0,0,528,24.000784,2848.0301147326827,2458.056594692424,0.46007412706900375,18,train,67,"{""type"":""MultiPoint"",""coordinates"":[]}"
000000000000000006e0_0,1,KBang,599,1,0,0,14.051175888837534,108.5206295410912,0,0,597,15.363491,3250.9848297685385,2783.4902848679035,0.6248656792978202,18,train,43,"{""type"":""MultiPoint"",""coordinates"":[]}"
0000000000000000071a_0,1,KBang,847,1,0,0,14.411493549461234,108.60067040500054,0,0,843,14.194886,3179.367648512125,2581.221545913855,0.7613217289588216,18,train,80,"{""type"":""MultiPoint"",""coordinates"":[]}"
00000000000000000762_0,1,KBang,1013,1,0,0,14.447335803728825,108.46053423619392,0,0,1008,15.941846,3026.558855623007,2396.239654855617,0.6759242570423,18,train,99,"{""type"":""MultiPoint"",""coordinates"":[]}"
000000000000000008e1_0,1,KBang,817,1,0,0,14.200475510309014,108.45352452933788,0,0,826,16.606033,3116.021737858653,2587.275775269555,0.5452023230179465,18,train,32,"{""type"":""MultiPoint"",""coordinates"":[]}"
000000000000000009ed_0,1,KBang,982,1,0,1,14.397746140913458,108.41363787041483,1,2018,982,18.293121,3307.1987401247025,2646.067406310553,0.6254519417448514,18,train,67,"{""type"":""MultiPoint"",""coordinates"":[]}"
00000000000000000a2c_0,1,KBang,715,1,0,1,14.246832324860636,108.43870247743624,1,2017,715,17.925383,3484.5955844521523,2837.824403122823,0.0893687147414507,18,train,64,"{""type"":""MultiPoint"",""coordinates"":[]}"
00000000000000000a6f_0,1,KBang,772,1,0,1,14.227965868303505,108.45648983153845,1,2016,772,18.11621,3116.021737858653,2587.275775269555,0.19170309329326884,18,train,84,"{""type"":""MultiPoint"",""coordinates"":[]}"
00000000000000000b23_0,1,KBang,939,1,0,1,14.19481691107219,108.45137078352907,1,2018,956,25.887836,3179.5106303691864,2674.3027243573615,0.4384760966951837,18,train,77,"{""type"":""MultiPoint"",""coordinates"":[]}"
00000000000000000b53_0,1,KBang,685,1,1,0,14.174336259933712,108.47643093144946,1,2021,685,18.468363,3179.5106303691864,2674.3027243573615,0.7297878111486004,18,train,60,"{""type"":""MultiPoint"",""coordinates"":[]}"
0000000000000000066d_0,1,KBang,583,1,1,0,14.20586656348263,108.50230263576154,1,2019,593,17.475113,3132.6109425723553,2663.5936415282367,0.4175516470091125,19,train,77,"{""type"":""MultiPoint"",""coordinates"":[]}"
000000000000000007e7_0,1,KBang,969,1,1,0,14.38346364023927,108.42415243069885,1,2021,979,11.357163,3307.1987401247025,2646.067406310553,0.5736181624866047,19,train,77,"{""type"":""MultiPoint"",""coordinates"":[]}"
00000000000000000901_0,1,KBang,704,1,0,1,14.227965868303505,108.42522707405271,1,2018,714,20.191372,3484.5955844521523,2837.824403122823,0.03434775724213046,19,train,42,"{""type"":""MultiPoint"",""coordinates"":[]}"
000000000000000009fa_0,1,KBang,526,1,1,0,14.126637255965003,108.57533825191592,0,2022,526,18.859068,2848.0301147326827,2458.056594692424,0.5987130841997396,19,train,32,"{""type"":""MultiPoint"",""coordinates"":[]}"
00000000000000000bd4_0,1,KBang,843,1,1,0,14.2441345687233,108.44570772519121,1,2023,850,13.79965,3484.5955844521523,2837.824403122823,0.3537389318378339,19,train,32,"{""type"":""MultiPoint"",""coordinates"":[]}"
0000000000000000070a_0,1,KBang,1160,1,0,1,14.51767366374588,108.42927147870819,1,2016,1160,20.197424,2982.197799295187,2381.099704130859,0.16278172265038304,20,train,42,"{""type"":""MultiPoint"",""coordinates"":[]}"
000000000000000007f6_0,1,KBang,590,1,1,0,14.06896324293973,108.54973409366706,1,2022,593,15.589726,3250.9848297685385,2783.4902848679035,0.33893394479064987,20,train,34,"{""type"":""MultiPoint"",""coordinates"":[]}"
000000000000000009dc_0,1,KBang,621,1,1,0,14.1331029524925,108.5467687914665,1,2023,631,15.081275,3335.206618718803,2843.7770705979806,0.44852684497815287,20,train,77,"{""type"":""MultiPoint"",""coordinates"":[]}"
00000000000000000b05_0,1,KBang,627,1,0,0,14.291298480565596,108.4408606823461,0,0,627,19.799675,3954.77065885067,3193.707802749039,0.07514429428261338,20,train,32,"{""type"":""MultiPoint"",""coordinates"":[]}"
000000000000000008a1_0,1,KBang,804,1,0,1,14.35112623939968,108.59527935182693,0,2015,791,14.778531,3001.057534530759,2400.0190920016626,0.25190943212675765,21,train,48,"{""type"":""MultiPoint"",""coordinates"":[]}"
00000000000000000bf8_0,1,KBang,933,1,0,1,14.37430018757444,108.32443801294168,1,2018,942,24.41407,3714.876072347164,2911.4369120395304,0.2294920152131953,21,train,64,"{""type"":""MultiPoint"",""coordinates"":[]}"
000000000000000008dd_0,1,KBang,778,1,0,1,14.243595017495833,108.45083123230162,1,2014,778,21.981419,3116.021737858653,2587.275775269555,0.00677127183541637,22,train,53,"{""type"":""MultiPoint"",""coordinates"":[]}"
0000000000000000093f_0,1,KBang,533,1,0,0,14.141459307866656,108.56967519357806,0,0,542,15.397698,2848.0301147326827,2458.056594692424,0.055708281186398256,22,train,53,"{""type"":""MultiPoint"",""coordinates"":[]}"
00000000000000000a06_0,1,KBang,564,1,0,0,14.135800708629832,108.52359484329175,0,0,555,14.309026,3335.206618718803,2843.7770705979806,0.7249347100003529,22,train,48,"{""type"":""MultiPoint"",""coordinates"":[]}"
00000000000000000aa0_0,1,KBang,573,1,1,0,14.148197009558412,108.49745113381537,0,2021,586,22.561861,3364.3139811381698,2879.1407314955827,0.2576107694999322,22,train,35,"{""type"":""MultiPoint"",""coordinates"":[]}"
000000000000000007db_0,1,KBang,848,1,0,1,14.35355199037275,108.59312114691707,1,2017,848,22.671217,3001.057534530759,2400.0190920016626,0.09596362998540153,23,train,40,"{""type"":""MultiPoint"",""coordinates"":[]}"
0000000000000000082f_0,1,KBang,512,1,0,0,14.207485217165026,108.52817434007362,0,0,512,22.969799,3132.6109425723553,2663.5936415282367,0.4582826622094087,23,train,33,"{""type"":""MultiPoint"",""coordinates"":[]}"
000000000000000009bb_0,1,KBang,896,1,1,0,14.342502337962316,108.33629476264281,0,2021,901,21.249348,3590.3718142211437,2839.256492314795,0.5115605027648973,23,train,57,"{""type"":""MultiPoint"",""coordinates"":[]}"
00000000000000000a3b_0,1,KBang,573,1,0,1,14.21341136246506,108.51739669282746,1,2016,565,18.13923,3132.6109425723553,2663.5936415282367,0.30992817660939853,23,train,64,"{""type"":""MultiPoint"",""coordinates"":[]}"
00000000000000000b15_0,1,KBang,684,1,1,0,14.159246661968853,108.48559438411426,0,2021,685,25.884323,3179.5106303691864,2674.3027243573615,0.7033947134527172,23,train,42,"{""type"":""MultiPoint"",""coordinates"":[]}"
00000000000000000c31_0,1,KBang,606,1,1,0,14.302615679039246,108.50176308453406,1,2024,601,23.208916,3361.179399266839,2766.2203726602984,0.17098626100782632,23,train,93,"{""type"":""MultiPoint"",""coordinates"":[]}"
000000000000000008bf_0,1,KBang,767,1,0,1,14.258956620624955,108.42792483019005,1,2017,795,33.079075,3954.77065885067,3193.707802749039,0.3992211248563279,24,train,31,"{""type"":""MultiPoint"",""coordinates"":[]}"
000000000000000008f9_0,1,KBang,597,1,0,0,14.165444812433137,108.50230263576152,0,0,597,24.416838,2927.8332602009177,2497.137565198986,0.647573713766116,24,train,31,"{""type"":""MultiPoint"",""coordinates"":[]}"
0000000000000000096c_0,1,KBang,996,1,1,0,14.500425860871156,108.4909854372879,1,2020,985,16.46482,3149.5016675293446,2511.7643873978677,0.6345950517698316,24,train,70,"{""type"":""MultiPoint"",""coordinates"":[]}"
00000000000000000ac1_0,1,KBang,589,1,0,1,14.21368336762932,108.5187433413456,1,2016,578,19.772459,3132.6109425723553,2663.5936415282367,0.24782418090656522,24,train,64,"{""type"":""MultiPoint"",""coordinates"":[]}"
00000000000000000bf9_0,1,KBang,598,1,0,1,14.154934711250169,108.48398018953291,1,2016,598,23.605139,3179.5106303691864,2674.3027243573615,0.2534930338285377,24,train,61,"{""type"":""MultiPoint"",""coordinates"":[]}"
00000000000000000c0e_0,1,KBang,743,1,1,0,14.260575274307355,108.4408606823461,1,2024,722,34.71779,3954.77065885067,3193.707802749039,0.4997355691947175,25,train,31,"{""type"":""MultiPoint"",""coordinates"":[]}"
000000000000000008bc_0,1,KBang,617,1,0,0,14.172182514124898,108.50796123499835,0,0,623,18.993677,2927.8332602009177,2497.137565198986,0.6211542393840416,26,train,88,"{""type"":""MultiPoint"",""coordinates"":[]}"
00000000000000000aa5_0,1,KBang,763,1,0,1,14.261382371598026,108.4295390247714,1,2015,763,26.232302,3954.77065885067,3193.707802749039,0.4864070653226601,26,train,93,"{""type"":""MultiPoint"",""coordinates"":[]}"
00000000000000000897_0,1,KBang,618,1,1,0,14.241708817750226,108.50418883550714,1,2021,625,24.327232,3132.6109425723553,2663.5936415282367,0.7394057993710909,29,train,57,"{""type"":""MultiPoint"",""coordinates"":[]}"
00000000000000000a75_0,1,KBang,656,1,1,0,14.198049759335937,108.61791820787529,1,2022,647,27.348146,2827.968597881496,2459.472389055322,0.5388340854170985,30,train,36,"{""type"":""MultiPoint"",""coordinates"":[]}"
000000000000000009e1_0,1,KBang,953,1,0,0,14.386428942439814,108.40286022316863,0,0,968,25.488737,3307.1987401247025,2646.067406310553,0.4514176338635857,32,train,48,"{""type"":""MultiPoint"",""coordinates"":[]}"
00000000000000000b92_0,1,KBang,1143,1,1,0,14.491529954269536,108.41902892358843,1,2019,1162,29.053303,3082.7387473136187,2420.537351960532,0.5150190560117892,32,train,84,"{""type"":""MultiPoint"",""coordinates"":[]}"
00000000000000000691_0,1,KBang,755,1,0,0,14.164365709978206,108.47804958513184,0,0,755,37.82222,3179.5106303691864,2674.3027243573615,0.07196683811251381,38,train,88,"{""type"":""MultiPoint"",""coordinates"":[]}"
00000000000000000900_0,1,KBang,661,1,1,0,14.245213671178234,108.61980440762089,0,2019,661,2.7802885,2921.3837886452675,2499.82747799868,0.010512497759124106,3,train,44,"{""type"":""MultiPoint"",""coordinates"":[]}"
00000000000000000a77_0,1,KBang,517,1,1,0,14.144152604902938,108.53571913905607,0,2019,515,3.4127958,3335.206618718803,2843.7770705979806,0.5918856414865706,3,train,44,"{""type"":""MultiPoint"",""coordinates"":[]}"
0000000000000000067c_0,1,KBang,661,1,1,0,14.265966327480971,108.43358342942687,1,2019,663,4.7739387,3954.77065885067,3193.707802749039,0.3218447987584657,5,train,44,"{""type"":""MultiPoint"",""coordinates"":[]}"
00000000000000000661_0,1,KBang,722,1,1,0,14.27539732620901,108.55162029341264,1,2023,725,10.992985,3002.574410483241,2569.066161002828,0.2377227754754988,6,train,44,"{""type"":""MultiPoint"",""coordinates"":[]}"
00000000000000000662_0,1,KBang,759,1,0,1,14.236050218513402,108.44894503255601,1,2016,759,5.864253,3484.5955844521523,2837.824403122823,0.6502566522012209,6,train,44,"{""type"":""MultiPoint"",""coordinates"":[]}"
000000000000000008d7_0,1,KBang,528,1,0,0,14.191044511580973,108.5125451908813,0,0,528,5.721025,2927.8332602009177,2497.137565198986,0.7971911189654995,6,train,44,"{""type"":""MultiPoint"",""coordinates"":[]}"
00000000000000000ae9_0,1,KBang,561,1,0,0,14.133374957656757,108.50823324016261,0,0,558,3.825573,3335.206618718803,2843.7770705979806,0.5797045340053572,6,train,44,"{""type"":""MultiPoint"",""coordinates"":[]}"
0000000000000000076b_0,1,KBang,688,1,0,0,14.237936418259011,108.58126439721595,0,0,690,5.7222047,2988.904823511839,2527.354326276477,0.22974943350426658,7,train,44,"{""type"":""MultiPoint"",""coordinates"":[]}"
00000000000000000b2f_0,1,KBang,851,1,0,1,14.429548449626633,108.56617479925109,1,2017,855,9.9341345,3010.9200901687145,2435.0759028388934,0.37381829947680456,7,train,44,"{""type"":""MultiPoint"",""coordinates"":[]}"
00000000000000000bba_0,1,KBang,837,1,0,1,14.389394244640354,108.62141860220223,1,2017,837,6.7245746,2952.925736054778,2405.8077794335663,0.7195805227407495,7,train,44,"{""type"":""MultiPoint"",""coordinates"":[]}"
00000000000000000879_0,1,KBang,548,1,1,0,14.079745349286965,108.55485314167639,0,2022,551,9.375195,2688.57763389498,2350.219560145993,0.01688673345195879,8,train,44,"{""type"":""MultiPoint"",""coordinates"":[]}"
000000000000000008b2_0,1,KBang,526,1,0,1,14.191316516745234,108.52170864354615,1,2016,526,8.290269,2927.8332602009177,2497.137565198986,0.041792403796210964,8,train,44,"{""type"":""MultiPoint"",""coordinates"":[]}"
00000000000000000a33_0,1,KBang,630,1,0,1,14.13741490321118,108.53275829595657,0,2016,629,7.9426,3335.206618718803,2843.7770705979806,0.7548067181764722,8,train,44,"{""type"":""MultiPoint"",""coordinates"":[]}"
0000000000000000071e_0,1,KBang,620,1,1,0,14.306120532467249,108.48236153585052,1,2019,620,8.758646,3410.552547223866,2766.438409104254,0.6759786697721258,9,train,44,"{""type"":""MultiPoint"",""coordinates"":[]}"
00000000000000000732_0,1,KBang,618,1,1,0,14.283749222482115,108.44058867718184,1,2019,618,8.758556,3954.77065885067,3193.707802749039,0.5616951004199081,9,train,44,"{""type"":""MultiPoint"",""coordinates"":[]}"
00000000000000000a01_0,1,KBang,510,1,0,1,14.159514208032059,108.57560579797912,1,2006,511,8.973375,2894.3183166086674,2468.4566263710717,0.5958667085329074,9,train,44,"{""type"":""MultiPoint"",""coordinates"":[]}"
00000000000000000934_0,1,KBang,567,1,1,0,14.103998399916659,108.5405706410022,0,2022,571,7.3372755,3335.206618718803,2843.7770705979806,0.19454055177711393,10,train,44,"{""type"":""MultiPoint"",""coordinates"":[]}"
00000000000000000898_0,1,KBang,505,1,0,1,14.018566482833688,108.54758034785822,1,2013,505,12.270949,2564.0038387179375,2229.6440313951343,0.2933329017307649,12,train,44,"{""type"":""MultiPoint"",""coordinates"":[]}"
00000000000000000a65_0,1,KBang,759,1,1,0,14.306388078530459,108.46349507929341,1,2019,758,12.330315,3410.552547223866,2766.438409104254,0.34389755434513203,12,train,44,"{""type"":""MultiPoint"",""coordinates"":[]}"
00000000000000000b60_0,1,KBang,566,1,1,0,14.190237414290298,108.56401659434123,1,2022,566,12.028374,2894.3183166086674,2468.4566263710717,0.058368394416314584,12,train,44,"{""type"":""MultiPoint"",""coordinates"":[]}"
000000000000000007af_0,1,KBang,607,1,0,1,14.153316057567766,108.48613393534174,1,2018,607,12.7612,3179.5106303691864,2674.3027243573615,0.2839303822315641,13,train,44,"{""type"":""MultiPoint"",""coordinates"":[]}"
00000000000000000a12_0,1,KBang,570,1,0,1,14.16032130532273,108.51065899113568,1,2018,574,16.60408,2927.8332602009177,2497.137565198986,0.1983095565134202,13,train,44,"{""type"":""MultiPoint"",""coordinates"":[]}"
000000000000000008a8_0,1,KBang,1008,1,0,0,14.38993379586782,108.44004912595437,0,0,1008,15.224325,3307.1987401247025,2646.067406310553,0.6575264624407209,15,train,44,"{""type"":""MultiPoint"",""coordinates"":[]}"
00000000000000000bb4_0,1,KBang,758,1,1,0,14.235782672450197,108.45244542688296,1,2023,756,16.247896,3116.021737858653,2587.275775269555,0.7698567027628959,15,train,44,"{""type"":""MultiPoint"",""coordinates"":[]}"
000000000000000006ec_0,1,KBang,648,1,1,0,14.081091997805109,108.54838744514889,1,2023,648,16.32237,3250.9848297685385,2783.4902848679035,0.5835411376449265,16,train,44,"{""type"":""MultiPoint"",""coordinates"":[]}"
0000000000000000078b_0,1,KBang,565,1,0,1,14.142533951220537,108.51443139062691,1,2018,562,16.643158,3335.206618718803,2843.7770705979806,0.06480416271141898,17,train,44,"{""type"":""MultiPoint"",""coordinates"":[]}"
00000000000000000790_0,1,KBang,727,1,1,0,14.16166795384087,108.48074288216813,0,2020,732,28.667377,3179.5106303691864,2674.3027243573615,0.7189072518682257,24,train,44,"{""type"":""MultiPoint"",""coordinates"":[]}"
00000000000000000846_0,1,KBang,1143,1,0,1,14.499079212353013,108.38749862003951,1,2017,1143,24.397423,3139.124945908785,2478.474790363861,0.13067824816333196,24,train,44,"{""type"":""MultiPoint"",""coordinates"":[]}"
00000000000000000bf1_0,1,KBang,1000,1,0,0,14.43466749763599,108.46592083026647,0,0,1000,0.92740995,3026.558855623007,2396.239654855617,0.2663874964344938,1,train,45,"{""type"":""MultiPoint"",""coordinates"":[]}"
00000000000000000730_0,1,KBang,611,1,1,0,14.285367876164512,108.44032113111865,0,2020,613,9.617808,3954.77065885067,3193.707802749039,0.20742629572222993,3,train,45,"{""type"":""MultiPoint"",""coordinates"":[]}"
00000000000000000a0c_0,1,KBang,719,1,1,0,14.321482135596373,108.49987688478845,1,2020,721,2.0864837,3410.552547223866,2766.438409104254,0.05428375206848712,3,train,45,"{""type"":""MultiPoint"",""coordinates"":[]}"
000000000000000007f7_0,1,KBang,656,1,0,1,14.237396867031542,108.5222481947736,1,2017,656,3.9321153,3132.6109425723553,2663.5936415282367,0.3656173453444309,4,train,45,"{""type"":""MultiPoint"",""coordinates"":[]}"
00000000000000000c7c_0,1,KBang,726,1,0,0,14.280248828155155,108.47589138022197,0,0,726,4.1672873,3299.3934005498886,2718.926994363391,0.28889699658511436,4,train,45,"{""type"":""MultiPoint"",""coordinates"":[]}"
0000000000000000092e_0,1,KBang,745,1,1,0,14.284288773709578,108.53167919350163,1,2021,746,6.3549027,3283.608837634325,2704.4453318488963,0.15021869796508458,5,train,45,"{""type"":""MultiPoint"",""coordinates"":[]}"
00000000000000000bdc_0,1,KBang,620,1,0,0,14.065190843448514,108.5599766487868,0,0,623,8.873594,2688.57763389498,2350.219560145993,0.020126285330868576,5,train,45,"{""type"":""MultiPoint"",""coordinates"":[]}"
000000000000000009d5_0,1,KBang,613,1,0,0,14.195628467463914,108.52359484329175,0,0,618,6.802627,2927.8332602009177,2497.137565198986,0.5242483018494145,6,train,45,"{""type"":""MultiPoint"",""coordinates"":[]}"
00000000000000000c68_0,1,KBang,1044,1,1,0,14.41445439256072,108.41525652409723,1,2019,1040,6.238003,3056.5912619680166,2430.7695342178336,0.36204480934581484,6,train,45,"{""type"":""MultiPoint"",""coordinates"":[]}"
00000000000000000719_0,1,KBang,539,1,1,0,14.13957310812105,108.53113964227417,1,2021,536,7.4928436,3335.206618718803,2843.7770705979806,0.7925019829709533,7,train,45,"{""type"":""MultiPoint"",""coordinates"":[]}"
00000000000000000908_0,1,KBang,1004,1,0,1,14.434939502800251,108.46565328420326,1,2018,1004,7.3437285,3026.558855623007,2396.239654855617,0.5661310828139811,7,train,45,"{""type"":""MultiPoint"",""coordinates"":[]}"
00000000000000000ae3_0,1,KBang,988,1,1,0,14.388047596122213,108.44032113111865,1,2023,988,6.724561,3307.1987401247025,2646.067406310553,0.7568803113205336,7,train,45,"{""type"":""MultiPoint"",""coordinates"":[]}"
0000000000000000069e_0,1,KBang,910,1,0,0,14.359750140837045,108.52197618960933,0,0,902,13.999024,3057.4028005301952,2452.323266195249,0.18189106095067553,8,train,45,"{""type"":""MultiPoint"",""coordinates"":[]}"
000000000000000006ca_0,1,KBang,776,1,1,0,14.213950913692525,108.42361287947138,0,2019,775,6.667225,3484.5955844521523,2837.824403122823,0.2402962434156769,8,train,45,"{""type"":""MultiPoint"",""coordinates"":[]}"
0000000000000000072a_0,1,KBang,597,1,0,0,14.307195175821132,108.48882723237801,0,0,604,15.95205,3410.552547223866,2766.438409104254,0.4571119428356444,8,train,45,"{""type"":""MultiPoint"",""coordinates"":[]}"
000000000000000008ac_0,1,KBang,588,1,1,0,14.278902179637015,108.44490062790052,1,2019,585,7.215865,3954.77065885067,3193.707802749039,0.1438486879548022,8,train,45,"{""type"":""MultiPoint"",""coordinates"":[]}"
00000000000000000853_0,1,KBang,967,1,1,0,14.419038348443658,108.45298497811042,1,2023,972,7.3434157,3026.558855623007,2396.239654855617,0.37145160793260046,9,train,45,"{""type"":""MultiPoint"",""coordinates"":[]}"
00000000000000000a96_0,1,KBang,1047,1,1,0,14.443023853010146,108.42280132307964,1,2021,1047,9.533439,3056.5912619680166,2430.7695342178336,0.46807575382392397,10,train,45,"{""type"":""MultiPoint"",""coordinates"":[]}"
00000000000000000abd_0,1,KBang,656,1,0,1,14.181613512852934,108.47885668242252,1,2014,664,10.44658,3179.5106303691864,2674.3027243573615,0.006298752785208084,10,train,45,"{""type"":""MultiPoint"",""coordinates"":[]}"
00000000000000000ba1_0,1,KBang,631,1,1,0,14.258417069397487,108.43412298065434,1,2019,628,8.879034,3954.77065885067,3193.707802749039,0.715515381941115,10,train,45,"{""type"":""MultiPoint"",""coordinates"":[]}"
00000000000000000bbd_0,1,KBang,576,1,1,0,14.076780047086425,108.55404604438573,0,2022,569,15.48813,2688.57763389498,2350.219560145993,0.28747434142938366,10,train,45,"{""type"":""MultiPoint"",""coordinates"":[]}"
00000000000000000c79_0,1,KBang,666,1,1,0,14.229852068049114,108.48344063830547,1,2022,667,6.803345,3116.021737858653,2587.275775269555,0.13294481292253058,10,train,45,"{""type"":""MultiPoint"",""coordinates"":[]}"
0000000000000000086f_0,1,KBang,688,1,1,0,14.249258075833708,108.48909923754229,1,2023,691,14.208294,3116.021737858653,2587.275775269555,0.30704767432231506,13,train,45,"{""type"":""MultiPoint"",""coordinates"":[]}"
000000000000000008ab_0,1,KBang,563,1,1,0,14.129870104228747,108.50203508969832,0,2021,563,12.802631,3335.206618718803,2843.7770705979806,0.6477542880601537,13,train,45,"{""type"":""MultiPoint"",""coordinates"":[]}"
000000000000000008b9_0,1,KBang,553,1,0,1,14.255991318424412,108.50931234261755,0,2016,557,17.009674,3283.608837634325,2704.4453318488963,0.5523202738809261,13,train,45,"{""type"":""MultiPoint"",""coordinates"":[]}"
000000000000000008c5_0,1,KBang,653,1,0,1,14.049829240319395,108.49880224143459,0,2015,651,14.555351,3190.6124956309795,2728.4823353968372,0.767943977489533,13,train,45,"{""type"":""MultiPoint"",""coordinates"":[]}"
00000000000000000a24_0,1,KBang,585,1,1,0,14.230119614112317,108.5168571416,1,2024,577,7.29904,3132.6109425723553,2663.5936415282367,0.30361037521236334,13,train,45,"{""type"":""MultiPoint"",""coordinates"":[]}"
00000000000000000c24_0,1,KBang,554,1,1,0,14.139573108121047,108.56778899383244,0,2023,559,14.182756,2848.0301147326827,2458.056594692424,0.33215505393420197,13,train,45,"{""type"":""MultiPoint"",""coordinates"":[]}"
00000000000000000672_0,1,KBang,704,1,0,1,14.17945530794307,108.47373763441315,1,2009,713,14.635816,3179.5106303691864,2674.3027243573615,0.7606554754135332,15,train,45,"{""type"":""MultiPoint"",""coordinates"":[]}"
000000000000000006e8_0,1,KBang,1019,1,1,0,14.44059810203707,108.46619283543073,1,2020,1019,14.076059,3026.558855623007,2396.239654855617,0.5809725545722737,15,train,45,"{""type"":""MultiPoint"",""coordinates"":[]}"
00000000000000000bd2_0,1,KBang,563,1,1,0,14.257609972106813,108.50769368893515,1,2022,559,13.120474,3283.608837634325,2704.4453318488963,0.49504678541628067,16,train,45,"{""type"":""MultiPoint"",""coordinates"":[]}"
00000000000000000bee_0,1,KBang,581,1,0,0,14.241441271687018,108.5187433413456,0,0,580,14.187274,3132.6109425723553,2663.5936415282367,0.7804976746606542,16,train,45,"{""type"":""MultiPoint"",""coordinates"":[]}"
0000000000000000077d_0,1,KBang,717,1,0,0,14.233896472704588,108.64055260482256,0,0,717,17.119917,2921.3837886452675,2499.82747799868,0.3598236238038426,17,train,45,"{""type"":""MultiPoint"",""coordinates"":[]}"
00000000000000000a1a_0,1,KBang,625,1,1,0,14.140112659348516,108.5386844412566,1,2022,615,18.292324,3335.206618718803,2843.7770705979806,0.4662852154549304,19,train,45,"{""type"":""MultiPoint"",""coordinates"":[]}"
0000000000000000065c_0,1,KBang,547,1,1,0,14.206406114710095,108.53814489002914,1,2020,554,10.767964,3132.6109425723553,2663.5936415282367,0.519099185818753,20,train,45,"{""type"":""MultiPoint"",""coordinates"":[]}"
00000000000000000942_0,1,KBang,812,1,0,1,14.26569432231671,108.42657372257088,1,2017,810,17.190836,3954.77065885067,3193.707802749039,0.5542516688790063,20,train,45,"{""type"":""MultiPoint"",""coordinates"":[]}"
00000000000000000ac8_0,1,KBang,585,1,1,0,14.125825699573275,108.61441335444727,1,2023,568,32.01418,2804.7301520854235,2443.1153159725673,0.14578709881321605,21,train,45,"{""type"":""MultiPoint"",""coordinates"":[]}"
00000000000000000b71_0,1,KBang,539,1,1,0,14.198861315727667,108.53949599764832,1,2020,539,21.117422,2927.8332602009177,2497.137565198986,0.1374889151263894,21,train,45,"{""type"":""MultiPoint"",""coordinates"":[]}"
00000000000000000b7b_0,1,KBang,532,1,1,0,14.196435564754589,108.53949599764832,1,2020,534,27.184494,2927.8332602009177,2497.137565198986,0.7352251710214112,21,train,45,"{""type"":""MultiPoint"",""coordinates"":[]}"
00000000000000000b45_0,1,KBang,557,1,0,1,14.17487581116118,108.55431804954999,1,2018,548,17.326973,2894.3183166086674,2468.4566263710717,0.1591923488532201,22,train,45,"{""type"":""MultiPoint"",""coordinates"":[]}"
00000000000000000859_0,1,KBang,660,1,0,1,14.164093704813949,108.48344063830547,1,2017,660,23.371677,3179.5106303691864,2674.3027243573615,0.0364365353341628,23,train,45,"{""type"":""MultiPoint"",""coordinates"":[]}"
0000000000000000085b_0,1,KBang,655,1,0,1,14.07731959831389,108.54704079663075,1,2012,644,27.619738,3250.9848297685385,2783.4902848679035,0.6836569846276098,23,train,45,"{""type"":""MultiPoint"",""coordinates"":[]}"
00000000000000000c35_0,1,KBang,973,1,0,0,14.397478594850249,108.4408606823461,0,0,973,24.39362,3307.1987401247025,2646.067406310553,0.5605679619315931,24,train,45,"{""type"":""MultiPoint"",""coordinates"":[]}"
000000000000000007bc_0,1,KBang,726,1,0,1,14.258149523334282,108.44328643331917,1,2018,759,31.247404,3954.77065885067,3193.707802749039,0.729898041502395,26,train,45,"{""type"":""MultiPoint"",""coordinates"":[]}"
00000000000000000b21_0,1,KBang,634,1,0,1,14.278902179637019,108.49367873432418,1,2017,623,26.0693,3299.3934005498886,2718.926994363391,0.38429117124232826,34,train,45,"{""type"":""MultiPoint"",""coordinates"":[]}"
000000000000000009d4_0,1,KBang,549,1,0,1,14.134721606174898,108.52008998986373,1,2014,549,0.9563593,3335.206618718803,2843.7770705979806,0.7263389199676286,1,train,47,"{""type"":""MultiPoint"",""coordinates"":[]}"
0000000000000000092f_0,1,KBang,758,1,1,0,14.329566485806268,108.60147750229122,1,2019,760,2.939955,2904.3306356593966,2447.77248901683,0.30208136767956717,3,train,47,"{""type"":""MultiPoint"",""coordinates"":[]}"
000000000000000009fb_0,1,KBang,506,1,1,0,14.201826617928205,108.5384168951934,1,2022,506,3.4134073,3132.6109425723553,2663.5936415282367,0.5343266169697052,3,train,47,"{""type"":""MultiPoint"",""coordinates"":[]}"
0000000000000000070f_0,1,KBang,888,1,1,0,14.326329178441467,108.32605220752305,0,2019,891,18.62679,3590.3718142211437,2839.256492314795,0.7626610598990817,5,train,47,"{""type"":""MultiPoint"",""coordinates"":[]}"
00000000000000000b97_0,1,KBang,673,1,1,0,14.240094623168877,108.52143663838187,1,2019,672,7.2148147,3132.6109425723553,2663.5936415282367,0.027069824706915657,6,train,47,"{""type"":""MultiPoint"",""coordinates"":[]}"
00000000000000000804_0,1,KBang,758,1,0,1,14.329566485806268,108.51523848791757,1,2017,757,3.9336329,3361.179399266839,2766.2203726602984,0.08986113346294355,7,train,47,"{""type"":""MultiPoint"",""coordinates"":[]}"
00000000000000000c21_0,1,KBang,709,1,0,1,14.134182054947429,108.49475783677912,1,2017,712,13.425093,3364.3139811381698,2879.1407314955827,0.030516055960900568,13,train,47,"{""type"":""MultiPoint"",""coordinates"":[]}"
000000000000000009fc_0,1,KBang,860,1,1,0,14.414726397724976,108.56671435047858,1,2019,860,13.579462,3010.9200901687145,2435.0759028388934,0.17715649049131132,14,train,47,"{""type"":""MultiPoint"",""coordinates"":[]}"
00000000000000000b5c_0,1,KBang,842,1,1,0,14.411761095524437,108.58396215335328,1,2021,836,11.609092,3010.9200901687145,2435.0759028388934,0.35834285586837256,15,train,47,"{""type"":""MultiPoint"",""coordinates"":[]}"
000000000000000006dc_0,1,KBang,543,1,1,0,14.205327012255163,108.53949599764832,1,2022,539,19.426102,3132.6109425723553,2663.5936415282367,0.38717600983758094,16,train,47,"{""type"":""MultiPoint"",""coordinates"":[]}"
00000000000000000995_0,1,KBang,601,1,0,0,14.293184680311207,108.47751003390437,0,0,590,18.722298,3299.3934005498886,2718.926994363391,0.5433604778104442,16,train,47,"{""type"":""MultiPoint"",""coordinates"":[]}"
000000000000000006e1_0,1,KBang,561,1,0,1,14.194549365008983,108.52898143736431,1,2018,566,12.763268,2927.8332602009177,2497.137565198986,0.20881556436770332,19,train,47,"{""type"":""MultiPoint"",""coordinates"":[]}"
0000000000000000073a_0,1,KBang,835,1,0,0,14.418226792051934,108.32281935925928,0,0,835,19.861176,3774.6228857189417,2999.9198697531438,0.07663566730296778,20,train,47,"{""type"":""MultiPoint"",""coordinates"":[]}"
00000000000000000c55_0,1,KBang,600,1,1,0,14.147657458330947,108.62788875783079,0,2023,600,27.672842,2804.7301520854235,2443.1153159725673,0.6360304594288998,28,train,47,"{""type"":""MultiPoint"",""coordinates"":[]}"
00000000000000000883_0,1,KBang,844,1,0,1,14.198049759335937,108.45837603128403,1,2016,844,5.003931,3179.5106303691864,2674.3027243573615,0.42192557825952504,5,train,49,"{""type"":""MultiPoint"",""coordinates"":[]}"
00000000000000000a5c_0,1,KBang,895,1,1,0,14.385349839984878,108.42819237625328,1,2021,890,13.772037,3307.1987401247025,2646.067406310553,0.2750387477266053,6,train,49,"{""type"":""MultiPoint"",""coordinates"":[]}"
00000000000000000c40_0,1,KBang,582,1,1,0,14.165979904559558,108.49206453974283,1,2019,582,6.352231,3179.5106303691864,2674.3027243573615,0.5973284043352426,6,train,49,"{""type"":""MultiPoint"",""coordinates"":[]}"
00000000000000000695_0,1,KBang,592,1,1,0,14.167331012178744,108.49287163703349,0,2023,598,13.771798,3179.5106303691864,2674.3027243573615,0.7631348769360117,7,train,49,"{""type"":""MultiPoint"",""coordinates"":[]}"
00000000000000000c62_0,1,KBang,726,1,0,1,14.305041430012317,108.46268798200272,1,2017,732,8.342654,3410.552547223866,2766.438409104254,0.3605435233878391,7,train,49,"{""type"":""MultiPoint"",""coordinates"":[]}"
00000000000000000c3f_0,1,KBang,660,1,1,0,14.189965409126039,108.48855968631483,1,2022,658,15.721734,3179.5106303691864,2674.3027243573615,0.6470799939533435,11,train,49,"{""type"":""MultiPoint"",""coordinates"":[]}"
00000000000000000696_0,1,KBang,660,1,1,0,14.241980822914485,108.48775258902414,1,2022,653,10.480118,3116.021737858653,2587.275775269555,0.45006573570132846,12,train,49,"{""type"":""MultiPoint"",""coordinates"":[]}"
000000000000000006e2_0,1,KBang,483,1,1,0,14.016412737024874,108.60255660474616,1,2022,489,13.112015,2391.06220805645,2115.0544911156617,0.7331988369894302,12,train,49,"{""type"":""MultiPoint"",""coordinates"":[]}"
000000000000000009f1_0,1,KBang,989,1,0,1,14.395320389940382,108.44058867718184,1,2017,996,13.679301,3307.1987401247025,2646.067406310553,0.06289630025473014,12,train,49,"{""type"":""MultiPoint"",""coordinates"":[]}"
00000000000000000983_0,1,KBang,772,1,0,0,14.33845793330684,108.50607503525276,0,0,767,4.7754717,3361.179399266839,2766.2203726602984,0.0564391575836225,13,train,49,"{""type"":""MultiPoint"",""coordinates"":[]}"
00000000000000000a3a_0,1,KBang,656,1,1,0,14.263001025280431,108.4408606823461,1,2019,656,17.94654,3954.77065885067,3193.707802749039,0.15188088689276136,18,train,49,"{""type"":""MultiPoint"",""coordinates"":[]}"
00000000000000000858_0,1,KBang,677,1,1,0,14.06492329738531,108.55727889264946,1,2019,677,19.84486,2688.57763389498,2350.219560145993,0.5481313132148097,20,train,49,"{""type"":""MultiPoint"",""coordinates"":[]}"
00000000000000000a29_0,1,KBang,675,1,0,1,14.259496171852417,108.44490062790052,1,2016,693,33.112274,3954.77065885067,3193.707802749039,0.12615170057691671,29,train,49,"{""type"":""MultiPoint"",""coordinates"":[]}"
000000000000000008df_0,1,KBang,713,1,1,0,14.296957079802416,108.55108074218518,0,2021,711,3.8228595,3002.574410483241,2569.066161002828,0.08523954815092094,2,train,51,"{""type"":""MultiPoint"",""coordinates"":[]}"
00000000000000000ac6_0,1,KBang,890,1,1,0,14.344656083771131,108.4909854372879,0,2021,891,5.628515,3410.552547223866,2766.438409104254,0.32419452262334447,3,train,51,"{""type"":""MultiPoint"",""coordinates"":[]}"
00000000000000000af2_0,1,KBang,685,1,1,0,14.220960620548542,108.41848937236097,1,2021,680,8.596036,3484.5955844521523,2837.824403122823,0.011732120735838514,3,train,51,"{""type"":""MultiPoint"",""coordinates"":[]}"
0000000000000000066a_0,1,KBang,723,1,1,0,14.279169725700225,108.47319808318571,1,2019,724,6.237215,3299.3934005498886,2718.926994363391,0.5770367114798906,4,train,51,"{""type"":""MultiPoint"",""coordinates"":[]}"
000000000000000008be_0,1,KBang,923,1,1,0,14.372146441765622,108.45055922713735,1,2022,923,3.8241348,3174.5908024162054,2515.3602785260928,0.14832820519841683,4,train,51,"{""type"":""MultiPoint"",""coordinates"":[]}"
000000000000000006f2_0,1,KBang,731,1,0,1,14.276204423499685,108.51308474210876,1,2017,730,4.724443,3283.608837634325,2704.4453318488963,0.5082774760264709,5,train,51,"{""type"":""MultiPoint"",""coordinates"":[]}"
0000000000000000080a_0,1,KBang,544,1,1,0,14.178915756715597,108.51605004430931,0,2019,549,9.864167,2927.8332602009177,2497.137565198986,0.5526899589806737,6,train,51,"{""type"":""MultiPoint"",""coordinates"":[]}"
00000000000000000700_0,1,KBang,579,1,1,0,14.140380205411722,108.5252090378731,1,2022,581,8.600043,3335.206618718803,2843.7770705979806,0.7428215834444821,7,train,51,"{""type"":""MultiPoint"",""coordinates"":[]}"
00000000000000000967_0,1,KBang,970,1,1,0,14.50096541209862,108.4893667836055,1,2023,970,8.648081,3149.5016675293446,2511.7643873978677,0.3066802468390548,7,train,51,"{""type"":""MultiPoint"",""coordinates"":[]}"
00000000000000000ae6_0,1,KBang,852,1,0,1,14.360289692064512,108.56617479925109,1,2018,852,8.448677,3001.057534530759,2400.0190920016626,0.35322760506938256,8,train,51,"{""type"":""MultiPoint"",""coordinates"":[]}"
00000000000000000797_0,1,KBang,848,1,0,1,14.323096330177716,108.48398018953291,1,2017,852,5.547545,3410.552547223866,2766.438409104254,0.41867726172631325,9,train,51,"{""type"":""MultiPoint"",""coordinates"":[]}"
000000000000000009df_0,1,KBang,1015,1,1,0,14.393166644131568,108.44004912595439,1,2021,1007,14.74192,3307.1987401247025,2646.067406310553,0.5549168333063246,10,train,51,"{""type"":""MultiPoint"",""coordinates"":[]}"
00000000000000000b78_0,1,KBang,540,1,1,0,14.025036638462238,108.61683910542034,1,2022,534,7.8207307,2391.06220805645,2115.0544911156617,0.13770990875930733,11,train,51,"{""type"":""MultiPoint"",""coordinates"":[]}"
00000000000000000b7c_0,1,KBang,598,1,0,1,14.155202257313375,108.49044588606041,1,2017,601,11.938163,3179.5106303691864,2674.3027243573615,0.009137092214644538,11,train,51,"{""type"":""MultiPoint"",""coordinates"":[]}"
00000000000000000bae_0,1,KBang,683,1,0,1,14.235510667285936,108.49017833999721,1,2017,680,12.450556,3116.021737858653,2587.275775269555,0.5106736917458162,11,train,51,"{""type"":""MultiPoint"",""coordinates"":[]}"
00000000000000000c41_0,1,KBang,960,1,1,0,14.399632340659066,108.43978157989118,1,2022,960,11.226345,3307.1987401247025,2646.067406310553,0.26684276056984146,11,train,51,"{""type"":""MultiPoint"",""coordinates"":[]}"
00000000000000000707_0,1,KBang,719,1,1,0,14.207752763228235,108.41525652409723,0,2020,722,6.9156575,3484.5955844521523,2837.824403122823,0.504697555565069,12,train,51,"{""type"":""MultiPoint"",""coordinates"":[]}"
0000000000000000071c_0,1,KBang,950,1,1,0,14.396671497559577,108.42280132307964,0,2024,950,12.331328,3307.1987401247025,2646.067406310553,0.5118153061953556,12,train,51,"{""type"":""MultiPoint"",""coordinates"":[]}"
000000000000000007d1_0,1,KBang,616,1,1,0,14.164365709978206,108.50769368893515,1,2020,613,15.081645,2927.8332602009177,2497.137565198986,0.6995516194906815,12,train,51,"{""type"":""MultiPoint"",""coordinates"":[]}"
000000000000000009d0_0,1,KBang,581,1,0,1,14.134182054947429,108.52440194058242,1,2016,573,13.425093,3335.206618718803,2843.7770705979806,0.06261207936939484,13,train,51,"{""type"":""MultiPoint"",""coordinates"":[]}"
00000000000000000919_0,1,KBang,772,1,1,0,14.22392146364803,108.46214843077524,1,2023,779,11.920271,3116.021737858653,2587.275775269555,0.3174995389904104,15,train,51,"{""type"":""MultiPoint"",""coordinates"":[]}"
00000000000000000841_0,1,KBang,598,1,0,1,14.134182054947429,108.5252090378731,1,2016,591,13.631547,3335.206618718803,2843.7770705979806,0.2652893129275725,16,train,51,"{""type"":""MultiPoint"",""coordinates"":[]}"
00000000000000000948_0,1,KBang,718,1,0,1,14.226619219785364,108.42468752282525,1,2016,724,4.2453914,3484.5955844521523,2837.824403122823,0.752535478743549,16,train,51,"{""type"":""MultiPoint"",""coordinates"":[]}"
00000000000000000820_0,1,KBang,756,1,0,0,14.182960161371076,108.47400518047637,0,0,756,16.699347,3179.5106303691864,2674.3027243573615,0.7732460195620773,17,train,51,"{""type"":""MultiPoint"",""coordinates"":[]}"
00000000000000000a3d_0,1,KBang,818,1,0,1,14.320403033141435,108.49287163703349,1,2014,817,17.803097,3410.552547223866,2766.438409104254,0.14986224949865,17,train,51,"{""type"":""MultiPoint"",""coordinates"":[]}"
000000000000000006f4_0,1,KBang,858,1,0,1,14.235782672450197,108.4408606823461,1,2017,858,17.588633,3484.5955844521523,2837.824403122823,0.7668462783166662,18,train,51,"{""type"":""MultiPoint"",""coordinates"":[]}"
00000000000000000c02_0,1,KBang,914,1,0,0,14.389661790703556,108.42441997676204,0,0,913,18.214521,3307.1987401247025,2646.067406310553,0.6597585864679428,18,train,51,"{""type"":""MultiPoint"",""coordinates"":[]}"
000000000000000006da_0,1,KBang,555,1,1,0,14.186193009634824,108.51119854236318,1,2021,553,16.605341,2927.8332602009177,2497.137565198986,0.31501785474958144,19,train,51,"{""type"":""MultiPoint"",""coordinates"":[]}"
000000000000000007f2_0,1,KBang,644,1,0,1,14.264887225026039,108.43304387819943,0,2018,655,28.85571,3954.77065885067,3193.707802749039,0.10834511676927905,20,train,51,"{""type"":""MultiPoint"",""coordinates"":[]}"
00000000000000000b9e_0,1,KBang,575,1,0,1,14.193737808617254,108.52440194058241,1,2016,590,13.916765,2927.8332602009177,2497.137565198986,0.17328789278079637,20,train,51,"{""type"":""MultiPoint"",""coordinates"":[]}"
00000000000000000681_0,1,KBang,603,1,1,0,14.242520374141955,108.5044608406714,1,2023,601,19.497526,3132.6109425723553,2663.5936415282367,0.6026485662351284,21,train,51,"{""type"":""MultiPoint"",""coordinates"":[]}"
000000000000000006fa_0,1,KBang,643,1,0,0,14.265966327480973,108.43573717523569,0,0,652,16.070185,3954.77065885067,3193.707802749039,2.2201804120869362E-4,21,train,51,"{""type"":""MultiPoint"",""coordinates"":[]}"
00000000000000000717_0,1,KBang,592,1,0,0,14.22392146364803,108.53518404692966,0,0,600,30.226496,3132.6109425723553,2663.5936415282367,0.11848578751358108,24,train,51,"{""type"":""MultiPoint"",""coordinates"":[]}"
000000000000000007cd_0,1,KBang,874,1,0,1,14.237936418259011,108.4419353257,1,2016,874,25.928827,3484.5955844521523,2837.824403122823,0.6509028270949377,26,train,51,"{""type"":""MultiPoint"",""coordinates"":[]}"
000000000000000008d5_0,1,KBang,770,1,0,0,14.258689074561747,108.4408606823461,0,0,769,14.4010725,3954.77065885067,3193.707802749039,0.7970657002740024,1,train,52,"{""type"":""MultiPoint"",""coordinates"":[]}"
00000000000000000949_0,1,KBang,760,1,0,1,14.337378830851907,108.50931234261755,0,2016,763,6.919322,3361.179399266839,2766.2203726602984,0.45483246125322974,4,train,52,"{""type"":""MultiPoint"",""coordinates"":[]}"
00000000000000000844_0,1,KBang,509,1,0,1,14.157356003122189,108.54003108977474,1,2016,510,6.3520374,2927.8332602009177,2497.137565198986,0.03234953402764085,5,train,52,"{""type"":""MultiPoint"",""coordinates"":[]}"
00000000000000000a57_0,1,KBang,898,1,1,0,14.370260242020015,108.47562383415878,1,2020,898,5.1203876,3174.5908024162054,2515.3602785260928,0.7781547542554182,5,train,52,"{""type"":""MultiPoint"",""coordinates"":[]}"
00000000000000000b6e_0,1,KBang,806,1,1,0,14.206138568646887,108.45083123230162,1,2020,808,13.377441,3116.021737858653,2587.275775269555,0.6239426501693044,6,train,52,"{""type"":""MultiPoint"",""coordinates"":[]}"
00000000000000000c16_0,1,KBang,579,1,0,0,14.162207505068338,108.49179253457856,0,0,579,6.464861,3179.5106303691864,2674.3027243573615,0.16677572858305512,6,train,52,"{""type"":""MultiPoint"",""coordinates"":[]}"
000000000000000007ad_0,1,KBang,511,1,1,0,14.118280900590841,108.57156585242471,1,2022,507,4.859329,2848.0301147326827,2458.056594692424,0.7139584236692575,7,train,52,"{""type"":""MultiPoint"",""coordinates"":[]}"
00000000000000000809_0,1,KBang,603,1,0,1,14.269466721807927,108.44247487692745,1,2018,598,7.493941,3954.77065885067,3193.707802749039,0.08283569981479799,7,train,52,"{""type"":""MultiPoint"",""coordinates"":[]}"
00000000000000000775_0,1,KBang,606,1,0,1,14.269466721807927,108.44274688209173,1,2018,599,10.028029,3954.77065885067,3193.707802749039,0.7056099501354607,8,train,52,"{""type"":""MultiPoint"",""coordinates"":[]}"
00000000000000000b3a_0,1,KBang,916,1,0,0,14.350586688172218,108.5206295410912,0,0,916,6.03379,3057.4028005301952,2452.323266195249,0.49983849745669606,8,train,52,"{""type"":""MultiPoint"",""coordinates"":[]}"
000000000000000009a5_0,1,KBang,609,1,0,0,14.129063006938074,108.55000609883129,0,0,609,10.657135,3335.206618718803,2843.7770705979806,0.17215773572553994,11,train,52,"{""type"":""MultiPoint"",""coordinates"":[]}"
0000000000000000098c_0,1,KBang,728,1,0,1,14.198861315727664,108.47023278098516,1,2017,739,15.036975,3179.5106303691864,2674.3027243573615,0.24221765940935724,12,train,52,"{""type"":""MultiPoint"",""coordinates"":[]}"
00000000000000000bb2_0,1,KBang,554,1,0,0,14.242248368977695,108.51793624405491,0,0,542,11.475747,3132.6109425723553,2663.5936415282367,0.5763080571426343,15,train,52,"{""type"":""MultiPoint"",""coordinates"":[]}"
00000000000000000b84_0,1,KBang,550,1,1,0,14.178648210652396,108.51577803914505,0,2019,559,18.913864,2927.8332602009177,2497.137565198986,0.2545440921161807,16,train,52,"{""type"":""MultiPoint"",""coordinates"":[]}"
000000000000000009ea_0,1,KBang,763,1,0,1,14.33845793330684,108.49933733356099,0,2016,775,15.378905,3410.552547223866,2766.438409104254,0.39024214283666014,17,train,52,"{""type"":""MultiPoint"",""coordinates"":[]}"
00000000000000000a1b_0,1,KBang,739,1,1,0,14.253837572615602,108.4551431830203,1,2019,744,13.120434,3299.3934005498886,2718.926994363391,0.7115962123211459,17,train,52,"{""type"":""MultiPoint"",""coordinates"":[]}"
00000000000000000ae1_0,1,KBang,904,1,0,1,14.387775590957952,108.41606362138789,1,2014,907,13.067432,3307.1987401247025,2646.067406310553,0.7491953965367665,17,train,52,"{""type"":""MultiPoint"",""coordinates"":[]}"
000000000000000007bb_0,1,KBang,804,1,0,1,14.20721321200077,108.45137078352907,1,2012,815,16.159813,3116.021737858653,2587.275775269555,0.5508881465642567,18,train,52,"{""type"":""MultiPoint"",""coordinates"":[]}"
000000000000000008f2_0,1,KBang,603,1,1,0,14.149543658076553,108.48370818436867,1,2020,601,19.703485,3364.3139811381698,2879.1407314955827,0.6183914160959231,20,train,52,"{""type"":""MultiPoint"",""coordinates"":[]}"
000000000000000007aa_0,1,KBang,926,1,0,1,14.382384537784338,108.43250432697195,1,2017,926,25.193983,3307.1987401247025,2646.067406310553,0.12459386084251212,25,train,52,"{""type"":""MultiPoint"",""coordinates"":[]}"
00000000000000000b79_0,1,KBang,578,1,0,1,14.19940086695513,108.52251574083681,1,2017,578,25.492355,2927.8332602009177,2497.137565198986,0.43842464663285796,25,train,52,"{""type"":""MultiPoint"",""coordinates"":[]}"
000000000000000007c0_0,1,KBang,865,1,0,1,14.378072587065656,108.62034395884837,1,2016,864,3.373852,2952.925736054778,2405.8077794335663,0.5519624777079849,3,train,54,"{""type"":""MultiPoint"",""coordinates"":[]}"
0000000000000000080c_0,1,KBang,564,1,0,1,14.14226640515733,108.49799068504285,1,2018,568,4.7243295,3364.3139811381698,2879.1407314955827,0.43675626091792485,4,train,54,"{""type"":""MultiPoint"",""coordinates"":[]}"
00000000000000000761_0,1,KBang,680,1,0,1,14.224461014875498,108.42441997676204,1,2016,681,6.464861,3484.5955844521523,2837.824403122823,0.2591152915860351,5,train,54,"{""type"":""MultiPoint"",""coordinates"":[]}"
000000000000000009b5_0,1,KBang,767,1,0,1,14.201826617928205,108.46376708445766,1,2018,767,3.0135496,3116.021737858653,2587.275775269555,0.6389562113292118,5,train,54,"{""type"":""MultiPoint"",""coordinates"":[]}"
000000000000000008b6_0,1,KBang,951,1,0,1,14.355977741345828,108.50769368893515,1,2018,951,7.3788605,3057.4028005301952,2452.323266195249,0.2897183191034207,7,train,54,"{""type"":""MultiPoint"",""coordinates"":[]}"
00000000000000000c04_0,1,KBang,662,1,0,0,14.174603805996918,108.47858913635932,0,0,665,5.003856,3179.5106303691864,2674.3027243573615,0.3293100974394202,7,train,54,"{""type"":""MultiPoint"",""coordinates"":[]}"
00000000000000000a0e_0,1,KBang,553,1,0,1,14.14388505883973,108.5025746409258,1,2017,553,7.9049053,3335.206618718803,2843.7770705979806,0.05025977057902631,8,train,54,"{""type"":""MultiPoint"",""coordinates"":[]}"
00000000000000000c72_0,1,KBang,865,1,0,1,14.375379290029372,108.45244542688296,1,2017,865,13.762944,3174.5908024162054,2515.3602785260928,0.5817219102563032,8,train,54,"{""type"":""MultiPoint"",""coordinates"":[]}"
00000000000000000bb0_0,1,KBang,607,1,0,1,14.17137095773317,108.50634704041703,1,2018,614,15.1903,2927.8332602009177,2497.137565198986,0.290442914354595,9,train,54,"{""type"":""MultiPoint"",""coordinates"":[]}"
00000000000000000aba_0,1,KBang,732,1,0,0,14.206673660773301,108.4139098755791,0,0,732,9.895843,3484.5955844521523,2837.824403122823,0.7611800570989522,10,train,54,"{""type"":""MultiPoint"",""coordinates"":[]}"
00000000000000000c45_0,1,KBang,855,1,0,1,14.35112623939968,108.48936678360549,0,2017,857,16.167145,3174.5908024162054,2515.3602785260928,0.5856476260069092,11,train,54,"{""type"":""MultiPoint"",""coordinates"":[]}"
00000000000000000c06_0,1,KBang,872,1,0,0,14.380498338038727,108.4408606823461,0,0,872,11.856863,3307.1987401247025,2646.067406310553,0.37683740234914154,12,train,54,"{""type"":""MultiPoint"",""coordinates"":[]}"
00000000000000000b6a_0,1,KBang,1142,1,1,0,14.497193012607406,108.43681627769064,1,2021,1150,18.150768,3082.7387473136187,2420.537351960532,0.597427931323807,13,train,54,"{""type"":""MultiPoint"",""coordinates"":[]}"
00000000000000000b0f_0,1,KBang,669,1,0,1,14.317170184877689,108.45406408056536,1,2002,679,27.56386,3410.552547223866,2766.438409104254,0.7274199021892317,14,train,54,"{""type"":""MultiPoint"",""coordinates"":[]}"
00000000000000000c70_0,1,KBang,560,1,0,1,14.147117907103476,108.5168571416,1,2012,565,15.08144,3335.206618718803,2843.7770705979806,0.1144832611092702,15,train,54,"{""type"":""MultiPoint"",""coordinates"":[]}"
000000000000000008b8_0,1,KBang,655,1,0,0,14.195896013527124,108.47804958513184,0,0,666,19.108257,3179.5106303691864,2674.3027243573615,0.2768788867818326,16,train,54,"{""type"":""MultiPoint"",""coordinates"":[]}"
00000000000000000731_0,1,KBang,776,1,1,0,14.323907886569447,108.51173809359062,1,2021,771,16.381607,3361.179399266839,2766.2203726602984,0.4596881960959792,19,train,54,"{""type"":""MultiPoint"",""coordinates"":[]}"
00000000000000000a59_0,1,KBang,599,1,1,0,14.10453795114412,108.53814489002914,1,2019,612,23.610008,3335.206618718803,2843.7770705979806,0.09139837433171893,21,train,54,"{""type"":""MultiPoint"",""coordinates"":[]}"
00000000000000000954_0,1,KBang,574,1,1,0,14.19347026255405,108.5128127369445,1,2024,592,26.73301,2927.8332602009177,2497.137565198986,0.2460154981706093,22,train,54,"{""type"":""MultiPoint"",""coordinates"":[]}"
00000000000000000971_0,1,KBang,552,1,1,0,14.153855608795237,108.55620424929559,1,2021,552,24.263641,2894.3183166086674,2468.4566263710717,0.1349578875641101,24,train,54,"{""type"":""MultiPoint"",""coordinates"":[]}"
00000000000000000b5f_0,1,KBang,728,1,1,0,14.277823077182084,108.56240239975988,1,2020,746,22.66638,3002.574410483241,2569.066161002828,0.06465643527063814,24,train,54,"{""type"":""MultiPoint"",""coordinates"":[]}"
00000000000000000ada_0,1,KBang,701,1,1,0,14.307467180985393,108.46565328420327,1,2020,701,33.065155,3410.552547223866,2766.438409104254,0.2471279670196429,33,train,54,"{""type"":""MultiPoint"",""coordinates"":[]}"
00000000000000000706_0,1,KBang,712,1,0,1,14.296685074638159,108.55431804954998,1,2016,714,2.0864353,3002.574410483241,2569.066161002828,0.36962850426766947,3,train,55,"{""type"":""MultiPoint"",""coordinates"":[]}"
00000000000000000b2d_0,1,KBang,728,1,1,0,14.273511126463399,108.4651137329758,1,2020,728,3.41417,3299.3934005498886,2718.926994363391,0.2148929777674966,3,train,55,"{""type"":""MultiPoint"",""coordinates"":[]}"
00000000000000000823_0,1,KBang,518,1,0,1,14.182960161371076,108.53383293931044,0,2016,517,2.0862145,2927.8332602009177,2497.137565198986,0.0035807223723985926,4,train,55,"{""type"":""MultiPoint"",""coordinates"":[]}"
0000000000000000074e_0,1,KBang,841,1,0,0,14.361903886645859,108.32955706095105,0,0,841,5.798982,3714.876072347164,2911.4369120395304,0.4576285248234233,6,train,55,"{""type"":""MultiPoint"",""coordinates"":[]}"
000000000000000007dc_0,1,KBang,749,1,0,0,14.33064112916015,108.5128127369445,0,0,745,5.4382806,3361.179399266839,2766.2203726602984,0.6299986524202313,6,train,55,"{""type"":""MultiPoint"",""coordinates"":[]}"
00000000000000000758_0,1,KBang,573,1,0,1,14.130137650291957,108.50688659164447,1,2017,571,10.767528,3335.206618718803,2843.7770705979806,0.4103890283706024,7,train,55,"{""type"":""MultiPoint"",""coordinates"":[]}"
00000000000000000c4a_0,1,KBang,673,1,0,1,14.222574815129887,108.4276528250258,1,2017,672,2.1255836,3484.5955844521523,2837.824403122823,0.3312820386030032,7,train,55,"{""type"":""MultiPoint"",""coordinates"":[]}"
00000000000000000a48_0,1,KBang,574,1,0,1,14.29561043128428,108.48640148140495,1,2017,576,6.6341567,3299.3934005498886,2718.926994363391,0.2796202176844891,9,train,55,"{""type"":""MultiPoint"",""coordinates"":[]}"
00000000000000000a9b_0,1,KBang,675,1,1,0,14.220688615384281,108.42549907921698,1,2021,671,10.580331,3484.5955844521523,2837.824403122823,0.1268898758999779,9,train,55,"{""type"":""MultiPoint"",""coordinates"":[]}"
00000000000000000c4e_0,1,KBang,1017,1,0,0,14.407716690868961,108.45001967590987,0,0,1017,8.645963,3056.5912619680166,2430.7695342178336,0.3064071297313189,9,train,55,"{""type"":""MultiPoint"",""coordinates"":[]}"
0000000000000000090b_0,1,KBang,772,1,0,1,14.22419346881229,108.46268798200272,1,2013,780,13.265813,3116.021737858653,2587.275775269555,0.6594443124909353,10,train,55,"{""type"":""MultiPoint"",""coordinates"":[]}"
00000000000000000bfb_0,1,KBang,513,1,1,0,14.037165393327609,108.54622924023903,1,2021,513,10.440158,2564.0038387179375,2229.6440313951343,0.1154905490472743,10,train,55,"{""type"":""MultiPoint"",""coordinates"":[]}"
00000000000000000812_0,1,KBang,879,1,1,0,14.37430018757444,108.43627672646316,1,2019,877,5.8646326,3307.1987401247025,2646.067406310553,0.6734349988880155,11,train,55,"{""type"":""MultiPoint"",""coordinates"":[]}"
00000000000000000a25_0,1,KBang,531,1,1,0,14.182960161371076,108.5187433413456,1,2019,531,11.890713,2927.8332602009177,2497.137565198986,0.7731736137237095,12,train,55,"{""type"":""MultiPoint"",""coordinates"":[]}"
00000000000000000726_0,1,KBang,567,1,0,1,14.192930711326582,108.5128127369445,1,2016,567,12.769178,2927.8332602009177,2497.137565198986,0.34574474222025064,13,train,55,"{""type"":""MultiPoint"",""coordinates"":[]}"
00000000000000000a10_0,1,KBang,949,1,0,1,14.265966327480971,108.41984047998017,1,2009,942,9.385484,3954.77065885067,3193.707802749039,0.3674510032300846,14,train,55,"{""type"":""MultiPoint"",""coordinates"":[]}"
00000000000000000bc4_0,1,KBang,548,1,1,0,14.14388505883973,108.55512514684065,1,2022,548,15.3676195,2848.0301147326827,2458.056594692424,0.26275119944253056,15,train,55,"{""type"":""MultiPoint"",""coordinates"":[]}"
00000000000000000819_0,1,KBang,629,1,1,0,14.15762800828645,108.48424773559613,1,2021,639,17.614801,3179.5106303691864,2674.3027243573615,0.43699291472954416,16,train,55,"{""type"":""MultiPoint"",""coordinates"":[]}"
00000000000000000a50_0,1,KBang,974,1,0,0,14.396399492395316,108.43223678090874,0,0,984,11.0326,3307.1987401247025,2646.067406310553,0.29839258451272566,17,train,55,"{""type"":""MultiPoint"",""coordinates"":[]}"
00000000000000000978_0,1,KBang,947,1,0,1,14.380230791975523,108.44409353060985,1,2007,945,19.108797,3307.1987401247025,2646.067406310553,0.6141732480660841,18,train,55,"{""type"":""MultiPoint"",""coordinates"":[]}"
000000000000000008c9_0,1,KBang,901,1,0,1,14.372953539056297,108.4516383295923,0,2016,912,17.700584,3174.5908024162054,2515.3602785260928,0.6779852063364077,20,train,55,"{""type"":""MultiPoint"",""coordinates"":[]}"
00000000000000000951_0,1,KBang,587,1,1,0,14.21503001614746,108.5128127369445,1,2023,572,25.955902,3132.6109425723553,2663.5936415282367,0.6131883288781149,20,train,55,"{""type"":""MultiPoint"",""coordinates"":[]}"
00000000000000000b8c_0,1,KBang,578,1,0,1,14.213950913692525,108.51847133618134,1,2016,561,18.15205,3132.6109425723553,2663.5936415282367,0.7692389552425942,20,train,55,"{""type"":""MultiPoint"",""coordinates"":[]}"
00000000000000000aea_0,1,KBang,962,1,1,0,14.391547990449167,108.42388042553458,1,2019,962,21.300613,3307.1987401247025,2646.067406310553,0.47454075654154637,21,train,55,"{""type"":""MultiPoint"",""coordinates"":[]}"
00000000000000000b98_0,1,KBang,891,1,1,0,14.420652543025009,108.56024419485,0,2022,894,26.372322,3010.9200901687145,2435.0759028388934,0.3968475529056773,22,train,55,"{""type"":""MultiPoint"",""coordinates"":[]}"
000000000000000007f5_0,1,KBang,999,1,0,0,14.422810747934877,108.44436107667306,0,0,1007,20.80881,3056.5912619680166,2430.7695342178336,0.14986093326931282,24,train,55,"{""type"":""MultiPoint"",""coordinates"":[]}"
00000000000000000966_0,1,KBang,561,1,1,0,14.203173266446344,108.54138219739394,0,2020,549,17.529829,3132.6109425723553,2663.5936415282367,0.699539631117122,24,train,55,"{""type"":""MultiPoint"",""coordinates"":[]}"
00000000000000000bf6_0,1,KBang,744,1,0,1,14.276743974727152,108.43654873162743,0,2018,757,17.095766,3954.77065885067,3193.707802749039,0.09631079652570707,25,train,55,"{""type"":""MultiPoint"",""coordinates"":[]}"
00000000000000000a37_0,1,KBang,644,1,0,0,14.177301562134256,108.51362429333624,0,0,638,24.40866,2927.8332602009177,2497.137565198986,0.17760984436501603,27,train,55,"{""type"":""MultiPoint"",""coordinates"":[]}"
000000000000000007b9_0,1,KBang,846,1,0,1,14.346002732289275,108.51065899113568,1,2016,846,3.825797,3361.179399266839,2766.2203726602984,0.2947211988607029,4,train,56,"{""type"":""MultiPoint"",""coordinates"":[]}"
00000000000000000683_0,1,KBang,617,1,0,1,14.269466721807927,108.44409353060985,1,2018,616,2.6635058,3954.77065885067,3193.707802749039,0.34432830227246425,5,train,56,"{""type"":""MultiPoint"",""coordinates"":[]}"
000000000000000007a1_0,1,KBang,616,1,1,0,14.150083209304022,108.4710443373769,1,2019,618,11.150177,3179.5106303691864,2674.3027243573615,0.015752372806437154,5,train,56,"{""type"":""MultiPoint"",""coordinates"":[]}"
000000000000000007b1_0,1,KBang,607,1,1,0,14.067884140484798,108.55027364489452,1,2022,605,12.371902,2688.57763389498,2350.219560145993,0.6233652651748337,9,train,56,"{""type"":""MultiPoint"",""coordinates"":[]}"
000000000000000008e7_0,1,KBang,536,1,0,1,14.145231707357869,108.50823324016261,1,2017,532,5.43705,3335.206618718803,2843.7770705979806,0.04990687330165555,9,train,56,"{""type"":""MultiPoint"",""coordinates"":[]}"
00000000000000000a19_0,1,KBang,1040,1,0,1,14.411221544296971,108.40178112071371,1,2001,1038,9.250802,3056.5912619680166,2430.7695342178336,0.3837115698898177,9,train,56,"{""type"":""MultiPoint"",""coordinates"":[]}"
00000000000000000874_0,1,KBang,515,1,1,0,14.161400407777665,108.59770510280002,1,2022,507,22.83555,2894.3183166086674,2468.4566263710717,0.15727151429845077,12,train,56,"{""type"":""MultiPoint"",""coordinates"":[]}"
000000000000000006ef_0,1,KBang,960,1,1,0,14.394245746586504,108.44651928158292,1,2021,953,14.5725565,3307.1987401247025,2646.067406310553,0.20351701933283328,14,train,56,"{""type"":""MultiPoint"",""coordinates"":[]}"
00000000000000000a8c_0,1,KBang,849,1,0,1,14.414726397724975,108.58180394844342,0,2014,849,13.906648,3010.9200901687145,2435.0759028388934,0.17387630015293887,14,train,56,"{""type"":""MultiPoint"",""coordinates"":[]}"
00000000000000000735_0,1,KBang,564,1,0,1,14.18376725866175,108.52844634523788,1,2016,564,17.615437,2927.8332602009177,2497.137565198986,0.2766216283344375,18,train,56,"{""type"":""MultiPoint"",""coordinates"":[]}"
00000000000000000689_0,1,KBang,1033,1,0,0,14.422271196707413,108.44355397938239,0,0,1034,16.937677,3056.5912619680166,2430.7695342178336,0.04629755629530319,19,train,56,"{""type"":""MultiPoint"",""coordinates"":[]}"
000000000000000007b2_0,1,KBang,1085,1,0,1,14.420117450898594,108.3901919170758,1,2018,1090,14.308159,3230.138293027878,2568.9875608114658,0.6182909825391468,20,train,56,"{""type"":""MultiPoint"",""coordinates"":[]}"
00000000000000000c6d_0,1,KBang,745,1,0,1,14.1789157567156,108.4715794295033,1,2018,759,14.745852,3179.5106303691864,2674.3027243573615,0.21374754370282445,27,train,56,"{""type"":""MultiPoint"",""coordinates"":[]}"
00000000000000000703_0,1,KBang,848,1,0,0,14.376186387320047,108.57506624675167,0,0,849,5.3168454,3001.057534530759,2400.0190920016626,0.7216384411616009,1,train,58,"{""type"":""MultiPoint"",""coordinates"":[]}"
0000000000000000095c_0,1,KBang,596,1,0,0,14.278090623245289,108.44112822840931,0,0,598,3.825725,3954.77065885067,3193.707802749039,0.664778831376423,1,train,58,"{""type"":""MultiPoint"",""coordinates"":[]}"
0000000000000000078e_0,1,KBang,880,1,1,0,14.386696488503016,108.41876137752524,1,2020,883,12.028625,3307.1987401247025,2646.067406310553,0.32939631478138,3,train,58,"{""type"":""MultiPoint"",""coordinates"":[]}"
00000000000000000c22_0,1,KBang,522,1,1,0,14.224733020039757,108.51362429333624,0,2024,522,3.0138237,3132.6109425723553,2663.5936415282367,0.7564571448452238,3,train,58,"{""type"":""MultiPoint"",""coordinates"":[]}"
00000000000000000654_0,1,KBang,682,1,0,1,14.224733020039757,108.42441997676204,1,2016,681,6.464861,3484.5955844521523,2837.824403122823,0.09367880446262467,4,train,58,"{""type"":""MultiPoint"",""coordinates"":[]}"
00000000000000000666_0,1,KBang,674,1,0,1,14.233896472704588,108.48559438411426,1,2015,674,4.1671076,3116.021737858653,2587.275775269555,0.054991076543851936,4,train,58,"{""type"":""MultiPoint"",""coordinates"":[]}"
00000000000000000b33_0,1,KBang,874,1,1,0,14.387508044894746,108.43439052671755,1,2020,873,6.464861,3307.1987401247025,2646.067406310553,0.4023572173439154,6,train,58,"{""type"":""MultiPoint"",""coordinates"":[]}"
00000000000000000895_0,1,KBang,780,1,0,1,14.207752763228235,108.46106932832032,1,2018,776,11.349921,3116.021737858653,2587.275775269555,0.3043654720985147,7,train,58,"{""type"":""MultiPoint"",""coordinates"":[]}"
00000000000000000ab0_0,1,KBang,756,1,0,1,14.333606431360693,108.50850078622584,1,2016,761,16.912062,3361.179399266839,2766.2203726602984,0.006623060286268578,7,train,58,"{""type"":""MultiPoint"",""coordinates"":[]}"
0000000000000000068f_0,1,KBang,561,1,1,0,14.185118366280944,108.51415938546266,1,2019,555,5.6284013,2927.8332602009177,2497.137565198986,0.7066997530760586,8,train,58,"{""type"":""MultiPoint"",""coordinates"":[]}"
00000000000000000a7e_0,1,KBang,770,1,1,0,14.308813829503528,108.62600255808518,1,2021,773,12.757401,2904.3306356593966,2447.77248901683,0.5215505232546844,8,train,58,"{""type"":""MultiPoint"",""coordinates"":[]}"
00000000000000000694_0,1,KBang,748,1,0,1,14.292105577856269,108.58099685115276,1,2018,742,22.727493,3002.574410483241,2569.066161002828,0.42310844642259204,9,train,58,"{""type"":""MultiPoint"",""coordinates"":[]}"
0000000000000000082e_0,1,KBang,528,1,1,0,14.15466270608591,108.53491204176538,0,2022,525,4.166803,2927.8332602009177,2497.137565198986,0.15077597780582175,10,train,58,"{""type"":""MultiPoint"",""coordinates"":[]}"
000000000000000009cd_0,1,KBang,540,1,0,1,14.199940418182598,108.52413439451922,1,2017,542,6.6327167,3132.6109425723553,2663.5936415282367,0.6202963434936382,11,train,58,"{""type"":""MultiPoint"",""coordinates"":[]}"
00000000000000000a27_0,1,KBang,573,1,0,1,14.145771258585338,108.49745113381537,1,2016,578,7.297897,3364.3139811381698,2879.1407314955827,0.3708524230354362,11,train,58,"{""type"":""MultiPoint"",""coordinates"":[]}"
00000000000000000c59_0,1,KBang,650,1,0,0,14.236589769740869,108.52386238935496,0,0,648,7.617551,3132.6109425723553,2663.5936415282367,0.7519820180203527,12,train,58,"{""type"":""MultiPoint"",""coordinates"":[]}"
000000000000000006d6_0,1,KBang,1114,1,1,0,14.441944750555212,108.38641951758459,1,2019,1114,13.770472,3230.138293027878,2568.9875608114658,0.784628857269451,14,train,58,"{""type"":""MultiPoint"",""coordinates"":[]}"
0000000000000000081f_0,1,KBang,568,1,0,0,14.068423691712265,108.55701134658628,0,0,561,14.39985,2688.57763389498,2350.219560145993,0.6355598412569067,16,train,58,"{""type"":""MultiPoint"",""coordinates"":[]}"
000000000000000006a8_0,1,KBang,578,1,1,0,14.288333178365056,108.45460363179284,1,2020,582,18.139362,3299.3934005498886,2718.926994363391,0.0935718459859175,17,train,58,"{""type"":""MultiPoint"",""coordinates"":[]}"
00000000000000000813_0,1,KBang,690,1,1,0,14.181881058916138,108.47562383415878,1,2020,690,17.422157,3179.5106303691864,2674.3027243573615,0.5922221890574362,17,train,58,"{""type"":""MultiPoint"",""coordinates"":[]}"
00000000000000000acc_0,1,KBang,533,1,1,0,14.17918776187986,108.51766423889066,1,2019,527,2.0862074,2927.8332602009177,2497.137565198986,0.004217431042109587,17,train,58,"{""type"":""MultiPoint"",""coordinates"":[]}"
00000000000000000c5e_0,1,KBang,892,1,0,1,14.386156937275553,108.41606362138789,1,2005,884,9.243175,3307.1987401247025,2646.067406310553,0.17596566936409463,19,train,58,"{""type"":""MultiPoint"",""coordinates"":[]}"
0000000000000000070d_0,1,KBang,608,1,0,1,14.216109118602393,108.50661458648021,1,2008,608,19.969078,3132.6109425723553,2663.5936415282367,0.7277136575035236,21,train,58,"{""type"":""MultiPoint"",""coordinates"":[]}"
00000000000000000818_0,1,KBang,737,1,1,0,14.254105118678806,108.43331142426261,1,2019,739,19.289568,3954.77065885067,3193.707802749039,0.3608274129058955,23,train,58,"{""type"":""MultiPoint"",""coordinates"":[]}"
000000000000000008e8_0,1,KBang,1167,1,1,0,14.506624011335447,108.4373558289181,1,2021,1167,23.399097,2982.197799295187,2381.099704130859,0.3080350500777962,23,train,58,"{""type"":""MultiPoint"",""coordinates"":[]}"
00000000000000000a3f_0,1,KBang,697,1,1,0,14.159781754095265,108.48155443855985,1,2019,708,25.067417,3179.5106303691864,2674.3027243573615,0.27425598922500594,24,train,58,"{""type"":""MultiPoint"",""coordinates"":[]}"
00000000000000000b93_0,1,KBang,591,1,1,0,14.067884140484798,108.55674380052305,0,2020,581,19.002909,2688.57763389498,2350.219560145993,0.31249036314078005,25,train,58,"{""type"":""MultiPoint"",""coordinates"":[]}"
0000000000000000068c_0,1,KBang,571,1,0,0,14.124479051055134,108.5699471987423,0,0,589,22.450956,2848.0301147326827,2458.056594692424,0.5413812793208556,27,train,58,"{""type"":""MultiPoint"",""coordinates"":[]}"
000000000000000006a7_0,1,KBang,1044,1,0,0,14.35921058960958,108.32012606222301,0,0,1051,24.618767,3714.876072347164,2911.4369120395304,0.7307294131609386,30,train,58,"{""type"":""MultiPoint"",""coordinates"":[]}"
00000000000000000ad2_0,1,KBang,745,1,0,1,14.180806415562262,108.47265853195823,1,2017,743,3.3729036,3179.5106303691864,2674.3027243573615,0.07065337212574174,3,train,59,"{""type"":""MultiPoint"",""coordinates"":[]}"
00000000000000000b02_0,1,KBang,720,1,0,1,14.251679367705732,108.47993578487744,1,2018,720,2.0863478,3299.3934005498886,2718.926994363391,0.41397114617345687,3,train,59,"{""type"":""MultiPoint"",""coordinates"":[]}"
00000000000000000bc8_0,1,KBang,709,1,0,1,14.273239121299143,108.5306000910467,0,2017,709,3.3733459,3283.608837634325,2704.4453318488963,0.3602823853577437,3,train,59,"{""type"":""MultiPoint"",""coordinates"":[]}"
000000000000000009f7_0,1,KBang,979,1,0,0,14.490455310915648,108.49691158258793,0,0,980,11.18752,3062.020653218031,2418.2485376937757,0.3872753538578656,6,train,59,"{""type"":""MultiPoint"",""coordinates"":[]}"
000000000000000008c2_0,1,KBang,964,1,0,1,14.390468887994235,108.46403463052086,1,2014,963,9.531255,3174.5908024162054,2515.3602785260928,0.7410452709033389,7,train,59,"{""type"":""MultiPoint"",""coordinates"":[]}"
00000000000000000c27_0,1,KBang,969,1,1,0,14.393166644131568,108.41363787041483,1,2023,972,3.9928,3307.1987401247025,2646.067406310553,0.4812769651450278,8,train,59,"{""type"":""MultiPoint"",""coordinates"":[]}"
00000000000000000993_0,1,KBang,867,1,0,1,14.340076586989241,108.54138219739394,0,2016,864,3.7047918,3361.179399266839,2766.2203726602984,0.5574744938330011,9,train,59,"{""type"":""MultiPoint"",""coordinates"":[]}"
000000000000000006e6_0,1,KBang,828,1,1,0,14.285367876164516,108.47966823881426,1,2021,827,11.292983,3299.3934005498886,2718.926994363391,0.3594352490437076,10,train,59,"{""type"":""MultiPoint"",""coordinates"":[]}"
00000000000000000964_0,1,KBang,544,1,0,0,14.2457532224057,108.5125451908813,0,0,544,14.507277,3132.6109425723553,2663.5936415282367,0.08774444940344639,15,train,59,"{""type"":""MultiPoint"",""coordinates"":[]}"
00000000000000000a26_0,1,KBang,538,1,0,1,14.19158406280844,108.55781844387694,1,2018,538,15.191554,2894.3183166086674,2468.4566263710717,0.41895186467840984,15,train,59,"{""type"":""MultiPoint"",""coordinates"":[]}"
00000000000000000a4b_0,1,KBang,713,1,0,1,14.226079668557897,108.42415243069885,1,2016,711,14.1352825,3484.5955844521523,2837.824403122823,0.5024640947982992,19,train,59,"{""type"":""MultiPoint"",""coordinates"":[]}"
00000000000000000ba7_0,1,KBang,618,1,0,1,14.176222459679321,108.51443139062691,0,2016,614,20.840961,2927.8332602009177,2497.137565198986,0.7261987832994072,22,train,59,"{""type"":""MultiPoint"",""coordinates"":[]}"
000000000000000006a0_0,1,KBang,702,1,0,1,14.227426317076038,108.42495952798951,1,2014,711,24.437746,3484.5955844521523,2837.824403122823,0.1568505801982787,23,train,59,"{""type"":""MultiPoint"",""coordinates"":[]}"
00000000000000000b2c_0,1,KBang,913,1,0,0,14.36972069079255,108.43412298065434,0,0,927,22.734507,3307.1987401247025,2646.067406310553,0.28504602442999405,23,train,59,"{""type"":""MultiPoint"",""coordinates"":[]}"
00000000000000000c36_0,1,KBang,738,1,0,1,14.216109118602393,108.42468752282525,1,2016,753,23.483974,3484.5955844521523,2837.824403122823,0.22013974323570884,26,train,59,"{""type"":""MultiPoint"",""coordinates"":[]}"
0000000000000000069b_0,1,KBang,709,1,1,0,14.211257616656244,108.41471697286975,1,2022,709,6.010743,3484.5955844521523,2837.824403122823,0.07476678952819515,6,train,62,"{""type"":""MultiPoint"",""coordinates"":[]}"
00000000000000000b49_0,1,KBang,681,1,1,0,14.220149064156816,108.42522707405271,1,2021,684,4.861423,3484.5955844521523,2837.824403122823,0.6495179950352291,6,train,62,"{""type"":""MultiPoint"",""coordinates"":[]}"
000000000000000007b6_0,1,KBang,550,1,1,0,14.186193009634824,108.5125451908813,1,2019,546,9.105309,2927.8332602009177,2497.137565198986,0.22183818392277166,9,train,62,"{""type"":""MultiPoint"",""coordinates"":[]}"
000000000000000006d7_0,1,KBang,566,1,0,1,14.194009813781514,108.52143663838187,1,2016,568,8.600922,2927.8332602009177,2497.137565198986,0.056125387832549056,10,train,62,"{""type"":""MultiPoint"",""coordinates"":[]}"
00000000000000000b3c_0,1,KBang,774,1,1,0,14.336571733561232,108.50796123499835,1,2022,774,11.920307,3361.179399266839,2766.2203726602984,0.3452397805986862,10,train,62,"{""type"":""MultiPoint"",""coordinates"":[]}"
00000000000000000688_0,1,KBang,816,1,0,0,14.320131027977176,108.49287163703349,0,0,818,16.76016,3410.552547223866,2766.438409104254,0.07432383335079784,11,train,62,"{""type"":""MultiPoint"",""coordinates"":[]}"
000000000000000009f2_0,1,KBang,757,1,0,1,14.248178973378776,108.44786593010106,1,2014,750,9.105735,3484.5955844521523,2837.824403122823,0.4928820856327356,11,train,62,"{""type"":""MultiPoint"",""coordinates"":[]}"
000000000000000007fe_0,1,KBang,791,1,0,0,14.203440812509553,108.45433162662857,0,0,790,10.757525,3116.021737858653,2587.275775269555,0.09662215058388834,12,train,62,"{""type"":""MultiPoint"",""coordinates"":[]}"
0000000000000000084f_0,1,KBang,987,1,0,1,14.398557697305185,108.43493007794503,1,2018,984,9.534055,3307.1987401247025,2646.067406310553,0.6175079406911773,12,train,62,"{""type"":""MultiPoint"",""coordinates"":[]}"
000000000000000009be_0,1,KBang,758,1,0,1,14.235782672450194,108.46430663568512,1,2015,758,12.802663,3116.021737858653,2587.275775269555,0.06745378008403402,13,train,62,"{""type"":""MultiPoint"",""coordinates"":[]}"
00000000000000000a08_0,1,KBang,754,1,0,1,14.24548121724144,108.47966823881426,1,2016,759,8.741294,3116.021737858653,2587.275775269555,0.0671779068009487,13,train,62,"{""type"":""MultiPoint"",""coordinates"":[]}"
00000000000000000b4b_0,1,KBang,699,1,0,1,14.181341507688677,108.47481673686809,1,2017,699,14.56186,3179.5106303691864,2674.3027243573615,0.43942120152142106,15,train,62,"{""type"":""MultiPoint"",""coordinates"":[]}"
00000000000000000927_0,1,KBang,759,1,0,0,14.3387299384711,108.49610448529724,0,0,753,10.542777,3410.552547223866,2766.438409104254,0.7623161856222761,16,train,62,"{""type"":""MultiPoint"",""coordinates"":[]}"
00000000000000000768_0,1,KBang,541,1,1,0,14.162479510232597,108.57937819747035,1,2021,531,21.298267,2894.3183166086674,2468.4566263710717,0.3072731375856719,21,train,62,"{""type"":""MultiPoint"",""coordinates"":[]}"
00000000000000000b08_0,1,KBang,707,1,0,1,14.226619219785361,108.42495952798951,1,2016,718,15.873637,3484.5955844521523,2837.824403122823,0.6400046356713582,24,train,62,"{""type"":""MultiPoint"",""coordinates"":[]}"
00000000000000000896_0,1,KBang,816,1,0,1,14.103730853853445,108.50850078622584,1,2017,811,32.515484,3335.206618718803,2843.7770705979806,0.11422317257097259,30,train,62,"{""type"":""MultiPoint"",""coordinates"":[]}"
00000000000000000866_0,1,KBang,1117,1,1,0,14.478059009987074,108.37806762131147,1,2021,1117,3.0169072,3139.124945908785,2478.474790363861,0.7424407591220017,3,train,68,"{""type"":""MultiPoint"",""coordinates"":[]}"
00000000000000000afb_0,1,KBang,692,1,1,0,14.293724231538672,108.55081319612196,1,2021,693,5.438034,3002.574410483241,2569.066161002828,0.7556431821305676,3,train,68,"{""type"":""MultiPoint"",""coordinates"":[]}"
000000000000000006e3_0,1,KBang,1063,1,1,0,14.363790086391466,108.42441997676204,1,2020,1070,14.3224,3307.1987401247025,2646.067406310553,0.16072764687776042,6,train,68,"{""type"":""MultiPoint"",""coordinates"":[]}"
00000000000000000a40_0,1,KBang,960,1,0,1,14.416880143533794,108.44490062790052,1,2017,964,11.827566,3056.5912619680166,2430.7695342178336,0.512079034902978,7,train,68,"{""type"":""MultiPoint"",""coordinates"":[]}"
00000000000000000a02_0,1,KBang,549,1,0,1,14.181341507688677,108.5324862907923,1,2016,548,10.139948,2927.8332602009177,2497.137565198986,0.451287127052343,10,train,68,"{""type"":""MultiPoint"",""coordinates"":[]}"
0000000000000000073c_0,1,KBang,603,1,1,0,14.153048511504561,108.48586638927854,1,2023,603,11.018804,3179.5106303691864,2674.3027243573615,0.6797753716288298,11,train,68,"{""type"":""MultiPoint"",""coordinates"":[]}"
0000000000000000066b_0,1,KBang,729,1,1,0,14.27970927692769,108.4767029366137,1,2022,729,11.823934,3299.3934005498886,2718.926994363391,0.26335071346509775,12,train,68,"{""type"":""MultiPoint"",""coordinates"":[]}"
00000000000000000856_0,1,KBang,560,1,1,0,14.177301562134256,108.51577803914505,1,2019,558,19.175875,2927.8332602009177,2497.137565198986,0.2657361900856442,13,train,68,"{""type"":""MultiPoint"",""coordinates"":[]}"
0000000000000000091f_0,1,KBang,867,1,0,1,14.346002732289275,108.49367873432418,1,2017,867,14.182531,3410.552547223866,2766.438409104254,0.685813830722817,14,train,68,"{""type"":""MultiPoint"",""coordinates"":[]}"
00000000000000000791_0,1,KBang,519,1,0,1,14.213950913692525,108.53733779273846,1,2016,516,14.985298,3132.6109425723553,2663.5936415282367,0.6351520122405709,15,train,68,"{""type"":""MultiPoint"",""coordinates"":[]}"
000000000000000008de_0,1,KBang,578,1,1,0,14.226079668557897,108.5222481947736,1,2023,578,14.974903,3132.6109425723553,2663.5936415282367,0.4853177074273499,15,train,68,"{""type"":""MultiPoint"",""coordinates"":[]}"
000000000000000009a7_0,1,KBang,890,1,1,0,14.389122239476093,108.42549907921698,1,2019,892,12.028627,3307.1987401247025,2646.067406310553,0.6665116740214739,15,train,68,"{""type"":""MultiPoint"",""coordinates"":[]}"
00000000000000000abe_0,1,KBang,705,1,1,0,14.220421069321075,108.4139098755791,1,2024,705,15.747813,3484.5955844521523,2837.824403122823,0.6374350794400676,16,train,68,"{""type"":""MultiPoint"",""coordinates"":[]}"
0000000000000000065f_0,1,KBang,768,1,0,1,14.255184221133739,108.43789538014558,1,2018,768,18.487482,3954.77065885067,3193.707802749039,0.6967017943401198,18,train,68,"{""type"":""MultiPoint"",""coordinates"":[]}"
0000000000000000074a_0,1,KBang,870,1,0,1,14.201554612763944,108.44678682764615,1,2018,870,18.35574,3484.5955844521523,2837.824403122823,0.7016017705988762,18,train,68,"{""type"":""MultiPoint"",""coordinates"":[]}"
00000000000000000ba9_0,1,KBang,934,1,0,0,14.372685992993093,108.44570772519121,0,0,927,19.973656,3307.1987401247025,2646.067406310553,0.324078859487688,22,train,68,"{""type"":""MultiPoint"",""coordinates"":[]}"
00000000000000000b62_0,1,KBang,1004,1,0,0,14.379151689520587,108.42253377701644,0,0,1004,5.8646455,3307.1987401247025,2646.067406310553,0.6874989004049862,6,train,71,"{""type"":""MultiPoint"",""coordinates"":[]}"
00000000000000000bdf_0,1,KBang,683,1,0,1,14.17271760625131,108.47831713119506,1,2016,684,0.0,3179.5106303691864,2674.3027243573615,0.6529044964632511,6,train,71,"{""type"":""MultiPoint"",""coordinates"":[]}"
00000000000000000c76_0,1,KBang,844,1,0,1,14.197782213272731,108.45810848522085,1,2016,844,6.010418,3179.5106303691864,2674.3027243573615,0.4132882181678398,6,train,71,"{""type"":""MultiPoint"",""coordinates"":[]}"
00000000000000000835_0,1,KBang,920,1,0,1,14.382656542948595,108.42657372257086,1,2018,916,7.615605,3307.1987401247025,2646.067406310553,0.3976068093730363,8,train,71,"{""type"":""MultiPoint"",""coordinates"":[]}"
000000000000000009af_0,1,KBang,1178,1,0,1,14.518748307099766,108.42361287947139,0,2018,1178,7.6743855,2982.197799295187,2381.099704130859,0.2547881162270088,8,train,71,"{""type"":""MultiPoint"",""coordinates"":[]}"
00000000000000000a18_0,1,KBang,620,1,0,1,14.134182054947429,108.52628814032803,1,2009,621,10.931027,3335.206618718803,2843.7770705979806,0.22391027992036017,8,train,71,"{""type"":""MultiPoint"",""coordinates"":[]}"
000000000000000006a4_0,1,KBang,1142,1,1,0,14.513901264254669,108.41417742164228,1,2020,1144,6.7380557,2982.197799295187,2381.099704130859,0.32606427374796276,9,train,71,"{""type"":""MultiPoint"",""coordinates"":[]}"
0000000000000000073d_0,1,KBang,712,1,0,1,14.243867022660092,108.48101488733239,1,2016,712,14.718013,3116.021737858653,2587.275775269555,0.1507993347861747,11,train,71,"{""type"":""MultiPoint"",""coordinates"":[]}"
00000000000000000ab9_0,1,KBang,590,1,0,1,14.154395160022702,108.48532683805107,1,2017,590,11.018862,3179.5106303691864,2674.3027243573615,0.39911838913449293,11,train,71,"{""type"":""MultiPoint"",""coordinates"":[]}"
00000000000000000afe_0,1,KBang,762,1,0,1,14.228505419530975,108.45972267980217,1,2016,762,11.292031,3116.021737858653,2587.275775269555,0.7205947045381438,11,train,71,"{""type"":""MultiPoint"",""coordinates"":[]}"
00000000000000000b4a_0,1,KBang,984,1,0,0,14.40340474015028,108.43466253188183,0,0,985,13.922331,3056.5912619680166,2430.7695342178336,0.18637358019995487,11,train,71,"{""type"":""MultiPoint"",""coordinates"":[]}"
00000000000000000c1e_0,1,KBang,539,1,0,1,14.208831865683168,108.53787734396592,1,2018,539,11.367014,3132.6109425723553,2663.5936415282367,0.010896845955857715,11,train,71,"{""type"":""MultiPoint"",""coordinates"":[]}"
0000000000000000085e_0,1,KBang,595,1,1,0,14.131756303974356,108.54838744514889,1,2019,602,8.757944,3335.206618718803,2843.7770705979806,0.654117438744012,13,train,71,"{""type"":""MultiPoint"",""coordinates"":[]}"
000000000000000009d6_0,1,KBang,884,1,0,0,14.3354926311063,108.3336014656065,0,0,879,7.8307195,3590.3718142211437,2839.256492314795,0.5455901061343692,14,train,71,"{""type"":""MultiPoint"",""coordinates"":[]}"
000000000000000009a2_0,1,KBang,637,1,0,1,14.26434767379857,108.4338509754901,1,2017,642,4.167226,3954.77065885067,3193.707802749039,0.42118433550030354,15,train,71,"{""type"":""MultiPoint"",""coordinates"":[]}"
00000000000000000811_0,1,KBang,779,1,0,1,14.21503001614746,108.47319808318571,1,2016,786,14.062474,3116.021737858653,2587.275775269555,0.19327822708809794,20,train,71,"{""type"":""MultiPoint"",""coordinates"":[]}"
0000000000000000087c_0,1,KBang,750,1,1,0,14.254105118678806,108.4554107290835,1,2019,750,19.917637,3299.3934005498886,2718.926994363391,0.3792778038272011,20,train,71,"{""type"":""MultiPoint"",""coordinates"":[]}"
00000000000000000746_0,1,KBang,646,1,1,0,14.157895554349658,108.4847872868236,1,2021,658,21.231472,3179.5106303691864,2674.3027243573615,0.3223491535326283,22,train,71,"{""type"":""MultiPoint"",""coordinates"":[]}"
000000000000000008f1_0,1,KBang,929,1,0,0,14.393973741422244,108.44759838403786,0,0,931,18.502289,3307.1987401247025,2646.067406310553,0.49690158197526313,24,train,71,"{""type"":""MultiPoint"",""coordinates"":[]}"
00000000000000000bb1_0,1,KBang,665,1,0,1,14.249793167960124,108.43627672646316,1,2017,652,26.733414,3484.5955844521523,2837.824403122823,0.6512549081118925,25,train,71,"{""type"":""MultiPoint"",""coordinates"":[]}"
00000000000000000c49_0,1,KBang,984,1,0,1,14.364601642783192,108.32363091565102,1,2016,984,26.597517,3714.876072347164,2911.4369120395304,0.3341866706269907,27,train,71,"{""type"":""MultiPoint"",""coordinates"":[]}"
000000000000000009f9_0,1,KBang,869,1,0,1,14.388582688248627,108.32416600777742,1,2016,869,30.664913,3714.876072347164,2911.4369120395304,0.41966944875847134,31,train,71,"{""type"":""MultiPoint"",""coordinates"":[]}"
00000000000000000701_0,1,KBang,668,1,1,0,14.303962327557384,108.4705047861494,1,2021,657,15.386483,3410.552547223866,2766.438409104254,0.5843497346065923,32,train,71,"{""type"":""MultiPoint"",""coordinates"":[]}"
0000000000000000096f_0,1,KBang,937,1,1,0,14.357052384699712,108.4944902907159,1,2019,939,2.0865533,3174.5908024162054,2515.3602785260928,0.00819650160977381,4,train,72,"{""type"":""MultiPoint"",""coordinates"":[]}"
00000000000000000a47_0,1,KBang,742,1,1,0,14.259768177016682,108.46430663568513,1,2020,740,6.3543487,3299.3934005498886,2718.926994363391,0.7723451445828071,4,train,72,"{""type"":""MultiPoint"",""coordinates"":[]}"
00000000000000000674_0,1,KBang,1137,1,0,0,14.516055010063484,108.43331142426261,0,0,1134,9.535281,2982.197799295187,2381.099704130859,0.55303366731959,5,train,72,"{""type"":""MultiPoint"",""coordinates"":[]}"
00000000000000000799_0,1,KBang,1132,1,1,0,14.506891557398653,108.43924202866371,1,2021,1132,5.80264,2982.197799295187,2381.099704130859,0.7863862977927601,6,train,72,"{""type"":""MultiPoint"",""coordinates"":[]}"
000000000000000008f5_0,1,KBang,654,1,1,0,14.127711899318884,108.53895644642087,1,2020,654,5.6283607,3335.206618718803,2843.7770705979806,0.20068069785253473,6,train,72,"{""type"":""MultiPoint"",""coordinates"":[]}"
000000000000000009b4_0,1,KBang,896,1,0,1,14.384810288757409,108.52413439451922,1,2018,893,5.3169503,3057.4028005301952,2452.323266195249,0.28652921669075193,6,train,72,"{""type"":""MultiPoint"",""coordinates"":[]}"
000000000000000009c8_0,1,KBang,977,1,1,0,14.395052843877176,108.41417742164228,1,2023,980,5.438712,3307.1987401247025,2646.067406310553,0.40664431108120813,6,train,72,"{""type"":""MultiPoint"",""coordinates"":[]}"
000000000000000009f6_0,1,KBang,605,1,0,1,14.330373583096943,108.45109877836481,1,2017,609,6.7336535,3410.552547223866,2766.438409104254,0.024079192928146864,6,train,72,"{""type"":""MultiPoint"",""coordinates"":[]}"
0000000000000000077a_0,1,KBang,698,1,0,1,14.178108659424925,108.47239098589503,1,2017,708,17.695028,3179.5106303691864,2674.3027243573615,0.15172232843768774,7,train,72,"{""type"":""MultiPoint"",""coordinates"":[]}"
000000000000000009b8_0,1,KBang,893,1,0,1,14.35355199037275,108.52197618960933,1,2018,893,6.805959,3057.4028005301952,2452.323266195249,0.7205249237942667,7,train,72,"{""type"":""MultiPoint"",""coordinates"":[]}"
000000000000000009b9_0,1,KBang,637,1,1,0,14.195356462299653,108.49206453974283,1,2020,638,6.9153137,3179.5106303691864,2674.3027243573615,0.638345729054284,7,train,72,"{""type"":""MultiPoint"",""coordinates"":[]}"
00000000000000000ad9_0,1,KBang,1084,1,0,0,14.42550404497116,108.3883057173302,0,0,1085,11.186061,3230.138293027878,2568.9875608114658,0.3074470336962546,7,train,72,"{""type"":""MultiPoint"",""coordinates"":[]}"
00000000000000000c10_0,1,KBang,698,1,1,0,14.215297562210663,108.42684572773511,1,2021,692,9.524039,3484.5955844521523,2837.824403122823,0.7905626153824423,8,train,72,"{""type"":""MultiPoint"",""coordinates"":[]}"
00000000000000000ae0_0,1,KBang,782,1,1,0,14.318784379459037,108.56320949705056,1,2019,779,3.9921174,3139.498244166374,2607.9216171444064,0.44495326577011174,9,train,72,"{""type"":""MultiPoint"",""coordinates"":[]}"
000000000000000006b9_0,1,KBang,668,1,0,1,14.240362169232085,108.52548104303735,1,2017,672,11.032545,3132.6109425723553,2663.5936415282367,0.5770912213038869,10,train,72,"{""type"":""MultiPoint"",""coordinates"":[]}"
000000000000000008d0_0,1,KBang,789,1,0,1,14.128251450546347,108.5322187447291,1,2018,789,10.404732,3335.206618718803,2843.7770705979806,0.7188284975319922,10,train,72,"{""type"":""MultiPoint"",""coordinates"":[]}"
00000000000000000c3e_0,1,KBang,643,1,1,0,14.191044511580973,108.48398018953291,1,2022,643,11.931509,3179.5106303691864,2674.3027243573615,0.6629512351154164,12,train,72,"{""type"":""MultiPoint"",""coordinates"":[]}"
00000000000000000857_0,1,KBang,670,1,0,1,14.240362169232085,108.48855968631482,1,2016,670,16.538399,3116.021737858653,2587.275775269555,0.465335844001073,13,train,72,"{""type"":""MultiPoint"",""coordinates"":[]}"
000000000000000009bf_0,1,KBang,623,1,0,1,14.17137095773317,108.50580748918954,1,2018,626,9.617392,2927.8332602009177,2497.137565198986,0.48092603450699134,13,train,72,"{""type"":""MultiPoint"",""coordinates"":[]}"
00000000000000000a15_0,1,KBang,1116,1,1,0,14.411221544296971,108.39261766804887,0,2023,1110,12.776599,3230.138293027878,2568.9875608114658,0.021119579654856224,13,train,72,"{""type"":""MultiPoint"",""coordinates"":[]}"
00000000000000000b32_0,1,KBang,676,1,0,1,14.231198716567253,108.48586638927854,1,2016,680,10.1459,3116.021737858653,2587.275775269555,0.2847649007508941,13,train,72,"{""type"":""MultiPoint"",""coordinates"":[]}"
000000000000000007c9_0,1,KBang,751,1,0,0,14.331452685551875,108.5128127369445,0,0,755,10.937989,3361.179399266839,2766.2203726602984,0.4698981291349872,14,train,72,"{""type"":""MultiPoint"",""coordinates"":[]}"
000000000000000008ca_0,1,KBang,964,1,0,0,14.380770343202988,108.44409353060985,0,0,963,12.027212,3307.1987401247025,2646.067406310553,0.45853232419520384,14,train,72,"{""type"":""MultiPoint"",""coordinates"":[]}"
0000000000000000089c_0,1,KBang,900,1,1,0,14.378072587065656,108.4354696291725,1,2019,898,15.216037,3307.1987401247025,2646.067406310553,0.05685389323400214,15,train,72,"{""type"":""MultiPoint"",""coordinates"":[]}"
000000000000000007ed_0,1,KBang,586,1,0,0,14.15142985782216,108.48559438411426,0,0,586,18.35229,3179.5106303691864,2674.3027243573615,0.10197515829129389,17,train,72,"{""type"":""MultiPoint"",""coordinates"":[]}"
00000000000000000668_0,1,KBang,559,1,0,0,14.212064713946917,108.5265601454923,0,0,573,15.371786,3132.6109425723553,2663.5936415282367,0.34558391654373477,21,train,72,"{""type"":""MultiPoint"",""coordinates"":[]}"
0000000000000000094c_0,1,KBang,966,1,0,1,14.35085423423542,108.32389846171421,1,2016,963,21.83442,3714.876072347164,2911.4369120395304,0.30963657192530225,21,train,72,"{""type"":""MultiPoint"",""coordinates"":[]}"
00000000000000000b5a_0,1,KBang,643,1,0,0,14.186193009634824,108.48478728682359,0,0,636,19.306847,3179.5106303691864,2674.3027243573615,0.53794683432355,22,train,72,"{""type"":""MultiPoint"",""coordinates"":[]}"
00000000000000000b1d_0,1,KBang,729,1,1,0,14.269199175744717,108.47562383415878,1,2024,727,4.1672454,3299.3934005498886,2718.926994363391,0.06857684991678792,1,train,74,"{""type"":""MultiPoint"",""coordinates"":[]}"
00000000000000000723_0,1,KBang,1075,1,1,0,14.429548449626633,108.39612252147688,1,2022,1077,5.6285763,3230.138293027878,2568.9875608114658,0.49359322713452936,4,train,74,"{""type"":""MultiPoint"",""coordinates"":[]}"
000000000000000006df_0,1,KBang,850,1,1,0,14.347888932034882,108.5087727913901,1,2019,852,5.798634,3361.179399266839,2766.2203726602984,0.416450087046348,7,train,74,"{""type"":""MultiPoint"",""coordinates"":[]}"
00000000000000000bc1_0,1,KBang,749,1,0,1,14.336571733561232,108.49880224143459,1,2017,749,9.933543,3410.552547223866,2766.438409104254,0.06551821621302545,7,train,74,"{""type"":""MultiPoint"",""coordinates"":[]}"
00000000000000000bda_0,1,KBang,771,1,0,1,14.202633715218877,108.46430663568513,1,2017,771,6.6668925,3116.021737858653,2587.275775269555,0.5203172207090667,7,train,74,"{""type"":""MultiPoint"",""coordinates"":[]}"
000000000000000009e3_0,1,KBang,867,1,0,0,14.344388537707923,108.32605220752305,0,0,869,7.9058084,3590.3718142211437,2839.256492314795,0.08447782033488827,8,train,74,"{""type"":""MultiPoint"",""coordinates"":[]}"
00000000000000000a97_0,1,KBang,945,1,0,1,14.37753749493924,108.31500701421366,1,2017,942,4.7245297,3714.876072347164,2911.4369120395304,0.501659002565,8,train,74,"{""type"":""MultiPoint"",""coordinates"":[]}"
00000000000000000b5e_0,1,KBang,723,1,1,0,14.281863022736507,108.4376233749813,1,2023,723,8.501135,3954.77065885067,3193.707802749039,0.16179792618130018,9,train,74,"{""type"":""MultiPoint"",""coordinates"":[]}"
0000000000000000078d_0,1,KBang,972,1,0,1,14.400983448278259,108.44948458378346,1,2016,972,9.534081,3056.5912619680166,2430.7695342178336,0.4471957875135215,10,train,74,"{""type"":""MultiPoint"",""coordinates"":[]}"
000000000000000007d7_0,1,KBang,785,1,0,1,14.33845793330684,108.49799068504285,1,2017,783,13.902583,3410.552547223866,2766.438409104254,0.26028395577031416,10,train,74,"{""type"":""MultiPoint"",""coordinates"":[]}"
00000000000000000afd_0,1,KBang,565,1,0,1,14.128251450546347,108.50392128944394,1,2016,565,12.453865,3335.206618718803,2843.7770705979806,0.7035901480948732,12,train,74,"{""type"":""MultiPoint"",""coordinates"":[]}"
00000000000000000b24_0,1,KBang,930,1,1,0,14.385621845149142,108.40690462782412,1,2022,942,18.804256,3307.1987401247025,2646.067406310553,0.35644794226387533,12,train,74,"{""type"":""MultiPoint"",""coordinates"":[]}"
00000000000000000b34_0,1,KBang,622,1,0,1,14.157356003122189,108.48532683805107,1,2018,629,18.993546,3179.5106303691864,2674.3027243573615,0.7958542332647351,12,train,74,"{""type"":""MultiPoint"",""coordinates"":[]}"
00000000000000000ac7_0,1,KBang,593,1,0,1,14.291298480565596,108.44975212984667,1,2015,593,14.4484215,3954.77065885067,3193.707802749039,0.25508055981386435,14,train,74,"{""type"":""MultiPoint"",""coordinates"":[]}"
0000000000000000089e_0,1,KBang,1163,1,1,0,14.499079212353013,108.37429522182028,1,2022,1163,16.085638,3139.124945908785,2478.474790363861,0.3328588958307157,16,train,74,"{""type"":""MultiPoint"",""coordinates"":[]}"
00000000000000000afc_0,1,KBang,957,1,0,0,14.376997943711773,108.43007857599888,0,0,962,16.546104,3307.1987401247025,2646.067406310553,0.47920306924636336,16,train,74,"{""type"":""MultiPoint"",""coordinates"":[]}"
00000000000000000c15_0,1,KBang,952,1,0,0,14.400711443113998,108.41984047998015,0,0,952,16.26826,3056.5912619680166,2430.7695342178336,0.3486683748322611,16,train,74,"{""type"":""MultiPoint"",""coordinates"":[]}"
00000000000000000766_0,1,KBang,697,1,0,1,14.26272902011617,108.42873192748074,1,2017,697,16.671215,3954.77065885067,3193.707802749039,0.6450860830712969,17,train,74,"{""type"":""MultiPoint"",""coordinates"":[]}"
00000000000000000be2_0,1,KBang,628,1,0,1,14.165712358496346,108.48290108707799,1,2016,628,17.126736,3179.5106303691864,2674.3027243573615,0.4777233203494343,17,train,74,"{""type"":""MultiPoint"",""coordinates"":[]}"
000000000000000007b4_0,1,KBang,713,1,0,1,14.24763942215131,108.43843493137302,1,2017,713,18.967657,3484.5955844521523,2837.824403122823,0.0035690544009997494,19,train,74,"{""type"":""MultiPoint"",""coordinates"":[]}"
00000000000000000a28_0,1,KBang,785,1,0,1,14.209371416910633,108.42927147870819,1,2017,785,18.526129,3484.5955844521523,2837.824403122823,0.09995021869784748,19,train,74,"{""type"":""MultiPoint"",""coordinates"":[]}"
00000000000000000ad1_0,1,KBang,1044,1,0,0,14.500153855706898,108.47804958513184,0,0,1044,20.067928,3149.5016675293446,2511.7643873978677,0.43399958135907435,20,train,74,"{""type"":""MultiPoint"",""coordinates"":[]}"
00000000000000000ab5_0,1,KBang,1094,1,1,0,14.41095399823376,108.39450386779448,0,2023,1085,14.5030575,3230.138293027878,2568.9875608114658,0.2062728361967947,22,train,74,"{""type"":""MultiPoint"",""coordinates"":[]}"
0000000000000000089a_0,1,KBang,708,1,0,1,14.213950913692525,108.42549907921698,1,2016,720,28.085365,3484.5955844521523,2837.824403122823,0.02630360265586351,25,train,74,"{""type"":""MultiPoint"",""coordinates"":[]}"
000000000000000006f1_0,1,KBang,761,1,0,1,14.274318223754078,108.42927147870819,1,2016,761,27.216503,3954.77065885067,3193.707802749039,0.19054657032210975,27,train,74,"{""type"":""MultiPoint"",""coordinates"":[]}"
00000000000000000a73_0,1,KBang,923,1,1,0,14.353819536435962,108.32309136442356,1,2019,923,27.305199,3714.876072347164,2911.4369120395304,0.5282455042172296,27,train,74,"{""type"":""MultiPoint"",""coordinates"":[]}"
00000000000000000939_0,1,KBang,717,1,0,1,14.261114825534824,108.45217788081975,1,2016,708,32.71148,3299.3934005498886,2718.926994363391,0.11519076957981589,28,train,74,"{""type"":""MultiPoint"",""coordinates"":[]}"
000000000000000007a8_0,1,KBang,785,1,0,0,14.225807663393638,108.42010802604338,0,0,785,29.02532,3484.5955844521523,2837.824403122823,0.290234516290349,29,train,74,"{""type"":""MultiPoint"",""coordinates"":[]}"
00000000000000000af0_0,1,KBang,1012,1,1,0,14.395320389940382,108.42172667972578,1,2021,1009,10.480632,3307.1987401247025,2646.067406310553,0.5449807044640659,1,train,75,"{""type"":""MultiPoint"",""coordinates"":[]}"
00000000000000000a3c_0,1,KBang,895,1,0,1,14.217188221057327,108.46915367853022,1,2008,892,12.195171,3116.021737858653,2587.275775269555,0.12108689503530301,3,train,75,"{""type"":""MultiPoint"",""coordinates"":[]}"
00000000000000000a8b_0,1,KBang,1090,1,1,0,14.416340592306323,108.39073146830327,1,2023,1091,8.6046,3230.138293027878,2568.9875608114658,0.3691998889824476,4,train,75,"{""type"":""MultiPoint"",""coordinates"":[]}"
000000000000000006b6_0,1,KBang,661,1,0,1,14.166251909723814,108.64001751269616,1,2018,661,4.679902,2827.968597881496,2459.472389055322,0.7007256326252551,5,train,75,"{""type"":""MultiPoint"",""coordinates"":[]}"
00000000000000000830_0,1,KBang,774,1,0,1,14.306120532467249,108.57183339848791,1,2005,778,11.478823,3139.498244166374,2607.9216171444064,0.02959690932446768,5,train,75,"{""type"":""MultiPoint"",""coordinates"":[]}"
00000000000000000969_0,1,KBang,626,1,0,1,14.16840565553263,108.48155443855985,1,2018,632,12.377081,3179.5106303691864,2674.3027243573615,0.4641927006005908,7,train,75,"{""type"":""MultiPoint"",""coordinates"":[]}"
00000000000000000c5d_0,1,KBang,709,1,1,0,14.264615219861776,108.48370818436868,1,2021,709,7.340386,3299.3934005498886,2718.926994363391,0.33356894404015136,7,train,75,"{""type"":""MultiPoint"",""coordinates"":[]}"
00000000000000000837_0,1,KBang,864,1,1,0,14.393166644131568,108.3247055590049,1,2020,872,15.159562,3714.876072347164,2911.4369120395304,0.5972218020151401,8,train,75,"{""type"":""MultiPoint"",""coordinates"":[]}"
00000000000000000873_0,1,KBang,1201,1,1,0,14.507431108626118,108.38480532300325,1,2020,1201,8.759471,3205.2258018553257,2562.2362008570512,0.12793014217260879,9,train,75,"{""type"":""MultiPoint"",""coordinates"":[]}"
0000000000000000094f_0,1,KBang,850,1,0,1,14.410142441842039,108.60067040500054,0,2018,850,8.501375,3179.367648512125,2581.221545913855,0.22289375501643993,9,train,75,"{""type"":""MultiPoint"",""coordinates"":[]}"
00000000000000000a99_0,1,KBang,680,1,1,0,14.221767717839215,108.41848937236098,1,2022,685,10.992985,3484.5955844521523,2837.824403122823,0.5056497665314262,9,train,75,"{""type"":""MultiPoint"",""coordinates"":[]}"
00000000000000000a8a_0,1,KBang,1148,1,0,1,14.525218462728315,108.42846438141754,1,2017,1148,9.697284,2982.197799295187,2381.099704130859,0.05519498416606661,10,train,75,"{""type"":""MultiPoint"",""coordinates"":[]}"
0000000000000000091c_0,1,KBang,822,1,0,1,14.20209416399141,108.45783648005659,1,2016,822,10.564901,3116.021737858653,2587.275775269555,0.35238376215281153,11,train,75,"{""type"":""MultiPoint"",""coordinates"":[]}"
0000000000000000099d_0,1,KBang,745,1,0,1,14.263268571343634,108.4710443373769,1,2018,747,14.778331,3299.3934005498886,2718.926994363391,0.5242397688223421,11,train,75,"{""type"":""MultiPoint"",""coordinates"":[]}"
00000000000000000880_0,1,KBang,602,1,0,1,14.161400407777665,108.50661458648021,1,2001,613,12.450195,2927.8332602009177,2497.137565198986,0.04192107701358938,12,train,75,"{""type"":""MultiPoint"",""coordinates"":[]}"
000000000000000006d0_0,1,KBang,680,1,0,1,14.29857127438377,108.45810848522085,1,2012,680,12.557809,3299.3934005498886,2718.926994363391,0.7456964960251687,13,train,75,"{""type"":""MultiPoint"",""coordinates"":[]}"
00000000000000000c66_0,1,KBang,612,1,0,0,14.33064112916015,108.46026223102965,0,0,608,9.898243,3410.552547223866,2766.438409104254,0.30673240788545475,13,train,75,"{""type"":""MultiPoint"",""coordinates"":[]}"
00000000000000000656_0,1,KBang,617,1,1,0,14.162747056295805,108.48613393534174,1,2021,617,13.924474,3179.5106303691864,2674.3027243573615,0.612216768846701,14,train,75,"{""type"":""MultiPoint"",""coordinates"":[]}"
0000000000000000095b_0,1,KBang,840,1,0,0,14.369988236855754,108.60309615597362,0,0,840,14.099914,2952.925736054778,2405.8077794335663,0.2938292812012251,14,train,75,"{""type"":""MultiPoint"",""coordinates"":[]}"
00000000000000000af4_0,1,KBang,803,1,1,0,14.341690781570591,108.51119854236318,1,2023,809,14.354226,3361.179399266839,2766.2203726602984,0.5561016176879562,15,train,75,"{""type"":""MultiPoint"",""coordinates"":[]}"
000000000000000008a4_0,1,KBang,884,1,0,1,14.361636340582656,108.53113964227417,1,2016,884,16.763075,3057.4028005301952,2452.323266195249,0.1478480866795978,17,train,75,"{""type"":""MultiPoint"",""coordinates"":[]}"
000000000000000006cc_0,1,KBang,902,1,0,1,14.334417987752422,108.32901750972357,1,2018,902,19.29298,3590.3718142211437,2839.256492314795,0.5150319854800475,19,train,75,"{""type"":""MultiPoint"",""coordinates"":[]}"
00000000000000000718_0,1,KBang,1001,1,0,0,14.379958786811263,108.41660317261535,0,0,1004,20.590141,3307.1987401247025,2646.067406310553,0.33990249177825815,19,train,75,"{""type"":""MultiPoint"",""coordinates"":[]}"
00000000000000000981_0,1,KBang,645,1,0,1,14.131488757911152,108.5128127369445,1,2018,631,22.184702,3335.206618718803,2843.7770705979806,0.2555419168806192,24,train,75,"{""type"":""MultiPoint"",""coordinates"":[]}"
00000000000000000796_0,1,KBang,1029,1,0,0,14.35867103838211,108.32012606222301,0,0,1036,32.971855,3714.876072347164,2911.4369120395304,0.6573056919461951,39,train,75,"{""type"":""MultiPoint"",""coordinates"":[]}"
00000000000000000ae4_0,1,KBang,1127,1,1,0,14.504465806425575,108.43843493137302,1,2019,1129,4.1681657,2982.197799295187,2381.099704130859,0.7081866090946421,2,train,76,"{""type"":""MultiPoint"",""coordinates"":[]}"
00000000000000000b37_0,1,KBang,661,1,0,1,14.261382371598026,108.45055922713736,1,2016,661,2.0863662,3299.3934005498886,2718.926994363391,0.1801880823342109,2,train,76,"{""type"":""MultiPoint"",""coordinates"":[]}"
000000000000000007c2_0,1,KBang,673,1,0,1,14.233896472704588,108.48532683805107,1,2015,673,3.4137468,3116.021737858653,2587.275775269555,0.32651419070536836,3,train,76,"{""type"":""MultiPoint"",""coordinates"":[]}"
00000000000000000b64_0,1,KBang,587,1,1,0,14.171910508960638,108.49853023627033,1,2022,590,14.18418,3179.5106303691864,2674.3027243573615,0.2337322430525247,3,train,76,"{""type"":""MultiPoint"",""coordinates"":[]}"
00000000000000000bec_0,1,KBang,842,1,0,1,14.364601642783192,108.5699471987423,1,2016,842,1.8543341,3001.057534530759,2400.0190920016626,0.03852255100788671,3,train,76,"{""type"":""MultiPoint"",""coordinates"":[]}"
000000000000000008e3_0,1,KBang,555,1,0,1,14.148197009558412,108.49044588606041,1,2012,560,13.416793,3364.3139811381698,2879.1407314955827,0.37670863219757555,5,train,76,"{""type"":""MultiPoint"",""coordinates"":[]}"
00000000000000000b50_0,1,KBang,760,1,0,1,14.231738267794718,108.45864357734725,1,2017,761,5.0040393,3116.021737858653,2587.275775269555,0.6213862562544217,5,train,76,"{""type"":""MultiPoint"",""coordinates"":[]}"
00000000000000000c00_0,1,KBang,726,1,0,1,14.280788379382626,108.52925344252857,1,2016,726,4.7219076,3283.608837634325,2704.4453318488963,0.4782723771044054,5,train,76,"{""type"":""MultiPoint"",""coordinates"":[]}"
000000000000000008fd_0,1,KBang,831,1,0,0,14.373493090283764,108.56159084336815,0,0,833,9.301328,3001.057534530759,2400.0190920016626,0.11495929401841154,6,train,76,"{""type"":""MultiPoint"",""coordinates"":[]}"
00000000000000000985_0,1,KBang,796,1,1,0,14.226079668557897,108.44436107667306,1,2021,796,1.3323401,3484.5955844521523,2837.824403122823,0.6345229874835284,6,train,76,"{""type"":""MultiPoint"",""coordinates"":[]}"
00000000000000000904_0,1,KBang,825,1,1,0,14.36810203711015,108.43843493137302,1,2020,827,5.316747,3307.1987401247025,2646.067406310553,0.663731032359882,7,train,76,"{""type"":""MultiPoint"",""coordinates"":[]}"
000000000000000009b2_0,1,KBang,764,1,1,0,14.240094623168877,108.44463308183731,1,2022,768,10.155266,3484.5955844521523,2837.824403122823,0.09270207924495666,7,train,76,"{""type"":""MultiPoint"",""coordinates"":[]}"
00000000000000000a54_0,1,KBang,1019,1,0,0,14.451375749283251,108.45217788081975,0,0,1020,2.9401243,3062.020653218031,2418.2485376937757,0.2035963163023854,7,train,76,"{""type"":""MultiPoint"",""coordinates"":[]}"
00000000000000000c0a_0,1,KBang,821,1,0,1,14.2735111264634,108.43439052671755,1,2016,827,6.354657,3954.77065885067,3193.707802749039,0.0607000896606632,7,train,76,"{""type"":""MultiPoint"",""coordinates"":[]}"
00000000000000000bd5_0,1,KBang,645,1,1,0,14.189425857898572,108.48208953068627,1,2022,652,13.043218,3179.5106303691864,2674.3027243573615,0.03481534147165355,8,train,76,"{""type"":""MultiPoint"",""coordinates"":[]}"
00000000000000000677_0,1,KBang,553,1,0,1,14.149543658076553,108.5206295410912,1,2015,556,10.445153,3335.206618718803,2843.7770705979806,0.010522263945996202,9,train,76,"{""type"":""MultiPoint"",""coordinates"":[]}"
00000000000000000814_0,1,KBang,1090,1,1,0,14.42092454818927,108.39935536974063,1,2019,1088,8.097045,3230.138293027878,2568.9875608114658,0.20738818597921926,9,train,76,"{""type"":""MultiPoint"",""coordinates"":[]}"
0000000000000000090c_0,1,KBang,1005,1,0,1,14.441137653264539,108.46834658123954,1,2016,1008,7.90625,3026.558855623007,2396.239654855617,0.5211158625731848,9,train,76,"{""type"":""MultiPoint"",""coordinates"":[]}"
000000000000000006d1_0,1,KBang,1186,1,0,1,14.515787464000272,108.42927147870819,1,2016,1186,11.188089,2982.197799295187,2381.099704130859,0.215589674629595,11,train,76,"{""type"":""MultiPoint"",""coordinates"":[]}"
000000000000000008d2_0,1,KBang,964,1,1,0,14.388047596122213,108.44813347616429,1,2023,964,11.375784,3307.1987401247025,2646.067406310553,0.37194247373863887,11,train,76,"{""type"":""MultiPoint"",""coordinates"":[]}"
00000000000000000937_0,1,KBang,968,1,1,0,14.278090623245292,108.41633562655215,0,2020,976,26.449707,3954.77065885067,3193.707802749039,0.5129646043365987,11,train,76,"{""type"":""MultiPoint"",""coordinates"":[]}"
000000000000000009fd_0,1,KBang,782,1,0,1,14.21476247008425,108.4729305371225,1,2016,790,13.419475,3116.021737858653,2587.275775269555,0.6115390923204893,11,train,76,"{""type"":""MultiPoint"",""coordinates"":[]}"
0000000000000000078a_0,1,KBang,908,1,0,1,14.410953998233762,108.32363091565102,1,2017,911,11.659868,3774.6228857189417,2999.9198697531438,0.62841554217468,12,train,76,"{""type"":""MultiPoint"",""coordinates"":[]}"
000000000000000008f3_0,1,KBang,567,1,1,0,14.145499253421079,108.52089708715441,1,2021,567,12.493332,3335.206618718803,2843.7770705979806,0.21328862359827094,12,train,76,"{""type"":""MultiPoint"",""coordinates"":[]}"
00000000000000000b03_0,1,KBang,643,1,0,1,14.253565567451338,108.45001967590989,1,2017,643,11.854222,3954.77065885067,3193.707802749039,0.5684877490800128,12,train,76,"{""type"":""MultiPoint"",""coordinates"":[]}"
00000000000000000b1c_0,1,KBang,904,1,0,1,14.33037358309694,108.33171526586092,1,2018,900,9.249107,3590.3718142211437,2839.256492314795,0.1410891543331665,12,train,76,"{""type"":""MultiPoint"",""coordinates"":[]}"
00000000000000000ba5_0,1,KBang,998,1,0,0,14.414186846497511,108.44220733086425,0,0,1011,20.993103,3056.5912619680166,2430.7695342178336,0.15316540740298312,12,train,76,"{""type"":""MultiPoint"",""coordinates"":[]}"
0000000000000000068d_0,1,KBang,1120,1,1,0,14.512282610572273,108.43600918039995,0,2020,1109,10.668484,2982.197799295187,2381.099704130859,0.5623380963330838,13,train,76,"{""type"":""MultiPoint"",""coordinates"":[]}"
0000000000000000069a_0,1,KBang,863,1,0,1,14.371874436601361,108.4419353257,1,2017,863,12.56103,3307.1987401247025,2646.067406310553,0.543350550281263,13,train,76,"{""type"":""MultiPoint"",""coordinates"":[]}"
00000000000000000945_0,1,KBang,754,1,1,0,14.331992236779346,108.50769368893515,1,2020,768,12.559283,3361.179399266839,2766.2203726602984,0.10474519666343407,13,train,76,"{""type"":""MultiPoint"",""coordinates"":[]}"
000000000000000009f4_0,1,KBang,999,1,0,1,14.394780838712915,108.43924202866371,1,2017,1000,11.745447,3307.1987401247025,2646.067406310553,0.33467546585526076,13,train,76,"{""type"":""MultiPoint"",""coordinates"":[]}"
00000000000000000b70_0,1,KBang,773,1,0,0,14.180806415562262,108.47077233221262,0,0,781,12.552673,3179.5106303691864,2674.3027243573615,0.11925355929305237,13,train,76,"{""type"":""MultiPoint"",""coordinates"":[]}"
00000000000000000c6c_0,1,KBang,568,1,0,1,14.20559901741942,108.52494149180987,1,2018,565,12.455772,3132.6109425723553,2663.5936415282367,0.41247189487601255,13,train,76,"{""type"":""MultiPoint"",""coordinates"":[]}"
0000000000000000080d_0,1,KBang,1141,1,1,0,14.50608446010798,108.43546962917249,1,2022,1137,6.0178623,2982.197799295187,2381.099704130859,0.3321951248266328,14,train,76,"{""type"":""MultiPoint"",""coordinates"":[]}"
00000000000000000933_0,1,KBang,608,1,0,1,14.286714524682653,108.45055922713735,0,2017,598,17.925669,3299.3934005498886,2718.926994363391,0.33553494672908457,14,train,76,"{""type"":""MultiPoint"",""coordinates"":[]}"
00000000000000000b75_0,1,KBang,959,1,0,0,14.382656542948595,108.42091512333404,0,0,959,13.999418,3307.1987401247025,2646.067406310553,0.5477948896116994,14,train,76,"{""type"":""MultiPoint"",""coordinates"":[]}"
000000000000000006d9_0,1,KBang,812,1,0,1,14.196435564754589,108.45999468496643,1,2018,805,13.77183,3179.5106303691864,2674.3027243573615,0.7277496316965885,15,train,76,"{""type"":""MultiPoint"",""coordinates"":[]}"
00000000000000000792_0,1,KBang,676,1,0,1,14.222035263902423,108.48155443855985,1,2016,692,20.016043,3116.021737858653,2587.275775269555,0.6882333840798409,15,train,76,"{""type"":""MultiPoint"",""coordinates"":[]}"
00000000000000000c7d_0,1,KBang,809,1,1,0,14.341962786734848,108.5125451908813,1,2022,817,18.292948,3361.179399266839,2766.2203726602984,0.7286133153054973,15,train,76,"{""type"":""MultiPoint"",""coordinates"":[]}"
0000000000000000082b_0,1,KBang,566,1,0,1,14.183499712598543,108.52170864354615,1,2017,566,16.262356,2927.8332602009177,2497.137565198986,0.30811662406081974,16,train,76,"{""type"":""MultiPoint"",""coordinates"":[]}"
0000000000000000090e_0,1,KBang,1186,1,1,0,14.507163562562914,108.38291912325764,1,2021,1186,18.139751,3205.2258018553257,2562.2362008570512,0.41223016414725633,16,train,76,"{""type"":""MultiPoint"",""coordinates"":[]}"
00000000000000000a38_0,1,KBang,911,1,0,1,14.387236039730482,108.45083123230162,1,2017,909,16.245476,3174.5908024162054,2515.3602785260928,0.7034498815881429,16,train,76,"{""type"":""MultiPoint"",""coordinates"":[]}"
00000000000000000a71_0,1,KBang,648,1,0,1,14.295070880056812,108.45406408056536,1,2010,652,18.101658,3299.3934005498886,2718.926994363391,0.7254795718447368,16,train,76,"{""type"":""MultiPoint"",""coordinates"":[]}"
00000000000000000c6a_0,1,KBang,536,1,1,0,14.215837113438132,108.53679824151101,1,2019,536,15.863079,3132.6109425723553,2663.5936415282367,0.3260724681105188,16,train,76,"{""type"":""MultiPoint"",""coordinates"":[]}"
000000000000000007b3_0,1,KBang,689,1,0,1,14.241708817750226,108.48424773559613,0,2016,679,23.835964,3116.021737858653,2587.275775269555,0.6314343408948988,17,train,76,"{""type"":""MultiPoint"",""coordinates"":[]}"
00000000000000000665_0,1,KBang,865,1,0,1,14.392627092904101,108.3247055590049,1,2018,872,22.345922,3714.876072347164,2911.4369120395304,0.08096407026067409,18,train,76,"{""type"":""MultiPoint"",""coordinates"":[]}"
0000000000000000081a_0,1,KBang,1166,1,0,1,14.517941209809091,108.42899947354395,1,2016,1166,17.816679,2982.197799295187,2381.099704130859,0.12172264695531743,18,train,76,"{""type"":""MultiPoint"",""coordinates"":[]}"
0000000000000000064e_0,1,KBang,869,1,1,0,14.310972034413398,108.4295390247714,1,2019,881,19.312595,3878.7206017300487,3091.2550926978347,0.7675181148654601,19,train,76,"{""type"":""MultiPoint"",""coordinates"":[]}"
000000000000000006b8_0,1,KBang,688,1,0,1,14.189697863062834,108.47993578487744,0,2014,690,15.223108,3179.5106303691864,2674.3027243573615,0.22807644126167936,19,train,76,"{""type"":""MultiPoint"",""coordinates"":[]}"
000000000000000006bd_0,1,KBang,632,1,0,1,14.1608608565502,108.50418883550714,1,2016,642,14.717264,2927.8332602009177,2497.137565198986,0.5731257718271946,20,train,76,"{""type"":""MultiPoint"",""coordinates"":[]}"
000000000000000008a9_0,1,KBang,605,1,0,1,14.203440812509553,108.54245684074782,1,2018,594,21.429787,3132.6109425723553,2663.5936415282367,0.576287753420062,20,train,76,"{""type"":""MultiPoint"",""coordinates"":[]}"
00000000000000000aff_0,1,KBang,1122,1,0,1,14.518213214973352,108.43277187303516,1,2004,1122,20.018763,2982.197799295187,2381.099704130859,0.636946656846291,20,train,76,"{""type"":""MultiPoint"",""coordinates"":[]}"
00000000000000000c13_0,1,KBang,887,1,0,0,14.365408740073867,108.32524511023236,0,0,891,17.953903,3714.876072347164,2911.4369120395304,0.07620379798809085,20,train,76,"{""type"":""MultiPoint"",""coordinates"":[]}"
00000000000000000b06_0,1,KBang,533,1,1,0,14.179994859170534,108.54407549443023,1,2019,533,15.493944,2927.8332602009177,2497.137565198986,0.021363746012586393,21,train,76,"{""type"":""MultiPoint"",""coordinates"":[]}"
00000000000000000adf_0,1,KBang,794,1,0,1,14.268392078454045,108.4295390247714,1,2015,797,17.095196,3954.77065885067,3193.707802749039,0.3335123907098355,22,train,76,"{""type"":""MultiPoint"",""coordinates"":[]}"
000000000000000009a0_0,1,KBang,821,1,1,0,14.201826617928205,108.45972267980217,1,2023,821,22.770647,3116.021737858653,2587.275775269555,0.5470700239265863,23,train,76,"{""type"":""MultiPoint"",""coordinates"":[]}"
000000000000000006c2_0,1,KBang,768,1,0,1,14.227426317076036,108.42172667972578,1,2018,768,24.41269,3484.5955844521523,2837.824403122823,0.03565287638631276,24,train,76,"{""type"":""MultiPoint"",""coordinates"":[]}"
0000000000000000072c_0,1,KBang,886,1,1,0,14.309353380730998,108.42846438141753,1,2020,886,23.838905,3878.7206017300487,3091.2550926978347,0.05846992577192378,24,train,76,"{""type"":""MultiPoint"",""coordinates"":[]}"
000000000000000009d3_0,1,KBang,564,1,0,1,14.232277819022185,108.49960933872526,1,2004,563,24.168037,3116.021737858653,2587.275775269555,0.34660807728693566,24,train,76,"{""type"":""MultiPoint"",""coordinates"":[]}"
00000000000000000924_0,1,KBang,885,1,0,1,14.418766343279401,108.31931896493232,1,2017,887,20.496567,3774.6228857189417,2999.9198697531438,0.5311398405548805,27,train,76,"{""type"":""MultiPoint"",""coordinates"":[]}"
00000000000000000be3_0,1,KBang,719,1,0,1,14.254105118678803,108.43816292620876,1,2016,719,27.041567,3954.77065885067,3193.707802749039,0.4216689426146316,27,train,76,"{""type"":""MultiPoint"",""coordinates"":[]}"
00000000000000000a0f_0,1,KBang,1165,1,0,1,14.512015064509058,108.42253377701644,1,2017,1144,23.322365,2982.197799295187,2381.099704130859,0.02634422801045977,28,train,76,"{""type"":""MultiPoint"",""coordinates"":[]}"
00000000000000000781_0,1,KBang,654,1,0,1,14.168945206760098,108.49233208580604,1,2018,676,32.34636,3179.5106303691864,2674.3027243573615,0.696471525435269,32,train,76,"{""type"":""MultiPoint"",""coordinates"":[]}"
00000000000000000b61_0,1,KBang,936,1,0,1,14.363522540328258,108.32551711539664,1,2016,950,28.449995,3714.876072347164,2911.4369120395304,0.568852225430119,34,train,76,"{""type"":""MultiPoint"",""coordinates"":[]}"
000000000000000007dd_0,1,KBang,1109,1,1,0,14.508510211081054,108.44247487692745,1,2019,1118,18.156744,2982.197799295187,2381.099704130859,0.19691076299801435,35,train,76,"{""type"":""MultiPoint"",""coordinates"":[]}"
00000000000000000a56_0,1,KBang,721,1,0,1,14.200207964245802,108.42253377701644,1,2016,721,1.3322617,3484.5955844521523,2837.824403122823,0.22620903311307983,1,train,78,"{""type"":""MultiPoint"",""coordinates"":[]}"
00000000000000000659_0,1,KBang,603,1,0,1,14.258417069397487,108.44840548132855,1,2016,605,7.6124187,3954.77065885067,3193.707802749039,0.6671648427284288,3,train,78,"{""type"":""MultiPoint"",""coordinates"":[]}"
000000000000000009e8_0,1,KBang,863,1,0,1,14.318516833395833,108.48370818436868,1,2018,863,2.9399395,3410.552547223866,2766.438409104254,0.3063383704876028,3,train,78,"{""type"":""MultiPoint"",""coordinates"":[]}"
00000000000000000705_0,1,KBang,683,1,1,0,14.17918776187986,108.48398018953291,1,2020,688,6.7372575,3179.5106303691864,2674.3027243573615,0.5575534850201573,4,train,78,"{""type"":""MultiPoint"",""coordinates"":[]}"
00000000000000000bbb_0,1,KBang,861,1,1,0,14.348700488426607,108.47993578487744,1,2019,867,16.455017,3410.552547223866,2766.438409104254,0.6779849826902348,4,train,78,"{""type"":""MultiPoint"",""coordinates"":[]}"
00000000000000000c1a_0,1,KBang,769,1,1,0,14.239283066777153,108.4470588328104,1,2020,769,6.667964,3484.5955844521523,2837.824403122823,0.09945987465990125,4,train,78,"{""type"":""MultiPoint"",""coordinates"":[]}"
00000000000000000653_0,1,KBang,678,1,1,0,14.251411821642524,108.48855968631482,1,2023,689,18.473122,3299.3934005498886,2718.926994363391,0.5490348232829737,6,train,78,"{""type"":""MultiPoint"",""coordinates"":[]}"
00000000000000000815_0,1,KBang,599,1,1,0,14.170563860442497,108.50823324016261,1,2023,602,3.3728547,2927.8332602009177,2497.137565198986,0.40380073666790217,6,train,78,"{""type"":""MultiPoint"",""coordinates"":[]}"
00000000000000000b09_0,1,KBang,914,1,1,0,14.40259764285961,108.50984743474397,1,2023,913,2.1269627,3022.832878291607,2439.8191594331984,0.7621221585495863,6,train,78,"{""type"":""MultiPoint"",""coordinates"":[]}"
00000000000000000957_0,1,KBang,827,1,1,0,14.367834491046938,108.43816292620876,1,2022,829,7.615226,3307.1987401247025,2646.067406310553,0.4071863277439923,7,train,78,"{""type"":""MultiPoint"",""coordinates"":[]}"
00000000000000000b17_0,1,KBang,798,1,0,1,14.337918382079373,108.50742614287195,1,2017,795,6.805629,3361.179399266839,2766.2203726602984,0.10881957475437287,7,train,78,"{""type"":""MultiPoint"",""coordinates"":[]}"
00000000000000000c0c_0,1,KBang,710,1,0,1,14.219074420802936,108.42253377701645,1,2016,710,6.9159775,3484.5955844521523,2837.824403122823,0.423708374568846,7,train,78,"{""type"":""MultiPoint"",""coordinates"":[]}"
00000000000000000822_0,1,KBang,1139,1,0,1,14.493955705242605,108.43304387819943,1,2018,1145,14.402611,3082.7387473136187,2420.537351960532,0.08744161198589939,8,train,78,"{""type"":""MultiPoint"",""coordinates"":[]}"
00000000000000000a6b_0,1,KBang,783,1,0,1,14.24278792020516,108.44651928158292,1,2003,788,11.6081915,3484.5955844521523,2837.824403122823,0.3050948043844316,8,train,78,"{""type"":""MultiPoint"",""coordinates"":[]}"
00000000000000000c69_0,1,KBang,789,1,0,1,14.248446519441984,108.46592083026648,1,2006,793,14.739574,3116.021737858653,2587.275775269555,0.18518789822941462,10,train,78,"{""type"":""MultiPoint"",""coordinates"":[]}"
0000000000000000075a_0,1,KBang,604,1,1,0,14.198321764500193,108.50715413770767,1,2019,599,12.756579,2927.8332602009177,2497.137565198986,0.03336553454467084,11,train,78,"{""type"":""MultiPoint"",""coordinates"":[]}"
0000000000000000078f_0,1,KBang,1016,1,1,0,14.468623552157979,108.47023278098516,1,2022,1010,14.97548,3062.020653218031,2418.2485376937757,0.10630515138603769,11,train,78,"{""type"":""MultiPoint"",""coordinates"":[]}"
000000000000000007d6_0,1,KBang,850,1,0,0,14.414993943788186,108.5993237564824,0,0,857,16.195412,3010.9200901687145,2435.0759028388934,0.6026914367530276,11,train,78,"{""type"":""MultiPoint"",""coordinates"":[]}"
000000000000000008d6_0,1,KBang,857,1,0,0,14.354359087663429,108.577764002889,0,0,852,15.083928,3001.057534530759,2400.0190920016626,0.6109202773354686,11,train,78,"{""type"":""MultiPoint"",""coordinates"":[]}"
000000000000000009c4_0,1,KBang,545,1,1,0,14.146578355876011,108.5467687914665,1,2023,545,11.471142,3335.206618718803,2843.7770705979806,0.5696024354287001,11,train,78,"{""type"":""MultiPoint"",""coordinates"":[]}"
00000000000000000a2b_0,1,KBang,643,1,0,1,14.316630633650224,108.45622228547522,1,2010,643,11.1272,3410.552547223866,2766.438409104254,0.10746873101660193,11,train,78,"{""type"":""MultiPoint"",""coordinates"":[]}"
00000000000000000855_0,1,KBang,560,1,0,1,14.194009813781514,108.52116909231867,1,2016,565,14.135147,2927.8332602009177,2497.137565198986,0.5479204818856088,12,train,78,"{""type"":""MultiPoint"",""coordinates"":[]}"
000000000000000007ac_0,1,KBang,554,1,0,1,14.192391160099113,108.52278328690002,1,2016,554,12.55318,2927.8332602009177,2497.137565198986,0.6797761012076697,13,train,78,"{""type"":""MultiPoint"",""coordinates"":[]}"
00000000000000000936_0,1,KBang,595,1,1,0,14.198321764500196,108.50634704041703,1,2019,585,18.647968,2927.8332602009177,2497.137565198986,0.4004711019928857,13,train,78,"{""type"":""MultiPoint"",""coordinates"":[]}"
00000000000000000a21_0,1,KBang,717,1,0,1,14.209371416910633,108.49880224143459,1,2017,723,6.9157043,3116.021737858653,2587.275775269555,0.1917891146462185,13,train,78,"{""type"":""MultiPoint"",""coordinates"":[]}"
00000000000000000bcd_0,1,KBang,793,1,1,0,14.338997484534305,108.49853023627033,1,2019,797,6.670894,3410.552547223866,2766.438409104254,0.21661840168369872,13,train,78,"{""type"":""MultiPoint"",""coordinates"":[]}"
0000000000000000070e_0,1,KBang,934,1,0,0,14.354626633726637,108.32227980803181,0,0,934,13.998933,3714.876072347164,2911.4369120395304,0.13824937298151974,14,train,78,"{""type"":""MultiPoint"",""coordinates"":[]}"
00000000000000000765_0,1,KBang,622,1,1,0,14.14873656078588,108.47185143466754,1,2019,619,10.7551565,3364.3139811381698,2879.1407314955827,0.36669691277667293,14,train,78,"{""type"":""MultiPoint"",""coordinates"":[]}"
000000000000000006dd_0,1,KBang,624,1,1,0,14.204252368901278,108.49745113381537,1,2021,637,16.202868,3116.021737858653,2587.275775269555,0.6505483353660717,15,train,78,"{""type"":""MultiPoint"",""coordinates"":[]}"
00000000000000000b81_0,1,KBang,884,1,1,0,14.387236039730482,108.43061812722635,1,2019,883,11.4827795,3307.1987401247025,2646.067406310553,0.6070849279721992,15,train,78,"{""type"":""MultiPoint"",""coordinates"":[]}"
000000000000000009e2_0,1,KBang,955,1,0,1,14.3745721927387,108.32255181319609,1,2018,965,22.185028,3714.876072347164,2911.4369120395304,0.0894246814729075,16,train,78,"{""type"":""MultiPoint"",""coordinates"":[]}"
00000000000000000a58_0,1,KBang,871,1,0,1,14.372413987828832,108.4419353257,1,2017,871,15.5991335,3307.1987401247025,2646.067406310553,0.5514281368606923,16,train,78,"{""type"":""MultiPoint"",""coordinates"":[]}"
00000000000000000b86_0,1,KBang,784,1,0,0,14.338997484534305,108.49772313897964,0,0,773,10.414236,3410.552547223866,2766.438409104254,0.6916419553681419,16,train,78,"{""type"":""MultiPoint"",""coordinates"":[]}"
00000000000000000ba8_0,1,KBang,787,1,1,0,14.144424610067196,108.4696932297577,1,2022,792,17.614477,3364.3139811381698,2879.1407314955827,0.05098715084218752,16,train,78,"{""type"":""MultiPoint"",""coordinates"":[]}"
000000000000000009ef_0,1,KBang,1029,1,0,0,14.419305894506866,108.43950957472693,0,0,1029,16.915686,3056.5912619680166,2430.7695342178336,0.19788915935263618,17,train,78,"{""type"":""MultiPoint"",""coordinates"":[]}"
00000000000000000a39_0,1,KBang,950,1,1,0,14.388582688248627,108.448945032556,1,2021,950,17.707304,3307.1987401247025,2646.067406310553,0.5771424268464074,18,train,78,"{""type"":""MultiPoint"",""coordinates"":[]}"
00000000000000000ac9_0,1,KBang,996,1,1,0,14.37349309028376,108.31608165756752,1,2020,996,18.722843,3714.876072347164,2911.4369120395304,0.20085963875752288,18,train,78,"{""type"":""MultiPoint"",""coordinates"":[]}"
00000000000000000742_0,1,KBang,593,1,0,1,14.147385453166684,108.4944902907159,1,2017,593,19.301266,3364.3139811381698,2879.1407314955827,0.47360298171618054,19,train,78,"{""type"":""MultiPoint"",""coordinates"":[]}"
000000000000000007a5_0,1,KBang,1023,1,1,0,14.379691240748052,108.42199422578898,1,2023,1023,18.671597,3307.1987401247025,2646.067406310553,0.17591287130651556,19,train,78,"{""type"":""MultiPoint"",""coordinates"":[]}"
00000000000000000a45_0,1,KBang,917,1,1,0,14.393166644131568,108.43466253188183,1,2020,911,14.996671,3307.1987401247025,2646.067406310553,0.4319557178693564,19,train,78,"{""type"":""MultiPoint"",""coordinates"":[]}"
00000000000000000b56_0,1,KBang,934,1,1,0,14.383196094176062,108.44948458378346,1,2021,934,20.032082,3307.1987401247025,2646.067406310553,0.11918509634507735,20,train,78,"{""type"":""MultiPoint"",""coordinates"":[]}"
00000000000000000839_0,1,KBang,966,1,0,1,14.198321764500193,108.44813347616429,1,2017,966,21.084785,3298.5777985565364,2757.9068181550247,0.46199470286675093,21,train,78,"{""type"":""MultiPoint"",""coordinates"":[]}"
00000000000000000881_0,1,KBang,767,1,1,0,14.199668413018339,108.42630617650767,1,2020,778,20.148638,3298.5777985565364,2757.9068181550247,0.016613343708099193,21,train,78,"{""type"":""MultiPoint"",""coordinates"":[]}"
0000000000000000083d_0,1,KBang,1165,1,0,1,14.525486008791525,108.42738527896259,1,2017,1182,29.650911,2982.197799295187,2381.099704130859,0.4129978991372495,23,train,78,"{""type"":""MultiPoint"",""coordinates"":[]}"
0000000000000000071d_0,1,KBang,836,1,0,1,14.20721321200077,108.43088567328955,1,2017,836,23.90357,3484.5955844521523,2837.824403122823,0.6932030424113053,24,train,78,"{""type"":""MultiPoint"",""coordinates"":[]}"
00000000000000000992_0,1,KBang,1028,1,0,0,14.365136734909605,108.43061812722635,0,0,1027,14.99488,3307.1987401247025,2646.067406310553,0.6392718316744646,24,train,78,"{""type"":""MultiPoint"",""coordinates"":[]}"
00000000000000000953_0,1,KBang,744,1,0,1,14.257609972106817,108.44166777963677,1,2018,758,20.547573,3954.77065885067,3193.707802749039,0.6453248507772484,27,train,78,"{""type"":""MultiPoint"",""coordinates"":[]}"
00000000000000000905_0,1,KBang,684,1,0,0,14.24709987092384,108.62411635833956,0,0,698,25.123953,2921.3837886452675,2499.82747799868,0.5062779491896113,30,train,78,"{""type"":""MultiPoint"",""coordinates"":[]}"
0000000000000000099c_0,1,KBang,849,1,0,1,14.371606890538157,108.43978157989118,1,2014,849,29.68177,3307.1987401247025,2646.067406310553,0.6339541795568712,30,train,78,"{""type"":""MultiPoint"",""coordinates"":[]}"
0000000000000000085a_0,1,KBang,1025,1,0,1,14.45757389974754,108.41417742164228,1,2018,1026,4.248926,3082.7387473136187,2420.537351960532,0.4872256425559428,3,train,79,"{""type"":""MultiPoint"",""coordinates"":[]}"
00000000000000000876_0,1,KBang,769,1,0,1,14.329834031869478,108.51631759037252,1,2010,767,6.805458,3361.179399266839,2766.2203726602984,0.5548126142448767,7,train,79,"{""type"":""MultiPoint"",""coordinates"":[]}"
00000000000000000a85_0,1,KBang,589,1,0,1,14.050101245483658,108.49718358775219,1,2018,600,17.080412,3222.151947184233,2767.6180477493767,0.32489904154871085,8,train,79,"{""type"":""MultiPoint"",""coordinates"":[]}"
00000000000000000743_0,1,KBang,728,1,0,1,14.28132793061009,108.43843493137302,1,2017,728,8.501134,3954.77065885067,3193.707802749039,0.21817993554494708,9,train,79,"{""type"":""MultiPoint"",""coordinates"":[]}"
000000000000000008e5_0,1,KBang,759,1,0,1,14.24548121724144,108.47939623364998,1,2016,763,5.796076,3116.021737858653,2587.275775269555,0.25634953224419044,9,train,79,"{""type"":""MultiPoint"",""coordinates"":[]}"
00000000000000000970_0,1,KBang,642,1,0,1,14.189965409126039,108.4831686331412,1,2016,642,9.385357,3179.5106303691864,2674.3027243573615,0.49802442165568517,9,train,79,"{""type"":""MultiPoint"",""coordinates"":[]}"
00000000000000000bd0_0,1,KBang,679,1,1,0,14.238475969486474,108.48451528165936,1,2023,679,9.617637,3116.021737858653,2587.275775269555,0.5463128704329081,10,train,79,"{""type"":""MultiPoint"",""coordinates"":[]}"
000000000000000007c3_0,1,KBang,621,1,1,0,14.261114825534824,108.43493007794503,1,2019,626,9.380004,3954.77065885067,3193.707802749039,0.19764103192032056,11,train,79,"{""type"":""MultiPoint"",""coordinates"":[]}"
000000000000000007e5_0,1,KBang,724,1,0,1,14.20047551030901,108.42226177185218,1,2006,724,11.73773,3484.5955844521523,2837.824403122823,0.6746605781200861,12,train,79,"{""type"":""MultiPoint"",""coordinates"":[]}"
00000000000000000950_0,1,KBang,567,1,1,0,14.122864856473786,108.56563524802364,1,2021,571,10.537702,2848.0301147326827,2458.056594692424,0.7334775617802648,13,train,79,"{""type"":""MultiPoint"",""coordinates"":[]}"
00000000000000000b30_0,1,KBang,1045,1,0,1,14.389661790703556,108.40393932562358,1,2012,1045,12.769178,3307.1987401247025,2646.067406310553,0.507515072341358,13,train,79,"{""type"":""MultiPoint"",""coordinates"":[]}"
0000000000000000087f_0,1,KBang,748,1,1,0,14.309085834667792,108.4624204359395,1,2020,754,16.911034,3410.552547223866,2766.438409104254,0.6366742066530547,15,train,79,"{""type"":""MultiPoint"",""coordinates"":[]}"
00000000000000000795_0,1,KBang,693,1,0,1,14.233624467540327,108.48829214025162,1,2016,679,15.594414,3116.021737858653,2587.275775269555,0.03974797049320622,19,train,79,"{""type"":""MultiPoint"",""coordinates"":[]}"
00000000000000000947_0,1,KBang,901,1,1,0,14.375918841256837,108.44436107667308,1,2022,887,16.456768,3307.1987401247025,2646.067406310553,0.09528286557990362,19,train,79,"{""type"":""MultiPoint"",""coordinates"":[]}"
000000000000000009f0_0,1,KBang,981,1,1,0,14.39882524336839,108.42953902477142,1,2021,981,19.91804,3307.1987401247025,2646.067406310553,0.038387158346693706,20,train,79,"{""type"":""MultiPoint"",""coordinates"":[]}"
00000000000000000ad8_0,1,KBang,934,1,1,0,14.386156937275553,108.34006716213402,1,2021,921,25.507113,3714.876072347164,2911.4369120395304,0.321200121872636,20,train,79,"{""type"":""MultiPoint"",""coordinates"":[]}"
00000000000000000c20_0,1,KBang,757,1,1,0,14.32471498386012,108.4931391830967,1,2019,757,21.038197,3410.552547223866,2766.438409104254,0.5530433147107996,21,train,79,"{""type"":""MultiPoint"",""coordinates"":[]}"
0000000000000000084c_0,1,KBang,575,1,1,0,14.124751056219392,108.57883864624287,1,2023,583,19.513823,2848.0301147326827,2458.056594692424,0.2618263605052412,22,train,79,"{""type"":""MultiPoint"",""coordinates"":[]}"
00000000000000000885_0,1,KBang,998,1,0,1,14.36837404227441,108.43007857599888,1,2003,994,25.541653,3307.1987401247025,2646.067406310553,0.5499146485982334,30,train,79,"{""type"":""MultiPoint"",""coordinates"":[]}"
0000000000000000094d_0,1,KBang,960,1,0,1,14.465123157831025,108.50472838673461,1,2017,960,4.866524,3223.115180581808,2551.5795426868085,0.7318298593877675,5,train,81,"{""type"":""MultiPoint"",""coordinates"":[]}"
00000000000000000786_0,1,KBang,731,1,0,1,14.280516374218367,108.51658513643572,1,2016,728,6.032619,3283.608837634325,2704.4453318488963,0.2763500977238106,7,train,81,"{""type"":""MultiPoint"",""coordinates"":[]}"
00000000000000000a74_0,1,KBang,524,1,1,0,14.1527765063403,108.5518922985769,1,2020,525,7.4929533,2894.3183166086674,2468.4566263710717,0.5460545432182324,7,train,81,"{""type"":""MultiPoint"",""coordinates"":[]}"
000000000000000007c5_0,1,KBang,773,1,1,0,14.233356921477121,108.45271743204721,1,2023,768,6.2369523,3116.021737858653,2587.275775269555,0.4310809965229332,12,train,81,"{""type"":""MultiPoint"",""coordinates"":[]}"
00000000000000000c3c_0,1,KBang,720,1,1,0,14.28132793061009,108.43789538014558,1,2023,720,11.8952675,3954.77065885067,3193.707802749039,0.400677231799621,12,train,81,"{""type"":""MultiPoint"",""coordinates"":[]}"
00000000000000000c3b_0,1,KBang,683,1,0,1,14.2457532224057,108.61603200812968,1,2016,676,9.654874,2921.3837886452675,2499.82747799868,0.5259533421946982,14,train,81,"{""type"":""MultiPoint"",""coordinates"":[]}"
00000000000000000a60_0,1,KBang,633,1,0,1,14.293184680311205,108.45217788081975,1,2018,635,14.520768,3299.3934005498886,2718.926994363391,0.7908138839314512,15,train,81,"{""type"":""MultiPoint"",""coordinates"":[]}"
00000000000000000b20_0,1,KBang,1104,1,0,0,14.424429401617274,108.38399376661152,0,0,1104,14.998662,3230.138293027878,2568.9875608114658,0.7521983188127465,15,train,81,"{""type"":""MultiPoint"",""coordinates"":[]}"
000000000000000007ce_0,1,KBang,581,1,0,1,14.20532701225516,108.52574858910054,1,2018,576,11.18118,3132.6109425723553,2663.5936415282367,0.2380999989926197,16,train,81,"{""type"":""MultiPoint"",""coordinates"":[]}"
000000000000000007d9_0,1,KBang,621,1,0,1,14.172450060188103,108.50661458648021,1,2018,628,25.0489,2927.8332602009177,2497.137565198986,0.12767578705394067,17,train,81,"{""type"":""MultiPoint"",""coordinates"":[]}"
00000000000000000ace_0,1,KBang,633,1,0,1,14.16625190972381,108.5044608406714,1,2016,633,18.151299,2927.8332602009177,2497.137565198986,0.14249647879408356,18,train,81,"{""type"":""MultiPoint"",""coordinates"":[]}"
00000000000000000794_0,1,KBang,958,1,0,1,14.26758052206232,108.42037557210658,1,2016,962,0.92740995,3954.77065885067,3193.707802749039,0.007191285734205355,19,train,81,"{""type"":""MultiPoint"",""coordinates"":[]}"
000000000000000008d9_0,1,KBang,772,1,0,1,14.254105118678806,108.43493007794503,1,2016,763,27.34917,3954.77065885067,3193.707802749039,0.5936827574658712,20,train,81,"{""type"":""MultiPoint"",""coordinates"":[]}"
00000000000000000bad_0,1,KBang,736,1,1,0,14.142805956384798,108.45837603128403,1,2021,729,29.675955,3364.3139811381698,2879.1407314955827,0.4399714144367173,23,train,81,"{""type"":""MultiPoint"",""coordinates"":[]}"
000000000000000007a3_0,1,KBang,732,1,1,0,14.17271760625131,108.47319808318571,1,2019,728,14.778127,3179.5106303691864,2674.3027243573615,0.4570902269123063,24,train,81,"{""type"":""MultiPoint"",""coordinates"":[]}"
0000000000000000097b_0,1,KBang,711,1,0,0,14.253837572615598,108.48128243339559,0,0,711,2.0863516,3299.3934005498886,2718.926994363391,0.3167777707531263,1,train,82,"{""type"":""MultiPoint"",""coordinates"":[]}"
000000000000000006f6_0,1,KBang,732,1,0,0,14.220688615384281,108.48532683805107,0,0,735,7.6114554,3116.021737858653,2587.275775269555,0.16885887239010866,3,train,82,"{""type"":""MultiPoint"",""coordinates"":[]}"
00000000000000000749_0,1,KBang,837,1,0,1,14.38966179070356,108.62141860220223,1,2017,837,3.373907,2952.925736054778,2405.8077794335663,0.7894160132231666,3,train,82,"{""type"":""MultiPoint"",""coordinates"":[]}"
0000000000000000092b_0,1,KBang,574,1,0,0,14.14226640515733,108.52736724278296,0,0,574,11.8888445,3335.206618718803,2843.7770705979806,0.5869055106655288,5,train,82,"{""type"":""MultiPoint"",""coordinates"":[]}"
00000000000000000bac_0,1,KBang,941,1,0,0,14.47293550287666,108.51443139062691,0,0,941,1.3330978,3223.115180581808,2551.5795426868085,0.6774712992103553,5,train,82,"{""type"":""MultiPoint"",""coordinates"":[]}"
000000000000000008cf_0,1,KBang,895,1,0,1,14.372413987828832,108.43789538014558,1,2018,895,7.063452,3307.1987401247025,2646.067406310553,0.6145936017537831,7,train,82,"{""type"":""MultiPoint"",""coordinates"":[]}"
00000000000000000871_0,1,KBang,875,1,1,0,14.354898638890894,108.57479870068846,1,2023,875,9.301043,3001.057534530759,2400.0190920016626,0.21670245658698672,9,train,82,"{""type"":""MultiPoint"",""coordinates"":[]}"
00000000000000000bed_0,1,KBang,1132,1,0,1,14.482906052832167,108.39881581851316,1,2017,1133,17.345503,3139.124945908785,2478.474790363861,0.09286680226553368,9,train,82,"{""type"":""MultiPoint"",""coordinates"":[]}"
0000000000000000081c_0,1,KBang,1124,1,1,0,14.502312060616763,108.39477587295875,0,2020,1128,10.992985,3205.2258018553257,2562.2362008570512,0.010348907327570434,10,train,82,"{""type"":""MultiPoint"",""coordinates"":[]}"
00000000000000000944_0,1,KBang,565,1,1,0,14.085403948523787,108.54650124540329,1,2024,560,10.141401,3250.9848297685385,2783.4902848679035,0.2966275962116427,10,train,82,"{""type"":""MultiPoint"",""coordinates"":[]}"
00000000000000000a30_0,1,KBang,1107,1,0,1,14.521713609300306,108.4389744826005,1,2018,1106,3.8267026,2982.197799295187,2381.099704130859,0.7988559661202237,10,train,82,"{""type"":""MultiPoint"",""coordinates"":[]}"
00000000000000000a83_0,1,KBang,674,1,0,1,14.174068713870506,108.47751003390437,1,2015,674,10.139945,3179.5106303691864,2674.3027243573615,0.13931370801110254,10,train,82,"{""type"":""MultiPoint"",""coordinates"":[]}"
0000000000000000085f_0,1,KBang,970,1,0,0,14.38642894243981,108.44651928158292,0,0,970,10.455819,3307.1987401247025,2646.067406310553,0.5690684030016255,11,train,82,"{""type"":""MultiPoint"",""coordinates"":[]}"
000000000000000009cf_0,1,KBang,743,1,0,0,14.27647642866394,108.46915367853022,0,0,750,6.0123057,3299.3934005498886,2718.926994363391,0.7228663463689441,11,train,82,"{""type"":""MultiPoint"",""coordinates"":[]}"
00000000000000000b0d_0,1,KBang,602,1,1,0,14.164633256041414,108.51443139062691,1,2023,596,22.622463,2927.8332602009177,2497.137565198986,0.20373412222750276,11,train,82,"{""type"":""MultiPoint"",""coordinates"":[]}"
000000000000000007c6_0,1,KBang,849,1,0,1,14.324175432632652,108.48370818436868,1,2017,849,11.655705,3410.552547223866,2766.438409104254,0.6029575093623609,12,train,82,"{""type"":""MultiPoint"",""coordinates"":[]}"
00000000000000000816_0,1,KBang,1080,1,1,0,14.430895098144775,108.40393932562358,1,2019,1082,11.66083,3056.5912619680166,2430.7695342178336,0.5385518841942558,12,train,82,"{""type"":""MultiPoint"",""coordinates"":[]}"
000000000000000008a7_0,1,KBang,772,1,0,1,14.334145982588158,108.502842186989,1,2014,772,11.883978,3361.179399266839,2766.2203726602984,0.6501314208945965,12,train,82,"{""type"":""MultiPoint"",""coordinates"":[]}"
00000000000000000bc5_0,1,KBang,904,1,1,0,14.391547990449167,108.43493007794503,1,2020,898,13.09784,3307.1987401247025,2646.067406310553,0.5203534957263227,12,train,82,"{""type"":""MultiPoint"",""coordinates"":[]}"
0000000000000000072e_0,1,KBang,736,1,1,0,14.261654376762289,108.46106932832032,1,2019,747,17.62821,3299.3934005498886,2718.926994363391,0.146231356775133,13,train,82,"{""type"":""MultiPoint"",""coordinates"":[]}"
000000000000000008cd_0,1,KBang,568,1,1,0,14.147385453166684,108.4909854372879,1,2023,566,18.775116,3364.3139811381698,2879.1407314955827,0.26103940883684895,13,train,82,"{""type"":""MultiPoint"",""coordinates"":[]}"
00000000000000000979_0,1,KBang,657,1,0,0,14.164633256041414,108.48208953068627,0,0,651,11.7363205,3179.5106303691864,2674.3027243573615,0.4295682110908855,13,train,82,"{""type"":""MultiPoint"",""coordinates"":[]}"
00000000000000000b77_0,1,KBang,696,1,1,0,14.175415362388646,108.47373763441317,1,2023,694,11.648653,3179.5106303691864,2674.3027243573615,0.7553449307858313,13,train,82,"{""type"":""MultiPoint"",""coordinates"":[]}"
00000000000000000974_0,1,KBang,786,1,0,1,14.215297562210663,108.4729305371225,1,2016,796,16.06687,3116.021737858653,2587.275775269555,0.7996698021663052,14,train,82,"{""type"":""MultiPoint"",""coordinates"":[]}"
00000000000000000bc7_0,1,KBang,860,1,0,1,14.144152604902938,108.45244542688296,1,2018,865,15.680623,3364.3139811381698,2879.1407314955827,0.3866972168371231,14,train,82,"{""type"":""MultiPoint"",""coordinates"":[]}"
0000000000000000098e_0,1,KBang,772,1,0,0,14.305041430012317,108.63651265926815,0,0,765,8.758643,2904.3306356593966,2447.77248901683,0.7074989921967739,15,train,82,"{""type"":""MultiPoint"",""coordinates"":[]}"
00000000000000000a0b_0,1,KBang,824,1,0,1,14.383196094176062,108.62115105613903,1,2016,824,15.224284,2952.925736054778,2405.8077794335663,0.45827633675079704,15,train,82,"{""type"":""MultiPoint"",""coordinates"":[]}"
0000000000000000088d_0,1,KBang,859,1,0,1,14.399092789431597,108.56132329730494,1,2016,852,15.159805,3001.057534530759,2400.0190920016626,0.21469974613774223,16,train,82,"{""type"":""MultiPoint"",""coordinates"":[]}"
00000000000000000826_0,1,KBang,672,1,1,0,14.191851608871648,108.47939623365,1,2023,672,13.06692,3179.5106303691864,2674.3027243573615,0.019695275761326236,17,train,82,"{""type"":""MultiPoint"",""coordinates"":[]}"
000000000000000008f8_0,1,KBang,696,1,0,0,14.22823341436671,108.49610448529725,0,0,696,17.291739,3116.021737858653,2587.275775269555,0.21514370565149132,17,train,82,"{""type"":""MultiPoint"",""coordinates"":[]}"
00000000000000000ba0_0,1,KBang,870,1,0,1,14.228505419530972,108.44004912595437,1,2016,870,17.42996,3484.5955844521523,2837.824403122823,0.7708013313414194,17,train,82,"{""type"":""MultiPoint"",""coordinates"":[]}"
00000000000000000c51_0,1,KBang,593,1,0,0,14.164905261205673,108.50176308453406,0,0,593,16.923586,2927.8332602009177,2497.137565198986,0.37570216759721486,17,train,82,"{""type"":""MultiPoint"",""coordinates"":[]}"
000000000000000009a8_0,1,KBang,1122,1,0,1,14.505005357653046,108.42846438141753,1,2016,1122,18.294758,2982.197799295187,2381.099704130859,0.49556563978972756,18,train,82,"{""type"":""MultiPoint"",""coordinates"":[]}"
00000000000000000988_0,1,KBang,1011,1,1,0,14.406102496287614,108.42846438141753,1,2020,1011,19.269001,3056.5912619680166,2430.7695342178336,0.4865090344975158,19,train,82,"{""type"":""MultiPoint"",""coordinates"":[]}"
000000000000000009ae_0,1,KBang,1156,1,0,0,14.49018330575139,108.39854827244997,0,0,1162,20.74844,3139.124945908785,2478.474790363861,0.009489150646883271,19,train,82,"{""type"":""MultiPoint"",""coordinates"":[]}"
00000000000000000b0b_0,1,KBang,816,1,0,1,14.241708817750226,108.4696932297577,1,2009,831,16.927767,3116.021737858653,2587.275775269555,0.10292019990221801,19,train,82,"{""type"":""MultiPoint"",""coordinates"":[]}"
00000000000000000bd9_0,1,KBang,698,1,0,1,14.145499253421079,108.45810848522083,1,2013,698,19.229017,3364.3139811381698,2879.1407314955827,0.7128287031176187,19,train,82,"{""type"":""MultiPoint"",""coordinates"":[]}"
00000000000000000bab_0,1,KBang,641,1,0,1,14.112354755290813,108.54191728952034,1,2018,654,23.852137,3335.206618718803,2843.7770705979806,0.18015910256218293,20,train,82,"{""type"":""MultiPoint"",""coordinates"":[]}"
00000000000000000bff_0,1,KBang,881,1,0,1,14.364329637618932,108.3263242126873,1,2017,882,19.820698,3714.876072347164,2911.4369120395304,0.3961009044801638,20,train,82,"{""type"":""MultiPoint"",""coordinates"":[]}"
00000000000000000664_0,1,KBang,638,1,0,1,14.12933055300128,108.54434304049343,1,2016,638,22.184698,3335.206618718803,2843.7770705979806,0.3015102357274264,21,train,82,"{""type"":""MultiPoint"",""coordinates"":[]}"
00000000000000000745_0,1,KBang,1134,1,0,1,14.49180195943379,108.39423632173127,1,2016,1140,9.385864,3139.124945908785,2478.474790363861,0.3947466694447298,21,train,82,"{""type"":""MultiPoint"",""coordinates"":[]}"
00000000000000000af1_0,1,KBang,697,1,0,1,14.216109118602393,108.4195684748159,1,2018,697,20.806973,3484.5955844521523,2837.824403122823,0.6600574220298658,21,train,82,"{""type"":""MultiPoint"",""coordinates"":[]}"
00000000000000000800_0,1,KBang,876,1,0,0,14.3745721927387,108.44301442815492,0,0,860,20.489683,3307.1987401247025,2646.067406310553,0.5215357350678562,23,train,82,"{""type"":""MultiPoint"",""coordinates"":[]}"
0000000000000000069f_0,1,KBang,620,1,1,0,14.20586656348263,108.50500039189886,1,2021,613,27.603857,3132.6109425723553,2663.5936415282367,0.3070604495610907,24,train,82,"{""type"":""MultiPoint"",""coordinates"":[]}"
00000000000000000b4c_0,1,KBang,542,1,1,0,14.17972731310733,108.51820379011812,1,2019,531,16.375324,2927.8332602009177,2497.137565198986,0.1533236317415676,25,train,82,"{""type"":""MultiPoint"",""coordinates"":[]}"
00000000000000000b85_0,1,KBang,729,1,0,1,14.261921922825497,108.4516383295923,1,2009,711,30.137045,3299.3934005498886,2718.926994363391,0.025962604918411736,25,train,82,"{""type"":""MultiPoint"",""coordinates"":[]}"
00000000000000000715_0,1,KBang,868,1,0,1,14.137954454438647,108.45568273424777,1,2018,868,25.68545,3364.3139811381698,2879.1407314955827,0.2211335467498523,26,train,82,"{""type"":""MultiPoint"",""coordinates"":[]}"
00000000000000000713_0,1,KBang,631,1,0,1,14.130677201519426,108.55781844387694,0,2014,636,16.441118,2848.0301147326827,2458.056594692424,0.25789730718159587,27,train,82,"{""type"":""MultiPoint"",""coordinates"":[]}"
00000000000000000836_0,1,KBang,909,1,1,0,14.13903355689358,108.4667323866582,1,2022,909,27.450132,3364.3139811381698,2879.1407314955827,0.7788160314223965,27,train,82,"{""type"":""MultiPoint"",""coordinates"":[]}"
000000000000000008e6_0,1,KBang,978,1,0,1,14.198589310563401,108.44463308183731,1,2017,989,21.85452,3298.5777985565364,2757.9068181550247,0.34432481549614935,27,train,82,"{""type"":""MultiPoint"",""coordinates"":[]}"
00000000000000000a8f_0,1,KBang,543,1,0,1,14.191044511580973,108.50688659164447,1,2017,561,31.716593,2927.8332602009177,2497.137565198986,0.06764426477983898,28,train,82,"{""type"":""MultiPoint"",""coordinates"":[]}"
00000000000000000b1b_0,1,KBang,622,1,1,0,14.212336719111175,108.51658513643574,1,2021,600,20.015875,3132.6109425723553,2663.5936415282367,0.738793720628204,28,train,82,"{""type"":""MultiPoint"",""coordinates"":[]}"
00000000000000000882_0,1,KBang,600,1,1,0,14.148464555621619,108.48532683805107,1,2021,588,31.765108,3364.3139811381698,2879.1407314955827,0.6547174488573235,34,train,82,"{""type"":""MultiPoint"",""coordinates"":[]}"
0000000000000000088a_0,1,KBang,823,1,0,1,14.22823341436671,108.4211871284983,1,2018,823,35.41013,3484.5955844521523,2837.824403122823,0.21231445214655809,35,train,82,"{""type"":""MultiPoint"",""coordinates"":[]}"
0000000000000000069d_0,1,KBang,720,1,0,1,14.251411821642524,108.47966823881426,1,2012,720,1.8543341,3299.3934005498886,2718.926994363391,0.09055522294644747,3,train,83,"{""type"":""MultiPoint"",""coordinates"":[]}"
00000000000000000be9_0,1,KBang,668,1,0,1,14.165979904559556,108.6413641612143,1,2006,666,3.820648,2827.968597881496,2459.472389055322,0.515889360289564,3,train,83,"{""type"":""MultiPoint"",""coordinates"":[]}"
000000000000000007f8_0,1,KBang,597,1,0,1,14.144692156130404,108.51173809359062,1,2013,597,3.9305997,3335.206618718803,2843.7770705979806,0.6969466526986348,4,train,83,"{""type"":""MultiPoint"",""coordinates"":[]}"
0000000000000000086b_0,1,KBang,936,1,0,1,14.428201801108493,108.50311419215326,1,2017,936,3.7047918,3022.832878291607,2439.8191594331984,0.572465039313698,4,train,83,"{""type"":""MultiPoint"",""coordinates"":[]}"
00000000000000000c37_0,1,KBang,902,1,0,1,14.331180680387615,108.33225481708838,1,2018,902,1.3326613,3590.3718142211437,2839.256492314795,0.6366422389546221,4,train,83,"{""type"":""MultiPoint"",""coordinates"":[]}"
00000000000000000999_0,1,KBang,645,1,0,1,14.1331029524925,108.64028505875937,1,2016,643,4.719904,2804.7301520854235,2443.1153159725673,0.20318805805797902,5,train,83,"{""type"":""MultiPoint"",""coordinates"":[]}"
0000000000000000077f_0,1,KBang,712,1,0,1,14.2735111264634,108.5287138913011,1,2018,712,6.0122323,3283.608837634325,2704.4453318488963,0.183153913327599,6,train,83,"{""type"":""MultiPoint"",""coordinates"":[]}"
00000000000000000787_0,1,KBang,830,1,0,1,14.383735645403531,108.62007195368409,1,2016,834,8.2891,2952.925736054778,2405.8077794335663,0.26301755534354443,6,train,83,"{""type"":""MultiPoint"",""coordinates"":[]}"
000000000000000008eb_0,1,KBang,514,1,1,0,14.153316057567766,108.5518922985769,1,2020,518,14.203359,2894.3183166086674,2468.4566263710717,0.29837340648462496,7,train,83,"{""type"":""MultiPoint"",""coordinates"":[]}"
00000000000000000916_0,1,KBang,980,1,0,0,14.496113910152474,108.4847872868236,0,0,980,6.637201,3062.020653218031,2418.2485376937757,0.23447395070037036,7,train,83,"{""type"":""MultiPoint"",""coordinates"":[]}"
00000000000000000b90_0,1,KBang,561,1,0,1,14.137954454438647,108.55485314167639,1,2003,561,8.639931,2848.0301147326827,2458.056594692424,0.022204828595605464,9,train,83,"{""type"":""MultiPoint"",""coordinates"":[]}"
00000000000000000747_0,1,KBang,609,1,0,1,14.167331012178748,108.51901088740881,1,2003,614,9.89509,2927.8332602009177,2497.137565198986,0.20336955975113757,10,train,83,"{""type"":""MultiPoint"",""coordinates"":[]}"
000000000000000009ba_0,1,KBang,713,1,1,0,14.208292314455703,108.51308474210876,1,2020,713,10.26891,3132.6109425723553,2663.5936415282367,0.16097065411346279,10,train,83,"{""type"":""MultiPoint"",""coordinates"":[]}"
00000000000000000764_0,1,KBang,1111,1,0,0,14.522525165692032,108.44004912595437,0,0,1122,19.622337,2982.197799295187,2381.099704130859,0.7023071753013499,12,train,83,"{""type"":""MultiPoint"",""coordinates"":[]}"
00000000000000000929_0,1,KBang,615,1,1,0,14.200747515473271,108.50715413770767,1,2019,610,14.205793,3132.6109425723553,2663.5936415282367,0.1928439748440336,12,train,83,"{""type"":""MultiPoint"",""coordinates"":[]}"
00000000000000000a6c_0,1,KBang,836,1,0,1,14.20263371521888,108.45972267980217,1,2014,840,12.540815,3116.021737858653,2587.275775269555,0.7009479464079734,12,train,83,"{""type"":""MultiPoint"",""coordinates"":[]}"
00000000000000000a8d_0,1,KBang,625,1,0,1,14.053873644974873,108.49960933872526,1,2003,624,13.576965,3222.151947184233,2767.6180477493767,0.23608171606459738,12,train,83,"{""type"":""MultiPoint"",""coordinates"":[]}"
00000000000000000aa1_0,1,KBang,562,1,1,0,14.196703110817795,108.50715413770767,1,2019,564,11.18099,2927.8332602009177,2497.137565198986,0.3881907660159982,12,train,83,"{""type"":""MultiPoint"",""coordinates"":[]}"
000000000000000006ba_0,1,KBang,653,1,0,1,14.30800673221286,108.48613393534174,1,2018,653,15.724486,3410.552547223866,2766.438409104254,0.41192402984944965,16,train,83,"{""type"":""MultiPoint"",""coordinates"":[]}"
00000000000000000740_0,1,KBang,796,1,1,0,14.180806415562262,108.48721303779668,1,2020,801,5.314478,3179.5106303691864,2674.3027243573615,0.7372966483503213,17,train,83,"{""type"":""MultiPoint"",""coordinates"":[]}"
0000000000000000082d_0,1,KBang,915,1,0,0,14.21853486957547,108.46807903517633,0,0,915,18.041075,3116.021737858653,2587.275775269555,0.7144022290350346,18,train,83,"{""type"":""MultiPoint"",""coordinates"":[]}"
00000000000000000b57_0,1,KBang,580,1,1,0,14.151697403885366,108.63112160609454,0,2020,578,9.291753,2827.968597881496,2459.472389055322,0.2746610944715826,19,train,83,"{""type"":""MultiPoint"",""coordinates"":[]}"
0000000000000000071f_0,1,KBang,803,1,1,0,14.20559901741942,108.42981102993566,1,2019,801,13.044019,3484.5955844521523,2837.824403122823,0.3982699784902288,21,train,83,"{""type"":""MultiPoint"",""coordinates"":[]}"
00000000000000000785_0,1,KBang,551,1,0,0,14.17972731310733,108.54461504565768,0,0,548,20.54694,2927.8332602009177,2497.137565198986,0.22849360876048763,22,train,83,"{""type"":""MultiPoint"",""coordinates"":[]}"
000000000000000007da_0,1,KBang,1090,1,1,0,14.422003650644202,108.40259267710545,1,2019,1088,16.247753,3056.5912619680166,2430.7695342178336,0.6778420493340758,22,train,83,"{""type"":""MultiPoint"",""coordinates"":[]}"
000000000000000006aa_0,1,KBang,862,1,1,0,14.142266405157327,108.4669999327214,1,2020,849,28.524328,3364.3139811381698,2879.1407314955827,0.7582446735984311,23,train,83,"{""type"":""MultiPoint"",""coordinates"":[]}"
0000000000000000068e_0,1,KBang,790,1,0,1,14.138761551729324,108.45837603128403,1,2016,790,23.822067,3364.3139811381698,2879.1407314955827,0.28952790695583086,24,train,83,"{""type"":""MultiPoint"",""coordinates"":[]}"
00000000000000000bfd_0,1,KBang,930,1,0,0,14.137147357147974,108.45406408056536,0,0,942,23.64556,3364.3139811381698,2879.1407314955827,0.6981440698155476,24,train,83,"{""type"":""MultiPoint"",""coordinates"":[]}"
000000000000000008db_0,1,KBang,1151,1,0,1,14.357324389863972,108.31662120879498,1,2016,1160,25.48731,3714.876072347164,2911.4369120395304,0.24527650065725315,26,train,83,"{""type"":""MultiPoint"",""coordinates"":[]}"
00000000000000000845_0,1,KBang,706,1,0,1,14.257342426043607,108.44247487692745,1,2016,735,36.464897,3954.77065885067,3193.707802749039,0.13100218458311907,37,train,83,"{""type"":""MultiPoint"",""coordinates"":[]}"
000000000000000009ca_0,1,KBang,664,1,0,1,14.167331012178744,108.64109215605004,1,2018,664,0.95649725,2827.968597881496,2459.472389055322,0.16986596472232884,0,train,85,"{""type"":""MultiPoint"",""coordinates"":[]}"
00000000000000000b00_0,1,KBang,607,1,0,1,14.302615679039244,108.48613393534175,1,2017,607,3.99197,3410.552547223866,2766.438409104254,0.6958727757030512,1,train,85,"{""type"":""MultiPoint"",""coordinates"":[]}"
00000000000000000c12_0,1,KBang,634,1,1,0,14.173257157478778,108.5109265371989,1,2021,634,2.0861957,2927.8332602009177,2497.137565198986,0.17989601892264662,2,train,85,"{""type"":""MultiPoint"",""coordinates"":[]}"
000000000000000006c7_0,1,KBang,701,1,0,0,14.27216447794526,108.60147750229122,0,0,701,3.414155,2920.2753743231297,2494.9070353260336,0.031830684839736056,3,train,85,"{""type"":""MultiPoint"",""coordinates"":[]}"
00000000000000000ba2_0,1,KBang,665,1,0,1,14.16651945578702,108.64109215605004,1,2006,664,0.95649374,2827.968597881496,2459.472389055322,0.11220872692893535,3,train,85,"{""type"":""MultiPoint"",""coordinates"":[]}"
00000000000000000824_0,1,KBang,760,1,1,0,14.3274082808964,108.51605004430931,1,2021,764,6.9190383,3361.179399266839,2766.2203726602984,0.5537760875385439,4,train,85,"{""type"":""MultiPoint"",""coordinates"":[]}"
00000000000000000961_0,1,KBang,861,1,0,0,14.382924089011805,108.43412298065434,0,0,865,20.492,3307.1987401247025,2646.067406310553,0.343985955355289,4,train,85,"{""type"":""MultiPoint"",""coordinates"":[]}"
0000000000000000099b_0,1,KBang,1058,1,1,0,14.364869188846402,108.42576662528019,1,2020,1061,7.9466786,3307.1987401247025,2646.067406310553,0.04874980340014201,5,train,85,"{""type"":""MultiPoint"",""coordinates"":[]}"
00000000000000000aee_0,1,KBang,678,1,0,1,14.240901720459552,108.52467394574667,1,2004,679,1.3323857,3132.6109425723553,2663.5936415282367,0.13395579879370945,5,train,85,"{""type"":""MultiPoint"",""coordinates"":[]}"
00000000000000000c26_0,1,KBang,730,1,0,1,14.211525162719452,108.50823324016261,1,2017,733,4.2451644,3132.6109425723553,2663.5936415282367,0.7724407617312241,5,train,85,"{""type"":""MultiPoint"",""coordinates"":[]}"
0000000000000000074d_0,1,KBang,665,1,0,1,14.167059007014489,108.63920595630444,1,2018,667,5.516293,2827.968597881496,2459.472389055322,0.4637717257118875,6,train,85,"{""type"":""MultiPoint"",""coordinates"":[]}"
00000000000000000a9e_0,1,KBang,877,1,1,0,14.347888932034882,108.33144326069664,1,2019,877,4.775672,3590.3718142211437,2839.256492314795,0.6994326323337495,6,train,85,"{""type"":""MultiPoint"",""coordinates"":[]}"
0000000000000000076f_0,1,KBang,731,1,0,0,14.264615219861776,108.48236153585052,0,0,731,7.2154746,3299.3934005498886,2718.926994363391,0.638667325285283,7,train,85,"{""type"":""MultiPoint"",""coordinates"":[]}"
00000000000000000abb_0,1,KBang,778,1,0,1,14.140380205411722,108.45810848522083,1,2018,777,5.793476,3364.3139811381698,2879.1407314955827,0.26808466758853666,7,train,85,"{""type"":""MultiPoint"",""coordinates"":[]}"
00000000000000000c0d_0,1,KBang,844,1,1,0,14.344928088935392,108.48748058385989,1,2021,849,2.6639655,3410.552547223866,2766.438409104254,0.6239178410099356,7,train,85,"{""type"":""MultiPoint"",""coordinates"":[]}"
000000000000000009b0_0,1,KBang,667,1,0,1,14.170831406505705,108.48262908191373,1,2016,667,8.44301,3179.5106303691864,2674.3027243573615,0.16938725398666865,8,train,85,"{""type"":""MultiPoint"",""coordinates"":[]}"
00000000000000000c32_0,1,KBang,714,1,0,1,14.289140275655729,108.57883864624287,1,2008,712,7.6132,3002.574410483241,2569.066161002828,0.2504534233050807,8,train,85,"{""type"":""MultiPoint"",""coordinates"":[]}"
000000000000000006cf_0,1,KBang,871,1,0,1,14.319863481913973,108.48182198462307,1,2005,868,11.224107,3410.552547223866,2766.438409104254,0.023197178770039573,9,train,85,"{""type"":""MultiPoint"",""coordinates"":[]}"
0000000000000000072b_0,1,KBang,1097,1,1,0,14.415265948952447,108.39127101953075,1,2023,1101,11.41624,3230.138293027878,2568.9875608114658,0.403770831623419,10,train,85,"{""type"":""MultiPoint"",""coordinates"":[]}"
0000000000000000089b_0,1,KBang,889,1,0,1,14.387508044894746,108.43088567328955,1,2018,889,9.531129,3307.1987401247025,2646.067406310553,0.6839154072320143,10,train,85,"{""type"":""MultiPoint"",""coordinates"":[]}"
00000000000000000c7a_0,1,KBang,778,1,0,0,14.140919756639189,108.48936678360549,0,0,774,12.023472,3364.3139811381698,2879.1407314955827,0.04780263162680232,10,train,85,"{""type"":""MultiPoint"",""coordinates"":[]}"
00000000000000000886_0,1,KBang,946,1,1,0,14.377805041002444,108.44705883281038,1,2022,949,12.970987,3307.1987401247025,2646.067406310553,5.635807617336841E-4,11,train,85,"{""type"":""MultiPoint"",""coordinates"":[]}"
000000000000000009b6_0,1,KBang,883,1,1,0,14.386968493667277,108.43331142426261,1,2019,887,14.971465,3307.1987401247025,2646.067406310553,0.7161066806941293,11,train,85,"{""type"":""MultiPoint"",""coordinates"":[]}"
00000000000000000c2c_0,1,KBang,872,1,0,0,14.365948291301335,108.33360146560652,0,0,867,8.980698,3714.876072347164,2911.4369120395304,0.22987482516614355,11,train,85,"{""type"":""MultiPoint"",""coordinates"":[]}"
00000000000000000763_0,1,KBang,976,1,0,1,14.414454392560723,108.46996523492194,1,2018,987,15.959231,3026.558855623007,2396.239654855617,0.7828349826305206,12,train,85,"{""type"":""MultiPoint"",""coordinates"":[]}"
000000000000000007d8_0,1,KBang,805,1,0,1,14.241441271687018,108.47077233221262,1,2015,802,6.464861,3116.021737858653,2587.275775269555,0.6193409493928558,12,train,85,"{""type"":""MultiPoint"",""coordinates"":[]}"
00000000000000000a5d_0,1,KBang,1039,1,0,1,14.400983448278259,108.40743971995053,1,2016,1040,11.032602,3056.5912619680166,2430.7695342178336,0.28808929986843457,12,train,85,"{""type"":""MultiPoint"",""coordinates"":[]}"
00000000000000000c44_0,1,KBang,1202,1,0,1,14.506624011335447,108.38156801563844,1,2017,1208,17.55003,3205.2258018553257,2562.2362008570512,0.3809124842384044,12,train,85,"{""type"":""MultiPoint"",""coordinates"":[]}"
00000000000000000739_0,1,KBang,979,1,0,0,14.397478594850249,108.41040502215107,0,0,979,13.43958,3307.1987401247025,2646.067406310553,0.32282694446881577,13,train,85,"{""type"":""MultiPoint"",""coordinates"":[]}"
0000000000000000071b_0,1,KBang,776,1,0,1,14.334417987752422,108.51119854236318,1,2004,776,15.378679,3361.179399266839,2766.2203726602984,0.4606568205707914,15,train,85,"{""type"":""MultiPoint"",""coordinates"":[]}"
00000000000000000754_0,1,KBang,949,1,0,0,14.385621845149142,108.42576662528019,0,0,942,23.98837,3307.1987401247025,2646.067406310553,0.11346804295033197,15,train,85,"{""type"":""MultiPoint"",""coordinates"":[]}"
000000000000000007e2_0,1,KBang,663,1,0,1,14.24763942215131,108.61603200812968,1,2016,659,5.796131,2921.3837886452675,2499.82747799868,0.5450606131678047,15,train,85,"{""type"":""MultiPoint"",""coordinates"":[]}"
00000000000000000ac3_0,1,KBang,726,1,1,0,14.193202716490841,108.47508428293129,1,2023,726,14.778173,3179.5106303691864,2674.3027243573615,0.6555923321118262,15,train,85,"{""type"":""MultiPoint"",""coordinates"":[]}"
0000000000000000079e_0,1,KBang,722,1,0,1,14.265426776253502,108.48290108707799,1,2016,722,15.949283,3299.3934005498886,2718.926994363391,0.39160670915123685,16,train,85,"{""type"":""MultiPoint"",""coordinates"":[]}"
000000000000000008bb_0,1,KBang,863,1,0,0,14.19616355959033,108.46619283543075,0,0,857,11.853042,3179.5106303691864,2674.3027243573615,0.7574894842555914,17,train,85,"{""type"":""MultiPoint"",""coordinates"":[]}"
000000000000000009a3_0,1,KBang,683,1,0,1,14.283481676418907,108.43466253188183,1,2017,677,13.763104,3954.77065885067,3193.707802749039,0.6232039593862829,17,train,85,"{""type"":""MultiPoint"",""coordinates"":[]}"
000000000000000007ab_0,1,KBang,781,1,1,0,14.159781754095262,108.47993578487744,1,2019,787,21.074072,3179.5106303691864,2674.3027243573615,0.5546290989396505,18,train,85,"{""type"":""MultiPoint"",""coordinates"":[]}"
0000000000000000094a_0,1,KBang,659,1,1,0,14.130137650291957,108.55889754633186,1,2019,659,17.597155,2848.0301147326827,2458.056594692424,0.061619634629091036,18,train,85,"{""type"":""MultiPoint"",""coordinates"":[]}"
0000000000000000097c_0,1,KBang,871,1,0,1,14.362710983936534,108.5518922985769,1,2001,882,19.71843,3001.057534530759,2400.0190920016626,0.08814234954598643,18,train,85,"{""type"":""MultiPoint"",""coordinates"":[]}"
0000000000000000099e_0,1,KBang,789,1,0,0,14.261654376762289,108.4710443373769,0,0,782,10.935506,3299.3934005498886,2718.926994363391,0.17097725752580373,18,train,85,"{""type"":""MultiPoint"",""coordinates"":[]}"
00000000000000000ae7_0,1,KBang,1023,1,1,0,14.412840197979369,108.40663262265987,1,2022,1024,13.067499,3056.5912619680166,2430.7695342178336,0.7628611217915723,18,train,85,"{""type"":""MultiPoint"",""coordinates"":[]}"
00000000000000000b8a_0,1,KBang,875,1,1,0,14.35112623939968,108.5090403374533,1,2023,874,23.276575,3057.4028005301952,2452.323266195249,0.5317611886079953,19,train,85,"{""type"":""MultiPoint"",""coordinates"":[]}"
000000000000000006c3_0,1,KBang,620,1,1,0,14.17110341166996,108.49772313897964,1,2022,617,19.917408,3179.5106303691864,2674.3027243573615,0.36510139026517274,20,train,85,"{""type"":""MultiPoint"",""coordinates"":[]}"
000000000000000006ce_0,1,KBang,665,1,1,0,14.146845901939216,108.46349507929341,1,2020,657,16.26137,3364.3139811381698,2879.1407314955827,0.6607528347215682,20,train,85,"{""type"":""MultiPoint"",""coordinates"":[]}"
00000000000000000962_0,1,KBang,646,1,0,1,14.265966327480971,108.44786593010107,1,2006,643,16.539833,3954.77065885067,3193.707802749039,0.2825615945027362,20,train,85,"{""type"":""MultiPoint"",""coordinates"":[]}"
000000000000000009a9_0,1,KBang,590,1,1,0,14.229312516821645,108.52763478884617,1,2020,590,20.24533,3132.6109425723553,2663.5936415282367,0.5400770323970401,20,train,85,"{""type"":""MultiPoint"",""coordinates"":[]}"
00000000000000000b3b_0,1,KBang,1029,1,1,0,14.402058091632142,108.40501396897744,1,2023,1040,20.590174,3056.5912619680166,2430.7695342178336,0.5020409570632068,20,train,85,"{""type"":""MultiPoint"",""coordinates"":[]}"
00000000000000000b76_0,1,KBang,669,1,0,1,14.264887225026039,108.44813347616429,1,2017,669,19.99623,3954.77065885067,3193.707802749039,0.733005240342945,20,train,85,"{""type"":""MultiPoint"",""coordinates"":[]}"
00000000000000000869_0,1,KBang,963,1,0,1,14.400443897050796,108.4112165785428,1,2017,963,20.634737,3056.5912619680166,2430.7695342178336,0.6682662880176118,21,train,85,"{""type"":""MultiPoint"",""coordinates"":[]}"
00000000000000000756_0,1,KBang,658,1,0,1,14.18269261530787,108.4831686331412,1,2003,658,21.569376,3179.5106303691864,2674.3027243573615,0.45041936418794404,22,train,85,"{""type"":""MultiPoint"",""coordinates"":[]}"
000000000000000007bd_0,1,KBang,962,1,0,1,14.195896013527124,108.45055922713735,1,2016,952,16.470547,3179.5106303691864,2674.3027243573615,0.27364005451703644,22,train,85,"{""type"":""MultiPoint"",""coordinates"":[]}"
00000000000000000861_0,1,KBang,666,1,1,0,14.20398036373702,108.54407549443023,1,2023,650,21.563772,3132.6109425723553,2663.5936415282367,0.20561981296732645,22,train,85,"{""type"":""MultiPoint"",""coordinates"":[]}"
0000000000000000092c_0,1,KBang,1157,1,0,0,14.513629259090408,108.43250432697194,0,0,1162,21.188633,2982.197799295187,2381.099704130859,0.5108190001512289,24,train,85,"{""type"":""MultiPoint"",""coordinates"":[]}"
00000000000000000bf2_0,1,KBang,952,1,0,1,14.38615693727555,108.3389880596791,1,2018,944,21.774057,3714.876072347164,2911.4369120395304,0.6642796076708403,24,train,85,"{""type"":""MultiPoint"",""coordinates"":[]}"
00000000000000000894_0,1,KBang,1009,1,0,1,14.391819995613428,108.40663262265987,1,2016,1024,23.27842,3307.1987401247025,2646.067406310553,0.3519227406188351,26,train,85,"{""type"":""MultiPoint"",""coordinates"":[]}"
000000000000000007c1_0,1,KBang,716,1,1,0,14.209099411746378,108.4230733282439,1,2022,716,26.60901,3484.5955844521523,2837.824403122823,0.5766475621940663,27,train,85,"{""type"":""MultiPoint"",""coordinates"":[]}"
00000000000000000699_0,1,KBang,1149,1,0,1,14.500425860871156,108.37672097279335,1,2008,1149,27.860388,3205.2258018553257,2562.2362008570512,0.5970618316241908,28,train,85,"{""type"":""MultiPoint"",""coordinates"":[]}"
000000000000000006f9_0,1,KBang,915,1,1,0,14.420117450898594,108.31796785731314,1,2019,915,15.224511,3774.6228857189417,2999.9198697531438,0.5255544879078023,29,train,85,"{""type"":""MultiPoint"",""coordinates"":[]}"
000000000000000007d5_0,1,KBang,701,1,0,0,14.299650376838702,108.45837603128403,0,0,701,29.240562,3299.3934005498886,2718.926994363391,0.6259997330318033,29,train,85,"{""type"":""MultiPoint"",""coordinates"":[]}"
00000000000000000903_0,1,KBang,856,1,1,0,14.342230332798058,108.4931391830967,1,2020,856,29.881489,3410.552547223866,2766.438409104254,0.2439750314979514,30,train,85,"{""type"":""MultiPoint"",""coordinates"":[]}"
00000000000000000a94_0,1,KBang,1095,1,0,1,14.361903886645859,108.4211871284983,1,2017,1095,29.528614,3307.1987401247025,2646.067406310553,0.147101006119724,30,train,85,"{""type"":""MultiPoint"",""coordinates"":[]}"
00000000000000000b0c_0,1,KBang,786,1,0,1,14.22823341436671,108.46026223102965,1,2016,776,24.407917,3116.021737858653,2587.275775269555,0.38107557466304365,30,train,85,"{""type"":""MultiPoint"",""coordinates"":[]}"
0000000000000000066e_0,1,KBang,1026,1,0,1,14.400983448278259,108.43277187303516,0,2015,1026,4.865179,3056.5912619680166,2430.7695342178336,0.2846574290554724,5,train,86,"{""type"":""MultiPoint"",""coordinates"":[]}"
000000000000000006fc_0,1,KBang,1110,1,1,0,14.518748307099766,108.4357371752357,1,2021,1110,7.9066057,2982.197799295187,2381.099704130859,0.5266698830184869,5,train,86,"{""type"":""MultiPoint"",""coordinates"":[]}"
00000000000000000bf7_0,1,KBang,1136,1,1,0,14.529530413446997,108.43654873162743,1,2020,1137,0.0,2982.197799295187,2381.099704130859,0.7733071717796544,6,train,86,"{""type"":""MultiPoint"",""coordinates"":[]}"
0000000000000000094e_0,1,KBang,711,1,0,1,14.201015061536479,108.51146608842637,1,2018,711,7.298644,3132.6109425723553,2663.5936415282367,0.07625945355034502,7,train,86,"{""type"":""MultiPoint"",""coordinates"":[]}"
00000000000000000ae8_0,1,KBang,728,1,0,0,14.27647642866394,108.47643093144944,0,0,726,2.9398816,3299.3934005498886,2718.926994363391,0.7040233060216704,7,train,86,"{""type"":""MultiPoint"",""coordinates"":[]}"
00000000000000000b55_0,1,KBang,766,1,1,0,14.105077502371591,108.50068844118019,1,2021,760,20.40719,3335.206618718803,2843.7770705979806,0.34185786479736546,7,train,86,"{""type"":""MultiPoint"",""coordinates"":[]}"
000000000000000009bc_0,1,KBang,816,1,0,1,14.319595935850762,108.4926040909703,1,2017,816,8.013259,3410.552547223866,2766.438409104254,0.5552939485502555,8,train,86,"{""type"":""MultiPoint"",""coordinates"":[]}"
00000000000000000977_0,1,KBang,1068,1,1,0,14.411493549461234,108.39935536974065,1,2020,1068,8.646051,3230.138293027878,2568.9875608114658,0.2736607235147773,11,train,86,"{""type"":""MultiPoint"",""coordinates"":[]}"
00000000000000000ac0_0,1,KBang,881,1,1,0,14.343848986480456,108.49206453974283,1,2021,881,10.768755,3410.552547223866,2766.438409104254,0.5277022802281649,11,train,86,"{""type"":""MultiPoint"",""coordinates"":[]}"
00000000000000000be1_0,1,KBang,704,1,1,0,14.240094623168874,108.61468090051048,1,2019,707,12.667691,2921.3837886452675,2499.82747799868,0.34275152333357994,11,train,86,"{""type"":""MultiPoint"",""coordinates"":[]}"
00000000000000000690_0,1,KBang,774,1,1,0,14.316898179713432,108.6216906073665,1,2020,774,11.65536,2904.3306356593966,2447.77248901683,0.4379766137872866,12,train,86,"{""type"":""MultiPoint"",""coordinates"":[]}"
000000000000000006af_0,1,KBang,946,1,0,1,14.376458392484308,108.31662120879498,1,2018,948,11.032594,3714.876072347164,2911.4369120395304,0.5984539774855675,12,train,86,"{""type"":""MultiPoint"",""coordinates"":[]}"
00000000000000000b63_0,1,KBang,634,1,0,1,14.25249092409746,108.44948458378346,1,2016,634,13.117473,3954.77065885067,3193.707802749039,0.04479311398965069,13,train,86,"{""type"":""MultiPoint"",""coordinates"":[]}"
00000000000000000bc6_0,1,KBang,733,1,1,0,14.274590228918335,108.46619283543073,1,2021,733,13.293628,3299.3934005498886,2718.926994363391,0.6168667083325012,13,train,86,"{""type"":""MultiPoint"",""coordinates"":[]}"
0000000000000000082a_0,1,KBang,649,1,1,0,14.130409655456216,108.55863000026868,1,2022,654,8.500855,2848.0301147326827,2458.056594692424,0.7271283957367555,14,train,86,"{""type"":""MultiPoint"",""coordinates"":[]}"
00000000000000000868_0,1,KBang,1150,1,1,0,14.498267655961287,108.39558297024942,1,2022,1150,14.191681,3139.124945908785,2478.474790363861,0.6066192960073902,14,train,86,"{""type"":""MultiPoint"",""coordinates"":[]}"
0000000000000000073f_0,1,KBang,882,1,0,1,14.419305894506866,108.32443801294168,1,2016,882,14.742347,3774.6228857189417,2999.9198697531438,0.5417166024335628,15,train,86,"{""type"":""MultiPoint"",""coordinates"":[]}"
000000000000000006f7_0,1,KBang,805,1,0,1,14.317437730940897,108.44840548132855,1,2017,805,18.039337,3878.7206017300487,3091.2550926978347,0.1330141335352628,18,train,86,"{""type"":""MultiPoint"",""coordinates"":[]}"
000000000000000009db_0,1,KBang,761,1,0,1,14.14064775147493,108.46295552806593,1,2017,749,9.195146,3364.3139811381698,2879.1407314955827,0.019440070729866088,18,train,86,"{""type"":""MultiPoint"",""coordinates"":[]}"
00000000000000000806_0,1,KBang,634,1,0,1,14.150622760531487,108.47211898073077,1,2014,648,24.441116,3179.5106303691864,2674.3027243573615,0.7679184840512429,19,train,86,"{""type"":""MultiPoint"",""coordinates"":[]}"
000000000000000006a9_0,1,KBang,958,1,0,1,14.394513292649709,108.42495952798951,1,2016,955,23.533833,3307.1987401247025,2646.067406310553,0.16627010761254013,20,train,86,"{""type"":""MultiPoint"",""coordinates"":[]}"
000000000000000008cb_0,1,KBang,1054,1,1,0,14.401518540404673,108.40232067194118,1,2020,1060,15.881055,3056.5912619680166,2430.7695342178336,0.08608341573119027,20,train,86,"{""type"":""MultiPoint"",""coordinates"":[]}"
0000000000000000076d_0,1,KBang,767,1,0,1,14.21988151809361,108.43088567328955,1,2016,767,22.902975,3484.5955844521523,2837.824403122823,0.2034284581557253,23,train,86,"{""type"":""MultiPoint"",""coordinates"":[]}"
00000000000000000b6b_0,1,KBang,704,1,0,0,14.24763942215131,108.62411635833956,0,0,714,11.893706,2921.3837886452675,2499.82747799868,0.4021480150481954,24,train,86,"{""type"":""MultiPoint"",""coordinates"":[]}"
0000000000000000065b_0,1,KBang,803,1,1,0,14.23955507194141,108.4713118834401,1,2023,794,13.430855,3116.021737858653,2587.275775269555,0.6126975523716189,25,train,86,"{""type"":""MultiPoint"",""coordinates"":[]}"
00000000000000000673_0,1,KBang,674,1,0,1,14.1331029524925,108.49664403652471,1,2016,681,29.311113,3364.3139811381698,2879.1407314955827,0.5332554970860268,27,train,86,"{""type"":""MultiPoint"",""coordinates"":[]}"
00000000000000000a7b_0,1,KBang,761,1,1,0,14.253837572615598,108.43385097549009,1,2019,747,24.391687,3954.77065885067,3193.707802749039,0.3454626103754136,29,train,86,"{""type"":""MultiPoint"",""coordinates"":[]}"
00000000000000000b8b_0,1,KBang,864,1,1,0,14.269466721807927,108.42684572773511,1,2021,880,29.682228,3954.77065885067,3193.707802749039,0.08174518591203428,29,train,86,"{""type"":""MultiPoint"",""coordinates"":[]}"
00000000000000000ac2_0,1,KBang,742,1,0,1,14.27000627303539,108.43439052671755,1,2018,743,26.963488,3954.77065885067,3193.707802749039,0.1320426272569547,30,train,86,"{""type"":""MultiPoint"",""coordinates"":[]}"
000000000000000009e4_0,1,KBang,1031,1,0,1,14.436014146154129,108.465381279039,1,2018,1031,31.653868,3026.558855623007,2396.239654855617,0.620841550614205,32,train,86,"{""type"":""MultiPoint"",""coordinates"":[]}"
000000000000000009c2_0,1,KBang,991,1,1,0,14.283214130355702,108.4193009287527,1,2019,991,35.781597,3954.77065885067,3193.707802749039,0.1202202191155457,36,train,86,"{""type"":""MultiPoint"",""coordinates"":[]}"
00000000000000000692_0,1,KBang,877,1,0,1,14.352472887917822,108.51901088740881,1,2016,877,1.9140306,3057.4028005301952,2452.323266195249,0.5592097513181359,2,train,87,"{""type"":""MultiPoint"",""coordinates"":[]}"
00000000000000000652_0,1,KBang,674,1,0,0,14.227158771012832,108.42819237625326,0,0,674,4.2454,3484.5955844521523,2837.824403122823,0.0723957102829964,4,train,87,"{""type"":""MultiPoint"",""coordinates"":[]}"
00000000000000000bb3_0,1,KBang,849,1,1,0,14.315819077258496,108.48047533610493,1,2022,844,16.542633,3410.552547223866,2766.438409104254,0.08471902994352809,5,train,87,"{""type"":""MultiPoint"",""coordinates"":[]}"
000000000000000009aa_0,1,KBang,996,1,0,0,14.46889555732224,108.49610448529724,0,0,996,6.035772,3062.020653218031,2418.2485376937757,0.12066686172422769,6,train,87,"{""type"":""MultiPoint"",""coordinates"":[]}"
00000000000000000a7f_0,1,KBang,874,1,0,1,14.36864158833762,108.55727889264946,1,2018,872,0.95735246,3001.057534530759,2400.0190920016626,0.4753685684280452,6,train,87,"{""type"":""MultiPoint"",""coordinates"":[]}"
00000000000000000c01_0,1,KBang,749,1,1,0,14.338190387243634,108.4950253828423,1,2020,747,2.6639247,3410.552547223866,2766.438409104254,0.42409335801383574,6,train,87,"{""type"":""MultiPoint"",""coordinates"":[]}"
000000000000000009cc_0,1,KBang,1072,1,0,0,14.412028641587646,108.39558297024942,0,0,1069,7.4951563,3230.138293027878,2568.9875608114658,0.5826718435480696,7,train,87,"{""type"":""MultiPoint"",""coordinates"":[]}"
00000000000000000ad0_0,1,KBang,990,1,1,0,14.496653461379937,108.48208953068627,1,2021,990,17.433165,3062.020653218031,2418.2485376937757,0.655676245929044,8,train,87,"{""type"":""MultiPoint"",""coordinates"":[]}"
00000000000000000724_0,1,KBang,873,1,0,0,14.369448685628292,108.540303094939,0,0,873,9.249922,3057.4028005301952,2452.323266195249,0.5333914785757001,9,train,87,"{""type"":""MultiPoint"",""coordinates"":[]}"
000000000000000007ec_0,1,KBang,865,1,0,1,14.320942584368904,108.48182198462307,1,2013,856,6.918857,3410.552547223866,2766.438409104254,0.5949205937981485,9,train,87,"{""type"":""MultiPoint"",""coordinates"":[]}"
000000000000000006ff_0,1,KBang,1138,1,0,0,14.471049303131053,108.39154302469498,0,0,1141,7.61784,3139.124945908785,2478.474790363861,0.296015621414768,10,train,87,"{""type"":""MultiPoint"",""coordinates"":[]}"
00000000000000000913_0,1,KBang,845,1,0,1,14.363250535164003,108.56428859950549,1,2016,845,9.618094,3001.057534530759,2400.0190920016626,0.733516257415227,10,train,87,"{""type"":""MultiPoint"",""coordinates"":[]}"
00000000000000000915_0,1,KBang,935,1,0,1,14.397746140913458,108.44678682764615,1,2004,935,9.618221,3307.1987401247025,2646.067406310553,0.17726516027734607,10,train,87,"{""type"":""MultiPoint"",""coordinates"":[]}"
00000000000000000add_0,1,KBang,1089,1,1,0,14.421731645479941,108.39828072638676,0,2019,1083,13.440941,3230.138293027878,2568.9875608114658,0.20152959680793725,10,train,87,"{""type"":""MultiPoint"",""coordinates"":[]}"
00000000000000000c46_0,1,KBang,684,1,1,0,14.214222918856787,108.55566469806813,1,2021,682,9.293876,2988.904823511839,2527.354326276477,0.5758677320017626,10,train,87,"{""type"":""MultiPoint"",""coordinates"":[]}"
00000000000000000808_0,1,KBang,594,1,0,1,14.282942125191438,108.44597973035546,1,2017,591,5.315711,3954.77065885067,3193.707802749039,0.3243451613970918,11,train,87,"{""type"":""MultiPoint"",""coordinates"":[]}"
0000000000000000079d_0,1,KBang,1022,1,0,0,14.420384996961806,108.44948458378346,0,0,1016,13.121425,3056.5912619680166,2430.7695342178336,0.7277212714778372,12,train,87,"{""type"":""MultiPoint"",""coordinates"":[]}"
000000000000000007e3_0,1,KBang,694,1,0,0,14.24817897337878,108.52359484329175,0,0,691,16.646473,3132.6109425723553,2663.5936415282367,0.11804981027365913,12,train,87,"{""type"":""MultiPoint"",""coordinates"":[]}"
00000000000000000987_0,1,KBang,775,1,0,1,14.263268571343634,108.45379653450215,1,2008,766,14.988403,3299.3934005498886,2718.926994363391,0.49943716138312455,12,train,87,"{""type"":""MultiPoint"",""coordinates"":[]}"
00000000000000000975_0,1,KBang,1142,1,0,1,14.498000109898081,108.42630617650767,1,2017,1140,7.90651,3082.7387473136187,2420.537351960532,0.5901623362431239,13,train,87,"{""type"":""MultiPoint"",""coordinates"":[]}"
00000000000000000ab2_0,1,KBang,827,1,0,1,14.13741490321118,108.4572969288291,1,2016,827,13.184754,3364.3139811381698,2879.1407314955827,0.6125698608403602,13,train,87,"{""type"":""MultiPoint"",""coordinates"":[]}"
000000000000000006c9_0,1,KBang,1016,1,0,1,14.201826617928205,108.4438215254456,1,2016,1023,19.399807,3484.5955844521523,2837.824403122823,0.42366027844269916,14,train,87,"{""type"":""MultiPoint"",""coordinates"":[]}"
000000000000000007fc_0,1,KBang,905,1,0,1,14.194009813781518,108.45675737760163,1,2018,901,14.349573,3179.5106303691864,2674.3027243573615,0.6700507875005506,14,train,87,"{""type"":""MultiPoint"",""coordinates"":[]}"
00000000000000000a92_0,1,KBang,748,1,0,1,14.333606431360693,108.58827410407197,1,2017,743,11.1840105,3139.498244166374,2607.9216171444064,0.15442213662060889,14,train,87,"{""type"":""MultiPoint"",""coordinates"":[]}"
00000000000000000b59_0,1,KBang,756,1,0,1,14.2441345687233,108.46026223102965,1,2017,748,19.247673,3116.021737858653,2587.275775269555,0.5639628359864767,15,train,87,"{""type"":""MultiPoint"",""coordinates"":[]}"
00000000000000000777_0,1,KBang,638,1,0,0,14.174068713870506,108.5090403374533,0,0,640,14.400525,2927.8332602009177,2497.137565198986,0.3471159683441548,16,train,87,"{""type"":""MultiPoint"",""coordinates"":[]}"
00000000000000000a11_0,1,KBang,1096,1,0,1,14.431162644207982,108.39477587295875,1,2001,1103,10.769264,3230.138293027878,2568.9875608114658,0.5873513063870374,16,train,87,"{""type"":""MultiPoint"",""coordinates"":[]}"
00000000000000000ac5_0,1,KBang,874,1,0,1,14.372146441765622,108.44220733086424,1,2017,866,13.425857,3307.1987401247025,2646.067406310553,0.606634174660394,17,train,87,"{""type"":""MultiPoint"",""coordinates"":[]}"
00000000000000000716_0,1,KBang,768,1,1,0,14.265154771089243,108.4276528250258,1,2022,768,17.096203,3954.77065885067,3193.707802749039,0.2872501912543658,18,train,87,"{""type"":""MultiPoint"",""coordinates"":[]}"
00000000000000000ad4_0,1,KBang,1019,1,0,0,14.46188585046622,108.44894503255601,0,0,1019,18.21522,3082.7387473136187,2420.537351960532,0.40072571628288534,18,train,87,"{""type"":""MultiPoint"",""coordinates"":[]}"
00000000000000000ab8_0,1,KBang,615,1,0,1,14.119087997881516,108.54973409366706,1,2018,615,18.642044,3335.206618718803,2843.7770705979806,0.42503859925221765,19,train,87,"{""type"":""MultiPoint"",""coordinates"":[]}"
00000000000000000b8d_0,1,KBang,1136,1,1,0,14.534649461456352,108.43789538014558,1,2020,1136,18.513176,2982.197799295187,2381.099704130859,0.3771151530605319,19,train,87,"{""type"":""MultiPoint"",""coordinates"":[]}"
0000000000000000088f_0,1,KBang,657,1,0,1,14.19427735984472,108.49125298335109,1,2012,643,19.23377,3179.5106303691864,2674.3027243573615,0.3002952763888286,22,train,87,"{""type"":""MultiPoint"",""coordinates"":[]}"
0000000000000000083c_0,1,KBang,1038,1,1,0,14.297764177093095,108.32443801294168,1,2019,1038,22.909895,3418.0222388617694,2701.695657495224,0.1199862215322296,23,train,87,"{""type"":""MultiPoint"",""coordinates"":[]}"
00000000000000000af3_0,1,KBang,550,1,0,1,14.17918776187986,108.57965020263461,1,2008,533,23.092323,2894.3183166086674,2468.4566263710717,0.1815539465925693,23,train,87,"{""type"":""MultiPoint"",""coordinates"":[]}"
00000000000000000890_0,1,KBang,885,1,0,0,14.355166184954104,108.47454473170384,0,0,885,23.532606,3174.5908024162054,2515.3602785260928,0.3385174376044362,24,train,87,"{""type"":""MultiPoint"",""coordinates"":[]}"
00000000000000000b73_0,1,KBang,949,1,0,1,14.265966327480971,108.41822182629775,1,2014,968,19.260748,3954.77065885067,3193.707802749039,0.6205212069179465,24,train,87,"{""type"":""MultiPoint"",""coordinates"":[]}"
00000000000000000744_0,1,KBang,1069,1,0,1,14.403944291377746,108.40582552536918,1,2009,1062,23.303858,3056.5912619680166,2430.7695342178336,0.6173230618989164,26,train,87,"{""type"":""MultiPoint"",""coordinates"":[]}"
0000000000000000096b_0,1,KBang,864,1,0,1,14.195628467463917,108.4667323866582,1,2016,860,23.64974,3179.5106303691864,2674.3027243573615,0.24609940823137966,29,train,87,"{""type"":""MultiPoint"",""coordinates"":[]}"
000000000000000006a1_0,1,KBang,780,1,0,1,14.379151689520583,108.45191033475653,1,2017,801,32.345848,3174.5908024162054,2515.3602785260928,0.47939390988174635,37,train,87,"{""type"":""MultiPoint"",""coordinates"":[]}"
00000000000000000a5a_0,1,KBang,720,1,0,1,14.284828324937045,108.45972267980217,1,2017,700,34.39368,3299.3934005498886,2718.926994363391,0.5680708783785116,38,train,87,"{""type"":""MultiPoint"",""coordinates"":[]}"
00000000000000000c50_0,1,KBang,913,1,0,1,14.391280444385961,108.33818096238842,1,2017,913,41.227673,3714.876072347164,2911.4369120395304,0.07300884217094139,41,train,87,"{""type"":""MultiPoint"",""coordinates"":[]}"
000000000000000008af_0,1,KBang,684,1,0,1,14.263001025280428,108.6001308537731,1,2017,684,1.3324525,3002.574410483241,2569.066161002828,0.4222030667799104,1,train,89,"{""type"":""MultiPoint"",""coordinates"":[]}"
00000000000000000bb7_0,1,KBang,1021,1,0,0,14.376458392484308,108.42576662528019,0,0,1021,6.034222,3307.1987401247025,2646.067406310553,0.13634985165131397,1,train,89,"{""type"":""MultiPoint"",""coordinates"":[]}"
00000000000000000734_0,1,KBang,664,1,0,1,14.246832324860636,108.59016030381757,1,2018,663,4.861974,2988.904823511839,2527.354326276477,0.7593809150515742,2,train,89,"{""type"":""MultiPoint"",""coordinates"":[]}"
00000000000000000753_0,1,KBang,609,1,0,1,14.301808581748569,108.48775258902414,1,2018,609,4.246536,3410.552547223866,2766.438409104254,0.5268462565211447,3,train,89,"{""type"":""MultiPoint"",""coordinates"":[]}"
00000000000000000a49_0,1,KBang,758,1,0,0,14.271624926717793,108.62600255808518,0,0,757,3.9326763,2920.2753743231297,2494.9070353260336,0.6235815857628199,3,train,89,"{""type"":""MultiPoint"",""coordinates"":[]}"
00000000000000000baf_0,1,KBang,780,1,0,0,14.313397785386474,108.57048674996977,0,0,780,6.6344247,3139.498244166374,2607.9216171444064,0.39248205685666215,3,train,89,"{""type"":""MultiPoint"",""coordinates"":[]}"
000000000000000006bf_0,1,KBang,754,1,0,1,14.25060472435185,108.52332283812747,1,2016,752,4.245758,3283.608837634325,2704.4453318488963,0.3313783480436311,4,train,89,"{""type"":""MultiPoint"",""coordinates"":[]}"
000000000000000006e4_0,1,KBang,714,1,0,0,14.31070002924914,108.60282415080935,0,0,714,4.167406,2904.3306356593966,2447.77248901683,0.573256343445469,4,train,89,"{""type"":""MultiPoint"",""coordinates"":[]}"
00000000000000000728_0,1,KBang,836,1,0,0,14.321749681659579,108.60794765791978,0,0,836,0.95715195,2904.3306356593966,2447.77248901683,0.5042199111141198,4,train,89,"{""type"":""MultiPoint"",""coordinates"":[]}"
00000000000000000998_0,1,KBang,683,1,0,0,14.254644669906272,108.53383293931044,0,0,687,8.091388,3283.608837634325,2704.4453318488963,0.46778573183219085,4,train,89,"{""type"":""MultiPoint"",""coordinates"":[]}"
00000000000000000aa3_0,1,KBang,1141,1,1,0,14.505816914044772,108.43950957472693,1,2022,1141,3.9938393,2982.197799295187,2381.099704130859,0.3971102154586157,4,train,89,"{""type"":""MultiPoint"",""coordinates"":[]}"
0000000000000000073e_0,1,KBang,890,1,0,1,14.344928088935392,108.49017833999721,1,2017,885,14.182466,3410.552547223866,2766.438409104254,0.3065755482823692,5,train,89,"{""type"":""MultiPoint"",""coordinates"":[]}"
00000000000000000a91_0,1,KBang,810,1,1,0,14.31824482823157,108.57048674996977,1,2020,807,6.67028,3139.498244166374,2607.9216171444064,0.47286096611904926,5,train,89,"{""type"":""MultiPoint"",""coordinates"":[]}"
00000000000000000bd3_0,1,KBang,748,1,0,1,14.270545824262861,108.62007195368409,1,2018,748,4.6807055,2920.2753743231297,2494.9070353260336,0.599713814674395,5,train,89,"{""type"":""MultiPoint"",""coordinates"":[]}"
00000000000000000c5f_0,1,KBang,673,1,1,0,14.243327471432627,108.59527935182693,1,2022,673,5.3152304,2988.904823511839,2527.354326276477,0.002394746029831696,5,train,89,"{""type"":""MultiPoint"",""coordinates"":[]}"
00000000000000000c77_0,1,KBang,599,1,0,0,14.129063006938077,108.54784789392144,0,0,599,4.724318,3335.206618718803,2843.7770705979806,0.4618540196233595,5,train,89,"{""type"":""MultiPoint"",""coordinates"":[]}"
00000000000000000651_0,1,KBang,622,1,0,1,14.231470721731512,108.5260205942648,1,2017,632,18.527346,3132.6109425723553,2663.5936415282367,0.21156270924055653,6,train,89,"{""type"":""MultiPoint"",""coordinates"":[]}"
000000000000000007a7_0,1,KBang,976,1,0,1,14.469163103385446,108.50526793796209,1,2003,978,5.864895,3223.115180581808,2551.5795426868085,0.30952688665640504,6,train,89,"{""type"":""MultiPoint"",""coordinates"":[]}"
000000000000000008e9_0,1,KBang,863,1,0,1,14.350047136944745,108.52682769155548,1,2008,857,7.217794,3057.4028005301952,2452.323266195249,0.7560188426747583,6,train,89,"{""type"":""MultiPoint"",""coordinates"":[]}"
0000000000000000090d_0,1,KBang,850,1,0,0,14.376458392484308,108.44058867718184,0,0,846,4.6273675,3307.1987401247025,2646.067406310553,0.6761101455748111,6,train,89,"{""type"":""MultiPoint"",""coordinates"":[]}"
0000000000000000095e_0,1,KBang,700,1,0,1,14.143345507612262,108.45918312857471,1,2017,699,8.640054,3364.3139811381698,2879.1407314955827,0.12074566828836597,6,train,89,"{""type"":""MultiPoint"",""coordinates"":[]}"
00000000000000000b91_0,1,KBang,592,1,1,0,14.11720179813591,108.54488259172089,1,2019,597,8.758459,3335.206618718803,2843.7770705979806,0.14162661239028507,6,train,89,"{""type"":""MultiPoint"",""coordinates"":[]}"
00000000000000000660_0,1,KBang,800,1,1,0,14.197514667209521,108.46430663568513,1,2023,796,9.617487,3179.5106303691864,2674.3027243573615,0.3013684972859987,7,train,89,"{""type"":""MultiPoint"",""coordinates"":[]}"
000000000000000006fe_0,1,KBang,741,1,0,1,14.27970927692769,108.47131188344008,1,2013,744,7.6663804,3299.3934005498886,2718.926994363391,0.7740688551873071,7,train,89,"{""type"":""MultiPoint"",""coordinates"":[]}"
000000000000000007e6_0,1,KBang,600,1,0,0,14.275936877436479,108.44247487692745,0,0,598,4.680749,3954.77065885067,3193.707802749039,0.21141596037194954,7,train,89,"{""type"":""MultiPoint"",""coordinates"":[]}"
0000000000000000080f_0,1,KBang,847,1,1,0,14.388582688248627,108.62492345563025,1,2022,845,5.9926744,2952.925736054778,2405.8077794335663,0.42780166071611614,7,train,89,"{""type"":""MultiPoint"",""coordinates"":[]}"
000000000000000009e0_0,1,KBang,966,1,1,0,14.399632340659066,108.4470588328104,1,2021,966,6.7356777,3307.1987401247025,2646.067406310553,0.21476442188583622,7,train,89,"{""type"":""MultiPoint"",""coordinates"":[]}"
00000000000000000c3a_0,1,KBang,541,1,0,1,14.195628467463914,108.50715413770767,1,2012,545,9.61748,2927.8332602009177,2497.137565198986,0.5287018912696031,7,train,89,"{""type"":""MultiPoint"",""coordinates"":[]}"
000000000000000009e6_0,1,KBang,690,1,0,1,14.25249092409746,108.59366069814455,1,2016,690,8.091319,3002.574410483241,2569.066161002828,0.4181243882104281,8,train,89,"{""type"":""MultiPoint"",""coordinates"":[]}"
00000000000000000ac4_0,1,KBang,802,1,0,1,14.309353380730998,108.5764128952698,1,2016,802,8.291168,3139.498244166374,2607.9216171444064,0.4087325297725858,8,train,89,"{""type"":""MultiPoint"",""coordinates"":[]}"
00000000000000000b96_0,1,KBang,922,1,1,0,14.384810288757413,108.40447887685104,1,2019,926,8.746403,3307.1987401247025,2646.067406310553,0.4295822497306183,8,train,89,"{""type"":""MultiPoint"",""coordinates"":[]}"
00000000000000000c11_0,1,KBang,743,1,0,1,14.278090623245289,108.47508428293129,1,2016,738,9.933175,3299.3934005498886,2718.926994363391,0.3097030340100906,8,train,89,"{""type"":""MultiPoint"",""coordinates"":[]}"
00000000000000000676_0,1,KBang,680,1,0,1,14.218262864411209,108.48829214025162,1,2016,680,6.737349,3116.021737858653,2587.275775269555,0.27725973516263924,9,train,89,"{""type"":""MultiPoint"",""coordinates"":[]}"
00000000000000000736_0,1,KBang,797,1,0,1,14.231198716567253,108.45001967590987,1,2014,794,10.0274935,3484.5955844521523,2837.824403122823,0.0806366435426128,9,train,89,"{""type"":""MultiPoint"",""coordinates"":[]}"
00000000000000000759_0,1,KBang,1099,1,1,0,14.4268506934893,108.39612252147688,1,2020,1099,8.759139,3230.138293027878,2568.9875608114658,0.39532845175029363,9,train,89,"{""type"":""MultiPoint"",""coordinates"":[]}"
000000000000000007eb_0,1,KBang,720,1,0,1,14.198861315727664,108.42253377701644,1,2016,720,8.974755,3298.5777985565364,2757.9068181550247,0.6867868278282858,9,train,89,"{""type"":""MultiPoint"",""coordinates"":[]}"
000000000000000007fb_0,1,KBang,790,1,1,0,14.226079668557897,108.44463308183731,1,2021,796,6.0110946,3484.5955844521523,2837.824403122823,0.5623139199805908,9,train,89,"{""type"":""MultiPoint"",""coordinates"":[]}"
000000000000000008d3_0,1,KBang,843,1,0,0,14.372413987828832,108.54596169417582,0,0,843,9.385662,3057.4028005301952,2452.323266195249,0.5795989731534354,9,train,89,"{""type"":""MultiPoint"",""coordinates"":[]}"
000000000000000009ce_0,1,KBang,683,1,0,1,14.241980822914485,108.4831686331412,1,2013,684,3.4138355,3116.021737858653,2587.275775269555,0.476269905183748,9,train,89,"{""type"":""MultiPoint"",""coordinates"":[]}"
00000000000000000a1e_0,1,KBang,821,1,1,0,14.285100330101304,108.4767029366137,1,2023,825,8.758562,3299.3934005498886,2718.926994363391,0.17729250564210264,9,train,89,"{""type"":""MultiPoint"",""coordinates"":[]}"
00000000000000000a2e_0,1,KBang,1135,1,1,0,14.525486008791525,108.43519762400824,1,2022,1142,17.365265,2982.197799295187,2381.099704130859,0.10077815322306527,9,train,89,"{""type"":""MultiPoint"",""coordinates"":[]}"
00000000000000000b18_0,1,KBang,869,1,0,0,14.404216296542007,108.55323894709505,0,0,880,17.620865,3010.9200901687145,2435.0759028388934,0.5788187836364534,9,train,89,"{""type"":""MultiPoint"",""coordinates"":[]}"
00000000000000000776_0,1,KBang,1011,1,0,1,14.383196094176059,108.31258126324057,1,2009,1011,10.096576,3714.876072347164,2911.4369120395304,0.6563858765409135,10,train,89,"{""type"":""MultiPoint"",""coordinates"":[]}"
0000000000000000086d_0,1,KBang,843,1,1,0,14.35031468300795,108.50850078622584,1,2023,847,7.217801,3057.4028005301952,2452.323266195249,0.15214425226559536,10,train,89,"{""type"":""MultiPoint"",""coordinates"":[]}"
00000000000000000b36_0,1,KBang,698,1,0,1,14.282942125191438,108.54919454243958,1,2017,698,10.451131,3283.608837634325,2704.4453318488963,0.6155222746353659,10,train,89,"{""type"":""MultiPoint"",""coordinates"":[]}"
00000000000000000beb_0,1,KBang,949,1,0,0,14.400443897050796,108.45756893399337,0,0,949,9.940791,3026.558855623007,2396.239654855617,0.31645905029702304,10,train,89,"{""type"":""MultiPoint"",""coordinates"":[]}"
00000000000000000774_0,1,KBang,708,1,0,1,14.25680287481614,108.4850548328868,1,2016,716,17.11992,3299.3934005498886,2718.926994363391,0.11736346269394116,11,train,89,"{""type"":""MultiPoint"",""coordinates"":[]}"
0000000000000000086e_0,1,KBang,787,1,0,0,14.341155689444177,108.51443139062691,0,0,793,12.028566,3361.179399266839,2766.2203726602984,0.33034826611904033,11,train,89,"{""type"":""MultiPoint"",""coordinates"":[]}"
000000000000000009e5_0,1,KBang,915,1,0,1,14.225000566102965,108.43789538014558,1,2017,915,11.474903,3484.5955844521523,2837.824403122823,0.12768461657708285,11,train,89,"{""type"":""MultiPoint"",""coordinates"":[]}"
00000000000000000a32_0,1,KBang,733,1,0,1,14.299382830775494,108.55135274734944,1,2016,733,9.243137,3002.574410483241,2569.066161002828,0.546381503055896,11,train,89,"{""type"":""MultiPoint"",""coordinates"":[]}"
00000000000000000bcb_0,1,KBang,598,1,0,1,14.150622760531487,108.48155443855985,1,2009,593,8.500893,3179.5106303691864,2674.3027243573615,0.6657648847345637,11,train,89,"{""type"":""MultiPoint"",""coordinates"":[]}"
00000000000000000c07_0,1,KBang,1198,1,0,1,14.505277362817303,108.3901919170758,1,2017,1202,16.426517,3205.2258018553257,2562.2362008570512,0.40228597117589215,11,train,89,"{""type"":""MultiPoint"",""coordinates"":[]}"
000000000000000008a3_0,1,KBang,733,1,0,1,14.21017851420131,108.50122353330661,1,2017,733,11.650293,3132.6109425723553,2663.5936415282367,0.7754029296714323,12,train,89,"{""type"":""MultiPoint"",""coordinates"":[]}"
0000000000000000098d_0,1,KBang,775,1,0,1,14.279437271763431,108.5564717953588,1,2016,775,11.740848,3002.574410483241,2569.066161002828,0.3643497362087461,12,train,89,"{""type"":""MultiPoint"",""coordinates"":[]}"
000000000000000009c3_0,1,KBang,883,1,0,1,14.418766343279398,108.53787734396593,1,2018,883,12.187044,3022.832878291607,2439.8191594331984,0.02529505763813389,12,train,89,"{""type"":""MultiPoint"",""coordinates"":[]}"
000000000000000009e9_0,1,KBang,627,1,0,0,14.306388078530455,108.44813347616429,0,0,627,12.199196,3878.7206017300487,3091.2550926978347,0.16631983907053227,12,train,89,"{""type"":""MultiPoint"",""coordinates"":[]}"
00000000000000000ab4_0,1,KBang,1129,1,1,0,14.492069505496998,108.4211871284983,1,2021,1134,14.3590145,3082.7387473136187,2420.537351960532,0.7850863154999315,12,train,89,"{""type"":""MultiPoint"",""coordinates"":[]}"
00000000000000000b87_0,1,KBang,543,1,0,1,14.147117907103476,108.54622924023903,1,2018,543,11.889062,3335.206618718803,2843.7770705979806,0.05429389364967574,12,train,89,"{""type"":""MultiPoint"",""coordinates"":[]}"
00000000000000000c4b_0,1,KBang,1034,1,1,0,14.426315601362885,108.4554107290835,1,2019,1034,12.390543,3026.558855623007,2396.239654855617,0.31633256751578265,12,train,89,"{""type"":""MultiPoint"",""coordinates"":[]}"
000000000000000007f9_0,1,KBang,736,1,1,0,14.212604265174384,108.50176308453406,1,2021,725,22.969805,3132.6109425723553,2663.5936415282367,0.7695235292610384,13,train,89,"{""type"":""MultiPoint"",""coordinates"":[]}"
0000000000000000096a_0,1,KBang,673,1,0,0,14.366215837364537,108.45460363179284,0,0,688,18.790833,3174.5908024162054,2515.3602785260928,0.022834384183883394,13,train,89,"{""type"":""MultiPoint"",""coordinates"":[]}"
000000000000000009d9_0,1,KBang,948,1,1,0,14.392087541676636,108.40851882240547,1,2020,952,5.7997427,3307.1987401247025,2646.067406310553,0.2595715791151145,13,train,89,"{""type"":""MultiPoint"",""coordinates"":[]}"
00000000000000000aca_0,1,KBang,771,1,0,1,14.26704097083485,108.45109877836481,1,2016,764,17.799232,3299.3934005498886,2718.926994363391,0.3637387553270701,13,train,89,"{""type"":""MultiPoint"",""coordinates"":[]}"
00000000000000000b11_0,1,KBang,950,1,1,0,14.401250994341463,108.44517263306479,1,2022,952,12.460636,3056.5912619680166,2430.7695342178336,0.7068328029005092,13,train,89,"{""type"":""MultiPoint"",""coordinates"":[]}"
000000000000000006cb_0,1,KBang,974,1,0,1,14.356245287409036,108.43358342942687,1,2018,973,15.37987,3307.1987401247025,2646.067406310553,0.6862771745208351,14,train,89,"{""type"":""MultiPoint"",""coordinates"":[]}"
00000000000000000833_0,1,KBang,667,1,0,1,14.249525621896918,108.6157600029654,1,2016,659,11.933385,2921.3837886452675,2499.82747799868,0.12930223524228912,14,train,89,"{""type"":""MultiPoint"",""coordinates"":[]}"
00000000000000000889_0,1,KBang,643,1,0,1,14.170024309215028,108.48208953068627,1,2017,649,14.443931,3179.5106303691864,2674.3027243573615,0.7421161856128179,14,train,89,"{""type"":""MultiPoint"",""coordinates"":[]}"
00000000000000000c6f_0,1,KBang,922,1,0,0,14.372146441765622,108.33440856289718,0,0,915,13.644402,3714.876072347164,2911.4369120395304,0.7572533094338482,14,train,89,"{""type"":""MultiPoint"",""coordinates"":[]}"
00000000000000000669_0,1,KBang,709,1,1,0,14.218802415638674,108.41363787041483,1,2019,709,15.006746,3484.5955844521523,2837.824403122823,0.2296256908473462,15,train,89,"{""type"":""MultiPoint"",""coordinates"":[]}"
0000000000000000069c_0,1,KBang,869,1,0,1,14.357052384699712,108.50364928427969,1,2018,874,13.287769,3057.4028005301952,2452.323266195249,0.08546817352453073,15,train,89,"{""type"":""MultiPoint"",""coordinates"":[]}"
000000000000000007d4_0,1,KBang,1155,1,1,0,14.52359980904591,108.43088567328955,1,2022,1155,14.636168,2982.197799295187,2381.099704130859,0.5515535806382181,15,train,89,"{""type"":""MultiPoint"",""coordinates"":[]}"
00000000000000000968_0,1,KBang,743,1,0,1,14.25841706939749,108.4532569832747,1,2016,732,14.969294,3299.3934005498886,2718.926994363391,0.6237070839942143,15,train,89,"{""type"":""MultiPoint"",""coordinates"":[]}"
00000000000000000b6d_0,1,KBang,907,1,0,1,14.38346364023927,108.43250432697195,1,2010,901,13.763213,3307.1987401247025,2646.067406310553,0.1366182298359313,15,train,89,"{""type"":""MultiPoint"",""coordinates"":[]}"
00000000000000000c3d_0,1,KBang,750,1,0,1,14.26758052206232,108.6254630068577,1,2016,744,4.7217293,2920.2753743231297,2494.9070353260336,0.2936998177320719,15,train,89,"{""type"":""MultiPoint"",""coordinates"":[]}"
000000000000000008c3_0,1,KBang,791,1,0,0,14.319595935850762,108.44678682764614,0,0,791,15.878386,3878.7206017300487,3091.2550926978347,0.7488761177717542,16,train,89,"{""type"":""MultiPoint"",""coordinates"":[]}"
00000000000000000a86_0,1,KBang,820,1,0,1,14.136607805920507,108.45756893399337,1,2017,820,15.86219,3364.3139811381698,2879.1407314955827,0.11675369315992101,16,train,89,"{""type"":""MultiPoint"",""coordinates"":[]}"
00000000000000000c42_0,1,KBang,648,1,0,0,14.165172807268881,108.48208953068628,0,0,643,11.852401,3179.5106303691864,2674.3027243573615,0.18506209596883105,16,train,89,"{""type"":""MultiPoint"",""coordinates"":[]}"
00000000000000000760_0,1,KBang,714,1,0,1,14.264887225026039,108.54569414811262,1,2016,714,16.824694,3283.608837634325,2704.4453318488963,0.6858890055614683,17,train,89,"{""type"":""MultiPoint"",""coordinates"":[]}"
00000000000000000779_0,1,KBang,537,1,0,1,14.190504960353508,108.50715413770767,1,2018,553,36.08023,2927.8332602009177,2497.137565198986,0.021472425627804603,17,train,89,"{""type"":""MultiPoint"",""coordinates"":[]}"
00000000000000000a17_0,1,KBang,1011,1,0,1,14.196975115982054,108.44813347616429,1,2017,1002,12.028382,3298.5777985565364,2757.9068181550247,0.08418438443914866,17,train,89,"{""type"":""MultiPoint"",""coordinates"":[]}"
00000000000000000ad7_0,1,KBang,633,1,1,0,14.150350755367226,108.46915367853022,1,2021,632,13.912494,3179.5106303691864,2674.3027243573615,0.6658052324422302,17,train,89,"{""type"":""MultiPoint"",""coordinates"":[]}"
00000000000000000b89_0,1,KBang,766,1,0,0,14.258149523334282,108.44166777963679,0,0,776,7.493844,3954.77065885067,3193.707802749039,0.5716999482806879,17,train,89,"{""type"":""MultiPoint"",""coordinates"":[]}"
000000000000000007fd_0,1,KBang,547,1,0,0,14.191044511580973,108.50850078622584,0,0,552,10.778495,2927.8332602009177,2497.137565198986,0.757478183186487,18,train,89,"{""type"":""MultiPoint"",""coordinates"":[]}"
00000000000000000930_0,1,KBang,572,1,0,0,14.189965409126039,108.6001308537731,0,0,572,18.487173,2894.3183166086674,2468.4566263710717,0.05206995148995319,18,train,89,"{""type"":""MultiPoint"",""coordinates"":[]}"
00000000000000000a64_0,1,KBang,879,1,0,1,14.384270737529945,108.33171526586092,1,2016,880,21.444796,3714.876072347164,2911.4369120395304,0.01785003399437013,18,train,89,"{""type"":""MultiPoint"",""coordinates"":[]}"
00000000000000000a93_0,1,KBang,924,1,0,1,14.194549365008983,108.46214843077524,1,2017,916,9.293205,3179.5106303691864,2674.3027243573615,0.25648622687348244,18,train,89,"{""type"":""MultiPoint"",""coordinates"":[]}"
000000000000000006a5_0,1,KBang,605,1,1,0,14.174068713870502,108.51011943990822,1,2019,605,18.625921,2927.8332602009177,2497.137565198986,0.5954188798605095,19,train,89,"{""type"":""MultiPoint"",""coordinates"":[]}"
00000000000000000712_0,1,KBang,724,1,1,0,14.148197009558412,108.4572969288291,1,2021,724,19.473694,3364.3139811381698,2879.1407314955827,0.5257400438763551,19,train,89,"{""type"":""MultiPoint"",""coordinates"":[]}"
000000000000000008a2_0,1,KBang,652,1,0,1,14.25329802138813,108.45055922713735,1,2016,652,18.666216,3299.3934005498886,2718.926994363391,0.27651437664819345,19,train,89,"{""type"":""MultiPoint"",""coordinates"":[]}"
00000000000000000980_0,1,KBang,651,1,0,0,14.051987445229265,108.49880224143459,0,0,640,21.89015,3222.151947184233,2767.6180477493767,0.40874488659867836,19,train,89,"{""type"":""MultiPoint"",""coordinates"":[]}"
000000000000000007a6_0,1,KBang,769,1,0,1,14.262461474052962,108.47050478614942,1,2018,761,17.533731,3299.3934005498886,2718.926994363391,0.23961854841548513,20,train,89,"{""type"":""MultiPoint"",""coordinates"":[]}"
000000000000000009fe_0,1,KBang,768,1,0,1,14.207485217165026,108.42522707405271,1,2014,772,6.5340796,3484.5955844521523,2837.824403122823,0.7859647879100183,20,train,89,"{""type"":""MultiPoint"",""coordinates"":[]}"
0000000000000000064f_0,1,KBang,717,1,1,0,14.148197009558416,108.45810848522083,1,2021,717,20.982107,3364.3139811381698,2879.1407314955827,0.7860557709199267,21,train,89,"{""type"":""MultiPoint"",""coordinates"":[]}"
000000000000000006b4_0,1,KBang,859,1,1,0,14.13849400566611,108.45595028031096,1,2020,859,21.023758,3364.3139811381698,2879.1407314955827,0.3519915732667347,21,train,89,"{""type"":""MultiPoint"",""coordinates"":[]}"
00000000000000000769_0,1,KBang,769,1,0,0,14.27539732620901,108.4357371752357,0,0,777,25.183575,3954.77065885067,3193.707802749039,0.17240923915290818,21,train,89,"{""type"":""MultiPoint"",""coordinates"":[]}"
000000000000000007ee_0,1,KBang,741,1,1,0,14.206406114710095,108.42576662528019,1,2019,750,19.62602,3484.5955844521523,2837.824403122823,0.750857237417168,21,train,89,"{""type"":""MultiPoint"",""coordinates"":[]}"
000000000000000008b3_0,1,KBang,788,1,0,1,14.140380205411722,108.46430663568512,1,2017,783,11.347178,3364.3139811381698,2879.1407314955827,0.648089862522706,21,train,89,"{""type"":""MultiPoint"",""coordinates"":[]}"
00000000000000000878_0,1,KBang,923,1,0,1,14.357863941091438,108.340067162134,1,2018,909,23.5973,3714.876072347164,2911.4369120395304,0.03323605227598181,22,train,89,"{""type"":""MultiPoint"",""coordinates"":[]}"
0000000000000000067e_0,1,KBang,737,1,1,0,14.211525162719452,108.4230733282439,1,2023,740,24.933235,3484.5955844521523,2837.824403122823,0.7004292182672323,23,train,89,"{""type"":""MultiPoint"",""coordinates"":[]}"
00000000000000000912_0,1,KBang,740,1,1,0,14.251144275579314,108.45191033475653,1,2019,723,14.176892,3299.3934005498886,2718.926994363391,0.3695464253736088,23,train,89,"{""type"":""MultiPoint"",""coordinates"":[]}"
00000000000000000b07_0,1,KBang,897,1,0,1,14.345467640162859,108.52251574083681,1,2016,897,23.318403,3361.179399266839,2766.2203726602984,0.3780719107997397,23,train,89,"{""type"":""MultiPoint"",""coordinates"":[]}"
00000000000000000733_0,1,KBang,899,1,0,1,14.352740433981028,108.42415243069885,1,2018,914,21.174883,3307.1987401247025,2646.067406310553,0.6251970138286812,24,train,89,"{""type"":""MultiPoint"",""coordinates"":[]}"
00000000000000000c23_0,1,KBang,898,1,0,1,14.342230332798058,108.33683431387027,1,2018,886,13.199186,3590.3718142211437,2839.256492314795,0.42169780930788203,24,train,89,"{""type"":""MultiPoint"",""coordinates"":[]}"
00000000000000000693_0,1,KBang,689,1,0,1,14.298571274383766,108.465381279039,1,2018,689,25.29571,3299.3934005498886,2718.926994363391,0.44164371119803625,25,train,89,"{""type"":""MultiPoint"",""coordinates"":[]}"
000000000000000009d1_0,1,KBang,688,1,1,0,14.232545365085397,108.48262908191373,1,2022,682,19.709282,3116.021737858653,2587.275775269555,0.23272605453297324,25,train,89,"{""type"":""MultiPoint"",""coordinates"":[]}"
00000000000000000bc3_0,1,KBang,747,1,1,0,14.182153064080405,108.48802013508734,1,2020,740,24.40599,3179.5106303691864,2674.3027243573615,0.44501577722767016,25,train,89,"{""type"":""MultiPoint"",""coordinates"":[]}"
00000000000000000c2a_0,1,KBang,984,1,1,0,14.361096789355184,108.43277187303516,1,2020,984,25.118092,3307.1987401247025,2646.067406310553,0.7650870294710642,25,train,89,"{""type"":""MultiPoint"",""coordinates"":[]}"
00000000000000000921_0,1,KBang,815,1,0,1,14.197782213272728,108.45568273424777,1,2016,815,25.78223,3179.5106303691864,2674.3027243573615,0.15215760456617888,26,train,89,"{""type"":""MultiPoint"",""coordinates"":[]}"
00000000000000000b1e_0,1,KBang,690,1,0,0,14.203440812509553,108.50796123499835,0,0,680,33.70951,3132.6109425723553,2663.5936415282367,0.4893183969474355,26,train,89,"{""type"":""MultiPoint"",""coordinates"":[]}"
000000000000000009de_0,1,KBang,666,1,0,1,14.207485217165026,108.49853023627033,1,2018,670,28.998585,3116.021737858653,2587.275775269555,0.5623040609851571,27,train,89,"{""type"":""MultiPoint"",""coordinates"":[]}"
00000000000000000817_0,1,KBang,723,1,0,0,14.172450060188106,108.49152498851537,0,0,723,28.976727,3179.5106303691864,2674.3027243573615,0.09757772230680317,29,train,89,"{""type"":""MultiPoint"",""coordinates"":[]}"
0000000000000000094b_0,1,KBang,909,1,0,1,14.357052384699712,108.33710185993348,1,2018,894,28.157505,3714.876072347164,2911.4369120395304,0.6425662855329999,30,train,89,"{""type"":""MultiPoint"",""coordinates"":[]}"
00000000000000000714_0,1,KBang,755,1,0,1,14.186732560862293,108.48909923754229,1,2015,721,34.906773,3179.5106303691864,2674.3027243573615,0.5537866862860109,31,train,89,"{""type"":""MultiPoint"",""coordinates"":[]}"
00000000000000000a84_0,1,KBang,926,1,0,1,14.390201341931029,108.33872051361588,1,2011,926,32.346947,3714.876072347164,2911.4369120395304,0.44933930682450196,32,train,89,"{""type"":""MultiPoint"",""coordinates"":[]}"
00000000000000000a04_0,1,KBang,1001,1,0,1,14.198049759335937,108.44436107667308,1,2017,1014,27.643713,3298.5777985565364,2757.9068181550247,0.6118282562065951,33,train,89,"{""type"":""MultiPoint"",""coordinates"":[]}"
00000000000000000b74_0,1,KBang,691,1,0,1,14.369988236855754,108.45433162662857,1,2017,710,31.419806,3174.5908024162054,2515.3602785260928,0.5643846890686863,34,train,89,"{""type"":""MultiPoint"",""coordinates"":[]}"
000000000000000007f0_0,1,KBang,755,1,0,1,14.37753749493924,108.45271743204722,1,2016,773,33.595394,3174.5908024162054,2515.3602785260928,0.23104845083014047,37,train,89,"{""type"":""MultiPoint"",""coordinates"":[]}"
000000000000000006b0_0,1,KBang,645,1,1,0,14.241708817750226,108.48640148140495,1,2022,646,1.8543341,3116.021737858653,2587.275775269555,0.34086681650810513,1,train,90,"{""type"":""MultiPoint"",""coordinates"":[]}"
0000000000000000088b_0,1,KBang,676,1,0,0,14.235510667285936,108.55701134658626,0,0,676,0.92740995,2988.904823511839,2527.354326276477,0.5416891389092479,1,train,90,"{""type"":""MultiPoint"",""coordinates"":[]}"
00000000000000000b2a_0,1,KBang,931,1,0,1,14.384542742694203,108.42172667972578,1,2016,931,5.628544,3307.1987401247025,2646.067406310553,0.6570329500978609,1,train,90,"{""type"":""MultiPoint"",""coordinates"":[]}"
0000000000000000075b_0,1,KBang,744,1,0,1,14.322828784114515,108.50688659164447,1,2017,739,10.148754,3361.179399266839,2766.2203726602984,0.4607599631311028,2,train,90,"{""type"":""MultiPoint"",""coordinates"":[]}"
00000000000000000a16_0,1,KBang,679,1,0,1,14.250065173124383,108.59285360085386,1,2018,682,5.8642917,3002.574410483241,2569.066161002828,0.2456278313726875,2,train,90,"{""type"":""MultiPoint"",""coordinates"":[]}"
00000000000000000780_0,1,KBang,754,1,0,0,14.3354926311063,108.50931234261755,0,0,753,7.3788605,3361.179399266839,2766.2203726602984,0.29999246493759457,3,train,90,"{""type"":""MultiPoint"",""coordinates"":[]}"
00000000000000000a7d_0,1,KBang,541,1,1,0,14.195356462299653,108.50688659164447,1,2019,540,1.3322474,2927.8332602009177,2497.137565198986,0.2371226354834577,3,train,90,"{""type"":""MultiPoint"",""coordinates"":[]}"
00000000000000000b52_0,1,KBang,748,1,0,1,14.284560778873843,108.62249770465718,1,2016,751,5.004209,2920.2753743231297,2494.9070353260336,0.13745706917608447,3,train,90,"{""type"":""MultiPoint"",""coordinates"":[]}"
000000000000000007f4_0,1,KBang,706,1,1,0,14.26003572307989,108.6039032532643,1,2021,706,6.731608,2920.2753743231297,2494.9070353260336,0.2867230015246829,4,train,90,"{""type"":""MultiPoint"",""coordinates"":[]}"
00000000000000000bd6_0,1,KBang,883,1,0,0,14.347888932034882,108.4944902907159,0,0,880,3.825799,3410.552547223866,2766.438409104254,0.009031805464210674,5,train,90,"{""type"":""MultiPoint"",""coordinates"":[]}"
00000000000000000c03_0,1,KBang,1195,1,0,1,14.508510211081054,108.39288967321313,1,2017,1195,4.725048,3205.2258018553257,2562.2362008570512,0.09129472177602771,5,train,90,"{""type"":""MultiPoint"",""coordinates"":[]}"
000000000000000008fb_0,1,KBang,756,1,0,0,14.286446978619448,108.62223015859396,0,0,759,6.5341277,2920.2753743231297,2494.9070353260336,0.5100111348838199,6,train,90,"{""type"":""MultiPoint"",""coordinates"":[]}"
00000000000000000bd8_0,1,KBang,732,1,0,1,14.181881058916142,108.46861858640382,1,2017,732,5.8641057,3179.5106303691864,2674.3027243573615,0.49113948613418745,6,train,90,"{""type"":""MultiPoint"",""coordinates"":[]}"
000000000000000008c4_0,1,KBang,1137,1,0,1,14.489376208460714,108.41687517777962,1,2017,1140,13.12306,3082.7387473136187,2420.537351960532,0.5156774600321279,7,train,90,"{""type"":""MultiPoint"",""coordinates"":[]}"
0000000000000000092d_0,1,KBang,1106,1,0,1,14.510128864763454,108.44570772519121,1,2018,1108,14.664433,2982.197799295187,2381.099704130859,0.2680589364149816,7,train,90,"{""type"":""MultiPoint"",""coordinates"":[]}"
00000000000000000b12_0,1,KBang,774,1,0,1,14.232817370249654,108.45055922713735,1,2008,771,7.3397694,3116.021737858653,2587.275775269555,0.5798818682205527,7,train,90,"{""type"":""MultiPoint"",""coordinates"":[]}"
00000000000000000be7_0,1,KBang,691,1,0,0,14.225272571267224,108.57883864624287,0,0,691,6.464861,2988.904823511839,2527.354326276477,0.26747441039845754,7,train,90,"{""type"":""MultiPoint"",""coordinates"":[]}"
00000000000000000789_0,1,KBang,1155,1,0,0,14.491262408206323,108.39261766804887,0,0,1155,8.015404,3139.124945908785,2478.474790363861,0.3728495602852203,8,train,90,"{""type"":""MultiPoint"",""coordinates"":[]}"
000000000000000009eb_0,1,KBang,706,1,1,0,14.20398036373702,108.51146608842637,1,2019,711,7.6174836,3132.6109425723553,2663.5936415282367,0.0873270916982064,8,train,90,"{""type"":""MultiPoint"",""coordinates"":[]}"
00000000000000000a36_0,1,KBang,729,1,0,1,14.210985611491983,108.50796123499835,1,2018,734,9.293762,3132.6109425723553,2663.5936415282367,0.7954989443788084,8,train,90,"{""type"":""MultiPoint"",""coordinates"":[]}"
00000000000000000c14_0,1,KBang,688,1,0,1,14.19724266204526,108.51631759037252,1,2012,689,3.7047918,2927.8332602009177,2497.137565198986,0.6087745388114246,8,train,90,"{""type"":""MultiPoint"",""coordinates"":[]}"
000000000000000007ae_0,1,KBang,775,1,1,0,14.311507126539812,108.57075429603299,1,2019,773,3.9920514,3139.498244166374,2607.9216171444064,0.5062294359496914,9,train,90,"{""type"":""MultiPoint"",""coordinates"":[]}"
0000000000000000089d_0,1,KBang,977,1,1,0,14.188618760607898,108.45244542688296,1,2022,980,11.408564,3179.5106303691864,2674.3027243573615,0.010997649620814731,9,train,90,"{""type"":""MultiPoint"",""coordinates"":[]}"
00000000000000000b04_0,1,KBang,839,1,0,1,14.195628467463917,108.46403463052086,1,2017,846,17.687653,3179.5106303691864,2674.3027243573615,0.012834761494631697,9,train,90,"{""type"":""MultiPoint"",""coordinates"":[]}"
00000000000000000b68_0,1,KBang,803,1,0,1,14.324982529923327,108.48748058385989,1,2017,812,15.199851,3410.552547223866,2766.438409104254,0.5966681409707814,9,train,90,"{""type"":""MultiPoint"",""coordinates"":[]}"
00000000000000000bb6_0,1,KBang,704,1,0,1,14.242248368977695,108.55296694193078,1,2011,709,8.642252,2988.904823511839,2527.354326276477,0.7337152575666643,9,train,90,"{""type"":""MultiPoint"",""coordinates"":[]}"
00000000000000000784_0,1,KBang,870,1,1,0,14.416073046243119,108.5545855956132,1,2022,870,14.503162,3010.9200901687145,2435.0759028388934,0.7936929954715235,10,train,90,"{""type"":""MultiPoint"",""coordinates"":[]}"
000000000000000007a9_0,1,KBang,755,1,0,1,14.333338885297481,108.58881365529945,1,2018,750,11.3550825,3139.498244166374,2607.9216171444064,0.6680103412063297,10,train,90,"{""type"":""MultiPoint"",""coordinates"":[]}"
000000000000000007df_0,1,KBang,757,1,0,0,14.306927629757924,108.58908120136265,0,0,763,15.86411,3139.498244166374,2607.9216171444064,0.40721090509398783,10,train,90,"{""type"":""MultiPoint"",""coordinates"":[]}"
00000000000000000802_0,1,KBang,1045,1,1,0,14.451915300510718,108.44921257861921,1,2022,1045,9.53461,3082.7387473136187,2420.537351960532,0.07869205945015023,10,train,90,"{""type"":""MultiPoint"",""coordinates"":[]}"
0000000000000000087b_0,1,KBang,746,1,0,1,14.25249092409746,108.52305529206429,1,2016,746,10.449756,3283.608837634325,2704.4453318488963,0.27325009743780304,10,train,90,"{""type"":""MultiPoint"",""coordinates"":[]}"
00000000000000000982_0,1,KBang,1039,1,0,1,14.495034807697541,108.47427718564062,1,2016,1032,15.627695,3062.020653218031,2418.2485376937757,0.5998844939019315,10,train,90,"{""type"":""MultiPoint"",""coordinates"":[]}"
00000000000000000a13_0,1,KBang,688,1,1,0,14.201287066700738,108.51469893669012,1,2020,697,12.540744,3132.6109425723553,2663.5936415282367,0.6061983595378025,10,train,90,"{""type"":""MultiPoint"",""coordinates"":[]}"
00000000000000000aa9_0,1,KBang,780,1,0,1,14.14064775147493,108.46376708445766,1,2017,764,25.476814,3364.3139811381698,2879.1407314955827,0.49057326059681405,10,train,90,"{""type"":""MultiPoint"",""coordinates"":[]}"
00000000000000000b9b_0,1,KBang,1021,1,0,1,14.408256242096424,108.44570772519121,1,2016,1021,12.902729,3056.5912619680166,2430.7695342178336,0.5699215818922524,10,train,90,"{""type"":""MultiPoint"",""coordinates"":[]}"
0000000000000000067d_0,1,KBang,728,1,1,0,14.213143816401852,108.42765282502579,1,2021,721,16.821104,3484.5955844521523,2837.824403122823,0.5529905325428607,11,train,90,"{""type"":""MultiPoint"",""coordinates"":[]}"
000000000000000006a6_0,1,KBang,1013,1,0,0,14.462425401693691,108.46753948394887,0,0,1013,11.228117,3062.020653218031,2418.2485376937757,0.5939480599725756,11,train,90,"{""type"":""MultiPoint"",""coordinates"":[]}"
00000000000000000852_0,1,KBang,953,1,0,1,14.38211699172113,108.40178112071371,1,2017,953,11.150498,3307.1987401247025,2646.067406310553,0.7853002806231824,11,train,90,"{""type"":""MultiPoint"",""coordinates"":[]}"
00000000000000000867_0,1,KBang,1107,1,0,1,14.504737811589836,108.44058867718184,1,2010,1115,18.676983,2982.197799295187,2381.099704130859,0.6969709611102024,11,train,90,"{""type"":""MultiPoint"",""coordinates"":[]}"
00000000000000000a55_0,1,KBang,661,1,0,1,14.222574815129887,108.58638790432636,1,2016,660,13.378221,2988.904823511839,2527.354326276477,0.15840348036903873,11,train,90,"{""type"":""MultiPoint"",""coordinates"":[]}"
00000000000000000c63_0,1,KBang,638,1,0,0,14.196703110817795,108.4947578367791,0,0,632,11.853053,3179.5106303691864,2674.3027243573615,0.12288669887969605,11,train,90,"{""type"":""MultiPoint"",""coordinates"":[]}"
000000000000000007fa_0,1,KBang,835,1,0,0,14.389661790703556,108.62492345563025,0,0,840,9.301575,2952.925736054778,2405.8077794335663,0.18965255372498568,12,train,90,"{""type"":""MultiPoint"",""coordinates"":[]}"
00000000000000000a44_0,1,KBang,650,1,0,1,14.23982261800462,108.48882723237801,0,2016,662,11.547975,3116.021737858653,2587.275775269555,0.6758700197141716,12,train,90,"{""type"":""MultiPoint"",""coordinates"":[]}"
00000000000000000a9c_0,1,KBang,712,1,0,1,14.205599017419416,108.4160636213879,1,2016,704,7.062604,3484.5955844521523,2837.824403122823,0.12468150372231768,12,train,90,"{""type"":""MultiPoint"",""coordinates"":[]}"
00000000000000000c4c_0,1,KBang,1160,1,0,0,14.478326556050273,108.39477587295875,0,0,1160,12.462571,3139.124945908785,2478.474790363861,0.7880212739841842,12,train,90,"{""type"":""MultiPoint"",""coordinates"":[]}"
00000000000000000917_0,1,KBang,781,1,1,0,14.185925463571618,108.4931391830967,1,2022,789,16.470528,3179.5106303691864,2674.3027243573615,0.6589010190759218,13,train,90,"{""type"":""MultiPoint"",""coordinates"":[]}"
00000000000000000976_0,1,KBang,609,1,0,1,14.307734727048599,108.48829214025162,1,2017,620,17.61012,3410.552547223866,2766.438409104254,0.023728985735911645,13,train,90,"{""type"":""MultiPoint"",""coordinates"":[]}"
00000000000000000baa_0,1,KBang,841,1,0,1,14.220421069321075,108.44975212984667,1,2012,841,12.541724,3484.5955844521523,2837.824403122823,0.4848630947563043,13,train,90,"{""type"":""MultiPoint"",""coordinates"":[]}"
00000000000000000887_0,1,KBang,701,1,0,0,14.367022934655214,108.45406408056536,0,0,704,20.62799,3174.5908024162054,2515.3602785260928,0.7100524090710018,14,train,90,"{""type"":""MultiPoint"",""coordinates"":[]}"
00000000000000000ab7_0,1,KBang,1169,1,0,0,14.503926255198106,108.39100347346752,0,0,1174,23.672047,3205.2258018553257,2562.2362008570512,0.7578646372302142,14,train,90,"{""type"":""MultiPoint"",""coordinates"":[]}"
00000000000000000b7d_0,1,KBang,863,1,0,1,14.309620926794205,108.4295390247714,1,2016,863,13.764314,3878.7206017300487,3091.2550926978347,0.7339512359417645,14,train,90,"{""type"":""MultiPoint"",""coordinates"":[]}"
0000000000000000095d_0,1,KBang,889,1,0,1,14.141459307866656,108.45298497811042,1,2018,884,11.150165,3364.3139811381698,2879.1407314955827,0.10800099086609427,15,train,90,"{""type"":""MultiPoint"",""coordinates"":[]}"
00000000000000000b72_0,1,KBang,762,1,1,0,14.278090623245289,108.61872530516597,1,2022,765,13.899381,2920.2753743231297,2494.9070353260336,0.7352554614762906,15,train,90,"{""type"":""MultiPoint"",""coordinates"":[]}"
00000000000000000bb8_0,1,KBang,1115,1,0,1,14.424429401617274,108.39073146830326,1,2014,1124,14.103202,3230.138293027878,2568.9875608114658,0.538469398008827,15,train,90,"{""type"":""MultiPoint"",""coordinates"":[]}"
00000000000000000c30_0,1,KBang,803,1,0,1,14.21368336762932,108.43035058116314,1,2016,800,19.995478,3484.5955844521523,2837.824403122823,0.7903760528876205,15,train,90,"{""type"":""MultiPoint"",""coordinates"":[]}"
000000000000000006f8_0,1,KBang,1153,1,1,0,14.502851611844232,108.4295390247714,1,2023,1148,11.187801,2982.197799295187,2381.099704130859,0.2191953294284118,16,train,90,"{""type"":""MultiPoint"",""coordinates"":[]}"
000000000000000007e0_0,1,KBang,911,1,0,0,14.452187305674979,108.54111019222968,0,0,911,15.888764,3223.115180581808,2551.5795426868085,0.5495476258813047,16,train,90,"{""type"":""MultiPoint"",""coordinates"":[]}"
00000000000000000920_0,1,KBang,857,1,0,1,14.415265948952447,108.60039839983628,1,2017,857,15.727009,3179.367648512125,2581.221545913855,0.48595234770110907,16,train,90,"{""type"":""MultiPoint"",""coordinates"":[]}"
00000000000000000923_0,1,KBang,757,1,0,1,14.255184221133735,108.4616088795478,1,2014,764,7.6655707,3299.3934005498886,2718.926994363391,0.7255073189455219,16,train,90,"{""type"":""MultiPoint"",""coordinates"":[]}"
00000000000000000ad6_0,1,KBang,786,1,1,0,14.232817370249654,108.45271743204721,1,2019,774,7.905305,3116.021737858653,2587.275775269555,0.1740357428825131,16,train,90,"{""type"":""MultiPoint"",""coordinates"":[]}"
00000000000000000af7_0,1,KBang,913,1,0,0,14.38966179070356,108.42064757727083,0,0,913,16.345919,3307.1987401247025,2646.067406310553,0.3670701218422061,16,train,90,"{""type"":""MultiPoint"",""coordinates"":[]}"
00000000000000000b3e_0,1,KBang,794,1,1,0,14.216648669829862,108.45029168107415,1,2019,794,15.937529,3116.021737858653,2587.275775269555,0.2440346547642307,16,train,90,"{""type"":""MultiPoint"",""coordinates"":[]}"
00000000000000000b4f_0,1,KBang,927,1,0,1,14.198321764500196,108.44624727641866,1,2018,927,15.5203,3298.5777985565364,2757.9068181550247,0.5914954493483571,16,train,90,"{""type"":""MultiPoint"",""coordinates"":[]}"
00000000000000000c7f_0,1,KBang,1076,1,0,1,14.198861315727664,108.44139577447253,1,2017,1076,15.871793,3298.5777985565364,2757.9068181550247,0.1779071268086292,16,train,90,"{""type"":""MultiPoint"",""coordinates"":[]}"
000000000000000006ea_0,1,KBang,770,1,1,0,14.22122816661175,108.45945513373897,1,2022,761,11.608077,3116.021737858653,2587.275775269555,0.39295602752618286,17,train,90,"{""type"":""MultiPoint"",""coordinates"":[]}"
0000000000000000078c_0,1,KBang,885,1,0,1,14.351665790627143,108.51631759037252,1,2017,889,17.774761,3057.4028005301952,2452.323266195249,0.6772037838042602,17,train,90,"{""type"":""MultiPoint"",""coordinates"":[]}"
000000000000000007c8_0,1,KBang,771,1,0,1,14.31070002924914,108.58342260212584,1,2016,771,17.190874,3139.498244166374,2607.9216171444064,0.10458118149657947,17,train,90,"{""type"":""MultiPoint"",""coordinates"":[]}"
0000000000000000093c_0,1,KBang,1029,1,0,1,14.444098496364028,108.45433162662856,1,2017,1036,10.942009,3026.558855623007,2396.239654855617,0.3652762641368892,17,train,90,"{""type"":""MultiPoint"",""coordinates"":[]}"
00000000000000000a43_0,1,KBang,1008,1,0,0,14.407449144805756,108.44436107667306,0,0,1003,11.150534,3056.5912619680166,2430.7695342178336,0.6261042276330656,17,train,90,"{""type"":""MultiPoint"",""coordinates"":[]}"
00000000000000000a98_0,1,KBang,989,1,0,0,14.19427735984472,108.45055922713735,0,0,985,22.408493,3179.5106303691864,2674.3027243573615,0.5999470369893564,17,train,90,"{""type"":""MultiPoint"",""coordinates"":[]}"
00000000000000000702_0,1,KBang,769,1,0,1,14.224461014875498,108.43196477574448,1,2017,765,16.926828,3484.5955844521523,2837.824403122823,0.1826944731752782,18,train,90,"{""type"":""MultiPoint"",""coordinates"":[]}"
000000000000000007c4_0,1,KBang,908,1,0,1,14.19481691107219,108.46160887954778,1,2016,885,29.032051,3179.5106303691864,2674.3027243573615,0.2317910797011855,19,train,90,"{""type"":""MultiPoint"",""coordinates"":[]}"
00000000000000000828_0,1,KBang,921,1,1,0,14.37106733931069,108.32335891048676,1,2019,921,18.963737,3714.876072347164,2911.4369120395304,0.5155273876813832,19,train,90,"{""type"":""MultiPoint"",""coordinates"":[]}"
00000000000000000a5b_0,1,KBang,819,1,0,1,14.141998859094125,108.45541072908351,1,2018,810,21.868294,3364.3139811381698,2879.1407314955827,0.31112523110663326,19,train,90,"{""type"":""MultiPoint"",""coordinates"":[]}"
0000000000000000089f_0,1,KBang,921,1,0,0,14.412840197979369,108.5306000910467,0,0,915,20.41847,3022.832878291607,2439.8191594331984,0.22543630388508884,20,train,90,"{""type"":""MultiPoint"",""coordinates"":[]}"
00000000000000000a62_0,1,KBang,1021,1,0,1,14.196703110817795,108.44813347616429,1,2017,1011,17.11991,3298.5777985565364,2757.9068181550247,0.43097674643016115,20,train,90,"{""type"":""MultiPoint"",""coordinates"":[]}"
00000000000000000aab_0,1,KBang,651,1,0,1,14.218262864411209,108.61603200812968,1,2016,652,22.032898,2921.3837886452675,2499.82747799868,0.34708108150906314,20,train,90,"{""type"":""MultiPoint"",""coordinates"":[]}"
00000000000000000afa_0,1,KBang,677,1,0,0,14.228233414366706,108.49718358775219,0,0,686,11.332009,3116.021737858653,2587.275775269555,0.06373626603997862,20,train,90,"{""type"":""MultiPoint"",""coordinates"":[]}"
00000000000000000b31_0,1,KBang,1014,1,0,1,14.38049833803873,108.40555352020492,1,2016,1014,20.092615,3307.1987401247025,2646.067406310553,0.34001036827849684,20,train,90,"{""type"":""MultiPoint"",""coordinates"":[]}"
000000000000000008c8_0,1,KBang,737,1,0,1,14.275936877436479,108.43169722968126,1,2018,742,29.030664,3954.77065885067,3193.707802749039,0.7715939673405257,21,train,90,"{""type"":""MultiPoint"",""coordinates"":[]}"
000000000000000008c7_0,1,KBang,776,1,0,1,14.219881518093606,108.43115767845381,1,2016,776,22.840328,3484.5955844521523,2837.824403122823,0.10785248450077034,23,train,90,"{""type"":""MultiPoint"",""coordinates"":[]}"
00000000000000000aeb_0,1,KBang,1029,1,1,0,14.397746140913455,108.40555352020492,1,2019,1029,22.81306,3307.1987401247025,2646.067406310553,0.3293248537172737,23,train,90,"{""type"":""MultiPoint"",""coordinates"":[]}"
000000000000000008e2_0,1,KBang,1028,1,0,0,14.35139378546289,108.31985405705875,0,0,1028,23.670027,3714.876072347164,2911.4369120395304,0.18177477749037585,24,train,90,"{""type"":""MultiPoint"",""coordinates"":[]}"
0000000000000000091a_0,1,KBang,835,1,1,0,14.142805956384798,108.4667323866582,1,2020,819,24.90039,3364.3139811381698,2879.1407314955827,0.73982268559424,24,train,90,"{""type"":""MultiPoint"",""coordinates"":[]}"
00000000000000000bcc_0,1,KBang,1013,1,0,0,14.408795793323893,108.42684572773511,0,0,1028,21.579199,3056.5912619680166,2430.7695342178336,0.698576317850936,24,train,90,"{""type"":""MultiPoint"",""coordinates"":[]}"
00000000000000000938_0,1,KBang,1169,1,0,0,14.501232958161832,108.41283077312416,0,0,1175,20.860159,2982.197799295187,2381.099704130859,0.17175109019232038,25,train,90,"{""type"":""MultiPoint"",""coordinates"":[]}"
000000000000000009c5_0,1,KBang,840,1,1,0,14.241441271687018,108.47211898073077,1,2019,829,9.52511,3116.021737858653,2587.275775269555,0.29435578156289055,25,train,90,"{""type"":""MultiPoint"",""coordinates"":[]}"
000000000000000009f3_0,1,KBang,1029,1,0,0,14.35139378546289,108.32012606222301,0,0,1029,25.08457,3714.876072347164,2911.4369120395304,0.749888063589364,25,train,90,"{""type"":""MultiPoint"",""coordinates"":[]}"
0000000000000000081e_0,1,KBang,890,1,0,0,14.283481676418907,108.42226177185218,0,0,890,26.026442,3954.77065885067,3193.707802749039,0.5183319842965489,26,train,90,"{""type"":""MultiPoint"",""coordinates"":[]}"
00000000000000000931_0,1,KBang,938,1,0,1,14.34384898648046,108.53410494447472,1,2012,954,23.212523,3361.179399266839,2766.2203726602984,0.537006299591311,27,train,90,"{""type"":""MultiPoint"",""coordinates"":[]}"
00000000000000000a4c_0,1,KBang,1033,1,1,0,14.29830372832056,108.32443801294168,1,2019,1033,27.043518,3418.0222388617694,2701.695657495224,0.43081202783940775,27,train,90,"{""type"":""MultiPoint"",""coordinates"":[]}"
00000000000000000af8_0,1,KBang,852,1,0,1,14.195356462299653,108.46376708445767,1,2017,861,31.69397,3179.5106303691864,2674.3027243573615,0.37084766416087456,27,train,90,"{""type"":""MultiPoint"",""coordinates"":[]}"
00000000000000000960_0,1,KBang,760,1,1,0,14.247906968214519,108.44274688209173,1,2024,742,26.627274,3484.5955844521523,2837.824403122823,0.31029083708459215,29,train,90,"{""type"":""MultiPoint"",""coordinates"":[]}"
00000000000000000c58_0,1,KBang,702,1,0,1,14.260575274307355,108.45244542688296,1,2016,697,32.81839,3299.3934005498886,2718.926994363391,0.04195958331208027,30,train,90,"{""type"":""MultiPoint"",""coordinates"":[]}"
0000000000000000086a_0,1,KBang,1076,1,0,1,14.36810203711015,108.4195684748159,1,2017,1068,30.393236,3307.1987401247025,2646.067406310553,0.12864894130975535,33,train,90,"{""type"":""MultiPoint"",""coordinates"":[]}"
00000000000000000bf0_0,1,KBang,846,1,1,0,14.209910968138102,108.44867302739175,1,2019,846,34.28341,3484.5955844521523,2837.824403122823,0.5082641404338001,34,train,90,"{""type"":""MultiPoint"",""coordinates"":[]}"
00000000000000000a80_0,1,KBang,840,1,0,0,14.36864158833762,108.44651928158292,0,0,869,35.330593,3307.1987401247025,2646.067406310553,0.2863569168582413,36,train,90,"{""type"":""MultiPoint"",""coordinates"":[]}"
00000000000000000752_0,1,KBang,1060,1,0,1,14.4268506934893,108.42361287947138,1,2017,1060,2.0866902,3056.5912619680166,2430.7695342178336,0.14500549879837366,2,train,91,"{""type"":""MultiPoint"",""coordinates"":[]}"
00000000000000000a52_0,1,KBang,754,1,0,1,14.332531788006808,108.50850078622584,1,2014,754,0.0,3361.179399266839,2766.2203726602984,0.6129679339215028,2,train,91,"{""type"":""MultiPoint"",""coordinates"":[]}"
000000000000000006f3_0,1,KBang,742,1,0,1,14.24548121724144,108.53518404692966,1,2016,744,6.237021,3132.6109425723553,2663.5936415282367,0.1737044087940054,6,train,91,"{""type"":""MultiPoint"",""coordinates"":[]}"
00000000000000000952_0,1,KBang,760,1,0,0,14.3387299384711,108.50041643601593,0,0,759,3.414868,3361.179399266839,2766.2203726602984,0.15257319395249958,6,train,91,"{""type"":""MultiPoint"",""coordinates"":[]}"
00000000000000000788_0,1,KBang,1061,1,0,0,14.376725938547512,108.42172667972578,0,0,1057,9.38567,3307.1987401247025,2646.067406310553,0.39274204445270156,8,train,91,"{""type"":""MultiPoint"",""coordinates"":[]}"
000000000000000007be_0,1,KBang,911,1,0,1,14.352200882753557,108.51119854236318,1,2016,911,10.454256,3057.4028005301952,2452.323266195249,0.17067312463416862,10,train,91,"{""type"":""MultiPoint"",""coordinates"":[]}"
00000000000000000ba6_0,1,KBang,730,1,0,1,14.19293071132658,108.47427718564062,1,2017,730,11.020489,3179.5106303691864,2674.3027243573615,0.17438932863146916,11,train,91,"{""type"":""MultiPoint"",""coordinates"":[]}"
00000000000000000a5e_0,1,KBang,625,1,0,0,14.285635422227722,108.48882723237801,0,0,630,8.012839,3299.3934005498886,2718.926994363391,0.3835711372215461,12,train,91,"{""type"":""MultiPoint"",""coordinates"":[]}"
00000000000000000697_0,1,KBang,1217,1,0,0,14.531149067129395,108.43088567328955,0,0,1214,11.230071,2982.197799295187,2381.099704130859,0.7327528579332693,13,train,91,"{""type"":""MultiPoint"",""coordinates"":[]}"
00000000000000000991_0,1,KBang,948,1,1,0,14.392359546840893,108.40851882240547,1,2022,951,5.317042,3307.1987401247025,2646.067406310553,0.506522646658162,13,train,91,"{""type"":""MultiPoint"",""coordinates"":[]}"
0000000000000000075d_0,1,KBang,735,1,1,0,14.319595935850762,108.448945032556,1,2020,735,13.919048,3878.7206017300487,3091.2550926978347,0.56930465004244,14,train,91,"{""type"":""MultiPoint"",""coordinates"":[]}"
0000000000000000079c_0,1,KBang,761,1,0,1,14.234164018767792,108.45433162662857,1,2010,754,17.423965,3116.021737858653,2587.275775269555,0.3935082095107896,16,train,91,"{""type"":""MultiPoint"",""coordinates"":[]}"
00000000000000000704_0,1,KBang,1146,1,0,1,14.496653461379937,108.39423632173127,1,2016,1146,16.772642,3139.124945908785,2478.474790363861,0.030531734894798213,17,train,91,"{""type"":""MultiPoint"",""coordinates"":[]}"
00000000000000000922_0,1,KBang,724,1,1,0,14.365948291301335,108.45271743204722,1,2022,736,22.956667,3174.5908024162054,2515.3602785260928,0.3200184216487355,17,train,91,"{""type"":""MultiPoint"",""coordinates"":[]}"
00000000000000000a4d_0,1,KBang,1011,1,0,1,14.196975115982058,108.44840548132855,1,2017,1002,13.771831,3298.5777985565364,2757.9068181550247,0.30248382019740916,17,train,91,"{""type"":""MultiPoint"",""coordinates"":[]}"
00000000000000000b10_0,1,KBang,1171,1,0,0,14.50096541209862,108.3802213671203,0,0,1176,9.252697,3205.2258018553257,2562.2362008570512,0.5297801234354894,17,train,91,"{""type"":""MultiPoint"",""coordinates"":[]}"
000000000000000006ee_0,1,KBang,612,1,0,1,14.250332719187591,108.51146608842637,1,2016,611,5.3153176,3283.608837634325,2704.4453318488963,0.4071149629844917,19,train,91,"{""type"":""MultiPoint"",""coordinates"":[]}"
0000000000000000095f_0,1,KBang,983,1,0,0,14.37888414345738,108.31850740854061,0,0,974,15.756135,3714.876072347164,2911.4369120395304,0.5009501106550077,24,train,91,"{""type"":""MultiPoint"",""coordinates"":[]}"
00000000000000000a4e_0,1,KBang,735,1,0,1,14.365408740073867,108.45244542688296,1,2017,749,21.853065,3174.5908024162054,2515.3602785260928,0.7230708260983107,25,train,91,"{""type"":""MultiPoint"",""coordinates"":[]}"
00000000000000000bbc_0,1,KBang,910,1,0,1,14.220421069321077,108.44166777963679,1,2017,910,25.050068,3484.5955844521523,2837.824403122823,0.14164942018203386,25,train,91,"{""type"":""MultiPoint"",""coordinates"":[]}"
00000000000000000a20_0,1,KBang,753,1,1,0,14.237129320968336,108.45487117785603,1,2020,751,3.8256817,3116.021737858653,2587.275775269555,0.27939613815231634,1,train,92,"{""type"":""MultiPoint"",""coordinates"":[]}"
0000000000000000085c_0,1,KBang,994,1,1,0,14.482098955541492,108.49421828555164,1,2023,994,3.416414,3062.020653218031,2418.2485376937757,0.10994429267049244,3,train,92,"{""type"":""MultiPoint"",""coordinates"":[]}"
00000000000000000be5_0,1,KBang,629,1,0,0,14.241441271687018,108.58396215335328,0,0,628,2.1257274,2988.904823511839,2527.354326276477,0.058129728577734574,5,train,92,"{""type"":""MultiPoint"",""coordinates"":[]}"
00000000000000000aa8_0,1,KBang,677,1,0,0,14.255456226298,108.6157600029654,0,0,677,5.991245,2920.2753743231297,2494.9070353260336,0.32539322160133344,7,train,92,"{""type"":""MultiPoint"",""coordinates"":[]}"
00000000000000000849_0,1,KBang,686,1,0,0,14.176222459679321,108.48478728682359,0,0,686,10.446344,3179.5106303691864,2674.3027243573615,0.6625503118520443,8,train,92,"{""type"":""MultiPoint"",""coordinates"":[]}"
00000000000000000959_0,1,KBang,730,1,0,1,14.270278278199651,108.47535628809555,1,2017,730,7.617621,3299.3934005498886,2718.926994363391,0.3270949859174299,8,train,92,"{""type"":""MultiPoint"",""coordinates"":[]}"
0000000000000000098f_0,1,KBang,1015,1,1,0,14.412840197979369,108.40555352020492,1,2019,1020,10.269222,3056.5912619680166,2430.7695342178336,0.21631473238414733,8,train,92,"{""type"":""MultiPoint"",""coordinates"":[]}"
000000000000000006b7_0,1,KBang,654,1,1,0,14.241980822914485,108.48721303779668,1,2022,647,5.1178646,3116.021737858653,2587.275775269555,0.4489837727311392,10,train,92,"{""type"":""MultiPoint"",""coordinates"":[]}"
00000000000000000838_0,1,KBang,645,1,1,0,14.240901720459552,108.48640148140494,1,2022,649,2.1257231,3116.021737858653,2587.275775269555,0.00165069047526345,10,train,92,"{""type"":""MultiPoint"",""coordinates"":[]}"
00000000000000000b95_0,1,KBang,843,1,0,0,14.35355199037275,108.53410494447472,0,0,846,8.291507,3057.4028005301952,2452.323266195249,0.2076858272727008,10,train,92,"{""type"":""MultiPoint"",""coordinates"":[]}"
00000000000000000bbf_0,1,KBang,815,1,1,0,14.243055466268366,108.44894503255601,1,2022,815,9.8965435,3484.5955844521523,2837.824403122823,0.30280353670928906,10,train,92,"{""type"":""MultiPoint"",""coordinates"":[]}"
00000000000000000a41_0,1,KBang,1023,1,0,0,14.499614304479428,108.47804958513184,0,0,1023,13.431089,3062.020653218031,2418.2485376937757,0.08923292793659132,13,train,92,"{""type"":""MultiPoint"",""coordinates"":[]}"
0000000000000000065a_0,1,KBang,618,1,0,1,14.119087997881515,108.55269939586758,1,2018,622,12.023133,2848.0301147326827,2458.056594692424,0.3384491809337803,16,train,92,"{""type"":""MultiPoint"",""coordinates"":[]}"
00000000000000000b65_0,1,KBang,933,1,0,1,14.391280444385961,108.42711327379833,1,2012,936,10.664861,3307.1987401247025,2646.067406310553,0.019051710415949774,16,train,92,"{""type"":""MultiPoint"",""coordinates"":[]}"
000000000000000008a0_0,1,KBang,975,1,0,1,14.4123006467519,108.47077233221262,1,2017,972,10.66549,3026.558855623007,2396.239654855617,0.3668281924775205,19,train,92,"{""type"":""MultiPoint"",""coordinates"":[]}"
00000000000000000928_0,1,KBang,733,1,0,0,14.304234332721645,108.4624204359395,0,0,745,28.279343,3410.552547223866,2766.438409104254,0.6859792407831014,20,train,92,"{""type"":""MultiPoint"",""coordinates"":[]}"
00000000000000000a70_0,1,KBang,670,1,0,0,14.238475969486476,108.49772313897964,0,0,680,21.613876,3116.021737858653,2587.275775269555,0.31866638194595753,27,train,92,"{""type"":""MultiPoint"",""coordinates"":[]}"
00000000000000000655_0,1,KBang,726,1,0,1,14.25060472435185,108.47858913635932,1,2018,726,4.680553,3299.3934005498886,2718.926994363391,0.25548490251244493,2,train,94,"{""type"":""MultiPoint"",""coordinates"":[]}"
00000000000000000907_0,1,KBang,1112,1,1,0,14.524139360273379,108.43789538014558,1,2023,1112,2.6650708,2982.197799295187,2381.099704130859,0.5603823779022563,3,train,94,"{""type"":""MultiPoint"",""coordinates"":[]}"
000000000000000006ad_0,1,KBang,968,1,0,0,14.412568192815112,108.45029168107415,0,0,968,5.80026,3026.558855623007,2396.239654855617,0.6710374212636756,4,train,94,"{""type"":""MultiPoint"",""coordinates"":[]}"
0000000000000000084d_0,1,KBang,661,1,0,0,14.270813370326069,108.59258605479064,0,0,661,3.9326627,3002.574410483241,2569.066161002828,0.7242392925634987,4,train,94,"{""type"":""MultiPoint"",""coordinates"":[]}"
00000000000000000888_0,1,KBang,773,1,0,0,14.241708817750226,108.44678682764615,0,0,775,3.8256867,3484.5955844521523,2837.824403122823,0.4868190545778651,4,train,94,"{""type"":""MultiPoint"",""coordinates"":[]}"
00000000000000000bfa_0,1,KBang,1017,1,0,0,14.412028641587646,108.4052859741417,0,0,1015,5.800246,3056.5912619680166,2430.7695342178336,0.5923602085482993,4,train,94,"{""type"":""MultiPoint"",""coordinates"":[]}"
00000000000000000864_0,1,KBang,581,1,1,0,14.271085375490328,108.4408606823461,1,2020,581,5.4378824,3954.77065885067,3193.707802749039,0.126330932953431,5,train,94,"{""type"":""MultiPoint"",""coordinates"":[]}"
000000000000000008ce_0,1,KBang,976,1,0,1,14.417152148698055,108.4419353257,1,2018,976,5.317344,3056.5912619680166,2430.7695342178336,0.6486797508599726,5,train,94,"{""type"":""MultiPoint"",""coordinates"":[]}"
000000000000000007b0_0,1,KBang,655,1,0,0,14.220688615384281,108.6065965503006,0,0,652,2.0862875,2921.3837886452675,2499.82747799868,0.7465006068020857,6,train,94,"{""type"":""MultiPoint"",""coordinates"":[]}"
000000000000000009a4_0,1,KBang,880,1,1,0,14.350586688172218,108.4950253828423,1,2022,881,2.7802885,3174.5908024162054,2515.3602785260928,0.6807858381775848,7,train,94,"{""type"":""MultiPoint"",""coordinates"":[]}"
00000000000000000c38_0,1,KBang,948,1,0,1,14.479945209732676,108.50122353330661,1,2018,948,6.5342474,3223.115180581808,2551.5795426868085,0.2084372472446182,7,train,94,"{""type"":""MultiPoint"",""coordinates"":[]}"
00000000000000000958_0,1,KBang,837,1,0,1,14.364062091555727,108.55215984464012,1,2016,839,12.672207,3001.057534530759,2400.0190920016626,0.7290661587413626,9,train,94,"{""type"":""MultiPoint"",""coordinates"":[]}"
00000000000000000c0f_0,1,KBang,706,1,1,0,14.201015061536479,108.51362429333624,1,2020,706,8.758222,3132.6109425723553,2663.5936415282367,0.5333541786947343,9,train,94,"{""type"":""MultiPoint"",""coordinates"":[]}"
00000000000000000670_0,1,KBang,1006,1,1,0,14.411493549461234,108.40663262265987,1,2022,1011,3.9929688,3056.5912619680166,2430.7695342178336,0.13551096164888277,11,train,94,"{""type"":""MultiPoint"",""coordinates"":[]}"
000000000000000007d3_0,1,KBang,882,1,0,0,14.275664872272218,108.42522707405271,0,0,886,7.4393053,3954.77065885067,3193.707802749039,0.6337382800887408,12,train,94,"{""type"":""MultiPoint"",""coordinates"":[]}"
00000000000000000b80_0,1,KBang,670,1,1,0,14.206406114710095,108.49718358775219,1,2021,686,35.423225,3116.021737858653,2587.275775269555,0.7734165880740521,12,train,94,"{""type"":""MultiPoint"",""coordinates"":[]}"
0000000000000000097d_0,1,KBang,966,1,1,0,14.382924089011805,108.41363787041482,1,2020,966,12.9712,3307.1987401247025,2646.067406310553,0.6813800186476476,13,train,94,"{""type"":""MultiPoint"",""coordinates"":[]}"
00000000000000000b4d_0,1,KBang,663,1,0,0,14.19616355959033,108.49583693923404,0,0,658,12.756564,3179.5106303691864,2674.3027243573615,0.3094004280924655,13,train,94,"{""type"":""MultiPoint"",""coordinates"":[]}"
000000000000000006d8_0,1,KBang,626,1,1,0,14.258956620624955,108.50957988868076,0,2024,630,6.534111,3283.608837634325,2704.4453318488963,0.422728472707674,14,train,94,"{""type"":""MultiPoint"",""coordinates"":[]}"
0000000000000000075f_0,1,KBang,965,1,1,0,14.2815954766733,108.41848937236097,1,2019,964,11.150358,3954.77065885067,3193.707802749039,0.21880568545373147,14,train,94,"{""type"":""MultiPoint"",""coordinates"":[]}"
00000000000000000aef_0,1,KBang,576,1,0,1,14.154934711250169,108.49206453974283,1,2016,576,14.304758,3179.5106303691864,2674.3027243573615,0.04673007439460308,14,train,94,"{""type"":""MultiPoint"",""coordinates"":[]}"
00000000000000000721_0,1,KBang,635,1,0,1,14.194009813781514,108.48424773559613,1,2018,632,1.9126865,3179.5106303691864,2674.3027243573615,0.3330356821420103,16,train,94,"{""type"":""MultiPoint"",""coordinates"":[]}"
000000000000000008d1_0,1,KBang,917,1,1,0,14.38346364023927,108.41498897803402,1,2019,927,23.216019,3307.1987401247025,2646.067406310553,0.2839915708394296,16,train,94,"{""type"":""MultiPoint"",""coordinates"":[]}"
00000000000000000a2f_0,1,KBang,617,1,1,0,14.287526081074384,108.44112822840931,1,2020,608,15.521062,3954.77065885067,3193.707802749039,0.32223835183317395,16,train,94,"{""type"":""MultiPoint"",""coordinates"":[]}"
00000000000000000c2d_0,1,KBang,847,1,0,1,14.364329637618932,108.43843493137302,1,2018,847,15.607472,3307.1987401247025,2646.067406310553,0.2699765677426049,16,train,94,"{""type"":""MultiPoint"",""coordinates"":[]}"
000000000000000008fe_0,1,KBang,550,1,0,1,14.191044511580973,108.52467394574668,1,2016,538,19.493484,2927.8332602009177,2497.137565198986,0.7720259861603637,17,train,94,"{""type"":""MultiPoint"",""coordinates"":[]}"
00000000000000000b66_0,1,KBang,677,1,1,0,14.206945665937559,108.4944902907159,1,2022,677,17.475138,3116.021737858653,2587.275775269555,0.7498966406397843,17,train,94,"{""type"":""MultiPoint"",""coordinates"":[]}"
00000000000000000a51_0,1,KBang,773,1,0,1,14.219341966866141,108.46026223102965,1,2016,771,20.302334,3116.021737858653,2587.275775269555,0.71845101206035,18,train,94,"{""type"":""MultiPoint"",""coordinates"":[]}"
00000000000000000956_0,1,KBang,1164,1,1,0,14.506352006171179,108.4060930714324,1,2020,1160,18.488691,2982.197799295187,2381.099704130859,0.3720070787365857,21,train,94,"{""type"":""MultiPoint"",""coordinates"":[]}"
00000000000000000875_0,1,KBang,966,1,0,1,14.393973741422244,108.42549907921698,1,2016,959,18.804482,3307.1987401247025,2646.067406310553,0.292489930947088,24,train,94,"{""type"":""MultiPoint"",""coordinates"":[]}"
00000000000000000911_0,1,KBang,680,1,1,0,14.147117907103476,108.4710443373769,1,2022,692,21.606438,3364.3139811381698,2879.1407314955827,0.17182927787698354,24,train,94,"{""type"":""MultiPoint"",""coordinates"":[]}"
00000000000000000935_0,1,KBang,609,1,0,0,14.253565567451338,108.49933733356099,0,0,620,27.090097,3299.3934005498886,2718.926994363391,0.6809335874286427,25,train,94,"{""type"":""MultiPoint"",""coordinates"":[]}"
00000000000000000a42_0,1,KBang,1068,1,0,1,14.376997943711773,108.33818096238842,1,2017,1061,19.356728,3714.876072347164,2911.4369120395304,0.44197534043444664,26,train,94,"{""type"":""MultiPoint"",""coordinates"":[]}"
00000000000000000770_0,1,KBang,711,1,0,1,14.280788379382626,108.43681627769064,1,2018,731,29.683435,3954.77065885067,3193.707802749039,0.32565513802645163,30,train,94,"{""type"":""MultiPoint"",""coordinates"":[]}"
00000000000000000bf3_0,1,KBang,706,1,1,0,14.303422776329915,108.47023278098516,1,2021,681,27.493704,3410.552547223866,2766.438409104254,0.6494978248018076,30,train,94,"{""type"":""MultiPoint"",""coordinates"":[]}"
000000000000000008b7_0,1,KBang,977,1,0,0,14.3664878425288,108.33683431387027,0,0,952,23.541481,3714.876072347164,2911.4369120395304,0.22693642860903573,31,train,94,"{""type"":""MultiPoint"",""coordinates"":[]}"
00000000000000000932_0,1,KBang,946,1,0,0,14.202901261282085,108.445440179128,0,0,962,23.598629,3484.5955844521523,2837.824403122823,0.3302885247745557,33,train,94,"{""type"":""MultiPoint"",""coordinates"":[]}"
00000000000000000678_0,1,KBang,712,1,1,0,14.219609512929349,108.543807948367,1,2019,710,3.4135962,3132.6109425723553,2663.5936415282367,0.7143364708947256,3,train,95,"{""type"":""MultiPoint"",""coordinates"":[]}"
000000000000000007e4_0,1,KBang,850,1,0,1,14.144692156130404,108.45379653450215,1,2018,852,3.990536,3364.3139811381698,2879.1407314955827,0.7312776886298957,3,train,95,"{""type"":""MultiPoint"",""coordinates"":[]}"
00000000000000000ad5_0,1,KBang,753,1,1,0,14.336032182333765,108.49421828555164,1,2020,753,2.9399638,3410.552547223866,2766.438409104254,0.7948503414023653,3,train,95,"{""type"":""MultiPoint"",""coordinates"":[]}"
00000000000000000b40_0,1,KBang,761,1,1,0,14.255184221133735,108.46053423619392,1,2020,760,8.642537,3299.3934005498886,2718.926994363391,0.2251534624405419,3,train,95,"{""type"":""MultiPoint"",""coordinates"":[]}"
00000000000000000a2a_0,1,KBang,722,1,0,1,14.276204423499685,108.53087209621097,1,2001,724,9.937652,3283.608837634325,2704.4453318488963,0.3955518622573806,4,train,95,"{""type"":""MultiPoint"",""coordinates"":[]}"
0000000000000000077e_0,1,KBang,696,1,0,1,14.267312975999113,108.59959130254562,1,2016,692,10.567797,3002.574410483241,2569.066161002828,0.3099051105008014,5,train,95,"{""type"":""MultiPoint"",""coordinates"":[]}"
0000000000000000083e_0,1,KBang,711,1,1,0,14.204519914964486,108.5109265371989,1,2019,714,4.166995,3132.6109425723553,2663.5936415282367,0.7782281396678157,5,train,95,"{""type"":""MultiPoint"",""coordinates"":[]}"
00000000000000000843_0,1,KBang,576,1,0,0,14.286986529846917,108.44894503255601,0,0,574,2.6636126,3954.77065885067,3193.707802749039,0.03109905362986043,5,train,95,"{""type"":""MultiPoint"",""coordinates"":[]}"
000000000000000007bf_0,1,KBang,946,1,0,0,14.38993379586782,108.44759838403786,0,0,946,5.6285477,3307.1987401247025,2646.067406310553,0.5094442794339249,6,train,95,"{""type"":""MultiPoint"",""coordinates"":[]}"
00000000000000000829_0,1,KBang,730,1,0,1,14.280788379382622,108.5168571416,0,2016,728,6.6339307,3283.608837634325,2704.4453318488963,0.7156844956018925,6,train,95,"{""type"":""MultiPoint"",""coordinates"":[]}"
00000000000000000a03_0,1,KBang,1204,1,0,1,14.520906512009628,108.40097402342305,1,2017,1200,11.128997,2982.197799295187,2381.099704130859,0.425948422752632,6,train,95,"{""type"":""MultiPoint"",""coordinates"":[]}"
0000000000000000067a_0,1,KBang,906,1,0,1,14.355705736181568,108.51739669282746,1,2018,905,6.2376595,3057.4028005301952,2452.323266195249,0.1934097284012214,7,train,95,"{""type"":""MultiPoint"",""coordinates"":[]}"
00000000000000000709_0,1,KBang,1034,1,0,1,14.444638047591491,108.4715794295033,1,2017,1034,5.993282,3026.558855623007,2396.239654855617,0.5782620719041228,7,train,95,"{""type"":""MultiPoint"",""coordinates"":[]}"
00000000000000000c78_0,1,KBang,1022,1,1,0,14.42981599568984,108.45298497811042,1,2020,1034,22.25759,3026.558855623007,2396.239654855617,0.10794732718681044,7,train,95,"{""type"":""MultiPoint"",""coordinates"":[]}"
00000000000000000750_0,1,KBang,1169,1,0,1,14.496113910152474,108.3934292244406,1,2016,1169,7.673617,3139.124945908785,2478.474790363861,0.21998559823380381,8,train,95,"{""type"":""MultiPoint"",""coordinates"":[]}"
00000000000000000a8e_0,1,KBang,704,1,0,1,14.292105577856272,108.55377849832252,1,2016,700,4.862911,3002.574410483241,2569.066161002828,0.5913154931590846,8,train,95,"{""type"":""MultiPoint"",""coordinates"":[]}"
00000000000000000bf4_0,1,KBang,683,1,0,1,14.216376664665601,108.42603863044445,1,2018,690,16.75289,3484.5955844521523,2837.824403122823,0.4564018512747672,8,train,95,"{""type"":""MultiPoint"",""coordinates"":[]}"
000000000000000006d2_0,1,KBang,646,1,1,0,14.219341966866141,108.58045729992527,1,2019,654,6.6673794,2988.904823511839,2527.354326276477,0.4870113396534541,9,train,95,"{""type"":""MultiPoint"",""coordinates"":[]}"
0000000000000000070b_0,1,KBang,698,1,0,0,14.251411821642524,108.60524990178243,0,0,699,6.2370563,2920.2753743231297,2494.9070353260336,0.622170288697676,9,train,95,"{""type"":""MultiPoint"",""coordinates"":[]}"
000000000000000007de_0,1,KBang,645,1,1,0,14.132835406429288,108.64001751269616,1,2024,642,8.875492,2804.7301520854235,2443.1153159725673,0.7256453002613088,9,train,95,"{""type"":""MultiPoint"",""coordinates"":[]}"
000000000000000007b8_0,1,KBang,727,1,0,1,14.300729479293635,108.57749199772474,1,2005,727,9.897661,3139.498244166374,2607.9216171444064,0.10247769080712521,10,train,95,"{""type"":""MultiPoint"",""coordinates"":[]}"
000000000000000007ef_0,1,KBang,707,1,0,1,14.201015061536479,108.51119854236318,1,2018,707,9.523449,3132.6109425723553,2663.5936415282367,0.1618909525535258,10,train,95,"{""type"":""MultiPoint"",""coordinates"":[]}"
00000000000000000925_0,1,KBang,870,1,0,1,14.35867103838211,108.50338173821648,1,2016,867,10.518236,3057.4028005301952,2452.323266195249,0.20361872832963313,10,train,95,"{""type"":""MultiPoint"",""coordinates"":[]}"
00000000000000000a61_0,1,KBang,624,1,0,0,14.290758929338132,108.43708382375384,0,0,626,9.380799,3954.77065885067,3193.707802749039,0.44547825485204395,10,train,95,"{""type"":""MultiPoint"",""coordinates"":[]}"
00000000000000000aa4_0,1,KBang,720,1,1,0,14.243595017495837,108.62923540634893,1,2020,720,10.480123,2921.3837886452675,2499.82747799868,0.5033055983565964,10,train,95,"{""type"":""MultiPoint"",""coordinates"":[]}"
00000000000000000b13_0,1,KBang,598,1,1,0,14.232010272958982,108.52763478884617,1,2020,604,12.024885,3132.6109425723553,2663.5936415282367,0.17428759080565948,10,train,95,"{""type"":""MultiPoint"",""coordinates"":[]}"
00000000000000000b44_0,1,KBang,739,1,0,0,14.308813829503528,108.59662600034507,0,0,743,11.548801,3139.498244166374,2607.9216171444064,0.08282653682107066,10,train,95,"{""type"":""MultiPoint"",""coordinates"":[]}"
00000000000000000c7e_0,1,KBang,577,1,1,0,14.185925463571618,108.51011943990822,1,2021,573,15.592798,2927.8332602009177,2497.137565198986,0.5098058319188766,10,train,95,"{""type"":""MultiPoint"",""coordinates"":[]}"
00000000000000000755_0,1,KBang,724,1,1,0,14.185118366280944,108.49745113381537,1,2020,734,9.686088,3179.5106303691864,2674.3027243573615,0.003635378317601967,11,train,95,"{""type"":""MultiPoint"",""coordinates"":[]}"
000000000000000007ca_0,1,KBang,722,1,1,0,14.149811204139759,108.45837603128403,1,2021,722,14.648893,3364.3139811381698,2879.1407314955827,0.12009804826493842,11,train,95,"{""type"":""MultiPoint"",""coordinates"":[]}"
000000000000000009ab_0,1,KBang,595,1,1,0,14.306927629757924,108.48101488733239,0,2022,591,6.732965,3410.552547223866,2766.438409104254,0.049140474022079994,11,train,95,"{""type"":""MultiPoint"",""coordinates"":[]}"
00000000000000000a07_0,1,KBang,881,1,0,0,14.451915300510718,108.54272884591208,0,0,888,8.748876,3223.115180581808,2551.5795426868085,0.7757550438534135,11,train,95,"{""type"":""MultiPoint"",""coordinates"":[]}"
00000000000000000bc9_0,1,KBang,600,1,0,1,14.264887225026039,108.44678682764614,1,2015,600,11.369747,3954.77065885067,3193.707802749039,0.29728004834365684,11,train,95,"{""type"":""MultiPoint"",""coordinates"":[]}"
00000000000000000c0b_0,1,KBang,680,1,0,0,14.305580981239785,108.4950253828423,0,0,685,17.844938,3410.552547223866,2766.438409104254,0.5795668756482403,11,train,95,"{""type"":""MultiPoint"",""coordinates"":[]}"
00000000000000000738_0,1,KBang,740,1,0,1,14.255184221133739,108.52952098859177,1,2016,740,11.73989,3283.608837634325,2704.4453318488963,0.320396075691466,12,train,95,"{""type"":""MultiPoint"",""coordinates"":[]}"
00000000000000000a78_0,1,KBang,979,1,0,1,14.467276903639835,108.50014888995273,1,2016,983,10.459502,3223.115180581808,2551.5795426868085,0.24891642077974485,12,train,95,"{""type"":""MultiPoint"",""coordinates"":[]}"
00000000000000000ab6_0,1,KBang,785,1,0,1,14.290219378110663,108.5206295410912,1,2018,785,12.450824,3283.608837634325,2704.4453318488963,0.01998736476597074,12,train,95,"{""type"":""MultiPoint"",""coordinates"":[]}"
0000000000000000079a_0,1,KBang,1099,1,0,1,14.452454851738183,108.39935536974065,1,2017,1105,14.975144,3139.124945908785,2478.474790363861,0.3528407269015347,13,train,95,"{""type"":""MultiPoint"",""coordinates"":[]}"
00000000000000000c47_0,1,KBang,675,1,1,0,14.209638962973838,108.54596169417582,1,2021,675,13.15838,3132.6109425723553,2663.5936415282367,0.08984182406370833,13,train,95,"{""type"":""MultiPoint"",""coordinates"":[]}"
00000000000000000687_0,1,KBang,963,1,0,0,14.38346364023927,108.44409353060985,0,0,952,9.487374,3307.1987401247025,2646.067406310553,0.4521263447565663,14,train,95,"{""type"":""MultiPoint"",""coordinates"":[]}"
000000000000000006ac_0,1,KBang,1218,1,0,1,14.50608446010798,108.3802213671203,1,2017,1214,13.679332,3205.2258018553257,2562.2362008570512,0.4101534846560707,14,train,95,"{""type"":""MultiPoint"",""coordinates"":[]}"
00000000000000000b9f_0,1,KBang,731,1,0,1,14.261114825534824,108.53491204176538,1,2016,739,11.352108,3283.608837634325,2704.4453318488963,0.04287081845415852,14,train,95,"{""type"":""MultiPoint"",""coordinates"":[]}"
00000000000000000c54_0,1,KBang,735,1,0,1,14.267852527226577,108.61953240245663,1,2018,734,5.1183715,2920.2753743231297,2494.9070353260336,0.6240801964991631,14,train,95,"{""type"":""MultiPoint"",""coordinates"":[]}"
00000000000000000737_0,1,KBang,667,1,0,0,14.261921922825497,108.45055922713735,0,0,667,15.008274,3299.3934005498886,2718.926994363391,0.30190785913603413,15,train,95,"{""type"":""MultiPoint"",""coordinates"":[]}"
000000000000000007cb_0,1,KBang,844,1,0,1,14.284021227646374,108.56051620001426,1,2016,858,18.994684,3002.574410483241,2569.066161002828,0.6099562755772033,15,train,95,"{""type"":""MultiPoint"",""coordinates"":[]}"
0000000000000000095a_0,1,KBang,706,1,0,0,14.25976817701668,108.61683910542034,0,0,701,12.197099,2920.2753743231297,2494.9070353260336,0.2340375838467872,15,train,95,"{""type"":""MultiPoint"",""coordinates"":[]}"
00000000000000000a79_0,1,KBang,768,1,1,0,14.18376725866175,108.49017833999721,1,2020,758,21.017988,3179.5106303691864,2674.3027243573615,0.5991374389306247,15,train,95,"{""type"":""MultiPoint"",""coordinates"":[]}"
00000000000000000c75_0,1,KBang,785,1,0,0,14.279169725700225,108.47939623365,0,0,776,26.72354,3299.3934005498886,2718.926994363391,0.7616706517149463,15,train,95,"{""type"":""MultiPoint"",""coordinates"":[]}"
0000000000000000073b_0,1,KBang,1023,1,0,0,14.455687700001937,108.45675737760163,0,0,1027,23.630829,3062.020653218031,2418.2485376937757,0.0779388568911692,16,train,95,"{""type"":""MultiPoint"",""coordinates"":[]}"
00000000000000000831_0,1,KBang,1150,1,1,0,14.501772509389296,108.39369677050382,1,2021,1150,14.522204,3205.2258018553257,2562.2362008570512,0.46432720952966666,16,train,95,"{""type"":""MultiPoint"",""coordinates"":[]}"
00000000000000000a67_0,1,KBang,759,1,1,0,14.333066880133222,108.50796123499835,1,2023,771,15.010818,3361.179399266839,2766.2203726602984,0.007796339276971542,16,train,95,"{""type"":""MultiPoint"",""coordinates"":[]}"
00000000000000000b9d_0,1,KBang,1137,1,1,0,14.508510211081054,108.42091512333404,1,2020,1137,16.271225,2982.197799295187,2381.099704130859,0.6407256475778191,16,train,95,"{""type"":""MultiPoint"",""coordinates"":[]}"
0000000000000000083a_0,1,KBang,1012,1,1,0,14.409335344551364,108.42415243069885,1,2023,1006,13.92256,3056.5912619680166,2430.7695342178336,0.7259627474217565,17,train,95,"{""type"":""MultiPoint"",""coordinates"":[]}"
000000000000000009c0_0,1,KBang,619,1,0,0,14.1511578526579,108.67585976696377,0,0,613,12.176866,2859.5566610470414,2490.159314288234,0.08389662707500423,17,train,95,"{""type"":""MultiPoint"",""coordinates"":[]}"
0000000000000000077c_0,1,KBang,905,1,1,0,14.375646836092576,108.44436107667308,1,2022,892,17.00639,3307.1987401247025,2646.067406310553,0.25366612192124693,18,train,95,"{""type"":""MultiPoint"",""coordinates"":[]}"
00000000000000000b38_0,1,KBang,560,1,0,1,14.16166795384087,108.51415938546266,0,2015,560,17.585258,2927.8332602009177,2497.137565198986,0.7289012402067029,18,train,95,"{""type"":""MultiPoint"",""coordinates"":[]}"
000000000000000006f5_0,1,KBang,935,1,0,0,14.384270737529949,108.40312776923186,0,0,928,13.09763,3307.1987401247025,2646.067406310553,0.2842777996848622,19,train,95,"{""type"":""MultiPoint"",""coordinates"":[]}"
000000000000000008b5_0,1,KBang,756,1,1,0,14.244946125115028,108.45648983153843,1,2021,756,19.317032,3116.021737858653,2587.275775269555,0.02409294609424395,19,train,95,"{""type"":""MultiPoint"",""coordinates"":[]}"
0000000000000000090f_0,1,KBang,688,1,0,1,14.247906968214519,108.52359484329175,1,2001,687,18.281914,3132.6109425723553,2663.5936415282367,0.6063037746754311,19,train,95,"{""type"":""MultiPoint"",""coordinates"":[]}"
00000000000000000773_0,1,KBang,642,1,0,0,14.150890306594697,108.47239098589503,0,0,661,26.060732,3179.5106303691864,2674.3027243573615,0.5570692179506804,20,train,95,"{""type"":""MultiPoint"",""coordinates"":[]}"
0000000000000000072f_0,1,KBang,692,1,0,0,14.254105118678806,108.6173786566478,0,0,681,19.403921,2920.2753743231297,2494.9070353260336,0.7513654859807294,21,train,95,"{""type"":""MultiPoint"",""coordinates"":[]}"
00000000000000000848_0,1,KBang,974,1,0,1,14.384542742694203,108.4438215254456,1,2016,983,21.58349,3307.1987401247025,2646.067406310553,0.22720120880268102,22,train,95,"{""type"":""MultiPoint"",""coordinates"":[]}"
0000000000000000091b_0,1,KBang,957,1,0,1,14.382924089011805,108.4408606823461,1,2008,957,21.51512,3307.1987401247025,2646.067406310553,0.4818895728180125,22,train,95,"{""type"":""MultiPoint"",""coordinates"":[]}"
00000000000000000acf_0,1,KBang,743,1,0,1,14.282135027900768,108.45568273424777,1,2018,743,22.032898,3299.3934005498886,2718.926994363391,0.019246348778145017,22,train,95,"{""type"":""MultiPoint"",""coordinates"":[]}"
00000000000000000807_0,1,KBang,763,1,0,1,14.233896472704586,108.45406408056536,1,2017,752,23.31578,3116.021737858653,2587.275775269555,0.06228890946398968,23,train,95,"{""type"":""MultiPoint"",""coordinates"":[]}"
00000000000000000ad3_0,1,KBang,800,1,0,0,14.320670579204643,108.56374904827801,0,0,812,20.745634,3139.498244166374,2607.9216171444064,0.564694578258096,24,train,95,"{""type"":""MultiPoint"",""coordinates"":[]}"
00000000000000000ba4_0,1,KBang,947,1,0,1,14.189158311835365,108.45406408056536,1,2017,945,17.429565,3179.5106303691864,2674.3027243573615,0.10127973583650007,24,train,95,"{""type"":""MultiPoint"",""coordinates"":[]}"
00000000000000000751_0,1,KBang,1249,1,0,0,14.51147551328159,108.37779561614722,0,0,1236,17.432838,3205.2258018553257,2562.2362008570512,0.048327414251126855,26,train,95,"{""type"":""MultiPoint"",""coordinates"":[]}"
00000000000000000997_0,1,KBang,1140,1,0,1,14.506624011335447,108.42172667972578,1,2017,1140,25.818478,2982.197799295187,2381.099704130859,0.5272447977788192,26,train,95,"{""type"":""MultiPoint"",""coordinates"":[]}"
00000000000000000a2d_0,1,KBang,568,1,1,0,14.177569108197462,108.54730834269397,1,2022,552,25.902744,2927.8332602009177,2497.137565198986,0.08593383226695661,27,train,95,"{""type"":""MultiPoint"",""coordinates"":[]}"
000000000000000009c7_0,1,KBang,1040,1,0,1,14.407716690868961,108.42684572773511,1,2016,1056,21.044195,3056.5912619680166,2430.7695342178336,0.515993962579098,28,train,95,"{""type"":""MultiPoint"",""coordinates"":[]}"
000000000000000008f4_0,1,KBang,691,1,1,0,14.303694781494178,108.4705047861494,1,2021,667,24.51393,3410.552547223866,2766.438409104254,0.36561305330892024,35,train,95,"{""type"":""MultiPoint"",""coordinates"":[]}"
000000000000000008a6_0,1,KBang,977,1,1,0,14.385349839984878,108.34033916729828,1,2020,952,33.70553,3714.876072347164,2911.4369120395304,0.4171127048397265,40,train,95,"{""type"":""MultiPoint"",""coordinates"":[]}"
000000000000000006fd_0,1,KBang,702,1,0,0,14.308546283440327,108.46511373297581,0,0,702,43.988464,3410.552547223866,2766.438409104254,0.17020225323802296,44,train,95,"{""type"":""MultiPoint"",""coordinates"":[]}"
000000000000000008ff_0,1,KBang,609,1,0,0,14.236322223677663,108.52979299375602,0,0,609,4.1671176,3132.6109425723553,2663.5936415282367,0.6481005715885049,4,train,96,"{""type"":""MultiPoint"",""coordinates"":[]}"
000000000000000006ab_0,1,KBang,734,1,1,0,14.269466721807927,108.47319808318571,1,2023,735,10.411088,3299.3934005498886,2718.926994363391,0.4117421550715741,5,train,96,"{""type"":""MultiPoint"",""coordinates"":[]}"
00000000000000000708_0,1,KBang,640,1,1,0,14.196435564754589,108.4950253828423,1,2021,642,9.686458,3179.5106303691864,2674.3027243573615,0.20962534801160992,8,train,96,"{""type"":""MultiPoint"",""coordinates"":[]}"
00000000000000000aaa_0,1,KBang,944,1,0,0,14.360557238127717,108.49880224143459,0,0,946,10.324204,3174.5908024162054,2515.3602785260928,0.6157355413010497,8,train,96,"{""type"":""MultiPoint"",""coordinates"":[]}"
00000000000000000c2f_0,1,KBang,866,1,0,1,14.377805041002444,108.62061150491155,1,2016,867,5.1205416,2952.925736054778,2405.8077794335663,0.11285828576374757,8,train,96,"{""type"":""MultiPoint"",""coordinates"":[]}"
00000000000000000a4a_0,1,KBang,849,1,0,1,14.344388537707923,108.50823324016261,1,2011,849,2.6639621,3361.179399266839,2766.2203726602984,0.5495614710082799,9,train,96,"{""type"":""MultiPoint"",""coordinates"":[]}"
000000000000000007ff_0,1,KBang,1061,1,0,1,14.430627552081567,108.42630617650767,1,2013,1062,9.251212,3056.5912619680166,2430.7695342178336,0.6894234782059977,10,train,96,"{""type"":""MultiPoint"",""coordinates"":[]}"
00000000000000000793_0,1,KBang,756,1,1,0,14.235782672450197,108.4532569832747,1,2020,755,10.992985,3116.021737858653,2587.275775269555,0.7789075950138353,11,train,96,"{""type"":""MultiPoint"",""coordinates"":[]}"
00000000000000000b58_0,1,KBang,1125,1,0,1,14.45110820322004,108.40771172511478,1,2017,1126,15.224701,3082.7387473136187,2420.537351960532,0.19010564374272787,11,train,96,"{""type"":""MultiPoint"",""coordinates"":[]}"
00000000000000000c1f_0,1,KBang,523,1,1,0,14.215297562210663,108.60067040500054,1,2022,522,3.8214793,2921.3837886452675,2499.82747799868,0.057194801506159965,12,train,96,"{""type"":""MultiPoint"",""coordinates"":[]}"
00000000000000000c39_0,1,KBang,1065,1,0,1,14.431974200599708,108.42684572773511,1,2016,1062,8.604865,3056.5912619680166,2430.7695342178336,0.6470083221054184,13,train,96,"{""type"":""MultiPoint"",""coordinates"":[]}"
00000000000000000b82_0,1,KBang,1087,1,0,0,14.445989155210686,108.40663262265987,0,0,1082,11.128334,3056.5912619680166,2430.7695342178336,0.6298985685750539,14,train,96,"{""type"":""MultiPoint"",""coordinates"":[]}"
00000000000000000c28_0,1,KBang,697,1,0,1,14.127711899318882,108.540303094939,1,2016,697,20.408028,3335.206618718803,2843.7770705979806,0.758052246587038,20,train,96,"{""type"":""MultiPoint"",""coordinates"":[]}"
00000000000000000902_0,1,KBang,797,1,1,0,14.217188221057324,108.45001967590987,1,2021,797,21.875893,3484.5955844521523,2837.824403122823,0.25762341440859415,22,train,96,"{""type"":""MultiPoint"",""coordinates"":[]}"
00000000000000000c5c_0,1,KBang,982,1,0,1,14.466197801184906,108.51173809359062,1,2016,981,2.6647127,3223.115180581808,2551.5795426868085,0.3259075715695864,0,train,97,"{""type"":""MultiPoint"",""coordinates"":[]}"
0000000000000000074f_0,1,KBang,731,1,0,1,14.239822618004617,108.54434304049343,1,2016,726,9.896484,3132.6109425723553,2663.5936415282367,0.10348863457683077,2,train,97,"{""type"":""MultiPoint"",""coordinates"":[]}"
00000000000000000805_0,1,KBang,709,1,0,1,14.269466721807927,108.61468090051048,1,2016,705,7.666049,2920.2753743231297,2494.9070353260336,0.6823790457852735,2,train,97,"{""type"":""MultiPoint"",""coordinates"":[]}"
00000000000000000bce_0,1,KBang,792,1,0,1,14.255991318424412,108.45487117785603,1,2017,791,6.6684523,3299.3934005498886,2718.926994363391,0.7317431489157808,2,train,97,"{""type"":""MultiPoint"",""coordinates"":[]}"
000000000000000007d0_0,1,KBang,1092,1,0,0,14.418226792051934,108.40366732045932,0,0,1092,2.664416,3056.5912619680166,2430.7695342178336,0.04872203884870041,3,train,97,"{""type"":""MultiPoint"",""coordinates"":[]}"
00000000000000000827_0,1,KBang,658,1,0,0,14.23874351554968,108.59905175131814,0,0,665,14.499454,2988.904823511839,2527.354326276477,0.5790698304803136,3,train,97,"{""type"":""MultiPoint"",""coordinates"":[]}"
000000000000000008d8_0,1,KBang,1128,1,0,0,14.499346758416223,108.41984047998017,0,0,1128,3.0171702,3082.7387473136187,2420.537351960532,0.2007797777747352,3,train,97,"{""type"":""MultiPoint"",""coordinates"":[]}"
00000000000000000c6b_0,1,KBang,739,1,0,0,14.261654376762289,108.520361995028,0,0,739,3.3732898,3283.608837634325,2704.4453318488963,0.15969913647294653,3,train,97,"{""type"":""MultiPoint"",""coordinates"":[]}"
0000000000000000088e_0,1,KBang,731,1,0,1,14.26003572307989,108.62519100169347,1,2017,735,13.380006,2920.2753743231297,2494.9070353260336,0.556662360184494,4,train,97,"{""type"":""MultiPoint"",""coordinates"":[]}"
000000000000000009f8_0,1,KBang,811,1,0,0,14.31824482823157,108.57911065140713,0,0,813,2.086477,3139.498244166374,2607.9216171444064,0.4629658145331207,4,train,97,"{""type"":""MultiPoint"",""coordinates"":[]}"
00000000000000000b9c_0,1,KBang,1215,1,0,1,14.52359980904591,108.38695906881206,1,2016,1215,3.9940045,3205.2258018553257,2562.2362008570512,0.5451612370078158,4,train,97,"{""type"":""MultiPoint"",""coordinates"":[]}"
00000000000000000684_0,1,KBang,829,1,0,0,14.306660083694718,108.61414580838407,0,0,833,8.291146,2904.3306356593966,2447.77248901683,0.10825260784966628,5,train,97,"{""type"":""MultiPoint"",""coordinates"":[]}"
000000000000000006cd_0,1,KBang,1032,1,0,1,14.493688159179401,108.50149553847086,1,2016,1032,6.738451,3223.115180581808,2551.5795426868085,0.42657075181244264,5,train,97,"{""type"":""MultiPoint"",""coordinates"":[]}"
000000000000000006d3_0,1,KBang,754,1,0,1,14.33091313432441,108.50742614287194,1,2018,759,14.512215,3361.179399266839,2766.2203726602984,0.32601760297125737,5,train,97,"{""type"":""MultiPoint"",""coordinates"":[]}"
00000000000000000a6d_0,1,KBang,973,1,0,0,14.27000627303539,108.42226177185219,0,0,973,4.724437,3954.77065885067,3193.707802749039,0.199418588851779,5,train,97,"{""type"":""MultiPoint"",""coordinates"":[]}"
00000000000000000ae5_0,1,KBang,735,1,0,1,14.257342426043607,108.52736724278296,1,2016,737,5.9912653,3283.608837634325,2704.4453318488963,0.11830094138814728,5,train,97,"{""type"":""MultiPoint"",""coordinates"":[]}"
00000000000000000b4e_0,1,KBang,790,1,0,0,14.27270402917273,108.62276970982144,0,0,790,4.2460914,2920.2753743231297,2494.9070353260336,0.3129305055561883,5,train,97,"{""type"":""MultiPoint"",""coordinates"":[]}"
00000000000000000c52_0,1,KBang,814,1,0,1,14.302883225102446,108.61414580838407,1,2016,814,4.1673756,2904.3306356593966,2447.77248901683,0.35254972525297024,5,train,97,"{""type"":""MultiPoint"",""coordinates"":[]}"
00000000000000000c7b_0,1,KBang,898,1,0,0,14.33495307987883,108.48398018953291,0,0,898,5.4383082,3410.552547223866,2766.438409104254,0.4397628010405842,5,train,97,"{""type"":""MultiPoint"",""coordinates"":[]}"
00000000000000000698_0,1,KBang,738,1,0,1,14.272164477945257,108.61872530516597,1,2017,738,6.3546257,2920.2753743231297,2494.9070353260336,0.2924164476379395,6,train,97,"{""type"":""MultiPoint"",""coordinates"":[]}"
000000000000000006c4_0,1,KBang,770,1,0,1,14.258417069397487,108.45783648005659,1,2016,773,10.514519,3299.3934005498886,2718.926994363391,0.4916867184567906,6,train,97,"{""type"":""MultiPoint"",""coordinates"":[]}"
0000000000000000070c_0,1,KBang,659,1,0,0,14.206406114710092,108.49071343212363,0,0,654,8.97503,3116.021737858653,2587.275775269555,0.14797083867020655,6,train,97,"{""type"":""MultiPoint"",""coordinates"":[]}"
00000000000000000b0e_0,1,KBang,1149,1,0,0,14.530337510737672,108.44004912595437,0,0,1148,6.7395363,2982.197799295187,2381.099704130859,0.1548555675211125,6,train,97,"{""type"":""MultiPoint"",""coordinates"":[]}"
00000000000000000b41_0,1,KBang,780,1,0,1,14.238208423423274,108.4516383295923,1,2012,778,11.608167,3116.021737858653,2587.275775269555,0.7761430378346909,6,train,97,"{""type"":""MultiPoint"",""coordinates"":[]}"
00000000000000000b7f_0,1,KBang,1097,1,0,0,14.462697406857952,108.42927147870819,0,0,1097,5.864877,3082.7387473136187,2420.537351960532,0.0704738724942614,6,train,97,"{""type"":""MultiPoint"",""coordinates"":[]}"
00000000000000000c1c_0,1,KBang,821,1,0,1,14.298571274383766,108.61818575393848,1,2018,821,6.012833,2920.2753743231297,2494.9070353260336,0.46386022692819906,6,train,97,"{""type"":""MultiPoint"",""coordinates"":[]}"
0000000000000000075e_0,1,KBang,1093,1,1,0,14.41957789967113,108.40016692613236,1,2023,1093,15.383321,3056.5912619680166,2430.7695342178336,0.7691145285103583,7,train,97,"{""type"":""MultiPoint"",""coordinates"":[]}"
000000000000000007b7_0,1,KBang,738,1,0,1,14.258149523334282,108.5268276915555,1,2016,744,7.3788605,3283.608837634325,2704.4453318488963,0.1838345729323031,7,train,97,"{""type"":""MultiPoint"",""coordinates"":[]}"
0000000000000000086c_0,1,KBang,1167,1,0,0,14.479945209732676,108.38911727372192,0,0,1166,5.864925,3139.124945908785,2478.474790363861,0.16986017026702105,7,train,97,"{""type"":""MultiPoint"",""coordinates"":[]}"
000000000000000008bd_0,1,KBang,796,1,0,1,14.306120532467249,108.56725390170604,1,2018,796,6.737557,3139.498244166374,2607.9216171444064,0.6041252318541435,7,train,97,"{""type"":""MultiPoint"",""coordinates"":[]}"
000000000000000008e4_0,1,KBang,685,1,0,1,14.243327471432627,108.61710665148355,1,2016,683,14.960945,2921.3837886452675,2499.82747799868,0.21892629195370905,7,train,97,"{""type"":""MultiPoint"",""coordinates"":[]}"
000000000000000008fa_0,1,KBang,1032,1,0,1,14.493955705242605,108.50149553847086,1,2016,1033,7.6735516,3223.115180581808,2551.5795426868085,0.4649504642477943,7,train,97,"{""type"":""MultiPoint"",""coordinates"":[]}"
0000000000000000091d_0,1,KBang,1140,1,0,0,14.50069340693436,108.44058867718184,0,0,1138,9.492284,2982.197799295187,2381.099704130859,0.1078486436422873,7,train,97,"{""type"":""MultiPoint"",""coordinates"":[]}"
00000000000000000989_0,1,KBang,699,1,0,0,14.216109118602393,108.4850548328868,0,0,699,7.33944,3116.021737858653,2587.275775269555,0.7012510415103543,7,train,97,"{""type"":""MultiPoint"",""coordinates"":[]}"
000000000000000009da_0,1,KBang,964,1,0,1,14.471321308295314,108.49933733356099,1,2018,963,12.451719,3062.020653218031,2418.2485376937757,0.3617323324343926,7,train,97,"{""type"":""MultiPoint"",""coordinates"":[]}"
00000000000000000a46_0,1,KBang,749,1,0,0,14.27000627303539,108.61980440762089,0,0,749,6.73189,2920.2753743231297,2494.9070353260336,0.11619840343061238,7,train,97,"{""type"":""MultiPoint"",""coordinates"":[]}"
00000000000000000a4f_0,1,KBang,817,1,0,1,14.295877977347482,108.56563524802364,1,2016,812,7.439316,3002.574410483241,2569.066161002828,0.41039523388889565,7,train,97,"{""type"":""MultiPoint"",""coordinates"":[]}"
00000000000000000af6_0,1,KBang,694,1,0,0,14.262729020116168,108.5977051028,0,0,692,5.437827,3002.574410483241,2569.066161002828,0.4904543766581855,7,train,97,"{""type"":""MultiPoint"",""coordinates"":[]}"
00000000000000000bdb_0,1,KBang,685,1,0,1,14.26704097083485,108.5979726488632,1,2017,685,2.0863776,3002.574410483241,2569.066161002828,0.2554662075337579,7,train,97,"{""type"":""MultiPoint"",""coordinates"":[]}"
00000000000000000c33_0,1,KBang,1000,1,0,1,14.385349839984878,108.44382152544559,1,2016,998,11.37566,3307.1987401247025,2646.067406310553,0.32578462808236863,7,train,97,"{""type"":""MultiPoint"",""coordinates"":[]}"
000000000000000009b7_0,1,KBang,784,1,0,0,14.282674579128228,108.47643093144944,0,0,784,7.6130366,3299.3934005498886,2718.926994363391,0.716339777282411,8,train,97,"{""type"":""MultiPoint"",""coordinates"":[]}"
00000000000000000a72_0,1,KBang,796,1,0,1,14.308546283440327,108.57911065140713,1,2017,800,7.613698,3139.498244166374,2607.9216171444064,0.13207236102847308,8,train,97,"{""type"":""MultiPoint"",""coordinates"":[]}"
00000000000000000b2b_0,1,KBang,971,1,0,1,14.470781757067847,108.50041643601593,1,2016,967,7.3444376,3223.115180581808,2551.5795426868085,0.635648807963658,8,train,97,"{""type"":""MultiPoint"",""coordinates"":[]}"
00000000000000000b3f_0,1,KBang,1071,1,0,1,14.427662249881026,108.45837603128403,1,2017,1071,7.6713185,3026.558855623007,2396.239654855617,0.061157429484365644,8,train,97,"{""type"":""MultiPoint"",""coordinates"":[]}"
00000000000000000bca_0,1,KBang,682,1,1,0,14.198589310563404,108.5109265371989,1,2019,682,7.617472,2927.8332602009177,2497.137565198986,0.603761254039931,8,train,97,"{""type"":""MultiPoint"",""coordinates"":[]}"
0000000000000000065d_0,1,KBang,1033,1,0,0,14.444910052755754,108.4710443373769,0,0,1034,5.6285872,3026.558855623007,2396.239654855617,0.3122525037977453,9,train,97,"{""type"":""MultiPoint"",""coordinates"":[]}"
00000000000000000725_0,1,KBang,1127,1,0,1,14.488029559942579,108.3934292244406,1,2016,1127,8.750215,3139.124945908785,2478.474790363861,0.2939457917972288,9,train,97,"{""type"":""MultiPoint"",""coordinates"":[]}"
00000000000000000729_0,1,KBang,819,1,1,0,14.300997025356844,108.56536324285938,1,2020,819,9.483946,3139.498244166374,2607.9216171444064,0.7359005646844006,9,train,97,"{""type"":""MultiPoint"",""coordinates"":[]}"
00000000000000000821_0,1,KBang,1199,1,0,0,14.503658709134903,108.38749862003951,0,0,1203,8.759456,3205.2258018553257,2562.2362008570512,0.6034072271883018,9,train,97,"{""type"":""MultiPoint"",""coordinates"":[]}"
0000000000000000083b_0,1,KBang,1108,1,0,1,14.502312060616763,108.44867302739175,1,2017,1112,11.187789,2982.197799295187,2381.099704130859,0.1373365047060502,9,train,97,"{""type"":""MultiPoint"",""coordinates"":[]}"
00000000000000000918_0,1,KBang,714,1,0,1,14.272704029172727,108.61522045173795,1,2016,709,6.731971,2920.2753743231297,2494.9070353260336,0.7355741018842507,9,train,97,"{""type"":""MultiPoint"",""coordinates"":[]}"
00000000000000000a69_0,1,KBang,1060,1,0,1,14.429008898399168,108.42172667972578,1,2016,1061,10.575029,3056.5912619680166,2430.7695342178336,0.73095066431135,9,train,97,"{""type"":""MultiPoint"",""coordinates"":[]}"
00000000000000000b28_0,1,KBang,715,1,1,0,14.212064713946917,108.49772313897964,1,2021,719,3.8256555,3116.021737858653,2587.275775269555,0.6034296501922641,9,train,97,"{""type"":""MultiPoint"",""coordinates"":[]}"
00000000000000000bcf_0,1,KBang,981,1,0,0,14.47293550287666,108.51038698597142,0,0,981,8.885165,3223.115180581808,2551.5795426868085,0.651321610316711,9,train,97,"{""type"":""MultiPoint"",""coordinates"":[]}"
00000000000000000657_0,1,KBang,731,1,0,0,14.220688615384278,108.4295390247714,0,0,730,16.067215,3484.5955844521523,2837.824403122823,0.39000376006825277,10,train,97,"{""type"":""MultiPoint"",""coordinates"":[]}"
000000000000000006c6_0,1,KBang,744,1,0,1,14.27216447794526,108.46349507929341,1,2016,745,6.0121994,3299.3934005498886,2718.926994363391,0.7439040533898688,10,train,97,"{""type"":""MultiPoint"",""coordinates"":[]}"
000000000000000006d5_0,1,KBang,755,1,0,1,14.319595935850762,108.594200249372,1,2016,755,9.690479,3139.498244166374,2607.9216171444064,0.6397595265119566,10,train,97,"{""type"":""MultiPoint"",""coordinates"":[]}"
000000000000000006e9_0,1,KBang,806,1,0,1,14.32121013043211,108.57506624675166,1,2008,800,10.542362,3139.498244166374,2607.9216171444064,0.7271043656654558,10,train,97,"{""type"":""MultiPoint"",""coordinates"":[]}"
0000000000000000074c_0,1,KBang,772,1,0,1,14.258417069397487,108.45756893399337,1,2016,778,9.6884775,3299.3934005498886,2718.926994363391,0.314669037552625,10,train,97,"{""type"":""MultiPoint"",""coordinates"":[]}"
0000000000000000075c_0,1,KBang,1083,1,0,0,14.372146441765622,108.4095979248604,0,0,1082,20.8858,3307.1987401247025,2646.067406310553,0.7093598852296018,10,train,97,"{""type"":""MultiPoint"",""coordinates"":[]}"
00000000000000000783_0,1,KBang,972,1,0,0,14.386428942439814,108.46942568369447,0,0,974,11.826761,3174.5908024162054,2515.3602785260928,0.759724761595185,10,train,97,"{""type"":""MultiPoint"",""coordinates"":[]}"
000000000000000007cc_0,1,KBang,704,1,1,0,14.243327471432627,108.52574858910054,1,2020,707,1.9131021,3132.6109425723553,2663.5936415282367,0.2471869480252833,10,train,97,"{""type"":""MultiPoint"",""coordinates"":[]}"
0000000000000000084a_0,1,KBang,894,1,0,1,14.354898638890894,108.5187433413456,1,2016,894,10.159678,3057.4028005301952,2452.323266195249,0.7973819991877151,10,train,97,"{""type"":""MultiPoint"",""coordinates"":[]}"
000000000000000008ae_0,1,KBang,1190,1,0,1,14.50985685959919,108.39073146830326,1,2016,1186,10.096576,3205.2258018553257,2562.2362008570512,0.26971670814244686,10,train,97,"{""type"":""MultiPoint"",""coordinates"":[]}"
000000000000000008dc_0,1,KBang,895,1,0,1,14.426043596198625,108.55970464362254,1,2016,895,10.480735,3010.9200901687145,2435.0759028388934,0.01351732692521368,10,train,97,"{""type"":""MultiPoint"",""coordinates"":[]}"
000000000000000008f0_0,1,KBang,829,1,1,0,14.241708817750226,108.47185143466754,1,2019,819,14.749396,3116.021737858653,2587.275775269555,0.21297452961672292,10,train,97,"{""type"":""MultiPoint"",""coordinates"":[]}"
00000000000000000a0a_0,1,KBang,750,1,0,0,14.255184221133739,108.52817434007362,0,0,750,10.146642,3283.608837634325,2704.4453318488963,0.35479959571806063,10,train,97,"{""type"":""MultiPoint"",""coordinates"":[]}"
00000000000000000ade_0,1,KBang,783,1,0,0,14.132023850037566,108.53437249053793,0,0,786,6.6317053,3335.206618718803,2843.7770705979806,0.3753534635661404,10,train,97,"{""type"":""MultiPoint"",""coordinates"":[]}"
00000000000000000c18_0,1,KBang,1039,1,0,1,14.395052843877176,108.40447887685104,1,2017,1042,15.609349,3307.1987401247025,2646.067406310553,0.36742203588593936,10,train,97,"{""type"":""MultiPoint"",""coordinates"":[]}"
00000000000000000c65_0,1,KBang,783,1,0,0,14.227698322240299,108.4532569832747,0,0,784,11.883978,3116.021737858653,2587.275775269555,0.5346276642677776,10,train,97,"{""type"":""MultiPoint"",""coordinates"":[]}"
00000000000000000c67_0,1,KBang,1139,1,0,1,14.488836657233247,108.39423632173127,1,2016,1139,9.535353,3139.124945908785,2478.474790363861,0.1027293890983918,10,train,97,"{""type"":""MultiPoint"",""coordinates"":[]}"
00000000000000000973_0,1,KBang,747,1,0,1,14.270545824262861,108.51415938546266,1,2017,747,11.334075,3283.608837634325,2704.4453318488963,0.15422337961004506,11,train,97,"{""type"":""MultiPoint"",""coordinates"":[]}"
00000000000000000ab3_0,1,KBang,781,1,0,1,14.224461014875494,108.45406408056536,1,2018,787,9.195146,3116.021737858653,2587.275775269555,0.36656676314195225,11,train,97,"{""type"":""MultiPoint"",""coordinates"":[]}"
00000000000000000b2e_0,1,KBang,1003,1,0,1,14.42388985038981,108.45541072908351,1,2017,1003,11.186024,3026.558855623007,2396.239654855617,0.3043601624648612,11,train,97,"{""type"":""MultiPoint"",""coordinates"":[]}"
00000000000000000b54_0,1,KBang,755,1,0,1,14.31986348191397,108.594200249372,1,2016,755,10.516791,3139.498244166374,2607.9216171444064,0.160740262775793,11,train,97,"{""type"":""MultiPoint"",""coordinates"":[]}"
00000000000000000be4_0,1,KBang,1169,1,0,1,14.488836657233247,108.40043447219556,1,2016,1163,10.164878,3082.7387473136187,2420.537351960532,0.3180314607396989,11,train,97,"{""type"":""MultiPoint"",""coordinates"":[]}"
00000000000000000c5a_0,1,KBang,723,1,1,0,14.18376725866175,108.48855968631482,1,2021,717,7.439256,3179.5106303691864,2674.3027243573615,0.7162981350191352,11,train,97,"{""type"":""MultiPoint"",""coordinates"":[]}"
0000000000000000065e_0,1,KBang,822,1,0,1,14.213950913692525,108.45137078352907,1,2013,824,21.027678,3116.021737858653,2587.275775269555,0.7923904858082526,12,train,97,"{""type"":""MultiPoint"",""coordinates"":[]}"
00000000000000000663_0,1,KBang,856,1,0,0,14.328487383351336,108.4850548328868,0,0,856,11.920305,3410.552547223866,2766.438409104254,0.10432305619593152,12,train,97,"{""type"":""MultiPoint"",""coordinates"":[]}"
000000000000000008da_0,1,KBang,1164,1,1,0,14.49772810473382,108.42495952798951,1,2022,1166,9.386392,3082.7387473136187,2420.537351960532,0.5393557840083869,12,train,97,"{""type"":""MultiPoint"",""coordinates"":[]}"
00000000000000000965_0,1,KBang,730,1,1,0,14.302615679039244,108.46322753323018,1,2022,743,17.430708,3410.552547223866,2766.438409104254,0.6632063720145895,12,train,97,"{""type"":""MultiPoint"",""coordinates"":[]}"
00000000000000000aae_0,1,KBang,1245,1,1,0,14.508510211081054,108.37698851885655,1,2021,1245,12.394894,3205.2258018553257,2562.2362008570512,0.416550468728879,12,train,97,"{""type"":""MultiPoint"",""coordinates"":[]}"
00000000000000000667_0,1,KBang,1145,1,1,0,14.50689155739865,108.42037557210656,1,2023,1145,13.101224,2982.197799295187,2381.099704130859,0.11695272287264191,13,train,97,"{""type"":""MultiPoint"",""coordinates"":[]}"
000000000000000007e1_0,1,KBang,791,1,0,1,14.304234332721645,108.45891558251151,1,2013,782,13.721029,3410.552547223866,2766.438409104254,0.18677809099065346,13,train,97,"{""type"":""MultiPoint"",""coordinates"":[]}"
00000000000000000825_0,1,KBang,1141,1,0,1,14.487757554778314,108.39396877566806,1,2016,1141,12.503814,3139.124945908785,2478.474790363861,0.3140709905644946,13,train,97,"{""type"":""MultiPoint"",""coordinates"":[]}"
0000000000000000097f_0,1,KBang,707,1,0,1,14.284828324937049,108.61064095495605,1,2017,715,13.771926,2920.2753743231297,2494.9070353260336,0.6123977234153626,13,train,97,"{""type"":""MultiPoint"",""coordinates"":[]}"
000000000000000009ac_0,1,KBang,834,1,0,1,14.243055466268366,108.47077233221262,1,2016,837,17.424274,3116.021737858653,2587.275775269555,0.4815002438192211,13,train,97,"{""type"":""MultiPoint"",""coordinates"":[]}"
000000000000000009dd_0,1,KBang,787,1,0,0,14.24763942215131,108.45487117785603,0,0,788,9.61767,3116.021737858653,2587.275775269555,0.5055533414778417,13,train,97,"{""type"":""MultiPoint"",""coordinates"":[]}"
00000000000000000a1d_0,1,KBang,1060,1,0,1,14.42092454818927,108.3972016239318,1,2016,1057,2.9400818,3230.138293027878,2568.9875608114658,0.3344169225913146,13,train,97,"{""type"":""MultiPoint"",""coordinates"":[]}"
00000000000000000b22_0,1,KBang,1003,1,0,0,14.41095399823376,108.47643093144944,0,0,1003,9.488522,3026.558855623007,2396.239654855617,0.5988538228354884,13,train,97,"{""type"":""MultiPoint"",""coordinates"":[]}"
00000000000000000b39_0,1,KBang,753,1,0,0,14.330913134324414,108.50149553847086,0,0,757,12.254305,3361.179399266839,2766.2203726602984,0.603681978632033,13,train,97,"{""type"":""MultiPoint"",""coordinates"":[]}"
00000000000000000b8e_0,1,KBang,772,1,0,0,14.224193468812286,108.45352452933788,0,0,781,14.135275,3116.021737858653,2587.275775269555,0.43399341433860084,13,train,97,"{""type"":""MultiPoint"",""coordinates"":[]}"
00000000000000000892_0,1,KBang,875,1,0,0,14.3451956349986,108.48262908191374,0,0,875,13.920046,3410.552547223866,2766.438409104254,0.7376224687205587,14,train,97,"{""type"":""MultiPoint"",""coordinates"":[]}"
00000000000000000847_0,1,KBang,795,1,0,0,14.327140734833199,108.48963878876975,0,0,792,8.013352,3410.552547223866,2766.438409104254,0.754059444830152,15,train,97,"{""type"":""MultiPoint"",""coordinates"":[]}"
0000000000000000087d_0,1,KBang,1169,1,0,1,14.49314860795193,108.42253377701644,1,2017,1164,18.509958,3082.7387473136187,2420.537351960532,0.12793307232968554,15,train,97,"{""type"":""MultiPoint"",""coordinates"":[]}"
00000000000000000a6e_0,1,KBang,1079,1,0,1,14.424429401617274,108.4098654709236,1,2016,1085,13.387883,3056.5912619680166,2430.7695342178336,0.13281217515915578,15,train,97,"{""type"":""MultiPoint"",""coordinates"":[]}"
00000000000000000671_0,1,KBang,830,1,0,0,14.292645129083738,108.51551049308183,0,0,834,11.126992,3283.608837634325,2704.4453318488963,0.22959055848618237,16,train,97,"{""type"":""MultiPoint"",""coordinates"":[]}"
000000000000000006c8_0,1,KBang,1020,1,0,1,14.405023393832678,108.44032113111865,1,2017,1027,12.460734,3056.5912619680166,2430.7695342178336,0.0989677200996566,16,train,97,"{""type"":""MultiPoint"",""coordinates"":[]}"
00000000000000000870_0,1,KBang,674,1,0,1,14.25195137286999,108.6270816605401,1,2018,674,16.069254,2920.2753743231297,2494.9070353260336,0.6915227295672488,16,train,97,"{""type"":""MultiPoint"",""coordinates"":[]}"
00000000000000000893_0,1,KBang,648,1,0,1,14.241169266522762,108.59231404962641,1,2017,656,14.635878,2988.904823511839,2527.354326276477,0.4124402776823243,16,train,97,"{""type"":""MultiPoint"",""coordinates"":[]}"
000000000000000009bd_0,1,KBang,952,1,1,0,14.397746140913458,108.42899947354395,1,2023,952,15.865146,3307.1987401247025,2646.067406310553,0.4108151811383083,16,train,97,"{""type"":""MultiPoint"",""coordinates"":[]}"
00000000000000000a14_0,1,KBang,888,1,0,1,14.275664872272218,108.42388042553459,1,2017,874,23.74628,3954.77065885067,3193.707802749039,0.7540454182186926,16,train,97,"{""type"":""MultiPoint"",""coordinates"":[]}"
00000000000000000c53_0,1,KBang,768,1,0,1,14.299922382002961,108.58988829865332,1,2016,759,18.65563,3139.498244166374,2607.9216171444064,0.4640093783470072,16,train,97,"{""type"":""MultiPoint"",""coordinates"":[]}"
000000000000000006fb_0,1,KBang,796,1,0,1,14.233084916312858,108.45891558251151,1,2018,799,15.722741,3116.021737858653,2587.275775269555,0.4638136197662397,17,train,97,"{""type"":""MultiPoint"",""coordinates"":[]}"
0000000000000000072d_0,1,KBang,792,1,0,1,14.326868729668934,108.57210094455114,1,2016,791,22.100666,3139.498244166374,2607.9216171444064,0.08896971004260479,17,train,97,"{""type"":""MultiPoint"",""coordinates"":[]}"
0000000000000000080e_0,1,KBang,1045,1,0,1,14.357863941091438,108.42576662528019,1,2018,1057,19.293089,3307.1987401247025,2646.067406310553,0.5484357160061449,17,train,97,"{""type"":""MultiPoint"",""coordinates"":[]}"
00000000000000000782_0,1,KBang,769,1,0,1,14.33010603703374,108.49233208580604,1,2016,772,15.044252,3410.552547223866,2766.438409104254,0.22108979758350444,18,train,97,"{""type"":""MultiPoint"",""coordinates"":[]}"
000000000000000009b1_0,1,KBang,1047,1,0,1,14.199940418182598,108.44274688209173,1,2017,1057,22.565474,3484.5955844521523,2837.824403122823,0.02007281182775489,18,train,97,"{""type"":""MultiPoint"",""coordinates"":[]}"
00000000000000000c09_0,1,KBang,802,1,0,0,14.341155689444177,108.49826269020711,0,0,785,21.969757,3410.552547223866,2766.438409104254,0.13919468752285358,18,train,97,"{""type"":""MultiPoint"",""coordinates"":[]}"
000000000000000007e8_0,1,KBang,1022,1,0,1,14.357324389863972,108.42522707405271,1,2017,1037,29.918766,3307.1987401247025,2646.067406310553,0.45055452890606507,19,train,97,"{""type"":""MultiPoint"",""coordinates"":[]}"
00000000000000000863_0,1,KBang,1103,1,0,0,14.497193012607406,108.40851882240547,0,0,1114,19.727985,3082.7387473136187,2420.537351960532,0.3417924052328646,19,train,97,"{""type"":""MultiPoint"",""coordinates"":[]}"
00000000000000000b29_0,1,KBang,774,1,0,1,14.215837113438132,108.47346562924889,1,2016,774,18.61924,3116.021737858653,2587.275775269555,0.4416921813318434,19,train,97,"{""type"":""MultiPoint"",""coordinates"":[]}"
00000000000000000bde_0,1,KBang,744,1,0,1,14.272432024008467,108.48155443855985,1,2017,736,11.653244,3299.3934005498886,2718.926994363391,0.20698373686926597,19,train,97,"{""type"":""MultiPoint"",""coordinates"":[]}"
0000000000000000074b_0,1,KBang,739,1,0,1,14.30477388394911,108.5877345528445,1,2016,740,16.61116,3139.498244166374,2607.9216171444064,0.1273439464316377,20,train,97,"{""type"":""MultiPoint"",""coordinates"":[]}"
0000000000000000076e_0,1,KBang,864,1,0,0,14.235782672450197,108.47131188344008,0,0,857,24.386015,3116.021737858653,2587.275775269555,0.15901975981234284,20,train,97,"{""type"":""MultiPoint"",""coordinates"":[]}"
00000000000000000810_0,1,KBang,765,1,0,0,14.230119614112317,108.4554107290835,0,0,776,14.739279,3116.021737858653,2587.275775269555,0.3712318715465073,20,train,97,"{""type"":""MultiPoint"",""coordinates"":[]}"
0000000000000000093a_0,1,KBang,898,1,0,0,14.372685992993095,108.33386901166972,0,0,889,24.953257,3714.876072347164,2911.4369120395304,0.251361081490867,20,train,97,"{""type"":""MultiPoint"",""coordinates"":[]}"
0000000000000000097a_0,1,KBang,676,1,0,0,14.234164018767796,108.56401659434123,0,0,676,20.158047,2988.904823511839,2527.354326276477,0.695771113332605,20,train,97,"{""type"":""MultiPoint"",""coordinates"":[]}"
00000000000000000aad_0,1,KBang,1008,1,0,0,14.390468887994235,108.4438215254456,0,0,1014,14.355769,3307.1987401247025,2646.067406310553,0.14521179922618854,21,train,97,"{""type"":""MultiPoint"",""coordinates"":[]}"
00000000000000000710_0,1,KBang,1010,1,0,1,14.426043596198625,108.45379653450215,1,2016,1001,13.387963,3026.558855623007,2396.239654855617,0.23352663395854012,22,train,97,"{""type"":""MultiPoint"",""coordinates"":[]}"
000000000000000008ec_0,1,KBang,706,1,0,1,14.364329637618932,108.45298497811042,1,2018,716,24.735964,3174.5908024162054,2515.3602785260928,0.09524402018572908,22,train,97,"{""type"":""MultiPoint"",""coordinates"":[]}"
00000000000000000984_0,1,KBang,780,1,0,1,14.224461014875498,108.43223678090874,1,2017,774,20.407038,3484.5955844521523,2837.824403122823,0.1906605712387841,22,train,97,"{""type"":""MultiPoint"",""coordinates"":[]}"
0000000000000000084e_0,1,KBang,1112,1,0,1,14.4856038089695,108.41902892358843,1,2016,1095,13.270616,3082.7387473136187,2420.537351960532,0.521535478150836,23,train,97,"{""type"":""MultiPoint"",""coordinates"":[]}"
00000000000000000b83_0,1,KBang,890,1,0,1,14.194009813781514,108.46376708445766,1,2013,892,32.683235,3179.5106303691864,2674.3027243573615,0.6845423730668361,24,train,97,"{""type"":""MultiPoint"",""coordinates"":[]}"
00000000000000000be0_0,1,KBang,934,1,0,1,14.382384537784338,108.43142522451703,1,2017,934,24.394972,3307.1987401247025,2646.067406310553,0.1372113682153805,24,train,97,"{""type"":""MultiPoint"",""coordinates"":[]}"
00000000000000000aa6_0,1,KBang,772,1,0,1,14.348160937199138,108.49987688478845,1,2003,767,5.519585,3410.552547223866,2766.438409104254,0.6717714099039725,25,train,97,"{""type"":""MultiPoint"",""coordinates"":[]}"
00000000000000000c34_0,1,KBang,706,1,0,0,14.217188221057327,108.42037557210656,0,0,706,27.456665,3484.5955844521523,2837.824403122823,0.592345032302213,27,train,97,"{""type"":""MultiPoint"",""coordinates"":[]}"
00000000000000000bd1_0,1,KBang,754,1,1,0,14.183227707434284,108.49071343212363,1,2021,767,21.025068,3179.5106303691864,2674.3027243573615,0.012677807900460691,28,train,97,"{""type"":""MultiPoint"",""coordinates"":[]}"
000000000000000009c1_0,1,KBang,886,1,0,1,14.220688615384281,108.46592083026648,1,2017,889,33.467293,3116.021737858653,2587.275775269555,0.31565518607174425,30,train,97,"{""type"":""MultiPoint"",""coordinates"":[]}"
000000000000000009e7_0,1,KBang,700,1,0,1,14.149271652912295,108.45891558251151,1,2016,732,45.05363,3364.3139811381698,2879.1407314955827,0.30639464128161076,35,train,97,"{""type"":""MultiPoint"",""coordinates"":[]}"
00000000000000000b8f_0,1,KBang,827,1,0,1,14.368913593501878,108.445440179128,1,2017,801,39.422157,3307.1987401247025,2646.067406310553,0.7626745426315591,39,train,97,"{""type"":""MultiPoint"",""coordinates"":[]}"
00000000000000000990_0,1,KBang,745,1,0,1,14.278362628409552,108.52008998986373,1,2016,743,2.9398842,3283.608837634325,2704.4453318488963,0.19177175123210854,2,train,98,"{""type"":""MultiPoint"",""coordinates"":[]}"
0000000000000000067b_0,1,KBang,851,1,0,1,14.19481691107219,108.45487117785603,1,2017,847,8.759325,3179.5106303691864,2674.3027243573615,0.04280009410207364,3,train,98,"{""type"":""MultiPoint"",""coordinates"":[]}"
000000000000000006a2_0,1,KBang,872,1,0,1,14.353279985208497,108.47966823881426,1,2018,871,10.096576,3174.5908024162054,2515.3602785260928,0.027396426455903344,4,train,98,"{""type"":""MultiPoint"",""coordinates"":[]}"
000000000000000006f0_0,1,KBang,790,1,0,1,14.321482135596373,108.574259149461,1,2018,789,8.013284,3139.498244166374,2607.9216171444064,0.46694434327626044,4,train,98,"{""type"":""MultiPoint"",""coordinates"":[]}"
0000000000000000097e_0,1,KBang,1086,1,0,0,14.441677204492006,108.41283077312416,0,0,1086,3.9354897,3056.5912619680166,2430.7695342178336,0.03422148133212022,4,train,98,"{""type"":""MultiPoint"",""coordinates"":[]}"
00000000000000000c1b_0,1,KBang,651,1,1,0,14.236589769740869,108.48586638927854,1,2022,651,5.991043,3116.021737858653,2587.275775269555,0.42190330029625966,6,train,98,"{""type"":""MultiPoint"",""coordinates"":[]}"
00000000000000000682_0,1,KBang,886,1,0,1,14.355977741345828,108.57048674996977,1,2016,887,7.3788605,3001.057534530759,2400.0190920016626,0.38455434271556865,7,train,98,"{""type"":""MultiPoint"",""coordinates"":[]}"
00000000000000000955_0,1,KBang,1212,1,0,1,14.50823820591679,108.37806762131147,1,2016,1212,6.7388783,3205.2258018553257,2562.2362008570512,0.45294757109467143,7,train,98,"{""type"":""MultiPoint"",""coordinates"":[]}"
00000000000000000c57_0,1,KBang,997,1,0,1,14.426315601362885,108.46592083026647,1,2016,997,6.9218545,3026.558855623007,2396.239654855617,0.4905758363163387,7,train,98,"{""type"":""MultiPoint"",""coordinates"":[]}"
00000000000000000c74_0,1,KBang,673,1,1,0,14.268120073289785,108.43331142426261,1,2019,671,3.991656,3954.77065885067,3193.707802749039,0.4091402838399756,7,train,98,"{""type"":""MultiPoint"",""coordinates"":[]}"
000000000000000008b4_0,1,KBang,771,1,0,1,14.267040970834854,108.62303725588463,1,2018,774,9.65574,2920.2753743231297,2494.9070353260336,0.33441678876022163,8,train,98,"{""type"":""MultiPoint"",""coordinates"":[]}"
00000000000000000a09_0,1,KBang,1098,1,0,0,14.440058550809605,108.42037557210656,0,0,1096,13.428643,3056.5912619680166,2430.7695342178336,0.672001043905952,8,train,98,"{""type"":""MultiPoint"",""coordinates"":[]}"
00000000000000000ab1_0,1,KBang,1114,1,0,1,14.433053303054644,108.3980087212225,1,2016,1110,10.545018,3230.138293027878,2568.9875608114658,0.794097465364268,9,train,98,"{""type"":""MultiPoint"",""coordinates"":[]}"
00000000000000000ae2_0,1,KBang,719,1,1,0,14.288600724428264,108.59473980059947,1,2022,719,8.598541,3002.574410483241,2569.066161002828,0.23266373027714482,9,train,98,"{""type"":""MultiPoint"",""coordinates"":[]}"
00000000000000000b88_0,1,KBang,1164,1,0,1,14.48533180380524,108.39288967321313,1,2017,1158,8.34274,3139.124945908785,2478.474790363861,0.43695926149755104,10,train,98,"{""type"":""MultiPoint"",""coordinates"":[]}"
000000000000000006c1_0,1,KBang,729,1,0,0,14.278630174472758,108.4710443373769,0,0,737,13.924754,3299.3934005498886,2718.926994363391,0.3384614357348712,11,train,98,"{""type"":""MultiPoint"",""coordinates"":[]}"
000000000000000006ed_0,1,KBang,871,1,1,0,14.416073046243119,108.55512514684065,1,2022,871,11.032607,3010.9200901687145,2435.0759028388934,0.4518441431630449,11,train,98,"{""type"":""MultiPoint"",""coordinates"":[]}"
00000000000000000b0a_0,1,KBang,1124,1,0,0,14.51470836154534,108.42334087430712,0,0,1124,10.524071,2982.197799295187,2381.099704130859,0.588047740386509,11,train,98,"{""type"":""MultiPoint"",""coordinates"":[]}"
00000000000000000865_0,1,KBang,684,1,1,0,14.274590228918335,108.44894503255601,1,2019,684,11.74066,3954.77065885067,3193.707802749039,0.0331844723058311,12,train,98,"{""type"":""MultiPoint"",""coordinates"":[]}"
00000000000000000a95_0,1,KBang,713,1,0,1,14.217995318348002,108.41579607532469,1,2017,707,13.044616,3484.5955844521523,2837.824403122823,0.007122423123449573,12,train,98,"{""type"":""MultiPoint"",""coordinates"":[]}"
000000000000000006a3_0,1,KBang,635,1,1,0,14.258689074561747,108.43466253188181,1,2023,627,5.99128,3954.77065885067,3193.707802749039,0.06965804528947195,14,train,98,"{""type"":""MultiPoint"",""coordinates"":[]}"
00000000000000000b14_0,1,KBang,678,1,0,0,14.265966327480973,108.61522045173795,0,0,669,5.3155055,2920.2753743231297,2494.9070353260336,0.17768995177596025,14,train,98,"{""type"":""MultiPoint"",""coordinates"":[]}"
000000000000000007f1_0,1,KBang,1003,1,0,1,14.407181598742545,108.42819237625326,1,2018,1003,15.013466,3056.5912619680166,2430.7695342178336,0.22884385059444323,15,train,98,"{""type"":""MultiPoint"",""coordinates"":[]}"
00000000000000000ba3_0,1,KBang,1036,1,0,1,14.43763279983653,108.46080178225712,1,2017,1045,11.82812,3026.558855623007,2396.239654855617,0.38972367864594515,16,train,98,"{""type"":""MultiPoint"",""coordinates"":[]}"
0000000000000000068b_0,1,KBang,675,1,0,1,14.165444812433137,108.47966823881426,1,2010,679,16.669512,3179.5106303691864,2674.3027243573615,0.2277984540874023,17,train,98,"{""type"":""MultiPoint"",""coordinates"":[]}"
0000000000000000093e_0,1,KBang,1127,1,1,0,14.501232958161832,108.42172667972578,1,2019,1114,19.622334,2982.197799295187,2381.099704130859,0.6807546711820249,17,train,98,"{""type"":""MultiPoint"",""coordinates"":[]}"
00000000000000000a7a_0,1,KBang,784,1,1,0,14.210450519365567,108.45514318302028,1,2020,780,17.616089,3116.021737858653,2587.275775269555,0.4790318530549098,17,train,98,"{""type"":""MultiPoint"",""coordinates"":[]}"
00000000000000000b67_0,1,KBang,1018,1,0,1,14.42577605013542,108.45406408056536,1,2016,1008,18.980873,3026.558855623007,2396.239654855617,0.5616933967595731,17,train,98,"{""type"":""MultiPoint"",""coordinates"":[]}"
00000000000000000b42_0,1,KBang,721,1,0,0,14.217995318348002,108.42091512333404,0,0,721,18.64945,3484.5955844521523,2837.824403122823,0.5409977995587596,19,train,98,"{""type"":""MultiPoint"",""coordinates"":[]}"
00000000000000000803_0,1,KBang,1071,1,0,1,14.493416154015136,108.47481673686809,1,2016,1061,24.951359,3062.020653218031,2418.2485376937757,0.6722763982638317,20,train,98,"{""type"":""MultiPoint"",""coordinates"":[]}"
00000000000000000722_0,1,KBang,739,1,0,1,14.257070420879348,108.62438390440278,1,2016,723,14.135414,2920.2753743231297,2494.9070353260336,0.1115713831723959,21,train,98,"{""type"":""MultiPoint"",""coordinates"":[]}"
00000000000000000a31_0,1,KBang,884,1,0,1,14.356784838636502,108.55593224413133,1,2018,868,23.67003,3001.057534530759,2400.0190920016626,0.1575256157668634,21,train,98,"{""type"":""MultiPoint"",""coordinates"":[]}"
000000000000000009ad_0,1,KBang,905,1,0,1,14.19724266204526,108.4516383295923,1,2016,911,22.661253,3179.5106303691864,2674.3027243573615,0.1423523257777547,23,train,98,"{""type"":""MultiPoint"",""coordinates"":[]}"
00000000000000000b3d_0,1,KBang,731,1,0,0,14.280788379382622,108.48855968631482,0,0,745,33.979748,3299.3934005498886,2718.926994363391,0.2898724586631227,34,train,98,"{""type"":""MultiPoint"",""coordinates"":[]}"
00000000000000000b6f_0,1,KBang,769,1,1,0,14.204252368901278,108.42064757727083,1,2021,763,24.006102,3484.5955844521523,2837.824403122823,0.3761266882565868,35,train,98,"{""type"":""MultiPoint"",""coordinates"":[]}"
00000000000000000680_0,1,KBang,833,1,0,0,14.369988236855754,108.44463308183731,0,0,800,42.62768,3307.1987401247025,2646.067406310553,0.26201980053751805,44,train,98,"{""type"":""MultiPoint"",""coordinates"":[]}"
00000000000000000834_0,1,KBang,709,1,0,1,14.21017851420131,108.4193009287527,1,2014,709,0.92740995,3484.5955844521523,2837.824403122823,0.013087336614110212,1,train,100,"{""type"":""MultiPoint"",""coordinates"":[]}"
000000000000000006ae_0,1,KBang,721,1,0,0,14.277551072017824,108.47804958513184,0,0,719,2.663555,3299.3934005498886,2718.926994363391,0.5134948485142533,2,train,100,"{""type"":""MultiPoint"",""coordinates"":[]}"
00000000000000000772_0,1,KBang,680,1,0,1,14.253837572615598,108.54488259172089,1,2016,683,6.0117598,3283.608837634325,2704.4453318488963,0.3822057485128387,2,train,100,"{""type"":""MultiPoint"",""coordinates"":[]}"
00000000000000000a53_0,1,KBang,916,1,1,0,14.385621845149142,108.40312776923184,1,2019,919,14.973123,3307.1987401247025,2646.067406310553,0.7162301849518176,2,train,100,"{""type"":""MultiPoint"",""coordinates"":[]}"
0000000000000000066c_0,1,KBang,656,1,0,1,14.191316516745234,108.48101488733239,1,2018,657,6.72269,3179.5106303691864,2674.3027243573615,0.46807273818942263,3,train,100,"{""type"":""MultiPoint"",""coordinates"":[]}"
000000000000000009d8_0,1,KBang,870,1,0,1,14.35112623939968,108.48155443855985,1,2018,868,7.217824,3174.5908024162054,2515.3602785260928,0.7570929422569787,3,train,100,"{""type"":""MultiPoint"",""coordinates"":[]}"
00000000000000000abf_0,1,KBang,869,1,1,0,14.384810288757409,108.43115767845381,1,2021,868,2.0866077,3307.1987401247025,2646.067406310553,0.31872140741667765,3,train,100,"{""type"":""MultiPoint"",""coordinates"":[]}"
00000000000000000c73_0,1,KBang,734,1,0,1,14.251411821642524,108.53410494447472,1,2016,737,2.7802885,3283.608837634325,2704.4453318488963,0.09011943027474922,3,train,100,"{""type"":""MultiPoint"",""coordinates"":[]}"
00000000000000000842_0,1,KBang,755,1,0,1,14.258956620624955,108.45891558251151,1,2009,757,3.4140158,3299.3934005498886,2718.926994363391,0.18728365792037915,4,train,100,"{""type"":""MultiPoint"",""coordinates"":[]}"
00000000000000000b5d_0,1,KBang,754,1,0,1,14.21017851420131,108.502842186989,1,2018,754,4.245143,3132.6109425723553,2663.5936415282367,0.41044965019388957,4,train,100,"{""type"":""MultiPoint"",""coordinates"":[]}"
00000000000000000778_0,1,KBang,645,1,0,0,14.178648210652396,108.50931234261755,0,0,644,0.0,2927.8332602009177,2497.137565198986,0.515120192353278,5,train,100,"{""type"":""MultiPoint"",""coordinates"":[]}"
00000000000000000891_0,1,KBang,1065,1,0,1,14.376458392484308,108.42172667972578,1,2016,1061,7.905955,3307.1987401247025,2646.067406310553,0.49951862097124033,5,train,100,"{""type"":""MultiPoint"",""coordinates"":[]}"
000000000000000006bb_0,1,KBang,790,1,0,1,14.321482135596373,108.4950253828423,1,2014,792,4.7224665,3410.552547223866,2766.438409104254,0.30077103700464836,6,train,100,"{""type"":""MultiPoint"",""coordinates"":[]}"
0000000000000000076c_0,1,KBang,843,1,0,1,14.285367876164512,108.46942568369447,1,2016,848,1.8543341,3299.3934005498886,2718.926994363391,0.7981032429969388,6,train,100,"{""type"":""MultiPoint"",""coordinates"":[]}"
00000000000000000840_0,1,KBang,880,1,1,0,14.367562485882681,108.5583579951044,1,2019,880,1.9141612,3001.057534530759,2400.0190920016626,0.015851072541131273,6,train,100,"{""type"":""MultiPoint"",""coordinates"":[]}"
000000000000000008ee_0,1,KBang,739,1,0,1,14.264615219861776,108.5467687914665,1,2016,739,5.547545,3283.608837634325,2704.4453318488963,0.22952730713749492,6,train,100,"{""type"":""MultiPoint"",""coordinates"":[]}"
00000000000000000675_0,1,KBang,694,1,0,0,14.272971575235934,108.59554689789015,0,0,694,7.3405485,3002.574410483241,2569.066161002828,0.18836004215102542,7,train,100,"{""type"":""MultiPoint"",""coordinates"":[]}"
0000000000000000077b_0,1,KBang,959,1,1,0,14.385621845149142,108.46592083026648,1,2020,957,2.0866094,3174.5908024162054,2515.3602785260928,0.3211173795352834,7,train,100,"{""type"":""MultiPoint"",""coordinates"":[]}"
0000000000000000079b_0,1,KBang,716,1,0,1,14.272971575235934,108.52898143736431,1,2018,716,6.9174967,3283.608837634325,2704.4453318488963,0.1489918565077718,7,train,100,"{""type"":""MultiPoint"",""coordinates"":[]}"
000000000000000007a0_0,1,KBang,844,1,1,0,14.36675538859201,108.56401659434123,1,2022,842,5.31673,3001.057534530759,2400.0190920016626,0.30917760720374976,7,train,100,"{""type"":""MultiPoint"",""coordinates"":[]}"
0000000000000000087a_0,1,KBang,775,1,0,1,14.23712932096834,108.45137078352907,1,2016,775,13.117116,3116.021737858653,2587.275775269555,0.47258350599174037,7,train,100,"{""type"":""MultiPoint"",""coordinates"":[]}"
000000000000000008f6_0,1,KBang,783,1,0,1,14.237668872195801,108.45137078352907,1,2016,783,5.7958827,3116.021737858653,2587.275775269555,0.6810766544380688,7,train,100,"{""type"":""MultiPoint"",""coordinates"":[]}"
00000000000000000b25_0,1,KBang,694,1,0,1,14.271892472781,108.59851220009068,1,2016,697,7.4939594,3002.574410483241,2569.066161002828,0.3181361914593025,7,train,100,"{""type"":""MultiPoint"",""coordinates"":[]}"
00000000000000000c1d_0,1,KBang,948,1,0,1,14.391547990449167,108.44894503255601,1,2016,948,6.672446,3307.1987401247025,2646.067406310553,0.5499073687502866,7,train,100,"{""type"":""MultiPoint"",""coordinates"":[]}"
000000000000000008b1_0,1,KBang,693,1,0,1,14.25976817701668,108.60713610152806,1,2016,696,6.5341115,2920.2753743231297,2494.9070353260336,0.28962864354506346,8,train,100,"{""type"":""MultiPoint"",""coordinates"":[]}"
00000000000000000946_0,1,KBang,644,1,0,0,14.178380664589184,108.50931234261755,0,0,644,2.6629531,2927.8332602009177,2497.137565198986,0.6038093267896079,8,train,100,"{""type"":""MultiPoint"",""coordinates"":[]}"
000000000000000006b3_0,1,KBang,717,1,0,1,14.207485217165026,108.41714272384283,1,2014,712,9.865283,3484.5955844521523,2837.824403122823,0.7907117811605417,9,train,100,"{""type"":""MultiPoint"",""coordinates"":[]}"
000000000000000006e5_0,1,KBang,605,1,1,0,14.28105592544583,108.44651928158292,1,2019,605,8.742591,3954.77065885067,3193.707802749039,0.312189140685875,9,train,100,"{""type"":""MultiPoint"",""coordinates"":[]}"
000000000000000007b5_0,1,KBang,639,1,0,1,14.14846455562162,108.46376708445766,1,2014,655,20.155962,3364.3139811381698,2879.1407314955827,0.31904364919943984,9,train,100,"{""type"":""MultiPoint"",""coordinates"":[]}"
00000000000000000884_0,1,KBang,772,1,0,1,14.306927629757924,108.62815630389399,1,2018,772,9.106139,2904.3306356593966,2447.77248901683,0.2908645559775852,9,train,100,"{""type"":""MultiPoint"",""coordinates"":[]}"
00000000000000000bdd_0,1,KBang,602,1,0,1,14.285367876164512,108.48963878876975,1,2016,605,16.826126,3299.3934005498886,2718.926994363391,0.16320579542630098,9,train,100,"{""type"":""MultiPoint"",""coordinates"":[]}"
00000000000000000798_0,1,KBang,652,1,1,0,14.253298021388133,108.58557634793463,1,2019,652,9.532556,3002.574410483241,2569.066161002828,0.2386032049230965,10,train,100,"{""type"":""MultiPoint"",""coordinates"":[]}"
000000000000000006eb_0,1,KBang,788,1,0,0,14.264887225026039,108.45244542688296,0,0,780,15.949246,3299.3934005498886,2718.926994363391,0.4130116162711859,11,train,100,"{""type"":""MultiPoint"",""coordinates"":[]}"
00000000000000000a87_0,1,KBang,799,1,1,0,14.341690781570591,108.51362429333624,1,2023,799,13.050705,3361.179399266839,2766.2203726602984,0.44081535324033716,11,train,100,"{""type"":""MultiPoint"",""coordinates"":[]}"
00000000000000000c25_0,1,KBang,532,1,0,1,14.180534410398002,108.53679824151101,1,2018,532,11.032524,2927.8332602009177,2497.137565198986,0.48896778283877573,11,train,100,"{""type"":""MultiPoint"",""coordinates"":[]}"
000000000000000007d2_0,1,KBang,749,1,0,0,14.273239121299143,108.56024419485,0,0,749,8.977391,3002.574410483241,2569.066161002828,0.5532345614027598,12,train,100,"{""type"":""MultiPoint"",""coordinates"":[]}"
000000000000000009c6_0,1,KBang,846,1,0,1,14.361636340582653,108.56213039459563,1,2018,844,7.439351,3001.057534530759,2400.0190920016626,0.3772433112844319,12,train,100,"{""type"":""MultiPoint"",""coordinates"":[]}"
00000000000000000acb_0,1,KBang,881,1,0,1,14.279437271763431,108.42738527896259,1,2016,882,5.4379377,3954.77065885067,3193.707802749039,0.11380241120886536,12,train,100,"{""type"":""MultiPoint"",""coordinates"":[]}"
00000000000000000be8_0,1,KBang,711,1,0,1,14.27512532104475,108.55081319612196,1,2016,711,12.4972725,3002.574410483241,2569.066161002828,0.6658730191635407,12,train,100,"{""type"":""MultiPoint"",""coordinates"":[]}"
00000000000000000b26_0,1,KBang,792,1,0,0,14.306927629757924,108.57318004700605,0,0,792,12.775064,3139.498244166374,2607.9216171444064,0.5078888266678792,13,train,100,"{""type"":""MultiPoint"",""coordinates"":[]}"
00000000000000000b27_0,1,KBang,1015,1,0,1,14.406909593578286,108.4276528250258,1,2018,1023,14.758792,3056.5912619680166,2430.7695342178336,0.645186590136435,13,train,100,"{""type"":""MultiPoint"",""coordinates"":[]}"
00000000000000000685_0,1,KBang,756,1,0,1,14.26434767379857,108.45864357734725,1,2018,756,13.5357895,3299.3934005498886,2718.926994363391,0.36167881030742877,14,train,100,"{""type"":""MultiPoint"",""coordinates"":[]}"
00000000000000000720_0,1,KBang,1045,1,0,1,14.412300646751904,108.3998949209681,1,2016,1038,17.430195,3230.138293027878,2568.9875608114658,0.15183987142251487,14,train,100,"{""type"":""MultiPoint"",""coordinates"":[]}"
000000000000000008f7_0,1,KBang,709,1,0,1,14.268659624517252,108.5265601454923,1,2016,710,13.535851,3283.608837634325,2704.4453318488963,0.7474995173117801,14,train,100,"{""type"":""MultiPoint"",""coordinates"":[]}"
00000000000000000a0d_0,1,KBang,650,1,0,1,14.19940086695513,108.48855968631482,1,2018,653,13.066939,3179.5106303691864,2674.3027243573615,0.015374076313064977,14,train,100,"{""type"":""MultiPoint"",""coordinates"":[]}"
00000000000000000c60_0,1,KBang,733,1,0,1,14.132835406429292,108.5365306954478,0,2013,738,8.972438,3335.206618718803,2843.7770705979806,0.21838296363744714,14,train,100,"{""type"":""MultiPoint"",""coordinates"":[]}"
0000000000000000085d_0,1,KBang,707,1,0,1,14.260842820370561,108.4438215254456,1,2017,699,10.2689905,3954.77065885067,3193.707802749039,0.3359257450493387,15,train,100,"{""type"":""MultiPoint"",""coordinates"":[]}"
00000000000000000b69_0,1,KBang,802,1,1,0,14.334417987752422,108.51874334134558,1,2022,802,14.754649,3361.179399266839,2766.2203726602984,0.26086616488452374,15,train,100,"{""type"":""MultiPoint"",""coordinates"":[]}"
00000000000000000bfe_0,1,KBang,848,1,1,0,14.362982989100795,108.59824465402748,1,2023,843,10.150006,3001.057534530759,2400.0190920016626,0.7376794727733679,15,train,100,"{""type"":""MultiPoint"",""coordinates"":[]}"
00000000000000000a82_0,1,KBang,886,1,0,1,14.385621845149142,108.42010802604338,1,2016,879,8.2891,3307.1987401247025,2646.067406310553,0.7060046761909341,16,train,100,"{""type"":""MultiPoint"",""coordinates"":[]}"
00000000000000000aed_0,1,KBang,874,1,1,0,14.3910084392217,108.32497756416915,1,2019,883,16.245712,3714.876072347164,2911.4369120395304,0.5675200832755793,16,train,100,"{""type"":""MultiPoint"",""coordinates"":[]}"
00000000000000000b48_0,1,KBang,634,1,0,0,14.147657458330947,108.48451528165936,0,0,634,15.626957,3364.3139811381698,2879.1407314955827,0.6474229412111255,16,train,100,"{""type"":""MultiPoint"",""coordinates"":[]}"
00000000000000000b6c_0,1,KBang,576,1,0,1,14.228772965594178,108.52817434007362,1,2018,576,16.420347,3132.6109425723553,2663.5936415282367,0.055715263161280504,16,train,100,"{""type"":""MultiPoint"",""coordinates"":[]}"
0000000000000000081d_0,1,KBang,618,1,1,0,14.206138568646887,108.50068844118019,1,2019,628,17.677008,3132.6109425723553,2663.5936415282367,0.25468521569187375,18,train,100,"{""type"":""MultiPoint"",""coordinates"":[]}"
00000000000000000af9_0,1,KBang,797,1,1,0,14.348160937199138,108.49691158258793,1,2020,808,11.898388,3410.552547223866,2766.438409104254,0.36697199936195457,18,train,100,"{""type"":""MultiPoint"",""coordinates"":[]}"
000000000000000007cf_0,1,KBang,993,1,0,1,14.4104144470063,108.47643093144944,1,2016,1000,18.108234,3026.558855623007,2396.239654855617,0.6561007191948502,19,train,100,"{""type"":""MultiPoint"",""coordinates"":[]}"
000000000000000008c1_0,1,KBang,735,1,0,1,14.255723772361206,108.4357371752357,1,2018,728,21.022821,3954.77065885067,3193.707802749039,0.2473449685597513,19,train,100,"{""type"":""MultiPoint"",""coordinates"":[]}"
00000000000000000be6_0,1,KBang,677,1,0,1,14.282942125191438,108.43358342942687,1,2016,678,18.796179,3954.77065885067,3193.707802749039,0.6366744834567725,19,train,100,"{""type"":""MultiPoint"",""coordinates"":[]}"
000000000000000006c5_0,1,KBang,744,1,0,0,14.389122239476093,108.45352452933788,0,0,749,13.645327,3174.5908024162054,2515.3602785260928,0.2710565392356934,20,train,100,"{""type"":""MultiPoint"",""coordinates"":[]}"
000000000000000007c7_0,1,KBang,765,1,1,0,14.32309633017772,108.51011943990822,1,2022,759,24.420456,3361.179399266839,2766.2203726602984,0.6989915347575829,20,train,100,"{""type"":""MultiPoint"",""coordinates"":[]}"
00000000000000000adb_0,1,KBang,694,1,0,1,14.233624467540327,108.48155443855985,1,2016,697,28.126802,3116.021737858653,2587.275775269555,0.660873673471028,20,train,100,"{""type"":""MultiPoint"",""coordinates"":[]}"
0000000000000000099a_0,1,KBang,707,1,0,1,14.276204423499685,108.55000609883129,1,2001,700,22.440346,3283.608837634325,2704.4453318488963,0.32239881782463387,21,train,100,"{""type"":""MultiPoint"",""coordinates"":[]}"
00000000000000000860_0,1,KBang,837,1,0,0,14.212064713946917,108.46861858640382,0,0,827,19.691586,3116.021737858653,2587.275775269555,0.17620964191671995,22,train,100,"{""type"":""MultiPoint"",""coordinates"":[]}"
00000000000000000a76_0,1,KBang,664,1,0,0,14.210718065428777,108.4777775799676,0,0,664,22.825352,3116.021737858653,2587.275775269555,0.6874741303127127,23,train,100,"{""type"":""MultiPoint"",""coordinates"":[]}"
00000000000000000a88_0,1,KBang,754,1,0,1,14.20856431961996,108.47777757996758,1,2017,754,26.160513,3116.021737858653,2587.275775269555,0.4069737513292002,26,train,100,"{""type"":""MultiPoint"",""coordinates"":[]}"
000000000000000009c9_0,1,KBang,636,1,0,1,14.294259323665083,108.45406408056536,1,2017,653,22.909597,3299.3934005498886,2718.926994363391,0.02121104403417895,27,train,100,"{""type"":""MultiPoint"",""coordinates"":[]}"
00000000000000000a00_0,1,KBang,673,1,0,1,14.36837404227441,108.45433162662857,1,2017,693,33.7673,3174.5908024162054,2515.3602785260928,0.19425869776967264,27,train,100,"{""type"":""MultiPoint"",""coordinates"":[]}"
00000000000000000bea_0,1,KBang,738,1,1,0,14.258149523334282,108.43789538014558,1,2023,717,32.818287,3954.77065885067,3193.707802749039,0.5409527845661757,28,train,100,"{""type"":""MultiPoint"",""coordinates"":[]}"
00000000000000000c2e_0,1,KBang,695,1,0,0,14.129063006938074,108.53625869028353,0,0,706,24.934801,3335.206618718803,2843.7770705979806,0.6728742089421024,28,train,100,"{""type"":""MultiPoint"",""coordinates"":[]}"
