system:index,B11,B12,B2,B3,B4,B8,NBR,NDVI,district,elev,label,label_std,label_test_period,label_train_period,lat,lon,loss_any_2001_2024,loss_first_year,mean_elevation_m,mean_slope_deg,rain_last12m_total_mm,rain_mean_annual_2000_2024_mm,rand,slope,split,treecover2000,.geo
000000000000000002a4_0,2960.0,2264.0,720.0,1004.0,1116.0,2710.0,0.08966626,0.41662312,MangYang,218,0,0,0,1,13.67833261335471,108.33507296895415,1,2012,218,3.370558,2483.8519527492754,2070.232818392862,0.10512027204245922,3.370558,train,44,"{""type"":""MultiPoint"",""coordinates"":[]}"
00000000000000000258_0,3199.0,2135.0,570.0,921.0,917.0,2879.0,0.14838453,0.5168598,MangYang,230,0,0,0,0,13.687224060855284,108.34773681594595,0,0,230,3.986486,2483.8519527492754,2070.232818392862,0.22688507297025418,3.986486,train,0,"{""type"":""MultiPoint"",""coordinates"":[]}"
000000000000000001d6_0,3827.5,2758.0,1021.0,1342.5,1590.0,2880.5,0.021725636,0.28867018,MangYang,235,0,0,1,0,13.693961762547039,108.23724475094261,1,2020,235,5.8628073,2456.6312268701563,2052.0138249042984,0.18587597281680202,5.8628073,train,44,"{""type"":""MultiPoint"",""coordinates"":[]}"
00000000000000000270_0,3601.0,2697.5,732.0,1049.0,1308.0,2870.0,0.030983387,0.3738631,MangYang,241,0,0,0,1,13.695308411065179,108.346657713491,1,2014,241,8.074273,2483.8519527492754,2070.232818392862,0.2868497055344015,8.074273,train,71,"{""type"":""MultiPoint"",""coordinates"":[]}"
00000000000000000039_0,4202.0,3374.5,796.0,1104.5,1494.5,2774.0,-0.0976661,0.29975402,MangYang,248,0,0,0,1,13.695580416229442,108.3463901674278,1,2014,248,5.782694,2483.8519527492754,2070.232818392862,0.21003166618887215,5.782694,train,52,"{""type"":""MultiPoint"",""coordinates"":[]}"
00000000000000000060_0,3811.0,2616.0,1050.0,1260.0,1466.0,2809.0,0.035576038,0.31415203,MangYang,257,0,0,0,1,13.700971469403058,108.37441561754872,1,2013,257,7.6164613,2511.621006313942,2162.1681395120972,0.3251431050264304,7.6164613,train,41,"{""type"":""MultiPoint"",""coordinates"":[]}"
000000000000000002fd_0,2708.0,1901.0,569.0,840.0,856.0,2996.0,0.22360629,0.5555556,MangYang,259,0,0,0,1,13.712021121813496,108.24290335017942,0,2016,262,3.408309,2777.4454072797907,2342.4838604394245,0.4182555437787453,4.851146,train,14,"{""type"":""MultiPoint"",""coordinates"":[]}"
0000000000000000024c_0,4024.0,3158.0,708.0,926.0,1285.0,2379.0,-0.14068991,0.2985808,MangYang,359,0,0,0,1,13.728996919523965,108.36363797030252,0,2014,359,8.578158,2511.621006313942,2162.1681395120972,0.7516349252764364,8.578158,train,21,"{""type"":""MultiPoint"",""coordinates"":[]}"
000000000000000000e9_0,3707.0,2981.5,789.0,991.5,1167.5,2687.5,-0.051861,0.39429313,MangYang,387,0,0,0,1,13.722798769059676,108.35905847352063,1,2015,387,5.107887,2511.621006313942,2162.1681395120972,0.49105908083137295,5.107887,train,31,"{""type"":""MultiPoint"",""coordinates"":[]}"
000000000000000000df_0,2611.0,2077.0,640.0,1003.0,1210.0,2361.0,0.06399279,0.32231867,MangYang,431,0,0,0,1,13.708516268385488,108.3579793710657,0,2015,431,7.598676,2511.621006313942,2162.1681395120972,0.41095693894440966,7.598676,train,27,"{""type"":""MultiPoint"",""coordinates"":[]}"
00000000000000000276_0,2285.5,1536.5,456.0,672.0,822.0,2312.0,0.20150708,0.47543076,MangYang,479,0,0,0,1,13.710670014194303,108.25395300258987,1,2010,479,5.9990163,2730.454711684454,2278.9206159417986,0.017817328084430595,5.9990163,train,79,"{""type"":""MultiPoint"",""coordinates"":[]}"
00000000000000000170_0,2027.0,1218.0,440.0,658.0,574.0,2606.0,0.3629707,0.63899374,MangYang,483,0,0,0,1,13.727650271005825,108.2614978015723,1,2008,483,7.9030786,2730.454711684454,2278.9206159417986,0.011729355913700279,7.9030786,train,95,"{""type"":""MultiPoint"",""coordinates"":[]}"
00000000000000000214_0,2126.5,1612.5,518.0,732.0,984.5,1901.0,0.08211186,0.3176226,MangYang,483,0,0,0,1,13.714981964912983,108.25233880800852,1,2009,483,6.6255984,2730.454711684454,2278.9206159417986,0.2033771066812411,6.6255984,train,85,"{""type"":""MultiPoint"",""coordinates"":[]}"
00000000000000000075_0,1541.0,732.0,387.0,587.0,362.0,3575.0,0.66008824,0.81610364,MangYang,484,0,0,0,1,13.72791781706903,108.26042315821842,1,2009,486,5.0024557,2730.454711684454,2278.9206159417986,0.5351610373348981,4.165193,train,81,"{""type"":""MultiPoint"",""coordinates"":[]}"
000000000000000002ca_0,2383.5,1509.5,686.5,963.5,972.0,2498.0,0.24666251,0.43976945,MangYang,493,0,0,0,0,13.736002167278928,108.27120080546459,0,0,493,12.204934,2730.454711684454,2278.9206159417986,0.3926631141459672,12.204934,train,0,"{""type"":""MultiPoint"",""coordinates"":[]}"
00000000000000000194_0,2259.0,1438.0,413.0,660.0,631.0,2508.0,0.27116066,0.5979611,MangYang,494,0,0,0,1,13.730076021978899,108.26688885474593,1,2008,494,4.6273675,2730.454711684454,2278.9206159417986,0.5800475656379247,4.6273675,train,37,"{""type"":""MultiPoint"",""coordinates"":[]}"
00000000000000000018_0,1991.0,1484.0,447.0,677.0,1074.0,2585.0,0.27058247,0.41295436,MangYang,497,0,0,0,1,13.760259677009675,108.18846664451897,1,2017,496,2.660467,3112.0567742195176,2600.9374859346635,0.22564664278773328,2.0854118,train,79,"{""type"":""MultiPoint"",""coordinates"":[]}"
0000000000000000018e_0,1956.0,978.0,361.0,627.0,364.0,2814.0,0.4841772,0.7709251,MangYang,499,0,0,0,1,13.73762082096133,108.28359710639319,1,2006,499,3.9869237,2730.454711684454,2278.9206159417986,0.6467004031423573,3.9869237,train,44,"{""type"":""MultiPoint"",""coordinates"":[]}"
0000000000000000006d_0,1500.0,721.0,361.0,612.0,455.0,3047.0,0.6173036,0.7401485,MangYang,501,0,0,0,1,13.759720125782207,108.23050704925086,0,2014,501,6.2342763,2659.5984112127558,2256.6868873639964,0.08552519251773638,6.2342763,train,17,"{""type"":""MultiPoint"",""coordinates"":[]}"
000000000000000002c9_0,2011.0,993.0,468.0,694.0,439.0,3578.0,0.5655218,0.78142893,MangYang,503,0,0,0,1,13.736002167278928,108.26554220622776,1,2008,503,5.3092303,2730.454711684454,2278.9206159417986,0.7035856132231043,5.3092303,train,95,"{""type"":""MultiPoint"",""coordinates"":[]}"
0000000000000000020e_0,2320.5,1487.5,422.0,611.5,692.0,2442.0,0.24290623,0.5583918,MangYang,504,0,0,0,1,13.743011874134941,108.27200790275526,1,2008,504,1.908947,2730.454711684454,2278.9206159417986,0.4002493646376255,1.908947,train,85,"{""type"":""MultiPoint"",""coordinates"":[]}"
000000000000000000ed_0,2351.0,1824.0,432.0,589.0,974.0,1847.0,0.0062653227,0.30946472,MangYang,505,0,0,0,1,13.743279420198153,108.25233880800852,1,2009,505,12.161749,2730.454711684454,2278.9206159417986,0.7579125659676983,12.161749,train,70,"{""type"":""MultiPoint"",""coordinates"":[]}"
00000000000000000044_0,2078.0,958.0,486.0,630.0,436.0,3291.0,0.54907036,0.7660317,MangYang,506,0,0,0,1,13.743011874134943,108.25772540208109,1,2009,506,5.309311,2730.454711684454,2278.9206159417986,0.4686921273927743,5.309311,train,95,"{""type"":""MultiPoint"",""coordinates"":[]}"
00000000000000000189_0,2712.5,1793.5,524.0,767.0,920.5,2721.5,0.2055371,0.4945085,MangYang,507,0,0,0,1,13.757026828745925,108.27443365372835,1,2010,507,8.43092,2576.006629064679,2170.6907414495013,0.25888742761619854,8.43092,train,76,"{""type"":""MultiPoint"",""coordinates"":[]}"
00000000000000000229_0,1743.0,1432.0,491.0,650.0,1111.0,1521.0,0.030138843,0.15577507,MangYang,507,0,0,0,1,13.74193277168001,108.26931460571899,1,2011,507,2.0853777,2730.454711684454,2278.9206159417986,0.5000463983826031,2.0853777,train,87,"{""type"":""MultiPoint"",""coordinates"":[]}"
00000000000000000011_0,1874.0,1023.5,326.5,569.0,358.0,3017.0,0.49337953,0.78785187,MangYang,508,0,0,0,1,13.73762082096133,108.2830575551657,1,2006,508,6.7931824,2730.454711684454,2278.9206159417986,0.656143453714199,6.7931824,train,70,"{""type"":""MultiPoint"",""coordinates"":[]}"
00000000000000000305_0,1345.0,651.5,290.0,471.5,298.0,3313.5,0.6713745,0.8349716,MangYang,508,0,0,0,1,13.738967469479467,108.28117135542011,1,2008,508,4.71466,2730.454711684454,2278.9206159417986,0.6493977356280275,4.71466,train,70,"{""type"":""MultiPoint"",""coordinates"":[]}"
00000000000000000042_0,2112.0,925.0,472.0,620.0,378.0,3789.0,0.607552,0.8185745,MangYang,509,0,0,0,1,13.74489807388055,108.25826495330854,1,2008,509,0.95474637,2730.454711684454,2278.9206159417986,0.6327965316701967,0.95474637,train,74,"{""type"":""MultiPoint"",""coordinates"":[]}"
00000000000000000050_0,1926.0,1591.0,433.0,579.0,1048.0,1562.0,-0.00919759,0.19693486,MangYang,509,0,0,0,1,13.740046571934405,108.27335901037446,1,2008,509,10.495756,2730.454711684454,2278.9206159417986,0.4965056568135624,10.495756,train,75,"{""type"":""MultiPoint"",""coordinates"":[]}"
0000000000000000005a_0,2110.5,903.5,399.5,603.5,305.5,3259.0,0.5658859,0.8285875,MangYang,509,0,0,0,1,13.747863376081094,108.2614978015723,1,2009,509,4.6767397,2730.454711684454,2278.9206159417986,0.05142838021141438,4.6767397,train,70,"{""type"":""MultiPoint"",""coordinates"":[]}"
000000000000000001b5_0,2237.5,1768.0,452.0,607.0,900.5,1918.5,0.04082463,0.36112097,MangYang,511,0,0,0,1,13.746244722398695,108.27147281062885,1,2011,511,2.122025,2730.454711684454,2278.9206159417986,0.6310590101108979,2.122025,train,81,"{""type"":""MultiPoint"",""coordinates"":[]}"
0000000000000000022a_0,2029.0,884.5,381.0,568.5,275.0,3553.5,0.60139704,0.8563406,MangYang,513,0,0,0,1,13.750289127054169,108.2614978015723,1,2009,513,5.4344916,2576.006629064679,2170.6907414495013,0.6553266953376787,5.4344916,train,95,"{""type"":""MultiPoint"",""coordinates"":[]}"
0000000000000000029d_0,2060.5,875.5,406.5,545.0,303.0,3362.0,0.58678466,0.8346521,MangYang,513,0,0,0,1,13.757294374809131,108.26392355254536,1,2008,513,4.724009,2576.006629064679,2170.6907414495013,0.23096413474603905,4.724009,train,99,"{""type"":""MultiPoint"",""coordinates"":[]}"
0000000000000000005d_0,1478.0,633.0,301.0,503.0,316.0,3400.0,0.68608975,0.82992464,MangYang,514,0,0,0,1,13.73896746947947,108.28251800393824,1,2008,514,6.464861,2730.454711684454,2278.9206159417986,0.5802118577271255,6.464861,train,99,"{""type"":""MultiPoint"",""coordinates"":[]}"
0000000000000000020d_0,2076.5,1642.0,420.5,579.5,1025.5,1589.0,-0.01640359,0.21552879,MangYang,514,0,0,0,1,13.747863376081094,108.27767096109314,1,2008,514,3.8251762,2730.454711684454,2278.9206159417986,0.2172232961004683,3.8251762,train,95,"{""type"":""MultiPoint"",""coordinates"":[]}"
00000000000000000043_0,2212.0,1539.0,387.5,565.0,738.5,2430.0,0.2244898,0.5338488,MangYang,515,0,0,0,1,13.750556673117375,108.2569183047904,1,2006,515,6.464861,2576.006629064679,2170.6907414495013,0.7848639126132103,6.464861,train,76,"{""type"":""MultiPoint"",""coordinates"":[]}"
00000000000000000134_0,3144.0,2046.5,703.5,993.5,1074.5,2896.0,0.17187658,0.45875835,MangYang,515,0,0,1,0,13.77642837742947,108.34746926988272,1,2019,515,7.331048,2623.3507197850586,2256.703699868847,0.7977024745174215,7.331048,train,79,"{""type"":""MultiPoint"",""coordinates"":[]}"
0000000000000000016f_0,2728.0,1937.0,711.0,938.0,1228.0,2265.0,0.078058064,0.29687947,MangYang,515,0,0,0,1,13.761606325527815,108.26123025550909,1,2008,515,7.649543,2576.006629064679,2170.6907414495013,0.44852739598115465,7.649543,train,74,"{""type"":""MultiPoint"",""coordinates"":[]}"
00000000000000000264_0,2282.5,1297.0,328.0,522.0,451.5,2672.5,0.3465172,0.7109475,MangYang,515,0,0,0,1,13.75298242409045,108.25125970555358,1,2005,515,1.8543341,2576.006629064679,2170.6907414495013,0.032758966038309745,1.8543341,train,85,"{""type"":""MultiPoint"",""coordinates"":[]}"
0000000000000000001d_0,1916.5,1520.0,486.5,667.5,990.5,1957.0,0.12568305,0.327905,MangYang,516,0,0,0,1,13.757294374809135,108.24398245263437,1,2003,516,6.903215,2659.5984112127558,2256.6868873639964,0.6707278844299244,6.903215,train,60,"{""type"":""MultiPoint"",""coordinates"":[]}"
000000000000000002f4_0,2066.0,910.5,385.5,597.5,380.0,3465.0,0.583819,0.8023407,MangYang,516,0,0,0,1,13.749749575826701,108.25880450453602,1,2008,516,4.6273675,2730.454711684454,2278.9206159417986,0.6032508962776036,4.6273675,train,66,"{""type"":""MultiPoint"",""coordinates"":[]}"
000000000000000001be_0,3022.5,1888.0,582.5,840.5,932.5,2735.5,0.18330269,0.49154854,MangYang,518,0,0,0,1,13.761066774300348,108.26176980673655,1,2008,518,9.366896,2576.006629064679,2170.6907414495013,0.7045013869199831,9.366896,train,89,"{""type"":""MultiPoint"",""coordinates"":[]}"
0000000000000000002c_0,2595.0,1944.0,460.0,700.0,1049.0,2200.0,0.06177606,0.35426286,MangYang,520,0,0,0,1,13.750017121889908,108.28117135542011,1,2008,520,2.8621821,2576.006629064679,2170.6907414495013,0.4849668677932102,2.8621821,train,70,"{""type"":""MultiPoint"",""coordinates"":[]}"
0000000000000000011e_0,2283.0,1873.0,441.0,641.0,990.0,2035.0,0.04145343,0.34545454,MangYang,520,0,0,0,1,13.751903321635515,108.25179925678104,1,2005,520,4.165282,2576.006629064679,2170.6907414495013,0.7776023439901436,4.6273675,train,91,"{""type"":""MultiPoint"",""coordinates"":[]}"
0000000000000000026a_0,3019.5,2040.5,575.0,792.5,921.5,2605.0,0.121515445,0.47738552,MangYang,520,0,0,0,1,13.771309329420113,108.3399244709003,1,2016,520,2.9391992,2623.3507197850586,2256.703699868847,0.07190717009659597,2.9391992,train,58,"{""type"":""MultiPoint"",""coordinates"":[]}"
00000000000000000207_0,2224.0,1355.0,423.0,637.0,639.0,2852.0,0.3558355,0.6339158,MangYang,522,0,0,0,1,13.751096224344842,108.25718585085363,1,2006,522,3.8251798,2576.006629064679,2170.6907414495013,0.7118551450872852,3.8251798,train,95,"{""type"":""MultiPoint"",""coordinates"":[]}"
0000000000000000024d_0,2308.5,1306.0,497.0,638.0,674.0,2868.0,0.37422138,0.61942405,MangYang,522,0,0,0,1,13.761338779464607,108.26015115305415,1,2008,522,3.0083406,2576.006629064679,2170.6907414495013,0.6434649373517081,3.0083406,train,70,"{""type"":""MultiPoint"",""coordinates"":[]}"
000000000000000001c5_0,2597.0,1526.0,484.0,788.0,678.0,2932.0,0.31538805,0.6243767,MangYang,525,0,0,0,0,13.767536929928898,108.3304890130712,0,0,525,12.753443,2623.3507197850586,2256.703699868847,0.6400752039289322,12.753443,train,59,"{""type"":""MultiPoint"",""coordinates"":[]}"
000000000000000001af_0,1978.0,1575.0,465.0,636.5,992.5,1813.5,0.07038513,0.2925873,MangYang,526,0,0,0,1,13.748938019434975,108.27254745398274,1,2011,526,2.0853906,2730.454711684454,2278.9206159417986,0.10670672525567593,2.0853906,train,85,"{""type"":""MultiPoint"",""coordinates"":[]}"
00000000000000000294_0,2994.0,2112.0,593.5,762.0,793.5,2830.5,0.14537178,0.5620861,MangYang,526,0,0,0,1,13.776160831366262,108.34099911425417,1,2015,526,4.715148,2623.3507197850586,2256.703699868847,0.5246793693409552,4.715148,train,63,"{""type"":""MultiPoint"",""coordinates"":[]}"
00000000000000000059_0,3961.0,2949.5,787.5,1094.0,1165.0,2956.0,0.0011006689,0.43460324,MangYang,527,0,0,0,1,13.778314577175074,108.34045956302671,1,2018,527,2.0854454,2623.3507197850586,2256.703699868847,0.02234994835810966,2.0854454,train,55,"{""type"":""MultiPoint"",""coordinates"":[]}"
0000000000000000019f_0,2302.5,1642.5,517.0,704.5,954.0,2043.5,0.10879002,0.36346957,MangYang,527,0,0,0,1,13.749477570662444,108.27281945914699,1,2008,527,4.714798,2730.454711684454,2278.9206159417986,0.3998861749667262,4.714798,train,99,"{""type"":""MultiPoint"",""coordinates"":[]}"
000000000000000001aa_0,4273.0,3263.0,1032.0,1354.0,1628.0,2800.0,-0.07636484,0.2646793,MangYang,528,0,0,0,1,13.77804703111187,108.34181067064593,1,2017,528,3.814234,2623.3507197850586,2256.703699868847,0.4494885459469927,3.814234,train,95,"{""type"":""MultiPoint"",""coordinates"":[]}"
00000000000000000025_0,2759.0,1908.0,664.0,909.0,1065.0,2473.0,0.12896599,0.39796495,MangYang,531,0,0,0,1,13.759987671845414,108.30354266540523,1,2016,531,8.754548,2623.3507197850586,2256.703699868847,0.21968179428212775,8.754548,train,82,"{""type"":""MultiPoint"",""coordinates"":[]}"
00000000000000000069_0,2714.5,1949.0,482.5,624.5,904.5,2003.5,0.013788741,0.37792298,MangYang,531,0,0,0,0,13.753249970153655,108.25772540208108,0,0,531,3.825182,2576.006629064679,2170.6907414495013,0.004908329870696115,3.825182,train,95,"{""type"":""MultiPoint"",""coordinates"":[]}"
0000000000000000010a_0,2556.0,2171.0,519.5,677.5,1138.5,1861.0,-0.07688492,0.24087349,MangYang,531,0,0,0,1,13.754329072608593,108.25880450453602,1,2006,531,0.0,2576.006629064679,2170.6907414495013,0.6857019236745263,0.0,train,85,"{""type"":""MultiPoint"",""coordinates"":[]}"
0000000000000000015a_0,3823.0,2629.0,731.5,883.0,1116.5,2944.0,0.05652252,0.45006773,MangYang,532,0,0,0,1,13.776695923492674,108.34073156819099,1,2013,532,6.024413,2623.3507197850586,2256.703699868847,0.42564617587002695,6.024413,train,95,"{""type"":""MultiPoint"",""coordinates"":[]}"
000000000000000002fa_0,3664.0,3180.0,1180.0,1435.0,1711.0,2630.0,-0.09466437,0.21170238,MangYang,537,0,0,0,1,13.801760530514095,108.3385733632811,1,2004,537,4.239057,2897.990235873274,2491.310220139485,0.7348931667314476,4.239057,train,45,"{""type"":""MultiPoint"",""coordinates"":[]}"
00000000000000000122_0,2076.0,1565.0,576.0,785.0,1112.0,1895.0,0.095375724,0.26039243,MangYang,538,0,0,0,1,13.772655977938253,108.33076101823546,1,2008,538,6.736317,2623.3507197850586,2256.703699868847,0.5152935155863847,6.736317,train,76,"{""type"":""MultiPoint"",""coordinates"":[]}"
0000000000000000019d_0,2527.0,1647.5,576.0,849.5,908.5,2691.0,0.24052092,0.49520767,MangYang,538,0,0,0,1,13.796101931277274,108.33453341772669,1,2008,538,0.92740995,2623.3507197850586,2256.703699868847,0.010877414039122124,0.92740995,train,60,"{""type"":""MultiPoint"",""coordinates"":[]}"
0000000000000000010e_0,3418.0,2520.0,748.0,1000.0,1111.0,2358.0,-0.033210333,0.3594696,MangYang,539,0,0,0,1,13.781547425438825,108.34369687039151,1,2014,539,6.000653,2623.3507197850586,2256.703699868847,0.48853865904549554,6.000653,train,55,"{""type"":""MultiPoint"",""coordinates"":[]}"
000000000000000001e5_0,2216.0,1472.5,606.0,814.0,753.0,2351.0,0.2297633,0.51481956,MangYang,539,0,0,0,1,13.774809723747067,108.33102856429868,1,2006,539,6.2343593,2623.3507197850586,2256.703699868847,0.3186468594734605,6.2343593,train,95,"{""type"":""MultiPoint"",""coordinates"":[]}"
0000000000000000000b_0,3148.0,2314.0,685.0,974.5,1195.5,2394.0,0.016992353,0.33389053,MangYang,541,0,0,0,1,13.769151124510245,108.34396441645472,1,2018,541,8.756513,2623.3507197850586,2256.703699868847,0.1506251516711059,8.756513,train,63,"{""type"":""MultiPoint"",""coordinates"":[]}"
000000000000000001f2_0,2894.5,2195.5,626.0,842.5,1065.5,2482.0,0.061250668,0.39929527,MangYang,541,0,0,0,1,13.789096683522308,108.33938491967285,1,2004,541,2.9392226,2623.3507197850586,2256.703699868847,0.2606683056279021,2.9392226,train,89,"{""type"":""MultiPoint"",""coordinates"":[]}"
00000000000000000072_0,3348.0,2174.0,671.0,953.0,1124.0,2708.0,0.1093814,0.41336116,MangYang,542,0,0,0,1,13.811191529242132,108.33130056946294,1,2008,542,6.344364,2897.990235873274,2491.310220139485,0.16987129230693632,6.344364,train,49,"{""type"":""MultiPoint"",""coordinates"":[]}"
000000000000000001b2_0,2503.0,1821.0,525.0,758.0,952.0,2552.0,0.16716214,0.456621,MangYang,542,0,0,1,0,13.763760071336627,108.30542886515086,1,2021,542,2.1221554,2623.3507197850586,2256.703699868847,0.6201756510141783,2.1221554,train,70,"{""type"":""MultiPoint"",""coordinates"":[]}"
0000000000000000004f_0,3364.5,2559.0,734.0,936.5,1123.5,2499.5,-0.011762381,0.37979576,MangYang,543,0,0,0,1,13.79933477954102,108.33911291450859,1,2004,543,4.8528857,2623.3507197850586,2256.703699868847,0.2829386540829999,4.8528857,train,58,"{""type"":""MultiPoint"",""coordinates"":[]}"
00000000000000000304_0,2606.0,1905.5,622.0,837.5,967.5,2229.5,0.0783555,0.39474508,MangYang,544,0,0,0,1,13.769151124510245,108.344236421619,1,2018,544,9.102495,2623.3507197850586,2256.703699868847,0.25376002225852623,9.102495,train,60,"{""type"":""MultiPoint"",""coordinates"":[]}"
000000000000000000d1_0,2361.0,2127.0,620.0,767.0,951.0,2161.0,0.007929104,0.3888175,MangYang,547,0,0,0,1,13.79313662907673,108.31701360968769,0,2017,547,0.92740995,2623.3507197850586,2256.703699868847,0.6027895075472217,0.92740995,train,22,"{""type"":""MultiPoint"",""coordinates"":[]}"
0000000000000000017d_0,2725.0,2022.0,584.0,878.0,1146.0,2255.0,0.05447744,0.32608056,MangYang,547,0,0,1,0,13.760259677009675,108.30785461612393,0,2020,547,1.330951,2623.3507197850586,2256.703699868847,0.39822480975449603,1.330951,train,28,"{""type"":""MultiPoint"",""coordinates"":[]}"
000000000000000001d1_0,2785.0,2381.0,837.0,1130.0,1419.0,1997.0,-0.08771128,0.16920374,MangYang,547,0,0,0,1,13.79664148250474,108.33749871992723,1,2008,547,1.3310575,2623.3507197850586,2256.703699868847,0.7346889125136822,1.3310575,train,44,"{""type"":""MultiPoint"",""coordinates"":[]}"
00000000000000000308_0,3488.0,2484.0,622.0,907.0,1070.0,2511.0,0.0054054055,0.40240157,MangYang,547,0,0,1,0,13.789903780812983,108.344236421619,1,2020,547,6.343903,2623.3507197850586,2256.703699868847,0.4305619238436107,6.343903,train,45,"{""type"":""MultiPoint"",""coordinates"":[]}"
00000000000000000181_0,3940.0,3183.0,919.0,1168.5,1487.5,2809.5,-0.06232791,0.3076565,MangYang,549,0,0,0,1,13.803379184196498,108.31836471730689,1,2013,549,0.92740995,2897.990235873274,2491.310220139485,0.6742002268256634,0.92740995,train,47,"{""type"":""MultiPoint"",""coordinates"":[]}"
000000000000000001fc_0,3360.0,2406.5,657.0,891.0,1113.5,2411.0,9.340944E-4,0.36813733,MangYang,549,0,0,0,1,13.787478029839907,108.3445039676822,1,2018,549,13.258009,2623.3507197850586,2256.703699868847,0.3022194273916149,13.258009,train,45,"{""type"":""MultiPoint"",""coordinates"":[]}"
000000000000000002d3_0,2796.0,1971.0,685.0,888.0,1016.0,2696.0,0.15534605,0.4525862,MangYang,550,0,0,0,1,13.766185822309703,108.33291476404429,1,2016,548,9.3846655,2623.3507197850586,2256.703699868847,0.423933551791177,13.29136,train,51,"{""type"":""MultiPoint"",""coordinates"":[]}"
00000000000000000116_0,1512.0,791.0,319.5,542.5,392.5,3119.5,0.59544814,0.7764806,MangYang,551,0,0,1,0,13.79798813102288,108.31782516607943,0,2020,551,4.1654534,2623.3507197850586,2256.703699868847,0.6559588793994277,4.1654534,train,17,"{""type"":""MultiPoint"",""coordinates"":[]}"
00000000000000000306_0,2083.0,1706.0,463.0,669.0,871.0,1999.0,0.07908232,0.39303136,MangYang,552,0,0,0,1,13.793136629076733,108.32079046827997,1,2018,552,3.7047918,2623.3507197850586,2256.703699868847,0.1804544071834866,3.7047918,train,45,"{""type"":""MultiPoint"",""coordinates"":[]}"
0000000000000000020b_0,2959.0,1929.0,544.0,825.0,878.0,2604.0,0.148908,0.49569213,MangYang,554,0,0,0,1,13.803646730259706,108.3148598638789,1,2016,555,12.753701,2897.990235873274,2491.310220139485,0.1939227429104462,2.939242,train,94,"{""type"":""MultiPoint"",""coordinates"":[]}"
00000000000000000279_0,2460.0,1519.0,406.0,624.0,654.0,2693.0,0.27872744,0.60920227,MangYang,554,0,0,0,1,13.80553293000531,108.32510241899865,1,2008,554,4.6273675,2897.990235873274,2491.310220139485,0.5640625577853646,4.6273675,train,49,"{""type"":""MultiPoint"",""coordinates"":[]}"
0000000000000000027f_0,3105.0,2507.0,858.0,1137.0,1412.0,2847.0,0.06350392,0.33693355,MangYang,554,0,0,0,1,13.759448120617945,108.31189456167836,1,2018,554,5.8629785,2623.3507197850586,2256.703699868847,0.7631084736609967,5.8629785,train,63,"{""type"":""MultiPoint"",""coordinates"":[]}"
000000000000000002e2_0,3789.0,2875.0,881.0,1149.0,1348.0,2922.0,0.008107642,0.36861828,MangYang,554,0,0,0,0,13.803107179032235,108.31324121019648,0,0,554,2.6607175,2897.990235873274,2491.310220139485,0.4100200100683742,2.6607175,train,69,"{""type"":""MultiPoint"",""coordinates"":[]}"
000000000000000000a7_0,3082.0,2277.0,629.0,812.0,999.0,2225.0,-0.011550422,0.38027295,MangYang,556,0,0,0,1,13.81065643711572,108.32914236455308,1,2015,556,5.5099473,2897.990235873274,2491.310220139485,0.04210222634426497,5.5099473,train,54,"{""type"":""MultiPoint"",""coordinates"":[]}"
00000000000000000106_0,3600.0,2749.0,925.0,1183.0,1607.0,2774.0,0.0045265253,0.26637754,MangYang,556,0,0,0,1,13.772655977938253,108.32375131137947,1,2008,556,5.0025945,2623.3507197850586,2256.703699868847,0.10817361157770955,5.0025945,train,54,"{""type"":""MultiPoint"",""coordinates"":[]}"
00000000000000000125_0,3786.0,3035.0,896.0,1171.0,1445.0,2449.0,-0.10685631,0.25783256,MangYang,557,0,0,0,1,13.795562380049807,108.33911291450859,1,2008,557,0.9549528,2623.3507197850586,2256.703699868847,0.5051820080906724,0.9549528,train,62,"{""type"":""MultiPoint"",""coordinates"":[]}"
000000000000000000c0_0,2700.5,1795.5,533.0,746.5,712.0,2965.0,0.24566747,0.61272776,MangYang,558,0,0,0,1,13.763760071336625,108.34746926988272,1,2016,558,16.188908,2623.3507197850586,2256.703699868847,0.6059983510780252,16.188908,train,96,"{""type"":""MultiPoint"",""coordinates"":[]}"
000000000000000000de_0,3881.0,3038.0,1008.0,1256.0,1538.0,2518.0,-0.09359251,0.24161735,MangYang,559,0,0,0,1,13.79502282882234,108.33938491967285,1,2008,559,6.7183433,2623.3507197850586,2256.703699868847,0.40015765306229656,6.7183433,train,62,"{""type"":""MultiPoint"",""coordinates"":[]}"
000000000000000002a3_0,4121.0,3279.0,841.0,1095.0,1446.0,2529.0,-0.12913223,0.27245283,MangYang,561,0,0,0,1,13.804186281487173,108.31485986387888,1,2004,564,9.238333,2897.990235873274,2491.310220139485,0.20109127823839335,11.845088,train,52,"{""type"":""MultiPoint"",""coordinates"":[]}"
00000000000000000174_0,2172.5,1696.5,467.5,697.5,1278.5,1802.5,0.03029437,0.17007466,MangYang,562,0,0,0,1,13.773463075228925,108.25179925678104,1,2009,563,2.9392016,2576.006629064679,2170.6907414495013,0.30448084943751297,2.9392016,train,76,"{""type"":""MultiPoint"",""coordinates"":[]}"
000000000000000001c9_0,3870.0,3208.0,904.0,1205.0,1493.0,2539.0,-0.116408564,0.2594246,MangYang,562,0,0,0,1,13.785052278866834,108.31593896633382,1,2006,562,2.7802885,2623.3507197850586,2256.703699868847,0.1110989278965191,2.7802885,train,70,"{""type"":""MultiPoint"",""coordinates"":[]}"
00000000000000000149_0,2453.0,1598.0,500.0,740.0,779.0,2328.0,0.1859399,0.49855167,MangYang,563,0,0,1,0,13.80580493516957,108.30785461612392,1,2020,563,5.547545,2897.990235873274,2491.310220139485,0.041022754664577166,5.547545,train,43,"{""type"":""MultiPoint"",""coordinates"":[]}"
000000000000000000bb_0,3838.5,2907.5,783.0,1018.0,1101.0,2402.5,-0.09510358,0.37148565,MangYang,564,0,0,1,0,13.8198154306795,108.32941436971733,1,2022,564,10.765781,2897.990235873274,2491.310220139485,0.4292245558457045,10.765781,train,62,"{""type"":""MultiPoint"",""coordinates"":[]}"
0000000000000000007f_0,2630.0,1746.5,483.5,655.5,838.5,2346.0,0.14648747,0.4733867,MangYang,565,0,0,0,1,13.805265383942102,108.30650350850472,1,2015,565,8.077579,2897.990235873274,2491.310220139485,0.5749884740085064,8.077579,train,95,"{""type"":""MultiPoint"",""coordinates"":[]}"
000000000000000001df_0,2343.0,1715.0,495.0,810.0,841.0,2292.0,0.143998,0.46313438,MangYang,565,0,0,0,1,13.79340863424099,108.2272742009871,0,2013,565,8.500245,2659.5984112127558,2256.6868873639964,0.11117484886765772,8.500245,train,20,"{""type"":""MultiPoint"",""coordinates"":[]}"
00000000000000000226_0,3139.5,2016.5,606.5,870.5,1079.0,2955.5,0.1888576,0.4651134,MangYang,565,0,0,0,1,13.78100787421136,108.31108746438767,1,2008,565,8.724671,2623.3507197850586,2256.703699868847,0.5594888048354594,8.724671,train,70,"{""type"":""MultiPoint"",""coordinates"":[]}"
00000000000000000243_0,1885.0,1366.0,436.0,611.0,737.5,1944.5,0.17474702,0.45003727,MangYang,565,0,0,0,1,13.779661225693216,108.28467620884813,1,2008,565,1.3310078,2576.006629064679,2170.6907414495013,0.1878688501975977,1.3310078,train,61,"{""type"":""MultiPoint"",""coordinates"":[]}"
000000000000000002f6_0,2708.0,1622.5,509.5,757.5,856.0,2803.5,0.26683235,0.53217655,MangYang,567,0,0,0,1,13.829790439736055,108.33264721798109,0,2014,567,11.874635,2897.990235873274,2491.310220139485,0.6937125964998782,11.874635,train,19,"{""type"":""MultiPoint"",""coordinates"":[]}"
000000000000000000c9_0,4064.5,3231.5,975.5,1259.5,1643.5,2741.0,-0.082126416,0.2503136,MangYang,568,0,0,0,1,13.781819430603084,108.31054791316019,1,2008,568,6.2343993,2623.3507197850586,2256.703699868847,0.7663037615866249,6.2343993,train,90,"{""type"":""MultiPoint"",""coordinates"":[]}"
0000000000000000011b_0,2133.0,1613.0,537.0,767.0,1205.0,1720.0,0.03210321,0.17606838,MangYang,568,0,0,0,1,13.79017132687619,108.2434429014069,1,2008,568,3.371072,2659.5984112127558,2256.6868873639964,0.23574420860929157,3.371072,train,45,"{""type"":""MultiPoint"",""coordinates"":[]}"
000000000000000000b4_0,2641.0,1960.0,515.0,683.0,846.0,2261.0,0.07131012,0.45542324,MangYang,571,0,0,0,1,13.786398927384973,108.3482763671734,1,2017,571,18.858822,2623.3507197850586,2256.703699868847,0.5846116517057097,18.858822,train,53,"{""type"":""MultiPoint"",""coordinates"":[]}"
0000000000000000019a_0,3320.0,2412.0,667.0,960.0,1127.0,2513.0,0.020507615,0.38076922,MangYang,571,0,0,0,1,13.786398927384974,108.31539941510636,0,2015,571,6.7181025,2623.3507197850586,2256.703699868847,0.2893910775045694,6.7181025,train,17,"{""type"":""MultiPoint"",""coordinates"":[]}"
0000000000000000004a_0,2419.0,1411.0,488.0,782.0,672.0,2716.0,0.31621033,0.60330576,MangYang,572,0,0,0,1,13.766457827473966,108.32456286777118,1,2014,572,6.7937675,2623.3507197850586,2256.703699868847,0.31873201566567266,6.7937675,train,44,"{""type"":""MultiPoint"",""coordinates"":[]}"
0000000000000000001f_0,2180.5,1170.0,436.0,662.5,560.0,2889.5,0.42357433,0.67531526,MangYang,573,0,0,0,1,13.820626987071225,108.26203735279978,1,2009,573,2.122572,2696.8537884503603,2278.8320351414154,0.4170794702881797,2.122572,train,62,"{""type"":""MultiPoint"",""coordinates"":[]}"
000000000000000000e7_0,4109.0,3497.0,1023.0,1352.0,1785.0,2769.0,-0.11618257,0.21607378,MangYang,576,0,0,0,1,13.7839731764119,108.3148598638789,1,2006,575,6.34377,2623.3507197850586,2256.703699868847,0.6253901225519537,8.75657,train,63,"{""type"":""MultiPoint"",""coordinates"":[]}"
00000000000000000179_0,1912.0,1480.0,459.0,663.0,1006.0,1760.0,0.086419754,0.2725958,MangYang,579,0,0,0,1,13.782358981830551,108.2809038093569,1,2008,579,3.3710349,2576.006629064679,2170.6907414495013,0.18448673881662647,3.3710349,train,89,"{""type"":""MultiPoint"",""coordinates"":[]}"
00000000000000000070_0,2437.0,1644.0,448.0,676.0,825.0,2209.0,0.14663899,0.45616347,MangYang,584,0,0,0,1,13.793136629076733,108.27066125423714,1,2007,584,3.7047918,2576.006629064679,2170.6907414495013,0.027395376186019282,3.7047918,train,45,"{""type"":""MultiPoint"",""coordinates"":[]}"
0000000000000000012b_0,2640.5,1686.5,497.5,719.5,673.5,2490.0,0.19238597,0.57420576,MangYang,584,0,0,0,1,13.796909028567947,108.34369687039151,1,2014,584,7.2030654,2623.3507197850586,2256.703699868847,0.1393844839752194,7.2030654,train,67,"{""type"":""MultiPoint"",""coordinates"":[]}"
000000000000000002b9_0,3181.5,2256.0,767.0,953.5,1110.5,2369.5,0.024537887,0.3617816,MangYang,584,0,0,1,0,13.781547425438823,108.35339541518277,1,2022,584,6.7188864,2635.8332077176196,2325.3184683491163,0.17836675228593446,6.7188864,train,67,"{""type"":""MultiPoint"",""coordinates"":[]}"
00000000000000000221_0,3006.0,1862.0,645.0,866.0,922.0,2648.0,0.17427938,0.4834734,MangYang,585,0,0,0,1,13.812810182924531,108.35043457208329,1,2014,585,12.902037,3155.4534782294163,2709.3334665788348,0.06629582371370579,12.902037,train,56,"{""type"":""MultiPoint"",""coordinates"":[]}"
0000000000000000008c_0,2181.0,1348.0,527.5,755.0,688.5,2973.0,0.37607035,0.6239246,MangYang,586,0,0,1,0,13.818740787325616,108.26527466016456,1,2019,586,5.109697,2696.8537884503603,2278.8320351414154,0.07609598852481636,5.109697,train,93,"{""type"":""MultiPoint"",""coordinates"":[]}"
000000000000000001f7_0,2516.0,1603.0,606.0,847.0,850.0,2708.0,0.25632104,0.5222035,MangYang,586,0,0,0,1,13.813077728987738,108.3482763671734,0,2014,586,3.8252425,2897.990235873274,2491.310220139485,0.2687717366893274,3.8252425,train,29,"{""type"":""MultiPoint"",""coordinates"":[]}"
00000000000000000267_0,2102.0,1038.0,384.0,638.0,469.0,3349.0,0.5267837,0.75432163,MangYang,588,0,0,0,1,13.782626527893758,108.35528161492837,1,2017,588,18.096088,2635.8332077176196,2325.3184683491163,0.06313518902967419,18.096088,train,82,"{""type"":""MultiPoint"",""coordinates"":[]}"
000000000000000002ff_0,2608.0,1643.5,568.0,800.0,859.5,2895.5,0.27583167,0.5422104,MangYang,588,0,0,1,0,13.762685427982749,108.34369687039151,1,2020,588,16.357588,2623.3507197850586,2256.703699868847,0.7985496043796767,16.357588,train,89,"{""type"":""MultiPoint"",""coordinates"":[]}"
00000000000000000218_0,2351.0,1211.0,438.0,644.0,642.0,2719.0,0.383715,0.6179708,MangYang,590,0,0,0,1,13.848384891128928,108.34369687039151,1,2012,590,12.360727,2897.990235873274,2491.310220139485,0.48694256788822854,12.360727,train,71,"{""type"":""MultiPoint"",""coordinates"":[]}"
000000000000000001ab_0,3076.5,2035.5,625.5,893.5,982.0,2745.5,0.1485045,0.4731053,MangYang,592,0,0,0,1,13.811731080469599,108.3428853139998,0,2014,592,4.2392035,2897.990235873274,2491.310220139485,0.4493202460900947,4.2392035,train,27,"{""type"":""MultiPoint"",""coordinates"":[]}"
0000000000000000019c_0,3549.5,2622.5,841.0,1092.0,1339.5,2688.0,0.012334055,0.3348231,MangYang,593,0,0,0,1,13.781547425438823,108.35124166937395,0,2017,588,8.632157,2635.8332077176196,2325.3184683491163,0.29522699270013986,7.9363685,train,27,"{""type"":""MultiPoint"",""coordinates"":[]}"
00000000000000000038_0,2545.5,1828.0,500.5,793.0,936.0,2332.0,0.12115385,0.42717257,MangYang,595,0,0,0,1,13.787478029839907,108.27820605321956,1,2009,595,4.6273675,2576.006629064679,2170.6907414495013,0.4504508013600621,4.6273675,train,89,"{""type"":""MultiPoint"",""coordinates"":[]}"
00000000000000000195_0,2302.0,1328.0,419.0,689.0,639.0,2905.0,0.37254903,0.6393905,MangYang,596,0,0,1,0,13.796369477340479,108.1760703435904,1,2022,596,0.0,3112.0567742195176,2600.9374859346635,0.5880345566320616,0.0,train,89,"{""type"":""MultiPoint"",""coordinates"":[]}"
0000000000000000029f_0,2407.0,1355.0,430.0,735.0,607.5,2937.5,0.3686663,0.65726376,MangYang,597,0,0,1,0,13.797720584959672,108.1752632462997,1,2022,597,1.3310608,3112.0567742195176,2600.9374859346635,0.5623684829450863,1.3310608,train,67,"{""type"":""MultiPoint"",""coordinates"":[]}"
00000000000000000206_0,3158.5,2280.5,832.0,1106.0,1409.5,2605.0,0.06642104,0.2977955,MangYang,598,0,0,1,0,13.75460107777285,108.3124341129058,1,2019,598,6.718641,2623.3507197850586,2256.703699868847,0.47125801999529204,6.718641,train,81,"{""type"":""MultiPoint"",""coordinates"":[]}"
00000000000000000055_0,3893.0,3078.0,827.0,1070.0,1359.0,2347.0,-0.13474654,0.2665947,MangYang,599,0,0,1,0,13.755136169899265,108.31378076142394,1,2019,599,9.887308,2623.3507197850586,2256.703699868847,0.2872260612226841,9.887308,train,53,"{""type"":""MultiPoint"",""coordinates"":[]}"
00000000000000000242_0,2861.5,1857.0,580.0,756.5,881.5,2690.0,0.1831977,0.5063699,MangYang,599,0,0,0,1,13.817389679706423,108.31889980943332,1,2004,599,6.6270795,2897.990235873274,2491.310220139485,0.7197800829362127,6.6270795,train,96,"{""type"":""MultiPoint"",""coordinates"":[]}"
0000000000000000024e_0,2212.0,1067.0,338.0,626.0,461.0,3010.0,0.4765759,0.73437047,MangYang,599,0,0,0,1,13.81281018292453,108.34962301569155,1,2014,599,14.63545,2897.990235873274,2491.310220139485,0.4717631038884642,14.63545,train,55,"{""type"":""MultiPoint"",""coordinates"":[]}"
00000000000000000314_0,2557.0,1946.0,589.0,866.0,1174.5,2109.0,0.040197287,0.28460485,MangYang,599,0,0,0,1,13.789631775648722,108.27901760961129,1,2009,599,2.7802885,2576.006629064679,2170.6907414495013,0.5859086269638283,2.7802885,train,95,"{""type"":""MultiPoint"",""coordinates"":[]}"
0000000000000000010b_0,2979.0,1802.0,610.0,840.0,963.0,2668.0,0.19373602,0.46956763,MangYang,600,0,0,0,1,13.792597077849264,108.34908346446409,1,2018,600,9.849194,2623.3507197850586,2256.703699868847,0.512560252223568,9.849194,train,86,"{""type"":""MultiPoint"",""coordinates"":[]}"
0000000000000000027a_0,2947.5,2016.0,708.0,947.0,1051.5,2905.5,0.18073758,0.46853676,MangYang,600,0,0,0,1,13.796909028567947,108.34746926988272,1,2018,600,2.6606815,2623.3507197850586,2256.703699868847,0.40038831400197594,2.6606815,train,73,"{""type"":""MultiPoint"",""coordinates"":[]}"
0000000000000000030b_0,1707.5,936.5,362.5,542.5,560.0,2588.5,0.4686525,0.64427507,MangYang,600,0,0,0,0,13.797720584959672,108.30623596244153,0,0,597,1.9093934,2623.3507197850586,2256.703699868847,0.028988519850068784,4.852853,train,10,"{""type"":""MultiPoint"",""coordinates"":[]}"
000000000000000000eb_0,3116.0,2201.0,676.0,922.0,938.0,2690.0,0.09997956,0.4829107,MangYang,601,0,0,0,1,13.793136629076733,108.34908346446409,1,2018,601,14.289366,2623.3507197850586,2256.703699868847,0.22575940472328793,14.289366,train,100,"{""type"":""MultiPoint"",""coordinates"":[]}"
000000000000000002fc_0,2502.0,2023.0,682.0,859.0,915.0,2186.0,0.03872654,0.4098678,MangYang,601,0,0,0,1,13.762685427982749,108.32563751112505,1,2017,601,1.8543341,2623.3507197850586,2256.703699868847,0.1431853933888937,1.8543341,train,56,"{""type"":""MultiPoint"",""coordinates"":[]}"
0000000000000000005b_0,3381.0,2345.0,658.0,912.0,1047.0,2823.0,0.09249226,0.45891473,MangYang,605,0,0,0,1,13.79178998055859,108.34935546962835,1,2018,605,2.6606507,2623.3507197850586,2256.703699868847,0.7147946177925286,2.6606507,train,47,"{""type"":""MultiPoint"",""coordinates"":[]}"
0000000000000000016d_0,1976.0,1602.5,686.0,1013.0,1152.5,1897.5,0.084285714,0.2442623,MangYang,605,0,0,0,1,13.862127840575646,108.22916040073272,1,2008,605,4.1656933,2909.244924926781,2455.9372502304473,0.5787875016258657,4.1656933,train,58,"{""type"":""MultiPoint"",""coordinates"":[]}"
00000000000000000076_0,3336.0,2475.0,912.0,1233.0,1429.0,2913.0,0.08129176,0.34177798,MangYang,607,0,0,0,1,13.814156831442673,108.34369687039151,1,2016,607,2.122525,2897.990235873274,2491.310220139485,0.4894922926879528,2.122525,train,73,"{""type"":""MultiPoint"",""coordinates"":[]}"
00000000000000000312_0,2855.0,2157.0,632.5,876.0,1079.5,2262.0,0.023761032,0.353883,MangYang,608,0,0,0,1,13.96911505215097,108.2566507587272,1,2008,608,4.724184,2830.9538914197656,2390.6103292524813,0.037502169367211624,4.724184,train,45,"{""type"":""MultiPoint"",""coordinates"":[]}"
000000000000000001eb_0,2170.0,1611.0,435.0,663.0,1146.0,1843.0,0.067168504,0.23318836,MangYang,609,0,0,0,1,13.828978883344329,108.25637875356294,1,2005,609,6.7950377,2696.8537884503603,2278.8320351414154,0.25635583584928334,6.7950377,train,44,"{""type"":""MultiPoint"",""coordinates"":[]}"
0000000000000000022d_0,2935.0,1646.5,593.0,823.0,886.0,2718.0,0.2455035,0.5083241,MangYang,609,0,0,0,1,13.813889285379467,108.34962301569155,1,2014,609,5.8631215,2897.990235873274,2491.310220139485,0.012853036433826848,5.8631215,train,100,"{""type"":""MultiPoint"",""coordinates"":[]}"
00000000000000000208_0,2587.0,1901.0,598.0,782.0,843.0,2161.0,0.06400788,0.43874833,MangYang,612,0,0,0,1,13.820894533134432,108.32752371087066,1,2014,612,16.641996,2897.990235873274,2491.310220139485,0.36885970118779543,16.641996,train,67,"{""type"":""MultiPoint"",""coordinates"":[]}"
0000000000000000009f_0,2847.5,1829.0,568.0,805.5,825.5,2416.0,0.13828033,0.4906679,MangYang,613,0,0,1,0,13.847573334737197,108.33722671476296,1,2020,613,18.9386,2897.990235873274,2491.310220139485,0.25059292479521134,18.9386,train,77,"{""type"":""MultiPoint"",""coordinates"":[]}"
000000000000000001a5_0,3175.0,2343.0,925.0,1329.0,1689.0,3105.0,0.13986784,0.2953692,MangYang,621,0,0,0,1,13.983937104052625,108.27200790275526,1,2006,621,8.086622,2830.9538914197656,2390.6103292524813,0.5209354883579488,8.086622,train,75,"{""type"":""MultiPoint"",""coordinates"":[]}"
000000000000000000d2_0,2908.5,1739.5,555.5,801.0,952.5,2822.5,0.23739588,0.49536425,MangYang,622,0,0,0,0,13.793676180304196,108.35124166937396,0,0,620,3.0087154,2635.8332077176196,2325.3184683491163,0.2608411392901767,3.7047918,train,44,"{""type"":""MultiPoint"",""coordinates"":[]}"
0000000000000000021c_0,2844.5,2030.5,575.0,797.0,883.5,2265.0,0.054592013,0.43878037,MangYang,622,0,0,0,1,13.818468782161355,108.27443365372835,1,2011,622,8.007163,2696.8537884503603,2278.8320351414154,0.7249796328506025,8.007163,train,85,"{""type"":""MultiPoint"",""coordinates"":[]}"
00000000000000000091_0,2352.0,1456.0,631.0,774.0,1012.0,2350.0,0.23489228,0.39797738,MangYang,625,0,0,1,0,13.804186281487171,108.30138446049538,1,2019,625,4.1654763,2897.990235873274,2491.310220139485,0.0016009215106418395,4.1654763,train,48,"{""type"":""MultiPoint"",""coordinates"":[]}"
00000000000000000205_0,3380.0,2774.5,793.0,1043.5,1293.0,2461.5,-0.059778456,0.31122652,MangYang,625,0,0,1,0,13.759448120617945,108.3286028133256,1,2019,625,2.9391832,2623.3507197850586,2256.703699868847,0.568203889576329,2.9391832,train,63,"{""type"":""MultiPoint"",""coordinates"":[]}"
00000000000000000142_0,2845.0,1978.0,693.0,922.0,1102.0,2464.0,0.109410174,0.38194054,MangYang,626,0,0,0,1,13.818468782161355,108.31728561485195,1,2015,626,9.280597,2897.990235873274,2491.310220139485,0.7196828181848697,9.280597,train,89,"{""type"":""MultiPoint"",""coordinates"":[]}"
000000000000000000b5_0,2271.0,1215.0,427.0,669.0,618.0,2914.0,0.41147977,0.6500566,MangYang,629,0,0,0,1,13.8149683878344,108.35043457208329,1,2014,629,15.726963,3155.4534782294163,2709.3334665788348,0.24223583136683757,15.726963,train,82,"{""type"":""MultiPoint"",""coordinates"":[]}"
000000000000000002af_0,3084.0,2469.0,706.0,906.0,1096.0,2172.0,-0.06399483,0.32925338,MangYang,629,0,0,1,0,13.7578339260366,108.31943936066078,1,2020,629,8.723852,2623.3507197850586,2256.703699868847,0.11507400753721686,8.723852,train,90,"{""type"":""MultiPoint"",""coordinates"":[]}"
0000000000000000030e_0,2239.0,1125.0,476.0,702.0,475.0,3134.0,0.471707,0.7367692,MangYang,635,0,0,1,0,13.795829926113012,108.35312786911956,1,2019,635,1.3310552,2635.8332077176196,2325.3184683491163,0.11565653359933958,1.3310552,train,89,"{""type"":""MultiPoint"",""coordinates"":[]}"
0000000000000000007b_0,3330.0,2388.0,752.0,1013.0,1253.0,2708.0,0.06279435,0.36733148,MangYang,637,0,0,0,1,13.786398927384974,108.31054791316019,1,2017,637,9.237976,2623.3507197850586,2256.703699868847,0.605511334179979,9.237976,train,60,"{""type"":""MultiPoint"",""coordinates"":[]}"
00000000000000000139_0,2711.0,2209.0,691.0,926.0,1085.0,2625.0,0.0860571,0.41509435,MangYang,637,0,0,1,0,13.758641023327272,108.3286028133256,1,2022,637,6.5338116,2623.3507197850586,2256.703699868847,0.5981061298462513,6.5338116,train,98,"{""type"":""MultiPoint"",""coordinates"":[]}"
000000000000000000a5_0,2008.0,1102.0,443.0,664.0,539.0,2556.0,0.39748496,0.65169626,MangYang,641,0,0,0,1,13.8230527380443,108.31432031265142,1,2018,641,3.9876728,2897.990235873274,2491.310220139485,0.30698026521419663,3.9876728,train,97,"{""type"":""MultiPoint"",""coordinates"":[]}"
000000000000000001e3_0,2806.0,1724.0,594.0,812.0,801.0,2666.0,0.21457858,0.53792906,MangYang,642,0,0,0,1,13.75918057455474,108.32671661358,1,2015,642,4.2384353,2623.3507197850586,2256.703699868847,0.5833919693634847,4.2384353,train,86,"{""type"":""MultiPoint"",""coordinates"":[]}"
00000000000000000086_0,3266.0,1992.0,637.0,881.0,888.0,2934.0,0.19123021,0.53532183,MangYang,643,0,0,0,1,13.819547884616288,108.27631985347395,1,2009,643,3.8149087,2696.8537884503603,2278.8320351414154,0.5392290168226986,3.8149087,train,96,"{""type"":""MultiPoint"",""coordinates"":[]}"
00000000000000000301_0,2364.0,1487.0,415.0,630.5,633.5,2334.0,0.22166972,0.57304126,MangYang,644,0,0,0,1,13.831944185544867,108.27578476134755,1,2004,644,11.005461,2696.8537884503603,2278.8320351414154,0.16106493600444305,11.005461,train,83,"{""type"":""MultiPoint"",""coordinates"":[]}"
00000000000000000000_0,2848.0,1633.0,600.0,865.0,918.0,2204.0,0.14881417,0.41191545,MangYang,645,0,0,0,1,13.817389679706423,108.27847805838383,1,2008,645,7.490174,2696.8537884503603,2278.8320351414154,0.5781746651818143,7.490174,train,74,"{""type"":""MultiPoint"",""coordinates"":[]}"
00000000000000000033_0,2505.0,1434.0,516.0,743.0,645.0,3259.0,0.38887706,0.6695697,MangYang,646,0,0,1,0,13.761066774300346,108.33507296895415,1,2020,646,11.171577,2623.3507197850586,2256.703699868847,0.30480779460775165,11.171577,train,83,"{""type"":""MultiPoint"",""coordinates"":[]}"
000000000000000001a7_0,2556.0,1593.0,518.0,751.0,717.0,3187.0,0.33347282,0.6326844,MangYang,652,0,0,1,0,13.814968387834398,108.35663272254757,1,2020,652,7.616689,3155.4534782294163,2709.3334665788348,0.5526784094895388,7.616689,train,85,"{""type"":""MultiPoint"",""coordinates"":[]}"
000000000000000002ac_0,2867.5,1929.0,548.0,814.5,1016.0,2713.5,0.16898222,0.45515484,MangYang,652,0,0,0,1,13.88934619340588,108.27200790275526,0,2012,652,9.384864,2857.340894066554,2383.316735011041,0.7795658750048154,9.384864,train,11,"{""type"":""MultiPoint"",""coordinates"":[]}"
00000000000000000302_0,3544.0,2524.0,792.0,1079.0,1253.0,2542.0,0.003553099,0.33965746,MangYang,654,0,0,0,1,13.820626987071225,108.27874560444704,1,2010,660,11.455728,2696.8537884503603,2278.8320351414154,0.38373739155171516,7.293566,train,89,"{""type"":""MultiPoint"",""coordinates"":[]}"
00000000000000000004_0,2645.5,1557.0,480.5,704.5,674.5,2902.0,0.30163714,0.6228156,MangYang,655,0,0,0,1,13.808230686142645,108.29734451494096,1,2004,655,1.3310918,2696.8537884503603,2278.8320351414154,0.289065460804958,1.3310918,train,56,"{""type"":""MultiPoint"",""coordinates"":[]}"
0000000000000000023a_0,3087.0,2225.0,799.5,1077.5,1344.0,2327.5,0.022515101,0.26787415,MangYang,655,0,0,0,1,13.812542636861325,108.29060681324918,1,2004,655,1.909514,2696.8537884503603,2278.8320351414154,0.39351193579970434,1.909514,train,70,"{""type"":""MultiPoint"",""coordinates"":[]}"
00000000000000000074_0,1927.5,978.5,351.5,535.0,460.0,2473.0,0.43300015,0.686328,MangYang,661,0,0,1,0,13.816043031188281,108.35609317132011,1,2019,661,7.814133,3155.4534782294163,2709.3334665788348,0.4104393239286799,7.814133,train,64,"{""type"":""MultiPoint"",""coordinates"":[]}"
000000000000000001e1_0,2799.0,2060.0,629.5,823.0,951.0,2361.5,0.06818953,0.42581132,MangYang,661,0,0,0,1,13.820894533134432,108.27578476134755,1,2009,661,8.633001,2696.8537884503603,2278.8320351414154,0.6974077141855373,8.633001,train,85,"{""type"":""MultiPoint"",""coordinates"":[]}"
000000000000000002f8_0,2048.5,1035.0,401.0,636.5,493.0,2999.0,0.48686168,0.71764034,MangYang,661,0,0,0,1,13.815235933897608,108.35636071738331,1,2011,661,11.1727295,3155.4534782294163,2709.3334665788348,0.7958670095564541,11.1727295,train,85,"{""type"":""MultiPoint"",""coordinates"":[]}"
00000000000000000005_0,3280.0,2452.0,692.0,827.0,1105.0,2511.0,0.011887971,0.38882744,MangYang,662,0,0,0,1,13.813349734152002,108.29087435931241,1,2016,662,2.862957,2696.8537884503603,2278.8320351414154,0.4380138917627552,2.862957,train,78,"{""type"":""MultiPoint"",""coordinates"":[]}"
0000000000000000009c_0,4196.0,3246.0,1033.0,1466.5,1972.5,3051.5,-0.030885272,0.21476911,MangYang,662,0,0,0,1,14.003343111837223,108.3121665668426,1,2008,662,5.8636246,2752.621212776718,2294.530519202511,0.7036889130363315,5.8636246,train,70,"{""type"":""MultiPoint"",""coordinates"":[]}"
00000000000000000272_0,2414.0,1826.0,484.5,786.0,1219.5,2109.0,0.07191868,0.26723748,MangYang,663,0,0,0,1,13.990946810908643,108.29114190537561,1,2003,663,9.61674,2830.9538914197656,2390.6103292524813,0.056287957633659014,9.61674,train,51,"{""type"":""MultiPoint"",""coordinates"":[]}"
00000000000000000190_0,3015.0,2059.0,782.0,1073.0,1210.0,2665.0,0.12828112,0.37548387,MangYang,664,0,0,1,0,13.830865083089938,108.30946881070527,1,2020,664,6.719348,2897.990235873274,2491.310220139485,0.08989808406722988,6.719348,train,97,"{""type"":""MultiPoint"",""coordinates"":[]}"
000000000000000001ba_0,2280.0,1292.0,514.0,787.0,827.0,2787.0,0.3665114,0.5423354,MangYang,664,0,0,1,0,13.756754823581664,108.32563751112505,1,2019,664,2.1221025,2623.3507197850586,2256.703699868847,0.13924198102414098,2.1221025,train,66,"{""type"":""MultiPoint"",""coordinates"":[]}"
000000000000000002a5_0,3059.0,1891.0,741.0,1028.0,1251.0,2574.0,0.15296753,0.34588236,MangYang,665,0,0,0,1,13.833830385290478,108.2811713554201,1,2006,665,16.422567,2696.8537884503603,2278.8320351414154,0.3622059866549895,16.422567,train,70,"{""type"":""MultiPoint"",""coordinates"":[]}"
000000000000000002dd_0,3770.0,2612.0,870.0,1199.0,1163.0,2928.0,0.05703971,0.43143487,MangYang,665,0,0,0,1,13.81065643711572,108.29680496371348,1,2013,665,5.310096,2696.8537884503603,2278.8320351414154,0.10681846496997627,3.7047918,train,78,"{""type"":""MultiPoint"",""coordinates"":[]}"
00000000000000000098_0,3135.0,2194.0,852.0,1074.5,1227.5,2470.0,0.059176672,0.33603787,MangYang,666,0,0,0,0,13.831676639481662,108.30974081586953,0,0,666,6.3448133,2897.990235873274,2491.310220139485,0.005101126988695803,6.3448133,train,61,"{""type"":""MultiPoint"",""coordinates"":[]}"
000000000000000000c1_0,2783.0,1840.0,705.0,897.0,966.0,2623.0,0.17544253,0.4616885,MangYang,669,0,0,1,0,13.814156831442672,108.31701360968769,1,2020,669,6.234578,2897.990235873274,2491.310220139485,0.7905271005117454,6.234578,train,95,"{""type"":""MultiPoint"",""coordinates"":[]}"
000000000000000001cd_0,2272.0,1536.0,418.0,697.0,821.0,2483.0,0.23563075,0.5030266,MangYang,669,0,0,0,1,13.99121435697185,108.29114190537561,1,2003,669,10.096576,2830.9538914197656,2390.6103292524813,0.544421359793246,10.096576,train,76,"{""type"":""MultiPoint"",""coordinates"":[]}"
000000000000000001d8_0,2510.0,1535.0,646.5,865.5,934.5,1980.0,0.12660028,0.3587236,MangYang,670,0,0,0,1,13.831137088254197,108.28009671206621,1,2009,670,13.742549,2696.8537884503603,2278.8320351414154,0.571952026589443,13.742549,train,87,"{""type"":""MultiPoint"",""coordinates"":[]}"
000000000000000002ba_0,3004.0,2159.0,761.5,957.0,991.0,2557.0,0.08439355,0.44137543,MangYang,670,0,0,0,1,13.827092683598723,108.31027590799596,1,2018,670,2.122621,2897.990235873274,2491.310220139485,0.4094673593141319,2.122621,train,62,"{""type"":""MultiPoint"",""coordinates"":[]}"
000000000000000000a3_0,2407.0,1627.0,414.0,641.0,760.0,2300.0,0.17137764,0.503268,MangYang,671,0,0,0,1,13.837063233554225,108.34342486522725,1,2015,671,9.281211,2897.990235873274,2491.310220139485,0.46472871942697636,9.281211,train,60,"{""type"":""MultiPoint"",""coordinates"":[]}"
000000000000000002b8_0,1669.5,874.0,400.0,586.0,461.0,2900.0,0.53683096,0.7256769,MangYang,671,0,0,0,1,13.83814233600916,108.23293280022394,0,2014,671,6.025395,2726.9822094775736,2306.687968259752,0.40934047662932815,6.025395,train,20,"{""type"":""MultiPoint"",""coordinates"":[]}"
000000000000000001d4_0,3406.0,2303.0,665.0,885.0,946.0,2873.0,0.11012365,0.50458235,MangYang,672,0,0,1,0,13.817929230933892,108.28225045787505,1,2020,672,11.172789,2696.8537884503603,2278.8320351414154,0.3846077664044164,11.172789,train,52,"{""type"":""MultiPoint"",""coordinates"":[]}"
00000000000000000117_0,2805.0,1868.0,564.0,825.0,898.0,2579.0,0.15988307,0.48346275,MangYang,673,0,0,1,0,13.854043490365745,108.3498950208558,1,2021,673,17.607502,3107.853968270547,2656.1605346543565,0.45995442255495456,17.607502,train,95,"{""type"":""MultiPoint"",""coordinates"":[]}"
000000000000000002e9_0,2073.0,1313.5,389.5,561.0,587.0,2687.0,0.34333208,0.6414172,MangYang,673,0,0,0,0,13.836256136263554,108.34369687039151,0,0,670,11.543218,2897.990235873274,2491.310220139485,0.6470959929306472,6.795191,train,21,"{""type"":""MultiPoint"",""coordinates"":[]}"
0000000000000000004b_0,2403.0,1217.0,360.0,658.0,544.0,2843.0,0.4004926,0.6787718,MangYang,674,0,0,0,0,13.812003085633858,108.29680496371348,0,0,680,11.210175,2696.8537884503603,2278.8320351414154,0.5615854985445218,8.007087,train,69,"{""type"":""MultiPoint"",""coordinates"":[]}"
000000000000000001cb_0,3060.0,2353.0,792.0,1059.0,1184.0,2549.0,0.03998368,0.36565766,MangYang,677,0,0,0,1,13.83059753702673,108.292760559058,1,2018,677,11.348892,2696.8537884503603,2278.8320351414154,0.0930568921924767,11.348892,train,55,"{""type"":""MultiPoint"",""coordinates"":[]}"
0000000000000000015c_0,2790.0,1888.0,584.0,789.0,815.0,2435.0,0.1265325,0.49846154,MangYang,678,0,0,0,1,13.82574603508058,108.29087435931241,1,2009,678,1.3311433,2696.8537884503603,2278.8320351414154,0.7074737806694193,1.3311433,train,98,"{""type"":""MultiPoint"",""coordinates"":[]}"
000000000000000001d9_0,1952.0,1141.0,297.0,475.0,466.0,2562.0,0.3837429,0.6922061,MangYang,679,0,0,0,1,13.838681887236627,108.28710195982119,1,2004,679,3.0092406,2696.8537884503603,2278.8320351414154,0.17090405707849754,3.0092406,train,70,"{""type"":""MultiPoint"",""coordinates"":[]}"
0000000000000000002f_0,2344.0,1733.0,531.0,741.0,954.0,2287.0,0.13781095,0.41129282,MangYang,680,0,0,0,1,13.849191988419596,108.24586865237998,1,2003,680,4.239754,2726.9822094775736,2306.687968259752,0.4482602412223107,4.239754,train,62,"{""type"":""MultiPoint"",""coordinates"":[]}"
00000000000000000047_0,2573.5,1602.0,496.0,764.5,716.5,2563.0,0.23073229,0.5630431,MangYang,680,0,0,0,1,13.832751282835543,108.29410720757615,1,2009,680,5.1099653,2696.8537884503603,2278.8320351414154,0.10231143984908186,5.1099653,train,95,"{""type"":""MultiPoint"",""coordinates"":[]}"
00000000000000000084_0,4449.5,3553.5,1284.5,1574.5,1767.5,3088.5,-0.07000903,0.2720346,MangYang,681,0,0,1,0,13.827632234826188,108.29572586125855,1,2019,681,5.434985,2696.8537884503603,2278.8320351414154,0.15248040215997805,5.434985,train,90,"{""type"":""MultiPoint"",""coordinates"":[]}"
000000000000000001ce_0,3249.0,2259.5,695.5,983.0,1212.0,2478.0,0.046121374,0.34308943,MangYang,684,0,0,0,1,13.836256136263554,108.29815161223162,1,2004,684,3.371284,2696.8537884503603,2278.8320351414154,0.6264471040062777,2.660913,train,100,"{""type"":""MultiPoint"",""coordinates"":[]}"
00000000000000000228_0,3484.0,2291.0,696.0,1008.0,1326.0,2711.0,0.08396641,0.34307653,MangYang,684,0,0,0,1,13.83814233600916,108.29787960706736,1,2006,684,9.368878,2696.8537884503603,2278.8320351414154,0.7065935329859481,9.368878,train,70,"{""type"":""MultiPoint"",""coordinates"":[]}"
00000000000000000318_0,2869.5,2068.0,627.5,843.0,969.5,2263.5,0.04513448,0.40024745,MangYang,685,0,0,0,1,13.820626987071224,108.2827900091025,1,2011,685,9.238661,2696.8537884503603,2278.8320351414154,0.4676747380493903,9.238661,train,89,"{""type"":""MultiPoint"",""coordinates"":[]}"
00000000000000000049_0,2366.0,1389.0,450.0,682.0,566.0,2597.0,0.3030607,0.6421119,MangYang,686,0,0,0,1,13.826825137535515,108.28818106227612,1,2017,686,11.632429,2696.8537884503603,2278.8320351414154,0.21559879053019848,11.632429,train,67,"{""type"":""MultiPoint"",""coordinates"":[]}"
000000000000000001c7_0,2347.5,1465.5,446.5,660.5,631.5,2511.5,0.26301232,0.5981546,MangYang,686,0,0,0,1,13.816043031188283,108.28575531130305,1,2018,686,12.947624,2696.8537884503603,2278.8320351414154,0.4033171808640952,12.947624,train,79,"{""type"":""MultiPoint"",""coordinates"":[]}"
00000000000000000108_0,3344.0,2373.0,1011.0,1224.0,1443.0,3047.0,0.12435424,0.3572383,MangYang,687,0,0,1,0,13.823587830170712,108.30003781197723,1,2020,687,7.6015,2897.990235873274,2491.310220139485,0.08225771828356254,7.6015,train,94,"{""type"":""MultiPoint"",""coordinates"":[]}"
0000000000000000014b_0,2175.0,1006.5,329.5,628.0,375.5,2884.0,0.4825858,0.7695966,MangYang,687,0,0,0,1,13.967768403632832,108.2986911634591,1,2009,687,2.0858023,2830.9538914197656,2390.6103292524813,0.7671289512271195,2.0858023,train,70,"{""type"":""MultiPoint"",""coordinates"":[]}"
00000000000000000252_0,2057.0,1358.0,446.5,668.0,715.5,2382.5,0.27389386,0.5380891,MangYang,687,0,0,0,1,13.979625153333943,108.29006726202172,1,2006,687,8.538431,2830.9538914197656,2390.6103292524813,0.7956640089873569,8.538431,train,49,"{""type"":""MultiPoint"",""coordinates"":[]}"
000000000000000001dc_0,3174.0,2234.5,709.0,935.5,1039.0,2946.0,0.13734196,0.47854453,MangYang,689,0,0,0,1,13.829250888508588,108.29761206100414,1,2016,689,3.3712518,2696.8537884503603,2278.8320351414154,0.4700655720528434,3.3712518,train,85,"{""type"":""MultiPoint"",""coordinates"":[]}"
00000000000000000280_0,2198.0,1313.0,439.5,671.0,630.0,2904.0,0.37728244,0.6434635,MangYang,689,0,0,0,1,13.825478489017373,108.29761206100414,0,2001,689,7.6015477,2696.8537884503603,2278.8320351414154,0.3736260470573185,7.6015477,train,14,"{""type"":""MultiPoint"",""coordinates"":[]}"
00000000000000000003_0,3039.0,2118.0,680.5,890.0,1058.5,2523.0,0.08726568,0.40890688,MangYang,690,0,0,0,1,13.828171786053653,108.28818106227611,1,2014,690,9.528267,2696.8537884503603,2278.8320351414154,0.461439329412374,9.528267,train,95,"{""type"":""MultiPoint"",""coordinates"":[]}"
0000000000000000029b_0,2333.0,1866.0,473.0,660.0,860.0,2110.0,0.06136821,0.42087543,MangYang,690,0,0,0,1,13.986902406253167,108.29330011028547,1,2005,690,4.678533,2830.9538914197656,2390.6103292524813,0.6993656106780759,4.678533,train,64,"{""type"":""MultiPoint"",""coordinates"":[]}"
000000000000000000e1_0,2732.0,1798.0,637.0,917.0,1096.0,2849.5,0.22625068,0.44443035,MangYang,691,0,0,0,1,13.959956058587194,108.29841915829483,1,2009,691,8.966401,2830.9538914197656,2390.6103292524813,0.579309898689158,8.966401,train,89,"{""type"":""MultiPoint"",""coordinates"":[]}"
00000000000000000136_0,2030.0,1031.0,397.0,667.0,527.0,3067.0,0.49682772,0.70673347,MangYang,691,0,0,1,0,13.974778110488849,108.24452200386182,0,2019,691,3.8254082,2690.046508660598,2298.4943884523354,0.772122402600896,3.8254082,train,14,"{""type"":""MultiPoint"",""coordinates"":[]}"
00000000000000000255_0,2650.0,1444.0,441.0,658.0,672.0,2967.0,0.34527317,0.63066775,MangYang,691,0,0,0,1,13.966154209051481,108.29626541248601,1,2009,691,3.3718894,2830.9538914197656,2390.6103292524813,0.6318506701992792,3.3718894,train,62,"{""type"":""MultiPoint"",""coordinates"":[]}"
000000000000000000d3_0,3978.5,2925.5,878.0,1184.5,1508.0,2573.0,-0.064108394,0.26096544,MangYang,693,0,0,0,1,13.837874789945955,108.29923071468657,1,2008,693,3.0092309,2696.8537884503603,2278.8320351414154,0.6499026213775283,3.0092309,train,45,"{""type"":""MultiPoint"",""coordinates"":[]}"
000000000000000000f7_0,1473.0,627.5,260.5,423.0,303.5,3169.0,0.6694324,0.825198,MangYang,693,0,0,1,0,13.83814233600916,108.3445039676822,1,2021,693,5.786105,2897.990235873274,2491.310220139485,0.6822038569823815,5.786105,train,49,"{""type"":""MultiPoint"",""coordinates"":[]}"
000000000000000001a8_0,2292.0,1463.0,460.0,694.0,669.0,3091.0,0.35748792,0.64414895,MangYang,693,0,0,0,1,13.821701630425109,108.29491876396789,1,2018,693,7.20371,2696.8537884503603,2278.8320351414154,0.7742607260027737,7.20371,train,75,"{""type"":""MultiPoint"",""coordinates"":[]}"
000000000000000000ef_0,2819.0,1574.0,551.0,798.0,839.0,3154.0,0.33417937,0.5797646,MangYang,694,0,0,0,1,13.976664310234458,108.30731506489644,1,2014,694,8.3425,3602.625690806518,3058.215705565512,0.4023607568832134,8.3425,train,89,"{""type"":""MultiPoint"",""coordinates"":[]}"
00000000000000000012_0,2688.0,1456.5,446.5,728.5,683.5,3161.0,0.36913913,0.6444271,MangYang,695,0,0,0,1,13.968307954860299,108.29923071468657,1,2010,695,7.4391427,2830.9538914197656,2390.6103292524813,0.6654132744402329,7.4391427,train,90,"{""type"":""MultiPoint"",""coordinates"":[]}"
000000000000000000b0_0,1745.0,823.0,430.0,607.5,355.5,3077.0,0.5779487,0.79286236,MangYang,695,0,0,1,0,13.822241181652572,108.30974081586953,1,2020,695,6.719106,2897.990235873274,2491.310220139485,0.6900692852541028,6.719106,train,100,"{""type"":""MultiPoint"",""coordinates"":[]}"
00000000000000000171_0,1961.0,1442.5,525.5,802.0,802.0,1884.0,0.13272208,0.4028295,MangYang,695,0,0,0,1,13.8411076382097,108.27874560444704,1,2002,695,1.3311882,2696.8537884503603,2278.8320351414154,0.3238892674660222,5.4350724,train,47,"{""type"":""MultiPoint"",""coordinates"":[]}"
00000000000000000262_0,3367.5,2458.0,684.5,952.5,1019.5,2760.0,0.05787658,0.46051064,MangYang,695,0,0,1,0,13.820626987071224,108.29222100783055,1,2020,695,5.310212,2696.8537884503603,2278.8320351414154,0.11219977647212931,5.310212,train,89,"{""type"":""MultiPoint"",""coordinates"":[]}"
00000000000000000023_0,2695.0,2078.0,544.0,785.0,800.0,2268.0,0.04371836,0.4784876,MangYang,696,0,0,0,1,13.826285586308046,108.30192401172283,1,2018,696,6.719223,2897.990235873274,2491.310220139485,0.0780498537068629,6.719223,train,51,"{""type"":""MultiPoint"",""coordinates"":[]}"
000000000000000001f1_0,2993.0,2549.0,997.0,1297.0,1390.0,3119.0,0.10056458,0.3834553,MangYang,696,0,0,0,1,13.899588748525643,108.27200790275526,1,2009,695,2.0856729,2857.340894066554,2383.316735011041,0.29462737834206487,5.311139,train,48,"{""type"":""MultiPoint"",""coordinates"":[]}"
00000000000000000253_0,2461.0,1350.0,549.0,779.0,722.0,2782.0,0.3465634,0.58789957,MangYang,696,0,0,1,0,13.817661684870682,108.30381021146846,1,2020,696,5.9866476,2897.990235873274,2491.310220139485,0.24363910548103607,5.9866476,train,99,"{""type"":""MultiPoint"",""coordinates"":[]}"
0000000000000000016c_0,2891.0,1670.0,497.0,791.0,855.0,2702.0,0.23604758,0.5192578,MangYang,697,0,0,0,1,13.966154209051483,108.3008449092679,1,2011,697,13.748605,3602.625690806518,3058.215705565512,5.999065367400247E-4,13.748605,train,87,"{""type"":""MultiPoint"",""coordinates"":[]}"
00000000000000000036_0,3069.0,2042.0,694.0,845.0,913.0,2657.0,0.13087891,0.4885154,MangYang,698,0,0,0,1,13.8198154306795,108.29572586125855,1,2016,698,2.1225657,2696.8537884503603,2278.8320351414154,0.6053397371458507,2.1225657,train,86,"{""type"":""MultiPoint"",""coordinates"":[]}"
000000000000000001a0_0,2155.0,930.5,352.5,661.0,389.5,3250.5,0.55489117,0.785989,MangYang,698,0,0,0,1,13.963188906850943,108.29841915829482,1,2010,698,10.268544,2830.9538914197656,2390.6103292524813,0.4040756666969295,10.268544,train,95,"{""type"":""MultiPoint"",""coordinates"":[]}"
000000000000000001f0_0,3151.5,2032.5,841.5,1154.5,1209.5,2955.5,0.18504411,0.4192077,MangYang,699,0,0,0,1,13.984748660444353,108.31108746438767,1,2006,699,12.488503,3602.625690806518,3058.215705565512,0.03727852484411753,12.488503,train,74,"{""type"":""MultiPoint"",""coordinates"":[]}"
000000000000000000e0_0,2362.0,1266.0,539.0,745.0,745.0,2626.0,0.34943473,0.55799466,MangYang,700,0,0,0,0,13.800413881995954,108.35474652280195,0,0,700,10.429779,3155.4534782294163,2709.3334665788348,0.16442034887119394,10.429779,train,62,"{""type"":""MultiPoint"",""coordinates"":[]}"
00000000000000000135_0,2878.0,1509.0,616.0,854.0,733.0,3147.0,0.35180414,0.62216496,MangYang,700,0,0,0,1,13.972352359515774,108.30138446049538,1,2012,700,4.717742,3602.625690806518,3058.215705565512,0.4195246793404025,4.717742,train,99,"{""type"":""MultiPoint"",""coordinates"":[]}"
00000000000000000275_0,2325.0,1151.5,404.5,631.5,476.5,3024.5,0.44851533,0.7277921,MangYang,700,0,0,0,1,13.959956058587192,108.29895870952231,1,2011,700,2.9394505,2830.9538914197656,2390.6103292524813,0.007036214604144719,2.9394505,train,99,"{""type"":""MultiPoint"",""coordinates"":[]}"
00000000000000000034_0,3006.0,1835.5,501.0,775.5,848.5,3071.5,0.25188506,0.5670918,MangYang,701,0,0,0,1,13.99579831285479,108.31566696116955,1,2003,701,1.3316468,3602.625690806518,3058.215705565512,0.22141322697025823,1.3316468,train,79,"{""type"":""MultiPoint"",""coordinates"":[]}"
00000000000000000188_0,3357.5,2473.0,735.5,995.0,1017.5,2725.5,0.048571702,0.45631847,MangYang,702,0,0,0,1,13.817389679706425,108.2844086627849,1,2004,702,18.260967,2696.8537884503603,2278.8320351414154,0.7359269045067145,18.260967,train,64,"{""type"":""MultiPoint"",""coordinates"":[]}"
000000000000000001f3_0,1319.0,513.0,298.0,556.0,298.0,3163.0,0.72089225,0.82779545,MangYang,702,0,0,1,0,13.980976260953138,108.2434429014069,1,2019,701,2.7802885,2690.046508660598,2298.4943884523354,0.4738318805506486,0.92740995,train,41,"{""type"":""MultiPoint"",""coordinates"":[]}"
00000000000000000051_0,2379.5,1555.5,728.5,1013.5,1109.0,2845.5,0.2931152,0.43912,MangYang,703,0,0,0,1,14.081765322064175,108.30515685998658,1,2008,703,1.8543341,2641.6318039000034,2220.3579389390734,0.1606114436152991,1.8543341,train,54,"{""type"":""MultiPoint"",""coordinates"":[]}"
000000000000000001c1_0,2567.0,1822.5,645.5,1017.0,792.5,2853.5,0.2204876,0.56527704,MangYang,703,0,0,0,1,14.076106722827351,108.32105801434318,0,2005,703,2.0860088,2641.6318039000034,2220.3579389390734,0.0890484150064339,2.0860088,train,12,"{""type"":""MultiPoint"",""coordinates"":[]}"
00000000000000000285_0,2030.0,1748.0,695.5,1045.5,1579.5,1797.5,0.01396136,0.06455434,MangYang,703,0,0,0,1,13.90201449949872,108.27254745398274,1,2009,703,4.2405324,2937.2231726936798,2480.487838212103,0.36144725931875565,4.2405324,train,85,"{""type"":""MultiPoint"",""coordinates"":[]}"
00000000000000000083_0,2330.0,1240.0,404.0,701.0,604.0,3078.0,0.42566,0.67191744,MangYang,704,0,0,0,1,13.980976260953137,108.29599340732175,1,2005,704,6.723583,2830.9538914197656,2390.6103292524813,0.3241735755555044,3.9279535,train,70,"{""type"":""MultiPoint"",""coordinates"":[]}"
00000000000000000092_0,2331.0,1589.0,541.0,751.0,991.0,2385.0,0.20030196,0.4129147,MangYang,704,0,0,1,0,13.955372102704253,108.28494375491132,1,2021,704,13.77157,2830.9538914197656,2390.6103292524813,0.38053261355943335,13.77157,train,31,"{""type"":""MultiPoint"",""coordinates"":[]}"
00000000000000000118_0,2747.0,1828.0,508.0,768.0,977.0,2641.0,0.18191989,0.4599226,MangYang,704,0,0,0,1,13.968307954860299,108.29141391053986,1,2004,704,9.616659,2830.9538914197656,2390.6103292524813,0.1310036353924564,9.616659,train,51,"{""type"":""MultiPoint"",""coordinates"":[]}"
00000000000000000192_0,1517.0,644.0,319.0,598.0,360.0,3023.0,0.6487592,0.7871711,MangYang,704,0,0,1,0,13.982050904307014,108.24452200386182,1,2019,704,3.4110935,2690.046508660598,2298.4943884523354,0.5406872047656054,3.4110935,train,52,"{""type"":""MultiPoint"",""coordinates"":[]}"
000000000000000002a2_0,2800.0,2353.0,623.0,870.0,1396.0,1991.0,-0.083333336,0.17567168,MangYang,704,0,0,0,1,13.875063692731693,108.28251800393825,1,2009,704,4.6273675,2857.340894066554,2383.316735011041,0.17218912459290137,4.6273675,train,70,"{""type"":""MultiPoint"",""coordinates"":[]}"
00000000000000000219_0,3237.5,2051.5,916.5,1182.5,1358.0,3057.0,0.19682881,0.38482445,MangYang,705,0,0,0,0,14.006308414037766,108.35124166937395,0,0,705,3.825441,2686.0531681478024,2309.229083489948,0.727623454597591,5.8636327,train,0,"{""type"":""MultiPoint"",""coordinates"":[]}"
0000000000000000025a_0,2302.0,1300.0,418.0,736.0,596.0,2516.0,0.3186583,0.6169666,MangYang,705,0,0,1,0,13.871019288076218,108.33480096378989,1,2021,705,15.57805,3107.853968270547,2656.1605346543565,0.5359892644494887,15.57805,train,79,"{""type"":""MultiPoint"",""coordinates"":[]}"
0000000000000000028c_0,2797.0,1713.5,636.5,859.5,955.0,2748.5,0.23195876,0.48427165,MangYang,705,0,0,0,1,13.958069858841586,108.29923071468657,1,2013,705,13.771573,2830.9538914197656,2390.6103292524813,0.16062502457493066,13.771573,train,90,"{""type"":""MultiPoint"",""coordinates"":[]}"
0000000000000000004e_0,3025.0,2360.0,621.0,915.0,1468.0,2390.0,0.0063157897,0.23898393,MangYang,706,0,0,0,0,13.959956058587194,108.28898815956678,0,0,706,5.9881234,2830.9538914197656,2390.6103292524813,0.7886497760865765,5.9881234,train,0,"{""type"":""MultiPoint"",""coordinates"":[]}"
0000000000000000013b_0,2423.0,1546.5,497.5,838.5,689.0,3098.5,0.33412272,0.63617164,MangYang,706,0,0,1,0,13.857276338629495,108.33803381205365,1,2021,706,8.633787,3107.853968270547,2656.1605346543565,0.447997685381223,8.633787,train,60,"{""type"":""MultiPoint"",""coordinates"":[]}"
000000000000000001f9_0,2687.0,1583.0,579.0,784.0,950.0,2511.0,0.22667319,0.45102572,MangYang,706,0,0,0,1,13.969387057315233,108.30219155778605,1,2011,706,6.00502,3602.625690806518,3058.215705565512,0.5460482501288352,6.00502,train,95,"{""type"":""MultiPoint"",""coordinates"":[]}"
0000000000000000022c_0,2724.0,1506.0,437.0,705.0,637.0,3000.0,0.33155793,0.6497113,MangYang,706,0,0,0,1,13.969387057315233,108.29195346176735,1,2006,706,3.9889665,2830.9538914197656,2390.6103292524813,0.7932257233551412,3.9889665,train,45,"{""type"":""MultiPoint"",""coordinates"":[]}"
000000000000000002f7_0,2630.0,1925.0,494.0,776.0,938.0,2336.5,0.096562244,0.4270881,MangYang,706,0,0,0,1,14.076646274054818,108.34315731916405,1,2017,706,4.71914,2641.6318039000034,2220.3579389390734,0.6534318609751739,4.71914,train,37,"{""type"":""MultiPoint"",""coordinates"":[]}"
000000000000000000ba_0,2755.5,1672.5,532.0,763.5,747.5,2886.5,0.26628646,0.5886076,MangYang,707,0,0,1,0,13.820087435843755,108.29168145660307,1,2020,707,1.9095753,2696.8537884503603,2278.8320351414154,0.027752572878480097,1.9095753,train,98,"{""type"":""MultiPoint"",""coordinates"":[]}"
000000000000000000ee_0,3169.0,2060.0,662.0,878.0,987.0,2541.5,0.10463979,0.44055548,MangYang,707,0,0,0,1,13.969926608542698,108.2924930129948,1,2004,707,5.4359045,2830.9538914197656,2390.6103292524813,0.33340836468408175,5.4359045,train,70,"{""type"":""MultiPoint"",""coordinates"":[]}"
000000000000000002a9_0,3134.0,2501.0,669.0,1032.0,1492.0,2253.0,-0.052166596,0.20320427,MangYang,707,0,0,0,1,13.87425659544102,108.2827900091025,1,2009,707,4.677683,2857.340894066554,2383.316735011041,0.2097649360061309,4.677683,train,47,"{""type"":""MultiPoint"",""coordinates"":[]}"
00000000000000000128_0,2514.0,1488.0,439.0,668.0,626.0,2579.0,0.2682567,0.6093604,MangYang,709,0,0,0,1,13.96804040879709,108.29626541248601,1,2006,709,5.0032024,2830.9538914197656,2390.6103292524813,0.22851591366824953,5.0032024,train,63,"{""type"":""MultiPoint"",""coordinates"":[]}"
00000000000000000211_0,3121.0,1977.0,683.0,984.0,1158.0,2809.0,0.17384037,0.4161835,MangYang,709,0,0,0,1,13.9144108004273,108.2924930129948,1,2009,709,4.7169733,2937.2231726936798,2480.487838212103,0.6685211404184769,4.7169733,train,70,"{""type"":""MultiPoint"",""coordinates"":[]}"
000000000000000000d7_0,2039.0,1285.5,503.0,760.0,872.0,3044.5,0.40623558,0.5547044,MangYang,710,0,0,0,1,13.995526307690533,108.2809038093569,1,2005,710,3.4112356,2830.9538914197656,2390.6103292524813,0.2516709885635324,3.4112356,train,63,"{""type"":""MultiPoint"",""coordinates"":[]}"
00000000000000000079_0,2406.0,1228.0,531.0,822.0,602.5,3559.0,0.4869438,0.71044093,MangYang,711,0,0,1,0,14.02705661123945,108.34935546962835,1,2020,711,14.438672,2752.621212776718,2294.530519202511,0.7348880482786401,14.438672,train,64,"{""type"":""MultiPoint"",""coordinates"":[]}"
00000000000000000109_0,1498.0,649.5,351.0,533.0,350.0,3181.0,0.6608798,0.8017559,MangYang,711,0,0,0,1,14.095508271510894,108.3857372751234,0,2013,711,9.86089,2899.866533741355,2435.8231804678194,0.4321007391537931,9.86089,train,0,"{""type"":""MultiPoint"",""coordinates"":[]}"
0000000000000000023b_0,2019.0,1195.0,502.0,737.0,588.0,2167.0,0.2891136,0.5731397,MangYang,712,0,0,0,1,14.101978427139445,108.30300311417777,1,2016,712,1.3319647,2872.7254663035274,2386.3307129473314,0.4907692196880805,1.3319647,train,54,"{""type"":""MultiPoint"",""coordinates"":[]}"
000000000000000000c3_0,3210.0,2152.0,646.0,899.0,1169.0,2524.0,0.079555176,0.36691037,MangYang,713,0,0,0,1,13.845419588928383,108.30461730875912,1,2004,710,9.239158,2897.990235873274,2491.310220139485,0.7439827777535797,5.0028195,train,73,"{""type"":""MultiPoint"",""coordinates"":[]}"
000000000000000001a9_0,2305.0,1142.0,387.5,680.0,530.0,3264.0,0.481616,0.7206115,MangYang,713,0,0,0,1,14.039724917332292,108.2968049637135,1,2005,714,12.205764,2548.077674259389,2148.198764667511,0.1555408940810029,11.920213,train,43,"{""type"":""MultiPoint"",""coordinates"":[]}"
000000000000000001bc_0,3488.0,2213.0,635.0,837.0,984.0,2837.5,0.123651125,0.48501897,MangYang,713,0,0,0,1,13.989867708453707,108.31351321536074,1,2009,713,5.312203,3602.625690806518,3058.215705565512,0.7115943258359484,5.312203,train,76,"{""type"":""MultiPoint"",""coordinates"":[]}"
000000000000000001ed_0,1612.0,848.0,370.0,540.0,381.0,3123.0,0.5729036,0.78253424,MangYang,713,0,0,0,1,13.926807101355877,108.27793850715636,1,2010,711,3.988587,2937.2231726936798,2480.487838212103,0.2481255114542481,5.511998,train,48,"{""type"":""MultiPoint"",""coordinates"":[]}"
000000000000000001de_0,3067.0,2066.0,713.0,965.5,1030.5,3009.0,0.1858128,0.48978835,MangYang,714,0,0,0,1,13.968579960024558,108.29491876396789,0,2005,714,2.1236694,2830.9538914197656,2390.6103292524813,0.24177173759588866,2.1236694,train,19,"{""type"":""MultiPoint"",""coordinates"":[]}"
000000000000000001ff_0,3501.0,2578.0,800.0,1162.0,1414.0,2947.0,0.06678733,0.3515249,MangYang,714,0,0,0,1,14.041071565850432,108.30623596244152,1,2008,717,6.7252994,2752.621212776718,2294.530519202511,0.08139058023023593,2.6621268,train,48,"{""type"":""MultiPoint"",""coordinates"":[]}"
00000000000000000032_0,2789.5,2143.0,581.5,858.5,1316.0,2265.5,0.027787229,0.26511237,MangYang,715,0,0,0,1,13.872637941758615,108.28575531130305,1,2009,715,1.9100064,2857.340894066554,2383.316735011041,0.3994265800213306,1.9100064,train,75,"{""type"":""MultiPoint"",""coordinates"":[]}"
0000000000000000007e_0,3281.5,2153.0,681.0,914.5,1030.5,2463.0,0.067157716,0.41004723,MangYang,715,0,0,0,1,14.069101475072387,108.32348376531624,1,2006,715,7.4391956,2641.6318039000034,2220.3579389390734,0.47357388204431283,7.4391956,train,99,"{""type"":""MultiPoint"",""coordinates"":[]}"
00000000000000000088_0,3876.0,3079.0,923.5,1255.5,1407.5,3023.5,-0.009094633,0.36470324,MangYang,715,0,0,0,1,13.913871249199833,108.29356765634869,1,2009,715,2.7802885,2937.2231726936798,2480.487838212103,0.719735708064229,2.7802885,train,98,"{""type"":""MultiPoint"",""coordinates"":[]}"
000000000000000000e3_0,1657.0,929.0,375.0,568.0,428.0,3646.0,0.59387976,0.7898871,MangYang,715,0,0,0,1,13.876949892477297,108.27767096109314,1,2002,715,3.9262865,2857.340894066554,2383.316735011041,0.231888118425308,3.9262865,train,54,"{""type"":""MultiPoint"",""coordinates"":[]}"
000000000000000001e0_0,3073.0,1771.0,540.0,805.0,842.0,2979.0,0.2543158,0.55927765,MangYang,715,0,0,0,1,13.964268009305874,108.3008449092679,1,2011,715,2.864818,3602.625690806518,3058.215705565512,0.6951324626647074,2.864818,train,87,"{""type"":""MultiPoint"",""coordinates"":[]}"
00000000000000000201_0,2338.0,1194.0,398.0,633.0,496.0,3033.0,0.43506032,0.71890056,MangYang,715,0,0,0,1,13.973699008033917,108.28952771079426,1,2008,715,2.6617243,2830.9538914197656,2390.6103292524813,0.6594233759516175,2.6617243,train,70,"{""type"":""MultiPoint"",""coordinates"":[]}"
0000000000000000000e_0,2317.0,1622.0,493.0,734.0,991.0,2747.0,0.257496,0.46976992,MangYang,716,0,0,0,1,13.849191988419596,108.28117135542011,1,2003,716,6.7954516,2696.8537884503603,2278.8320351414154,0.5610260334431059,6.7954516,train,95,"{""type"":""MultiPoint"",""coordinates"":[]}"
0000000000000000027b_0,2212.5,1494.5,449.0,657.0,672.0,2745.5,0.29504716,0.60673004,MangYang,716,0,0,0,1,13.926267550128408,108.28386911155745,0,2016,716,2.9394054,2937.2231726936798,2480.487838212103,0.001389428256451608,2.9394054,train,12,"{""type"":""MultiPoint"",""coordinates"":[]}"
0000000000000000009d_0,2676.0,1484.0,508.0,816.0,698.0,3088.0,0.35083115,0.6312731,MangYang,717,0,0,0,1,14.011427462047118,108.37522717394043,1,2001,717,12.545367,2686.0531681478024,2309.229083489948,0.5281050422334834,12.545367,train,70,"{""type"":""MultiPoint"",""coordinates"":[]}"
00000000000000000127_0,2788.0,1796.5,535.0,801.0,934.5,2903.5,0.23553191,0.5130276,MangYang,717,0,0,0,1,13.900128299753108,108.28682995465692,1,2008,717,7.4391074,2937.2231726936798,2480.487838212103,0.09539132437609821,7.4391074,train,95,"{""type"":""MultiPoint"",""coordinates"":[]}"
0000000000000000019e_0,3179.5,2732.0,1188.5,1375.0,1486.5,2218.0,-0.103838384,0.19746254,MangYang,717,0,0,0,1,14.081765322064175,108.32887481848987,1,2013,717,2.0860193,2641.6318039000034,2220.3579389390734,0.38772818048285307,2.0860193,train,44,"{""type"":""MultiPoint"",""coordinates"":[]}"
000000000000000000f0_0,3419.0,2395.0,780.0,1103.5,1218.5,2911.5,0.09733346,0.40992737,MangYang,718,0,0,0,1,13.913871249199833,108.29303256422226,1,2009,718,3.7047918,2937.2231726936798,2480.487838212103,0.14006565509147584,3.7047918,train,90,"{""type"":""MultiPoint"",""coordinates"":[]}"
0000000000000000012a_0,2196.0,1434.5,602.0,870.5,855.0,2579.5,0.28525162,0.50211096,MangYang,718,0,0,0,1,14.026249513948775,108.36067266810198,1,2015,718,8.54013,2686.0531681478024,2309.229083489948,0.5459000738169878,8.54013,train,74,"{""type"":""MultiPoint"",""coordinates"":[]}"
000000000000000001b6_0,2794.0,2353.0,594.5,858.0,918.0,2248.0,-0.022821127,0.42008844,MangYang,718,0,0,0,1,14.079879122318568,108.32079046827997,1,2008,718,0.95612985,2641.6318039000034,2220.3579389390734,0.605549486375343,0.95612985,train,95,"{""type"":""MultiPoint"",""coordinates"":[]}"
000000000000000002c0_0,2900.0,1795.5,572.5,849.0,830.5,3183.0,0.2786984,0.5861468,MangYang,718,0,0,0,1,14.078260468636167,108.34504351890966,0,2012,718,6.9120374,2641.6318039000034,2220.3579389390734,0.5249442118914848,6.9120374,train,17,"{""type"":""MultiPoint"",""coordinates"":[]}"
00000000000000000013_0,3460.5,2167.5,634.0,905.5,1122.0,2422.0,0.055452663,0.36681715,MangYang,719,0,0,0,1,13.847845339901456,108.30192401172283,1,2014,719,11.285772,2897.990235873274,2491.310220139485,0.1285758836474561,11.285772,train,95,"{""type"":""MultiPoint"",""coordinates"":[]}"
000000000000000001da_0,2652.5,1517.5,459.0,701.5,665.0,2973.0,0.32412872,0.6344145,MangYang,719,0,0,0,1,13.896351441160842,108.29114190537561,1,2007,719,2.6612668,2857.340894066554,2383.316735011041,0.20191004819305192,2.6612668,train,65,"{""type"":""MultiPoint"",""coordinates"":[]}"
00000000000000000251_0,2700.0,1808.0,578.0,884.0,973.0,2739.0,0.20475039,0.47575432,MangYang,719,0,0,0,1,13.886113345142133,108.29060681324918,1,2004,719,7.598444,2857.340894066554,2383.316735011041,0.5887582994245525,7.598444,train,63,"{""type"":""MultiPoint"",""coordinates"":[]}"
00000000000000000035_0,2651.0,2209.0,557.0,765.0,1196.0,1944.0,-0.0638093,0.23821656,MangYang,720,0,0,0,1,13.875331238794898,108.28494375491132,1,2009,720,4.6776915,2857.340894066554,2383.316735011041,0.6090118891536874,4.6776915,train,75,"{""type"":""MultiPoint"",""coordinates"":[]}"
0000000000000000006a_0,3060.0,2195.0,653.0,984.0,1072.0,3082.0,0.16808793,0.48387095,MangYang,720,0,0,0,1,14.01897226102955,108.38897012338717,1,2012,720,5.863666,2686.0531681478024,2309.229083489948,0.39607871971291075,5.863666,train,70,"{""type"":""MultiPoint"",""coordinates"":[]}"
0000000000000000023e_0,2325.0,2101.0,520.0,727.0,1094.0,2118.0,0.004029391,0.31880447,MangYang,720,0,0,0,1,13.848924442356392,108.2844086627849,1,2008,720,3.7047918,2696.8537884503603,2278.8320351414154,0.3068178439919792,3.7047918,train,54,"{""type"":""MultiPoint"",""coordinates"":[]}"
000000000000000000e2_0,2552.0,1485.5,536.5,835.5,696.0,3041.5,0.3437155,0.6275585,MangYang,721,0,0,0,1,14.018432709802083,108.38897012338717,1,2012,721,2.6619906,2686.0531681478024,2309.229083489948,0.4004243780453345,2.6619906,train,60,"{""type"":""MultiPoint"",""coordinates"":[]}"
00000000000000000126_0,3023.0,1858.5,572.0,816.5,876.5,2737.5,0.19125326,0.5149419,MangYang,721,0,0,0,1,13.972080354351514,108.29330011028547,0,2009,721,2.6617146,2830.9538914197656,2390.6103292524813,0.3808779112722388,2.6617146,train,10,"{""type"":""MultiPoint"",""coordinates"":[]}"
00000000000000000168_0,2855.5,1670.0,561.5,835.5,885.5,3178.5,0.31112716,0.56422246,MangYang,721,0,0,0,1,13.983937104052625,108.31189456167836,1,2017,721,7.9041953,3602.625690806518,3058.215705565512,0.5058235302219681,7.9041953,train,85,"{""type"":""MultiPoint"",""coordinates"":[]}"
000000000000000001d2_0,3493.0,2448.0,825.0,1160.0,1444.5,2932.0,0.089962825,0.33988348,MangYang,721,0,0,0,1,14.037031620296005,108.31054791316019,1,2008,721,10.750342,2752.621212776718,2294.530519202511,0.7595937059950177,10.750342,train,70,"{""type"":""MultiPoint"",""coordinates"":[]}"
0000000000000000028b_0,1980.0,1200.0,327.5,507.0,510.0,2378.0,0.3292342,0.6468144,MangYang,721,0,0,0,1,14.04592306779658,108.24101715043382,1,2012,721,3.818639,2503.982889492705,2105.223826727597,0.5404168907116155,3.818639,train,89,"{""type"":""MultiPoint"",""coordinates"":[]}"
000000000000000002e7_0,2609.5,1576.5,572.0,863.5,932.0,2660.5,0.2558414,0.48114127,MangYang,721,0,0,0,1,13.886652896369599,108.29006726202172,1,2007,721,3.410104,2857.340894066554,2383.316735011041,0.21382444989233562,3.410104,train,37,"{""type"":""MultiPoint"",""coordinates"":[]}"
000000000000000000ac_0,3116.0,1834.5,598.5,888.0,941.0,3344.5,0.29156208,0.5608447,MangYang,722,0,0,0,1,13.9879815087081,108.31297366413327,0,2008,722,13.176483,3602.625690806518,3058.215705565512,0.27225728225061185,13.176483,train,29,"{""type"":""MultiPoint"",""coordinates"":[]}"
000000000000000000ad_0,1815.0,775.0,372.0,570.0,387.0,3581.0,0.644169,0.8049395,MangYang,722,0,0,1,0,14.068022372617454,108.32914236455308,1,2020,722,17.119883,2641.6318039000034,2220.3579389390734,0.729911628860246,17.119883,train,51,"{""type"":""MultiPoint"",""coordinates"":[]}"
000000000000000000fa_0,3537.0,2594.0,1012.0,1304.0,1481.0,3050.0,0.08079376,0.34628117,MangYang,722,0,0,0,1,14.019244266193809,108.39166342042343,1,2004,722,7.606362,2686.0531681478024,2309.229083489948,0.5806228056112493,7.606362,train,72,"{""type"":""MultiPoint"",""coordinates"":[]}"
000000000000000001b3_0,2232.5,1267.0,386.5,545.0,499.0,2724.0,0.36507142,0.6903506,MangYang,722,0,0,0,1,14.077185825282287,108.33911291450859,0,2016,722,1.3318903,2641.6318039000034,2220.3579389390734,0.20377781881481338,1.3318903,train,28,"{""type"":""MultiPoint"",""coordinates"":[]}"
00000000000000000089_0,2797.0,1763.0,528.0,759.0,895.0,2973.0,0.25548986,0.5372285,MangYang,723,0,0,1,0,13.911985049454223,108.29141391053986,1,2020,723,9.240501,2937.2231726936798,2480.487838212103,0.146333745054531,9.240501,train,95,"{""type"":""MultiPoint"",""coordinates"":[]}"
000000000000000001c2_0,2552.0,1397.0,479.0,743.0,666.0,2984.0,0.36224607,0.6350685,MangYang,723,0,0,0,1,14.03945737126908,108.29572586125855,0,2008,723,8.342529,2548.077674259389,2148.198764667511,0.4146804249913504,8.342529,train,17,"{""type"":""MultiPoint"",""coordinates"":[]}"
0000000000000000021a_0,2330.0,1096.5,388.5,652.0,468.5,3202.5,0.48988137,0.7447562,MangYang,723,0,0,0,1,13.894737246579492,108.292760559058,1,2006,723,8.080288,2857.340894066554,2383.316735011041,0.7071478560209987,8.080288,train,78,"{""type"":""MultiPoint"",""coordinates"":[]}"
00000000000000000310_0,3543.0,2685.0,818.0,1085.0,1272.0,2931.0,0.04380342,0.39471805,MangYang,723,0,0,0,1,13.913331697972367,108.29410720757615,1,2009,723,10.501941,2937.2231726936798,2480.487838212103,0.26514186803287854,10.501941,train,83,"{""type"":""MultiPoint"",""coordinates"":[]}"
00000000000000000008_0,4513.5,3663.0,1304.5,1563.0,1814.0,2977.0,-0.10331325,0.24274682,MangYang,724,0,0,1,0,13.821166538298693,108.29895870952231,1,2020,724,2.122576,2696.8537884503603,2278.8320351414154,0.0809210466917415,2.122576,train,92,"{""type"":""MultiPoint"",""coordinates"":[]}"
00000000000000000024_0,2716.5,1478.5,490.0,755.0,717.0,2786.0,0.30660102,0.5906366,MangYang,725,0,0,0,1,14.01924426619381,108.3563607173833,0,2006,725,19.780174,2686.0531681478024,2309.229083489948,0.3110336486186521,19.780174,train,20,"{""type"":""MultiPoint"",""coordinates"":[]}"
000000000000000000fd_0,2046.0,1222.0,525.0,794.0,721.0,3027.5,0.4248735,0.6153128,MangYang,725,0,0,1,0,14.041071565850428,108.22673464975963,1,2020,725,5.7172847,2503.982889492705,2105.223826727597,0.7241775177401103,5.7172847,train,39,"{""type"":""MultiPoint"",""coordinates"":[]}"
000000000000000001cf_0,3146.5,2386.5,856.0,1085.0,1150.0,3010.5,0.115619786,0.44718182,MangYang,725,0,0,0,1,13.97261990557898,108.3043497626959,1,2011,725,9.241729,3602.625690806518,3058.215705565512,0.7040946403366203,9.241729,train,90,"{""type"":""MultiPoint"",""coordinates"":[]}"
00000000000000000232_0,1966.0,1099.0,421.0,660.0,626.0,2636.0,0.4115127,0.6161864,MangYang,725,0,0,1,0,13.820087435843755,108.29976580681299,1,2019,725,6.0251055,2696.8537884503603,2278.8320351414154,0.7573960454127897,6.0251055,train,97,"{""type"":""MultiPoint"",""coordinates"":[]}"
0000000000000000025f_0,3973.5,2969.0,989.0,1267.0,1405.5,2808.0,-0.027869137,0.33285868,MangYang,725,0,0,0,1,14.127850131451538,108.30650350850472,1,2009,725,0.9563302,2872.7254663035274,2386.3307129473314,0.6176566808693261,0.9563302,train,70,"{""type"":""MultiPoint"",""coordinates"":[]}"
000000000000000000a1_0,2498.0,1320.0,391.0,678.0,541.0,3021.0,0.3918452,0.69623804,MangYang,726,0,0,0,1,13.972619905578982,108.29303256422226,1,2008,726,5.4359207,2830.9538914197656,2390.6103292524813,0.31204169726213116,5.4359207,train,64,"{""type"":""MultiPoint"",""coordinates"":[]}"
000000000000000000a4_0,2534.5,1449.0,534.5,837.0,835.5,3199.0,0.37650603,0.5858223,MangYang,726,0,0,0,1,14.0057688628103,108.37334097419483,1,2008,726,2.7802885,2686.0531681478024,2309.229083489948,0.26781160523684666,2.7802885,train,95,"{""type"":""MultiPoint"",""coordinates"":[]}"
000000000000000000b8_0,2778.0,1624.5,466.5,732.0,677.0,3207.0,0.32753804,0.6513903,MangYang,726,0,0,0,1,13.885573793914663,108.29168145660307,1,2004,726,17.403805,2857.340894066554,2383.316735011041,0.22611655555645316,17.403805,train,52,"{""type"":""MultiPoint"",""coordinates"":[]}"
00000000000000000019_0,2225.0,1039.0,387.0,588.0,457.0,3189.0,0.50851464,0.7493143,MangYang,727,0,0,0,1,13.95699075638665,108.29787960706736,1,2009,727,8.597066,2830.9538914197656,2390.6103292524813,0.04382855189161372,8.597066,train,95,"{""type"":""MultiPoint"",""coordinates"":[]}"
000000000000000002b0_0,2766.0,2269.0,774.0,1043.0,1342.0,2107.0,-0.03702011,0.22180343,MangYang,727,0,0,0,1,13.905247347762469,108.28117135542011,1,2002,727,9.641277,2937.2231726936798,2480.487838212103,0.42114732133265886,9.641277,train,31,"{""type"":""MultiPoint"",""coordinates"":[]}"
0000000000000000003c_0,1874.5,942.0,425.5,722.5,420.0,3847.0,0.60659844,0.8031404,MangYang,728,0,0,0,1,14.049427921224586,108.31755316091518,1,2008,728,7.4920883,2752.621212776718,2294.530519202511,0.6559138144565564,7.4920883,train,44,"{""type"":""MultiPoint"",""coordinates"":[]}"
00000000000000000124_0,2333.0,1243.0,460.0,750.0,684.0,2723.0,0.37317196,0.5984737,MangYang,728,0,0,0,1,13.868325991039935,108.30461730875913,1,2009,728,8.534377,3107.853968270547,2656.1605346543565,0.38240014422701263,8.534377,train,89,"{""type"":""MultiPoint"",""coordinates"":[]}"
0000000000000000020a_0,2352.0,1118.0,356.0,599.0,383.0,3369.0,0.5016715,0.79584223,MangYang,728,0,0,0,1,13.972891910743238,108.29653295854924,1,2009,728,2.9394677,2830.9538914197656,2390.6103292524813,0.2867215141856826,2.9394677,train,99,"{""type"":""MultiPoint"",""coordinates"":[]}"
0000000000000000008e_0,3159.0,2000.0,582.5,800.0,931.5,2828.5,0.17158538,0.50452125,MangYang,729,0,0,0,1,14.01978381742128,108.29410720757615,1,2010,729,10.556884,2548.077674259389,2148.198764667511,0.4658339162687426,10.556884,train,60,"{""type"":""MultiPoint"",""coordinates"":[]}"
000000000000000000aa_0,2616.5,2186.0,743.5,935.0,1145.5,2101.5,-0.019708455,0.29442564,MangYang,729,0,0,0,1,13.907940644798746,108.28090380935689,0,2002,729,2.6613357,2937.2231726936798,2480.487838212103,0.3741388980387379,2.6613357,train,25,"{""type"":""MultiPoint"",""coordinates"":[]}"
000000000000000000dd_0,2996.0,1873.0,561.0,819.0,889.0,3015.0,0.23363338,0.5445697,MangYang,729,0,0,0,1,13.976931856297663,108.29734451494096,1,2009,729,7.6053057,2830.9538914197656,2390.6103292524813,0.45721016530729275,7.6053057,train,99,"{""type"":""MultiPoint"",""coordinates"":[]}"
000000000000000000fb_0,2265.5,1138.5,434.5,682.5,516.5,3506.0,0.5097427,0.7431945,MangYang,730,0,0,0,1,14.008462159846578,108.3366871635355,1,2004,730,8.872007,2752.621212776718,2294.530519202511,0.7177530589473489,8.872007,train,95,"{""type"":""MultiPoint"",""coordinates"":[]}"
00000000000000000268_0,2882.5,1597.0,509.0,723.5,784.0,2867.0,0.2844982,0.5705286,MangYang,730,0,0,0,1,13.973427002869654,108.29815161223162,1,2006,730,6.2354693,2830.9538914197656,2390.6103292524813,0.01893937389294975,6.2354693,train,99,"{""type"":""MultiPoint"",""coordinates"":[]}"
000000000000000002c4_0,2432.0,1338.0,433.0,673.0,565.0,3017.0,0.38553387,0.6845338,MangYang,730,0,0,0,1,14.077725376509756,108.34612262136459,0,2012,730,6.8001614,2641.6318039000034,2220.3579389390734,0.49864281869840066,6.8001614,train,13,"{""type"":""MultiPoint"",""coordinates"":[]}"
00000000000000000099_0,3041.0,1786.5,485.5,684.5,635.5,3108.0,0.26999694,0.6604782,MangYang,731,0,0,0,1,14.138088227470249,108.31000836193274,1,2011,731,7.337929,2872.7254663035274,2386.3307129473314,0.5390190161504825,7.337929,train,47,"{""type"":""MultiPoint"",""coordinates"":[]}"
00000000000000000185_0,3540.0,2859.0,850.0,1137.0,1533.0,2299.0,-0.10856921,0.19989562,MangYang,731,0,0,0,1,14.05508652046141,108.31405276658822,1,2008,731,4.7242556,2641.6318039000034,2220.3579389390734,0.7782968435551098,4.7242556,train,31,"{""type"":""MultiPoint"",""coordinates"":[]}"
000000000000000000f8_0,3291.0,2386.0,677.0,991.0,1208.0,2765.0,0.07357795,0.3918953,MangYang,732,0,0,0,1,13.975852753842728,108.29437921274041,1,2006,732,1.3315872,2830.9538914197656,2390.6103292524813,0.07781891649346817,1.3315872,train,78,"{""type"":""MultiPoint"",""coordinates"":[]}"
00000000000000000145_0,1287.5,790.5,611.0,849.5,822.5,1973.5,0.4280029,0.4116595,MangYang,732,0,0,0,1,13.868325991039937,108.30569641121404,1,2009,732,8.500379,3107.853968270547,2656.1605346543565,0.7397910455069826,8.500379,train,85,"{""type"":""MultiPoint"",""coordinates"":[]}"
0000000000000000021d_0,3830.5,2581.5,798.0,1017.0,1183.0,2769.0,0.035043456,0.40131578,MangYang,732,0,0,0,1,13.975317661716314,108.29787960706736,1,2009,732,5.1126857,2830.9538914197656,2390.6103292524813,0.40580472395646494,5.1126857,train,99,"{""type"":""MultiPoint"",""coordinates"":[]}"
0000000000000000027d_0,3481.5,2270.0,786.5,937.5,1070.0,2836.0,0.110849984,0.45212492,MangYang,732,0,0,0,1,13.8688655422674,108.30300311417777,1,2009,732,8.583173,3107.853968270547,2656.1605346543565,0.7423374615834638,8.583173,train,95,"{""type"":""MultiPoint"",""coordinates"":[]}"
000000000000000002d7_0,2567.5,1404.5,459.0,757.5,715.0,3142.5,0.38223004,0.62929356,MangYang,732,0,0,0,1,14.039185366104823,108.29222100783055,0,2006,732,8.500689,2548.077674259389,2148.198764667511,0.3903605819935393,8.500689,train,27,"{""type"":""MultiPoint"",""coordinates"":[]}"
0000000000000000006f_0,710.0,358.0,410.0,636.0,391.0,847.0,0.40580913,0.36833602,MangYang,733,0,0,0,1,14.06559662164438,108.23050704925086,1,2001,733,4.166462,2827.0291006837892,2333.1189995745804,0.60291712444908,4.166462,train,72,"{""type"":""MultiPoint"",""coordinates"":[]}"
00000000000000000224_0,4516.5,3494.5,1350.5,1551.0,1746.5,2910.5,-0.09117877,0.24994631,MangYang,733,0,0,0,1,14.131354984879549,108.30488931392338,1,2009,733,2.1248908,2872.7254663035274,2386.3307129473314,0.3356978444695815,2.1248908,train,85,"{""type"":""MultiPoint"",""coordinates"":[]}"
0000000000000000025d_0,2179.5,1104.0,498.5,749.0,596.0,2694.0,0.4186414,0.63768995,MangYang,733,0,0,0,1,13.874796146668487,108.29734451494096,1,2008,733,3.0096633,2857.340894066554,2383.316735011041,0.25839211427352937,3.0096633,train,87,"{""type"":""MultiPoint"",""coordinates"":[]}"
00000000000000000130_0,3203.0,2100.0,587.0,839.0,899.0,2591.0,0.10466851,0.48481375,MangYang,734,0,0,0,1,14.117068025104308,108.3202509170525,1,2009,734,0.92740995,2872.7254663035274,2386.3307129473314,0.42363573319229264,0.92740995,train,70,"{""type"":""MultiPoint"",""coordinates"":[]}"
00000000000000000234_0,3104.5,2047.0,577.0,813.0,1079.0,2324.5,0.06347936,0.36594683,MangYang,734,0,0,0,1,14.019511812257017,108.29572586125855,1,2010,734,3.989412,2548.077674259389,2148.198764667511,0.5659527806340031,3.989412,train,95,"{""type"":""MultiPoint"",""coordinates"":[]}"
00000000000000000104_0,3400.5,2740.5,900.5,1184.5,1476.5,2335.0,-0.079893604,0.22523941,MangYang,735,0,0,0,1,13.862934937866317,108.292760559058,1,2008,735,0.9552297,2857.340894066554,2383.316735011041,0.42915803607225345,0.9552297,train,37,"{""type"":""MultiPoint"",""coordinates"":[]}"
0000000000000000013d_0,2614.0,1363.0,447.0,676.0,643.0,2985.0,0.3730451,0.64553475,MangYang,735,0,0,0,1,13.910638400936087,108.29303256422226,1,2009,735,18.265434,2937.2231726936798,2480.487838212103,0.19323276468092299,18.265434,train,78,"{""type"":""MultiPoint"",""coordinates"":[]}"
00000000000000000166_0,2860.0,1964.0,582.0,787.0,852.0,2772.0,0.1706081,0.5298013,MangYang,735,0,0,0,1,14.022209568394352,108.29410720757615,1,2010,735,3.825457,2548.077674259389,2148.198764667511,0.24715568517856035,3.825457,train,44,"{""type"":""MultiPoint"",""coordinates"":[]}"
0000000000000000023c_0,2886.0,1854.0,757.0,774.0,773.0,1284.0,-0.18164437,0.24842003,MangYang,735,0,0,1,0,14.003075565774015,108.22942794679591,0,2020,735,1.3316684,2503.982889492705,2105.223826727597,0.6640574513029383,1.3316684,train,28,"{""type"":""MultiPoint"",""coordinates"":[]}"
00000000000000000241_0,2968.0,1774.0,504.5,720.5,727.0,2926.0,0.24510638,0.601971,MangYang,735,0,0,0,1,13.92464889644601,108.29195346176735,1,2009,735,17.603872,2937.2231726936798,2480.487838212103,0.4292140934763248,17.603872,train,70,"{""type"":""MultiPoint"",""coordinates"":[]}"
0000000000000000026b_0,4618.0,4468.0,2270.0,2628.0,2368.0,2855.0,-0.22026491,0.09324143,MangYang,735,0,0,0,1,14.02813571369438,108.30569641121404,1,2008,735,2.085917,2752.621212776718,2294.530519202511,0.04418405042301865,2.085917,train,64,"{""type"":""MultiPoint"",""coordinates"":[]}"
00000000000000000299_0,1613.5,666.0,385.5,591.5,352.0,3679.5,0.693476,0.8253752,MangYang,735,0,0,0,1,14.095780276675153,108.387623474869,1,2012,735,14.200424,2899.866533741355,2435.8231804678194,0.7274340850327327,14.200424,train,36,"{""type"":""MultiPoint"",""coordinates"":[]}"
000000000000000002d1_0,3613.0,2508.0,680.0,985.0,1242.0,2805.0,0.055900622,0.38621202,MangYang,735,0,0,0,1,13.877756989767972,108.29599340732176,1,2006,735,6.026033,2857.340894066554,2383.316735011041,0.7377704356964231,6.026033,train,64,"{""type"":""MultiPoint"",""coordinates"":[]}"
00000000000000000010_0,2458.0,1456.5,478.5,786.0,638.5,3089.5,0.3592169,0.65745705,MangYang,736,0,0,0,1,13.866439791294328,108.3463901674278,1,2016,736,9.852019,3107.853968270547,2656.1605346543565,0.2731217341818887,9.852019,train,56,"{""type"":""MultiPoint"",""coordinates"":[]}"
0000000000000000015d_0,2621.0,1464.0,470.0,728.0,717.0,3151.0,0.36554712,0.6292658,MangYang,736,0,0,0,1,13.954832551476786,108.30030535804043,1,2010,736,7.6557374,3602.625690806518,3058.215705565512,0.13989033566066988,7.6557374,train,85,"{""type"":""MultiPoint"",""coordinates"":[]}"
00000000000000000198_0,3726.0,2384.0,648.0,947.0,1181.0,2660.0,0.054718476,0.385056,MangYang,736,0,0,0,1,13.872905487821825,108.30111691443216,1,2011,736,0.92740995,3107.853968270547,2656.1605346543565,0.7088613392433658,0.92740995,train,99,"{""type"":""MultiPoint"",""coordinates"":[]}"
000000000000000001ea_0,3003.5,2152.5,682.5,932.5,1128.0,2502.5,0.075187966,0.37859797,MangYang,736,0,0,0,1,13.877217438540505,108.29815161223162,1,2006,736,2.6611536,2857.340894066554,2383.316735011041,0.5374668196313952,2.6611536,train,63,"{""type"":""MultiPoint"",""coordinates"":[]}"
0000000000000000021f_0,2603.0,1807.0,556.0,794.5,1023.5,2344.0,0.12936641,0.39213067,MangYang,736,0,0,0,1,13.905247347762469,108.28225045787505,1,2002,736,0.0,2937.2231726936798,2480.487838212103,0.23923241521337402,0.0,train,63,"{""type"":""MultiPoint"",""coordinates"":[]}"
0000000000000000023f_0,4054.0,3782.0,1634.0,1907.0,1842.0,2445.5,-0.2146126,0.14075802,MangYang,736,0,0,0,1,14.02813571369438,108.30488931392338,1,2008,736,1.3317431,2752.621212776718,2294.530519202511,0.5764245065294723,1.3317431,train,45,"{""type"":""MultiPoint"",""coordinates"":[]}"
00000000000000000284_0,2373.0,1306.0,474.0,731.0,641.0,3105.0,0.40784404,0.6577683,MangYang,736,0,0,0,1,14.043229770760297,108.22969995196017,1,2015,736,0.0,2503.982889492705,2105.223826727597,0.0651232450860918,0.0,train,46,"{""type"":""MultiPoint"",""coordinates"":[]}"
000000000000000002de_0,3076.0,2000.0,672.0,1044.0,1132.0,3254.0,0.2386753,0.48381212,MangYang,736,0,0,0,1,14.010887910819651,108.35932601958386,1,2008,736,9.645453,2686.0531681478024,2309.229083489948,0.0019169213411667219,9.645453,train,72,"{""type"":""MultiPoint"",""coordinates"":[]}"
000000000000000002ea_0,2413.0,1253.5,403.0,594.5,542.0,2958.0,0.40472516,0.69028574,MangYang,736,0,0,0,1,14.126231477769139,108.34342486522725,0,2012,736,13.891361,2872.7254663035274,2386.3307129473314,0.22191630140000074,13.891361,train,14,"{""type"":""MultiPoint"",""coordinates"":[]}"
00000000000000000053_0,1502.5,646.5,298.5,526.0,330.5,3280.0,0.6706991,0.81692284,MangYang,737,0,0,1,0,14.042150668305359,108.22080404535855,0,2021,737,6.34946,2503.982889492705,2105.223826727597,0.5771178924191412,6.34946,train,11,"{""type"":""MultiPoint"",""coordinates"":[]}"
00000000000000000073_0,2936.0,1697.0,676.0,998.0,934.0,3413.0,0.33581212,0.57027835,MangYang,737,0,0,0,1,13.976664310234458,108.30974081586953,1,2011,737,12.36723,3602.625690806518,3058.215705565512,0.6541382661174411,12.36723,train,86,"{""type"":""MultiPoint"",""coordinates"":[]}"
000000000000000000a9_0,1996.0,954.5,389.0,584.0,401.0,3585.0,0.5794691,0.79879576,MangYang,737,0,0,1,0,14.066943270162522,108.33076101823546,0,2019,737,6.726037,2641.6318039000034,2220.3579389390734,0.08860171124547289,6.726037,train,24,"{""type"":""MultiPoint"",""coordinates"":[]}"
00000000000000000187_0,3184.0,2067.5,798.0,1013.0,1172.5,2699.5,0.13257813,0.39436984,MangYang,737,0,0,0,1,13.905514893825673,108.28575531130305,1,2002,737,6.464861,2937.2231726936798,2480.487838212103,0.06913906315004825,6.464861,train,31,"{""type"":""MultiPoint"",""coordinates"":[]}"
00000000000000000289_0,1693.0,1033.0,489.0,746.0,599.0,2536.0,0.42112637,0.6178628,MangYang,737,0,0,0,1,14.117607576331773,108.31836471730689,1,2009,737,0.956287,2872.7254663035274,2386.3307129473314,0.13492155057854283,0.956287,train,87,"{""type"":""MultiPoint"",""coordinates"":[]}"
000000000000000002ec_0,1660.0,766.0,377.0,605.0,390.0,2957.0,0.5885039,0.7669555,MangYang,737,0,0,0,1,14.011159915983914,108.40217352160641,1,2012,737,7.061629,3184.1661372574745,2716.7781021236324,0.2602837688007633,7.061629,train,67,"{""type"":""MultiPoint"",""coordinates"":[]}"
000000000000000000dc_0,2255.0,1088.0,357.0,573.0,430.0,3236.0,0.49676225,0.7654119,MangYang,738,0,0,0,1,13.95267880566797,108.30219155778605,1,2012,738,1.3315187,3602.625690806518,3058.215705565512,0.5806062896619602,1.3315187,train,79,"{""type"":""MultiPoint"",""coordinates"":[]}"
00000000000000000110_0,2976.5,1933.5,524.5,723.0,820.5,2461.5,0.12013652,0.5,MangYang,738,0,0,0,1,14.024095768139958,108.29356765634867,1,2010,738,3.9894543,2548.077674259389,2148.198764667511,0.5574746058851642,3.9894543,train,97,"{""type"":""MultiPoint"",""coordinates"":[]}"
00000000000000000160_0,3009.0,1651.0,556.0,832.0,848.0,3526.0,0.36217886,0.6122542,MangYang,738,0,0,0,1,13.951332157149832,108.3005773632047,1,2009,738,9.103712,3602.625690806518,3058.215705565512,0.4609142064250311,9.103712,train,86,"{""type"":""MultiPoint"",""coordinates"":[]}"
00000000000000000167_0,1170.0,642.0,506.0,728.0,712.0,1966.0,0.50766873,0.4682599,MangYang,738,0,0,0,1,14.116260927813633,108.28818106227612,1,2003,738,4.6795187,3130.2996047775086,2555.39319297567,0.6221347671620827,4.6795187,train,72,"{""type"":""MultiPoint"",""coordinates"":[]}"
0000000000000000026c_0,1267.0,723.0,460.0,698.0,644.0,2042.0,0.47703436,0.5204765,MangYang,738,0,0,0,1,14.120572878532315,108.31836471730689,1,2011,738,1.8543341,2872.7254663035274,2386.3307129473314,0.14718969232045476,1.8543341,train,83,"{""type"":""MultiPoint"",""coordinates"":[]}"
000000000000000002f2_0,1690.5,716.5,349.0,509.5,324.0,3263.5,0.63994974,0.81937283,MangYang,738,0,0,0,1,14.084998170327923,108.34558307013714,1,2013,738,14.167085,2641.6318039000034,2220.3579389390734,0.7069779031418126,14.167085,train,45,"{""type"":""MultiPoint"",""coordinates"":[]}"
0000000000000000000a_0,4507.0,3487.0,1150.0,1452.0,1689.0,2938.0,-0.08544747,0.26993734,MangYang,739,0,0,0,1,13.870212190785542,108.30542886515086,1,2012,739,5.110678,3107.853968270547,2656.1605346543565,0.1491827124759505,5.110678,train,83,"{""type"":""MultiPoint"",""coordinates"":[]}"
00000000000000000026_0,2803.5,1663.0,464.5,708.0,719.0,3189.0,0.31450948,0.63203686,MangYang,739,0,0,0,1,13.986634860189962,108.31351321536076,1,2004,739,15.85667,3602.625690806518,3058.215705565512,0.31746491851742464,15.85667,train,45,"{""type"":""MultiPoint"",""coordinates"":[]}"
000000000000000000a6_0,2615.0,1483.5,440.0,678.0,698.5,2749.5,0.29907867,0.5948376,MangYang,739,0,0,0,1,13.866707337357534,108.30138446049538,1,2009,739,5.987153,3107.853968270547,2656.1605346543565,0.2452354644656115,5.987153,train,90,"{""type"":""MultiPoint"",""coordinates"":[]}"
0000000000000000011a_0,2934.0,1871.5,781.5,978.0,1091.0,2545.0,0.15249632,0.39988998,MangYang,739,0,0,0,1,13.85808343592017,108.33426141256243,1,2017,739,10.499959,3107.853968270547,2656.1605346543565,0.3841214201620413,10.499959,train,55,"{""type"":""MultiPoint"",""coordinates"":[]}"
00000000000000000282_0,2090.0,1173.0,460.0,640.0,571.0,3074.0,0.44761008,0.6866941,MangYang,739,0,0,0,1,14.062903324608099,108.3304890130712,1,2005,739,8.010104,2641.6318039000034,2220.3579389390734,0.1945578264585438,8.010104,train,31,"{""type"":""MultiPoint"",""coordinates"":[]}"
000000000000000002a6_0,2803.5,1645.5,491.0,715.0,760.0,2862.0,0.2698835,0.58034235,MangYang,739,0,0,0,1,13.973159456806446,108.30812216218712,1,2013,739,4.1661105,3602.625690806518,3058.215705565512,0.17948231124222325,4.1661105,train,92,"{""type"":""MultiPoint"",""coordinates"":[]}"
0000000000000000030d_0,4135.0,3890.0,1393.0,1645.0,1632.0,2563.0,-0.2056408,0.22193088,MangYang,739,0,0,0,1,14.023016665685025,108.29545385609428,1,2010,739,0.9558921,2548.077674259389,2148.198764667511,0.7707393866729889,0.9558921,train,85,"{""type"":""MultiPoint"",""coordinates"":[]}"
000000000000000001c8_0,3008.0,1836.0,610.0,877.0,968.0,3078.0,0.25274727,0.52150273,MangYang,740,0,0,0,1,13.99337256188172,108.31728561485195,1,2010,740,17.00615,3602.625690806518,3058.215705565512,0.03967111643060384,17.00615,train,95,"{""type"":""MultiPoint"",""coordinates"":[]}"
000000000000000001ca_0,4222.0,3244.0,1062.0,1378.0,1726.0,3034.0,-0.03345014,0.27478993,MangYang,740,0,0,0,1,13.87075174201301,108.30381021146844,1,2012,740,4.677658,3107.853968270547,2656.1605346543565,0.5237657386894897,4.677658,train,90,"{""type"":""MultiPoint"",""coordinates"":[]}"
0000000000000000028e_0,2308.0,1246.0,402.0,672.0,676.0,2884.0,0.39661017,0.6202247,MangYang,740,0,0,0,1,13.864553591548722,108.33803381205364,1,2015,740,13.361423,3107.853968270547,2656.1605346543565,0.14718393707117816,13.361423,train,77,"{""type"":""MultiPoint"",""coordinates"":[]}"
000000000000000002ef_0,4218.5,3261.0,751.0,1047.0,1512.0,2816.0,-0.07322692,0.3012939,MangYang,740,0,0,0,1,14.02517041149384,108.29815161223162,1,2010,740,2.8655784,2548.077674259389,2148.198764667511,0.5047734872865267,2.8655784,train,62,"{""type"":""MultiPoint"",""coordinates"":[]}"
00000000000000000046_0,2828.0,1930.0,700.0,933.0,1008.0,2495.0,0.12768361,0.42449328,MangYang,741,0,0,0,1,13.821701630425107,108.28682995465692,1,2014,741,12.542376,2696.8537884503603,2278.8320351414154,0.21666535803405607,12.542376,train,100,"{""type"":""MultiPoint"",""coordinates"":[]}"
000000000000000001e7_0,2484.0,1434.0,446.0,719.0,645.0,3080.0,0.36464334,0.6536913,MangYang,741,0,0,0,1,14.085809726719651,108.3482763671734,0,2012,741,8.638778,2641.6318039000034,2220.3579389390734,0.16167617709088555,8.638778,train,13,"{""type"":""MultiPoint"",""coordinates"":[]}"
00000000000000000231_0,2582.5,1405.5,510.5,758.5,735.5,2914.0,0.34923023,0.5969311,MangYang,741,0,0,0,0,14.10575082663066,108.35204876666462,0,0,741,16.24506,3299.2716793864965,2719.702097876045,0.06514543375422965,16.24506,train,34,"{""type"":""MultiPoint"",""coordinates"":[]}"
00000000000000000260_0,2502.0,1669.0,561.0,772.0,920.0,2325.0,0.16424637,0.4329738,MangYang,741,0,0,0,1,13.906866001444868,108.2844086627849,1,2002,741,5.1113772,2937.2231726936798,2480.487838212103,0.5239581608654688,5.1113772,train,54,"{""type"":""MultiPoint"",""coordinates"":[]}"
00000000000000000001_0,3480.5,3050.0,1002.0,1400.0,1536.0,2705.0,-0.05994787,0.27564254,MangYang,742,0,0,0,1,14.019783817421278,108.29787960706736,1,2010,742,2.085901,2548.077674259389,2148.198764667511,0.4588986845902133,2.085901,train,95,"{""type"":""MultiPoint"",""coordinates"":[]}"
00000000000000000031_0,3707.0,3912.0,2681.0,3248.0,2740.0,3113.0,-0.11373665,0.063728005,MangYang,742,0,0,1,0,14.019783817421278,108.29815161223162,1,2020,742,2.8655093,2548.077674259389,2148.198764667511,0.1537027759453493,2.8655093,train,95,"{""type"":""MultiPoint"",""coordinates"":[]}"
0000000000000000003b_0,2542.0,1453.0,448.0,782.0,653.0,2628.0,0.28791964,0.60195065,MangYang,742,0,0,0,1,14.053739871943266,108.31728561485195,1,2008,742,2.7802885,2641.6318039000034,2220.3579389390734,0.5124394722127008,2.7802885,train,31,"{""type"":""MultiPoint"",""coordinates"":[]}"
00000000000000000061_0,1979.5,949.5,350.5,517.0,444.0,3298.5,0.5529661,0.7627255,MangYang,742,0,0,0,1,14.117607576331773,108.34719726471847,1,2008,742,13.42417,2872.7254663035274,2386.3307129473314,0.17489617030118487,13.42417,train,64,"{""type"":""MultiPoint"",""coordinates"":[]}"
000000000000000000db_0,2297.0,1204.0,451.0,757.0,529.0,3495.0,0.48755056,0.73707753,MangYang,742,0,0,1,0,14.033254761703738,108.41753512473552,0,2021,742,1.3317589,3184.1661372574745,2716.7781021236324,0.27239834143266206,1.3317589,train,14,"{""type"":""MultiPoint"",""coordinates"":[]}"
000000000000000000fe_0,2898.0,1724.0,686.0,1010.0,959.0,2980.0,0.2670068,0.5130744,MangYang,742,0,0,0,1,14.126231477769135,108.32159756557064,1,2008,742,2.0861046,2872.7254663035274,2386.3307129473314,0.04120700022639601,2.0861046,train,85,"{""type"":""MultiPoint"",""coordinates"":[]}"
00000000000000000129_0,2171.0,1051.0,346.0,612.0,445.0,3440.0,0.5319528,0.7709138,MangYang,742,0,0,0,1,13.865360688839395,108.33749871992723,1,2013,742,9.930618,3107.853968270547,2656.1605346543565,0.29945269672811914,9.930618,train,55,"{""type"":""MultiPoint"",""coordinates"":[]}"
0000000000000000003f_0,2492.0,1313.0,364.0,664.0,485.0,3170.0,0.41423154,0.73461014,MangYang,743,0,0,0,1,14.038378268814144,108.28898815956678,1,2006,743,3.9895806,2548.077674259389,2148.198764667511,0.30689811305324444,3.9895806,train,58,"{""type"":""MultiPoint"",""coordinates"":[]}"
0000000000000000015e_0,2682.0,1292.5,416.0,858.0,556.5,4167.0,0.5265134,0.76436967,MangYang,743,0,0,0,0,13.991753908199316,108.39436117656076,0,0,743,16.257227,3184.0089067523368,2751.616892498231,0.3692380122246096,16.257227,train,0,"{""type"":""MultiPoint"",""coordinates"":[]}"
000000000000000002dc_0,2374.0,1412.5,509.0,761.0,848.5,2915.0,0.34719816,0.54908997,MangYang,743,0,0,0,1,13.855929690111353,108.33453341772669,1,2015,743,12.538746,3107.853968270547,2656.1605346543565,0.22138087586495858,12.538746,train,44,"{""type"":""MultiPoint"",""coordinates"":[]}"
000000000000000000b6_0,2481.0,1267.0,533.0,864.0,621.0,3536.0,0.47241306,0.70122683,MangYang,744,0,0,0,1,14.101171329848773,108.36040512203878,1,2008,756,23.086037,3299.2716793864965,2719.702097876045,0.27179222199268727,17.523127,train,85,"{""type"":""MultiPoint"",""coordinates"":[]}"
00000000000000000173_0,3477.0,2109.0,731.0,1029.0,1098.0,2998.0,0.1740748,0.4638672,MangYang,744,0,0,0,1,13.998763615055335,108.3186322633701,1,2006,744,8.086973,3602.625690806518,3058.215705565512,0.6028821241421544,8.086973,train,49,"{""type"":""MultiPoint"",""coordinates"":[]}"
000000000000000001fe_0,1547.0,662.5,331.5,508.5,316.5,3418.5,0.6753247,0.83052206,MangYang,744,0,0,1,0,13.857008792566287,108.3544745176377,1,2020,744,6.7956104,3249.1450763195753,2828.9896710276835,0.25057247888163225,6.7956104,train,76,"{""type"":""MultiPoint"",""coordinates"":[]}"
000000000000000000f2_0,3172.0,2030.0,566.0,764.0,934.0,2455.0,0.09476031,0.44880494,MangYang,745,0,0,0,1,14.02517041149384,108.29410720757615,1,2010,745,2.0859115,2548.077674259389,2148.198764667511,0.025551525119261176,2.0859115,train,99,"{""type"":""MultiPoint"",""coordinates"":[]}"
00000000000000000155_0,2981.0,1748.0,484.0,786.0,771.0,3078.0,0.27559054,0.59937644,MangYang,745,0,0,0,1,13.998763615055335,108.3188998094333,1,2006,745,13.648223,3602.625690806518,3058.215705565512,0.3378599448926405,13.648223,train,64,"{""type"":""MultiPoint"",""coordinates"":[]}"
0000000000000000029e_0,2256.0,1100.0,392.0,736.0,441.0,3220.0,0.49074075,0.7590822,MangYang,745,0,0,0,1,13.989060611163035,108.31620651239702,1,2009,745,17.608479,3602.625690806518,3058.215705565512,0.1599435244880001,17.608479,train,89,"{""type"":""MultiPoint"",""coordinates"":[]}"
000000000000000002a7_0,1288.0,539.0,399.0,554.0,292.0,3351.0,0.7228792,0.83969253,MangYang,745,0,0,1,0,14.024095768139958,108.36660327250307,1,2019,745,9.385083,2686.0531681478024,2309.229083489948,0.44276528420315275,9.385083,train,78,"{""type"":""MultiPoint"",""coordinates"":[]}"
000000000000000002b5_0,2283.0,1365.5,425.0,679.0,508.5,3309.0,0.4157664,0.7335953,MangYang,745,0,0,0,0,14.047002170251513,108.26284890919149,0,0,745,2.6621616,2548.077674259389,2148.198764667511,0.4949322101161868,2.6621616,train,0,"{""type"":""MultiPoint"",""coordinates"":[]}"
0000000000000000003a_0,3580.5,2539.5,868.5,1192.5,1263.5,2910.0,0.06798789,0.394513,MangYang,746,0,0,0,1,14.12596393170593,108.32402331654373,1,2009,746,0.0,2872.7254663035274,2386.3307129473314,0.738488421168881,0.92740995,train,85,"{""type"":""MultiPoint"",""coordinates"":[]}"
000000000000000000e6_0,2247.0,1401.5,440.5,628.0,661.5,2452.0,0.27260932,0.5750763,MangYang,746,0,0,0,1,14.062903324608099,108.23805184823327,0,2015,746,6.7259183,2827.0291006837892,2333.1189995745804,0.305969189469798,6.7259183,train,12,"{""type"":""MultiPoint"",""coordinates"":[]}"
000000000000000002da_0,1552.0,672.0,355.0,565.0,361.0,3286.0,0.66043454,0.8020291,MangYang,746,0,0,0,1,14.078532473800427,108.29895870952231,1,2006,746,10.479576,3102.85249320889,2567.120439326819,0.07844797702951001,10.479576,train,96,"{""type"":""MultiPoint"",""coordinates"":[]}"
000000000000000002e1_0,1444.0,611.0,340.0,514.0,321.0,3134.0,0.67369825,0.81418234,MangYang,746,0,0,0,1,14.09119632079221,108.38465817266848,1,2015,746,7.337024,2899.866533741355,2435.8231804678194,0.6022965506134179,7.337024,train,83,"{""type"":""MultiPoint"",""coordinates"":[]}"
00000000000000000151_0,2541.0,1738.0,704.0,983.0,1074.0,2944.0,0.25758222,0.46540567,MangYang,747,0,0,0,1,14.04673016508725,108.26284890919149,1,2003,747,3.7047918,2548.077674259389,2148.198764667511,0.7122480413306475,3.7047918,train,45,"{""type"":""MultiPoint"",""coordinates"":[]}"
000000000000000001e2_0,3735.0,3431.0,1202.0,1410.0,1505.0,2441.0,-0.16859673,0.23720223,MangYang,747,0,0,0,1,14.025981967885567,108.29680496371348,1,2010,748,1.3317373,2548.077674259389,2148.198764667511,0.2400322833263302,0.95590484,train,87,"{""type"":""MultiPoint"",""coordinates"":[]}"
00000000000000000045_0,1723.0,938.5,345.0,522.0,458.5,2331.0,0.4259061,0.6712673,MangYang,748,0,0,0,1,14.072334323336138,108.30650350850472,1,2016,748,2.8661652,2641.6318039000034,2220.3579389390734,0.138458954727266,2.8661652,train,37,"{""type"":""MultiPoint"",""coordinates"":[]}"
000000000000000000b9_0,3510.5,2966.0,962.0,1160.0,1252.5,2457.0,-0.09385949,0.32470682,MangYang,748,0,0,0,1,14.047809267542187,108.25718585085362,1,2005,748,2.6621666,2548.077674259389,2148.198764667511,0.39221833110587623,2.6621666,train,31,"{""type"":""MultiPoint"",""coordinates"":[]}"
00000000000000000247_0,2346.0,1434.0,432.0,707.0,645.0,2564.0,0.28264132,0.5980056,MangYang,748,0,0,0,1,14.042418214368572,108.23266525416072,1,2006,748,4.7186813,2503.982889492705,2105.223826727597,0.20883381447384697,4.7186813,train,70,"{""type"":""MultiPoint"",""coordinates"":[]}"
000000000000000002ad_0,3091.0,2275.0,645.0,890.0,1117.0,2263.5,-0.0025338768,0.33915102,MangYang,748,0,0,0,1,14.04834881876965,108.25718585085363,1,2005,748,1.8543341,2548.077674259389,2148.198764667511,0.27622460650071656,1.8543341,train,31,"{""type"":""MultiPoint"",""coordinates"":[]}"
000000000000000000ca_0,4036.5,3255.5,1024.5,1270.0,1648.5,2653.5,-0.101878494,0.23361227,MangYang,749,0,0,1,0,13.867786439812468,108.30812216218712,1,2021,749,11.397931,3107.853968270547,2656.1605346543565,0.7414674104628877,11.397931,train,94,"{""type"":""MultiPoint"",""coordinates"":[]}"
00000000000000000240_0,3099.0,1902.0,612.0,997.0,916.5,3529.5,0.29964098,0.5877193,MangYang,749,0,0,0,1,13.875603243959157,108.3043497626959,1,2009,749,8.084095,3107.853968270547,2656.1605346543565,0.0904651110774698,8.084095,train,95,"{""type"":""MultiPoint"",""coordinates"":[]}"
00000000000000000037_0,1889.0,1162.0,447.0,655.0,646.0,2352.0,0.33864543,0.569046,MangYang,750,0,0,0,1,14.04673016508725,108.25395300258987,1,2004,750,1.9114491,2548.077674259389,2148.198764667511,0.7402742388710603,1.9114491,train,76,"{""type"":""MultiPoint"",""coordinates"":[]}"
00000000000000000164_0,2622.0,1422.0,518.5,831.0,661.5,3090.5,0.36975068,0.64738804,MangYang,750,0,0,0,1,13.987441957480632,108.39705447359705,1,2001,750,19.841476,3184.0089067523368,2751.616892498231,0.6478800631371784,19.841476,train,79,"{""type"":""MultiPoint"",""coordinates"":[]}"
0000000000000000022e_0,2305.0,1182.0,455.0,729.0,628.0,3429.0,0.48731294,0.6904116,MangYang,750,0,0,0,1,14.098745578875699,108.360672668102,1,2008,750,17.676468,2899.866533741355,2435.8231804678194,0.5618924905565896,17.676468,train,49,"{""type"":""MultiPoint"",""coordinates"":[]}"
000000000000000000ea_0,3077.0,2273.0,578.0,772.0,1024.0,2245.0,-0.0061974325,0.37350872,MangYang,751,0,0,0,1,14.05508652046141,108.21918985077721,1,2006,751,12.022146,2827.0291006837892,2333.1189995745804,0.3987103656612655,12.022146,train,37,"{""type"":""MultiPoint"",""coordinates"":[]}"
00000000000000000213_0,4638.0,3437.0,996.0,1205.0,1528.0,2625.0,-0.13394919,0.2641464,MangYang,751,0,0,0,1,13.871291293240477,108.30542886515086,1,2014,751,10.500437,3107.853968270547,2656.1605346543565,0.6520714000139652,10.500437,train,95,"{""type"":""MultiPoint"",""coordinates"":[]}"
00000000000000000307_0,2203.0,1084.0,336.0,586.0,463.0,2997.0,0.46875766,0.73236996,MangYang,751,0,0,0,1,13.864281586384461,108.3008449092679,1,2014,751,13.575682,3107.853968270547,2656.1605346543565,0.6864203230990389,13.575682,train,89,"{""type"":""MultiPoint"",""coordinates"":[]}"
00000000000000000315_0,2731.0,1478.0,528.0,966.0,771.0,3364.0,0.38950846,0.62708586,MangYang,751,0,0,1,0,14.078800019863632,108.36956857470362,1,2019,751,19.301937,2899.866533741355,2435.8231804678194,0.6467154661650506,19.301937,train,52,"{""type"":""MultiPoint"",""coordinates"":[]}"
0000000000000000002b_0,2058.0,1033.0,420.0,575.0,387.0,3238.0,0.51627254,0.78648275,MangYang,752,0,0,0,1,13.867518893749262,108.330221467008,1,2014,752,9.242957,3107.853968270547,2656.1605346543565,0.5554689758019575,9.242957,train,90,"{""type"":""MultiPoint"",""coordinates"":[]}"
00000000000000000078_0,3345.0,2150.0,660.0,908.0,1113.0,2891.0,0.14699465,0.44405594,MangYang,752,0,0,0,1,13.880994297132773,108.29437921274041,1,2006,752,11.174136,2857.340894066554,2383.316735011041,0.6871750214961841,11.174136,train,70,"{""type"":""MultiPoint"",""coordinates"":[]}"
0000000000000000007d_0,2638.0,1342.0,529.0,784.0,656.0,3117.0,0.39807132,0.6522661,MangYang,752,0,0,0,1,14.065057070416911,108.36794992102121,1,2008,752,7.4391932,2899.866533741355,2435.8231804678194,0.03407017309438565,7.4391932,train,64,"{""type"":""MultiPoint"",""coordinates"":[]}"
00000000000000000095_0,3627.0,2746.0,632.0,802.0,1090.0,1891.0,-0.18438646,0.2687018,MangYang,752,0,0,0,1,14.049427921224586,108.25934405576349,1,2008,752,4.242724,2548.077674259389,2148.198764667511,0.2983155874969462,4.242724,train,70,"{""type"":""MultiPoint"",""coordinates"":[]}"
0000000000000000010c_0,2311.0,1254.0,436.0,695.0,669.0,3373.0,0.45796412,0.6689758,MangYang,752,0,0,0,1,14.094161622992754,108.3560931713201,1,2008,752,9.519092,2899.866533741355,2435.8231804678194,0.26180643746467946,9.519092,train,54,"{""type"":""MultiPoint"",""coordinates"":[]}"
00000000000000000152_0,1717.0,792.0,321.5,438.0,369.0,3424.0,0.62428844,0.80543107,MangYang,752,0,0,0,1,14.106290377858125,108.34719726471849,1,2012,752,1.9119484,2872.7254663035274,2386.3307129473314,0.5005040331178023,1.9119484,train,95,"{""type"":""MultiPoint"",""coordinates"":[]}"
00000000000000000263_0,2682.0,1393.5,490.0,731.5,640.0,3065.0,0.37490186,0.6545209,MangYang,752,0,0,0,1,13.884227145396522,108.29060681324918,1,2009,752,14.4921875,2857.340894066554,2383.316735011041,0.11766243318290115,14.4921875,train,83,"{""type"":""MultiPoint"",""coordinates"":[]}"
0000000000000000001a_0,2300.0,1170.0,422.0,695.0,518.0,3644.0,0.51391774,0.7510812,MangYang,753,0,0,0,1,14.095240725447688,108.36121221932945,1,2008,753,23.253288,2899.866533741355,2435.8231804678194,0.3543953151870264,23.253288,train,95,"{""type"":""MultiPoint"",""coordinates"":[]}"
0000000000000000009e_0,4155.0,3231.5,899.0,1111.0,1324.5,2866.0,-0.0599426,0.36785588,MangYang,753,0,0,0,1,14.02813571369438,108.41241607672617,1,2018,753,14.973651,3184.1661372574745,2716.7781021236324,0.0044487358062813565,14.973651,train,39,"{""type"":""MultiPoint"",""coordinates"":[]}"
000000000000000000b1_0,2805.5,1772.0,570.5,860.5,818.0,2928.5,0.24603766,0.56332576,MangYang,753,0,0,0,1,14.00684796526523,108.33749871992723,1,2010,753,8.637045,2752.621212776718,2294.530519202511,0.061283043356720746,8.637045,train,98,"{""type"":""MultiPoint"",""coordinates"":[]}"
000000000000000002a8_0,2018.0,1070.0,430.0,666.0,601.0,3218.0,0.5009328,0.6852579,MangYang,753,0,0,0,1,14.07637426889056,108.29087435931241,1,2016,753,4.243127,3102.85249320889,2567.120439326819,0.42798683649603253,4.243127,train,84,"{""type"":""MultiPoint"",""coordinates"":[]}"
00000000000000000062_0,3574.0,2465.5,884.5,1138.5,1339.0,3048.5,0.10573087,0.38962963,MangYang,754,0,0,1,0,13.907940644798748,108.28898815956678,1,2020,754,15.931882,2937.2231726936798,2480.487838212103,0.21459234066045174,15.931882,train,85,"{""type"":""MultiPoint"",""coordinates"":[]}"
000000000000000000c7_0,2530.0,1323.0,510.5,688.0,725.0,3323.0,0.43047783,0.64179844,MangYang,754,0,0,0,1,14.122731083442183,108.3445039676822,1,2012,754,9.2448,2872.7254663035274,2386.3307129473314,0.7897787910475483,9.2448,train,91,"{""type"":""MultiPoint"",""coordinates"":[]}"
000000000000000001a4_0,2539.0,1469.0,460.0,694.0,759.0,3004.0,0.34317014,0.59659845,MangYang,754,0,0,1,0,13.868593537103141,108.34962301569155,1,2020,754,13.679157,3107.853968270547,2656.1605346543565,0.2784625304349716,13.679157,train,82,"{""type"":""MultiPoint"",""coordinates"":[]}"
000000000000000001c3_0,3104.0,2060.5,654.0,879.0,975.5,2688.0,0.132147,0.46744916,MangYang,755,0,0,0,1,14.1348553792065,108.32536996506187,1,2008,755,2.0861213,2872.7254663035274,2386.3307129473314,0.3049258716626585,2.0861213,train,70,"{""type"":""MultiPoint"",""coordinates"":[]}"
00000000000000000227_0,3579.0,2668.5,850.0,1079.0,1286.5,2702.0,0.0062377807,0.35489532,MangYang,755,0,0,0,1,13.922495150637195,108.29464675880362,0,2009,755,20.837767,2937.2231726936798,2480.487838212103,0.5313014615592654,20.837767,train,29,"{""type"":""MultiPoint"",""coordinates"":[]}"
00000000000000000096_0,2717.0,1694.0,555.0,842.0,822.0,2718.0,0.23209429,0.5355932,MangYang,756,0,0,0,1,14.066136172871847,108.37145477444922,1,2002,756,4.6791344,2899.866533741355,2435.8231804678194,0.42096087300220786,4.6791344,train,75,"{""type"":""MultiPoint"",""coordinates"":[]}"
0000000000000000017b_0,1855.0,946.0,374.0,558.0,566.0,2702.0,0.48135966,0.65361077,MangYang,756,0,0,0,1,14.06828991868066,108.30407775753164,1,2016,756,5.628319,2641.6318039000034,2220.3579389390734,0.1401663067982768,5.628319,train,60,"{""type"":""MultiPoint"",""coordinates"":[]}"
00000000000000000266_0,3113.0,2070.0,704.0,893.0,1038.0,2856.0,0.15956151,0.4668721,MangYang,757,0,0,0,1,13.94755529855756,108.29761206100414,1,2009,757,16.916292,2937.2231726936798,2480.487838212103,0.3235559710598609,16.916292,train,99,"{""type"":""MultiPoint"",""coordinates"":[]}"
0000000000000000027c_0,2851.0,1552.0,580.5,838.5,889.5,3269.5,0.35621694,0.5722529,MangYang,757,0,0,0,1,14.005496857646037,108.33156811552614,1,2018,757,19.622246,2752.621212776718,2294.530519202511,0.18164199635788314,19.622246,train,82,"{""type"":""MultiPoint"",""coordinates"":[]}"
000000000000000001b9_0,2424.0,1337.0,552.0,807.0,789.0,2685.0,0.33515665,0.54576856,MangYang,758,0,0,1,0,14.108983674894409,108.28790905711186,1,2022,759,10.479676,3130.2996047775086,2555.39319297567,0.14236920653977192,11.179062,train,95,"{""type"":""MultiPoint"",""coordinates"":[]}"
00000000000000000295_0,2435.0,1221.5,440.5,647.0,528.5,3489.5,0.48142645,0.7369338,MangYang,758,0,0,0,1,13.925460452837738,108.29330011028547,1,2009,758,22.760647,2937.2231726936798,2480.487838212103,0.08789571436434374,22.760647,train,86,"{""type"":""MultiPoint"",""coordinates"":[]}"
00000000000000000200_0,2979.5,1747.0,578.5,881.0,980.5,3204.5,0.29435524,0.5314217,MangYang,759,0,0,0,1,13.910098849708618,108.29303256422226,1,2009,759,33.11878,2937.2231726936798,2480.487838212103,0.36917576084797876,33.11878,train,82,"{""type"":""MultiPoint"",""coordinates"":[]}"
000000000000000002bd_0,2973.0,2148.0,652.0,870.0,1000.0,2381.0,0.051446237,0.40845904,MangYang,759,0,0,1,0,13.820087435843757,108.28844860833934,1,2020,759,6.904922,2696.8537884503603,2278.8320351414154,0.4701616426157227,6.904922,train,83,"{""type"":""MultiPoint"",""coordinates"":[]}"
000000000000000000ae_0,3150.0,1841.5,776.0,1158.0,1288.0,3259.0,0.27791393,0.43347263,MangYang,760,0,0,0,1,13.94809484978503,108.29787960706736,1,2009,760,16.194683,2937.2231726936798,2480.487838212103,0.5692524003161997,16.194683,train,99,"{""type"":""MultiPoint"",""coordinates"":[]}"
00000000000000000172_0,2747.0,1483.0,500.0,756.0,692.0,3363.0,0.3879488,0.65869296,MangYang,760,0,0,0,1,13.950792605922363,108.3005773632047,1,2016,760,28.131018,3602.625690806518,3058.215705565512,0.7343564667662827,28.131018,train,78,"{""type"":""MultiPoint"",""coordinates"":[]}"
00000000000000000220_0,3218.5,2351.0,575.5,810.5,1025.5,2267.0,-0.018189693,0.3770691,MangYang,760,0,0,0,1,14.049155916060327,108.21757119709481,1,2003,760,2.8658767,2503.982889492705,2105.223826727597,0.41605067462632406,2.8658767,train,64,"{""type"":""MultiPoint"",""coordinates"":[]}"
00000000000000000057_0,2127.0,1033.0,340.0,541.0,391.0,3714.0,0.56477773,0.80950063,MangYang,761,0,0,0,1,14.104671724175727,108.35905847352063,1,2008,761,13.292859,3299.2716793864965,2719.702097876045,0.6699910286595017,13.292859,train,86,"{""type"":""MultiPoint"",""coordinates"":[]}"
000000000000000002ab_0,2614.5,1515.0,494.5,756.5,692.5,3057.5,0.3373428,0.6306667,MangYang,761,0,0,0,1,13.940550050802598,108.2970725097767,1,2009,771,20.16806,2937.2231726936798,2480.487838212103,0.22200844664433006,18.768116,train,89,"{""type"":""MultiPoint"",""coordinates"":[]}"
0000000000000000012f_0,1923.0,969.5,384.0,585.5,508.5,2604.5,0.45747063,0.6733055,MangYang,763,0,0,1,0,14.05724026627022,108.23050704925086,1,2019,763,4.16643,2827.0291006837892,2333.1189995745804,0.0719672493547624,4.16643,train,37,"{""type"":""MultiPoint"",""coordinates"":[]}"
000000000000000002f5_0,2022.0,963.0,325.0,545.0,339.0,3251.0,0.54295206,0.8111421,MangYang,763,0,0,1,0,13.876142795186626,108.35204876666462,1,2019,763,8.634196,3249.1450763195753,2828.9896710276835,0.38829010069499204,8.634196,train,83,"{""type"":""MultiPoint"",""coordinates"":[]}"
00000000000000000182_0,2059.0,947.0,378.0,624.5,430.5,3262.0,0.5500119,0.76682466,MangYang,764,0,0,0,1,13.868593537103141,108.3264490675168,1,2013,764,15.809942,3107.853968270547,2656.1605346543565,0.18623053992440652,15.809942,train,85,"{""type"":""MultiPoint"",""coordinates"":[]}"
000000000000000002d0_0,3132.0,1878.0,560.0,871.0,1008.0,2565.0,0.15462525,0.43576828,MangYang,764,0,0,0,1,13.881801394423446,108.29437921274041,1,2006,764,14.7337475,2857.340894066554,2383.316735011041,0.24343338449293594,14.7337475,train,63,"{""type"":""MultiPoint"",""coordinates"":[]}"
000000000000000000af_0,2167.0,1784.0,544.0,766.0,1037.0,2710.0,0.20605251,0.44649053,MangYang,765,0,0,0,1,13.870751742013008,108.34315731916405,0,2017,765,15.582295,3107.853968270547,2656.1605346543565,0.5660907458612645,15.582295,train,0,"{""type"":""MultiPoint"",""coordinates"":[]}"
00000000000000000100_0,1370.0,561.0,375.0,501.0,270.0,3514.0,0.7246626,0.85729384,MangYang,765,0,0,1,0,13.868325991039935,108.32887481848987,0,2019,765,4.6273675,3107.853968270547,2656.1605346543565,0.06473260420813942,4.6273675,train,18,"{""type"":""MultiPoint"",""coordinates"":[]}"
0000000000000000009b_0,1263.0,496.0,368.0,565.0,316.0,3371.0,0.7434704,0.82858694,MangYang,766,0,0,0,1,14.027328616403707,108.36471707275747,1,2014,766,13.188327,2686.0531681478024,2309.229083489948,0.3490646192199025,13.188327,train,45,"{""type"":""MultiPoint"",""coordinates"":[]}"
00000000000000000112_0,2689.0,1441.5,594.0,903.5,733.5,3539.0,0.42114246,0.6566413,MangYang,766,0,0,0,1,13.95133215714983,108.28198291181184,1,2004,766,26.00785,2830.9538914197656,2390.6103292524813,0.6027018402027627,26.00785,train,78,"{""type"":""MultiPoint"",""coordinates"":[]}"
00000000000000000317_0,2077.5,1106.0,447.5,711.5,620.0,3363.0,0.5050347,0.6886769,MangYang,767,0,0,0,0,13.868865542267402,108.32698861874425,0,0,767,1.3312701,3107.853968270547,2656.1605346543565,0.19687228564295378,1.3312701,train,52,"{""type"":""MultiPoint"",""coordinates"":[]}"
00000000000000000063_0,1577.5,695.0,342.0,493.5,397.5,3198.5,0.64299476,0.778921,MangYang,768,0,0,0,1,14.110330323412548,108.34719726471849,1,2008,768,0.9562567,2872.7254663035274,2386.3307129473314,0.20248058716726414,0.9562567,train,97,"{""type"":""MultiPoint"",""coordinates"":[]}"
000000000000000000be_0,2632.0,1341.5,478.5,811.0,545.5,3674.0,0.46505833,0.74143857,MangYang,769,0,0,0,1,14.103597080821846,108.27631985347396,1,2008,769,16.417595,3130.2996047775086,2555.39319297567,0.43789831572255555,16.417595,train,85,"{""type"":""MultiPoint"",""coordinates"":[]}"
0000000000000000023d_0,2385.5,1393.5,455.5,687.0,679.5,2958.5,0.35960478,0.6264431,MangYang,769,0,0,1,0,14.051042115805933,108.2730870052102,1,2022,769,11.850066,3102.85249320889,2567.120439326819,0.07761242413848812,11.850066,train,47,"{""type"":""MultiPoint"",""coordinates"":[]}"
00000000000000000014_0,2392.0,1367.0,418.0,649.0,556.0,2660.0,0.32108268,0.65422887,MangYang,770,0,0,0,1,13.85377148520149,108.32994946184375,1,2018,770,17.426254,3107.853968270547,2656.1605346543565,0.3582976386448622,17.426254,train,67,"{""type"":""MultiPoint"",""coordinates"":[]}"
00000000000000000236_0,2716.0,1844.0,642.0,848.0,941.0,2342.0,0.11896799,0.42674384,MangYang,770,0,0,0,1,14.158033786482315,108.31000836193274,1,2012,770,5.628382,3215.896593697369,2610.327498643172,0.14227862012657655,5.628382,train,45,"{""type"":""MultiPoint"",""coordinates"":[]}"
00000000000000000120_0,1974.5,848.5,300.5,598.5,329.5,3306.5,0.5915764,0.8187569,MangYang,771,0,0,0,1,14.10682992908559,108.35232077182887,1,2008,771,1.3319798,3299.2716793864965,2719.702097876045,0.3243073183853544,1.3319798,train,99,"{""type"":""MultiPoint"",""coordinates"":[]}"
000000000000000001ac_0,2690.0,1500.0,404.0,693.0,671.0,2827.0,0.30667898,0.6163522,MangYang,771,0,0,0,1,13.879375643450375,108.29923071468657,1,2009,771,11.920162,2857.340894066554,2383.316735011041,0.46839005545763457,11.920162,train,89,"{""type"":""MultiPoint"",""coordinates"":[]}"
00000000000000000027_0,3563.0,2539.0,879.0,1168.0,1377.0,3015.0,0.085704,0.37295082,MangYang,772,0,0,0,1,13.947827303721823,108.29815161223162,1,2009,772,15.141326,2937.2231726936798,2480.487838212103,0.4239404572690122,15.141326,train,99,"{""type"":""MultiPoint"",""coordinates"":[]}"
0000000000000000024b_0,2599.0,1652.0,556.0,779.0,748.0,2293.0,0.16248415,0.5080566,MangYang,773,0,0,0,1,14.06074511969823,108.22511599607724,1,2004,773,2.0859795,2827.0291006837892,2333.1189995745804,0.46486407691322984,2.0859795,train,72,"{""type"":""MultiPoint"",""coordinates"":[]}"
000000000000000002b2_0,2000.5,920.5,398.5,529.5,499.0,3049.0,0.53621364,0.7187148,MangYang,773,0,0,0,1,14.133241184625154,108.31297366413327,0,2016,773,7.8241816,2872.7254663035274,2386.3307129473314,0.6388947196045389,7.8241816,train,27,"{""type"":""MultiPoint"",""coordinates"":[]}"
0000000000000000002d_0,3205.0,2172.0,663.5,968.5,978.5,2683.0,0.10525232,0.4655196,MangYang,774,0,0,1,0,13.875063692731691,108.33372186133495,1,2020,774,18.138645,3107.853968270547,2656.1605346543565,0.5166853350250441,18.138645,train,37,"{""type"":""MultiPoint"",""coordinates"":[]}"
000000000000000000fc_0,1651.5,672.5,341.0,506.0,281.5,3142.5,0.6474443,0.8355724,MangYang,774,0,0,1,0,13.863206943030576,108.34881591840087,1,2020,774,12.65422,3107.853968270547,2656.1605346543565,0.4433428972317872,12.65422,train,90,"{""type"":""MultiPoint"",""coordinates"":[]}"
00000000000000000137_0,1434.0,628.0,297.0,466.0,309.0,2890.0,0.64297897,0.8068146,MangYang,774,0,0,0,1,14.070987674817996,108.35124166937395,0,2018,774,7.0619273,2899.866533741355,2435.8231804678194,0.3637695608261058,7.9045815,train,0,"{""type"":""MultiPoint"",""coordinates"":[]}"
00000000000000000082_0,2037.0,965.0,329.0,600.0,497.0,3192.0,0.53572285,0.7305503,MangYang,776,0,0,0,1,13.87398459027676,108.35366742034702,1,2015,776,12.019387,3249.1450763195753,2828.9896710276835,0.4007349701139341,12.019387,train,86,"{""type"":""MultiPoint"",""coordinates"":[]}"
00000000000000000259_0,2418.5,1446.0,377.0,616.5,540.5,2289.5,0.22580644,0.6180212,MangYang,776,0,0,0,1,14.05912646601583,108.22107605052281,1,2012,776,1.9115534,2827.0291006837892,2333.1189995745804,0.7163565716020911,1.9115534,train,58,"{""type"":""MultiPoint"",""coordinates"":[]}"
00000000000000000065_0,3311.0,2142.0,625.5,869.5,1058.5,2659.0,0.1076859,0.43053126,MangYang,777,0,0,0,1,13.942168704485,108.2970725097767,1,2010,781,3.41068,2937.2231726936798,2480.487838212103,0.4524592727560509,16.733974,train,90,"{""type"":""MultiPoint"",""coordinates"":[]}"
000000000000000002f1_0,3039.0,1810.5,590.0,806.0,839.5,3003.0,0.24774073,0.5630449,MangYang,777,0,0,1,0,13.980704255788877,108.3121665668426,1,2020,777,16.52398,3602.625690806518,3058.215705565512,0.39646146476362265,16.52398,train,96,"{""type"":""MultiPoint"",""coordinates"":[]}"
0000000000000000030f_0,1877.0,872.0,300.0,547.0,293.0,3210.0,0.57275844,0.8327148,MangYang,777,0,0,0,1,14.103325075657585,108.27497320495583,1,2008,777,9.243054,3130.2996047775086,2555.39319297567,0.07527535373598016,9.243054,train,90,"{""type"":""MultiPoint"",""coordinates"":[]}"
00000000000000000209_0,2218.0,1282.0,479.0,713.5,614.0,2678.5,0.35260698,0.62703115,MangYang,778,0,0,1,0,13.873717044213551,108.33130056946294,1,2019,778,15.042511,3107.853968270547,2656.1605346543565,0.6143926683437488,15.042511,train,40,"{""type"":""MultiPoint"",""coordinates"":[]}"
000000000000000002b3_0,2678.0,1527.0,545.0,768.0,807.0,3149.0,0.34687766,0.5920121,MangYang,778,0,0,0,1,14.096319827902622,108.35366742034702,1,2013,778,11.937695,2899.866533741355,2435.8231804678194,0.35356447087666176,11.937695,train,57,"{""type"":""MultiPoint"",""coordinates"":[]}"
000000000000000002b6_0,2586.5,1438.0,486.0,735.5,723.0,2728.5,0.30973238,0.5810517,MangYang,778,0,0,0,0,13.860241640830038,108.3304890130712,0,0,778,15.626361,3107.853968270547,2656.1605346543565,0.057822082480559533,15.626361,train,64,"{""type"":""MultiPoint"",""coordinates"":[]}"
00000000000000000138_0,3028.0,2337.0,627.0,882.0,1102.0,2477.0,0.029081844,0.38418552,MangYang,779,0,0,0,1,14.054546969233941,108.38493017783273,0,2011,779,14.63569,2899.866533741355,2435.8231804678194,0.4177902107768915,14.63569,train,29,"{""type"":""MultiPoint"",""coordinates"":[]}"
0000000000000000018f_0,2973.0,1793.0,522.0,762.0,908.0,2815.0,0.2217882,0.51222134,MangYang,779,0,0,0,1,14.09604782273836,108.35339541518277,1,2008,779,10.139915,2899.866533741355,2435.8231804678194,0.1128002911885152,10.139915,train,75,"{""type"":""MultiPoint"",""coordinates"":[]}"
000000000000000002d4_0,2205.0,1024.5,539.5,789.0,459.0,3664.0,0.56297326,0.7773466,MangYang,780,0,0,0,1,14.099285130103164,108.2809038093569,1,2008,780,20.154764,3102.85249320889,2567.120439326819,0.18594127769271396,20.154764,train,95,"{""type"":""MultiPoint"",""coordinates"":[]}"
000000000000000000b2_0,2767.5,1668.0,543.5,814.0,772.5,3225.0,0.31820968,0.61350846,MangYang,781,0,0,0,1,14.164231936946603,108.28818106227612,1,2008,781,16.69817,3237.9550390057266,2606.218266952033,0.08173907336264963,16.69817,train,63,"{""type"":""MultiPoint"",""coordinates"":[]}"
0000000000000000014a_0,1910.0,887.0,346.0,515.0,352.0,3427.0,0.5887807,0.81370735,MangYang,781,0,0,0,1,14.107369480313062,108.3560931713201,1,2011,781,22.18467,3299.2716793864965,2719.702097876045,0.4739090174727747,22.18467,train,97,"{""type"":""MultiPoint"",""coordinates"":[]}"
00000000000000000158_0,3057.0,2341.5,587.5,801.0,898.5,2626.0,0.05727227,0.49014044,MangYang,781,0,0,0,1,14.054279423170735,108.38654437241408,0,2012,781,2.6622047,2899.866533741355,2435.8231804678194,0.4270612266164797,2.6622047,train,17,"{""type"":""MultiPoint"",""coordinates"":[]}"
000000000000000000cb_0,2363.0,1314.0,435.0,663.0,570.0,3506.0,0.4547718,0.720314,MangYang,782,0,0,0,1,14.106018372693866,108.35986557081131,1,2008,782,16.043554,3299.2716793864965,2719.702097876045,0.06388166550494812,16.043554,train,90,"{""type"":""MultiPoint"",""coordinates"":[]}"
00000000000000000153_0,1692.0,796.0,345.0,578.0,397.0,3241.0,0.60564774,0.78174824,MangYang,782,0,0,0,1,14.07664627405482,108.36444506759321,1,2007,782,5.6283245,2899.866533741355,2435.8231804678194,0.4169063064967723,5.6283245,train,95,"{""type"":""MultiPoint"",""coordinates"":[]}"
0000000000000000011d_0,2849.0,1873.0,450.0,672.0,883.0,2702.0,0.18120219,0.5073919,MangYang,783,0,0,0,1,13.87237039569541,108.34773681594595,0,2017,783,2.085622,3107.853968270547,2656.1605346543565,0.060424657103613666,2.085622,train,20,"{""type"":""MultiPoint"",""coordinates"":[]}"
00000000000000000269_0,3107.0,1945.0,822.0,1086.0,1140.0,2877.0,0.1932808,0.43241224,MangYang,783,0,0,0,1,13.878568546159702,108.30542886515086,1,2011,783,7.816093,3107.853968270547,2656.1605346543565,0.22175267372335472,7.816093,train,96,"{""type"":""MultiPoint"",""coordinates"":[]}"
0000000000000000028a_0,1821.0,876.0,373.5,497.5,477.0,2925.5,0.5391293,0.7196179,MangYang,783,0,0,0,0,14.087963472528465,108.35474652280195,0,0,783,11.217676,2899.866533741355,2435.8231804678194,0.6434386191300309,11.217676,train,94,"{""type"":""MultiPoint"",""coordinates"":[]}"
000000000000000000b3_0,2316.5,1248.0,434.5,637.0,593.0,2910.0,0.3997114,0.66143304,MangYang,784,0,0,0,1,14.12596393170593,108.34665771349101,1,2014,784,7.211742,2872.7254663035274,2386.3307129473314,0.3998244014519452,7.211742,train,90,"{""type"":""MultiPoint"",""coordinates"":[]}"
000000000000000000c5_0,3175.0,1909.0,906.0,1204.0,1197.0,3391.0,0.27962264,0.478204,MangYang,784,0,0,0,1,14.12569192654167,108.34612262136459,1,2014,784,14.778021,2872.7254663035274,2386.3307129473314,0.008912653248121849,14.778021,train,90,"{""type"":""MultiPoint"",""coordinates"":[]}"
00000000000000000148_0,2104.0,1278.0,405.0,552.0,702.0,2335.0,0.29255468,0.53770167,MangYang,784,0,0,0,1,14.11383517684056,108.35312786911956,1,2013,784,7.660916,3299.2716793864965,2719.702097876045,0.08763660563125641,7.660916,train,97,"{""type"":""MultiPoint"",""coordinates"":[]}"
00000000000000000256_0,1664.0,836.0,344.0,515.0,477.0,2656.0,0.5211913,0.69549954,MangYang,784,0,0,0,1,14.136741578952112,108.31593896633382,1,2016,784,0.92740995,2872.7254663035274,2386.3307129473314,0.39711082251808305,0.92740995,train,49,"{""type"":""MultiPoint"",""coordinates"":[]}"
00000000000000000041_0,2547.0,1381.0,458.0,737.0,647.0,3111.0,0.38512912,0.6556679,MangYang,785,0,0,0,1,14.08607727278286,108.3563607173833,1,2005,785,18.992908,2899.866533741355,2435.8231804678194,0.2809898174764969,18.992908,train,95,"{""type"":""MultiPoint"",""coordinates"":[]}"
0000000000000000022f_0,2704.0,1614.0,484.0,829.0,684.0,2965.0,0.29504257,0.62510276,MangYang,785,0,0,1,0,14.069908572363065,108.3919354255877,0,2020,785,21.293056,2899.866533741355,2435.8231804678194,0.595828853356708,21.293056,train,14,"{""type"":""MultiPoint"",""coordinates"":[]}"
0000000000000000001b_0,1780.0,788.0,335.0,565.0,331.0,3708.0,0.6494662,0.836098,MangYang,786,0,0,0,1,14.084730624264719,108.37495516877617,1,2014,786,16.86172,2899.866533741355,2435.8231804678194,0.4260008547138492,16.86172,train,89,"{""type"":""MultiPoint"",""coordinates"":[]}"
00000000000000000107_0,2088.5,1029.5,342.5,652.5,538.5,3174.5,0.51022834,0.70993805,MangYang,786,0,0,0,1,13.89231149560642,108.33318676920854,1,2017,774,20.77092,3107.853968270547,2656.1605346543565,0.22038144040278773,18.5249,train,44,"{""type"":""MultiPoint"",""coordinates"":[]}"
000000000000000002aa_0,1558.0,723.5,386.5,579.0,484.5,3096.0,0.6211546,0.72936743,MangYang,786,0,0,1,0,14.044304414114176,108.40945077452562,1,2020,788,1.9114282,3184.1661372574745,2716.7781021236324,0.6756955212591393,2.6621466,train,63,"{""type"":""MultiPoint"",""coordinates"":[]}"
000000000000000002f9_0,2683.0,1552.5,520.0,759.5,757.0,2855.0,0.295519,0.58084166,MangYang,786,0,0,0,1,14.093082520537818,108.35905847352063,1,2008,786,8.971035,2899.866533741355,2435.8231804678194,0.07895980330453478,8.971035,train,32,"{""type"":""MultiPoint"",""coordinates"":[]}"
0000000000000000002e_0,2090.0,1017.0,341.0,654.0,395.0,2924.0,0.48388734,0.7619765,MangYang,788,0,0,0,0,14.12569192654167,108.26823550326407,0,0,788,16.645172,3130.2996047775086,2555.39319297567,0.5322244241025677,16.645172,train,0,"{""type"":""MultiPoint"",""coordinates"":[]}"
000000000000000002bc_0,3442.5,2334.5,795.5,1105.5,1216.0,2898.0,0.10769231,0.40884784,MangYang,788,0,0,0,1,13.87829654099544,108.30569641121404,1,2011,788,9.29389,3107.853968270547,2656.1605346543565,0.5991230218972818,9.29389,train,95,"{""type"":""MultiPoint"",""coordinates"":[]}"
000000000000000002d8_0,3140.0,1889.5,610.0,881.0,869.0,3277.5,0.26862782,0.5808513,MangYang,788,0,0,0,1,13.940550050802598,108.29787960706736,1,2009,788,10.651676,2937.2231726936798,2480.487838212103,0.09592730703424412,10.651676,train,70,"{""type"":""MultiPoint"",""coordinates"":[]}"
000000000000000002ee_0,2489.0,1551.0,552.5,795.5,785.0,3251.5,0.3540864,0.6110492,MangYang,788,0,0,0,1,13.940010499575129,108.29761206100414,1,2009,788,17.923716,2937.2231726936798,2480.487838212103,0.4255729353360783,17.923716,train,95,"{""type"":""MultiPoint"",""coordinates"":[]}"
0000000000000000021b_0,2827.0,1395.0,476.0,778.0,614.0,3582.0,0.43942133,0.7073403,MangYang,789,0,0,0,1,13.955911653931718,108.30246356295031,1,2013,789,21.057045,3602.625690806518,3058.215705565512,0.23683719315051754,21.057045,train,89,"{""type"":""MultiPoint"",""coordinates"":[]}"
000000000000000000bc_0,2340.0,1929.5,516.5,718.0,1186.5,1878.5,-0.013392857,0.22577488,MangYang,790,0,0,0,1,14.05724026627022,108.38331152415034,1,2018,790,9.243456,2899.866533741355,2435.8231804678194,0.6206733683462088,9.243456,train,44,"{""type"":""MultiPoint"",""coordinates"":[]}"
000000000000000000f5_0,1275.0,491.0,320.0,508.0,249.0,3533.0,0.7559642,0.8683236,MangYang,790,0,0,0,1,14.106557923921335,108.35690026861079,1,2008,790,10.560689,3299.2716793864965,2719.702097876045,0.452669894111951,10.560689,train,97,"{""type"":""MultiPoint"",""coordinates"":[]}"
00000000000000000248_0,1251.5,494.0,340.5,484.5,284.0,3145.5,0.72853416,0.8343782,MangYang,790,0,0,1,0,14.045115970505904,108.40972277968989,1,2019,790,7.336139,3184.1661372574745,2716.7781021236324,0.611514546033496,7.336139,train,62,"{""type"":""MultiPoint"",""coordinates"":[]}"
0000000000000000008d_0,2751.5,1584.0,607.0,826.5,748.5,3046.0,0.31576675,0.6054816,MangYang,791,0,0,0,1,14.130275882424613,108.34315731916405,1,2014,791,13.19185,2872.7254663035274,2386.3307129473314,0.31384180368983294,13.19185,train,87,"{""type"":""MultiPoint"",""coordinates"":[]}"
0000000000000000006e_0,1593.0,660.0,374.0,599.0,357.0,3830.0,0.7060134,0.8294722,MangYang,792,0,0,0,1,14.00361065790043,108.36552417004815,1,2010,792,13.111716,2686.0531681478024,2309.229083489948,0.13021780636027624,13.111716,train,95,"{""type"":""MultiPoint"",""coordinates"":[]}"
00000000000000000150_0,2112.0,1092.0,402.0,700.0,583.0,3209.0,0.4922111,0.69251055,MangYang,792,0,0,0,1,14.082572419354847,108.35986557081131,1,2008,792,14.9743395,2899.866533741355,2435.8231804678194,0.6645862531858222,14.9743395,train,99,"{""type"":""MultiPoint"",""coordinates"":[]}"
00000000000000000235_0,2116.0,1051.0,308.0,575.0,390.0,2878.0,0.46500382,0.7613219,MangYang,792,0,0,0,1,14.165039034237273,108.31378076142394,1,2003,792,17.798473,3215.896593697369,2610.327498643172,0.11603827229201902,17.798473,train,79,"{""type"":""MultiPoint"",""coordinates"":[]}"
000000000000000000bf_0,1901.0,824.5,397.5,638.5,331.5,3279.0,0.5981479,0.81636894,MangYang,793,0,0,0,1,13.882880496878382,108.33102856429868,1,2014,793,3.8253138,3107.853968270547,2656.1605346543565,0.20589228219564415,3.8253138,train,95,"{""type"":""MultiPoint"",""coordinates"":[]}"
00000000000000000169_0,2634.0,1412.0,533.0,794.0,705.0,3544.0,0.43018565,0.6681572,MangYang,793,0,0,1,0,13.909287293316886,108.29626541248601,1,2020,793,21.002148,2937.2231726936798,2480.487838212103,0.39713405575104355,21.002148,train,90,"{""type"":""MultiPoint"",""coordinates"":[]}"
00000000000000000028_0,2405.5,1696.5,615.0,809.5,1036.0,2218.5,0.13333334,0.36334306,MangYang,794,0,0,1,0,13.902821596789392,108.33938491967285,1,2021,794,16.66497,3249.712924260939,2780.606499409189,0.4349894665412497,16.66497,train,35,"{""type"":""MultiPoint"",""coordinates"":[]}"
0000000000000000003d_0,3128.0,1784.0,692.0,942.0,1014.0,3083.0,0.26689953,0.5050037,MangYang,794,0,0,0,1,14.124884829250997,108.34719726471847,1,2012,794,6.0300503,2872.7254663035274,2386.3307129473314,0.6988809291214697,6.0300503,train,97,"{""type"":""MultiPoint"",""coordinates"":[]}"
000000000000000002e3_0,2098.0,1030.0,375.0,614.0,363.0,3547.0,0.54992354,0.81432223,MangYang,794,0,0,0,1,14.114374728068029,108.35393496641022,1,2014,794,7.8235765,3299.2716793864965,2719.702097876045,0.21614075754090223,7.8235765,train,97,"{""type"":""MultiPoint"",""coordinates"":[]}"
000000000000000000ce_0,2209.5,1090.0,405.0,639.5,494.0,3220.5,0.4942582,0.73401535,MangYang,795,0,0,0,1,13.882608491714121,108.33102856429868,1,2014,795,7.0609927,3107.853968270547,2656.1605346543565,0.010281585944640792,7.0609927,train,54,"{""type"":""MultiPoint"",""coordinates"":[]}"
000000000000000001fa_0,2614.5,1350.5,398.0,650.0,525.5,3359.0,0.4264784,0.72943753,MangYang,795,0,0,0,1,13.919262302373445,108.29653295854924,1,2011,795,12.902158,2937.2231726936798,2480.487838212103,0.7820505200877677,12.902158,train,82,"{""type"":""MultiPoint"",""coordinates"":[]}"
0000000000000000027e_0,2588.0,1631.0,544.0,753.0,866.0,2546.0,0.21905674,0.49237984,MangYang,795,0,0,0,1,13.969654603378439,108.31000836193274,1,2016,795,11.319502,3602.625690806518,3058.215705565512,0.12538134909392695,11.319502,train,85,"{""type"":""MultiPoint"",""coordinates"":[]}"
000000000000000001bb_0,2133.0,1638.0,493.5,711.0,974.0,1992.5,0.097644955,0.3433339,MangYang,796,0,0,0,1,14.058591373889417,108.38250442685967,1,2018,796,6.0071163,2899.866533741355,2435.8231804678194,0.572313028974689,6.0071163,train,47,"{""type"":""MultiPoint"",""coordinates"":[]}"
0000000000000000000d_0,1683.5,782.0,344.0,531.5,302.0,3038.5,0.5906295,0.8191888,MangYang,797,0,0,0,1,14.055354066524613,108.37792047097672,1,2017,797,11.014705,2899.866533741355,2435.8231804678194,0.08335938568462575,11.014705,train,45,"{""type"":""MultiPoint"",""coordinates"":[]}"
00000000000000000203_0,2204.0,1223.5,444.0,645.5,485.0,3478.0,0.4795278,0.7552359,MangYang,797,0,0,0,1,13.866707337357534,108.32563751112505,1,2016,797,18.462454,3107.853968270547,2656.1605346543565,0.0019787900185442853,18.462454,train,90,"{""type"":""MultiPoint"",""coordinates"":[]}"
00000000000000000067_0,1894.0,897.0,372.0,548.0,495.0,2911.0,0.52888656,0.70933646,MangYang,801,0,0,1,0,14.13000387726035,108.34396441645472,1,2023,801,11.937962,2872.7254663035274,2386.3307129473314,0.5165302165928766,11.937962,train,87,"{""type"":""MultiPoint"",""coordinates"":[]}"
00000000000000000080_0,3194.0,1936.0,632.0,870.0,982.0,2852.0,0.19131161,0.48774126,MangYang,801,0,0,0,1,13.969926608542696,108.31054791316019,1,2016,801,5.988228,3602.625690806518,3058.215705565512,0.6635462611746862,5.988228,train,82,"{""type"":""MultiPoint"",""coordinates"":[]}"
00000000000000000097_0,2070.5,1904.0,439.5,568.0,736.0,2452.5,0.12590382,0.5383409,MangYang,801,0,0,0,1,13.874524141504224,108.34585061620032,0,2017,801,11.350967,3107.853968270547,2656.1605346543565,0.5380087391577437,11.350967,train,17,"{""type"":""MultiPoint"",""coordinates"":[]}"
0000000000000000024f_0,1958.0,856.0,352.0,589.0,400.0,3219.0,0.5798773,0.77894443,MangYang,801,0,0,0,1,14.125152375314203,108.34773681594595,1,2012,801,12.663538,2872.7254663035274,2386.3307129473314,0.5398524998211027,12.663538,train,97,"{""type"":""MultiPoint"",""coordinates"":[]}"
000000000000000001ef_0,3456.0,2259.0,844.0,1068.0,1242.0,2541.0,0.05875,0.34337828,MangYang,802,0,0,0,1,14.166385682755417,108.28710195982119,1,2008,802,12.454801,3237.9550390057266,2606.218266952033,0.24859032855758412,12.454801,train,85,"{""type"":""MultiPoint"",""coordinates"":[]}"
00000000000000000140_0,2942.5,1577.0,538.5,792.5,751.5,3537.0,0.38326162,0.6495278,MangYang,803,0,0,0,1,14.107369480313059,108.35824691712892,1,2010,803,17.307926,3299.2716793864965,2719.702097876045,0.48225015411807315,17.307926,train,99,"{""type"":""MultiPoint"",""coordinates"":[]}"
00000000000000000141_0,2066.5,976.0,350.5,660.5,411.5,2825.0,0.48645094,0.74571294,MangYang,805,0,0,0,1,14.120572878532318,108.27147281062885,1,2008,805,11.1255045,3130.2996047775086,2555.39319297567,0.4630565204027869,11.1255045,train,47,"{""type"":""MultiPoint"",""coordinates"":[]}"
00000000000000000300_0,2515.0,1379.0,360.0,595.0,592.0,2707.0,0.32501224,0.6411034,MangYang,805,0,0,0,1,14.159380435000456,108.28548330613879,1,2008,805,22.233414,3237.9550390057266,2606.218266952033,0.1987147364786358,22.233414,train,79,"{""type"":""MultiPoint"",""coordinates"":[]}"
00000000000000000162_0,2852.5,1892.0,557.5,815.5,802.5,2744.5,0.18386714,0.54750496,MangYang,806,0,0,0,1,14.122191532214718,108.3498950208558,1,2016,806,9.894223,2872.7254663035274,2386.3307129473314,0.6039613067303973,9.894223,train,90,"{""type"":""MultiPoint"",""coordinates"":[]}"
0000000000000000018c_0,1957.0,913.0,338.5,590.0,382.5,3375.5,0.5742101,0.7964343,MangYang,808,0,0,0,1,13.884227145396522,108.33076101823546,1,2010,808,6.6280494,3107.853968270547,2656.1605346543565,0.18117649311293127,6.6280494,train,95,"{""type"":""MultiPoint"",""coordinates"":[]}"
000000000000000002b4_0,2697.0,1603.0,470.0,711.0,760.0,2814.0,0.27416798,0.5747062,MangYang,808,0,0,0,1,13.856197236174559,108.29761206100414,1,2018,808,12.165877,2857.340894066554,2383.316735011041,0.03164901377209184,12.165877,train,99,"{""type"":""MultiPoint"",""coordinates"":[]}"
000000000000000002c3_0,2270.5,1184.5,424.0,686.0,570.0,3165.0,0.4553397,0.6947791,MangYang,808,0,0,1,0,14.152910279371904,108.30785461612392,0,2020,808,11.820609,3215.896593697369,2610.327498643172,0.21472566159522133,11.820609,train,28,"{""type"":""MultiPoint"",""coordinates"":[]}"
0000000000000000007c_0,2635.0,1609.0,623.0,832.0,868.0,2369.0,0.19105078,0.46370095,MangYang,809,0,0,0,1,14.170158082246632,108.31782516607943,0,2008,809,22.891031,3215.896593697369,2610.327498643172,0.7774204534950993,22.891031,train,13,"{""type"":""MultiPoint"",""coordinates"":[]}"
00000000000000000165_0,1964.0,837.0,328.0,530.0,313.0,3409.0,0.60574657,0.83181083,MangYang,809,0,0,0,1,13.882608491714121,108.33426141256244,1,2012,809,23.605745,3107.853968270547,2656.1605346543565,0.5086658203960744,23.605745,train,89,"{""type"":""MultiPoint"",""coordinates"":[]}"
000000000000000000cc_0,1414.5,642.5,320.0,485.0,330.0,3177.5,0.66361254,0.8118318,MangYang,811,0,0,0,1,14.056165622916343,108.39031677190529,1,2014,811,9.681911,2899.866533741355,2435.8231804678194,0.420402803652677,9.681911,train,45,"{""type"":""MultiPoint"",""coordinates"":[]}"
000000000000000002e4_0,2748.5,1520.0,529.0,780.5,707.5,3235.0,0.36067298,0.6410907,MangYang,812,0,0,0,1,13.88476669662399,108.3498950208558,1,2001,812,23.98389,3107.853968270547,2656.1605346543565,0.3533561446503023,23.98389,train,97,"{""type"":""MultiPoint"",""coordinates"":[]}"
000000000000000000d5_0,2319.0,1225.0,433.0,740.0,563.0,3344.0,0.46377763,0.7117993,MangYang,813,0,0,0,1,14.177974886393324,108.3124341129058,1,2012,813,7.439253,3215.896593697369,2610.327498643172,0.10123530670661285,7.439253,train,95,"{""type"":""MultiPoint"",""coordinates"":[]}"
000000000000000000d9_0,2611.0,1371.0,522.0,767.0,555.0,3083.0,0.3843736,0.6948873,MangYang,814,0,0,1,0,14.173395389611434,108.3202509170525,1,2022,814,3.413104,3215.896593697369,2610.327498643172,0.7717249431072807,3.413104,train,89,"{""type"":""MultiPoint"",""coordinates"":[]}"
00000000000000000288_0,2166.5,1177.0,527.0,724.0,677.5,2955.5,0.43036902,0.62703,MangYang,814,0,0,0,1,14.134587833143295,108.3447715137454,1,2012,811,8.599943,2872.7254663035274,2386.3307129473314,0.33734362666690676,8.087653,train,85,"{""type"":""MultiPoint"",""coordinates"":[]}"
00000000000000000144_0,2053.0,1399.0,431.0,662.0,811.0,2000.0,0.17681672,0.42298114,MangYang,815,0,0,0,1,14.05912646601583,108.38303951898607,1,2016,815,12.547418,2899.866533741355,2435.8231804678194,0.06020522146509255,12.547418,train,48,"{""type"":""MultiPoint"",""coordinates"":[]}"
00000000000000000184_0,2364.0,1287.0,462.0,743.0,575.0,3394.0,0.4501175,0.7102545,MangYang,815,0,0,0,1,14.103325075657585,108.36309841907506,1,2009,815,9.2444,3299.2716793864965,2719.702097876045,0.022205120569343317,9.2444,train,97,"{""type"":""MultiPoint"",""coordinates"":[]}"
00000000000000000215_0,2317.0,1223.0,443.0,684.0,579.0,2987.0,0.41900238,0.6752664,MangYang,815,0,0,1,0,14.086349277947116,108.37522717394043,1,2021,815,20.233707,2899.866533741355,2435.8231804678194,0.795062366262408,20.233707,train,69,"{""type"":""MultiPoint"",""coordinates"":[]}"
00000000000000000121_0,1861.0,915.0,334.0,550.0,353.0,2809.0,0.5085929,0.77672356,MangYang,816,0,0,0,1,14.113028079549888,108.26392355254536,1,2014,816,14.441824,3130.2996047775086,2555.39319297567,0.212745507717919,14.441824,train,85,"{""type"":""MultiPoint"",""coordinates"":[]}"
00000000000000000021_0,2672.0,1394.0,559.0,873.0,797.0,3570.0,0.43835616,0.6349897,MangYang,818,0,0,0,1,13.935431002793242,108.29545385609428,1,2009,818,17.46725,2937.2231726936798,2480.487838212103,0.5620271535826146,17.46725,train,95,"{""type"":""MultiPoint"",""coordinates"":[]}"
00000000000000000093_0,2372.0,1185.0,482.0,780.0,584.0,3385.5,0.48145717,0.70575637,MangYang,818,0,0,1,0,13.884494691459729,108.35178122060141,1,2019,818,15.351998,3249.1450763195753,2828.9896710276835,0.09292405673731552,15.351998,train,64,"{""type"":""MultiPoint"",""coordinates"":[]}"
000000000000000000e4_0,2241.0,1137.5,398.0,722.0,443.0,3211.5,0.47689125,0.7575592,MangYang,818,0,0,0,1,14.083651521809783,108.36013311687452,1,2008,815,25.492008,2899.866533741355,2435.8231804678194,0.3395700399127295,21.391245,train,97,"{""type"":""MultiPoint"",""coordinates"":[]}"
000000000000000000f4_0,1407.0,585.0,357.0,530.0,295.0,3383.0,0.7051411,0.83958673,MangYang,818,0,0,0,1,14.048348818769652,108.37064321805748,1,2015,818,15.866191,2686.0531681478024,2309.229083489948,0.6803932202814307,15.866191,train,71,"{""type"":""MultiPoint"",""coordinates"":[]}"
0000000000000000011c_0,2089.0,1134.0,359.0,564.0,454.0,3163.0,0.4721899,0.74896324,MangYang,818,0,0,0,1,14.15695468402738,108.32590951628931,1,2014,818,5.990195,3215.896593697369,2610.327498643172,0.23003838205542204,5.990195,train,45,"{""type"":""MultiPoint"",""coordinates"":[]}"
00000000000000000239_0,2399.0,1194.0,420.0,697.0,523.0,3565.0,0.49821392,0.7441292,MangYang,819,0,0,0,1,14.166118136692214,108.32806326209813,1,2008,819,17.12502,3215.896593697369,2610.327498643172,0.47262763725993684,17.12502,train,78,"{""type"":""MultiPoint"",""coordinates"":[]}"
00000000000000000244_0,2332.0,1235.0,407.0,708.0,537.0,3020.0,0.41950646,0.69806015,MangYang,819,0,0,0,1,13.903361148016861,108.33183566158937,1,2017,819,16.79986,3249.712924260939,2780.606499409189,0.21198193343460747,16.79986,train,34,"{""type"":""MultiPoint"",""coordinates"":[]}"
0000000000000000000f_0,2306.0,1171.5,403.5,630.0,443.0,3161.5,0.4592661,0.75419617,MangYang,820,0,0,0,1,13.884494691459729,108.32941436971733,1,2017,820,3.926406,3107.853968270547,2656.1605346543565,0.34325682272773084,3.926406,train,85,"{""type"":""MultiPoint"",""coordinates"":[]}"
00000000000000000143_0,2199.0,1411.5,550.5,758.0,763.5,2231.0,0.22498284,0.49006513,MangYang,820,0,0,1,0,14.095780276675153,108.3984011221152,1,2021,820,12.189738,2899.866533741355,2435.8231804678194,0.7327751358415926,12.189738,train,51,"{""type"":""MultiPoint"",""coordinates"":[]}"
0000000000000000020f_0,2972.5,1967.5,556.0,821.5,795.5,2752.5,0.16631356,0.55157834,MangYang,820,0,0,0,1,14.194955143204847,108.28818106227612,1,2008,820,17.941685,3237.9550390057266,2606.218266952033,0.2712599178283466,17.941685,train,63,"{""type"":""MultiPoint"",""coordinates"":[]}"
000000000000000002d5_0,2693.0,1553.0,834.0,964.0,1019.0,2948.0,0.30993113,0.48626167,MangYang,821,0,0,0,1,13.880722291968514,108.30354266540523,1,2009,821,20.410421,3107.853968270547,2656.1605346543565,0.5005590335789816,20.410421,train,95,"{""type"":""MultiPoint"",""coordinates"":[]}"
0000000000000000028d_0,2351.0,1538.0,522.0,738.0,837.0,2458.0,0.23023023,0.49195752,MangYang,822,0,0,1,0,13.896623446325101,108.330221467008,1,2021,822,7.333314,3107.853968270547,2656.1605346543565,0.704674418756388,7.333314,train,82,"{""type"":""MultiPoint"",""coordinates"":[]}"
000000000000000002a0_0,2426.0,1361.0,445.0,676.0,577.0,2851.0,0.35375118,0.66336054,MangYang,822,0,0,1,0,14.16908343889275,108.28682995465692,1,2020,822,12.552167,3237.9550390057266,2606.218266952033,0.5335716972545644,12.552167,train,97,"{""type"":""MultiPoint"",""coordinates"":[]}"
0000000000000000008a_0,2160.0,1283.0,445.0,683.0,715.0,2709.0,0.35721442,0.5823598,MangYang,823,0,0,1,0,14.059666017243297,108.38303951898607,1,2022,823,11.150053,2899.866533741355,2435.8231804678194,0.35285054864327026,11.150053,train,49,"{""type"":""MultiPoint"",""coordinates"":[]}"
000000000000000000ff_0,2823.0,1605.0,565.0,804.0,731.0,2958.0,0.29651546,0.60368663,MangYang,823,0,0,0,1,14.165311039401537,108.28198291181184,1,2008,823,10.4458475,3237.9550390057266,2606.218266952033,0.2710300761465141,10.4458475,train,95,"{""type"":""MultiPoint"",""coordinates"":[]}"
000000000000000001dd_0,2373.0,1099.0,486.0,795.0,481.0,3623.0,0.53451926,0.76559454,MangYang,825,0,0,0,1,13.94755529855756,108.29976580681299,1,2012,825,21.560179,2937.2231726936798,2480.487838212103,0.13175789767433876,21.560179,train,97,"{""type"":""MultiPoint"",""coordinates"":[]}"
000000000000000002ce_0,2789.0,1780.5,673.0,916.5,977.0,2534.5,0.17473929,0.44354266,MangYang,827,0,0,0,1,14.175549135420251,108.3205184631157,1,2012,827,11.890367,3215.896593697369,2610.327498643172,0.17638182295094962,11.890367,train,97,"{""type"":""MultiPoint"",""coordinates"":[]}"
00000000000000000054_0,2706.5,1669.5,475.5,735.0,776.0,2588.0,0.21573694,0.5386445,MangYang,828,0,0,1,0,13.871558839303683,108.32456286777118,1,2020,828,21.62465,3107.853968270547,2656.1605346543565,0.009590860761307662,21.62465,train,89,"{""type"":""MultiPoint"",""coordinates"":[]}"
000000000000000001fd_0,2927.5,1797.5,751.0,1030.5,1119.5,2832.0,0.22345826,0.43337974,MangYang,828,0,0,0,1,14.19360403558565,108.28036425812942,1,2012,828,13.758958,3237.9550390057266,2606.218266952033,0.5169220801568246,13.758958,train,90,"{""type"":""MultiPoint"",""coordinates"":[]}"
0000000000000000015b_0,2179.5,1649.5,502.5,657.5,809.0,1926.5,0.07746085,0.40851763,MangYang,829,0,0,1,0,13.897162997552567,108.330221467008,1,2022,829,13.792115,3107.853968270547,2656.1605346543565,0.013735082518493646,13.792115,train,78,"{""type"":""MultiPoint"",""coordinates"":[]}"
00000000000000000297_0,1557.0,710.5,401.5,539.0,386.5,3302.5,0.64590085,0.79045814,MangYang,830,0,0,0,1,13.913331697972366,108.35986557081131,1,2018,830,8.50046,3324.219020557932,2857.4996105179016,0.7141572948127043,8.50046,train,30,"{""type"":""MultiPoint"",""coordinates"":[]}"
00000000000000000094_0,1293.0,506.0,302.0,502.0,281.0,3395.0,0.74057937,0.8471164,MangYang,831,0,0,1,0,14.001184906927355,108.40945077452562,1,2019,831,6.9098954,3184.1661372574745,2716.7781021236324,0.6320811491031825,6.9098954,train,56,"{""type"":""MultiPoint"",""coordinates"":[]}"
0000000000000000011f_0,2561.0,1495.0,494.0,797.0,799.0,2845.0,0.31105992,0.5614709,MangYang,831,0,0,1,0,13.899049197298178,108.33507296895415,0,2021,831,14.958685,3107.853968270547,2656.1605346543565,0.7948735618654174,14.958685,train,28,"{""type"":""MultiPoint"",""coordinates"":[]}"
00000000000000000090_0,3103.0,1799.0,675.0,943.0,943.0,2971.0,0.24570231,0.51814,MangYang,832,0,0,0,1,14.102517978366912,108.36363797030252,1,2008,832,11.645217,3299.2716793864965,2719.702097876045,0.6606650238135072,11.645217,train,99,"{""type"":""MultiPoint"",""coordinates"":[]}"
00000000000000000115_0,2699.0,1417.0,541.0,812.0,622.0,3358.0,0.40649214,0.6874372,MangYang,832,0,0,0,0,13.926267550128408,108.29599340732176,0,0,832,22.8165,2937.2231726936798,2480.487838212103,0.5173934902609437,22.8165,train,71,"{""type"":""MultiPoint"",""coordinates"":[]}"
00000000000000000309_0,2736.0,1599.0,756.0,945.0,1042.0,2553.0,0.22976878,0.42030597,MangYang,832,0,0,0,1,13.880722291968514,108.30407775753164,1,2009,832,13.913781,3107.853968270547,2656.1605346543565,0.3886609453743134,13.913781,train,90,"{""type"":""MultiPoint"",""coordinates"":[]}"
0000000000000000010d_0,3689.0,2311.0,767.0,1023.0,1194.0,3059.0,0.13929236,0.438514,MangYang,833,0,0,0,1,14.066403718935057,108.24856194941624,1,2009,833,27.39868,2827.0291006837892,2333.1189995745804,0.22043720072623585,27.39868,train,37,"{""type"":""MultiPoint"",""coordinates"":[]}"
0000000000000000012d_0,3478.5,2195.0,834.5,1054.5,1192.5,3090.5,0.16942579,0.44314733,MangYang,833,0,0,0,1,14.17689578393839,108.32833526726239,1,2014,833,4.7720647,3215.896593697369,2610.327498643172,0.19731088023557342,4.7720647,train,100,"{""type"":""MultiPoint"",""coordinates"":[]}"
00000000000000000202_0,2250.0,1168.0,370.5,596.0,458.5,3255.0,0.47185168,0.75306314,MangYang,833,0,0,0,1,14.144825929162007,108.28359710639319,1,2008,833,26.320042,3130.2996047775086,2555.39319297567,0.4288676479753022,26.320042,train,95,"{""type"":""MultiPoint"",""coordinates"":[]}"
00000000000000000056_0,1432.5,684.5,341.5,490.0,341.0,2668.5,0.5917089,0.7733843,MangYang,834,0,0,0,1,13.937045197374587,108.34531106497288,1,2016,834,7.061261,3249.712924260939,2780.606499409189,0.23334630117867194,7.061261,train,59,"{""type"":""MultiPoint"",""coordinates"":[]}"
0000000000000000018a_0,2614.0,1406.0,543.0,800.0,801.0,3165.0,0.38481733,0.5960666,MangYang,834,0,0,0,1,14.06532461648012,108.27416610766514,1,2016,834,13.2629385,3102.85249320889,2567.120439326819,0.7792837761095769,13.2629385,train,39,"{""type"":""MultiPoint"",""coordinates"":[]}"
000000000000000002b1_0,2467.0,1404.0,404.0,672.0,656.0,2627.0,0.30339867,0.6003655,MangYang,834,0,0,0,1,13.881529389259189,108.30003781197723,1,2011,823,22.892323,3107.853968270547,2656.1605346543565,0.1797937545285423,26.148405,train,87,"{""type"":""MultiPoint"",""coordinates"":[]}"
0000000000000000015f_0,1871.5,899.5,341.0,448.0,404.5,2874.0,0.5232543,0.7532408,MangYang,835,0,0,0,1,14.163424839655928,108.33965246573604,1,2006,835,8.593902,3215.896593697369,2610.327498643172,0.039344636606549965,8.593902,train,95,"{""type"":""MultiPoint"",""coordinates"":[]}"
000000000000000001f6_0,2680.0,1617.0,523.0,770.0,719.0,3248.0,0.3352518,0.63750947,MangYang,835,0,0,1,0,13.895276797806961,108.29815161223162,1,2020,835,14.071815,2857.340894066554,2383.316735011041,0.6476509310546458,14.071815,train,87,"{""type"":""MultiPoint"",""coordinates"":[]}"
00000000000000000105_0,2028.0,975.0,361.5,560.0,346.0,3201.0,0.53304595,0.80490553,MangYang,836,0,0,0,1,14.068829469908131,108.27767096109314,1,2015,836,27.78717,3102.85249320889,2567.120439326819,0.7265269625729966,27.78717,train,99,"{""type"":""MultiPoint"",""coordinates"":[]}"
000000000000000000f1_0,3683.0,2429.0,715.5,982.0,1213.5,3059.0,0.114795916,0.4319485,MangYang,837,0,0,0,1,14.174470032965315,108.33076101823546,1,2010,837,6.6323347,3215.896593697369,2610.327498643172,0.5251440297521158,6.6323347,train,95,"{""type"":""MultiPoint"",""coordinates"":[]}"
0000000000000000017c_0,2313.0,1359.0,429.0,600.0,558.0,2795.0,0.3456909,0.6671637,MangYang,838,0,0,0,1,14.166385682755417,108.32968191578054,1,2012,838,1.332159,3215.896593697369,2610.327498643172,0.6850495174944868,1.332159,train,44,"{""type"":""MultiPoint"",""coordinates"":[]}"
0000000000000000030c_0,2669.0,1465.0,515.0,738.0,711.0,2865.0,0.32332563,0.602349,MangYang,839,0,0,0,1,14.154261386991099,108.28413665762064,1,2012,839,13.066822,3237.9550390057266,2606.218266952033,0.06624661341437765,13.066822,train,96,"{""type"":""MultiPoint"",""coordinates"":[]}"
00000000000000000002_0,2559.5,1635.0,443.5,608.5,632.0,2362.5,0.18198875,0.5778928,MangYang,841,0,0,1,0,14.193336489522443,108.29168145660307,1,2022,841,23.765955,3237.9550390057266,2606.218266952033,0.46976279352791506,23.765955,train,56,"{""type"":""MultiPoint"",""coordinates"":[]}"
0000000000000000014c_0,2829.5,1760.0,608.5,887.0,995.5,2798.5,0.22781616,0.47522405,MangYang,841,0,0,0,1,13.87237039569541,108.35663272254757,1,2014,841,24.344675,3249.1450763195753,2828.9896710276835,0.02342594317706015,24.344675,train,97,"{""type"":""MultiPoint"",""coordinates"":[]}"
00000000000000000298_0,1465.0,619.0,378.0,543.0,346.0,3390.0,0.69119483,0.81477517,MangYang,841,0,0,0,1,13.947287752494352,108.35339541518277,1,2016,841,3.9274096,3324.219020557932,2857.4996105179016,0.4009582733442658,3.9274096,train,39,"{""type"":""MultiPoint"",""coordinates"":[]}"
000000000000000001bd_0,2015.0,1006.0,369.0,527.0,431.0,3079.0,0.5074663,0.7544159,MangYang,844,0,0,0,1,14.163692385719136,108.3401920169635,1,2001,844,9.685384,3215.896593697369,2610.327498643172,0.49683270003955327,9.685384,train,92,"{""type"":""MultiPoint"",""coordinates"":[]}"
0000000000000000026e_0,2617.5,1474.0,502.5,740.5,709.0,3026.5,0.34496167,0.6203989,MangYang,845,0,0,0,1,14.022209568394352,108.35339541518277,1,2015,845,20.349318,2686.0531681478024,2309.229083489948,0.6344351983434716,20.349318,train,90,"{""type"":""MultiPoint"",""coordinates"":[]}"
00000000000000000007_0,2550.5,1428.0,600.5,828.0,744.0,3158.5,0.37730294,0.6187059,MangYang,847,0,0,1,0,13.962381809560268,108.30407775753164,1,2019,847,33.970264,3602.625690806518,3058.215705565512,0.25585980196792313,33.970264,train,97,"{""type"":""MultiPoint"",""coordinates"":[]}"
00000000000000000081_0,3024.0,1705.5,604.0,891.0,884.0,3251.0,0.31181276,0.5724305,MangYang,849,0,0,0,1,13.939742953511924,108.30030535804043,1,2010,849,6.736699,3249.712924260939,2780.606499409189,0.005819135198811609,6.736699,train,90,"{""type"":""MultiPoint"",""coordinates"":[]}"
00000000000000000230_0,2321.0,1196.0,419.0,667.0,545.0,3163.0,0.45125028,0.706041,MangYang,849,0,0,0,1,13.966154209051485,108.31108746438767,1,2012,849,17.274323,3602.625690806518,3058.215705565512,0.6669185052100736,17.274323,train,97,"{""type"":""MultiPoint"",""coordinates"":[]}"
000000000000000001b1_0,2623.0,1509.5,604.5,803.5,850.5,2738.0,0.28922895,0.5259858,MangYang,850,0,0,0,1,14.152642733308697,108.28225045787505,1,2012,843,14.400386,3237.9550390057266,2606.218266952033,0.1615585453717262,15.936348,train,95,"{""type"":""MultiPoint"",""coordinates"":[]}"
00000000000000000278_0,1908.0,899.0,404.0,664.0,428.0,3548.0,0.5956825,0.78470826,MangYang,851,0,0,0,1,13.946208650039422,108.35743981983823,1,2016,851,7.6045365,3324.219020557932,2857.4996105179016,0.6362127587310802,7.6045365,train,31,"{""type"":""MultiPoint"",""coordinates"":[]}"
00000000000000000123_0,2344.0,1249.0,404.0,663.0,594.0,3213.0,0.44016138,0.6879433,MangYang,852,0,0,0,1,14.015471866702597,108.35016256691901,1,2012,852,20.589602,2686.0531681478024,2309.229083489948,0.013201399643008482,20.589602,train,97,"{""type"":""MultiPoint"",""coordinates"":[]}"
0000000000000000025c_0,1448.5,662.0,314.5,487.0,288.0,3268.5,0.6631472,0.83804303,MangYang,852,0,0,0,1,13.917911194754254,108.35770736590145,1,2018,852,10.136291,3324.219020557932,2857.4996105179016,0.4067773999697577,10.136291,train,56,"{""type"":""MultiPoint"",""coordinates"":[]}"
00000000000000000290_0,2972.0,1859.0,601.0,914.0,998.0,3049.0,0.2424613,0.50679517,MangYang,852,0,0,0,1,14.084191073037251,108.36067266810198,1,2008,852,25.916035,2899.866533741355,2435.8231804678194,0.030112666895611873,25.916035,train,85,"{""type"":""MultiPoint"",""coordinates"":[]}"
00000000000000000114_0,3297.0,2447.0,780.0,1048.0,1306.0,2528.0,0.016281407,0.31872717,MangYang,854,0,0,1,0,13.870212190785542,108.31162701561514,1,2022,854,19.600304,3107.853968270547,2656.1605346543565,0.3337087096514443,19.600304,train,97,"{""type"":""MultiPoint"",""coordinates"":[]}"
000000000000000001d0_0,2073.0,1038.0,489.0,725.0,743.0,2910.0,0.47416413,0.59321105,MangYang,854,0,0,0,1,14.10575082663066,108.3660637212756,1,2015,854,10.560653,3299.2716793864965,2719.702097876045,0.7320856710944132,10.560653,train,89,"{""type"":""MultiPoint"",""coordinates"":[]}"
000000000000000001ae_0,2514.0,1395.0,494.0,702.0,723.0,2902.0,0.3507098,0.6011034,MangYang,855,0,0,0,1,14.154800938218568,108.28413665762064,1,2012,855,15.489298,3237.9550390057266,2606.218266952033,0.2384368508828073,15.489298,train,99,"{""type"":""MultiPoint"",""coordinates"":[]}"
0000000000000000029c_0,1982.0,951.0,371.0,599.0,443.0,3014.0,0.52030265,0.74370843,MangYang,855,0,0,0,1,14.149677431108154,108.34099911425419,1,2002,855,9.651,2872.7254663035274,2386.3307129473314,0.684337048136991,9.651,train,97,"{""type"":""MultiPoint"",""coordinates"":[]}"
000000000000000002c7_0,2559.0,1539.0,432.5,716.0,643.0,2826.0,0.29484537,0.62928796,MangYang,855,0,0,0,1,13.979090061207529,108.31378076142394,1,2015,855,24.384783,3602.625690806518,3058.215705565512,0.5992338451849604,24.384783,train,97,"{""type"":""MultiPoint"",""coordinates"":[]}"
00000000000000000030_0,2451.0,1337.0,441.5,702.5,603.0,3556.5,0.45356086,0.7100613,MangYang,857,0,0,1,0,14.177707340330114,108.32429086260692,1,2022,869,15.369683,3215.896593697369,2610.327498643172,0.3906302237630007,24.351969,train,51,"{""type"":""MultiPoint"",""coordinates"":[]}"
000000000000000000c4_0,2596.5,1461.0,430.5,715.0,600.5,3242.5,0.3787605,0.6874837,MangYang,857,0,0,0,1,13.891232393151485,108.29761206100414,1,2018,857,8.50042,2857.340894066554,2383.316735011041,0.4691918834134222,8.50042,train,89,"{""type"":""MultiPoint"",""coordinates"":[]}"
00000000000000000273_0,2459.0,1281.0,659.0,888.0,844.0,3034.0,0.40625724,0.5647241,MangYang,857,0,0,1,0,14.1429397294164,108.34531106497288,1,2020,857,15.936169,2872.7254663035274,2386.3307129473314,0.502386293448781,15.936169,train,95,"{""type"":""MultiPoint"",""coordinates"":[]}"
000000000000000002be_0,2282.0,1197.0,458.0,710.0,653.0,2710.0,0.38725364,0.61165625,MangYang,858,0,0,0,1,14.14940988504495,108.34099911425417,1,2017,858,13.755469,2872.7254663035274,2386.3307129473314,0.23744004607330926,13.755469,train,68,"{""type"":""MultiPoint"",""coordinates"":[]}"
000000000000000002d6_0,2561.5,1438.5,509.0,750.5,667.0,3077.5,0.3629318,0.6437442,MangYang,858,0,0,0,1,14.163692385719136,108.34099911425417,1,2006,858,12.02382,3215.896593697369,2610.327498643172,0.12714751308417083,12.02382,train,89,"{""type"":""MultiPoint"",""coordinates"":[]}"
0000000000000000006c_0,2541.5,1464.0,515.0,770.5,710.5,2711.0,0.29868263,0.5846851,MangYang,859,0,0,0,1,14.208426087487306,108.28898815956678,1,2012,859,8.64149,3333.2332761362195,2645.7261269265878,0.5083719681926765,8.64149,train,97,"{""type"":""MultiPoint"",""coordinates"":[]}"
000000000000000001e8_0,2380.0,1177.0,431.0,692.0,540.0,3779.0,0.5250202,0.7499421,MangYang,859,0,0,0,1,14.10575082663066,108.36552417004815,1,2015,859,15.002761,3299.2716793864965,2719.702097876045,0.7785213520534494,15.002761,train,95,"{""type"":""MultiPoint"",""coordinates"":[]}"
0000000000000000020c_0,1278.0,551.0,337.0,480.0,329.0,2940.0,0.6843311,0.7987152,MangYang,859,0,0,0,1,13.943247806939933,108.35096966420969,0,2007,859,4.1659985,3324.219020557932,2857.4996105179016,0.08945950016306603,6.464861,train,14,"{""type"":""MultiPoint"",""coordinates"":[]}"
000000000000000002c5_0,2498.0,1362.5,669.5,840.5,697.0,2799.5,0.3452667,0.6013156,MangYang,859,0,0,0,1,14.067482821389985,108.27335901037448,1,2008,859,22.661522,3102.85249320889,2567.120439326819,0.49040904040569566,22.661522,train,97,"{""type"":""MultiPoint"",""coordinates"":[]}"
00000000000000000250_0,1924.5,1074.5,468.5,640.5,528.5,2853.5,0.45290223,0.68746305,MangYang,860,0,0,0,1,13.909019747253684,108.33210766675363,1,2013,860,10.766278,3249.712924260939,2780.606499409189,0.12431218330078586,10.766278,train,82,"{""type"":""MultiPoint"",""coordinates"":[]}"
00000000000000000132_0,2566.5,1470.0,462.5,766.5,689.5,3049.5,0.34948558,0.6311848,MangYang,861,0,0,0,1,14.073141420626811,108.38950967461463,1,2011,861,10.441744,2899.866533741355,2435.8231804678194,0.2988534706882474,10.441744,train,75,"{""type"":""MultiPoint"",""coordinates"":[]}"
0000000000000000004d_0,2264.5,1162.0,346.5,616.0,416.0,3552.5,0.5070527,0.790349,MangYang,862,0,0,0,1,14.107097475148803,108.26904705965579,1,2018,862,20.235394,3130.2996047775086,2555.39319297567,0.3626589280330369,20.235394,train,83,"{""type"":""MultiPoint"",""coordinates"":[]}"
0000000000000000017f_0,3099.0,1960.0,736.0,1027.0,1023.0,3384.0,0.26646706,0.5357386,MangYang,862,0,0,1,0,13.935431002793242,108.2970725097767,1,2022,875,25.499434,2937.2231726936798,2480.487838212103,0.47671372548224455,22.156128,train,85,"{""type"":""MultiPoint"",""coordinates"":[]}"
000000000000000001c4_0,2517.0,1456.5,558.5,806.0,726.5,2964.5,0.3410993,0.60633975,MangYang,863,0,0,1,0,14.141325534835053,108.3463901674278,1,2020,863,17.683716,2872.7254663035274,2386.3307129473314,0.12685377560503186,17.683716,train,87,"{""type"":""MultiPoint"",""coordinates"":[]}"
00000000000000000178_0,2562.0,1785.0,499.0,734.0,764.0,2377.0,0.1422393,0.51353073,MangYang,864,0,0,0,1,14.160459537455388,108.28251800393824,1,2008,864,21.835638,3237.9550390057266,2606.218266952033,0.013692648948420483,21.835638,train,90,"{""type"":""MultiPoint"",""coordinates"":[]}"
00000000000000000183_0,3376.5,2200.0,569.5,755.0,964.0,2489.5,0.06173366,0.4417258,MangYang,864,0,0,0,1,14.151024079626296,108.34019201696351,1,2002,864,12.538181,3215.896593697369,2610.327498643172,0.7294197559500192,12.538181,train,95,"{""type"":""MultiPoint"",""coordinates"":[]}"
00000000000000000233_0,2926.0,1522.0,584.0,864.0,795.0,3516.5,0.39585194,0.63121885,MangYang,864,0,0,0,1,13.947555298557562,108.30192401172283,1,2013,864,26.850203,3249.712924260939,2780.606499409189,0.21388168512148042,26.850203,train,97,"{""type"":""MultiPoint"",""coordinates"":[]}"
000000000000000002e0_0,1990.0,1021.0,337.0,560.0,426.0,2913.0,0.48093542,0.74483377,MangYang,867,0,0,0,1,14.146984134071877,108.33911291450859,1,2003,867,20.145746,2872.7254663035274,2386.3307129473314,0.48476282562325446,20.145746,train,87,"{""type"":""MultiPoint"",""coordinates"":[]}"
00000000000000000313_0,2534.0,1671.0,483.0,705.0,590.0,2774.0,0.24814399,0.6492271,MangYang,868,0,0,0,1,14.105211275403194,108.26365600648217,1,2018,868,21.119854,3130.2996047775086,2555.39319297567,0.048132642215668264,21.119854,train,90,"{""type"":""MultiPoint"",""coordinates"":[]}"
000000000000000002bf_0,2150.5,1019.0,350.5,644.5,379.5,3709.0,0.56895095,0.81435734,MangYang,869,0,0,0,1,14.020590914711953,108.35124166937395,1,2013,855,28.878952,2686.0531681478024,2309.229083489948,0.192596733746089,19.328585,train,90,"{""type"":""MultiPoint"",""coordinates"":[]}"
000000000000000000f3_0,2660.5,1412.0,460.5,750.0,717.5,3057.5,0.36816198,0.61986756,MangYang,870,0,0,0,1,13.904168245307535,108.2970725097767,1,2012,881,14.96599,2937.2231726936798,2480.487838212103,0.45777700518214703,18.765469,train,85,"{""type"":""MultiPoint"",""coordinates"":[]}"
000000000000000001e4_0,2939.0,1932.0,633.0,882.0,907.0,2850.0,0.19196989,0.5171679,MangYang,870,0,0,0,1,14.151024079626296,108.27874560444704,1,2009,861,20.982222,3237.9550390057266,2606.218266952033,0.030232858994505007,28.846931,train,95,"{""type"":""MultiPoint"",""coordinates"":[]}"
000000000000000002e5_0,2619.0,1488.0,429.0,647.5,589.5,3122.5,0.35451686,0.68238145,MangYang,870,0,0,0,1,14.173123384447177,108.34153866548166,1,2002,870,7.6628575,3215.896593697369,2610.327498643172,0.15222545602586757,7.6628575,train,95,"{""type"":""MultiPoint"",""coordinates"":[]}"
00000000000000000029_0,1583.0,768.0,332.0,508.0,442.0,2837.0,0.5739251,0.7304056,MangYang,871,0,0,0,1,14.153182284536166,108.34099911425419,1,2008,871,16.345709,3215.896593697369,2610.327498643172,0.08799385456045328,16.345709,train,99,"{""type"":""MultiPoint"",""coordinates"":[]}"
000000000000000002fe_0,2677.0,1459.0,467.0,700.0,659.0,2908.0,0.33180672,0.6305018,MangYang,872,0,0,0,1,14.150216982335623,108.3385733632811,1,2013,872,12.902425,3215.896593697369,2610.327498643172,0.5656474871054743,12.902425,train,86,"{""type"":""MultiPoint"",""coordinates"":[]}"
000000000000000000a8_0,2936.0,1772.0,705.0,962.0,853.0,3635.0,0.34455335,0.61987525,MangYang,873,0,0,0,1,14.133776276751568,108.34746926988272,1,2005,873,20.451138,2872.7254663035274,2386.3307129473314,0.10905141078055647,20.451138,train,89,"{""type"":""MultiPoint"",""coordinates"":[]}"
00000000000000000277_0,3091.5,1849.5,881.0,1177.0,946.0,3023.0,0.24084146,0.5233056,MangYang,873,0,0,1,0,14.180940188593866,108.33076101823546,1,2022,873,10.932655,3215.896593697369,2610.327498643172,0.25759696435488366,10.932655,train,100,"{""type"":""MultiPoint"",""coordinates"":[]}"
00000000000000000257_0,1726.0,843.0,282.0,513.0,376.0,2609.0,0.5115875,0.7480737,MangYang,875,0,0,1,0,13.883148042941588,108.3005773632047,1,2020,875,22.080536,3107.853968270547,2656.1605346543565,0.2386474654310452,22.080536,train,97,"{""type"":""MultiPoint"",""coordinates"":[]}"
00000000000000000225_0,1764.0,798.0,372.0,613.0,415.0,3181.0,0.5988942,0.769188,MangYang,876,0,0,0,1,13.933005251820168,108.35663272254757,1,2016,876,7.4391246,3324.219020557932,2857.4996105179016,0.19423949175051614,7.4391246,train,74,"{""type"":""MultiPoint"",""coordinates"":[]}"
00000000000000000274_0,2360.0,1225.5,460.5,722.5,608.0,2678.5,0.37218237,0.63000154,MangYang,876,0,0,0,1,13.903361148016861,108.29383966151295,1,2009,876,10.434269,2937.2231726936798,2480.487838212103,0.7999336295322379,10.434269,train,64,"{""type"":""MultiPoint"",""coordinates"":[]}"
0000000000000000002a_0,1894.5,943.0,395.0,558.5,474.0,3145.5,0.5387061,0.7380854,MangYang,877,0,0,0,1,14.16584613152795,108.29168145660307,1,2006,877,11.938247,3237.9550390057266,2606.218266952033,0.14959332004090542,11.938247,train,97,"{""type"":""MultiPoint"",""coordinates"":[]}"
00000000000000000048_0,2318.0,1065.0,585.0,881.0,548.0,4030.0,0.5819431,0.7605941,MangYang,877,0,0,0,1,13.998763615055335,108.36444506759321,1,2017,877,22.192783,3184.0089067523368,2751.616892498231,0.08919760567652413,22.192783,train,87,"{""type"":""MultiPoint"",""coordinates"":[]}"
0000000000000000005c_0,1399.0,622.0,508.0,658.5,539.5,3333.5,0.6855012,0.7214046,MangYang,877,0,0,0,1,13.910098849708616,108.32994946184375,1,2015,877,10.268466,3249.712924260939,2780.606499409189,0.7790001443699563,10.268466,train,36,"{""type"":""MultiPoint"",""coordinates"":[]}"
000000000000000000d4_0,2619.0,1332.0,485.0,779.0,570.0,3655.0,0.4658111,0.7301775,MangYang,877,0,0,0,1,14.108176577603736,108.26716085991016,1,2016,877,6.727215,3130.2996047775086,2555.39319297567,0.6713227447720587,6.727215,train,87,"{""type"":""MultiPoint"",""coordinates"":[]}"
0000000000000000018d_0,2593.0,1382.0,438.0,711.0,574.0,3065.0,0.3784574,0.6845287,MangYang,877,0,0,0,1,13.978010958752597,108.3140527665882,1,2015,877,23.541126,3602.625690806518,3058.215705565512,0.42109755181922504,23.541126,train,63,"{""type"":""MultiPoint"",""coordinates"":[]}"
000000000000000002bb_0,2131.5,969.0,414.5,682.5,447.5,3150.0,0.52949744,0.7512161,MangYang,877,0,0,0,1,14.219747745062007,108.27874560444704,1,2003,879,3.0137637,3333.2332761362195,2645.7261269265878,0.002975002643164415,3.4135962,train,97,"{""type"":""MultiPoint"",""coordinates"":[]}"
00000000000000000157_0,2111.5,1012.0,398.5,702.5,362.0,3617.0,0.56275654,0.8180447,MangYang,880,0,0,1,0,13.987713962644897,108.40190597554322,1,2020,880,21.102745,3298.959443733096,2832.2985246057647,0.48965898987238965,21.102745,train,72,"{""type"":""MultiPoint"",""coordinates"":[]}"
000000000000000001b4_0,1827.5,841.5,497.0,670.5,560.0,3327.5,0.5963061,0.71189713,MangYang,881,0,0,0,1,13.908212649963009,108.32887481848987,0,2015,881,8.756158,3249.712924260939,2780.606499409189,0.5202118558021407,8.756158,train,17,"{""type"":""MultiPoint"",""coordinates"":[]}"
00000000000000000319_0,2451.0,1381.0,594.0,787.0,697.0,3173.0,0.3935002,0.6397933,MangYang,882,0,0,0,1,13.953485902958644,108.35905847352063,1,2018,882,11.848088,3184.0089067523368,2751.616892498231,0.4851764060146281,11.848088,train,59,"{""type"":""MultiPoint"",""coordinates"":[]}"
00000000000000000159_0,1906.0,816.0,371.0,655.0,353.0,3720.0,0.64021164,0.8266634,MangYang,883,0,0,0,1,13.89985629458885,108.32563751112505,1,2018,883,15.386567,3107.853968270547,2656.1605346543565,0.7692820080115934,15.386567,train,61,"{""type"":""MultiPoint"",""coordinates"":[]}"
0000000000000000016b_0,2515.5,1279.5,427.0,726.5,496.0,3783.0,0.49451852,0.7681701,MangYang,884,0,0,0,1,13.991486362136111,108.40244552677068,1,2014,884,26.678211,3298.959443733096,2832.2985246057647,0.47538047677471473,26.678211,train,100,"{""type"":""MultiPoint"",""coordinates"":[]}"
000000000000000001a3_0,1463.0,750.5,325.0,494.5,452.5,2531.0,0.5425872,0.696665,MangYang,885,0,0,0,1,14.148598328653224,108.3445039676822,1,2002,885,17.308002,2872.7254663035274,2386.3307129473314,0.2758775860453109,17.308002,train,75,"{""type"":""MultiPoint"",""coordinates"":[]}"
000000000000000001c0_0,3053.0,1955.5,598.5,893.0,1071.0,3076.5,0.22277424,0.4835443,MangYang,885,0,0,1,0,14.14859832865322,108.34261776793659,1,2021,885,10.538298,2872.7254663035274,2386.3307129473314,0.7478617681334527,10.538298,train,100,"{""type"":""MultiPoint"",""coordinates"":[]}"
00000000000000000085_0,1866.0,841.0,331.0,530.0,397.0,3291.0,0.5929332,0.7847071,MangYang,886,0,0,0,0,13.971005710997632,108.35824691712891,0,0,886,13.99241,3184.0089067523368,2751.616892498231,0.6522353368043409,13.99241,train,37,"{""type"":""MultiPoint"",""coordinates"":[]}"
00000000000000000087_0,2948.0,1770.5,515.0,756.0,730.0,2583.5,0.18672486,0.5593783,MangYang,887,0,0,0,1,14.169890536183425,108.27901760961129,1,2017,891,26.37485,3237.9550390057266,2606.218266952033,0.15119227426021553,23.082048,train,87,"{""type"":""MultiPoint"",""coordinates"":[]}"
0000000000000000013c_0,2432.0,1369.0,448.0,661.0,700.0,2944.0,0.36517504,0.6158068,MangYang,887,0,0,0,1,14.168271882501026,108.3428853139998,1,2012,887,2.6628911,3215.896593697369,2610.327498643172,0.6342006680235461,2.6628911,train,100,"{""type"":""MultiPoint"",""coordinates"":[]}"
00000000000000000271_0,3070.5,1960.0,633.0,933.0,1083.5,2912.0,0.1954023,0.45763984,MangYang,889,0,0,0,1,13.970466159770167,108.36363797030252,0,2016,889,6.005046,3184.0089067523368,2751.616892498231,0.6036465575409716,6.005046,train,21,"{""type"":""MultiPoint"",""coordinates"":[]}"
00000000000000000119_0,2303.0,1221.0,420.0,697.0,566.5,3166.0,0.44335538,0.6964501,MangYang,890,0,0,0,1,14.173123384447173,108.34531106497286,1,2014,890,13.717434,3215.896593697369,2610.327498643172,0.37010911047109984,13.717434,train,96,"{""type"":""MultiPoint"",""coordinates"":[]}"
0000000000000000025e_0,2062.0,976.0,374.0,635.0,334.0,3732.0,0.5853866,0.83571076,MangYang,890,0,0,0,1,13.968307954860297,108.37172232051243,1,2017,890,16.430914,3184.0089067523368,2751.616892498231,0.6945271714441461,16.430914,train,56,"{""type"":""MultiPoint"",""coordinates"":[]}"
0000000000000000005e_0,2841.0,1842.0,797.0,1136.5,1259.5,3072.0,0.25030527,0.41844627,MangYang,891,0,0,0,1,13.973966554097121,108.36552417004815,0,2017,891,12.658129,3184.0089067523368,2751.616892498231,0.4190306442611068,12.658129,train,12,"{""type"":""MultiPoint"",""coordinates"":[]}"
00000000000000000111_0,2429.0,1334.0,358.5,586.5,554.0,3206.5,0.4123995,0.7053583,MangYang,891,0,0,0,1,14.163152834491665,108.33588006624483,0,2004,891,14.635798,3215.896593697369,2610.327498643172,0.7802630109140282,14.635798,train,28,"{""type"":""MultiPoint"",""coordinates"":[]}"
0000000000000000013a_0,2441.0,1409.0,405.0,645.0,574.0,2540.0,0.28640163,0.63134235,MangYang,895,0,0,0,1,14.181747285884539,108.3364196174723,1,2017,895,12.549223,3215.896593697369,2610.327498643172,0.41679683161409753,12.549223,train,58,"{""type"":""MultiPoint"",""coordinates"":[]}"
000000000000000001f8_0,3174.0,2111.0,788.0,1089.0,1206.0,2829.0,0.14534412,0.40223047,MangYang,896,0,0,1,0,13.874524141504224,108.31162701561514,1,2020,896,6.7365494,3107.853968270547,2656.1605346543565,0.17772074997439757,6.7365494,train,98,"{""type"":""MultiPoint"",""coordinates"":[]}"
00000000000000000216_0,2727.0,1710.0,592.0,773.0,892.0,2969.0,0.2690746,0.53794354,MangYang,896,0,0,0,1,14.017086061283942,108.35043457208329,1,2001,892,15.1441145,2686.0531681478024,2309.229083489948,0.38436069096995074,11.883111,train,97,"{""type"":""MultiPoint"",""coordinates"":[]}"
00000000000000000217_0,2554.0,1449.0,585.0,778.0,732.5,2804.5,0.31867874,0.5858072,MangYang,897,0,0,0,1,14.084998170327923,108.26634930351844,1,2017,897,15.867823,3102.85249320889,2567.120439326819,0.2768555646165488,15.867823,train,76,"{""type"":""MultiPoint"",""coordinates"":[]}"
0000000000000000028f_0,1994.5,944.5,421.0,585.5,441.0,3477.5,0.57281774,0.77491385,MangYang,897,0,0,0,1,13.945401552748747,108.3051568599866,1,2015,897,23.080057,3249.712924260939,2780.606499409189,0.521367493951138,23.080057,train,98,"{""type"":""MultiPoint"",""coordinates"":[]}"
000000000000000001d3_0,3290.0,2245.0,660.0,916.0,1174.0,2800.0,0.11000991,0.40915954,MangYang,898,0,0,0,1,13.899588748525643,108.29923071468657,1,2013,888,21.113544,2857.340894066554,2383.316735011041,0.15456003238696048,19.306677,train,90,"{""type"":""MultiPoint"",""coordinates"":[]}"
000000000000000001a6_0,2194.0,1142.0,329.0,625.0,435.0,3224.0,0.4768667,0.7622301,MangYang,899,0,0,0,1,13.899588748525643,108.29626541248601,1,2013,893,17.448498,2857.340894066554,2383.316735011041,0.6539577432538427,18.264912,train,97,"{""type"":""MultiPoint"",""coordinates"":[]}"
000000000000000001ec_0,2763.0,1768.5,662.0,999.5,924.0,2764.0,0.21963596,0.4989154,MangYang,899,0,0,1,0,14.181747285884539,108.32402331654373,0,2020,900,9.243088,3215.896593697369,2610.327498643172,0.30528014315859053,16.2703,train,11,"{""type"":""MultiPoint"",""coordinates"":[]}"
00000000000000000292_0,2562.0,1655.0,521.0,757.0,886.0,2165.0,0.13350785,0.41920683,MangYang,900,0,0,0,1,13.875063692731691,108.31108746438767,1,2018,900,0.9552789,3107.853968270547,2656.1605346543565,0.613779570955552,0.9552789,train,98,"{""type"":""MultiPoint"",""coordinates"":[]}"
000000000000000002f3_0,2566.0,1346.0,490.0,722.0,645.0,2754.0,0.34341463,0.6204766,MangYang,901,0,0,0,1,13.978278504815803,108.367682374958,1,2012,901,17.607702,3184.0089067523368,2751.616892498231,0.05193961248793577,17.607702,train,78,"{""type"":""MultiPoint"",""coordinates"":[]}"
0000000000000000004c_0,2030.5,1001.5,461.0,671.0,496.0,2995.0,0.49881145,0.71584076,MangYang,902,0,0,1,0,13.891771944378952,108.32725616480747,1,2019,902,0.92740995,3107.853968270547,2656.1605346543565,0.686240539393713,0.92740995,train,98,"{""type"":""MultiPoint"",""coordinates"":[]}"
0000000000000000007a_0,2760.0,1522.0,457.0,750.0,736.0,3099.0,0.34126812,0.6161669,MangYang,902,0,0,0,1,13.940550050802598,108.30192401172285,1,2011,902,16.168224,3249.712924260939,2780.606499409189,0.031148185931689665,16.168224,train,99,"{""type"":""MultiPoint"",""coordinates"":[]}"
0000000000000000013e_0,2400.0,1412.5,495.0,663.0,660.0,2418.5,0.2625946,0.57121974,MangYang,902,0,0,0,1,14.149137879880689,108.28494375491132,1,2006,902,15.36794,3130.2996047775086,2555.39319297567,0.6697842122312825,15.36794,train,95,"{""type"":""MultiPoint"",""coordinates"":[]}"
0000000000000000024a_0,1312.0,673.0,291.5,435.0,354.0,2317.5,0.54990804,0.73498034,MangYang,902,0,0,0,1,14.081765322064175,108.39004922584209,0,2017,902,8.542172,2899.866533741355,2435.8231804678194,0.7880059784248092,8.542172,train,22,"{""type"":""MultiPoint"",""coordinates"":[]}"
000000000000000001d7_0,2643.0,1521.0,604.0,841.0,819.0,2631.0,0.26734105,0.5252174,MangYang,903,0,0,0,1,14.151024079626296,108.27739895592889,1,2017,903,4.166789,3237.9550390057266,2606.218266952033,0.22476031942176788,4.166789,train,94,"{""type"":""MultiPoint"",""coordinates"":[]}"
000000000000000001e6_0,2961.0,1812.0,534.0,771.0,887.0,2956.0,0.23993288,0.53838146,MangYang,903,0,0,0,1,13.97747140752513,108.37334097419483,1,2008,903,12.488288,3184.0089067523368,2751.616892498231,0.20629428013226359,12.488288,train,90,"{""type"":""MultiPoint"",""coordinates"":[]}"
00000000000000000006_0,2489.0,1276.0,424.0,670.0,541.0,3496.0,0.46521375,0.7319792,MangYang,904,0,0,0,1,13.975585207779522,108.36956857470362,1,2010,904,16.81386,3184.0089067523368,2751.616892498231,0.06449237327468227,16.81386,train,97,"{""type"":""MultiPoint"",""coordinates"":[]}"
000000000000000000bd_0,2490.0,1300.0,471.0,747.0,563.0,3489.0,0.45708916,0.72211254,MangYang,904,0,0,0,1,13.937317202538852,108.30003781197723,1,2011,904,28.215101,3249.712924260939,2780.606499409189,0.7930423424740303,28.215101,train,85,"{""type"":""MultiPoint"",""coordinates"":[]}"
0000000000000000014d_0,2298.0,1125.0,560.0,881.0,698.0,3500.0,0.5135135,0.6674607,MangYang,904,0,0,1,0,13.953218356895437,108.36201931662012,0,2019,904,14.94279,3184.0089067523368,2751.616892498231,0.7862791896879234,14.94279,train,11,"{""type"":""MultiPoint"",""coordinates"":[]}"
00000000000000000009_0,2933.0,1757.0,559.0,816.0,815.0,3526.0,0.33484763,0.62451047,MangYang,905,0,0,0,1,14.16611813669221,108.34504351890965,1,2018,905,30.873926,3215.896593697369,2610.327498643172,0.6927435165698632,30.873926,train,95,"{""type"":""MultiPoint"",""coordinates"":[]}"
000000000000000000d0_0,3094.0,2032.0,553.0,911.0,1003.0,3080.0,0.20500782,0.5086946,MangYang,905,0,0,0,1,14.180940188593866,108.31997891188824,1,2012,905,14.503534,3215.896593697369,2610.327498643172,0.7141435760354874,14.503534,train,85,"{""type"":""MultiPoint"",""coordinates"":[]}"
000000000000000001a1_0,2319.0,1189.0,384.0,600.0,529.0,2805.0,0.4046069,0.68266344,MangYang,905,0,0,0,1,13.939470948347662,108.30246356295031,1,2011,905,10.435851,3249.712924260939,2780.606499409189,0.2794693663747777,10.435851,train,95,"{""type"":""MultiPoint"",""coordinates"":[]}"
00000000000000000193_0,2952.0,1895.0,733.0,1013.0,1106.0,2818.0,0.19584128,0.4362895,MangYang,907,0,0,0,1,14.180940188593866,108.32698861874425,1,2001,907,7.4931893,3215.896593697369,2610.327498643172,0.19614894845705189,7.4931893,train,85,"{""type"":""MultiPoint"",""coordinates"":[]}"
00000000000000000066_0,2425.0,1318.0,480.0,722.0,640.0,3053.0,0.39693433,0.65339833,MangYang,908,0,0,0,1,14.067482821389985,108.25125970555358,1,2004,908,17.932655,3102.85249320889,2567.120439326819,0.635837170807034,17.932655,train,70,"{""type"":""MultiPoint"",""coordinates"":[]}"
000000000000000000e5_0,2542.0,1745.0,612.5,807.0,959.0,2670.5,0.20960253,0.47155255,MangYang,910,0,0,0,1,14.17689578393839,108.3498950208558,1,2003,910,4.7720647,3215.896593697369,2610.327498643172,0.2544961490103729,4.7720647,train,90,"{""type"":""MultiPoint"",""coordinates"":[]}"
000000000000000001b7_0,2973.0,1747.5,596.5,779.5,957.5,2959.0,0.25740996,0.511043,MangYang,910,0,0,0,1,13.979897158498206,108.36741036979375,1,2009,910,20.777077,3184.0089067523368,2751.616892498231,0.3842685485920152,20.777077,train,97,"{""type"":""MultiPoint"",""coordinates"":[]}"
000000000000000002f0_0,2168.0,1057.0,401.0,706.5,434.0,3790.5,0.5638989,0.7945319,MangYang,910,0,0,0,1,14.002536014546546,108.41807467596301,1,2016,910,20.348019,3184.1661372574745,2716.7781021236324,0.3892340500530713,20.348019,train,95,"{""type"":""MultiPoint"",""coordinates"":[]}"
000000000000000000d6_0,2967.5,2070.5,763.5,897.0,961.5,2282.5,0.048702046,0.40721333,MangYang,911,0,0,0,1,13.927074647419085,108.34153866548166,1,2011,911,13.746841,3249.712924260939,2780.606499409189,0.05509004933739703,13.746841,train,99,"{""type"":""MultiPoint"",""coordinates"":[]}"
000000000000000001f4_0,2726.0,1567.0,640.0,909.0,960.0,3334.0,0.36053866,0.55286443,MangYang,911,0,0,0,1,14.110869874640017,108.36201931662013,1,2016,911,26.025717,3299.2716793864965,2719.702097876045,0.49271148914338603,26.025717,train,89,"{""type"":""MultiPoint"",""coordinates"":[]}"
000000000000000002db_0,1972.0,923.0,397.0,579.0,396.0,3036.0,0.5337206,0.7692308,MangYang,911,0,0,1,0,14.004961765519623,108.41700003260911,1,2020,911,17.676004,3184.1661372574745,2716.7781021236324,0.3518275171091233,17.676004,train,87,"{""type"":""MultiPoint"",""coordinates"":[]}"
00000000000000000283_0,2777.0,1677.5,546.5,825.0,942.0,2824.0,0.25469288,0.49973446,MangYang,912,0,0,1,0,13.978278504815803,108.37280142296736,0,2021,912,8.636419,3184.0089067523368,2751.616892498231,0.5200838372981278,8.636419,train,13,"{""type"":""MultiPoint"",""coordinates"":[]}"
000000000000000000d8_0,1698.0,828.0,436.0,652.0,481.0,3047.0,0.5726452,0.72732425,MangYang,913,0,0,0,1,13.933005251820166,108.35878646835637,0,2016,913,18.600227,3324.219020557932,2857.4996105179016,0.7448657936956921,18.600227,train,25,"{""type"":""MultiPoint"",""coordinates"":[]}"
00000000000000000176_0,1765.0,804.0,364.0,557.0,360.0,3230.0,0.6013882,0.7994429,MangYang,913,0,0,1,0,14.033526766867995,108.43262918180145,1,2020,914,7.0617404,3184.1661372574745,2716.7781021236324,0.14740473441452884,7.617132,train,48,"{""type"":""MultiPoint"",""coordinates"":[]}"
000000000000000002c1_0,2266.0,1137.0,455.0,698.0,512.0,3365.0,0.49489117,0.7358782,MangYang,916,0,0,0,1,14.095508271510894,108.26580975229099,1,2014,916,21.636217,3102.85249320889,2567.120439326819,0.7549816226201611,21.636217,train,82,"{""type"":""MultiPoint"",""coordinates"":[]}"
00000000000000000016_0,2830.0,1559.0,514.0,772.0,743.0,3112.0,0.33247697,0.61452657,MangYang,917,0,0,0,1,13.986634860189962,108.36309841907507,1,2014,917,6.464861,3184.0089067523368,2751.616892498231,0.06209857413999553,6.464861,train,43,"{""type"":""MultiPoint"",""coordinates"":[]}"
00000000000000000210_0,1830.0,947.0,325.0,511.0,451.0,2317.0,0.4197304,0.67413294,MangYang,917,0,0,1,0,14.100359773457045,108.26580975229098,1,2019,917,18.028606,3130.2996047775086,2555.39319297567,0.5245647464597921,18.028606,train,62,"{""type"":""MultiPoint"",""coordinates"":[]}"
0000000000000000017a_0,2053.0,1007.0,368.0,655.5,357.0,3201.5,0.5214447,0.79935366,MangYang,918,0,0,1,0,14.160459537455388,108.27551275618328,1,2021,918,18.139137,3237.9550390057266,2606.218266952033,0.47225586724284296,18.139137,train,90,"{""type"":""MultiPoint"",""coordinates"":[]}"
00000000000000000196_0,2900.0,1715.5,541.5,851.5,732.0,2977.5,0.26891115,0.6053376,MangYang,918,0,0,0,0,14.0793395710911,108.27174035669206,0,0,918,16.529419,3102.85249320889,2567.120439326819,0.21849302750344235,16.529419,train,96,"{""type"":""MultiPoint"",""coordinates"":[]}"
000000000000000000c8_0,2082.0,990.0,394.0,629.0,387.0,3455.0,0.55455565,0.79854244,MangYang,919,0,0,1,0,13.88126184319598,108.3560931713201,1,2020,919,26.014105,3249.1450763195753,2828.9896710276835,0.7609217836630638,26.014105,train,96,"{""type"":""MultiPoint"",""coordinates"":[]}"
00000000000000000311_0,1439.0,577.0,316.0,468.0,275.0,3327.0,0.7044057,0.847307,MangYang,920,0,0,0,1,13.924381350382802,108.32321176015198,1,2018,920,5.547545,3249.712924260939,2780.606499409189,0.6038233281034613,5.547545,train,39,"{""type"":""MultiPoint"",""coordinates"":[]}"
0000000000000000009a_0,2809.5,1568.5,727.0,1090.5,1128.0,3066.5,0.3231931,0.4621528,MangYang,921,0,0,0,1,14.069101475072387,108.25772540208108,1,2009,921,10.76718,3102.85249320889,2567.120439326819,0.7310640901956247,10.76718,train,99,"{""type"":""MultiPoint"",""coordinates"":[]}"
000000000000000001fb_0,2579.0,1327.0,477.0,819.0,606.0,3656.0,0.46738914,0.7156265,MangYang,922,0,0,0,1,14.083383975746576,108.36444506759321,1,2009,922,30.167704,2899.866533741355,2435.8231804678194,0.7150659479760106,30.167704,train,86,"{""type"":""MultiPoint"",""coordinates"":[]}"
00000000000000000064_0,2825.0,1685.0,569.0,899.0,824.0,2846.0,0.25623482,0.5509537,MangYang,923,0,0,0,1,14.005496857646037,108.41564892498994,1,2014,923,14.735696,3184.1661372574745,2716.7781021236324,0.4971118437042852,14.735696,train,66,"{""type"":""MultiPoint"",""coordinates"":[]}"
00000000000000000071_0,2602.0,1377.0,642.0,897.0,808.0,3492.0,0.43438077,0.62418604,MangYang,924,0,0,0,1,13.994451664336653,108.36525662398492,1,2015,924,24.706186,3184.0089067523368,2751.616892498231,0.5840007036328826,24.706186,train,78,"{""type"":""MultiPoint"",""coordinates"":[]}"
00000000000000000186_0,2774.0,1496.0,537.0,839.0,786.0,2946.0,0.32642955,0.57877815,MangYang,924,0,0,0,1,14.075027620372422,108.27685940470141,1,2012,924,3.01203,3102.85249320889,2567.120439326819,0.322366780859599,3.01203,train,36,"{""type"":""MultiPoint"",""coordinates"":[]}"
000000000000000001cc_0,2153.0,1115.0,453.0,654.0,578.0,3133.5,0.47510886,0.68853563,MangYang,924,0,0,0,1,13.984748660444353,108.36175177055692,1,2015,924,8.086641,3184.0089067523368,2751.616892498231,0.14788593443907527,8.086641,train,68,"{""type"":""MultiPoint"",""coordinates"":[]}"
00000000000000000245_0,2774.0,1662.0,520.0,778.0,759.0,2809.0,0.25654215,0.5745516,MangYang,924,0,0,1,0,14.175009584192784,108.34261776793659,1,2019,924,22.418653,3215.896593697369,2610.327498643172,0.036087000631216726,22.418653,train,96,"{""type"":""MultiPoint"",""coordinates"":[]}"
0000000000000000001c_0,2470.0,1234.0,427.0,737.0,587.0,3455.0,0.47366175,0.7095497,MangYang,925,0,0,0,1,13.9896001623905,108.3660637212756,1,2004,925,11.214986,3184.0089067523368,2751.616892498231,0.48494001857073354,11.214986,train,97,"{""type"":""MultiPoint"",""coordinates"":[]}"
0000000000000000014e_0,2457.0,1504.0,542.0,812.0,683.0,3351.0,0.38043255,0.66137826,MangYang,925,0,0,0,1,14.097934022483969,108.26338400131792,1,2014,925,11.645008,3102.85249320889,2567.120439326819,0.6949889615167293,11.645008,train,90,"{""type"":""MultiPoint"",""coordinates"":[]}"
00000000000000000254_0,2353.0,1277.0,440.0,684.0,640.0,2824.0,0.37722507,0.630485,MangYang,926,0,0,0,1,13.99013971361797,108.36552417004815,1,2004,926,6.027847,3184.0089067523368,2751.616892498231,0.7773731046658339,6.027847,train,90,"{""type"":""MultiPoint"",""coordinates"":[]}"
000000000000000002cb_0,2644.0,1358.0,462.0,704.5,544.0,3175.5,0.4009044,0.7074876,MangYang,929,0,0,0,1,14.176088686647718,108.28467620884813,1,2017,929,16.270298,3237.9550390057266,2606.218266952033,0.34200005412738343,16.270298,train,90,"{""type"":""MultiPoint"",""coordinates"":[]}"
00000000000000000052_0,2354.5,1265.5,406.5,646.5,540.0,3269.0,0.4418348,0.716461,MangYang,934,0,0,0,1,14.101706421975186,108.26580975229098,1,2004,934,22.64925,3130.2996047775086,2555.39319297567,0.4500357051040116,22.64925,train,90,"{""type"":""MultiPoint"",""coordinates"":[]}"
0000000000000000022b_0,2664.0,1559.0,730.0,1043.0,1154.0,2965.0,0.3107869,0.43966982,MangYang,934,0,0,1,0,13.968579960024558,108.36417752153,1,2019,934,20.212378,3184.0089067523368,2751.616892498231,0.24181366707865104,20.212378,train,63,"{""type"":""MultiPoint"",""coordinates"":[]}"
00000000000000000204_0,2504.5,1387.0,491.5,661.5,625.0,3272.0,0.40459326,0.67924047,MangYang,935,0,0,0,1,14.158840883772987,108.27631985347395,1,2018,935,21.125349,3237.9550390057266,2606.218266952033,0.6360819391723013,21.125349,train,91,"{""type"":""MultiPoint"",""coordinates"":[]}"
00000000000000000293_0,2939.0,1794.0,540.0,827.0,886.0,2981.0,0.24858639,0.54176366,MangYang,935,0,0,0,1,14.071527226045461,108.27200790275526,0,2008,935,5.51457,3102.85249320889,2567.120439326819,0.7410115443218066,5.51457,train,12,"{""type"":""MultiPoint"",""coordinates"":[]}"
00000000000000000249_0,3082.0,2025.0,768.0,1013.0,1098.0,2817.0,0.16356878,0.43908045,MangYang,938,0,0,0,1,13.938663851056992,108.30407775753164,1,2017,938,11.009855,3249.712924260939,2780.606499409189,0.4765673974631953,11.009855,train,89,"{""type"":""MultiPoint"",""coordinates"":[]}"
000000000000000002ae_0,2641.0,1514.0,474.0,804.0,593.0,3148.0,0.35049334,0.6829725,MangYang,942,0,0,1,0,13.937317202538852,108.30327066024098,1,2019,942,10.435754,3249.712924260939,2780.606499409189,0.4073980196469671,10.435754,train,76,"{""type"":""MultiPoint"",""coordinates"":[]}"
00000000000000000175_0,1464.0,613.0,554.0,671.0,468.0,3189.0,0.67753816,0.7440525,MangYang,944,0,0,0,1,13.904168245307535,108.31809271214263,0,2015,944,7.3788605,3249.712924260939,2780.606499409189,0.7233600892021874,7.3788605,train,15,"{""type"":""MultiPoint"",""coordinates"":[]}"
00000000000000000265_0,2255.0,1119.5,410.0,660.5,465.0,3488.5,0.5141059,0.7647654,MangYang,945,0,0,0,1,14.090928774729004,108.26392355254536,1,2009,945,9.24305,3102.85249320889,2567.120439326819,0.17145168722370663,9.24305,train,97,"{""type"":""MultiPoint"",""coordinates"":[]}"
00000000000000000303_0,3377.5,2215.0,849.0,1187.5,1394.5,2936.5,0.1400563,0.35603786,MangYang,945,0,0,0,1,13.979357607270737,108.36902902347614,1,2009,945,6.629445,3184.0089067523368,2751.616892498231,0.600964074178487,6.629445,train,95,"{""type"":""MultiPoint"",""coordinates"":[]}"
000000000000000000da_0,2725.0,1805.0,674.0,798.0,803.0,2814.0,0.21844555,0.5559856,MangYang,948,0,0,0,1,14.09119632079221,108.25988360699095,1,2016,948,17.322004,3102.85249320889,2567.120439326819,0.16704273787892332,17.322004,train,95,"{""type"":""MultiPoint"",""coordinates"":[]}"
000000000000000000e8_0,2042.0,1208.0,466.5,660.5,608.5,2711.5,0.38359484,0.63343376,MangYang,948,0,0,0,1,14.101438875911978,108.26473510893709,1,2001,948,13.67922,3130.2996047775086,2555.39319297567,0.06694765093963284,13.67922,train,97,"{""type"":""MultiPoint"",""coordinates"":[]}"
00000000000000000077_0,2592.5,1283.5,545.5,882.0,705.5,4092.0,0.522463,0.7058885,MangYang,949,0,0,0,0,13.959416507359728,108.36498461882069,0,0,949,22.548775,3184.0089067523368,2751.616892498231,0.44337657337827063,22.548775,train,12,"{""type"":""MultiPoint"",""coordinates"":[]}"
00000000000000000180_0,2402.0,1179.0,481.0,764.0,607.0,3621.0,0.50875,0.7128666,MangYang,949,0,0,0,1,14.11248852832242,108.36067266810198,1,2016,949,35.791775,3299.2716793864965,2719.702097876045,0.6613456801993619,35.791775,train,89,"{""type"":""MultiPoint"",""coordinates"":[]}"
00000000000000000287_0,2221.5,1155.5,378.5,609.0,463.5,2895.0,0.42945316,0.72398394,MangYang,949,0,0,0,1,14.168811433728491,108.346657713491,1,2013,949,18.039429,3215.896593697369,2610.327498643172,0.06756089309531943,18.039429,train,100,"{""type"":""MultiPoint"",""coordinates"":[]}"
00000000000000000068_0,2153.0,1094.0,391.0,642.0,516.0,3049.0,0.4718803,0.71051896,MangYang,950,0,0,0,1,14.175821140584508,108.34261776793659,1,2017,950,16.419178,3215.896593697369,2610.327498643172,0.46689344826033263,16.419178,train,97,"{""type"":""MultiPoint"",""coordinates"":[]}"
000000000000000002eb_0,1665.5,804.5,338.5,530.0,336.0,3077.5,0.58552295,0.8031346,MangYang,950,0,0,1,0,14.160999088682855,108.27767096109314,1,2021,950,24.079811,3237.9550390057266,2606.218266952033,0.0733700759427004,24.079811,train,91,"{""type"":""MultiPoint"",""coordinates"":[]}"
00000000000000000286_0,2705.0,1529.0,575.0,776.0,852.0,2798.0,0.2932748,0.5331507,MangYang,952,0,0,0,1,14.17662823787518,108.34127111941844,1,2017,952,11.938333,3215.896593697369,2610.327498643172,0.38768857067067,11.938333,train,76,"{""type"":""MultiPoint"",""coordinates"":[]}"
0000000000000000008b_0,2665.5,1528.5,611.5,793.0,869.5,3217.5,0.35587862,0.57450455,MangYang,954,0,0,0,1,13.98717441141743,108.36821746708442,1,2010,954,25.842995,3184.0089067523368,2751.616892498231,0.43750053913313813,25.842995,train,85,"{""type"":""MultiPoint"",""coordinates"":[]}"
0000000000000000012e_0,1923.0,836.0,405.0,645.0,351.0,4146.0,0.6643918,0.8438959,MangYang,954,0,0,1,0,14.149949436272419,108.41564892498994,1,2021,954,16.930044,3035.7949046194553,2557.413072316728,0.11224811544270696,16.930044,train,44,"{""type"":""MultiPoint"",""coordinates"":[]}"
00000000000000000146_0,1589.0,783.0,309.0,426.0,355.0,2819.0,0.5652415,0.7763075,MangYang,954,0,0,1,0,14.155068484281772,108.3428853139998,1,2019,954,32.95821,3215.896593697369,2610.327498643172,0.7555750137631106,32.95821,train,82,"{""type"":""MultiPoint"",""coordinates"":[]}"
00000000000000000163_0,2344.0,1153.0,468.0,771.0,578.0,3188.0,0.468786,0.693043,MangYang,956,0,0,0,1,14.072601869399346,108.25934405576349,1,2012,956,7.617212,3102.85249320889,2567.120439326819,0.23114834720305621,7.617212,train,87,"{""type"":""MultiPoint"",""coordinates"":[]}"
0000000000000000018b_0,1407.0,631.0,307.0,462.0,298.0,3427.5,0.6890477,0.8400215,MangYang,957,0,0,0,1,13.918990297209188,108.31620651239702,1,2018,957,9.930945,3249.712924260939,2780.606499409189,0.6324766870786579,9.930945,train,58,"{""type"":""MultiPoint"",""coordinates"":[]}"
000000000000000001b8_0,1575.0,878.0,332.0,485.0,408.0,2356.0,0.45701918,0.7047757,MangYang,957,0,0,0,1,14.183365939566938,108.33264721798109,0,2012,957,25.869581,3215.896593697369,2610.327498643172,0.39372537908304417,25.869581,train,20,"{""type"":""MultiPoint"",""coordinates"":[]}"
00000000000000000222_0,1270.0,484.0,434.0,562.0,270.0,3974.0,0.78286225,0.87276155,MangYang,958,0,0,0,1,13.969654603378439,108.38654437241408,0,2018,958,15.024458,3184.0089067523368,2751.616892498231,0.6982922565143493,15.024458,train,22,"{""type"":""MultiPoint"",""coordinates"":[]}"
000000000000000000ab_0,1948.0,951.5,345.0,545.0,368.5,3049.0,0.52430946,0.78434527,MangYang,960,0,0,1,0,14.174202486902105,108.27281945914699,1,2021,960,10.026696,3237.9550390057266,2606.218266952033,0.7156239138161729,10.026696,train,94,"{""type"":""MultiPoint"",""coordinates"":[]}"
000000000000000000c2_0,2440.5,1513.0,607.5,934.0,725.5,2857.0,0.30755147,0.5949756,MangYang,960,0,0,0,1,13.921148502119054,108.33561252018163,1,2012,960,17.603615,3249.712924260939,2780.606499409189,0.4912506575107197,17.603615,train,97,"{""type"":""MultiPoint"",""coordinates"":[]}"
000000000000000002d9_0,2586.5,1402.5,493.0,693.0,613.0,2420.5,0.26628304,0.59584635,MangYang,960,0,0,0,1,14.146177036781198,108.28198291181184,1,2014,960,21.024336,3130.2996047775086,2555.39319297567,0.5116151405894326,21.024336,train,90,"{""type"":""MultiPoint"",""coordinates"":[]}"
000000000000000000cf_0,1690.5,781.5,394.5,512.5,441.0,3046.5,0.5916928,0.7470968,MangYang,961,0,0,0,1,14.157494235254848,108.34045956302673,1,2016,961,14.955529,3215.896593697369,2610.327498643172,0.13928516091707466,14.955529,train,96,"{""type"":""MultiPoint"",""coordinates"":[]}"
000000000000000001e9_0,2238.5,1130.0,370.0,501.0,411.0,2778.0,0.42169908,0.74223894,MangYang,961,0,0,1,0,14.16153418080927,108.27308700521021,1,2020,961,26.604204,3237.9550390057266,2606.218266952033,0.7733937765856911,26.604204,train,89,"{""type"":""MultiPoint"",""coordinates"":[]}"
000000000000000002cc_0,2578.0,1504.0,441.0,708.0,544.0,2919.0,0.3199186,0.68582153,MangYang,961,0,0,1,0,14.184173036857613,108.34935546962835,1,2019,961,11.220326,3215.896593697369,2610.327498643172,0.5009079808408747,11.220326,train,91,"{""type"":""MultiPoint"",""coordinates"":[]}"
000000000000000002cf_0,2770.0,1868.0,539.0,741.0,827.5,2696.0,0.1814198,0.53029656,MangYang,962,0,0,1,0,14.161806185973528,108.27281945914699,1,2019,975,21.63949,3237.9550390057266,2606.218266952033,0.423253931170373,20.982664,train,89,"{""type"":""MultiPoint"",""coordinates"":[]}"
000000000000000000f6_0,2450.0,1626.0,602.5,784.0,944.5,2238.5,0.15849398,0.4065347,MangYang,963,0,0,1,0,14.090928774729004,108.25934405576349,1,2019,963,18.122007,3102.85249320889,2567.120439326819,0.007748517117460385,18.122007,train,94,"{""type"":""MultiPoint"",""coordinates"":[]}"
000000000000000001bf_0,2741.0,1428.0,504.0,827.0,550.0,4475.0,0.5161782,0.78109455,MangYang,964,0,0,0,0,14.067750367453197,108.25880450453602,0,0,964,10.928699,3102.85249320889,2567.120439326819,0.45386996935068846,10.928699,train,72,"{""type"":""MultiPoint"",""coordinates"":[]}"
0000000000000000010f_0,2834.0,1864.0,700.0,1002.0,1119.0,2636.0,0.17155555,0.40399468,MangYang,965,0,0,1,0,13.965075106596549,108.35474652280195,1,2019,965,19.221775,3184.0089067523368,2751.616892498231,0.6540642132143833,19.221775,train,54,"{""type"":""MultiPoint"",""coordinates"":[]}"
00000000000000000212_0,2062.5,966.5,429.5,626.5,399.5,3770.0,0.5918927,0.8083703,MangYang,967,0,0,0,1,13.920336945727326,108.31674606362449,1,2015,967,21.007084,3249.712924260939,2780.606499409189,0.05280721788353315,21.007084,train,96,"{""type"":""MultiPoint"",""coordinates"":[]}"
000000000000000001db_0,2196.0,1110.0,471.0,712.0,572.0,3492.0,0.5176011,0.71850395,MangYang,968,0,0,0,1,14.167197239147143,108.34773681594595,1,2017,968,26.699223,3215.896593697369,2610.327498643172,0.6408784458457331,26.699223,train,98,"{""type"":""MultiPoint"",""coordinates"":[]}"
000000000000000002df_0,2360.0,1283.0,500.0,702.0,615.0,3107.0,0.41548976,0.66953254,MangYang,968,0,0,0,0,13.974778110488849,108.35824691712891,0,0,968,23.985859,3184.0089067523368,2751.616892498231,0.4833796740328583,23.985859,train,100,"{""type"":""MultiPoint"",""coordinates"":[]}"
000000000000000002e8_0,1878.5,958.0,331.5,542.5,413.5,3311.0,0.5511829,0.7779568,MangYang,968,0,0,0,1,14.171776735929033,108.34746926988272,1,2003,968,18.847368,3215.896593697369,2610.327498643172,0.15005354075593458,18.847368,train,97,"{""type"":""MultiPoint"",""coordinates"":[]}"
0000000000000000026f_0,2213.5,1318.5,637.5,819.0,741.5,3037.0,0.3945586,0.6075162,MangYang,970,0,0,1,0,13.922223145472934,108.31378076142394,1,2019,970,8.869622,3249.712924260939,2780.606499409189,0.44885779222725886,8.869622,train,89,"{""type"":""MultiPoint"",""coordinates"":[]}"
000000000000000001c6_0,2146.0,1177.0,388.0,567.0,477.0,2995.0,0.43576223,0.7252304,MangYang,972,0,0,0,1,14.154528933054307,108.27793850715636,1,2006,972,9.685087,3237.9550390057266,2606.218266952033,0.6681248677774945,9.685087,train,90,"{""type"":""MultiPoint"",""coordinates"":[]}"
00000000000000000020_0,1964.5,1021.5,390.0,575.0,459.0,2863.0,0.47406358,0.72366047,MangYang,973,0,0,0,1,13.98717441141743,108.35959356564706,1,2015,973,6.7982855,3184.0089067523368,2751.616892498231,0.41655196339520184,6.7982855,train,47,"{""type"":""MultiPoint"",""coordinates"":[]}"
0000000000000000005f_0,2722.0,1690.0,565.0,763.0,785.0,2900.0,0.26361656,0.57394844,MangYang,975,0,0,1,0,14.076646274054818,108.27443365372835,1,2022,975,16.529264,3102.85249320889,2567.120439326819,0.15063296789727887,16.529264,train,51,"{""type"":""MultiPoint"",""coordinates"":[]}"
000000000000000002c2_0,2114.0,1250.0,435.0,614.0,623.0,2908.0,0.3987494,0.6471255,MangYang,975,0,0,0,1,14.154800938218568,108.27793850715636,1,2006,975,16.992832,3237.9550390057266,2606.218266952033,0.26376914184714284,16.992832,train,89,"{""type"":""MultiPoint"",""coordinates"":[]}"
00000000000000000103_0,2435.5,1246.5,437.0,713.0,577.5,3435.0,0.46747836,0.71214956,MangYang,976,0,0,0,1,14.068022372617454,108.26850750842833,1,2006,976,17.678438,3102.85249320889,2567.120439326819,0.1504204367676606,17.678438,train,90,"{""type"":""MultiPoint"",""coordinates"":[]}"
00000000000000000154_0,1928.0,947.0,337.0,572.0,370.0,3275.0,0.55139744,0.79698217,MangYang,981,0,0,0,1,14.155875581572444,108.34261776793659,1,2017,981,15.868941,3215.896593697369,2610.327498643172,3.0329477431068064E-4,15.868941,train,97,"{""type"":""MultiPoint"",""coordinates"":[]}"
0000000000000000016a_0,2898.5,2015.5,528.0,712.5,912.5,2195.0,0.042631518,0.41271117,MangYang,981,0,0,1,0,14.155608035509239,108.34908346446409,1,2022,981,33.53589,3215.896593697369,2610.327498643172,0.5600988942761387,33.53589,train,89,"{""type"":""MultiPoint"",""coordinates"":[]}"
00000000000000000197_0,2248.5,980.5,404.0,677.5,459.0,3899.5,0.59815574,0.7893771,MangYang,982,0,0,0,1,14.093082520537822,108.26069070428161,1,2016,993,18.779295,3102.85249320889,2567.120439326819,0.05506347235685827,13.754359,train,94,"{""type"":""MultiPoint"",""coordinates"":[]}"
000000000000000002c8_0,2701.5,1894.0,680.0,912.5,960.0,3233.5,0.26123843,0.5421486,MangYang,984,0,0,0,1,14.096587373965829,108.26284890919149,1,2014,984,20.74198,3102.85249320889,2567.120439326819,0.20812070272515337,20.74198,train,89,"{""type"":""MultiPoint"",""coordinates"":[]}"
0000000000000000025b_0,1537.0,754.5,342.0,541.5,473.0,2795.0,0.5748697,0.7105263,MangYang,987,0,0,0,1,14.155068484281774,108.27713140986567,1,2006,987,11.647684,3237.9550390057266,2606.218266952033,0.48550977108735716,11.647684,train,80,"{""type"":""MultiPoint"",""coordinates"":[]}"
0000000000000000008f_0,2428.5,1317.0,439.5,654.5,537.5,2861.0,0.36955482,0.683684,MangYang,988,0,0,1,0,14.178781983684,108.35204876666464,1,2022,988,23.961294,3400.7785373441875,2807.31930743629,0.5692727745287135,23.961294,train,97,"{""type"":""MultiPoint"",""coordinates"":[]}"
000000000000000000a2_0,2906.5,1722.5,584.0,786.0,866.5,2609.5,0.2047553,0.50143844,MangYang,989,0,0,0,1,13.981783358243812,108.36337042423932,1,2011,989,11.544914,3184.0089067523368,2751.616892498231,0.06223962412379602,11.544914,train,97,"{""type"":""MultiPoint"",""coordinates"":[]}"
00000000000000000102_0,2205.0,1511.0,522.0,732.0,928.0,2586.0,0.26238713,0.47182697,MangYang,989,0,0,0,1,13.906326450217401,108.36094467326626,1,2012,989,17.581053,3324.219020557932,2857.4996105179016,0.322092671562874,17.581053,train,98,"{""type"":""MultiPoint"",""coordinates"":[]}"
0000000000000000021e_0,2273.0,1475.0,497.0,760.0,909.0,2955.0,0.3340858,0.5295031,MangYang,989,0,0,0,1,13.906593996280607,108.36094467326626,1,2005,989,15.04453,3324.219020557932,2857.4996105179016,0.7357312377128687,15.04453,train,97,"{""type"":""MultiPoint"",""coordinates"":[]}"
00000000000000000113_0,2598.5,1493.0,559.5,823.0,725.0,3302.5,0.37733293,0.6399752,MangYang,991,0,0,0,1,14.152375187245493,108.3480088211102,1,2016,991,22.889683,3215.896593697369,2610.327498643172,0.44818566676111826,22.889683,train,90,"{""type"":""MultiPoint"",""coordinates"":[]}"
000000000000000000cd_0,1793.0,804.0,349.0,524.0,288.0,3861.0,0.65530545,0.86117136,MangYang,993,0,0,0,1,14.18740588512136,108.33641961747229,1,2002,993,19.780434,3215.896593697369,2610.327498643172,0.14806679267873724,19.780434,train,97,"{""type"":""MultiPoint"",""coordinates"":[]}"
000000000000000000ec_0,2032.5,943.5,358.5,566.0,311.0,3400.0,0.5655577,0.8323902,MangYang,993,0,0,0,1,13.860241640830036,108.32105801434318,1,2017,993,24.38277,3107.853968270547,2656.1605346543565,0.7521829819977836,24.38277,train,100,"{""type"":""MultiPoint"",""coordinates"":[]}"
0000000000000000001e_0,3062.0,2079.0,551.0,841.0,1038.0,2635.0,0.11794654,0.43479446,MangYang,995,0,0,1,0,14.163152834491669,108.34504351890965,1,2021,995,24.755224,3215.896593697369,2610.327498643172,0.7128414705445653,24.755224,train,97,"{""type"":""MultiPoint"",""coordinates"":[]}"
00000000000000000291_0,1980.5,906.5,298.0,510.5,333.0,3661.0,0.60306513,0.83324987,MangYang,995,0,0,1,0,14.156687137964173,108.2709332594014,1,2020,995,16.063023,3237.9550390057266,2606.218266952033,0.31938217500277166,16.063023,train,90,"{""type"":""MultiPoint"",""coordinates"":[]}"
00000000000000000191_0,2236.5,1288.5,489.5,669.5,730.0,2483.0,0.31671748,0.545596,MangYang,996,0,0,0,1,14.148598328653224,108.3498950208558,1,2002,996,7.9427977,2872.7254663035274,2386.3307129473314,0.7869775395625229,7.9427977,train,97,"{""type"":""MultiPoint"",""coordinates"":[]}"
00000000000000000017_0,2540.0,1345.0,381.0,668.0,522.0,3524.0,0.44752517,0.7419674,MangYang,997,0,0,1,0,14.185791690540015,108.32590951628931,1,2020,997,23.643108,3215.896593697369,2610.327498643172,0.5244252676004504,23.643108,train,82,"{""type"":""MultiPoint"",""coordinates"":[]}"
00000000000000000040_0,1850.0,823.0,378.0,538.0,287.0,3515.0,0.6205625,0.8490268,MangYang,998,0,0,0,1,13.978550509980064,108.41484182769925,1,2013,998,14.076673,3298.959443733096,2832.2985246057647,0.677696662720487,14.076673,train,90,"{""type"":""MultiPoint"",""coordinates"":[]}"
00000000000000000296_0,2506.0,1620.0,521.0,743.0,751.0,2373.0,0.18858002,0.51920617,MangYang,999,0,0,0,1,14.177974886393324,108.35393496641022,1,2017,999,11.343379,3400.7785373441875,2807.31930743629,0.22090368106570846,11.343379,train,93,"{""type"":""MultiPoint"",""coordinates"":[]}"
000000000000000000f9_0,2694.0,1466.0,525.0,828.0,648.0,3424.0,0.40040898,0.6817289,MangYang,1003,0,0,0,1,13.983402011926211,108.35959356564706,1,2013,1003,35.896843,3184.0089067523368,2751.616892498231,0.13271375206053693,35.896843,train,90,"{""type"":""MultiPoint"",""coordinates"":[]}"
0000000000000000014f_0,1517.0,662.0,349.0,450.0,287.0,2995.0,0.6379546,0.8251066,MangYang,1003,0,0,0,1,13.912792146744897,108.36687081856627,1,2017,1003,18.858913,3324.219020557932,2857.4996105179016,0.5700586624294185,18.858913,train,98,"{""type"":""MultiPoint"",""coordinates"":[]}"
0000000000000000016e_0,2974.5,1781.0,537.0,782.0,833.0,2993.5,0.2539533,0.5646152,MangYang,1003,0,0,1,0,14.181747285884539,108.35258831789209,1,2022,1003,28.15889,3400.7785373441875,2807.31930743629,0.43541001508261634,28.15889,train,97,"{""type"":""MultiPoint"",""coordinates"":[]}"
00000000000000000161_0,2554.0,1348.0,447.0,752.0,559.0,3313.0,0.42158335,0.7112603,MangYang,1004,0,0,0,1,14.078260468636167,108.27470565889261,1,2010,1004,13.088798,3102.85249320889,2567.120439326819,0.5713374158925812,13.088798,train,63,"{""type"":""MultiPoint"",""coordinates"":[]}"
00000000000000000101_0,2166.0,1013.0,374.5,607.0,419.0,3840.5,0.5825693,0.8032633,MangYang,1006,0,0,0,1,14.085537721555392,108.26042315821842,1,2018,1006,22.196146,3102.85249320889,2567.120439326819,0.6190497243317942,22.196146,train,91,"{""type"":""MultiPoint"",""coordinates"":[]}"
00000000000000000316_0,2187.0,1188.5,373.5,644.0,525.0,3311.0,0.4717191,0.72627735,MangYang,1006,0,0,1,0,14.069636567198804,108.26311645525469,1,2021,1006,9.932494,3102.85249320889,2567.120439326819,0.20036539132908715,9.932494,train,78,"{""type"":""MultiPoint"",""coordinates"":[]}"
000000000000000002a1_0,2379.0,1364.5,560.0,793.0,630.0,2737.5,0.33471477,0.6258352,MangYang,1008,0,0,0,1,13.961030701941077,108.37334097419483,1,2017,1008,10.02376,3184.0089067523368,2751.616892498231,0.1759696753434934,10.02376,train,89,"{""type"":""MultiPoint"",""coordinates"":[]}"
000000000000000001ee_0,1683.5,730.5,327.0,539.0,309.5,3423.5,0.6482908,0.8341816,MangYang,1009,0,0,0,1,14.175009584192784,108.3560931713201,1,2002,1009,9.864003,3400.7785373441875,2807.31930743629,0.511625606331599,9.864003,train,97,"{""type"":""MultiPoint"",""coordinates"":[]}"
000000000000000000b7_0,2870.0,1715.0,694.5,919.0,850.5,2862.5,0.25068268,0.5418799,MangYang,1012,0,0,0,1,13.981783358243812,108.36013311687452,1,2013,993,27.897245,3184.0089067523368,2751.616892498231,0.7293835785457196,28.60844,train,78,"{""type"":""MultiPoint"",""coordinates"":[]}"
00000000000000000015_0,2695.0,1946.5,687.0,871.0,976.0,2164.5,0.05302846,0.3784429,MangYang,1013,0,0,0,1,14.098745578875695,108.26069070428161,1,2005,1005,22.71015,3102.85249320889,2567.120439326819,0.7002628656928708,20.406153,train,97,"{""type"":""MultiPoint"",""coordinates"":[]}"
0000000000000000006b_0,2939.0,1852.0,518.0,746.0,818.0,2783.0,0.200863,0.5456818,MangYang,1016,0,0,0,1,14.090389223501539,108.25799740724534,1,2018,1016,30.44381,3102.85249320889,2567.120439326819,0.36422808340266544,30.44381,train,100,"{""type"":""MultiPoint"",""coordinates"":[]}"
0000000000000000012c_0,1309.0,522.5,271.5,450.0,238.0,3198.0,0.7191238,0.8614668,MangYang,1017,0,0,0,1,13.895816349034426,108.30596395727726,1,2017,1021,21.830847,3107.853968270547,2656.1605346543565,0.03085017567943038,17.469707,train,71,"{""type"":""MultiPoint"",""coordinates"":[]}"
000000000000000002fb_0,3107.0,1974.0,541.0,824.0,956.0,3545.0,0.284653,0.5752055,MangYang,1017,0,0,1,0,14.168543887665288,108.35016256691901,1,2022,1017,31.079983,3400.7785373441875,2807.31930743629,0.22536150773501684,31.079983,train,90,"{""type"":""MultiPoint"",""coordinates"":[]}"
00000000000000000131_0,1398.0,545.0,304.5,542.0,271.0,3862.0,0.75266623,0.86886036,MangYang,1018,0,0,0,1,13.895544343870167,108.30731506489646,1,2017,1018,22.632395,3107.853968270547,2656.1605346543565,0.37739443999828104,22.632395,train,56,"{""type"":""MultiPoint"",""coordinates"":[]}"
0000000000000000017e_0,2437.5,1411.0,671.0,847.0,772.0,2737.0,0.31967214,0.5599886,MangYang,1020,0,0,0,1,13.961842258332801,108.37280142296736,1,2017,1020,12.449812,3184.0089067523368,2751.616892498231,0.6502304774992682,12.449812,train,76,"{""type"":""MultiPoint"",""coordinates"":[]}"
000000000000000001ad_0,2523.0,1423.0,590.0,839.0,709.0,2878.0,0.33829343,0.6046836,MangYang,1021,0,0,1,0,13.96480310143229,108.367682374958,1,2020,1021,23.259287,3184.0089067523368,2751.616892498231,0.43928092880401937,23.259287,train,95,"{""type"":""MultiPoint"",""coordinates"":[]}"
00000000000000000246_0,1066.5,473.5,310.5,438.5,274.0,2770.0,0.7080315,0.8199737,MangYang,1024,0,0,0,0,14.106557923921335,108.44448593150257,0,0,1024,4.6794443,3035.7949046194553,2557.413072316728,0.12699140969943035,4.6794443,train,0,"{""type"":""MultiPoint"",""coordinates"":[]}"
000000000000000002c6_0,2537.5,1299.0,386.5,615.5,426.0,3375.0,0.44415918,0.77584845,MangYang,1024,0,0,0,1,14.153182284536166,108.27200790275526,1,2016,1024,25.10323,3237.9550390057266,2606.218266952033,0.5076430365036101,25.10323,train,78,"{""type"":""MultiPoint"",""coordinates"":[]}"
000000000000000002ed_0,2244.0,1104.0,487.0,764.0,635.0,3567.0,0.52729607,0.69776297,MangYang,1028,0,0,0,1,13.959416507359728,108.37280142296736,1,2004,1028,16.430359,3184.0089067523368,2751.616892498231,0.7550266210190267,16.430359,train,49,"{""type"":""MultiPoint"",""coordinates"":[]}"
0000000000000000019b_0,2355.0,1589.0,405.0,565.0,776.0,2624.0,0.24566817,0.5435294,MangYang,1033,0,0,0,1,14.186598787830688,108.3286028133256,1,2001,1033,20.156887,3215.896593697369,2610.327498643172,0.7324601344639142,20.156887,train,97,"{""type"":""MultiPoint"",""coordinates"":[]}"
000000000000000001b0_0,2119.5,1006.5,469.5,666.0,429.0,3948.5,0.5937437,0.8039977,MangYang,1034,0,0,1,0,13.890153290696555,108.32159756557064,1,2021,1034,6.72102,3107.853968270547,2656.1605346543565,0.574504764448196,6.72102,train,86,"{""type"":""MultiPoint"",""coordinates"":[]}"
00000000000000000237_0,2183.0,1243.0,576.0,874.0,591.0,3418.0,0.46663806,0.70516336,MangYang,1036,0,0,0,1,14.07961157625536,108.26392355254536,1,2016,1036,36.81982,3102.85249320889,2567.120439326819,0.284097283314249,36.81982,train,49,"{""type"":""MultiPoint"",""coordinates"":[]}"
000000000000000001d5_0,1202.0,503.0,331.0,468.0,252.0,2928.0,0.70679104,0.84150946,MangYang,1041,0,0,0,1,14.110330323412548,108.4455650339575,1,2004,1041,16.260387,3035.7949046194553,2557.413072316728,0.7774863979673565,16.260387,train,63,"{""type"":""MultiPoint"",""coordinates"":[]}"
000000000000000002b7_0,2030.5,892.0,340.0,600.0,365.0,4087.5,0.6417311,0.8360472,MangYang,1051,0,0,0,1,14.08230487329164,108.26176980673655,1,2017,1051,21.554699,3102.85249320889,2567.120439326819,0.35141261747163255,21.554699,train,89,"{""type"":""MultiPoint"",""coordinates"":[]}"
0000000000000000013f_0,2314.0,1203.0,508.0,728.0,648.0,2845.0,0.4056324,0.62897223,MangYang,1052,0,0,0,1,14.150488987499884,108.35178122060141,1,2016,1052,29.155493,3400.7785373441875,2807.31930743629,0.3098842621032265,29.155493,train,89,"{""type"":""MultiPoint"",""coordinates"":[]}"
00000000000000000147_0,2127.0,989.0,406.0,655.0,429.0,3794.0,0.586452,0.7968269,MangYang,1058,0,0,0,1,14.076106722827351,108.26473510893709,1,2017,1058,27.771759,3102.85249320889,2567.120439326819,0.16743242350581378,27.771759,train,76,"{""type"":""MultiPoint"",""coordinates"":[]}"
000000000000000002e6_0,2780.0,1691.0,640.0,875.0,766.0,3404.0,0.33621198,0.6326139,MangYang,1058,0,0,0,1,14.141325534835053,108.26716085991016,1,2006,1058,32.907177,3130.2996047775086,2555.39319297567,0.7231336087807627,32.907177,train,97,"{""type"":""MultiPoint"",""coordinates"":[]}"
00000000000000000133_0,1568.5,649.5,328.0,474.5,274.5,3404.5,0.67957574,0.85077465,MangYang,1060,0,0,0,1,14.151563630853765,108.42589148010968,1,2012,1060,8.0111885,3298.5777985565364,2757.9068181550247,0.5609190810994544,8.0111885,train,97,"{""type"":""MultiPoint"",""coordinates"":[]}"
0000000000000000026d_0,2124.0,1028.0,513.0,739.0,575.0,4053.0,0.5953553,0.7515125,MangYang,1060,0,0,0,1,13.928693301101486,108.32752371087066,1,2016,1060,27.11501,3249.712924260939,2780.606499409189,0.6332609246298602,27.11501,train,97,"{""type"":""MultiPoint"",""coordinates"":[]}"
000000000000000002d2_0,2352.0,1205.5,551.5,788.0,583.5,3967.0,0.5338811,0.74354464,MangYang,1060,0,0,0,1,14.078532473800427,108.26877505449151,1,2016,1060,11.607327,3102.85249320889,2567.120439326819,0.4081748039372567,11.607327,train,87,"{""type"":""MultiPoint"",""coordinates"":[]}"
00000000000000000177_0,1420.0,620.5,328.5,480.0,304.0,3110.5,0.6673814,0.82193583,MangYang,1066,0,0,0,1,14.082037327228434,108.42427282642728,1,2009,1066,7.904629,3035.9770246371627,2579.1279625841976,0.48509838287108364,7.904629,train,45,"{""type"":""MultiPoint"",""coordinates"":[]}"
000000000000000000c6_0,2287.5,1319.5,393.0,632.0,605.0,3098.0,0.40260327,0.6732379,MangYang,1068,0,0,0,1,14.088235477692724,108.25583920233547,1,2017,1068,20.496347,3102.85249320889,2567.120439326819,0.7311292975641788,20.496347,train,90,"{""type"":""MultiPoint"",""coordinates"":[]}"
00000000000000000199_0,1890.0,861.5,348.5,550.5,367.5,2996.0,0.55333763,0.78147763,MangYang,1068,0,0,0,1,14.179321534911466,108.3579793710657,1,2018,1068,24.39738,3400.7785373441875,2807.31930743629,0.3784725695482911,24.39738,train,89,"{""type"":""MultiPoint"",""coordinates"":[]}"
00000000000000000261_0,1323.0,595.0,265.5,434.5,286.0,2304.0,0.5895136,0.7791506,MangYang,1068,0,0,0,1,14.056972720207014,108.4261590261729,1,2002,1068,2.9395814,3035.9770246371627,2579.1279625841976,0.2621141644686469,2.9395814,train,54,"{""type"":""MultiPoint"",""coordinates"":[]}"
000000000000000000a0_0,2511.0,1490.0,505.0,802.5,692.5,3096.0,0.35019624,0.63442,MangYang,1069,0,0,0,1,14.07179477210867,108.26769595203659,1,2010,1069,13.037497,3102.85249320889,2567.120439326819,0.5788214669558166,13.037497,train,90,"{""type"":""MultiPoint"",""coordinates"":[]}"
000000000000000001a2_0,1857.5,827.5,348.0,530.5,313.0,3608.5,0.62691617,0.8403672,MangYang,1069,0,0,0,1,13.920876496954795,108.31135501045088,1,2015,1069,15.583943,3249.712924260939,2780.606499409189,0.714014347120881,15.583943,train,89,"{""type"":""MultiPoint"",""coordinates"":[]}"
000000000000000001f5_0,2669.0,1498.5,556.5,841.0,756.0,3075.5,0.3447748,0.6053765,MangYang,1069,0,0,0,1,14.072062318171877,108.26742840597338,1,2010,1069,9.893264,3102.85249320889,2567.120439326819,0.158025347577333,9.893264,train,90,"{""type"":""MultiPoint"",""coordinates"":[]}"
00000000000000000156_0,2472.5,1479.5,424.5,667.5,641.5,2620.5,0.2782927,0.606683,MangYang,1071,0,0,1,0,14.087963472528465,108.25637875356294,1,2019,1071,20.44748,3102.85249320889,2567.120439326819,0.28835893527960677,20.44748,train,94,"{""type"":""MultiPoint"",""coordinates"":[]}"
00000000000000000022_0,2633.0,1491.0,592.0,891.0,836.0,3404.0,0.39080694,0.6056604,MangYang,1075,0,0,0,1,14.075567171599886,108.2650026550003,1,2017,1075,16.47031,3102.85249320889,2567.120439326819,0.2002678263011557,16.47031,train,95,"{""type"":""MultiPoint"",""coordinates"":[]}"
0000000000000000029a_0,2261.0,1184.0,546.5,765.5,584.0,3457.0,0.48976514,0.71096265,MangYang,1081,0,0,0,1,14.07664627405482,108.26742840597338,1,2016,1081,24.427515,3102.85249320889,2567.120439326819,0.6150151351571149,24.427515,train,95,"{""type"":""MultiPoint"",""coordinates"":[]}"
0000000000000000003e_0,2127.5,1010.0,408.5,596.0,481.5,3793.0,0.5794295,0.7747105,MangYang,1094,0,0,0,1,14.18013309130319,108.35770736590145,1,2002,1094,23.669935,3400.7785373441875,2807.31930743629,0.5312545012857374,23.669935,train,97,"{""type"":""MultiPoint"",""coordinates"":[]}"
00000000000000000058_0,1216.0,604.0,351.0,457.0,373.0,2119.0,0.5563716,0.70064205,MangYang,1097,0,0,0,1,14.07476007430921,108.26419555770964,1,2018,1097,21.834074,3102.85249320889,2567.120439326819,0.4733955838294013,21.834074,train,74,"{""type"":""MultiPoint"",""coordinates"":[]}"
0000000000000000000c_0,1818.0,866.0,318.0,492.0,338.0,3004.0,0.55245477,0.7977259,MangYang,1100,0,0,1,0,14.184173036857613,108.3563607173833,1,2021,1100,24.98547,3400.7785373441875,2807.31930743629,0.7701003473198307,24.98547,train,97,"{""type"":""MultiPoint"",""coordinates"":[]}"
00000000000000000281_0,2077.0,1002.0,371.0,618.0,524.0,2854.0,0.48029044,0.6897572,MangYang,1101,0,0,0,1,14.091468325956473,108.2550321050448,1,2018,1101,27.754126,3102.85249320889,2567.120439326819,0.34675785362142364,27.754126,train,94,"{""type"":""MultiPoint"",""coordinates"":[]}"
00000000000000000223_0,1309.0,585.0,256.0,431.5,274.5,2177.5,0.5764706,0.7761011,MangYang,1108,0,0,0,1,14.058591373889417,108.42589148010968,1,2003,1108,15.001107,3035.9770246371627,2579.1279625841976,0.2396972278524493,15.001107,train,68,"{""type"":""MultiPoint"",""coordinates"":[]}"
00000000000000000238_0,2106.0,1024.0,299.0,610.0,383.0,3427.0,0.53987867,0.79895014,MangYang,1112,0,0,1,0,14.14752368529934,108.26931460571899,1,2019,1112,28.111643,3130.2996047775086,2555.39319297567,0.35896055090230095,28.111643,train,90,"{""type"":""MultiPoint"",""coordinates"":[]}"
0000000000000000030a_0,1842.0,925.0,474.0,685.0,558.0,2851.0,0.5100636,0.67263126,MangYang,1167,0,0,0,1,13.947827303721823,108.37441561754872,1,2012,1167,8.870329,3324.219020557932,2857.4996105179016,0.48025007364681505,8.870329,train,85,"{""type"":""MultiPoint"",""coordinates"":[]}"
000000000000000002cd_0,1821.0,752.0,388.0,652.0,375.0,3878.0,0.67516196,0.8236539,MangYang,1219,0,0,0,1,13.9618422583328,108.32159756557064,1,2017,1219,27.525652,3602.625690806518,3058.215705565512,0.2853427645969464,27.525652,train,97,"{""type"":""MultiPoint"",""coordinates"":[]}"
00000000000000000451_0,2962.0,2151.0,506.0,747.0,810.0,2603.0,0.09507783,0.52534425,MangYang,383,1,1,0,0,13.736002167278928,108.36309841907506,0,0,383,7.060277,2511.621006313942,2162.1681395120972,0.025687340169748607,7.060277,train,45,"{""type"":""MultiPoint"",""coordinates"":[]}"
000000000000000003bb_0,3297.0,2555.0,580.0,778.0,930.0,2423.0,-0.026516674,0.4452729,MangYang,387,1,1,0,0,13.736002167278928,108.36337042423932,0,0,387,11.283974,2511.621006313942,2162.1681395120972,0.3422550513891046,11.283974,train,55,"{""type"":""MultiPoint"",""coordinates"":[]}"
000000000000000005f3_0,3115.5,2424.0,720.0,902.5,1075.0,2270.0,-0.03280784,0.35724962,MangYang,470,1,1,1,0,13.76672537353717,108.35016256691901,1,2023,470,10.318699,2635.8332077176196,2325.3184683491163,0.6116938853510515,10.318699,train,82,"{""type"":""MultiPoint"",""coordinates"":[]}"
000000000000000005d7_0,2184.5,1296.0,569.0,815.0,843.0,2625.5,0.33902845,0.5139109,MangYang,505,1,1,1,0,13.74489807388055,108.26904705965578,1,2023,505,15.57071,2730.454711684454,2278.9206159417986,0.037560850707467175,15.57071,train,82,"{""type"":""MultiPoint"",""coordinates"":[]}"
000000000000000004da_0,4440.5,3534.5,1029.5,1361.0,1827.0,2554.0,-0.1610413,0.16594385,MangYang,508,1,1,1,0,13.774542177683859,108.34207821670911,0,2023,509,5.628115,2623.3507197850586,2256.703699868847,0.5494544855677028,2.8624806,train,12,"{""type"":""MultiPoint"",""coordinates"":[]}"
000000000000000004aa_0,3050.5,2484.5,724.0,931.5,1025.0,1843.5,-0.14810535,0.28534076,MangYang,518,1,1,1,0,13.76807202205531,108.32941436971733,1,2023,518,6.736306,2623.3507197850586,2256.703699868847,0.7096542536581855,6.736306,train,31,"{""type"":""MultiPoint"",""coordinates"":[]}"
00000000000000000517_0,3815.0,2758.0,931.0,1168.0,1414.0,2796.0,0.0068419157,0.32826602,MangYang,519,1,1,1,0,13.77804703111187,108.33884536844536,0,2023,519,4.2387114,2623.3507197850586,2256.703699868847,0.7038312693433572,4.2387114,train,22,"{""type"":""MultiPoint"",""coordinates"":[]}"
000000000000000003f0_0,2270.0,1115.0,388.0,687.0,472.0,3152.0,0.47738457,0.73951435,MangYang,520,1,1,1,0,13.747323824853629,108.27254745398274,1,2023,520,2.0853875,2730.454711684454,2278.9206159417986,0.5386483043679372,2.0853875,train,54,"{""type"":""MultiPoint"",""coordinates"":[]}"
0000000000000000052b_0,2858.0,1825.0,629.0,850.0,816.0,2884.0,0.22488852,0.5589189,MangYang,520,1,1,1,0,13.776160831366262,108.34612262136459,1,2023,520,7.4390435,2623.3507197850586,2256.703699868847,0.7486194550905361,7.4390435,train,43,"{""type"":""MultiPoint"",""coordinates"":[]}"
00000000000000000329_0,2403.0,1423.0,472.0,736.0,650.0,2597.0,0.2920398,0.5996304,MangYang,521,1,1,1,0,13.7578339260366,108.25044814916185,0,2023,521,5.547545,2576.006629064679,2170.6907414495013,0.14353030431283065,5.547545,train,12,"{""type"":""MultiPoint"",""coordinates"":[]}"
00000000000000000395_0,2985.0,1906.0,723.0,857.0,977.0,2646.5,0.16265789,0.46074238,MangYang,521,1,1,1,0,13.78208697666629,108.3399244709003,1,2023,525,10.529858,2623.3507197850586,2256.703699868847,0.597864469693977,7.0605016,train,51,"{""type"":""MultiPoint"",""coordinates"":[]}"
000000000000000004ff_0,3264.0,2199.0,735.5,940.5,990.0,2655.0,0.09394314,0.45679012,MangYang,521,1,1,1,0,13.782358981830553,108.3399244709003,1,2023,521,7.0605016,2623.3507197850586,2256.703699868847,0.3968156769742177,7.0605016,train,45,"{""type"":""MultiPoint"",""coordinates"":[]}"
00000000000000000438_0,3140.0,2113.0,727.0,905.0,971.5,2694.0,0.120865405,0.46992224,MangYang,523,1,1,1,0,13.782358981830553,108.33965246573604,1,2023,523,2.7802885,2623.3507197850586,2256.703699868847,0.5033856355106443,2.7802885,train,58,"{""type"":""MultiPoint"",""coordinates"":[]}"
0000000000000000040b_0,3982.0,2912.0,1024.5,1225.5,1606.5,2897.0,-0.0025822,0.2865549,MangYang,527,1,1,1,0,13.786131381321766,108.34181067064593,1,2023,527,3.924844,2623.3507197850586,2256.703699868847,0.05525142307742992,3.924844,train,48,"{""type"":""MultiPoint"",""coordinates"":[]}"
00000000000000000582_0,3882.0,2917.0,983.5,1232.0,1502.5,2936.5,0.0033313402,0.32304573,MangYang,527,1,1,1,0,13.786131381321766,108.34207821670911,1,2023,532,6.718095,2623.3507197850586,2256.703699868847,0.46527907024905646,3.924844,train,62,"{""type"":""MultiPoint"",""coordinates"":[]}"
000000000000000005e3_0,2729.0,2096.5,658.0,877.5,1061.0,2184.5,0.020555945,0.34617162,MangYang,527,1,1,1,0,13.767804475992104,108.32914236455308,1,2023,527,13.789358,2623.3507197850586,2256.703699868847,0.1331840798494739,13.789358,train,77,"{""type"":""MultiPoint"",""coordinates"":[]}"
00000000000000000335_0,2251.5,1862.0,526.5,746.5,1106.5,1788.5,-0.020134227,0.23557858,MangYang,538,1,1,1,0,13.796101931277274,108.3205184631157,0,2023,538,1.9093798,2623.3507197850586,2256.703699868847,0.18564383016070996,1.9093798,train,24,"{""type"":""MultiPoint"",""coordinates"":[]}"
0000000000000000048d_0,2187.5,1983.0,578.5,764.5,1024.0,1688.5,-0.080212444,0.24497695,MangYang,539,1,1,1,0,13.79151797539433,108.32079046827997,0,2023,539,3.8252206,2623.3507197850586,2256.703699868847,0.28964403235996705,3.8252206,train,22,"{""type"":""MultiPoint"",""coordinates"":[]}"
00000000000000000514_0,2804.0,2173.5,606.0,698.5,975.0,2661.5,0.10093071,0.46377012,MangYang,539,1,1,1,0,13.788824678358049,108.33830581721791,1,2023,539,6.3438787,2623.3507197850586,2256.703699868847,0.19148885813399463,6.3438787,train,85,"{""type"":""MultiPoint"",""coordinates"":[]}"
00000000000000000609_0,2171.0,1764.0,502.0,700.0,890.0,1915.0,0.041043762,0.36541888,MangYang,539,1,1,1,0,13.795829926113012,108.3205184631157,0,2023,539,2.9392314,2623.3507197850586,2256.703699868847,0.5357867579676199,2.9392314,train,25,"{""type"":""MultiPoint"",""coordinates"":[]}"
00000000000000000554_0,2229.5,1335.5,480.0,680.5,658.5,2403.5,0.2856379,0.56988895,MangYang,540,1,1,1,0,13.76888357844704,108.32752371087066,1,2023,540,12.535081,2623.3507197850586,2256.703699868847,0.013376786847835387,12.535081,train,86,"{""type"":""MultiPoint"",""coordinates"":[]}"
000000000000000005c5_0,2608.0,2023.0,696.0,839.0,903.0,2227.0,0.048,0.4230032,MangYang,540,1,1,1,0,13.774274631620656,108.34585061620032,1,2023,540,11.39488,2623.3507197850586,2256.703699868847,0.10991949142948754,11.39488,train,79,"{""type"":""MultiPoint"",""coordinates"":[]}"
000000000000000004de_0,1984.0,1710.5,611.5,778.0,881.5,2162.5,0.116705395,0.42082787,MangYang,542,1,1,0,1,13.79475528275913,108.3164785175613,0,2018,542,2.8627288,2623.3507197850586,2256.703699868847,0.12378233197398258,2.8627288,train,20,"{""type"":""MultiPoint"",""coordinates"":[]}"
00000000000000000617_0,2185.0,1572.0,642.0,879.0,942.0,2576.0,0.24204436,0.46446845,MangYang,542,1,1,1,0,13.781819430603084,108.2830575551657,1,2023,542,7.4898834,2576.006629064679,2170.6907414495013,0.1008744841238729,7.4898834,train,85,"{""type"":""MultiPoint"",""coordinates"":[]}"
000000000000000003b4_0,2697.0,2172.0,724.0,1032.0,1347.0,2100.0,-0.016853932,0.21845083,MangYang,543,1,1,1,0,13.796101931277274,108.33695916869976,0,2023,543,3.9250023,2623.3507197850586,2256.703699868847,0.5944852280103748,3.9250023,train,26,"{""type"":""MultiPoint"",""coordinates"":[]}"
000000000000000003d9_0,1902.5,1661.5,601.5,771.5,883.5,2037.0,0.101527646,0.3949666,MangYang,543,1,1,1,0,13.795022828822342,108.3164785175613,0,2023,543,2.8627322,2623.3507197850586,2256.703699868847,0.08101366372613183,2.8627322,train,22,"{""type"":""MultiPoint"",""coordinates"":[]}"
000000000000000003eb_0,1957.5,1711.5,595.0,797.0,893.0,2118.5,0.10626632,0.40694007,MangYang,543,1,1,1,0,13.79502282882234,108.31620651239702,0,2023,543,1.3310527,2623.3507197850586,2256.703699868847,0.17774829174252726,1.3310527,train,22,"{""type"":""MultiPoint"",""coordinates"":[]}"
0000000000000000035f_0,3513.5,2595.5,812.0,1033.0,1419.5,2564.5,-0.006007752,0.2873996,MangYang,545,1,1,1,0,13.776695923492676,108.33318676920854,0,2023,546,2.1222491,2623.3507197850586,2256.703699868847,0.15061876668665908,0.9548755,train,19,"{""type"":""MultiPoint"",""coordinates"":[]}"
00000000000000000392_0,3500.0,2480.0,691.0,954.5,1366.5,2462.5,-0.0035407182,0.2862366,MangYang,545,1,1,1,0,13.777235474720143,108.33453341772669,1,2023,545,6.7939873,2623.3507197850586,2256.703699868847,0.21294732333611144,6.7939873,train,44,"{""type"":""MultiPoint"",""coordinates"":[]}"
0000000000000000051c_0,3465.5,2482.5,804.0,1037.5,1356.0,2568.0,0.016929017,0.3088685,MangYang,545,1,1,1,0,13.77642837742947,108.33318676920854,1,2023,546,1.3309981,2623.3507197850586,2256.703699868847,0.7779332685869492,2.0854418,train,92,"{""type"":""MultiPoint"",""coordinates"":[]}"
00000000000000000551_0,3648.0,2675.5,847.0,1098.5,1462.5,2644.0,-0.0059216092,0.2877146,MangYang,545,1,1,1,0,13.776695923492674,108.33291476404429,0,2023,545,0.9548755,2623.3507197850586,2256.703699868847,0.7636759190063341,0.0,train,27,"{""type"":""MultiPoint"",""coordinates"":[]}"
00000000000000000599_0,3531.5,2510.5,789.0,1037.0,1351.0,2611.5,0.01971886,0.31810725,MangYang,545,1,1,1,0,13.776428377429468,108.33291476404429,1,2023,545,2.0854418,2623.3507197850586,2256.703699868847,0.19516812785488535,1.3309981,train,54,"{""type"":""MultiPoint"",""coordinates"":[]}"
00000000000000000607_0,3717.0,2712.0,864.0,1118.0,1486.0,2761.0,0.008953042,0.3002119,MangYang,545,1,1,1,0,13.776695923492673,108.33264721798109,1,2023,545,0.0,2623.3507197850586,2256.703699868847,0.7199207932015549,0.0,train,59,"{""type"":""MultiPoint"",""coordinates"":[]}"
00000000000000000633_0,3598.0,2683.0,842.0,1077.0,1473.0,2651.0,-0.00599925,0.285645,MangYang,545,1,1,1,0,13.776967928656935,108.33291476404429,1,2023,545,0.0,2623.3507197850586,2256.703699868847,0.037090946099961775,0.0,train,89,"{""type"":""MultiPoint"",""coordinates"":[]}"
00000000000000000589_0,3445.0,2422.5,672.5,943.0,1393.0,2368.0,-0.011376683,0.25923955,MangYang,547,1,1,1,0,13.777507479884404,108.3345334177267,1,2023,547,4.1653767,2623.3507197850586,2256.703699868847,0.38376378564202474,4.1653767,train,52,"{""type"":""MultiPoint"",""coordinates"":[]}"
00000000000000000363_0,2327.0,1428.0,535.5,765.5,702.5,2862.0,0.33426574,0.6058353,MangYang,550,1,1,1,0,13.774274631620655,108.34504351890965,1,2023,550,13.648223,2623.3507197850586,2256.703699868847,0.5709113166525503,13.648223,train,86,"{""type"":""MultiPoint"",""coordinates"":[]}"
000000000000000005f4_0,1343.0,627.0,320.0,514.0,347.0,3003.0,0.6545454,0.79283583,MangYang,551,1,1,1,0,13.800413881995954,108.31889980943332,0,2023,551,2.7802885,2897.990235873274,2491.310220139485,0.7257812832896114,2.7802885,train,26,"{""type"":""MultiPoint"",""coordinates"":[]}"
00000000000000000512_0,2805.0,1990.0,693.0,819.0,891.0,2899.0,0.1859276,0.5298153,MangYang,559,1,1,1,0,13.78855713229484,108.344236421619,1,2023,559,11.872793,2623.3507197850586,2256.703699868847,0.7396213525275263,11.872793,train,67,"{""type"":""MultiPoint"",""coordinates"":[]}"
00000000000000000559_0,3568.5,2467.5,686.0,946.0,1186.5,2927.5,0.08526413,0.4231891,MangYang,564,1,1,1,0,13.84461249163771,108.34099911425419,1,2023,564,6.656588,2897.990235873274,2491.310220139485,0.31046116655391975,6.656588,train,62,"{""type"":""MultiPoint"",""coordinates"":[]}"
000000000000000003c7_0,3630.5,2455.5,682.5,928.5,1162.5,2896.5,0.0823991,0.42719883,MangYang,567,1,1,1,0,13.844340486473449,108.34099911425419,1,2023,567,8.007474,2897.990235873274,2491.310220139485,0.7668588529856561,8.007474,train,62,"{""type"":""MultiPoint"",""coordinates"":[]}"
00000000000000000443_0,2620.5,1480.5,403.0,660.0,663.0,3384.0,0.39130434,0.6723499,MangYang,574,1,1,1,0,13.843800935245982,108.34127111941844,1,2023,574,10.499453,2897.990235873274,2491.310220139485,0.04622164140231211,10.499453,train,67,"{""type"":""MultiPoint"",""coordinates"":[]}"
00000000000000000420_0,2853.0,2080.0,718.0,905.0,1016.0,2376.5,0.06653203,0.40103167,MangYang,577,1,1,1,0,13.827092683598723,108.3385733632811,1,2023,577,16.908228,2897.990235873274,2491.310220139485,0.14845198996011644,16.908228,train,71,"{""type"":""MultiPoint"",""coordinates"":[]}"
000000000000000004b4_0,3360.0,2437.0,767.0,994.0,1150.0,2759.0,0.061970748,0.4116142,MangYang,577,1,1,1,0,13.805265383942102,108.34773681594595,1,2023,577,8.866409,2897.990235873274,2491.310220139485,0.18410017762110475,8.866409,train,81,"{""type"":""MultiPoint"",""coordinates"":[]}"
0000000000000000047e_0,2989.0,2252.0,706.5,889.0,1041.5,2729.5,0.09585466,0.44762662,MangYang,579,1,1,1,0,13.805532930005308,108.34773681594595,1,2023,579,6.718639,2897.990235873274,2491.310220139485,0.05547340597493444,6.718639,train,78,"{""type"":""MultiPoint"",""coordinates"":[]}"
00000000000000000494_0,3371.5,2520.5,901.0,1133.0,1286.0,3003.5,0.08743664,0.40039632,MangYang,579,1,1,1,0,13.805804935169572,108.34800882111021,1,2023,579,5.5098643,2897.990235873274,2491.310220139485,0.283206127105479,5.5098643,train,51,"{""type"":""MultiPoint"",""coordinates"":[]}"
00000000000000000479_0,3091.0,2269.0,706.0,884.0,1002.0,2466.0,0.04160507,0.42214534,MangYang,580,1,1,1,0,13.805265383942102,108.34800882111021,1,2023,580,10.429996,2897.990235873274,2491.310220139485,0.3767468347929761,10.429996,train,79,"{""type"":""MultiPoint"",""coordinates"":[]}"
00000000000000000385_0,3561.5,2432.0,808.5,1005.5,1162.0,3105.5,0.12162528,0.45541885,MangYang,582,1,1,1,0,13.843800935245982,108.34153866548166,1,2023,582,15.857175,2897.990235873274,2491.310220139485,0.20319980887101774,15.857175,train,66,"{""type"":""MultiPoint"",""coordinates"":[]}"
00000000000000000529_0,2502.5,1612.0,575.0,756.0,1008.5,2265.0,0.1684292,0.38383994,MangYang,585,1,1,1,0,13.80095343322342,108.17607034359038,1,2023,585,4.2390447,3197.7695180679443,2677.664399514403,0.5003932163618277,4.2390447,train,60,"{""type"":""MultiPoint"",""coordinates"":[]}"
00000000000000000572_0,3415.5,2388.5,659.0,951.5,1198.0,3165.5,0.13989916,0.4508995,MangYang,585,1,1,1,0,13.843533389182776,108.34153866548166,1,2023,585,15.170297,2897.990235873274,2491.310220139485,0.25531080642458037,15.170297,train,79,"{""type"":""MultiPoint"",""coordinates"":[]}"
00000000000000000387_0,2103.5,1221.5,387.5,649.5,535.5,3044.0,0.42726526,0.7007962,MangYang,586,1,1,1,0,13.796369477340479,108.17849609456347,1,2022,586,7.203051,3112.0567742195176,2600.9374859346635,0.6770248286629462,7.203051,train,95,"{""type"":""MultiPoint"",""coordinates"":[]}"
000000000000000004ba_0,3234.5,2369.5,681.5,969.5,1156.5,2987.5,0.11536308,0.44184363,MangYang,586,1,1,1,0,13.805532930005306,108.3482763671734,1,2023,586,11.333725,2897.990235873274,2491.310220139485,0.25861269432537526,11.333725,train,45,"{""type"":""MultiPoint"",""coordinates"":[]}"
00000000000000000561_0,2326.0,1559.0,537.0,690.5,852.5,1924.0,0.10479472,0.3859175,MangYang,588,1,1,1,0,13.79690902856795,108.17849609456347,1,2022,588,6.0010056,3112.0567742195176,2600.9374859346635,0.7696186951681055,6.0010056,train,58,"{""type"":""MultiPoint"",""coordinates"":[]}"
00000000000000000584_0,3633.5,2540.5,690.0,941.0,1152.0,2727.5,0.03549734,0.40610904,MangYang,588,1,1,1,0,13.843800935245982,108.34207821670911,1,2023,585,5.8632007,2897.990235873274,2491.310220139485,0.09745250463413258,9.616217,train,79,"{""type"":""MultiPoint"",""coordinates"":[]}"
0000000000000000039e_0,3063.0,2029.0,695.0,929.0,1092.0,2767.0,0.15387823,0.43405026,MangYang,591,1,1,1,0,13.80553293000531,108.34881591840087,1,2023,591,13.771412,2897.990235873274,2491.310220139485,0.7935317419049929,13.771412,train,47,"{""type"":""MultiPoint"",""coordinates"":[]}"
000000000000000004a5_0,2425.0,1547.0,498.0,755.0,1021.0,2332.0,0.20237175,0.39099315,MangYang,591,1,1,1,0,13.80095343322342,108.17553079236292,1,2023,591,5.6281333,3197.7695180679443,2677.664399514403,0.7121699046500772,5.6281333,train,56,"{""type"":""MultiPoint"",""coordinates"":[]}"
00000000000000000576_0,3112.5,2405.0,710.0,1005.0,1148.5,2863.0,0.08694001,0.42739624,MangYang,591,1,1,1,0,13.805532930005308,108.34854837233766,1,2023,591,9.528045,2897.990235873274,2491.310220139485,0.08647316188763055,9.528045,train,76,"{""type"":""MultiPoint"",""coordinates"":[]}"
000000000000000004c5_0,4002.5,3232.0,898.0,1163.0,1427.0,2713.0,-0.087300256,0.31062803,MangYang,592,1,1,1,0,13.775349274974534,108.34935546962835,0,2023,592,6.718828,2623.3507197850586,2256.703699868847,0.7434676152829339,6.718828,train,22,"{""type"":""MultiPoint"",""coordinates"":[]}"
00000000000000000501_0,3395.0,2380.5,709.5,951.5,1161.5,3017.5,0.11800667,0.44412538,MangYang,592,1,1,1,0,13.843533389182776,108.34181067064593,1,2023,592,8.755453,2897.990235873274,2491.310220139485,0.05725641258688441,8.755453,train,79,"{""type"":""MultiPoint"",""coordinates"":[]}"
000000000000000005cd_0,2916.5,2142.5,694.0,888.0,980.5,2379.0,0.05230565,0.41628218,MangYang,594,1,1,1,0,13.816854587580007,108.34019201696351,1,2023,594,15.595727,2897.990235873274,2491.310220139485,0.07943431609030605,15.595727,train,97,"{""type"":""MultiPoint"",""coordinates"":[]}"
0000000000000000041b_0,2223.5,1515.0,443.5,599.0,718.0,2310.5,0.20794667,0.5258379,MangYang,596,1,1,1,0,13.798255677086086,108.24532910115249,0,2023,596,8.2891,2659.5984112127558,2256.6868873639964,0.23385452161972453,8.2891,train,23,"{""type"":""MultiPoint"",""coordinates"":[]}"
000000000000000005a7_0,2921.5,2138.0,740.0,900.0,1084.5,2510.5,0.08013338,0.39666203,MangYang,597,1,1,1,0,13.79178998055859,108.34773681594595,1,2023,597,14.289288,2623.3507197850586,2256.703699868847,0.7605874015714252,14.289288,train,72,"{""type"":""MultiPoint"",""coordinates"":[]}"
00000000000000000520_0,2409.0,1364.0,394.0,613.0,579.0,2484.0,0.2910603,0.6219393,MangYang,598,1,1,1,0,13.851345734228413,108.34612262136459,1,2023,598,15.669282,3107.853968270547,2656.1605346543565,0.17504090208083323,15.669282,train,90,"{""type"":""MultiPoint"",""coordinates"":[]}"
000000000000000003f8_0,2154.5,1243.5,447.0,666.5,681.5,2617.5,0.35586634,0.5868445,MangYang,600,1,1,1,0,13.798795228313553,108.17579833842613,1,2023,600,3.8145735,3112.0567742195176,2600.9374859346635,0.1194143542844206,3.8145735,train,79,"{""type"":""MultiPoint"",""coordinates"":[]}"
000000000000000003e9_0,2963.0,2041.0,601.0,799.0,870.0,2832.0,0.162323,0.5299838,MangYang,602,1,1,1,0,13.852696841847605,108.34719726471847,1,2023,602,9.293514,3107.853968270547,2656.1605346543565,0.7965740895879586,9.293514,train,79,"{""type"":""MultiPoint"",""coordinates"":[]}"
00000000000000000422_0,2997.0,2315.0,691.0,849.0,985.0,2157.0,-0.035330947,0.3730108,MangYang,604,1,1,1,0,13.80984488072399,108.3043497626959,1,2023,604,14.300441,2897.990235873274,2491.310220139485,0.28231646038306046,14.300441,train,95,"{""type"":""MultiPoint"",""coordinates"":[]}"
000000000000000005b7_0,2449.0,1603.0,507.5,722.0,701.0,2998.0,0.30319497,0.62097865,MangYang,605,1,1,1,0,13.852696841847605,108.34746926988272,1,2023,605,8.962702,3107.853968270547,2656.1605346543565,0.30402565452573105,8.962702,train,96,"{""type"":""MultiPoint"",""coordinates"":[]}"
0000000000000000034a_0,2571.0,1926.0,634.0,783.0,903.0,2436.0,0.11691885,0.4591195,MangYang,607,1,1,1,0,13.852424836683346,108.34746926988272,1,2023,607,13.405061,3107.853968270547,2656.1605346543565,0.3645901458618368,13.405061,train,96,"{""type"":""MultiPoint"",""coordinates"":[]}"
00000000000000000352_0,2233.0,1280.0,356.5,610.0,432.5,2691.5,0.35540727,0.7231114,MangYang,607,1,1,1,0,13.899856294588853,108.25583920233547,1,2023,607,0.92740995,2857.340894066554,2383.316735011041,0.16057854652645798,0.92740995,train,47,"{""type"":""MultiPoint"",""coordinates"":[]}"
000000000000000003d1_0,2389.5,1407.5,419.0,643.0,649.5,2551.5,0.28896186,0.5941893,MangYang,608,1,1,1,0,13.90012829975311,108.25557165627227,1,2023,608,2.661288,2937.2231726936798,2480.487838212103,0.5867099300608039,2.661288,train,45,"{""type"":""MultiPoint"",""coordinates"":[]}"
00000000000000000394_0,3600.5,3148.0,755.5,941.5,1215.0,2309.0,-0.15374748,0.3104427,MangYang,609,1,1,1,0,13.80553293000531,108.30246356295031,1,2023,609,9.242931,2897.990235873274,2491.310220139485,0.7253398404789941,9.242931,train,57,"{""type"":""MultiPoint"",""coordinates"":[]}"
00000000000000000355_0,3097.0,2298.5,596.5,783.5,884.5,2018.0,-0.064983204,0.3905254,MangYang,610,1,1,1,0,13.809844880723992,108.30461730875913,1,2023,610,20.835209,2897.990235873274,2491.310220139485,0.43374785663155735,20.835209,train,95,"{""type"":""MultiPoint"",""coordinates"":[]}"
000000000000000004dd_0,2485.0,1752.0,512.0,692.0,669.0,2666.0,0.20688094,0.5988006,MangYang,610,1,1,1,0,13.852964387910813,108.34746926988272,1,2023,610,12.205251,3107.853968270547,2656.1605346543565,0.46333651210987115,12.205251,train,85,"{""type"":""MultiPoint"",""coordinates"":[]}"
000000000000000004f3_0,2675.0,1808.0,652.0,831.0,991.0,2630.0,0.18521857,0.4526374,MangYang,610,1,1,1,0,13.784784732803624,108.35070211814649,1,2023,610,14.958674,2635.8332077176196,2325.3184683491163,0.36835257201740557,14.958674,train,86,"{""type"":""MultiPoint"",""coordinates"":[]}"
0000000000000000062b_0,3091.5,2116.5,759.5,1043.5,1385.5,2736.0,0.12766615,0.32767197,MangYang,612,1,1,1,0,13.792869083013523,108.35043457208329,1,2023,612,5.3098884,2635.8332077176196,2325.3184683491163,0.05481456955088515,5.3098884,train,45,"{""type"":""MultiPoint"",""coordinates"":[]}"
00000000000000000549_0,2292.0,1380.0,463.0,696.0,754.0,2705.0,0.3243574,0.56403583,MangYang,613,1,1,1,0,13.846226686219056,108.33695916869976,1,2023,613,13.900917,2897.990235873274,2491.310220139485,0.361250292869325,13.900917,train,98,"{""type"":""MultiPoint"",""coordinates"":[]}"
00000000000000000488_0,2184.5,1393.0,488.5,626.5,583.0,2652.0,0.31124845,0.63956726,MangYang,614,1,1,1,0,13.755136169899263,108.30838970825035,1,2023,614,3.9870765,2623.3507197850586,2256.703699868847,0.7492171197343583,3.9870765,train,85,"{""type"":""MultiPoint"",""coordinates"":[]}"
00000000000000000630_0,2836.0,2137.0,726.0,885.5,988.5,2172.5,0.008237614,0.374565,MangYang,614,1,1,1,0,13.754868623836058,108.30812216218712,1,2023,614,7.292707,2623.3507197850586,2256.703699868847,0.08785828331319512,7.292707,train,89,"{""type"":""MultiPoint"",""coordinates"":[]}"
000000000000000004ee_0,3225.0,2484.5,906.5,1171.0,1319.0,2249.5,-0.049640894,0.2607538,MangYang,617,1,1,1,0,13.763492525273422,108.33291476404429,1,2023,607,18.615881,2623.3507197850586,2256.703699868847,0.7132601381989494,12.257932,train,48,"{""type"":""MultiPoint"",""coordinates"":[]}"
0000000000000000053b_0,1922.5,1388.0,463.5,674.0,934.0,1872.0,0.14846626,0.33428368,MangYang,618,1,1,1,0,13.861048738120715,108.2350910051338,0,2023,618,4.165689,2909.244924926781,2455.9372502304473,0.44321708145952565,4.165689,train,22,"{""type"":""MultiPoint"",""coordinates"":[]}"
000000000000000005b8_0,2266.0,1286.0,422.0,677.0,664.0,2775.0,0.36665845,0.61384124,MangYang,618,1,1,1,0,13.846498691383317,108.3366871635355,1,2023,618,9.675222,2897.990235873274,2491.310220139485,0.5906544905819705,9.675222,train,99,"{""type"":""MultiPoint"",""coordinates"":[]}"
0000000000000000034d_0,3431.5,2528.5,914.5,1123.0,1387.0,2883.0,0.06550864,0.35035127,MangYang,624,1,1,1,0,13.854043490365745,108.34719726471849,1,2023,624,20.471159,3107.853968270547,2656.1605346543565,0.2780266279220813,20.471159,train,87,"{""type"":""MultiPoint"",""coordinates"":[]}"
00000000000000000328_0,2718.0,1959.0,592.5,869.0,906.0,2836.0,0.18289885,0.515767,MangYang,628,1,1,1,0,13.854043490365745,108.34558307013712,1,2023,628,13.259181,3107.853968270547,2656.1605346543565,0.6601457871544332,13.259181,train,68,"{""type"":""MultiPoint"",""coordinates"":[]}"
000000000000000005e1_0,3182.0,1826.5,704.5,908.5,927.5,3109.5,0.25992706,0.54050034,MangYang,628,1,1,1,0,13.820354981906965,108.27362655643766,1,2023,628,8.432744,2696.8537884503603,2278.8320351414154,0.22581926533313523,8.432744,train,83,"{""type"":""MultiPoint"",""coordinates"":[]}"
0000000000000000046c_0,2866.0,2140.0,688.0,818.0,1004.0,2285.0,0.03276836,0.38948008,MangYang,636,1,1,1,0,13.811463534406393,108.30407775753164,1,2023,636,14.300461,2897.990235873274,2491.310220139485,0.31780275083134,14.300461,train,97,"{""type"":""MultiPoint"",""coordinates"":[]}"
00000000000000000437_0,2358.0,1873.0,598.5,764.0,878.5,2141.0,0.066766314,0.4181156,MangYang,637,1,1,1,0,13.816854587580007,108.31755316091518,1,2023,637,16.140377,2897.990235873274,2491.310220139485,0.6841607069455051,16.140377,train,100,"{""type"":""MultiPoint"",""coordinates"":[]}"
0000000000000000048a_0,2672.0,1700.5,501.5,700.5,702.5,2352.0,0.16076496,0.5400229,MangYang,646,1,1,1,0,13.811731080469599,108.3043497626959,1,2023,646,6.7191606,2897.990235873274,2491.310220139485,0.3460540180343332,6.7191606,train,78,"{""type"":""MultiPoint"",""coordinates"":[]}"
000000000000000003b9_0,2535.5,1562.0,491.0,718.0,726.5,2738.5,0.27357283,0.5806638,MangYang,650,1,1,1,0,13.859969635665777,108.34234576277233,1,2023,640,16.142492,3107.853968270547,2656.1605346543565,0.5996448185554665,23.066921,train,81,"{""type"":""MultiPoint"",""coordinates"":[]}"
00000000000000000563_0,3527.5,2557.0,811.0,975.5,1199.5,2559.0,3.9093042E-4,0.36171344,MangYang,651,1,1,1,0,13.790443332040446,108.35312786911956,0,2023,651,6.9041204,2635.8332077176196,2325.3184683491163,0.003058624521115383,6.9041204,train,20,"{""type"":""MultiPoint"",""coordinates"":[]}"
00000000000000000528_0,2810.0,2218.0,739.0,862.0,984.0,2430.0,0.045611016,0.4235501,MangYang,652,1,1,1,0,13.825478489017375,108.32267666802557,1,2023,652,7.0607133,2897.990235873274,2491.310220139485,0.6871289389007291,7.0607133,train,90,"{""type"":""MultiPoint"",""coordinates"":[]}"
0000000000000000048c_0,2327.5,1228.5,352.5,565.5,530.5,2851.5,0.39779413,0.6862803,MangYang,654,1,1,1,0,13.808230686142645,108.2970725097767,0,2023,655,1.3310918,2696.8537884503603,2278.8320351414154,0.6025029744856335,2.122482,train,14,"{""type"":""MultiPoint"",""coordinates"":[]}"
000000000000000003ee_0,2843.0,2207.0,696.0,910.0,979.0,2342.0,0.029676853,0.41041854,MangYang,655,1,1,1,0,13.8230527380443,108.32590951628931,1,2023,655,0.92740995,2897.990235873274,2491.310220139485,0.13634468714640535,0.92740995,train,94,"{""type"":""MultiPoint"",""coordinates"":[]}"
00000000000000000411_0,2524.0,1899.0,579.0,837.0,1168.0,2396.0,0.11571595,0.3445567,MangYang,656,1,1,1,0,13.983937104052625,108.28467620884813,0,2023,656,8.636541,2830.9538914197656,2390.6103292524813,0.4100623762667909,8.636541,train,12,"{""type"":""MultiPoint"",""coordinates"":[]}"
0000000000000000036e_0,2939.5,2295.0,767.0,970.5,1016.0,2688.0,0.07886815,0.4514039,MangYang,657,1,1,1,0,13.823320284107504,108.32617706235253,1,2023,657,4.6773024,2897.990235873274,2491.310220139485,0.738207849662323,4.6773024,train,78,"{""type"":""MultiPoint"",""coordinates"":[]}"
00000000000000000365_0,2408.0,1587.0,455.0,646.0,732.0,2447.0,0.2131879,0.5394778,MangYang,658,1,1,1,0,13.825478489017375,108.32186511163384,1,2023,658,10.54848,2897.990235873274,2491.310220139485,0.1621705355319275,10.54848,train,100,"{""type"":""MultiPoint"",""coordinates"":[]}"
00000000000000000377_0,2601.0,1795.0,578.0,765.0,863.0,2681.0,0.1979446,0.5129797,MangYang,658,1,1,1,0,13.823587830170712,108.32617706235253,1,2023,658,2.7802885,2897.990235873274,2491.310220139485,0.36963328443087784,2.7802885,train,72,"{""type"":""MultiPoint"",""coordinates"":[]}"
00000000000000000497_0,2846.0,2007.0,593.0,805.0,908.5,2752.0,0.15654549,0.50361973,MangYang,658,1,1,1,0,13.82358783017071,108.3264490675168,1,2023,658,1.3311367,2897.990235873274,2491.310220139485,0.6562020503165075,1.3311367,train,67,"{""type"":""MultiPoint"",""coordinates"":[]}"
000000000000000005fe_0,2997.0,2260.0,696.0,943.0,979.0,2447.0,0.039728064,0.42848805,MangYang,658,1,1,1,0,13.83032553186247,108.3164785175613,1,2023,658,5.7121015,2897.990235873274,2491.310220139485,0.168821429953961,5.7121015,train,74,"{""type"":""MultiPoint"",""coordinates"":[]}"
00000000000000000613_0,2657.0,1726.0,543.0,732.0,960.0,2296.0,0.14172053,0.41031942,MangYang,658,1,1,1,0,13.983937104052625,108.2275417470503,1,2023,658,10.534475,2690.046508660598,2298.4943884523354,0.39299135684638253,10.534475,train,40,"{""type"":""MultiPoint"",""coordinates"":[]}"
00000000000000000624_0,2522.5,1774.0,581.5,854.5,1199.0,2285.0,0.12589307,0.3117107,MangYang,658,1,1,1,0,13.983669557989419,108.28467620884813,0,2023,658,3.9279938,2830.9538914197656,2390.6103292524813,0.43321166082715323,3.9279938,train,27,"{""type"":""MultiPoint"",""coordinates"":[]}"
000000000000000004bf_0,2344.5,1663.5,622.5,788.5,897.5,2409.5,0.18315738,0.45721197,MangYang,659,1,1,1,0,13.823320284107504,108.3264490675168,1,2023,659,2.1225924,2897.990235873274,2491.310220139485,0.11111676436319051,2.1225924,train,94,"{""type"":""MultiPoint"",""coordinates"":[]}"
000000000000000003a0_0,2552.0,1672.0,532.5,724.5,758.0,2282.0,0.15427415,0.5013158,MangYang,660,1,1,1,0,13.812003085633858,108.31512740994211,1,2023,664,10.573126,2897.990235873274,2491.310220139485,0.003913533857472062,10.7657385,train,87,"{""type"":""MultiPoint"",""coordinates"":[]}"
000000000000000003d2_0,2226.5,1218.0,471.5,671.5,546.5,2735.5,0.3838371,0.6669714,MangYang,660,1,1,0,0,13.828978883344329,108.32698861874425,0,0,660,2.9392753,2897.990235873274,2491.310220139485,0.3920504880320854,2.9392753,train,84,"{""type"":""MultiPoint"",""coordinates"":[]}"
000000000000000003fa_0,2551.0,1884.0,551.0,718.0,852.0,2201.0,0.07760098,0.44186047,MangYang,660,1,1,1,0,13.82574603508058,108.3221371167981,1,2023,660,11.032403,2897.990235873274,2491.310220139485,0.4508250645742903,11.032403,train,100,"{""type"":""MultiPoint"",""coordinates"":[]}"
0000000000000000045b_0,2658.5,1865.0,630.5,836.0,951.5,2455.0,0.13657407,0.4413621,MangYang,660,1,1,0,0,13.82925088850859,108.32698861874425,0,0,660,3.3712518,2897.990235873274,2491.310220139485,0.786821520590495,3.3712518,train,27,"{""type"":""MultiPoint"",""coordinates"":[]}"
00000000000000000553_0,2316.0,1656.0,499.0,735.0,1079.0,2029.0,0.10122117,0.3056628,MangYang,660,1,1,1,0,13.98366955798942,108.22781375221456,0,2023,660,13.033253,2690.046508660598,2298.4943884523354,0.6020977842261124,13.033253,train,11,"{""type"":""MultiPoint"",""coordinates"":[]}"
00000000000000000626_0,2708.0,2058.0,661.0,847.0,967.0,2593.0,0.11502903,0.45674157,MangYang,660,1,1,1,0,13.857548343793754,108.34342486522725,1,2023,660,9.50958,3107.853968270547,2656.1605346543565,0.3423506980336968,9.50958,train,79,"{""type"":""MultiPoint"",""coordinates"":[]}"
000000000000000003cb_0,2148.0,1267.0,430.0,659.0,652.0,2673.0,0.3568528,0.60781956,MangYang,661,1,1,1,0,13.825746035080583,108.32186511163384,1,2023,661,8.594966,2897.990235873274,2491.310220139485,0.253547626995117,8.594966,train,95,"{""type"":""MultiPoint"",""coordinates"":[]}"
000000000000000005d0_0,2463.0,1580.0,476.0,655.0,742.0,2642.0,0.25153956,0.56146574,MangYang,661,1,1,1,0,13.82574603508058,108.32590951628931,1,2023,661,9.850467,2897.990235873274,2491.310220139485,0.26442316648779784,9.850467,train,52,"{""type"":""MultiPoint"",""coordinates"":[]}"
0000000000000000058a_0,2431.5,1643.0,531.0,693.0,791.5,2367.5,0.18065079,0.49889207,MangYang,662,1,1,1,0,13.825746035080583,108.32240466286132,1,2023,662,10.992985,2897.990235873274,2491.310220139485,0.6752967300402395,10.992985,train,78,"{""type"":""MultiPoint"",""coordinates"":[]}"
0000000000000000031c_0,2543.0,1781.0,648.0,791.0,929.0,2592.0,0.1854562,0.472309,MangYang,666,1,1,1,0,13.853771485201488,108.3498950208558,1,2023,666,16.253593,3107.853968270547,2656.1605346543565,0.7670428276618901,16.253593,train,78,"{""type"":""MultiPoint"",""coordinates"":[]}"
0000000000000000053e_0,2395.0,1635.0,523.0,748.0,1050.0,2032.0,0.10826288,0.31862426,MangYang,666,1,1,1,0,13.983937104052625,108.22808129827779,1,2023,666,6.72367,2690.046508660598,2298.4943884523354,0.3886391831684022,6.72367,train,44,"{""type"":""MultiPoint"",""coordinates"":[]}"
000000000000000003ff_0,2036.5,1046.0,405.0,604.5,494.0,2624.0,0.42997274,0.6831302,MangYang,667,1,1,1,0,13.82574603508058,108.32348376531624,1,2023,667,14.973349,2897.990235873274,2491.310220139485,0.7692414989203812,14.973349,train,100,"{""type"":""MultiPoint"",""coordinates"":[]}"
00000000000000000436_0,2467.0,1316.0,454.0,759.0,625.0,2839.0,0.36654633,0.6391455,MangYang,668,1,1,0,1,13.835988590200346,108.29599340732176,1,2011,668,2.6609116,2696.8537884503603,2278.8320351414154,0.27610588274019077,2.6609116,train,90,"{""type"":""MultiPoint"",""coordinates"":[]}"
0000000000000000056f_0,2113.0,1229.5,395.0,581.5,542.0,2681.0,0.37118015,0.6636674,MangYang,670,1,1,1,0,13.986634860189962,108.22673464975963,1,2023,670,2.661802,2690.046508660598,2298.4943884523354,0.4174714332431694,2.661802,train,55,"{""type"":""MultiPoint"",""coordinates"":[]}"
0000000000000000061d_0,3338.0,1986.0,532.0,699.0,859.0,2569.0,0.12799121,0.49883315,MangYang,671,1,1,1,0,13.811731080469599,108.29680496371348,1,2023,675,11.3961,2696.8537884503603,2278.8320351414154,0.3148674636250227,5.9865847,train,78,"{""type"":""MultiPoint"",""coordinates"":[]}"
000000000000000003d3_0,2406.0,1935.0,531.0,712.0,937.5,2328.0,0.0921886,0.42581534,MangYang,672,1,1,1,0,13.962649355623475,108.28009671206621,0,2023,672,6.0048637,2830.9538914197656,2390.6103292524813,0.685068327652094,6.0048637,train,22,"{""type"":""MultiPoint"",""coordinates"":[]}"
0000000000000000052c_0,2233.0,1575.0,400.0,639.0,1175.5,2331.5,0.1936516,0.32962647,MangYang,673,1,1,1,0,13.906054445053142,108.27093325940139,0,2023,673,3.7047918,2937.2231726936798,2480.487838212103,0.6726023978224643,3.7047918,train,26,"{""type"":""MultiPoint"",""coordinates"":[]}"
000000000000000003ef_0,2775.0,2068.0,587.0,777.0,958.0,2051.0,-0.004127215,0.3632436,MangYang,675,1,1,1,0,13.82574603508058,108.29141391053986,0,2023,675,4.7158017,2696.8537884503603,2278.8320351414154,0.23608837870867505,4.7158017,train,25,"{""type"":""MultiPoint"",""coordinates"":[]}"
0000000000000000052e_0,2712.0,1987.5,775.5,972.0,1030.5,2218.0,0.05480918,0.36555332,MangYang,675,1,1,1,0,13.829250888508588,108.32617706235253,1,2023,675,12.522005,2897.990235873274,2491.310220139485,0.5416593662199894,12.522005,train,98,"{""type"":""MultiPoint"",""coordinates"":[]}"
00000000000000000404_0,2452.5,1698.0,516.0,702.0,906.5,2324.0,0.15564395,0.43878657,MangYang,676,1,1,1,0,13.962916901686683,108.28036425812942,0,2023,676,5.112446,2830.9538914197656,2390.6103292524813,0.45074126394236214,3.9276636,train,22,"{""type"":""MultiPoint"",""coordinates"":[]}"
00000000000000000595_0,2256.5,1588.5,421.5,666.0,838.5,2459.0,0.21507104,0.4914329,MangYang,676,1,1,1,0,13.909019747253682,108.26554220622778,0,2023,676,3.410334,2937.2231726936798,2480.487838212103,0.422502006099172,3.410334,train,14,"{""type"":""MultiPoint"",""coordinates"":[]}"
000000000000000004e4_0,3863.5,3391.0,910.0,1104.0,1319.0,2680.0,-0.11711415,0.34033507,MangYang,677,1,1,1,0,13.829790439736055,108.28736950588439,1,2023,677,7.2936864,2696.8537884503603,2278.8320351414154,0.701045280525219,7.2936864,train,60,"{""type"":""MultiPoint"",""coordinates"":[]}"
00000000000000000483_0,2931.0,2018.0,750.0,1025.0,984.0,2475.0,0.10171378,0.43104944,MangYang,679,1,1,0,0,13.83059753702673,108.32698861874425,0,0,679,4.7240696,2897.990235873274,2491.310220139485,0.7425047642062579,4.7240696,train,0,"{""type"":""MultiPoint"",""coordinates"":[]}"
00000000000000000496_0,3549.0,2668.0,1001.0,1251.5,1490.5,2776.5,0.019928368,0.3013827,MangYang,680,1,1,1,0,13.831404634317403,108.29383966151295,0,2023,680,6.905233,2696.8537884503603,2278.8320351414154,0.4413583747202212,6.905233,train,17,"{""type"":""MultiPoint"",""coordinates"":[]}"
00000000000000000587_0,3721.0,3110.5,900.5,1045.0,1280.5,2745.5,-0.062329236,0.36388475,MangYang,680,1,1,1,0,13.829790439736056,108.28710195982119,1,2023,680,9.242942,2696.8537884503603,2278.8320351414154,0.5828149078880732,9.242942,train,47,"{""type"":""MultiPoint"",""coordinates"":[]}"
000000000000000005f6_0,2302.5,2087.5,704.0,856.0,879.0,2007.0,-0.01966052,0.3908524,MangYang,680,1,1,1,0,13.830865083089936,108.32671661358,1,2023,680,4.7158675,2897.990235873274,2491.310220139485,0.787788686909618,4.7158675,train,53,"{""type"":""MultiPoint"",""coordinates"":[]}"
00000000000000000610_0,2873.0,2214.0,637.5,801.0,997.5,2433.5,0.047229692,0.41853687,MangYang,680,1,1,1,0,13.822513186816831,108.27982470690198,1,2023,680,10.765797,2696.8537884503603,2278.8320351414154,0.7734231015392348,10.765797,train,98,"{""type"":""MultiPoint"",""coordinates"":[]}"
00000000000000000432_0,2068.0,1264.0,388.0,665.5,413.5,3378.0,0.45540714,0.7818805,MangYang,681,1,1,1,0,13.839488984527302,108.34369687039151,1,2023,681,23.323112,2897.990235873274,2491.310220139485,0.6673786672022152,23.323112,train,85,"{""type"":""MultiPoint"",""coordinates"":[]}"
00000000000000000445_0,3105.0,2138.0,763.0,910.0,1210.0,2526.0,0.0831904,0.3522484,MangYang,683,1,1,1,0,13.975585207779522,108.30407775753164,1,2023,683,10.145234,3602.625690806518,3058.215705565512,0.2230143333452268,10.145234,train,76,"{""type"":""MultiPoint"",""coordinates"":[]}"
000000000000000004fa_0,2993.0,2275.0,660.0,937.0,1334.0,2107.0,-0.038338657,0.224644,MangYang,683,1,1,1,0,13.999298707181747,108.28710195982119,0,2023,683,2.6618764,2830.9538914197656,2390.6103292524813,0.3115664548842947,2.6618764,train,24,"{""type"":""MultiPoint"",""coordinates"":[]}"
00000000000000000477_0,3473.0,2722.0,875.0,1120.0,1244.0,2624.0,-0.018331463,0.35677353,MangYang,684,1,1,1,0,13.8198154306795,108.28225045787505,1,2023,684,5.510108,2696.8537884503603,2278.8320351414154,0.2060819861752594,5.510108,train,75,"{""type"":""MultiPoint"",""coordinates"":[]}"
000000000000000004bb_0,2568.0,1811.0,539.0,765.0,836.0,2439.0,0.14776471,0.48946565,MangYang,684,1,1,1,0,13.920069399664118,108.29087435931241,0,2023,684,2.1233077,2937.2231726936798,2480.487838212103,0.5248388514704809,2.1233077,train,28,"{""type"":""MultiPoint"",""coordinates"":[]}"
000000000000000005c3_0,2350.0,1902.0,569.0,699.0,911.0,2023.0,0.030828025,0.37900478,MangYang,684,1,1,1,0,13.908752201190474,108.26823550326407,0,2023,683,3.9267917,2937.2231726936798,2480.487838212103,0.17771418934034944,4.8550787,train,0,"{""type"":""MultiPoint"",""coordinates"":[]}"
00000000000000000615_0,2520.0,2034.5,715.0,890.0,950.0,2291.0,0.059299503,0.4137612,MangYang,685,1,1,1,0,13.829518434571796,108.32590951628931,1,2023,685,16.973307,2897.990235873274,2491.310220139485,0.3993253317790274,16.973307,train,90,"{""type"":""MultiPoint"",""coordinates"":[]}"
00000000000000000334_0,2652.0,2052.0,547.0,692.0,994.0,2030.0,-0.005389515,0.3425926,MangYang,686,1,1,0,0,13.908752201190474,108.26877505449151,0,0,687,2.86413,2937.2231726936798,2480.487838212103,0.25086814697250004,2.7802885,train,17,"{""type"":""MultiPoint"",""coordinates"":[]}"
0000000000000000059e_0,3174.0,1963.0,633.0,938.0,859.0,3070.0,0.21994834,0.5627386,MangYang,686,1,1,1,0,14.050774569742725,108.34908346446409,0,2023,686,8.598582,2641.6318039000034,2220.3579389390734,0.45540326889391003,8.598582,train,23,"{""type"":""MultiPoint"",""coordinates"":[]}"
00000000000000000627_0,2371.5,1859.0,474.5,701.5,1060.0,2261.5,0.09768232,0.36173415,MangYang,686,1,1,1,0,13.897970094843245,108.27254745398272,1,2023,686,0.92740995,2857.340894066554,2383.316735011041,0.35351461079753554,0.92740995,train,33,"{""type"":""MultiPoint"",""coordinates"":[]}"
0000000000000000062c_0,2296.0,2122.0,678.0,803.0,860.0,1843.0,-0.0703657,0.36367,MangYang,686,1,1,1,0,13.81523593389761,108.31539941510634,1,2023,686,8.532458,2897.990235873274,2491.310220139485,0.14329454696049504,8.532458,train,85,"{""type"":""MultiPoint"",""coordinates"":[]}"
00000000000000000350_0,2849.0,1806.0,562.0,830.0,908.0,2666.0,0.1923077,0.49188584,MangYang,687,1,1,1,0,14.051314120970195,108.34881591840087,1,2023,687,8.873206,2641.6318039000034,2220.3579389390734,0.42120125465400793,8.873206,train,48,"{""type"":""MultiPoint"",""coordinates"":[]}"
00000000000000000473_0,2682.5,1802.0,505.0,712.5,653.5,2711.5,0.20150658,0.6115899,MangYang,687,1,1,1,0,13.822780732880041,108.28009671206621,1,2023,687,11.149734,2696.8537884503603,2278.8320351414154,0.12950807307464096,11.149734,train,95,"{""type"":""MultiPoint"",""coordinates"":[]}"
000000000000000003c4_0,2825.5,1975.0,631.0,782.5,925.5,2022.0,0.011758819,0.37201017,MangYang,688,1,1,1,0,13.831137088254197,108.3188998094333,1,2023,688,13.291644,2897.990235873274,2491.310220139485,0.3498730457579652,13.291644,train,99,"{""type"":""MultiPoint"",""coordinates"":[]}"
0000000000000000036f_0,2637.0,1730.0,546.0,773.0,776.0,2632.0,0.20678587,0.54460096,MangYang,689,1,1,1,0,13.83679568749102,108.34854837233766,1,2023,689,7.3321805,2897.990235873274,2491.310220139485,0.30372053303086033,7.3321805,train,92,"{""type"":""MultiPoint"",""coordinates"":[]}"
00000000000000000367_0,2991.0,2062.0,835.0,1028.0,1066.0,2324.0,0.05973552,0.37109146,MangYang,691,1,1,1,0,13.830597537026732,108.32375131137947,1,2023,691,12.448607,2897.990235873274,2491.310220139485,0.4463634250828378,12.448607,train,72,"{""type"":""MultiPoint"",""coordinates"":[]}"
000000000000000005d8_0,2401.0,1439.0,499.0,707.0,776.0,2769.0,0.31606463,0.5622003,MangYang,691,1,1,1,0,14.051314120970192,108.34908346446409,1,2023,691,7.60717,2641.6318039000034,2220.3579389390734,0.2593315000231483,7.60717,train,45,"{""type"":""MultiPoint"",""coordinates"":[]}"
000000000000000003d7_0,2697.0,1937.0,636.0,824.0,947.0,2372.0,0.1009515,0.42934617,MangYang,693,1,1,1,0,13.837063233554225,108.34854837233766,1,2023,693,13.5755,2897.990235873274,2491.310220139485,0.5774559658680691,13.5755,train,99,"{""type"":""MultiPoint"",""coordinates"":[]}"
00000000000000000457_0,2687.0,2121.0,819.0,920.0,1057.0,2217.0,0.022130014,0.35430667,MangYang,693,1,1,1,0,13.834369936517945,108.32267666802558,1,2023,693,3.987773,2897.990235873274,2491.310220139485,0.06382596326463741,3.987773,train,45,"{""type"":""MultiPoint"",""coordinates"":[]}"
000000000000000004cf_0,1980.0,1617.5,475.5,678.5,1109.5,1654.0,0.011156961,0.19703275,MangYang,693,1,1,1,0,13.997144961372934,108.23967050191567,0,2023,693,8.757407,2690.046508660598,2298.4943884523354,0.5798085518417504,8.757407,train,12,"{""type"":""MultiPoint"",""coordinates"":[]}"
00000000000000000604_0,2812.0,1739.0,548.0,811.0,822.0,3250.0,0.3028663,0.59626716,MangYang,693,1,1,1,0,13.837063233554225,108.3482763671734,1,2023,693,16.24506,2897.990235873274,2491.310220139485,0.24977359785669628,16.24506,train,99,"{""type"":""MultiPoint"",""coordinates"":[]}"
000000000000000003a1_0,2887.0,1924.0,809.0,1034.0,1178.0,2865.5,0.19657585,0.41733646,MangYang,694,1,1,1,0,14.045115970505904,108.33695916869976,0,2023,694,3.4117525,2752.621212776718,2294.530519202511,0.46457590137490257,3.4117525,train,17,"{""type"":""MultiPoint"",""coordinates"":[]}"
000000000000000003e8_0,1992.0,1177.5,539.0,652.5,496.5,2304.0,0.32356742,0.64542043,MangYang,694,1,1,1,0,13.834369936517945,108.32294421408879,1,2023,694,3.4095647,2897.990235873274,2491.310220139485,0.4494391534313874,3.4095647,train,45,"{""type"":""MultiPoint"",""coordinates"":[]}"
000000000000000004eb_0,3057.5,2384.5,698.0,911.0,1049.0,2443.0,0.012118073,0.39919817,MangYang,694,1,1,1,0,13.8230527380443,108.28009671206621,1,2023,694,15.858723,2696.8537884503603,2278.8320351414154,0.11291164713607771,15.858723,train,92,"{""type"":""MultiPoint"",""coordinates"":[]}"
0000000000000000046e_0,2662.0,1720.0,464.0,754.5,825.0,2741.0,0.22887245,0.5372967,MangYang,695,1,1,1,0,13.996065858918,108.31539941510634,1,2023,695,7.9401026,3602.625690806518,3058.215705565512,0.12870149177493728,7.9401026,train,60,"{""type"":""MultiPoint"",""coordinates"":[]}"
00000000000000000594_0,2401.0,1301.0,396.0,638.5,468.5,3009.0,0.3962877,0.73055357,MangYang,695,1,1,1,0,14.056165622916344,108.35016256691901,1,2023,695,8.73444,2899.866533741355,2435.8231804678194,0.6642463961748488,8.73444,train,39,"{""type"":""MultiPoint"",""coordinates"":[]}"
00000000000000000405_0,3377.5,2132.0,626.5,882.0,1014.5,2867.0,0.1470294,0.47726396,MangYang,696,1,1,1,0,13.916297000172905,108.29330011028547,0,2023,696,16.145271,2937.2231726936798,2480.487838212103,0.24774547670267733,16.145271,train,12,"{""type"":""MultiPoint"",""coordinates"":[]}"
0000000000000000059c_0,2932.5,1925.0,668.0,892.5,958.0,2745.0,0.17558886,0.4825817,MangYang,696,1,1,1,0,13.830325531862469,108.32483041383439,1,2023,696,12.768225,2897.990235873274,2491.310220139485,0.3792524923799151,12.768225,train,71,"{""type"":""MultiPoint"",""coordinates"":[]}"
00000000000000000341_0,2552.0,1388.0,412.0,679.0,512.0,2806.0,0.33810204,0.6913803,MangYang,697,1,1,1,0,14.065864167707588,108.34207821670911,1,2023,701,6.349986,2641.6318039000034,2220.3579389390734,0.6642902016331567,6.349986,train,37,"{""type"":""MultiPoint"",""coordinates"":[]}"
0000000000000000038d_0,2551.0,1821.0,611.0,815.0,967.0,2324.0,0.121351026,0.41233668,MangYang,697,1,1,1,0,13.834369936517945,108.32240466286132,1,2023,697,15.847954,2897.990235873274,2491.310220139485,0.4390509084159192,15.847954,train,45,"{""type"":""MultiPoint"",""coordinates"":[]}"
000000000000000004a1_0,2623.0,1397.0,442.0,670.0,555.0,2607.0,0.3021978,0.64895636,MangYang,697,1,1,1,0,14.055626071688877,108.35016256691901,1,2023,697,8.439603,2899.866533741355,2435.8231804678194,0.280830801324673,8.439603,train,45,"{""type"":""MultiPoint"",""coordinates"":[]}"
000000000000000004f4_0,2402.0,1502.0,636.0,826.0,878.0,2642.0,0.27509654,0.50113636,MangYang,697,1,1,1,0,13.83059753702673,108.32321176015198,1,2023,697,12.902057,2897.990235873274,2491.310220139485,0.2772438859324884,12.902057,train,78,"{""type"":""MultiPoint"",""coordinates"":[]}"
000000000000000005ad_0,2878.0,1857.0,596.5,757.0,847.5,2506.0,0.14875086,0.49455792,MangYang,697,1,1,1,0,14.024363314203166,108.33965246573604,1,2023,697,8.289012,2752.621212776718,2294.530519202511,0.4370974392499193,8.289012,train,45,"{""type"":""MultiPoint"",""coordinates"":[]}"
000000000000000005c1_0,1962.5,1477.0,465.5,689.5,1103.5,1735.5,0.080466926,0.2226136,MangYang,698,1,1,1,0,14.02328421174823,108.23670519971515,1,2023,698,14.177645,2503.982889492705,2105.223826727597,0.02887516091667386,14.177645,train,56,"{""type"":""MultiPoint"",""coordinates"":[]}"
0000000000000000049b_0,3797.0,3227.0,888.0,1078.0,1324.0,2451.0,-0.13666785,0.29854304,MangYang,699,1,1,1,0,13.820894533134434,108.29356765634869,1,2023,699,3.7047918,2696.8537884503603,2278.8320351414154,0.4772016237341975,3.7047918,train,97,"{""type"":""MultiPoint"",""coordinates"":[]}"
000000000000000004ea_0,2295.0,1241.0,421.0,686.0,516.0,2807.0,0.38685772,0.68943727,MangYang,699,1,1,1,0,14.054279423170739,108.35043457208329,1,2023,699,5.7176085,2899.866533741355,2435.8231804678194,0.4659266162612916,5.7176085,train,37,"{""type"":""MultiPoint"",""coordinates"":[]}"
00000000000000000383_0,2554.0,1545.0,418.0,710.0,701.0,2830.0,0.29371428,0.6029453,MangYang,700,1,1,1,0,14.051581667033396,108.34962301569155,0,2023,700,8.088214,2641.6318039000034,2220.3579389390734,0.039151286654805495,8.088214,train,22,"{""type"":""MultiPoint"",""coordinates"":[]}"
000000000000000003ac_0,2643.0,1566.0,456.0,720.0,626.0,2744.0,0.27331787,0.62848663,MangYang,700,1,1,1,0,14.054546969233941,108.3498950208558,0,2023,700,3.7047918,2641.6318039000034,2220.3579389390734,0.37888205195935565,3.7047918,train,13,"{""type"":""MultiPoint"",""coordinates"":[]}"
00000000000000000358_0,2055.0,1218.0,407.0,592.0,517.0,2704.0,0.3788883,0.67898166,MangYang,701,1,1,1,0,13.831404634317403,108.31917181459758,1,2023,701,18.891636,2897.990235873274,2491.310220139485,0.33765925072281144,18.891636,train,98,"{""type"":""MultiPoint"",""coordinates"":[]}"
000000000000000004b8_0,2341.0,1192.0,392.0,680.0,543.0,2947.0,0.42401546,0.6888252,MangYang,701,1,1,1,0,13.975852753842728,108.28710195982119,1,2023,701,15.933109,2830.9538914197656,2390.6103292524813,0.06297801593801977,15.933109,train,61,"{""type"":""MultiPoint"",""coordinates"":[]}"
00000000000000000571_0,2367.5,1177.0,394.0,619.5,543.0,3010.5,0.43785074,0.6943858,MangYang,701,1,1,1,0,13.968847506087766,108.29895870952231,1,2023,701,4.2415237,2830.9538914197656,2390.6103292524813,0.14817718862714446,4.2415237,train,70,"{""type"":""MultiPoint"",""coordinates"":[]}"
0000000000000000058d_0,2354.5,1240.0,413.0,639.0,473.5,2663.5,0.36467272,0.6981192,MangYang,701,1,1,1,0,14.055626071688877,108.35043457208329,1,2023,701,5.791387,2899.866533741355,2435.8231804678194,0.15486681951090397,5.791387,train,45,"{""type"":""MultiPoint"",""coordinates"":[]}"
000000000000000003aa_0,2485.5,1354.5,410.0,613.0,482.0,2594.5,0.31400356,0.6866569,MangYang,702,1,1,1,0,14.056165622916343,108.35043457208329,1,2023,702,8.541231,2899.866533741355,2435.8231804678194,0.17275066210831835,8.541231,train,34,"{""type"":""MultiPoint"",""coordinates"":[]}"
00000000000000000442_0,2353.0,1214.0,394.5,597.5,455.0,2742.5,0.3863263,0.71540266,MangYang,702,1,1,1,0,14.05589361775208,108.35043457208329,0,2023,702,5.791394,2899.866533741355,2435.8231804678194,0.5148376670938241,5.791394,train,24,"{""type"":""MultiPoint"",""coordinates"":[]}"
00000000000000000588_0,3117.0,2363.5,801.0,1020.5,1095.0,2702.5,0.0669167,0.4233048,MangYang,702,1,1,1,0,13.827899780889394,108.32429086260692,1,2023,699,7.332013,2897.990235873274,2491.310220139485,0.05691858321666554,10.648451,train,94,"{""type"":""MultiPoint"",""coordinates"":[]}"
00000000000000000616_0,2603.0,1516.0,492.0,752.0,693.0,2881.0,0.31043893,0.6121992,MangYang,702,1,1,1,0,14.067215275326781,108.34207821670911,0,2023,706,8.590372,2641.6318039000034,2220.3579389390734,0.2895071533228747,7.6043544,train,12,"{""type"":""MultiPoint"",""coordinates"":[]}"
0000000000000000061f_0,2772.0,1892.0,563.0,892.0,854.0,2609.0,0.15929793,0.50678605,MangYang,702,1,1,1,0,14.060205568470764,108.34315731916405,1,2023,702,8.088417,2641.6318039000034,2220.3579389390734,0.09103543524831981,8.088417,train,31,"{""type"":""MultiPoint"",""coordinates"":[]}"
00000000000000000458_0,2500.5,1404.5,409.5,608.0,593.0,2670.5,0.31067485,0.6365865,MangYang,703,1,1,1,0,14.05589361775208,108.35070211814649,0,2023,703,3.9291577,2899.866533741355,2435.8231804678194,0.31109237022135905,3.9291577,train,27,"{""type"":""MultiPoint"",""coordinates"":[]}"
00000000000000000558_0,2571.0,1667.0,536.0,825.0,796.0,2860.0,0.26352993,0.5645514,MangYang,703,1,1,1,0,14.064789524353705,108.34261776793659,0,2023,703,8.873579,2641.6318039000034,2220.3579389390734,0.21818325284572326,8.873579,train,17,"{""type"":""MultiPoint"",""coordinates"":[]}"
000000000000000005c9_0,2346.0,1805.0,773.0,913.0,1006.0,2223.0,0.10377359,0.37689686,MangYang,703,1,1,1,0,13.83490948774541,108.32321176015198,1,2023,703,14.300753,2897.990235873274,2491.310220139485,0.45389885128900564,14.300753,train,62,"{""type"":""MultiPoint"",""coordinates"":[]}"
0000000000000000060f_0,2355.0,1197.0,419.0,691.0,471.0,2759.0,0.39484328,0.7083591,MangYang,703,1,1,1,0,14.05508652046141,108.35016256691901,1,2023,703,4.8580365,2899.866533741355,2435.8231804678194,0.3659951120697762,4.8580365,train,31,"{""type"":""MultiPoint"",""coordinates"":[]}"
000000000000000003fe_0,2603.0,1504.0,383.0,587.0,594.0,2667.0,0.27883002,0.63569456,MangYang,704,1,1,1,0,14.055354066524613,108.35096966420969,1,2023,708,8.085199,2899.866533741355,2435.8231804678194,0.4062613336337342,6.028909,train,31,"{""type"":""MultiPoint"",""coordinates"":[]}"
000000000000000004c6_0,2234.0,1174.0,419.0,660.0,499.0,2783.0,0.4066212,0.6959171,MangYang,704,1,1,1,0,14.054279423170735,108.35124166937395,0,2024,707,4.8580194,2899.866533741355,2435.8231804678194,0.16507965782095235,3.9291308,train,27,"{""type"":""MultiPoint"",""coordinates"":[]}"
00000000000000000502_0,2370.0,1272.0,436.0,600.0,531.0,2761.5,0.36928228,0.67744875,MangYang,704,1,1,1,0,14.055354066524613,108.35070211814649,1,2023,704,6.028909,2899.866533741355,2435.8231804678194,0.6976725375514613,6.028909,train,44,"{""type"":""MultiPoint"",""coordinates"":[]}"
000000000000000005d6_0,2024.5,1601.0,492.5,706.5,1162.5,1786.5,0.054760147,0.21159714,MangYang,704,1,1,1,0,14.023284211748232,108.23697720487941,1,2023,704,9.373704,2503.982889492705,2105.223826727597,0.2405135376995282,9.373704,train,45,"{""type"":""MultiPoint"",""coordinates"":[]}"
0000000000000000044f_0,2426.0,1512.0,565.0,738.0,656.0,2736.0,0.2881356,0.6132075,MangYang,705,1,1,1,0,13.830325531862469,108.32321176015198,1,2023,705,12.4486065,2897.990235873274,2491.310220139485,0.03791822002779133,12.4486065,train,95,"{""type"":""MultiPoint"",""coordinates"":[]}"
00000000000000000378_0,2953.0,2132.0,649.0,868.0,938.5,2188.5,0.01307719,0.39974415,MangYang,706,1,1,1,0,14.060745119698227,108.34315731916405,0,2023,706,9.288677,2641.6318039000034,2220.3579389390734,0.24555608655215666,9.288677,train,22,"{""type"":""MultiPoint"",""coordinates"":[]}"
0000000000000000038a_0,2497.5,1762.5,541.5,759.5,797.5,2498.5,0.1727294,0.5160801,MangYang,706,1,1,1,0,14.064789524353708,108.3428853139998,0,2023,706,7.941311,2641.6318039000034,2220.3579389390734,0.25317570529013844,7.941311,train,22,"{""type"":""MultiPoint"",""coordinates"":[]}"
00000000000000000427_0,2122.0,1714.0,458.0,649.0,1073.0,1827.0,0.03191189,0.26,MangYang,706,1,1,1,0,14.033254761703738,108.2550321050448,0,2023,706,8.589134,2548.077674259389,2148.198764667511,0.3459758960449305,8.589134,train,11,"{""type"":""MultiPoint"",""coordinates"":[]}"
00000000000000000540_0,2493.0,1934.0,473.0,723.0,995.0,2207.0,0.065926105,0.37851343,MangYang,706,1,1,1,0,14.08257241935485,108.37980667072233,1,2023,706,11.920226,2899.866533741355,2435.8231804678194,0.6312108861326265,11.920226,train,47,"{""type"":""MultiPoint"",""coordinates"":[]}"
00000000000000000321_0,3037.0,2007.0,789.0,899.0,1192.0,2534.0,0.11605373,0.36017177,MangYang,707,1,1,1,0,13.975317661716312,108.30623596244153,1,2023,717,13.266625,3602.625690806518,3058.215705565512,0.7668017341423974,15.048738,train,70,"{""type"":""MultiPoint"",""coordinates"":[]}"
00000000000000000353_0,2441.0,1320.0,409.0,580.0,559.0,2540.0,0.31606218,0.6392385,MangYang,707,1,1,1,0,14.055626071688877,108.35124166937395,0,2023,711,6.6626205,2899.866533741355,2435.8231804678194,0.06694565595288837,7.821695,train,0,"{""type"":""MultiPoint"",""coordinates"":[]}"
000000000000000003ea_0,2364.0,1303.0,423.0,680.0,547.0,2656.0,0.34175298,0.6584452,MangYang,707,1,1,1,0,14.054814515297146,108.35070211814649,1,2023,707,7.821668,2899.866533741355,2435.8231804678194,0.15535314069563178,7.821668,train,34,"{""type"":""MultiPoint"",""coordinates"":[]}"
00000000000000000403_0,2210.0,1182.0,427.0,637.0,550.0,2686.0,0.38883144,0.6600742,MangYang,707,1,1,1,0,14.054546969233941,108.35124166937395,0,2024,709,5.9891124,2899.866533741355,2435.8231804678194,0.13810230189742512,6.7214046,train,0,"{""type"":""MultiPoint"",""coordinates"":[]}"
00000000000000000448_0,3276.5,2709.5,732.0,961.0,1011.0,2479.0,-0.04442517,0.42063037,MangYang,708,1,1,1,0,13.823320284107504,108.27982470690198,1,2023,708,10.096576,2696.8537884503603,2278.8320351414154,0.25974918069075326,10.096576,train,100,"{""type"":""MultiPoint"",""coordinates"":[]}"
00000000000000000508_0,2848.0,1855.0,571.0,793.0,809.0,2506.0,0.14927769,0.51191556,MangYang,709,1,1,1,0,14.06074511969823,108.34396441645472,1,2023,709,6.6306458,2641.6318039000034,2220.3579389390734,0.24682429992669508,6.6306458,train,44,"{""type"":""MultiPoint"",""coordinates"":[]}"
00000000000000000598_0,1683.0,1233.0,644.0,897.0,874.0,1662.0,0.14818653,0.31072554,MangYang,709,1,1,1,0,14.039992463395496,108.25557165627227,0,2023,709,3.4117002,2548.077674259389,2148.198764667511,7.938186654876667E-4,3.4117002,train,16,"{""type"":""MultiPoint"",""coordinates"":[]}"
00000000000000000481_0,2119.0,1554.0,630.0,925.0,1221.0,1862.0,0.09016393,0.20791437,MangYang,710,1,1,1,0,14.03972491733229,108.25583920233547,1,2023,710,2.124201,2548.077674259389,2148.198764667511,0.08287582336484833,2.124201,train,45,"{""type"":""MultiPoint"",""coordinates"":[]}"
000000000000000005e5_0,2875.0,2394.0,699.0,864.0,978.0,1947.0,-0.102971666,0.33128205,MangYang,710,1,1,1,0,13.82358783017071,108.28009671206621,1,2023,710,12.76813,2696.8537884503603,2278.8320351414154,0.6539821564516248,12.76813,train,100,"{""type"":""MultiPoint"",""coordinates"":[]}"
000000000000000005d9_0,2292.0,1719.0,431.0,684.0,806.0,1954.0,0.0639804,0.41594204,MangYang,711,1,1,1,0,14.048888369997117,108.22322979633162,1,2023,711,10.096576,2503.982889492705,2105.223826727597,0.5505743171394607,10.096576,train,31,"{""type"":""MultiPoint"",""coordinates"":[]}"
00000000000000000464_0,2655.0,1847.0,640.0,831.0,879.0,2887.0,0.21968737,0.53319174,MangYang,712,1,1,1,0,13.829790439736055,108.32429086260692,1,2023,713,3.3712544,2897.990235873274,2491.310220139485,0.5010339985289889,8.287567,train,76,"{""type"":""MultiPoint"",""coordinates"":[]}"
00000000000000000491_0,3407.0,2423.0,734.0,1026.0,1258.0,2520.0,0.01962371,0.33403918,MangYang,712,1,1,1,0,14.05023501851526,108.32536996506187,1,2023,712,3.4118078,2641.6318039000034,2220.3579389390734,0.15256777575932468,3.4118078,train,46,"{""type"":""MultiPoint"",""coordinates"":[]}"
000000000000000004c2_0,2588.0,2005.0,644.0,795.0,941.0,2545.0,0.11868132,0.46012622,MangYang,712,1,1,1,0,14.064517519189447,108.34342486522726,0,2023,712,4.1664577,2641.6318039000034,2220.3579389390734,0.48819333849514324,4.1664577,train,22,"{""type"":""MultiPoint"",""coordinates"":[]}"
00000000000000000621_0,3881.5,2735.0,845.0,1140.5,1349.5,2861.5,0.022603413,0.3590596,MangYang,712,1,1,1,0,13.846226686219056,108.30300311417777,1,2023,712,6.464861,2897.990235873274,2491.310220139485,0.6521148811231344,6.464861,train,80,"{""type"":""MultiPoint"",""coordinates"":[]}"
0000000000000000040f_0,2514.0,1750.0,587.0,795.0,862.0,2528.0,0.18186069,0.49144542,MangYang,714,1,1,1,0,13.838142336009161,108.35043457208329,1,2023,714,8.078569,3155.4534782294163,2709.3334665788348,0.24742792120447044,8.078569,train,96,"{""type"":""MultiPoint"",""coordinates"":[]}"
000000000000000004af_0,2468.5,1637.0,479.5,768.0,775.0,2411.5,0.19130543,0.5135729,MangYang,714,1,1,1,0,13.87209839053115,108.33722671476296,1,2023,714,14.189138,3107.853968270547,2656.1605346543565,0.25714822185490505,14.189138,train,59,"{""type"":""MultiPoint"",""coordinates"":[]}"
00000000000000000581_0,2338.0,1827.0,472.0,637.0,1034.0,1866.0,0.01056052,0.28689656,MangYang,714,1,1,0,0,14.033526766867995,108.25449255381734,0,0,714,6.7250853,2548.077674259389,2148.198764667511,0.2000013659905191,6.7250853,train,0,"{""type"":""MultiPoint"",""coordinates"":[]}"
000000000000000003b5_0,2510.0,1861.0,496.0,728.0,975.0,1951.0,0.023609653,0.33356118,MangYang,715,1,1,1,0,14.043764862886707,108.22484845001402,1,2023,713,8.637856,2503.982889492705,2105.223826727597,0.23193819285119988,6.630395,train,53,"{""type"":""MultiPoint"",""coordinates"":[]}"
000000000000000005f8_0,2162.0,1041.0,376.0,619.0,419.0,3207.0,0.509887,0.76889133,MangYang,716,1,1,1,0,14.003882663064688,108.32132556040638,1,2023,716,9.530023,2752.621212776718,2294.530519202511,0.708904786232859,9.530023,train,76,"{""type"":""MultiPoint"",""coordinates"":[]}"
00000000000000000354_0,2460.0,1551.0,507.0,797.0,866.0,2601.0,0.25289017,0.50043267,MangYang,717,1,1,1,0,14.041611117077895,108.22592755246896,1,2023,717,9.646679,2503.982889492705,2105.223826727597,0.6003239437175499,9.646679,train,37,"{""type"":""MultiPoint"",""coordinates"":[]}"
00000000000000000500_0,2299.5,1673.5,503.0,737.5,1109.5,2067.0,0.105199836,0.3014324,MangYang,717,1,1,1,0,14.042418214368569,108.22619509853217,1,2023,717,8.589469,2503.982889492705,2105.223826727597,0.4468978716241372,8.589469,train,31,"{""type"":""MultiPoint"",""coordinates"":[]}"
000000000000000005bb_0,2585.0,1579.5,435.0,660.5,635.5,2753.0,0.27085978,0.6249078,MangYang,717,1,1,1,0,14.078260468636167,108.37926711949486,0,2023,717,10.559446,2899.866533741355,2435.8231804678194,0.03002719400324383,10.559446,train,22,"{""type"":""MultiPoint"",""coordinates"":[]}"
0000000000000000037b_0,2509.0,1743.0,509.0,695.0,954.0,1971.0,0.06138934,0.3476923,MangYang,718,1,1,1,0,14.043764862886707,108.22458090395081,1,2023,715,6.630395,2503.982889492705,2105.223826727597,0.25062514094461774,6.662284,train,75,"{""type"":""MultiPoint"",""coordinates"":[]}"
00000000000000000484_0,2613.0,1936.0,655.0,859.0,994.0,2366.0,0.09995351,0.40833333,MangYang,718,1,1,1,0,13.83841434117342,108.35043457208329,1,2023,718,13.116192,3155.4534782294163,2709.3334665788348,0.44087859241070126,13.116192,train,55,"{""type"":""MultiPoint"",""coordinates"":[]}"
00000000000000000489_0,2271.0,1832.0,627.0,835.0,1271.0,2093.0,0.06649681,0.24435197,MangYang,719,1,1,1,0,14.038106263649887,108.33264721798109,0,2023,719,15.861189,2752.621212776718,2294.530519202511,0.6405337737491803,15.861189,train,10,"{""type"":""MultiPoint"",""coordinates"":[]}"
00000000000000000490_0,1807.0,1098.0,461.0,761.0,611.0,2956.0,0.45831278,0.6574152,MangYang,719,1,1,0,0,13.87075174201301,108.34019201696351,0,0,719,20.836592,3107.853968270547,2656.1605346543565,0.22350454304547118,20.836592,train,72,"{""type"":""MultiPoint"",""coordinates"":[]}"
00000000000000000530_0,3423.0,2811.0,878.0,1043.0,1167.0,2205.0,-0.1208134,0.30782917,MangYang,719,1,1,1,0,14.084730624264719,108.32321176015198,1,2023,719,2.1245391,2641.6318039000034,2220.3579389390734,0.6997653941602313,2.1245391,train,53,"{""type"":""MultiPoint"",""coordinates"":[]}"
00000000000000000600_0,3000.0,1764.0,804.0,1112.0,1162.0,2922.0,0.24711908,0.43095005,MangYang,719,1,1,1,0,14.011695008110326,108.38977722067784,1,2023,719,7.335501,2686.0531681478024,2309.229083489948,0.34629403550919835,7.335501,train,39,"{""type"":""MultiPoint"",""coordinates"":[]}"
00000000000000000537_0,4141.0,3324.5,1101.0,1344.5,1706.5,2704.0,-0.10292776,0.22616483,MangYang,721,1,1,1,0,14.08257241935485,108.32941436971734,0,2023,721,2.086021,2641.6318039000034,2220.3579389390734,0.42434978464857487,2.086021,train,13,"{""type"":""MultiPoint"",""coordinates"":[]}"
0000000000000000037d_0,2924.0,1864.0,579.0,883.5,890.5,3127.5,0.25313032,0.55674464,MangYang,722,1,1,1,0,13.871830844467944,108.33776626599042,0,2023,722,8.595702,3107.853968270547,2656.1605346543565,0.4910616472713427,8.595702,train,21,"{""type"":""MultiPoint"",""coordinates"":[]}"
0000000000000000045a_0,3051.0,2032.5,719.0,905.5,1010.5,2628.5,0.12786956,0.44462764,MangYang,722,1,1,1,0,14.083923526974043,108.330221467008,1,2023,722,0.9561461,2641.6318039000034,2220.3579389390734,0.29095104599038313,0.9561461,train,31,"{""type"":""MultiPoint"",""coordinates"":[]}"
00000000000000000509_0,3551.0,2429.5,821.0,1108.5,1251.0,2931.5,0.09363925,0.40179318,MangYang,722,1,1,1,0,14.08257241935485,108.32968191578054,0,2023,722,0.95614034,2641.6318039000034,2220.3579389390734,0.6377124563382779,0.95614034,train,14,"{""type"":""MultiPoint"",""coordinates"":[]}"
00000000000000000323_0,2969.0,1846.0,645.5,958.5,1104.0,3000.0,0.23813455,0.4619883,MangYang,723,1,1,1,0,14.069636567198804,108.34854837233766,0,2023,723,12.802614,2641.6318039000034,2220.3579389390734,0.4905342878157305,12.802614,train,12,"{""type"":""MultiPoint"",""coordinates"":[]}"
00000000000000000333_0,3259.5,2018.5,635.0,868.0,983.0,3131.5,0.2161165,0.52217764,MangYang,723,1,1,1,0,14.034333864158672,108.32806326209813,0,2023,723,6.464861,2752.621212776718,2294.530519202511,0.6269707860866509,6.464861,train,29,"{""type"":""MultiPoint"",""coordinates"":[]}"
0000000000000000043c_0,2660.0,1617.0,496.5,738.5,791.0,2710.0,0.25259995,0.5481291,MangYang,723,1,1,1,0,13.880722291968514,108.34585061620032,1,2023,723,5.5111833,3107.853968270547,2656.1605346543565,0.7654640581572176,5.5111833,train,31,"{""type"":""MultiPoint"",""coordinates"":[]}"
00000000000000000343_0,3579.0,2867.0,961.0,1278.0,1573.0,2404.0,-0.08783912,0.20895147,MangYang,724,1,1,0,0,13.87075174201301,108.30111691443217,0,0,724,11.9359255,3107.853968270547,2656.1605346543565,0.0332564580862319,11.9359255,train,0,"{""type"":""MultiPoint"",""coordinates"":[]}"
0000000000000000049e_0,3997.5,3151.0,949.0,1230.5,1545.5,2464.0,-0.12235085,0.22908093,MangYang,724,1,1,1,0,14.084191073037251,108.32968191578054,1,2023,724,1.3319112,2641.6318039000034,2220.3579389390734,0.6341133310195486,1.3319112,train,60,"{""type"":""MultiPoint"",""coordinates"":[]}"
0000000000000000059a_0,4006.0,3174.0,964.5,1216.0,1548.0,2508.0,-0.11721225,0.2366864,MangYang,724,1,1,1,0,14.084191073037251,108.32994946184375,1,2023,724,2.939618,2641.6318039000034,2220.3579389390734,0.7297480267916845,2.939618,train,49,"{""type"":""MultiPoint"",""coordinates"":[]}"
000000000000000005c7_0,3851.0,3036.0,895.5,1137.0,1539.5,2397.5,-0.117511734,0.21793243,MangYang,724,1,1,1,0,14.083923526974043,108.32941436971734,1,2023,724,1.8543341,2641.6318039000034,2220.3579389390734,0.31057964107196434,1.8543341,train,55,"{""type"":""MultiPoint"",""coordinates"":[]}"
00000000000000000362_0,2859.0,1590.0,584.0,851.0,806.0,3074.0,0.3181818,0.5845361,MangYang,725,1,1,1,0,14.067215275326781,108.37926711949486,0,2023,725,8.439946,2899.866533741355,2435.8231804678194,0.730186154888733,8.439946,train,12,"{""type"":""MultiPoint"",""coordinates"":[]}"
00000000000000000393_0,2435.0,1436.5,497.5,790.5,724.5,2689.5,0.30368397,0.5755712,MangYang,725,1,1,1,0,14.076106722827351,108.37657382245857,1,2023,725,5.791891,2899.866533741355,2435.8231804678194,0.5531223103521338,5.791891,train,45,"{""type"":""MultiPoint"",""coordinates"":[]}"
00000000000000000476_0,3813.5,2934.5,970.5,1194.0,1532.5,2508.0,-0.07836472,0.24143052,MangYang,725,1,1,1,0,14.085537721555392,108.32914236455308,1,2023,725,2.6623929,2641.6318039000034,2220.3579389390734,0.24384471559544119,2.6623929,train,62,"{""type"":""MultiPoint"",""coordinates"":[]}"
000000000000000004bc_0,2839.0,2057.0,493.0,713.0,986.0,1890.0,-0.042310614,0.31432545,MangYang,725,1,1,1,0,14.044304414114178,108.2237693475591,1,2023,722,6.028728,2503.982889492705,2105.223826727597,0.09726098717870191,8.084867,train,43,"{""type"":""MultiPoint"",""coordinates"":[]}"
00000000000000000518_0,2769.0,1969.0,604.0,841.0,1059.0,2069.0,0.024764735,0.32289,MangYang,725,1,1,1,0,14.04673016508725,108.34342486522725,1,2023,725,2.9395673,2752.621212776718,2294.530519202511,0.3077073517599188,2.9395673,train,33,"{""type"":""MultiPoint"",""coordinates"":[]}"
00000000000000000545_0,2538.0,1573.5,486.0,745.5,753.0,2837.5,0.28655633,0.5805598,MangYang,725,1,1,1,0,13.880994297132775,108.34612262136459,1,2023,725,3.0097382,3107.853968270547,2656.1605346543565,0.7182535890488623,3.0097382,train,31,"{""type"":""MultiPoint"",""coordinates"":[]}"
0000000000000000054a_0,2941.0,2260.0,704.0,937.0,1134.0,2317.0,0.012453572,0.3427992,MangYang,725,1,1,1,0,14.064789524353708,108.3447715137454,1,2023,725,11.883978,2641.6318039000034,2220.3579389390734,0.7644764565182981,11.883978,train,64,"{""type"":""MultiPoint"",""coordinates"":[]}"
0000000000000000055a_0,3861.5,3025.0,926.0,1228.5,1635.5,2477.5,-0.099500224,0.20471676,MangYang,725,1,1,1,0,14.084191073037251,108.32941436971733,1,2023,725,1.3319112,2641.6318039000034,2220.3579389390734,0.7309255281905915,1.3319112,train,62,"{""type"":""MultiPoint"",""coordinates"":[]}"
000000000000000004be_0,3733.0,2959.0,856.0,1086.0,1396.5,2430.0,-0.09816293,0.27009016,MangYang,726,1,1,1,0,14.084730624264719,108.32941436971734,1,2023,726,2.7802885,2641.6318039000034,2220.3579389390734,0.7325500495368934,2.7802885,train,56,"{""type"":""MultiPoint"",""coordinates"":[]}"
00000000000000000330_0,3664.0,2396.0,848.5,1149.5,1306.0,3271.0,0.15440269,0.4293205,MangYang,728,1,1,1,0,13.996065858918,108.31728561485195,1,2023,728,10.438343,3602.625690806518,3058.215705565512,0.4890050882197515,10.438343,train,36,"{""type"":""MultiPoint"",""coordinates"":[]}"
00000000000000000345_0,4101.0,3106.0,977.0,1289.0,1570.0,2822.0,-0.04790823,0.28506374,MangYang,728,1,1,1,0,14.084998170327925,108.330221467008,1,2023,728,2.9396193,2641.6318039000034,2220.3579389390734,0.49233682996151396,2.9396193,train,55,"{""type"":""MultiPoint"",""coordinates"":[]}"
000000000000000003f7_0,2724.0,1479.0,633.0,922.0,672.0,3587.0,0.4161074,0.684433,MangYang,729,1,1,1,0,14.067482821389985,108.37953912465912,1,2023,729,15.183905,2899.866533741355,2435.8231804678194,0.11312778838423443,15.183905,train,45,"{""type"":""MultiPoint"",""coordinates"":[]}"
000000000000000004c7_0,2588.5,1793.5,514.5,741.0,809.0,2503.0,0.16513442,0.5114734,MangYang,729,1,1,1,0,13.880722291968514,108.3463901674278,1,2023,729,12.74775,3107.853968270547,2656.1605346543565,0.3680045194092141,12.74775,train,31,"{""type"":""MultiPoint"",""coordinates"":[]}"
0000000000000000053a_0,2351.0,1300.0,579.0,789.0,730.0,2509.0,0.31740615,0.54924357,MangYang,729,1,1,1,0,13.874524141504223,108.29787960706736,1,2023,729,7.2050896,2857.340894066554,2383.316735011041,0.22399743127332394,7.2050896,train,45,"{""type"":""MultiPoint"",""coordinates"":[]}"
00000000000000000614_0,2236.5,1269.0,407.5,659.5,532.5,2832.0,0.38112655,0.68345964,MangYang,729,1,1,1,0,14.049695467287792,108.23832385339753,1,2023,729,1.331808,2503.982889492705,2105.223826727597,0.15287903611676623,1.331808,train,39,"{""type"":""MultiPoint"",""coordinates"":[]}"
000000000000000003db_0,3101.0,2175.0,877.0,1073.0,978.0,2165.0,-0.0023041475,0.37766466,MangYang,730,1,1,1,0,13.839221438464094,108.34962301569155,1,2023,730,3.009247,2897.990235873274,2491.310220139485,0.04849926007258909,3.009247,train,96,"{""type"":""MultiPoint"",""coordinates"":[]}"
000000000000000005ce_0,2689.5,1848.0,732.0,891.5,1002.0,2110.5,0.066313,0.35614458,MangYang,730,1,1,1,0,13.839221438464094,108.34935546962835,1,2023,730,7.9035616,2897.990235873274,2491.310220139485,0.347510005446783,7.9035616,train,89,"{""type"":""MultiPoint"",""coordinates"":[]}"
000000000000000005e4_0,3765.5,2818.5,935.5,1160.5,1402.5,2411.5,-0.07782027,0.26455164,MangYang,731,1,1,1,0,14.137013584116367,108.31027590799596,1,2023,731,3.3726947,2872.7254663035274,2386.3307129473314,0.7809811591937371,3.3726947,train,78,"{""type"":""MultiPoint"",""coordinates"":[]}"
00000000000000000619_0,2251.5,1476.0,429.0,610.0,654.5,2682.0,0.2900433,0.6076727,MangYang,731,1,1,1,0,14.049967472452053,108.23778430217008,1,2023,731,5.514188,2503.982889492705,2105.223826727597,0.4235675847512488,5.514188,train,79,"{""type"":""MultiPoint"",""coordinates"":[]}"
00000000000000000557_0,2312.0,1553.5,447.0,625.5,706.0,2587.5,0.24969815,0.5712768,MangYang,732,1,1,1,0,14.049695467287792,108.23778430217008,1,2023,732,8.734211,2503.982889492705,2105.223826727597,0.04856710788157692,8.734211,train,78,"{""type"":""MultiPoint"",""coordinates"":[]}"
000000000000000005e9_0,3412.0,2713.0,850.5,991.0,1183.0,2460.0,-0.04890779,0.35053527,MangYang,733,1,1,0,1,13.853503939138282,108.29599340732176,1,2014,733,13.616669,2857.340894066554,2383.316735011041,0.05651768558428938,13.616669,train,82,"{""type"":""MultiPoint"",""coordinates"":[]}"
0000000000000000039d_0,2381.5,1381.0,497.5,760.5,679.0,2937.0,0.360352,0.6244469,MangYang,734,1,1,1,0,13.872637941758615,108.33911291450859,0,2023,734,13.575738,3107.853968270547,2656.1605346543565,0.01147664865537057,13.575738,train,22,"{""type"":""MultiPoint"",""coordinates"":[]}"
000000000000000003b2_0,2388.0,1344.0,579.0,793.0,658.0,2862.0,0.36091298,0.62613636,MangYang,734,1,1,1,0,14.015739412765802,108.40702502355255,1,2023,734,9.645652,3184.1661372574745,2716.7781021236324,0.2103767053443294,9.645652,train,72,"{""type"":""MultiPoint"",""coordinates"":[]}"
000000000000000003df_0,2883.5,1844.0,568.0,873.0,881.5,3255.5,0.27679184,0.5738458,MangYang,736,1,1,1,0,13.872905487821825,108.33830581721791,1,2023,736,3.8253036,3107.853968270547,2656.1605346543565,0.446151442114495,3.8253036,train,31,"{""type"":""MultiPoint"",""coordinates"":[]}"
00000000000000000544_0,2522.0,1442.0,468.0,709.0,695.0,2842.0,0.3267974,0.6070116,MangYang,736,1,1,1,0,13.843261384018515,108.3482763671734,1,2023,736,15.921737,2897.990235873274,2491.310220139485,0.7481244464363525,15.921737,train,82,"{""type"":""MultiPoint"",""coordinates"":[]}"
000000000000000003c8_0,2580.5,1342.0,549.5,786.0,630.5,2779.5,0.34878078,0.6302053,MangYang,737,1,1,1,0,14.015471866702597,108.40702502355255,1,2023,737,13.750839,3184.1661372574745,2716.7781021236324,0.34854642085480636,13.750839,train,49,"{""type"":""MultiPoint"",""coordinates"":[]}"
00000000000000000533_0,3293.0,2265.0,1051.0,1462.0,1847.0,3325.0,0.18962432,0.28576952,MangYang,737,1,1,1,0,14.032180118349858,108.40891122329816,1,2023,737,5.4363093,3184.1661372574745,2716.7781021236324,0.45382692872573727,5.4363093,train,52,"{""type"":""MultiPoint"",""coordinates"":[]}"
00000000000000000342_0,2870.5,1873.0,651.5,809.5,927.0,2663.5,0.17425328,0.48363736,MangYang,738,1,1,1,0,14.07664627405482,108.30138446049538,0,2023,738,10.577764,2641.6318039000034,2220.3579389390734,0.39994893197478876,10.577764,train,27,"{""type"":""MultiPoint"",""coordinates"":[]}"
000000000000000003b3_0,1529.0,703.0,334.0,566.0,315.0,2742.0,0.5918723,0.7939156,MangYang,738,1,1,1,0,14.032447664413064,108.40864367723495,1,2023,738,10.479425,3184.1661372574745,2716.7781021236324,0.7761986235748392,10.479425,train,45,"{""type"":""MultiPoint"",""coordinates"":[]}"
00000000000000000417_0,2403.0,1186.0,509.0,745.0,567.0,2816.0,0.40729636,0.66479456,MangYang,738,1,1,1,0,14.015739412765802,108.40729702871683,1,2023,738,4.678752,3184.1661372574745,2716.7781021236324,0.2776536063702607,4.678752,train,62,"{""type"":""MultiPoint"",""coordinates"":[]}"
0000000000000000047c_0,2674.0,1607.0,599.0,829.0,827.0,2836.0,0.2766149,0.54845756,MangYang,738,1,1,1,0,13.913064151909158,108.29464675880361,1,2023,738,11.8783865,2937.2231726936798,2480.487838212103,0.1157703929581988,11.8783865,train,91,"{""type"":""MultiPoint"",""coordinates"":[]}"
00000000000000000402_0,1729.0,904.0,598.0,744.0,669.0,2708.0,0.4994463,0.60379034,MangYang,739,1,1,1,0,14.056433168979547,108.32914236455308,0,2023,739,5.514302,2641.6318039000034,2220.3579389390734,0.7415795212116328,5.514302,train,17,"{""type"":""MultiPoint"",""coordinates"":[]}"
0000000000000000051d_0,2845.0,1614.5,480.5,692.5,665.0,2743.5,0.25906378,0.609799,MangYang,739,1,1,1,0,14.072334323336138,108.38061822711406,0,2023,739,17.521242,2899.866533741355,2435.8231804678194,0.6529143942161937,17.521242,train,10,"{""type"":""MultiPoint"",""coordinates"":[]}"
0000000000000000035d_0,2569.0,1764.0,546.0,703.0,749.5,2128.5,0.09364162,0.4791522,MangYang,740,1,1,1,0,14.074220523081744,108.30866171341461,0,2023,740,9.289125,2641.6318039000034,2220.3579389390734,0.05531079072427947,9.289125,train,29,"{""type"":""MultiPoint"",""coordinates"":[]}"
000000000000000004f0_0,2526.0,1360.0,380.0,616.0,460.0,2972.0,0.3721145,0.7319347,MangYang,740,1,1,1,0,14.072062318171877,108.38088577317727,1,2023,740,13.714693,2899.866533741355,2435.8231804678194,0.6719078653419209,13.714693,train,31,"{""type"":""MultiPoint"",""coordinates"":[]}"
0000000000000000051a_0,2955.0,2144.0,722.0,921.0,1167.0,2548.0,0.086104006,0.3717362,MangYang,740,1,1,1,0,13.912792146744897,108.29464675880362,1,2023,740,11.352785,2937.2231726936798,2480.487838212103,0.5527386588399407,11.352785,train,78,"{""type"":""MultiPoint"",""coordinates"":[]}"
000000000000000005d4_0,1776.0,864.0,346.0,582.0,387.0,2666.0,0.5104816,0.74647886,MangYang,740,1,1,1,0,14.032447664413064,108.40891122329816,1,2023,740,6.736914,3184.1661372574745,2716.7781021236324,0.3218303064625898,6.736914,train,49,"{""type"":""MultiPoint"",""coordinates"":[]}"
0000000000000000048f_0,3390.5,2109.0,691.5,980.5,1141.5,2565.5,0.0976575,0.3841381,MangYang,741,1,1,1,0,14.105211275403194,108.35096966420969,1,2023,741,6.2362175,3299.2716793864965,2719.702097876045,0.1543991779740228,3.990181,train,45,"{""type"":""MultiPoint"",""coordinates"":[]}"
0000000000000000040e_0,2181.5,1253.5,394.5,592.5,585.5,2404.5,0.31465283,0.6083612,MangYang,743,1,1,1,0,14.073948517917483,108.30838970825033,1,2023,743,2.866186,2641.6318039000034,2220.3579389390734,0.07135034792004424,2.866186,train,41,"{""type"":""MultiPoint"",""coordinates"":[]}"
00000000000000000523_0,2309.0,1230.0,437.0,607.0,538.0,2947.0,0.41106057,0.6912482,MangYang,743,1,1,1,0,14.05508652046141,108.33453341772669,1,2023,743,4.8580365,2641.6318039000034,2220.3579389390734,0.11829029457534335,4.8580365,train,31,"{""type"":""MultiPoint"",""coordinates"":[]}"
00000000000000000541_0,1771.5,837.5,286.5,540.0,340.5,3261.0,0.5913139,0.81091213,MangYang,744,1,1,1,0,14.068289918680664,108.22862084950525,1,2023,744,11.883978,2827.0291006837892,2333.1189995745804,0.06376215053848033,11.883978,train,72,"{""type"":""MultiPoint"",""coordinates"":[]}"
00000000000000000364_0,2913.0,1967.0,647.0,820.0,1016.0,2840.0,0.18161015,0.47302905,MangYang,745,1,1,0,0,13.91225259551743,108.29491876396789,0,0,745,17.773909,2937.2231726936798,2480.487838212103,0.6847805084531533,17.773909,train,78,"{""type"":""MultiPoint"",""coordinates"":[]}"
00000000000000000456_0,2630.0,1719.5,560.5,763.5,935.5,2733.5,0.22771165,0.49005178,MangYang,745,1,1,1,0,13.843261384018513,108.34854837233766,1,2023,745,14.068803,2897.990235873274,2491.310220139485,0.43429591829586944,14.068803,train,95,"{""type"":""MultiPoint"",""coordinates"":[]}"
00000000000000000503_0,1815.0,887.0,309.5,549.0,372.0,3257.5,0.57196283,0.79501307,MangYang,745,1,1,1,0,14.068289918680664,108.22889285466951,1,2023,745,15.080503,2827.0291006837892,2333.1189995745804,0.14480723388167716,15.080503,train,93,"{""type"":""MultiPoint"",""coordinates"":[]}"
00000000000000000462_0,3149.0,1971.0,687.0,927.0,1015.0,2936.0,0.19665784,0.48620602,MangYang,746,1,1,1,0,13.993912113109182,108.31809271214263,1,2023,746,14.195254,3602.625690806518,3058.215705565512,0.0948251278966441,14.195254,train,98,"{""type"":""MultiPoint"",""coordinates"":[]}"
000000000000000005e0_0,2033.0,1194.0,487.5,608.0,565.5,2624.0,0.37454164,0.645399,MangYang,746,1,1,1,0,14.054007418006474,108.33480096378989,1,2023,746,3.82549,2641.6318039000034,2220.3579389390734,0.34472000066371233,3.82549,train,52,"{""type"":""MultiPoint"",""coordinates"":[]}"
000000000000000005b6_0,2444.5,1641.0,561.5,751.5,816.5,2617.0,0.22921559,0.524392,MangYang,747,1,1,1,0,13.843800935245982,108.34881591840087,1,2023,747,9.851157,2897.990235873274,2491.310220139485,0.1238830044678606,9.851157,train,97,"{""type"":""MultiPoint"",""coordinates"":[]}"
0000000000000000031e_0,2735.0,1848.5,649.5,887.0,998.0,2189.0,0.084334366,0.3737057,MangYang,749,1,1,1,0,13.843533389182776,108.34881591840087,1,2023,749,8.433419,2897.990235873274,2491.310220139485,0.6605497398684934,8.433419,train,85,"{""type"":""MultiPoint"",""coordinates"":[]}"
0000000000000000043f_0,2341.5,1453.0,485.0,752.0,659.5,2854.5,0.32536274,0.6246443,MangYang,749,1,1,1,0,14.035145420550402,108.4199608757086,0,2023,748,4.718581,3184.1661372574745,2716.7781021236324,0.07592863339431621,4.1663465,train,14,"{""type"":""MultiPoint"",""coordinates"":[]}"
0000000000000000053c_0,2644.0,2329.0,810.0,954.0,1136.0,1884.0,-0.10562544,0.24768212,MangYang,749,1,1,1,0,14.054007418006474,108.2337398975146,0,2023,747,5.514257,2827.0291006837892,2333.1189995745804,0.13068241380836643,3.4118457,train,22,"{""type"":""MultiPoint"",""coordinates"":[]}"
000000000000000003c0_0,2884.0,2216.0,657.0,827.0,1029.0,2578.0,0.07551105,0.42944276,MangYang,750,1,1,1,0,13.854311036428955,108.29626541248602,1,2023,750,15.018247,2857.340894066554,2383.316735011041,0.762014775833193,15.018247,train,83,"{""type"":""MultiPoint"",""coordinates"":[]}"
000000000000000003e4_0,1962.0,1502.0,557.0,733.0,1077.0,2120.0,0.17062396,0.32624334,MangYang,750,1,1,1,0,14.043497316823501,108.3579793710657,1,2023,750,21.873775,2686.0531681478024,2309.229083489948,0.4758905355895472,21.873775,train,79,"{""type"":""MultiPoint"",""coordinates"":[]}"
000000000000000004d5_0,2911.5,1876.5,445.5,692.5,730.5,2573.5,0.15662922,0.5578087,MangYang,750,1,1,1,0,13.855390138883886,108.2954538560943,1,2023,750,14.491605,2857.340894066554,2383.316735011041,0.4616269458313028,14.491605,train,63,"{""type"":""MultiPoint"",""coordinates"":[]}"
000000000000000005a4_0,2260.0,992.0,411.0,586.0,366.0,3316.0,0.5394615,0.801195,MangYang,750,1,1,1,0,14.072062318171877,108.38142532440472,0,2023,750,11.217234,2899.866533741355,2435.8231804678194,0.243877052837281,11.217234,train,13,"{""type"":""MultiPoint"",""coordinates"":[]}"
000000000000000003e1_0,3320.0,2469.0,636.0,895.0,1244.0,2352.0,-0.024268825,0.30812013,MangYang,751,1,1,1,0,13.952946351731175,108.2827900091025,0,2023,751,15.358293,2830.9538914197656,2390.6103292524813,0.6832250720722886,15.358293,train,10,"{""type"":""MultiPoint"",""coordinates"":[]}"
00000000000000000429_0,2796.0,1694.0,547.0,793.0,774.0,3581.0,0.3577251,0.6445465,MangYang,751,1,1,1,0,14.130815433652081,108.34099911425419,1,2023,751,14.202209,2872.7254663035274,2386.3307129473314,0.13380835734626195,14.202209,train,74,"{""type"":""MultiPoint"",""coordinates"":[]}"
000000000000000005cb_0,2608.0,1613.0,608.0,804.0,845.0,2938.0,0.29114482,0.5532646,MangYang,751,1,1,0,0,14.029754367376782,108.41349517918111,0,0,751,7.2963376,3184.1661372574745,2716.7781021236324,0.17770666348726782,7.2963376,train,87,"{""type"":""MultiPoint"",""coordinates"":[]}"
0000000000000000033e_0,2011.5,1050.0,326.0,560.0,448.0,2728.5,0.4442239,0.7179285,MangYang,752,1,1,1,0,14.068829469908131,108.2272742009871,1,2023,752,8.2891,2827.0291006837892,2333.1189995745804,0.1078850420112456,8.2891,train,55,"{""type"":""MultiPoint"",""coordinates"":[]}"
0000000000000000050d_0,2056.0,1079.0,327.5,587.0,460.5,3169.5,0.492056,0.74628097,MangYang,752,1,1,1,0,14.068561923844925,108.22808129827779,1,2023,752,8.2891,2827.0291006837892,2333.1189995745804,0.5199767010087424,8.2891,train,44,"{""type"":""MultiPoint"",""coordinates"":[]}"
0000000000000000032f_0,3246.0,2058.5,644.5,825.5,1032.0,2572.5,0.11099115,0.42738244,MangYang,753,1,1,1,0,14.143751285808126,108.31108746438767,0,2023,753,19.458612,2872.7254663035274,2386.3307129473314,0.7074529772203759,19.458612,train,12,"{""type"":""MultiPoint"",""coordinates"":[]}"
0000000000000000035b_0,2321.0,1264.0,459.0,707.0,743.0,2629.0,0.35062933,0.559312,MangYang,753,1,1,0,0,14.067750367453197,108.22996749802338,0,0,753,5.514506,2827.0291006837892,2333.1189995745804,0.48581814708570514,5.514506,train,76,"{""type"":""MultiPoint"",""coordinates"":[]}"
000000000000000003c9_0,2941.0,1984.0,672.0,827.0,952.0,2463.0,0.107713066,0.44245973,MangYang,753,1,1,1,0,13.885573793914663,108.33480096378989,1,2023,753,17.608248,3107.853968270547,2656.1605346543565,0.4424283518401655,17.608248,train,49,"{""type"":""MultiPoint"",""coordinates"":[]}"
000000000000000003be_0,2998.5,1691.5,602.5,874.0,816.0,3320.0,0.3249526,0.6054159,MangYang,754,1,1,1,0,14.131890077005961,108.34099911425417,1,2023,754,12.276819,2872.7254663035274,2386.3307129473314,0.6116613979572487,12.276819,train,90,"{""type"":""MultiPoint"",""coordinates"":[]}"
000000000000000003f9_0,2956.0,1816.0,571.0,788.0,817.0,3157.0,0.26965615,0.5888274,MangYang,754,1,1,1,0,14.131082979715282,108.34099911425417,1,2023,754,15.593415,2872.7254663035274,2386.3307129473314,0.35488708911328304,15.593415,train,78,"{""type"":""MultiPoint"",""coordinates"":[]}"
0000000000000000057c_0,2310.0,1780.0,771.5,1070.0,1379.5,2593.0,0.18591356,0.30547515,MangYang,754,1,1,1,0,14.068289918680664,108.22996749802338,1,2023,754,2.6622896,2827.0291006837892,2333.1189995745804,0.14624978801551525,2.6622896,train,37,"{""type"":""MultiPoint"",""coordinates"":[]}"
00000000000000000433_0,3069.0,2233.0,577.0,768.0,914.0,2143.0,-0.020566728,0.40202814,MangYang,755,1,1,1,0,13.952946351731176,108.2830575551657,1,2023,755,9.371865,2830.9538914197656,2390.6103292524813,0.7498466486288706,9.371865,train,85,"{""type"":""MultiPoint"",""coordinates"":[]}"
00000000000000000472_0,2090.0,1560.0,556.0,776.0,1141.0,2307.0,0.193173,0.33816704,MangYang,755,1,1,1,0,14.043497316823505,108.35824691712891,1,2023,755,20.545847,2686.0531681478024,2309.229083489948,0.22793648054714277,20.545847,train,44,"{""type"":""MultiPoint"",""coordinates"":[]}"
000000000000000004e9_0,2665.0,1658.0,573.0,740.0,816.0,2547.0,0.21141498,0.514719,MangYang,755,1,1,1,0,13.885306247851455,108.33507296895415,1,2023,755,18.9651,3107.853968270547,2656.1605346543565,0.7030960161662763,18.9651,train,57,"{""type"":""MultiPoint"",""coordinates"":[]}"
00000000000000000360_0,2863.0,1703.0,649.0,908.0,932.0,2784.0,0.2409182,0.49838537,MangYang,756,1,1,1,0,14.131354984879549,108.34099911425417,1,2023,756,15.187831,2872.7254663035274,2386.3307129473314,0.7163474236836103,15.187831,train,100,"{""type"":""MultiPoint"",""coordinates"":[]}"
0000000000000000036d_0,2481.0,1656.0,468.0,772.0,712.0,2719.0,0.24297144,0.58496064,MangYang,756,1,1,1,0,13.982050904307016,108.3984011221152,0,2023,756,17.78923,3184.0089067523368,2751.616892498231,0.7797292236564721,17.78923,train,12,"{""type"":""MultiPoint"",""coordinates"":[]}"
0000000000000000037a_0,2750.0,1661.0,595.5,854.5,866.5,3184.5,0.31441543,0.5722044,MangYang,757,1,1,1,0,14.11060232857681,108.35232077182887,1,2023,757,7.823452,3299.2716793864965,2719.702097876045,0.14035157858324954,7.823452,train,93,"{""type"":""MultiPoint"",""coordinates"":[]}"
0000000000000000040c_0,2415.0,1770.0,634.0,864.0,1263.0,2265.0,0.12267658,0.2840136,MangYang,757,1,1,1,0,14.043497316823501,108.35878646835637,0,2023,757,8.757591,2686.0531681478024,2309.229083489948,0.681267978513503,8.757591,train,20,"{""type"":""MultiPoint"",""coordinates"":[]}"
00000000000000000440_0,2429.0,1783.0,624.0,870.0,1262.0,2253.0,0.116451934,0.28193456,MangYang,757,1,1,1,0,14.043497316823501,108.35851892229319,1,2023,757,13.771665,2686.0531681478024,2309.229083489948,0.39050080807177256,13.771665,train,37,"{""type"":""MultiPoint"",""coordinates"":[]}"
00000000000000000596_0,2660.0,1668.5,755.0,1082.0,1425.5,2655.0,0.22817162,0.3013111,MangYang,758,1,1,1,0,14.069636567198804,108.22646710369642,1,2023,758,3.8255064,2827.0291006837892,2333.1189995745804,0.6344566360135413,3.8255064,train,93,"{""type"":""MultiPoint"",""coordinates"":[]}"
000000000000000005e8_0,3447.5,2152.0,662.0,794.5,1130.0,2319.5,0.037459467,0.3448326,MangYang,758,1,1,1,0,14.143211734580659,108.31108746438767,1,2023,758,20.357338,2872.7254663035274,2386.3307129473314,0.2537349658055864,20.357338,train,31,"{""type"":""MultiPoint"",""coordinates"":[]}"
0000000000000000036b_0,3101.0,1960.0,745.0,905.0,1023.0,2844.0,0.18401332,0.4709077,MangYang,759,1,1,1,0,14.1151818253587,108.35150921543716,1,2023,759,8.010743,3299.2716793864965,2719.702097876045,0.4237314549289768,8.010743,train,94,"{""type"":""MultiPoint"",""coordinates"":[]}"
000000000000000003ec_0,3222.0,2053.5,497.0,698.0,1126.0,2749.0,0.1448204,0.4188387,MangYang,759,1,1,1,0,13.87829654099544,108.34773681594595,1,2023,759,8.08416,3107.853968270547,2656.1605346543565,0.4360624192404725,8.08416,train,39,"{""type"":""MultiPoint"",""coordinates"":[]}"
00000000000000000552_0,2036.0,1132.5,323.5,525.5,489.5,2832.5,0.4287516,0.705298,MangYang,759,1,1,1,0,14.069636567198806,108.22808129827779,1,2023,759,5.5145407,2827.0291006837892,2333.1189995745804,0.2835110440946843,5.5145407,train,59,"{""type"":""MultiPoint"",""coordinates"":[]}"
000000000000000005a8_0,3354.0,2299.0,748.0,962.0,1135.0,2464.0,0.034642033,0.36926925,MangYang,759,1,1,1,0,14.131622530942753,108.29599340732176,0,2022,759,3.412664,3130.2996047775086,2555.39319297567,0.6705168785263121,3.412664,train,0,"{""type"":""MultiPoint"",""coordinates"":[]}"
000000000000000003a7_0,2653.5,1812.0,611.0,911.0,1369.0,2610.5,0.18055399,0.31197387,MangYang,760,1,1,1,0,14.069636567198806,108.22781375221457,1,2023,760,4.6273675,2827.0291006837892,2333.1189995745804,0.4556320810323897,4.6273675,train,57,"{""type"":""MultiPoint"",""coordinates"":[]}"
00000000000000000578_0,2839.0,2369.0,599.0,780.0,828.0,2244.0,-0.027097333,0.4609375,MangYang,760,1,1,1,0,14.15695468402738,108.30974081586953,0,2023,760,10.322287,3215.896593697369,2610.327498643172,0.276791689981986,10.322287,train,0,"{""type"":""MultiPoint"",""coordinates"":[]}"
000000000000000005eb_0,2544.0,1528.0,420.0,677.0,707.0,2828.5,0.29851946,0.6000566,MangYang,760,1,1,1,0,14.069908572363062,108.2272742009871,0,2023,760,3.8255067,2827.0291006837892,2333.1189995745804,0.3181869283937975,3.8255067,train,29,"{""type"":""MultiPoint"",""coordinates"":[]}"
000000000000000005a9_0,2151.0,1445.0,573.5,797.0,1025.5,2352.0,0.2388728,0.39274612,MangYang,761,1,1,1,0,14.043229770760297,108.3579793710657,1,2023,761,18.992527,2686.0531681478024,2309.229083489948,0.6350121991816193,18.992527,train,44,"{""type"":""MultiPoint"",""coordinates"":[]}"
00000000000000000532_0,2254.5,1175.0,491.0,613.0,608.5,3034.0,0.4416726,0.6658888,MangYang,762,1,1,1,0,14.092275423247147,108.28979525685746,1,2023,762,2.7802885,3102.85249320889,2567.120439326819,0.029537232501192,2.7802885,train,39,"{""type"":""MultiPoint"",""coordinates"":[]}"
00000000000000000620_0,2638.5,1494.0,549.5,746.0,747.5,2804.0,0.30479294,0.5790511,MangYang,762,1,1,1,0,14.110602328576812,108.3525883178921,1,2023,762,8.7364,3299.2716793864965,2719.702097876045,0.6653896835494051,8.7364,train,93,"{""type"":""MultiPoint"",""coordinates"":[]}"
000000000000000003ad_0,2673.0,1872.0,405.0,635.0,901.0,2514.0,0.14637482,0.47232798,MangYang,763,1,1,1,0,13.871558839303683,108.3480088211102,0,2023,763,16.469915,3107.853968270547,2656.1605346543565,0.031406240854644385,16.469915,train,27,"{""type"":""MultiPoint"",""coordinates"":[]}"
000000000000000003b7_0,2426.0,1321.0,541.0,829.5,760.5,3177.5,0.4126931,0.61376333,MangYang,763,1,1,1,0,13.903628694080068,108.34612262136459,1,2023,763,24.699734,3249.712924260939,2780.606499409189,0.7248585717420314,24.699734,train,54,"{""type"":""MultiPoint"",""coordinates"":[]}"
00000000000000000374_0,3119.0,2093.0,574.0,863.0,1019.0,2673.0,0.12169534,0.44799566,MangYang,764,1,1,1,0,14.049695467287794,108.40244552677066,0,2023,764,7.4920907,3184.1661372574745,2716.7781021236324,0.015233568128684816,7.4920907,train,14,"{""type"":""MultiPoint"",""coordinates"":[]}"
00000000000000000396_0,3052.0,1992.0,692.0,871.0,855.0,2562.0,0.12516469,0.499561,MangYang,764,1,1,1,0,13.993372561881719,108.31836471730689,1,2023,764,20.789606,3602.625690806518,3058.215705565512,0.5880485818844394,20.789606,train,90,"{""type"":""MultiPoint"",""coordinates"":[]}"
000000000000000003f5_0,2935.0,1812.0,605.0,878.0,1068.0,2917.0,0.23366462,0.46398997,MangYang,764,1,1,1,0,14.006036408873504,108.3345334177267,1,2023,764,13.57664,2752.621212776718,2294.530519202511,0.3117551655204519,13.57664,train,77,"{""type"":""MultiPoint"",""coordinates"":[]}"
00000000000000000475_0,2732.0,1533.5,554.0,776.5,760.0,3196.5,0.35158563,0.6158221,MangYang,764,1,1,1,0,14.132162082170218,108.34127111941844,1,2023,764,14.743214,2872.7254663035274,2386.3307129473314,0.3425786379627983,14.743214,train,90,"{""type"":""MultiPoint"",""coordinates"":[]}"
0000000000000000055e_0,2120.0,1396.0,558.0,798.0,1081.0,2321.0,0.2488566,0.36449146,MangYang,764,1,1,1,0,14.043229770760297,108.35824691712892,0,2023,764,15.810575,2686.0531681478024,2309.229083489948,0.5020936204614097,15.810575,train,20,"{""type"":""MultiPoint"",""coordinates"":[]}"
0000000000000000034f_0,2073.0,1264.0,487.0,634.0,622.0,2518.0,0.3315706,0.60382164,MangYang,765,1,1,1,0,14.05939847118009,108.22458090395081,1,2023,763,5.9891653,2827.0291006837892,2333.1189995745804,0.2850013670115572,6.349844,train,40,"{""type"":""MultiPoint"",""coordinates"":[]}"
00000000000000000480_0,1892.0,953.0,426.0,591.0,539.0,2727.0,0.48206523,0.66993266,MangYang,765,1,1,1,0,14.059666017243297,108.22511599607724,1,2023,765,6.235958,2827.0291006837892,2333.1189995745804,0.36351774712611296,6.235958,train,40,"{""type"":""MultiPoint"",""coordinates"":[]}"
00000000000000000485_0,2845.0,1738.0,621.0,860.5,1022.0,3082.5,0.27891296,0.50201,MangYang,765,1,1,1,0,14.063710421898772,108.3482763671734,0,2023,765,18.796137,2641.6318039000034,2220.3579389390734,0.7750831359592419,18.796137,train,13,"{""type"":""MultiPoint"",""coordinates"":[]}"
000000000000000004ac_0,3049.0,2187.0,724.0,894.0,1176.0,2256.0,0.015530047,0.3146853,MangYang,765,1,1,1,0,14.043497316823506,108.35932601958386,1,2023,765,11.884315,2686.0531681478024,2309.229083489948,0.3995631861655434,11.884315,train,44,"{""type"":""MultiPoint"",""coordinates"":[]}"
0000000000000000047f_0,2634.0,2021.0,562.0,717.0,847.0,2157.0,0.03255146,0.43608522,MangYang,766,1,1,1,0,14.15614758673671,108.30974081586953,0,2023,766,14.635792,3215.896593697369,2610.327498643172,0.340227390776059,14.635792,train,0,"{""type"":""MultiPoint"",""coordinates"":[]}"
00000000000000000515_0,3071.0,1890.5,669.5,942.0,1201.5,2707.5,0.17768595,0.38526478,MangYang,766,1,1,1,0,14.049967472452053,108.40082687308826,0,2023,766,9.243032,3184.1661372574745,2716.7781021236324,0.09664362992908904,9.243032,train,28,"{""type"":""MultiPoint"",""coordinates"":[]}"
00000000000000000580_0,2517.5,1300.0,538.5,842.0,722.0,3311.5,0.43619213,0.6419983,MangYang,766,1,1,1,0,13.891504398315744,108.3447715137454,0,2023,766,14.1719055,3107.853968270547,2656.1605346543565,0.018142673974487544,14.1719055,train,0,"{""type"":""MultiPoint"",""coordinates"":[]}"
0000000000000000041e_0,2318.0,1160.0,403.0,656.0,672.0,2736.0,0.40451744,0.6056338,MangYang,767,1,1,1,0,14.070448123590529,108.22404135272336,1,2023,767,8.08567,2827.0291006837892,2333.1189995745804,0.6305038201332668,8.08567,train,95,"{""type"":""MultiPoint"",""coordinates"":[]}"
0000000000000000055c_0,1812.0,931.0,436.0,585.0,512.0,2662.0,0.4817701,0.6773787,MangYang,767,1,1,1,0,14.059666017243297,108.22458090395081,1,2023,766,5.003491,2827.0291006837892,2333.1189995745804,0.6022529028535484,7.296739,train,31,"{""type"":""MultiPoint"",""coordinates"":[]}"
0000000000000000033f_0,2725.0,1651.5,618.5,876.5,1050.5,2611.5,0.22519353,0.4262698,MangYang,768,1,1,1,0,14.071527226045461,108.22458090395081,1,2023,772,10.140967,2827.0291006837892,2333.1189995745804,0.7912683086604213,5.628321,train,84,"{""type"":""MultiPoint"",""coordinates"":[]}"
00000000000000000340_0,3228.0,2267.0,875.0,1137.0,1182.0,3045.0,0.14646085,0.4407381,MangYang,768,1,1,1,0,14.02517041149384,108.3463901674278,1,2023,768,29.755674,2752.621212776718,2294.530519202511,0.5738522394225875,29.755674,train,74,"{""type"":""MultiPoint"",""coordinates"":[]}"
0000000000000000036c_0,2273.0,1549.0,458.0,740.0,1045.0,2699.0,0.27071562,0.4417735,MangYang,768,1,1,1,0,14.068829469908131,108.23077905441512,1,2023,768,5.00352,2827.0291006837892,2333.1189995745804,0.7814657621644041,5.00352,train,89,"{""type"":""MultiPoint"",""coordinates"":[]}"
000000000000000003a2_0,2886.5,1788.5,523.0,768.5,845.0,2622.5,0.18907277,0.5126172,MangYang,768,1,1,1,0,13.874524141504224,108.34854837233766,1,2023,768,10.139832,3107.853968270547,2656.1605346543565,0.5503168606956509,10.139832,train,39,"{""type"":""MultiPoint"",""coordinates"":[]}"
000000000000000005c2_0,1898.0,914.0,321.0,491.0,420.0,2850.0,0.5143464,0.74311924,MangYang,768,1,1,0,0,14.071255220881206,108.22458090395081,0,0,769,9.682394,2827.0291006837892,2333.1189995745804,0.18546782543013107,5.628321,train,69,"{""type"":""MultiPoint"",""coordinates"":[]}"
000000000000000004f8_0,2461.0,1978.5,572.0,659.5,723.5,1959.5,-0.004824784,0.46067834,MangYang,769,1,1,1,0,14.157494235254848,108.30946881070527,1,2023,769,7.4392424,3215.896593697369,2610.327498643172,0.6995384201975763,7.4392424,train,71,"{""type"":""MultiPoint"",""coordinates"":[]}"
00000000000000000421_0,3081.0,1927.0,877.0,1083.0,1180.0,2740.0,0.17420185,0.39795917,MangYang,770,1,1,1,0,14.073680971854278,108.28413665762064,0,2023,770,23.189014,3102.85249320889,2567.120439326819,0.22566649351693557,23.189014,train,25,"{""type"":""MultiPoint"",""coordinates"":[]}"
0000000000000000046f_0,2604.5,1546.0,472.0,716.5,699.5,2978.5,0.31660956,0.6196302,MangYang,770,1,1,1,0,14.151024079626296,108.3043497626959,1,2023,770,16.15698,3215.896593697369,2610.327498643172,0.4872478781245315,16.15698,train,85,"{""type"":""MultiPoint"",""coordinates"":[]}"
000000000000000004ef_0,4593.0,2656.0,1097.0,1545.0,2281.0,3504.0,0.13766234,0.21140881,MangYang,770,1,1,1,0,14.06910147507239,108.22430889878657,1,2023,770,10.507575,2827.0291006837892,2333.1189995745804,0.19477437846926127,10.507575,train,37,"{""type"":""MultiPoint"",""coordinates"":[]}"
00000000000000000542_0,2244.5,1159.5,386.0,641.5,567.5,2937.5,0.43397608,0.6761769,MangYang,770,1,1,1,0,14.07179477210867,108.22430889878657,0,2023,770,6.7215652,2827.0291006837892,2333.1189995745804,0.07919366348364676,6.7215652,train,27,"{""type"":""MultiPoint"",""coordinates"":[]}"
00000000000000000568_0,2371.5,1312.5,434.0,668.5,717.5,2469.0,0.30583102,0.54966265,MangYang,770,1,1,1,0,14.07179477210867,108.22458090395081,1,2023,775,8.734999,2827.0291006837892,2333.1189995745804,0.16483269607942952,6.7215652,train,95,"{""type"":""MultiPoint"",""coordinates"":[]}"
000000000000000005b3_0,2638.0,1431.0,530.0,763.0,727.0,3023.0,0.35743153,0.61226666,MangYang,770,1,1,1,0,14.131890077005957,108.34153866548166,1,2023,770,15.058432,2872.7254663035274,2386.3307129473314,0.12795599808601288,15.058432,train,83,"{""type"":""MultiPoint"",""coordinates"":[]}"
000000000000000003e6_0,2903.5,1857.0,598.0,854.5,1128.0,2806.5,0.20360245,0.42661074,MangYang,771,1,1,1,0,14.02463086026637,108.35232077182887,1,2023,771,16.815609,2686.0531681478024,2309.229083489948,0.3327876924870441,16.815609,train,90,"{""type"":""MultiPoint"",""coordinates"":[]}"
0000000000000000044a_0,1830.0,930.0,438.0,595.5,551.0,2717.0,0.48999178,0.6627907,MangYang,771,1,1,1,0,14.059938022407556,108.22458090395081,1,2023,768,4.242882,2827.0291006837892,2333.1189995745804,0.5035540871133295,7.9412274,train,55,"{""type"":""MultiPoint"",""coordinates"":[]}"
0000000000000000059d_0,3528.0,2262.0,617.0,821.0,1139.0,2629.0,0.07503578,0.39543524,MangYang,771,1,1,1,0,14.090928774729004,108.35905847352063,1,2023,771,4.679323,2899.866533741355,2435.8231804678194,0.5145917694256484,4.679323,train,45,"{""type"":""MultiPoint"",""coordinates"":[]}"
000000000000000005b0_0,2721.5,1874.0,589.0,738.5,820.5,2405.5,0.12419675,0.49132052,MangYang,771,1,1,1,0,14.159919986227923,108.30758261095967,1,2023,771,19.17461,3215.896593697369,2610.327498643172,0.4569267664265598,19.17461,train,51,"{""type"":""MultiPoint"",""coordinates"":[]}"
0000000000000000042c_0,2977.0,1843.0,677.0,908.0,988.0,3184.0,0.26675949,0.52636623,MangYang,772,1,1,1,0,14.11060232857681,108.35312786911955,1,2023,772,11.645595,3299.2716793864965,2719.702097876045,0.6427356831098638,11.645595,train,89,"{""type"":""MultiPoint"",""coordinates"":[]}"
000000000000000005b5_0,2845.0,2161.0,670.0,920.0,1158.0,2393.0,0.050944224,0.34778935,MangYang,772,1,1,1,0,13.891504398315744,108.34504351890966,0,2023,772,14.947633,3107.853968270547,2656.1605346543565,0.4385346681256863,14.947633,train,0,"{""type"":""MultiPoint"",""coordinates"":[]}"
000000000000000004d2_0,2884.0,1845.0,524.0,805.0,847.5,3016.0,0.24089694,0.56127864,MangYang,773,1,1,0,0,14.085537721555392,108.35474652280195,0,0,773,18.21163,2899.866533741355,2435.8231804678194,0.4778796380582099,18.21163,train,74,"{""type"":""MultiPoint"",""coordinates"":[]}"
0000000000000000054d_0,2662.0,1855.0,531.0,704.0,683.0,2765.0,0.1969697,0.6038283,MangYang,773,1,1,1,0,14.15964798106366,108.30758261095967,1,2023,773,15.844743,3215.896593697369,2610.327498643172,0.33920344731048446,15.844743,train,47,"{""type"":""MultiPoint"",""coordinates"":[]}"
0000000000000000057e_0,2680.0,2228.0,602.0,697.0,779.0,1609.0,-0.16132395,0.3475712,MangYang,773,1,1,1,0,14.157761781318055,108.30946881070527,1,2023,773,6.236517,3215.896593697369,2610.327498643172,0.25989306828613823,6.236517,train,45,"{""type"":""MultiPoint"",""coordinates"":[]}"
00000000000000000482_0,1635.0,906.0,462.0,594.0,492.0,2590.0,0.48169336,0.6807268,MangYang,774,1,1,1,0,14.027596162466912,108.41295562795364,1,2023,774,18.90387,3184.1661372574745,2716.7781021236324,0.7326750932808064,18.90387,train,74,"{""type"":""MultiPoint"",""coordinates"":[]}"
00000000000000000526_0,3302.0,1999.0,1088.0,1529.5,1781.0,3002.0,0.20055988,0.25527912,MangYang,774,1,1,1,0,14.072062318171877,108.22458090395081,1,2023,774,5.71805,2827.0291006837892,2333.1189995745804,0.7874324378889873,8.342545,train,92,"{""type"":""MultiPoint"",""coordinates"":[]}"
00000000000000000560_0,2346.5,1627.5,439.5,704.5,830.0,2572.5,0.225,0.51212347,MangYang,774,1,1,1,0,14.07017611842627,108.22916040073272,1,2023,774,5.863804,2827.0291006837892,2333.1189995745804,0.14572995476202266,5.863804,train,44,"{""type"":""MultiPoint"",""coordinates"":[]}"
0000000000000000056e_0,3127.0,2098.5,658.5,808.0,1036.0,2651.0,0.11632803,0.4380255,MangYang,774,1,1,1,0,14.1429397294164,108.31135501045088,1,2023,774,19.988688,2872.7254663035274,2386.3307129473314,0.6186223221252077,19.988688,train,30,"{""type"":""MultiPoint"",""coordinates"":[]}"
0000000000000000042e_0,2554.0,1452.5,411.5,682.5,686.0,2824.0,0.3207062,0.6091168,MangYang,775,1,1,1,0,14.070715669653737,108.22646710369644,0,2023,775,11.883978,2827.0291006837892,2333.1189995745804,0.6636041700627587,11.883978,train,16,"{""type"":""MultiPoint"",""coordinates"":[]}"
000000000000000004f5_0,3010.0,1827.0,678.0,842.0,812.0,2821.0,0.21385542,0.5529865,MangYang,775,1,1,0,1,13.933005251820168,108.292760559058,1,2012,775,23.574125,2937.2231726936798,2480.487838212103,0.24629720812561806,23.574125,train,78,"{""type"":""MultiPoint"",""coordinates"":[]}"
00000000000000000507_0,3142.0,2168.0,666.0,826.0,951.0,2578.0,0.086388536,0.46103713,MangYang,775,1,1,1,0,13.883955140232262,108.3480088211102,1,2023,775,15.826658,3107.853968270547,2656.1605346543565,0.09269333865365936,15.826658,train,56,"{""type"":""MultiPoint"",""coordinates"":[]}"
0000000000000000050b_0,2042.0,854.0,529.0,959.0,496.0,3853.0,0.63713616,0.7719016,MangYang,775,1,1,1,0,13.903900699244325,108.3463901674278,0,2023,775,23.36601,3249.712924260939,2780.606499409189,0.27713799992691,23.36601,train,17,"{""type"":""MultiPoint"",""coordinates"":[]}"
00000000000000000632_0,2035.0,1593.0,472.5,707.5,1129.5,1965.5,0.10467894,0.27011308,MangYang,775,1,1,1,0,14.070448123590529,108.22969995196017,0,2023,775,3.3723805,2827.0291006837892,2333.1189995745804,0.5051413482502256,3.3723805,train,27,"{""type"":""MultiPoint"",""coordinates"":[]}"
000000000000000003ae_0,2223.0,1533.5,440.5,672.0,938.0,2447.0,0.22949378,0.44579026,MangYang,776,1,1,1,0,14.070448123590529,108.22889285466951,1,2023,776,5.4365597,2827.0291006837892,2333.1189995745804,0.615994960263782,5.4365597,train,73,"{""type"":""MultiPoint"",""coordinates"":[]}"
00000000000000000419_0,2156.0,1912.5,536.0,790.0,1304.0,1869.0,-0.011503371,0.17806493,MangYang,776,1,1,1,0,14.071255220881206,108.22969995196017,1,2023,778,3.0119836,2827.0291006837892,2333.1189995745804,0.14377098078122086,7.0619287,train,79,"{""type"":""MultiPoint"",""coordinates"":[]}"
00000000000000000467_0,2575.5,1916.5,559.0,796.5,1292.0,2214.0,0.07202518,0.26297775,MangYang,776,1,1,1,0,14.071255220881206,108.22942794679591,0,2023,779,0.92740995,2827.0291006837892,2333.1189995745804,0.7415542631193777,8.2891,train,0,"{""type"":""MultiPoint"",""coordinates"":[]}"
000000000000000004fd_0,2954.5,1889.0,618.0,850.5,1108.0,2785.0,0.19169876,0.43077317,MangYang,776,1,1,1,0,14.024902865430633,108.3525883178921,1,2023,776,22.595486,2686.0531681478024,2309.229083489948,0.7165511014881037,22.595486,train,85,"{""type"":""MultiPoint"",""coordinates"":[]}"
000000000000000004e6_0,1591.0,810.0,356.0,534.0,439.0,3171.0,0.59306705,0.7567867,MangYang,777,1,1,1,0,14.06074511969823,108.2237693475591,1,2023,777,1.3318412,2827.0291006837892,2333.1189995745804,0.36352237126197384,1.3318412,train,74,"{""type"":""MultiPoint"",""coordinates"":[]}"
0000000000000000056a_0,3213.0,2133.0,590.0,852.0,965.0,2958.0,0.16205068,0.5080296,MangYang,777,1,1,1,0,14.046190613859784,108.4035246292256,1,2023,777,9.288182,3184.1661372574745,2716.7781021236324,0.7159048567247861,9.288182,train,48,"{""type"":""MultiPoint"",""coordinates"":[]}"
00000000000000000591_0,2907.0,1562.0,561.0,834.0,989.0,3255.0,0.35146356,0.53393024,MangYang,777,1,1,1,0,14.069636567198806,108.2237693475591,1,2023,777,12.188576,2827.0291006837892,2333.1189995745804,0.304321274825608,12.188576,train,41,"{""type"":""MultiPoint"",""coordinates"":[]}"
000000000000000005a3_0,3127.0,1898.0,617.0,782.0,950.0,2691.0,0.17280453,0.47816533,MangYang,777,1,1,1,0,14.143479280643867,108.31189456167834,1,2023,777,16.669128,2872.7254663035274,2386.3307129473314,0.6744179463424035,16.669128,train,51,"{""type"":""MultiPoint"",""coordinates"":[]}"
00000000000000000380_0,3214.5,1813.0,967.5,1330.5,1709.0,2945.5,0.23799516,0.2656569,MangYang,778,1,1,1,0,14.071255220881206,108.2237693475591,0,2023,779,7.210283,2827.0291006837892,2333.1189995745804,0.2846609753122409,9.859948,train,12,"{""type"":""MultiPoint"",""coordinates"":[]}"
000000000000000003dd_0,1960.0,1064.0,473.5,734.0,640.5,2958.0,0.47090998,0.64401835,MangYang,778,1,1,1,0,14.042957765596036,108.40972277968989,1,2023,778,6.7369385,3184.1661372574745,2716.7781021236324,0.5210845415044337,6.7369385,train,51,"{""type"":""MultiPoint"",""coordinates"":[]}"
0000000000000000043b_0,2714.5,1585.5,494.0,678.0,679.0,2878.5,0.28965053,0.61827123,MangYang,778,1,1,1,0,14.158573337709779,108.31027590799596,0,2023,778,2.9397197,3215.896593697369,2610.327498643172,0.2502196291746803,2.9397197,train,18,"{""type"":""MultiPoint"",""coordinates"":[]}"
00000000000000000372_0,2047.0,1263.0,510.0,736.0,737.0,2854.0,0.38644645,0.5895294,MangYang,779,1,1,1,0,14.042957765596036,108.40999032575311,1,2024,779,6.5339804,3184.1661372574745,2716.7781021236324,0.04478618384363575,6.5339804,train,55,"{""type"":""MultiPoint"",""coordinates"":[]}"
0000000000000000048e_0,2682.5,2012.0,600.0,736.0,809.5,2360.5,0.07970269,0.48927444,MangYang,779,1,1,1,0,14.15964798106366,108.30785461612392,1,2023,779,7.212649,3215.896593697369,2610.327498643172,0.17320364586751158,7.212649,train,45,"{""type"":""MultiPoint"",""coordinates"":[]}"
000000000000000004a9_0,2639.5,1647.0,531.5,755.0,867.0,2554.0,0.21590097,0.49313065,MangYang,779,1,1,1,0,13.86590024006686,108.30974081586953,1,2023,779,11.846322,3107.853968270547,2656.1605346543565,0.02380165695772174,11.846322,train,95,"{""type"":""MultiPoint"",""coordinates"":[]}"
00000000000000000338_0,2786.0,2221.0,699.0,954.0,1186.0,2240.0,0.0042591346,0.3076474,MangYang,780,1,1,1,0,13.891504398315744,108.34531106497286,1,2023,780,13.879181,3107.853968270547,2656.1605346543565,0.72144632415603,13.879181,train,31,"{""type"":""MultiPoint"",""coordinates"":[]}"
0000000000000000036a_0,2739.5,1911.5,584.5,778.5,839.5,2348.5,0.10258216,0.4733375,MangYang,780,1,1,1,0,14.159919986227923,108.30785461612392,1,2023,780,10.931923,3215.896593697369,2610.327498643172,0.594438757445899,10.931923,train,48,"{""type"":""MultiPoint"",""coordinates"":[]}"
0000000000000000046b_0,2786.0,1970.0,579.0,820.0,828.0,2492.0,0.1169879,0.50120485,MangYang,780,1,1,1,0,14.15964798106366,108.30812216218712,1,2023,780,0.9564645,3215.896593697369,2610.327498643172,0.22197309555056288,0.9564645,train,45,"{""type"":""MultiPoint"",""coordinates"":[]}"
00000000000000000478_0,4559.5,2759.5,1400.0,1916.5,2880.5,3463.5,0.113128714,0.09189785,MangYang,780,1,1,1,0,14.070987674817996,108.22592755246896,1,2023,780,11.032487,2827.0291006837892,2333.1189995745804,0.5008529148963918,11.032487,train,62,"{""type"":""MultiPoint"",""coordinates"":[]}"
0000000000000000049a_0,2756.0,1730.0,680.0,945.0,898.0,3741.0,0.36757448,0.6128476,MangYang,780,1,1,1,0,14.025170411493837,108.346657713491,1,2023,780,24.424057,2752.621212776718,2294.530519202511,0.13715435220645833,24.424057,train,64,"{""type"":""MultiPoint"",""coordinates"":[]}"
0000000000000000055d_0,2753.5,1647.5,989.0,1388.0,1583.0,3370.5,0.34336388,0.36085597,MangYang,780,1,1,1,0,14.0319081131856,108.42077243210032,1,2023,780,17.278662,3184.1661372574745,2716.7781021236324,0.35038199987137664,17.278662,train,59,"{""type"":""MultiPoint"",""coordinates"":[]}"
000000000000000005d2_0,2383.0,1409.0,490.0,640.0,639.0,2832.0,0.33553407,0.6318064,MangYang,780,1,1,0,1,14.158840883772989,108.30974081586953,0,2014,780,6.464861,3215.896593697369,2610.327498643172,0.22285659319604878,6.464861,train,18,"{""type"":""MultiPoint"",""coordinates"":[]}"
00000000000000000399_0,2960.0,2010.0,539.0,681.0,847.0,1982.0,-0.0070140283,0.40120184,MangYang,781,1,1,1,0,14.159112888937248,108.31027590799596,0,2023,781,7.439243,3215.896593697369,2610.327498643172,0.5054298495438123,7.439243,train,22,"{""type"":""MultiPoint"",""coordinates"":[]}"
0000000000000000047d_0,3209.0,2243.0,865.0,1120.0,1200.0,2999.0,0.14421976,0.42843536,MangYang,781,1,1,1,0,14.024902865430635,108.3463901674278,1,2023,781,25.082266,2752.621212776718,2294.530519202511,0.13469831636804375,25.082266,train,74,"{""type"":""MultiPoint"",""coordinates"":[]}"
00000000000000000493_0,3014.0,2001.0,668.0,923.0,1154.0,3120.0,0.21851201,0.45999065,MangYang,781,1,1,1,0,14.088770569819138,108.35743981983823,1,2023,781,18.090029,2899.866533741355,2435.8231804678194,0.4858267887130152,18.090029,train,100,"{""type"":""MultiPoint"",""coordinates"":[]}"
000000000000000005bd_0,2878.0,1752.5,574.5,716.5,794.5,3116.0,0.28006572,0.5936581,MangYang,781,1,1,1,0,14.162345737200996,108.29923071468656,0,2023,781,23.397753,3237.9550390057266,2606.218266952033,0.13557464109437334,23.397753,train,12,"{""type"":""MultiPoint"",""coordinates"":[]}"
000000000000000005fd_0,4595.0,2799.5,1256.5,1803.0,2492.0,3233.5,0.07193767,0.12950835,MangYang,781,1,1,1,0,14.070987674817996,108.22619509853217,1,2023,781,12.028223,2827.0291006837892,2333.1189995745804,0.6925506929129879,12.028223,train,67,"{""type"":""MultiPoint"",""coordinates"":[]}"
0000000000000000037c_0,2930.0,1747.0,521.0,835.0,799.0,3076.0,0.27555463,0.5876129,MangYang,782,1,1,1,0,14.046190613859787,108.40379217528881,1,2023,782,8.439325,3184.1661372574745,2716.7781021236324,0.5087585049394209,8.439325,train,77,"{""type"":""MultiPoint"",""coordinates"":[]}"
00000000000000000441_0,2703.0,1549.0,462.5,725.5,692.5,3416.5,0.37609506,0.662935,MangYang,782,1,1,1,0,13.99148636213611,108.40513882380696,1,2023,782,36.20418,3298.959443733096,2832.2985246057647,0.4153600933216708,36.20418,train,32,"{""type"":""MultiPoint"",""coordinates"":[]}"
0000000000000000052a_0,2660.0,1470.0,487.0,696.0,797.0,2899.0,0.32707712,0.56872296,MangYang,782,1,1,1,0,14.06424997312624,108.22161560175027,1,2023,782,4.858223,2827.0291006837892,2333.1189995745804,0.41688809765323276,4.858223,train,94,"{""type"":""MultiPoint"",""coordinates"":[]}"
00000000000000000547_0,3968.0,2600.5,858.0,1209.5,1581.0,2651.5,0.009710587,0.25292382,MangYang,782,1,1,1,0,14.070987674817996,108.22646710369644,1,2023,782,13.292708,2827.0291006837892,2333.1189995745804,0.6479204771379301,13.292708,train,62,"{""type"":""MultiPoint"",""coordinates"":[]}"
00000000000000000577_0,2541.0,1494.5,545.5,801.0,725.0,2939.5,0.32589084,0.60431165,MangYang,782,1,1,1,0,13.994986756463065,108.40325262406134,1,2023,782,21.11646,3298.959443733096,2832.2985246057647,0.25583137414090795,21.11646,train,53,"{""type"":""MultiPoint"",""coordinates"":[]}"
0000000000000000033a_0,3468.5,2271.5,1000.0,1378.0,1679.5,3160.0,0.1635828,0.30592003,MangYang,783,1,1,1,0,14.072062318171877,108.22350180149589,1,2023,783,9.296762,2827.0291006837892,2333.1189995745804,0.6525128905977152,9.296762,train,84,"{""type"":""MultiPoint"",""coordinates"":[]}"
000000000000000003d4_0,2449.5,1972.5,567.0,777.0,987.5,2893.5,0.18927251,0.49111053,MangYang,783,1,1,1,0,13.869672639558077,108.35232077182887,1,2023,783,11.211731,3249.1450763195753,2828.9896710276835,0.7824055278702029,11.211731,train,51,"{""type"":""MultiPoint"",""coordinates"":[]}"
000000000000000005f0_0,2828.5,2097.0,711.5,1064.5,1094.5,3007.0,0.17829153,0.46629283,MangYang,783,1,1,1,0,14.06209176821637,108.34962301569155,1,2023,783,21.391214,2641.6318039000034,2220.3579389390734,0.49331037764232644,21.391214,train,77,"{""type"":""MultiPoint"",""coordinates"":[]}"
00000000000000000325_0,2242.0,1252.0,334.0,544.0,587.0,2343.0,0.30347705,0.59931743,MangYang,784,1,1,1,0,13.869672639558077,108.35312786911956,1,2023,784,17.12282,3249.1450763195753,2828.9896710276835,0.028053158946093282,17.12282,train,72,"{""type"":""MultiPoint"",""coordinates"":[]}"
0000000000000000045e_0,2420.0,1258.0,412.0,673.0,665.0,3163.0,0.43089798,0.65256006,MangYang,784,1,1,1,0,14.067215275326781,108.22458090395081,1,2023,782,11.360166,2827.0291006837892,2333.1189995745804,0.7032536250923932,2.662283,train,77,"{""type"":""MultiPoint"",""coordinates"":[]}"
00000000000000000470_0,4322.5,2940.0,1374.5,1907.0,2524.5,3391.0,0.071236774,0.14647959,MangYang,784,1,1,1,0,14.071255220881206,108.22322979633162,0,2023,785,14.166272,2827.0291006837892,2333.1189995745804,0.4836343041214176,11.360366,train,29,"{""type"":""MultiPoint"",""coordinates"":[]}"
000000000000000005c6_0,4181.0,2810.0,1436.0,1863.0,2562.0,3359.0,0.088993356,0.13460565,MangYang,784,1,1,1,0,14.071527226045465,108.22322979633162,1,2023,784,11.360366,2827.0291006837892,2333.1189995745804,0.014635596881167112,11.360366,train,89,"{""type"":""MultiPoint"",""coordinates"":[]}"
0000000000000000037f_0,3670.0,2199.0,1040.0,1535.0,1981.0,3337.0,0.20556359,0.25498307,MangYang,785,1,1,1,0,14.070987674817998,108.22322979633162,1,2023,785,14.166272,2827.0291006837892,2333.1189995745804,0.014019415354168396,14.166272,train,73,"{""type"":""MultiPoint"",""coordinates"":[]}"
000000000000000003c1_0,3045.0,1897.0,759.0,912.0,1132.0,2745.0,0.18267988,0.41604334,MangYang,785,1,1,1,0,14.128389682679007,108.34504351890965,1,2023,785,15.367586,2872.7254663035274,2386.3307129473314,0.3871831130477116,15.367586,train,87,"{""type"":""MultiPoint"",""coordinates"":[]}"
00000000000000000410_0,4442.5,3059.5,1479.5,2113.0,2664.0,3208.0,0.023693658,0.09264305,MangYang,785,1,1,1,0,14.071255220881206,108.22592755246896,1,2023,780,11.032487,2827.0291006837892,2333.1189995745804,0.5434430213174684,8.2891,train,85,"{""type"":""MultiPoint"",""coordinates"":[]}"
00000000000000000424_0,2483.0,1299.0,469.5,740.5,773.5,3092.0,0.40833524,0.599793,MangYang,785,1,1,1,0,14.071527226045461,108.22592755246896,1,2023,785,8.2891,2827.0291006837892,2333.1189995745804,0.7647603564775902,8.2891,train,86,"{""type"":""MultiPoint"",""coordinates"":[]}"
000000000000000005bc_0,3698.0,2343.0,733.0,963.0,1214.0,2765.0,0.0826155,0.38979644,MangYang,785,1,1,1,0,14.064789524353708,108.22215515297775,1,2023,785,6.007261,2827.0291006837892,2333.1189995745804,0.6548514022297822,6.007261,train,98,"{""type"":""MultiPoint"",""coordinates"":[]}"
00000000000000000397_0,3627.0,2341.0,810.0,1143.0,1547.0,2761.0,0.08232066,0.2818013,MangYang,786,1,1,1,0,14.06397796796198,108.22215515297775,1,2023,786,4.769707,2827.0291006837892,2333.1189995745804,0.43663217760405004,4.769707,train,62,"{""type"":""MultiPoint"",""coordinates"":[]}"
00000000000000000450_0,2282.5,1715.5,532.5,754.5,866.0,2596.5,0.20431355,0.4997834,MangYang,786,1,1,1,0,13.87237039569541,108.34315731916405,1,2023,786,13.170154,3107.853968270547,2656.1605346543565,0.20713606968516063,13.170154,train,31,"{""type"":""MultiPoint"",""coordinates"":[]}"
000000000000000003af_0,2187.0,1132.0,483.0,706.0,658.0,2931.0,0.44277626,0.633324,MangYang,787,1,1,1,0,14.116260927813633,108.35312786911955,1,2023,787,13.754387,3299.2716793864965,2719.702097876045,0.36014726829233434,13.754387,train,89,"{""type"":""MultiPoint"",""coordinates"":[]}"
000000000000000003e2_0,3184.0,1957.0,701.0,939.0,1016.0,2910.0,0.1958085,0.48242486,MangYang,787,1,1,1,0,13.99310055671746,108.39705447359705,1,2023,787,16.47015,3184.0089067523368,2751.616892498231,0.05156789215833735,16.47015,train,45,"{""type"":""MultiPoint"",""coordinates"":[]}"
000000000000000004c0_0,4457.0,2780.0,1392.5,1894.5,2504.0,3209.0,0.07163133,0.12340277,MangYang,787,1,1,1,0,14.071255220881206,108.2256555473047,1,2023,780,16.32229,2827.0291006837892,2333.1189995745804,0.2391891784204554,11.125083,train,72,"{""type"":""MultiPoint"",""coordinates"":[]}"
000000000000000004cc_0,2688.0,1679.0,467.0,744.0,851.0,2968.0,0.27738327,0.55433357,MangYang,787,1,1,1,0,13.869672639558077,108.35286032305635,1,2023,787,16.469912,3249.1450763195753,2828.9896710276835,0.10072312960522645,16.469912,train,51,"{""type"":""MultiPoint"",""coordinates"":[]}"
000000000000000004ce_0,3886.0,2388.0,841.0,1171.0,1531.0,2807.0,0.08065447,0.29414478,MangYang,787,1,1,1,0,14.06424997312624,108.22215515297775,1,2023,787,4.769713,2827.0291006837892,2333.1189995745804,0.7723369615847334,4.769713,train,58,"{""type"":""MultiPoint"",""coordinates"":[]}"
00000000000000000555_0,2376.0,1269.0,389.0,683.0,549.0,3269.0,0.4407228,0.71241486,MangYang,787,1,1,1,0,13.928693301101484,108.29491876396789,1,2023,787,21.114433,2937.2231726936798,2480.487838212103,0.38941173668098295,21.114433,train,37,"{""type"":""MultiPoint"",""coordinates"":[]}"
0000000000000000057f_0,3600.0,2336.0,1145.5,1640.0,2395.0,3060.5,0.13425368,0.121986985,MangYang,787,1,1,1,0,14.063438416734511,108.22458090395081,1,2023,785,2.1243782,2827.0291006837892,2333.1189995745804,0.6121135799189678,1.8543341,train,62,"{""type"":""MultiPoint"",""coordinates"":[]}"
00000000000000000583_0,4050.0,2742.0,954.0,1414.0,2349.0,2971.0,0.04008402,0.11691729,MangYang,787,1,1,1,0,14.063438416734511,108.22296225026841,1,2023,787,4.7189612,2827.0291006837892,2333.1189995745804,0.7012098228766054,4.7189612,train,76,"{""type"":""MultiPoint"",""coordinates"":[]}"
00000000000000000612_0,3754.0,2471.0,759.0,993.0,1341.0,2760.0,0.055247564,0.34601316,MangYang,787,1,1,1,0,14.063710421898772,108.22242269904096,1,2023,787,0.0,2827.0291006837892,2333.1189995745804,0.0014658838860097667,0.0,train,76,"{""type"":""MultiPoint"",""coordinates"":[]}"
0000000000000000044b_0,3252.0,2132.0,743.0,1120.0,1657.0,2693.0,0.11626943,0.23816092,MangYang,788,1,1,1,0,14.063170870671309,108.22322979633162,1,2023,788,6.721485,2827.0291006837892,2333.1189995745804,0.4621118522291021,6.721485,train,59,"{""type"":""MultiPoint"",""coordinates"":[]}"
00000000000000000505_0,3035.0,2263.0,725.0,988.0,1204.0,2380.0,0.025199225,0.328125,MangYang,788,1,1,1,0,13.891232393151485,108.34558307013714,1,2023,788,11.459029,3107.853968270547,2656.1605346543565,0.25628147081066366,11.459029,train,44,"{""type"":""MultiPoint"",""coordinates"":[]}"
00000000000000000510_0,4076.0,2800.0,867.0,1268.0,2046.0,2628.0,-0.031687547,0.12451861,MangYang,788,1,1,1,0,14.063710421898772,108.22296225026841,1,2023,788,4.2429357,2827.0291006837892,2333.1189995745804,0.21217198152051653,4.2429357,train,73,"{""type"":""MultiPoint"",""coordinates"":[]}"
000000000000000005a6_0,2690.5,1839.0,582.5,707.0,898.5,2136.0,0.07471698,0.40781018,MangYang,788,1,1,1,0,13.882880496878382,108.33507296895415,1,2023,788,19.779964,3107.853968270547,2656.1605346543565,0.13643940624026207,19.779964,train,89,"{""type"":""MultiPoint"",""coordinates"":[]}"
00000000000000000431_0,3976.0,2701.0,877.5,1189.0,1726.0,2484.5,-0.04175104,0.18014488,MangYang,789,1,1,1,0,14.063710421898774,108.22404135272336,1,2023,789,7.439193,2827.0291006837892,2333.1189995745804,0.129526003210382,7.439193,train,95,"{""type"":""MultiPoint"",""coordinates"":[]}"
000000000000000004e2_0,2920.0,1813.0,455.0,751.0,751.0,2923.0,0.234375,0.5911813,MangYang,789,1,1,1,0,13.991214356971849,108.40513882380696,1,2023,789,33.798244,3298.959443733096,2832.2985246057647,0.550307039527993,33.798244,train,79,"{""type"":""MultiPoint"",""coordinates"":[]}"
0000000000000000058b_0,3965.0,2725.0,858.0,1218.0,1753.0,2496.0,-0.04386133,0.17486468,MangYang,789,1,1,1,0,14.063977967961977,108.22296225026841,1,2023,789,2.1243825,2827.0291006837892,2333.1189995745804,0.09102511112443634,2.1243825,train,62,"{""type"":""MultiPoint"",""coordinates"":[]}"
000000000000000005ca_0,3791.0,2590.0,699.0,951.0,1458.0,2243.0,-0.07179806,0.21210484,MangYang,789,1,1,1,0,14.063710421898774,108.2237693475591,1,2023,789,5.0035033,2827.0291006837892,2333.1189995745804,0.24996305536273544,5.0035033,train,94,"{""type"":""MultiPoint"",""coordinates"":[]}"
000000000000000003f2_0,4067.5,2762.0,1290.0,1712.0,2428.5,2982.5,0.038384542,0.10238403,MangYang,790,1,1,1,0,14.064789524353705,108.22296225026841,1,2023,790,2.939592,2827.0291006837892,2333.1189995745804,0.273721134626298,2.939592,train,49,"{""type"":""MultiPoint"",""coordinates"":[]}"
00000000000000000413_0,3808.0,2423.0,921.0,1314.0,1989.0,2835.0,0.07835679,0.17537314,MangYang,790,1,1,1,0,14.064789524353708,108.22322979633162,0,2023,790,2.0859869,2827.0291006837892,2333.1189995745804,0.727008672952634,2.0859869,train,12,"{""type"":""MultiPoint"",""coordinates"":[]}"
0000000000000000052f_0,4174.0,2969.0,1022.0,1542.0,2374.0,3027.0,0.009673116,0.12090354,MangYang,790,1,1,1,0,14.064249973126236,108.22269024510415,1,2023,790,0.92740995,2827.0291006837892,2333.1189995745804,0.5892256051014308,0.92740995,train,62,"{""type"":""MultiPoint"",""coordinates"":[]}"
00000000000000000593_0,2861.0,1701.5,477.0,680.0,743.5,2694.5,0.22588716,0.5674811,MangYang,790,1,1,1,0,13.935698548856449,108.29410720757615,0,2023,786,16.911268,2937.2231726936798,2480.487838212103,0.11263479734615622,12.542141,train,13,"{""type"":""MultiPoint"",""coordinates"":[]}"
0000000000000000037e_0,2532.0,1383.0,428.0,719.0,671.0,3006.0,0.3697881,0.63502854,MangYang,792,1,1,1,0,14.06910147507239,108.2235018014959,1,2023,792,13.189756,2827.0291006837892,2333.1189995745804,0.5555746176592051,13.189756,train,55,"{""type"":""MultiPoint"",""coordinates"":[]}"
0000000000000000048b_0,3024.0,1967.0,628.0,887.0,936.0,2735.0,0.16333476,0.4900572,MangYang,792,1,1,1,0,13.975852753842728,108.39516827385145,0,2023,792,16.81387,3184.0089067523368,2751.616892498231,0.24208815185322097,16.81387,train,16,"{""type"":""MultiPoint"",""coordinates"":[]}"
0000000000000000034c_0,3404.0,2445.0,872.0,1051.0,1291.0,2658.0,0.041740153,0.34616357,MangYang,795,1,1,1,0,13.976392305070192,108.31135501045088,1,2023,795,18.268614,3602.625690806518,3058.215705565512,0.223474581669582,18.268614,train,86,"{""type"":""MultiPoint"",""coordinates"":[]}"
000000000000000003fd_0,3086.0,2145.0,648.0,926.0,899.5,2773.0,0.12769419,0.510143,MangYang,795,1,1,1,0,14.161266634746061,108.30920126464206,0,2023,795,11.547036,3215.896593697369,2610.327498643172,0.06523301459982744,11.547036,train,28,"{""type"":""MultiPoint"",""coordinates"":[]}"
0000000000000000044c_0,2752.5,1626.5,465.5,731.0,815.0,2973.0,0.29274923,0.56969374,MangYang,795,1,1,1,0,14.06424997312624,108.22404135272336,1,2023,795,3.4119534,2827.0291006837892,2333.1189995745804,0.5524111143268629,3.4119534,train,51,"{""type"":""MultiPoint"",""coordinates"":[]}"
000000000000000004b7_0,2864.5,1661.5,472.0,739.0,591.5,3414.0,0.3452862,0.7046561,MangYang,795,1,1,1,0,13.933812349110841,108.29437921274041,1,2023,795,18.999983,2937.2231726936798,2480.487838212103,0.48189808542959434,18.999983,train,68,"{""type"":""MultiPoint"",""coordinates"":[]}"
000000000000000004d6_0,2949.0,2099.5,498.0,703.5,990.0,2293.5,0.044161167,0.39698493,MangYang,795,1,1,0,1,13.876410341249832,108.34773681594595,0,2016,795,5.8632865,3107.853968270547,2656.1605346543565,0.12228203189708808,5.8632865,train,4,"{""type"":""MultiPoint"",""coordinates"":[]}"
00000000000000000618_0,2854.0,1626.0,645.0,926.0,801.0,3393.0,0.35206217,0.6180258,MangYang,795,1,1,1,0,13.99283301065425,108.39678692753384,1,2023,795,22.91513,3184.0089067523368,2751.616892498231,0.6171248605113862,22.91513,train,45,"{""type"":""MultiPoint"",""coordinates"":[]}"
00000000000000000332_0,2685.0,1354.0,600.0,925.0,671.0,3192.0,0.40431148,0.6526016,MangYang,796,1,1,1,0,13.992833010654248,108.3954402790157,1,2023,796,7.0615377,3184.0089067523368,2751.616892498231,0.4297865844825701,7.0615377,train,35,"{""type"":""MultiPoint"",""coordinates"":[]}"
00000000000000000382_0,2676.5,1730.0,601.0,748.0,824.0,2317.5,0.14515133,0.47540984,MangYang,796,1,1,1,0,14.178246891557581,108.30677551366898,1,2023,796,14.50339,3215.896593697369,2610.327498643172,0.3229918616964955,14.50339,train,31,"{""type"":""MultiPoint"",""coordinates"":[]}"
000000000000000004ae_0,2713.0,1583.0,542.0,773.0,864.0,3093.0,0.32292557,0.56330556,MangYang,796,1,1,1,0,14.153182284536166,108.31000836193274,1,2023,796,20.726873,3215.896593697369,2610.327498643172,0.45073094929990776,20.726873,train,45,"{""type"":""MultiPoint"",""coordinates"":[]}"
000000000000000004d7_0,4079.0,2481.0,1165.0,1608.0,2344.0,3256.0,0.13508803,0.16285715,MangYang,796,1,1,1,0,14.067482821389985,108.22242269904096,1,2023,796,9.617016,2827.0291006837892,2333.1189995745804,0.5918809307362718,9.617016,train,54,"{""type"":""MultiPoint"",""coordinates"":[]}"
000000000000000004e1_0,2516.0,1947.0,585.0,730.0,807.0,2271.0,0.07681365,0.47563353,MangYang,796,1,1,1,0,14.177435335165857,108.30677551366898,1,2023,796,15.061273,3215.896593697369,2610.327498643172,0.5956508623605763,15.061273,train,31,"{""type"":""MultiPoint"",""coordinates"":[]}"
0000000000000000032b_0,3015.0,1912.0,543.0,767.0,944.0,2581.0,0.14889829,0.46439716,MangYang,798,1,1,1,0,13.88260849171412,108.33507296895415,1,2023,798,14.398672,3107.853968270547,2656.1605346543565,0.5586946455755184,14.398672,train,78,"{""type"":""MultiPoint"",""coordinates"":[]}"
00000000000000000391_0,2525.0,1716.0,646.0,819.0,891.0,2438.0,0.17380838,0.46470413,MangYang,798,1,1,1,0,14.165578585464743,108.29923071468656,1,2023,798,13.417484,3237.9550390057266,2606.218266952033,0.26355393153043916,13.417484,train,53,"{""type"":""MultiPoint"",""coordinates"":[]}"
000000000000000004e3_0,2750.5,1961.0,584.5,747.0,831.0,2282.5,0.075762935,0.4661956,MangYang,798,1,1,1,0,14.177707340330114,108.30677551366898,1,2023,798,15.06129,3215.896593697369,2610.327498643172,0.13190856688263575,15.06129,train,31,"{""type"":""MultiPoint"",""coordinates"":[]}"
0000000000000000059b_0,3813.0,3049.0,1124.0,1411.0,1613.0,3083.0,0.0055446834,0.31303236,MangYang,799,1,1,1,0,14.108176577603736,108.35717227377502,1,2023,799,14.964813,3299.2716793864965,2719.702097876045,0.24872412618285755,14.964813,train,87,"{""type"":""MultiPoint"",""coordinates"":[]}"
0000000000000000033c_0,2142.5,1893.0,455.0,581.0,728.5,2475.5,0.13334097,0.54525596,MangYang,800,1,1,1,0,13.874796146668487,108.34585061620032,0,2023,800,6.9064174,3107.853968270547,2656.1605346543565,0.5021348267987231,6.9064174,train,12,"{""type"":""MultiPoint"",""coordinates"":[]}"
00000000000000000428_0,4477.0,2745.0,1271.0,1747.0,2747.0,3409.0,0.107897304,0.10753736,MangYang,800,1,1,1,0,14.067482821389985,108.22269024510415,1,2023,800,9.296696,2827.0291006837892,2333.1189995745804,0.13865273695179436,9.296696,train,54,"{""type"":""MultiPoint"",""coordinates"":[]}"
00000000000000000453_0,2245.5,1243.5,484.5,677.0,620.0,2526.0,0.3402308,0.60584867,MangYang,800,1,1,1,0,14.116800479041101,108.35339541518276,1,2023,800,16.155249,3299.2716793864965,2719.702097876045,0.4428120591735839,16.155249,train,90,"{""type"":""MultiPoint"",""coordinates"":[]}"
000000000000000003bd_0,2431.0,1398.0,634.0,840.0,756.0,3571.0,0.43731132,0.6505662,MangYang,801,1,1,1,0,14.068022372617454,108.38169287046793,1,2023,801,26.299982,2899.866533741355,2435.8231804678194,0.38853608785880467,26.299982,train,54,"{""type"":""MultiPoint"",""coordinates"":[]}"
00000000000000000357_0,2495.0,2103.0,519.0,728.0,690.0,2880.0,0.15593016,0.6134454,MangYang,802,1,1,1,0,13.87398459027676,108.3445039676822,0,2023,802,14.433123,3107.853968270547,2656.1605346543565,0.1515101444265572,14.433123,train,17,"{""type"":""MultiPoint"",""coordinates"":[]}"
000000000000000004c9_0,4080.0,2900.5,1300.0,1713.5,2369.0,2792.0,-0.019060167,0.08196086,MangYang,802,1,1,1,0,14.067750367453197,108.22215515297775,0,2023,802,15.626789,2827.0291006837892,2333.1189995745804,0.12353315708702473,15.626789,train,0,"{""type"":""MultiPoint"",""coordinates"":[]}"
000000000000000004f7_0,2877.5,2218.0,709.0,902.0,1073.5,2937.0,0.13947624,0.46465528,MangYang,802,1,1,1,0,14.16584613152795,108.29895870952231,1,2023,802,16.323042,3237.9550390057266,2606.218266952033,0.18626536061612342,16.323042,train,68,"{""type"":""MultiPoint"",""coordinates"":[]}"
00000000000000000459_0,2201.0,1332.5,433.5,674.0,807.5,2825.5,0.35906687,0.5554638,MangYang,803,1,1,1,0,14.05912646601583,108.3822324216954,0,2023,803,12.755553,2899.866533741355,2435.8231804678194,0.05179379907834358,12.755553,train,16,"{""type"":""MultiPoint"",""coordinates"":[]}"
0000000000000000051f_0,2154.5,1430.0,436.0,654.5,849.5,2385.5,0.2504259,0.47480682,MangYang,803,1,1,1,0,14.058858919952623,108.38277197292285,1,2023,803,14.198546,2899.866533741355,2435.8231804678194,0.32612099124457894,14.198546,train,77,"{""type"":""MultiPoint"",""coordinates"":[]}"
0000000000000000032e_0,3173.0,2026.0,685.0,965.0,920.0,3234.0,0.2296578,0.55705345,MangYang,804,1,1,1,0,14.106557923921335,108.35986557081131,1,2023,804,18.859055,3299.2716793864965,2719.702097876045,0.6605321985164023,18.859055,train,96,"{""type"":""MultiPoint"",""coordinates"":[]}"
0000000000000000045f_0,1886.5,903.0,441.5,623.0,430.5,2917.5,0.527287,0.7428315,MangYang,804,1,1,1,0,14.07341342579107,108.2237693475591,1,2023,804,11.343062,2827.0291006837892,2333.1189995745804,0.5580054322146888,11.343062,train,84,"{""type"":""MultiPoint"",""coordinates"":[]}"
000000000000000004cd_0,2558.0,1545.0,556.5,757.5,851.5,3047.5,0.32716385,0.56322134,MangYang,804,1,1,1,0,14.113567630777352,108.3544745176377,1,2023,804,9.649552,3299.2716793864965,2719.702097876045,0.7946480377218247,9.649552,train,96,"{""type"":""MultiPoint"",""coordinates"":[]}"
000000000000000005da_0,2919.0,1839.0,624.0,813.0,959.0,2358.0,0.12365976,0.42176667,MangYang,804,1,1,1,0,13.880722291968514,108.35096966420969,1,2023,809,7.602915,3249.1450763195753,2828.9896710276835,0.1212666556748051,8.583603,train,59,"{""type"":""MultiPoint"",""coordinates"":[]}"
000000000000000005dd_0,2084.0,1039.0,470.0,704.0,563.0,3673.0,0.5589983,0.7341832,MangYang,804,1,1,1,0,14.106557923921335,108.35932601958386,1,2023,804,18.150362,3299.2716793864965,2719.702097876045,0.6063451869011582,18.150362,train,85,"{""type"":""MultiPoint"",""coordinates"":[]}"
0000000000000000039f_0,3840.5,2745.5,1329.0,1715.0,2295.5,2905.5,0.028313573,0.11728514,MangYang,805,1,1,1,0,14.067750367453197,108.22242269904096,1,2023,805,16.470295,2827.0291006837892,2333.1189995745804,0.7587106040572963,16.470295,train,54,"{""type"":""MultiPoint"",""coordinates"":[]}"
000000000000000004cb_0,2839.0,1826.5,712.0,889.0,1006.0,2596.0,0.17399661,0.44142142,MangYang,805,1,1,1,0,14.117068025104306,108.35339541518276,1,2023,805,15.003151,3299.2716793864965,2719.702097876045,0.43494228243906896,15.003151,train,91,"{""type"":""MultiPoint"",""coordinates"":[]}"
00000000000000000535_0,2606.5,1387.5,485.0,711.5,742.0,2796.0,0.33667982,0.580554,MangYang,805,1,1,0,0,14.067750367453197,108.22269024510415,0,0,805,10.479541,2827.0291006837892,2333.1189995745804,0.15100399448383062,10.479541,train,54,"{""type"":""MultiPoint"",""coordinates"":[]}"
00000000000000000548_0,2939.0,1633.0,568.0,818.0,769.0,3368.0,0.34693062,0.628233,MangYang,805,1,1,1,0,14.106557923921338,108.35959356564706,1,2023,805,20.421242,3299.2716793864965,2719.702097876045,0.43291727274507474,20.421242,train,100,"{""type"":""MultiPoint"",""coordinates"":[]}"
0000000000000000061a_0,2938.0,1816.5,696.5,926.5,1038.5,2713.5,0.19801325,0.44642857,MangYang,805,1,1,1,0,14.117340030268567,108.35312786911956,1,2023,805,12.663249,3299.2716793864965,2719.702097876045,0.518548928725893,12.663249,train,87,"{""type"":""MultiPoint"",""coordinates"":[]}"
00000000000000000536_0,3338.0,2398.0,796.0,1007.0,1100.0,2752.0,0.068737864,0.42886811,MangYang,807,1,1,1,0,14.197915986304332,108.292760559058,1,2023,817,27.126627,3237.9550390057266,2606.218266952033,0.1768714174821504,10.096576,train,52,"{""type"":""MultiPoint"",""coordinates"":[]}"
000000000000000005a2_0,2828.0,1743.0,511.0,759.0,749.0,2679.0,0.21166892,0.5630105,MangYang,807,1,1,1,0,14.18740588512136,108.28521576007557,1,2023,807,7.617449,3237.9550390057266,2606.218266952033,0.5961496969319766,7.617449,train,38,"{""type"":""MultiPoint"",""coordinates"":[]}"
000000000000000005ec_0,2752.0,1729.0,535.0,764.0,824.0,2690.0,0.21747002,0.5310188,MangYang,808,1,1,1,0,14.18740588512136,108.28548330613879,1,2023,808,6.6325297,3237.9550390057266,2606.218266952033,0.012412836886541156,6.6325297,train,74,"{""type"":""MultiPoint"",""coordinates"":[]}"
0000000000000000042f_0,2235.0,1195.5,476.5,732.5,524.5,2807.5,0.40269798,0.68517405,MangYang,809,1,1,1,0,13.897702548780035,108.3401920169635,1,2023,809,19.293758,3107.853968270547,2656.1605346543565,0.3244777181074844,19.293758,train,52,"{""type"":""MultiPoint"",""coordinates"":[]}"
0000000000000000031f_0,2772.5,1697.5,565.5,813.5,771.5,3120.0,0.29527763,0.6034948,MangYang,811,1,1,1,0,14.117340030268567,108.35339541518277,1,2023,811,15.679568,3299.2716793864965,2719.702097876045,0.6423814660601996,15.679568,train,87,"{""type"":""MultiPoint"",""coordinates"":[]}"
000000000000000005e6_0,2159.0,1682.0,558.0,705.0,878.0,2142.0,0.12029289,0.41854304,MangYang,812,1,1,1,0,13.902014499498717,108.33264721798109,1,2023,812,7.4908667,3249.712924260939,2780.606499409189,0.12687024167390626,7.4908667,train,46,"{""type"":""MultiPoint"",""coordinates"":[]}"
00000000000000000361_0,2424.5,1654.0,549.0,728.5,837.0,2426.0,0.18921569,0.48697516,MangYang,813,1,1,0,0,14.16584613152795,108.29949826074976,0,0,813,20.625994,3237.9550390057266,2606.218266952033,0.6429052570929399,20.625994,train,0,"{""type"":""MultiPoint"",""coordinates"":[]}"
0000000000000000049d_0,2722.0,1954.0,554.5,765.5,842.5,2369.0,0.09599815,0.47532305,MangYang,813,1,1,1,0,14.186870792994947,108.28521576007557,1,2023,813,13.894555,3237.9550390057266,2606.218266952033,0.7857928890417709,13.894555,train,62,"{""type"":""MultiPoint"",""coordinates"":[]}"
000000000000000003d6_0,2918.5,1831.0,539.5,761.5,804.5,2439.0,0.14238876,0.5039309,MangYang,815,1,1,1,0,14.18740588512136,108.2844086627849,1,2023,815,7.94349,3237.9550390057266,2606.218266952033,0.42469609650805373,7.94349,train,39,"{""type"":""MultiPoint"",""coordinates"":[]}"
000000000000000003de_0,2880.0,2078.0,619.0,789.0,845.0,2636.0,0.11837081,0.51450735,MangYang,815,1,1,1,0,14.186598787830688,108.28467620884813,1,2023,815,13.99605,3237.9550390057266,2606.218266952033,0.3639313233779726,13.99605,train,34,"{""type"":""MultiPoint"",""coordinates"":[]}"
00000000000000000586_0,2163.5,975.5,508.5,791.5,488.0,3731.0,0.5854669,0.76866555,MangYang,816,1,1,1,0,13.972352359515776,108.40136642431574,1,2023,816,7.6170073,3298.959443733096,2832.2985246057647,0.20462268302472642,7.6170073,train,83,"{""type"":""MultiPoint"",""coordinates"":[]}"
00000000000000000527_0,2838.5,2005.0,650.0,827.5,935.0,1958.5,-0.011732055,0.35372385,MangYang,817,1,1,1,0,14.169890536183422,108.31701360968769,1,2023,817,3.825611,3215.896593697369,2610.327498643172,0.37389609151656156,3.825611,train,45,"{""type"":""MultiPoint"",""coordinates"":[]}"
0000000000000000056b_0,3558.0,2127.0,994.0,1268.0,1457.0,3456.0,0.23804407,0.4068797,MangYang,817,1,1,1,0,14.107369480313062,108.36013311687452,1,2023,826,14.084249,3299.2716793864965,2719.702097876045,0.5480618245520786,14.741828,train,90,"{""type"":""MultiPoint"",""coordinates"":[]}"
00000000000000000574_0,2526.0,1670.0,512.0,768.0,936.0,2491.0,0.19730835,0.45374963,MangYang,817,1,1,1,0,13.898509646070712,108.33614761230804,1,2023,817,26.782572,3107.853968270547,2656.1605346543565,0.4854470749445433,26.782572,train,48,"{""type"":""MultiPoint"",""coordinates"":[]}"
00000000000000000400_0,2682.5,1475.0,503.5,791.0,708.5,3257.5,0.3766508,0.64271307,MangYang,818,1,1,1,0,14.068022372617454,108.2218831478135,0,2023,818,23.59537,2827.0291006837892,2333.1189995745804,0.6217469188460751,23.59537,train,15,"{""type"":""MultiPoint"",""coordinates"":[]}"
000000000000000004a0_0,2651.5,1680.0,490.0,699.0,717.5,2602.5,0.21541156,0.5677711,MangYang,818,1,1,1,0,14.18740588512136,108.28413665762064,0,2023,818,10.322573,3237.9550390057266,2606.218266952033,0.6838051237896092,10.322573,train,12,"{""type"":""MultiPoint"",""coordinates"":[]}"
000000000000000005f5_0,2684.0,1507.0,465.0,710.0,617.0,3098.0,0.34549403,0.6678331,MangYang,818,1,1,1,0,14.167197239147146,108.33372186133495,0,2023,818,19.340063,3215.896593697369,2610.327498643172,0.19350843934541107,19.340063,train,12,"{""type"":""MultiPoint"",""coordinates"":[]}"
0000000000000000040a_0,2821.0,1885.0,685.5,933.5,1027.0,2949.5,0.22018823,0.48346537,MangYang,819,1,1,1,0,14.066675724099316,108.38169287046793,1,2023,819,27.4441,2899.866533741355,2435.8231804678194,0.05004007122877452,27.4441,train,78,"{""type"":""MultiPoint"",""coordinates"":[]}"
00000000000000000324_0,2358.5,1453.0,481.0,641.0,679.0,2380.5,0.241946,0.5561366,MangYang,820,1,1,0,1,14.16611813669221,108.29949826074976,1,2008,820,17.615004,3237.9550390057266,2606.218266952033,0.5562639957332769,17.615004,train,85,"{""type"":""MultiPoint"",""coordinates"":[]}"
000000000000000004fb_0,2808.0,1908.5,569.0,759.0,792.5,2836.5,0.19557428,0.5632406,MangYang,820,1,1,1,0,14.186598787830688,108.28413665762064,1,2023,820,9.246117,3237.9550390057266,2606.218266952033,0.47868879690275445,9.246117,train,44,"{""type"":""MultiPoint"",""coordinates"":[]}"
000000000000000004fe_0,2094.0,941.0,489.5,772.5,476.5,3869.0,0.6087318,0.7806927,MangYang,820,1,1,1,0,13.972080354351515,108.40136642431574,1,2023,820,8.2891,3298.959443733096,2832.2985246057647,0.7749599955280398,8.2891,train,99,"{""type"":""MultiPoint"",""coordinates"":[]}"
0000000000000000062e_0,3078.5,2044.0,687.0,937.0,1046.0,2830.0,0.16126385,0.46026832,MangYang,824,1,1,1,0,13.930311954783885,108.29545385609428,1,2023,824,14.173591,2937.2231726936798,2480.487838212103,0.7008396769416044,14.173591,train,63,"{""type"":""MultiPoint"",""coordinates"":[]}"
000000000000000005fa_0,3451.0,2339.5,695.0,895.5,1091.5,2605.5,0.05379171,0.40952122,MangYang,825,1,1,1,0,13.9340843542751,108.29545385609428,1,2023,825,26.144522,2937.2231726936798,2480.487838212103,0.19870127531165016,26.144522,train,91,"{""type"":""MultiPoint"",""coordinates"":[]}"
000000000000000003b0_0,2219.0,1744.0,516.0,641.0,842.0,1850.0,0.0294936,0.3744428,MangYang,826,1,1,1,0,13.897430543615776,108.34073156819099,1,2023,826,15.67105,3107.853968270547,2656.1605346543565,0.5557966594877034,15.67105,train,78,"{""type"":""MultiPoint"",""coordinates"":[]}"
0000000000000000041c_0,2848.5,1777.5,514.0,718.0,810.5,2477.5,0.16451234,0.50699514,MangYang,826,1,1,1,0,14.187138339058151,108.28386911155745,1,2023,826,12.494594,3237.9550390057266,2606.218266952033,0.23943661592314758,12.494594,train,33,"{""type"":""MultiPoint"",""coordinates"":[]}"
00000000000000000585_0,2680.0,1708.0,546.0,827.5,875.0,3261.5,0.3126069,0.576937,MangYang,826,1,1,1,0,13.910638400936087,108.35286032305635,1,2023,826,15.8522835,3324.219020557932,2857.4996105179016,0.26807040201518295,15.8522835,train,100,"{""type"":""MultiPoint"",""coordinates"":[]}"
000000000000000003c6_0,2805.5,1746.0,562.0,751.5,769.0,2512.0,0.17989667,0.53124046,MangYang,827,1,1,1,0,14.107369480313062,108.27093325940139,1,2023,827,21.316772,3130.2996047775086,2555.39319297567,0.5619868271696251,21.316772,train,82,"{""type"":""MultiPoint"",""coordinates"":[]}"
0000000000000000046d_0,2020.0,947.0,422.0,636.0,432.0,3119.0,0.53418595,0.75668824,MangYang,829,1,1,1,0,14.073948517917483,108.22215515297775,1,2023,829,4.2430897,2827.0291006837892,2333.1189995745804,0.0463176407462349,4.2430897,train,61,"{""type"":""MultiPoint"",""coordinates"":[]}"
0000000000000000038f_0,2250.0,1535.0,575.0,808.0,784.0,2544.0,0.24736455,0.52884614,MangYang,830,1,1,0,0,13.90362869408007,108.32698861874425,0,0,830,6.720005,3249.712924260939,2780.606499409189,0.5150675968840052,6.720005,train,48,"{""type"":""MultiPoint"",""coordinates"":[]}"
000000000000000004a6_0,2782.0,2086.5,652.0,990.0,1304.0,2601.5,0.10985495,0.33222377,MangYang,831,1,1,1,0,14.171776735929033,108.33372186133495,1,2023,831,17.685904,3215.896593697369,2610.327498643172,0.5881625249960498,17.685904,train,79,"{""type"":""MultiPoint"",""coordinates"":[]}"
00000000000000000622_0,3369.5,2376.0,642.5,986.5,1288.0,2603.0,0.045591485,0.33795938,MangYang,831,1,1,1,0,14.171509189865827,108.33372186133495,1,2023,831,16.726866,3215.896593697369,2610.327498643172,0.18962806688223366,16.726866,train,71,"{""type"":""MultiPoint"",""coordinates"":[]}"
0000000000000000032d_0,2379.5,1602.0,562.0,736.0,784.5,2335.0,0.18618238,0.4970348,MangYang,832,1,1,1,0,13.903900699244327,108.32671661358,1,2023,832,8.75611,3249.712924260939,2780.606499409189,0.7407863239524226,8.75611,train,60,"{""type"":""MultiPoint"",""coordinates"":[]}"
00000000000000000389_0,2829.0,2050.0,817.5,1026.5,1113.5,2144.0,0.02241297,0.31634688,MangYang,832,1,1,1,0,14.141865086062516,108.3445039676822,1,2023,832,5.990036,2872.7254663035274,2386.3307129473314,0.3312200386764559,5.990036,train,94,"{""type"":""MultiPoint"",""coordinates"":[]}"
000000000000000005d1_0,1697.0,766.0,335.0,679.0,333.0,3159.0,0.60968155,0.80927837,MangYang,832,1,1,1,0,13.940550050802598,108.28764151104866,1,2023,832,23.830803,2937.2231726936798,2480.487838212103,0.30929654298742937,23.830803,train,45,"{""type"":""MultiPoint"",""coordinates"":[]}"
0000000000000000060b_0,2328.0,1526.0,479.0,736.0,751.5,2136.5,0.16668943,0.47957063,MangYang,832,1,1,1,0,14.095780276675153,108.39813357605198,1,2023,832,24.272009,2899.866533741355,2435.8231804678194,0.09965124095267985,24.272009,train,45,"{""type"":""MultiPoint"",""coordinates"":[]}"
0000000000000000038c_0,2735.0,1754.0,548.0,876.0,929.0,2664.0,0.20597555,0.4828834,MangYang,835,1,1,1,0,13.980976260953138,108.38735146970477,1,2023,843,21.265045,3184.0089067523368,2751.616892498231,0.08139247621738854,9.930308,train,58,"{""type"":""MultiPoint"",""coordinates"":[]}"
00000000000000000466_0,2243.0,1239.0,426.0,575.0,592.0,2459.0,0.32990807,0.6119305,MangYang,835,1,1,1,0,14.16665768791968,108.28629486253053,1,2023,835,15.871476,3237.9550390057266,2606.218266952033,0.4758038973665779,15.871476,train,89,"{""type"":""MultiPoint"",""coordinates"":[]}"
000000000000000005b4_0,2325.5,1676.0,501.0,682.0,780.5,2331.5,0.1635683,0.49839333,MangYang,835,1,1,1,0,13.905514893825671,108.32483041383439,1,2023,835,10.551927,3249.712924260939,2780.606499409189,0.7343501319776967,10.551927,train,56,"{""type"":""MultiPoint"",""coordinates"":[]}"
0000000000000000060c_0,2250.0,1836.0,569.0,732.0,880.0,2003.0,0.04350091,0.3895248,MangYang,835,1,1,1,0,13.903900699244325,108.32698861874425,0,2023,835,11.123662,3249.712924260939,2780.606499409189,0.19385638337485545,11.123662,train,23,"{""type"":""MultiPoint"",""coordinates"":[]}"
00000000000000000623_0,2872.0,1882.0,621.0,876.0,1029.0,2680.0,0.17492329,0.44513345,MangYang,835,1,1,1,0,13.98016470456141,108.38546526995914,0,2023,835,15.221856,3184.0089067523368,2751.616892498231,0.02883774547303386,15.221856,train,21,"{""type"":""MultiPoint"",""coordinates"":[]}"
00000000000000000373_0,2570.0,1944.0,488.0,666.0,765.0,1862.0,-0.02154493,0.4175866,MangYang,836,1,1,1,0,14.159380435000456,108.32887481848987,0,2023,836,2.7802885,3215.896593697369,2610.327498643172,0.689413447166639,2.7802885,train,29,"{""type"":""MultiPoint"",""coordinates"":[]}"
00000000000000000487_0,2454.0,1557.0,511.0,798.0,886.0,2776.0,0.28132933,0.51611143,MangYang,836,1,1,1,0,13.930039949619626,108.34558307013714,1,2023,836,6.907934,3249.712924260939,2780.606499409189,0.30995304275985536,6.907934,train,89,"{""type"":""MultiPoint"",""coordinates"":[]}"
000000000000000003c3_0,2589.5,1634.0,567.0,789.5,703.5,2894.5,0.27834824,0.6089494,MangYang,837,1,1,1,0,13.99552630769053,108.41052987698056,1,2023,837,27.384548,3298.959443733096,2832.2985246057647,0.15466441440732348,27.384548,train,63,"{""type"":""MultiPoint"",""coordinates"":[]}"
0000000000000000042d_0,3002.5,2059.0,676.0,907.0,959.0,2751.0,0.14386694,0.48301888,MangYang,837,1,1,1,0,14.072873874563605,108.3919354255877,1,2023,837,21.860794,2899.866533741355,2435.8231804678194,0.3186214496901423,21.860794,train,51,"{""type"":""MultiPoint"",""coordinates"":[]}"
0000000000000000044e_0,2546.0,1861.0,500.0,711.0,910.0,2231.0,0.090420336,0.4205667,MangYang,837,1,1,1,0,13.898509646070712,108.33534051501736,1,2023,837,20.061365,3107.853968270547,2656.1605346543565,0.7561971519978733,20.061365,train,34,"{""type"":""MultiPoint"",""coordinates"":[]}"
0000000000000000050e_0,2373.0,1597.5,535.5,810.5,844.5,2753.0,0.26560166,0.5305073,MangYang,837,1,1,1,0,14.066136172871847,108.3822324216954,1,2023,837,26.610117,2899.866533741355,2435.8231804678194,0.7198051687264957,26.610117,train,55,"{""type"":""MultiPoint"",""coordinates"":[]}"
0000000000000000031b_0,2233.0,1725.0,592.0,679.0,845.0,2122.0,0.1031973,0.4304011,MangYang,838,1,1,1,0,13.90605444505314,108.32483041383439,1,2023,838,8.435231,3249.712924260939,2780.606499409189,0.10728327761714063,8.435231,train,52,"{""type"":""MultiPoint"",""coordinates"":[]}"
00000000000000000562_0,2592.0,1789.0,694.5,861.0,995.0,2258.5,0.11599753,0.388351,MangYang,838,1,1,1,0,14.141593080898259,108.3445039676822,1,2023,838,9.376824,2872.7254663035274,2386.3307129473314,0.4874892795466981,9.376824,train,90,"{""type"":""MultiPoint"",""coordinates"":[]}"
0000000000000000039c_0,1762.5,891.5,382.0,527.0,452.5,2850.5,0.52351683,0.7260067,MangYang,839,1,1,1,0,13.90794064479875,108.33561252018163,0,2023,839,20.010729,3249.712924260939,2780.606499409189,0.031732586236164484,20.010729,train,17,"{""type"":""MultiPoint"",""coordinates"":[]}"
0000000000000000043a_0,2063.0,1130.0,441.0,673.0,541.0,3361.0,0.4967713,0.7227063,MangYang,840,1,1,1,0,13.92977240355642,108.34585061620032,1,2023,840,6.6287155,3249.712924260939,2780.606499409189,0.10294535649877135,6.6287155,train,95,"{""type"":""MultiPoint"",""coordinates"":[]}"
000000000000000004c1_0,1569.0,678.0,428.0,591.0,393.0,3154.0,0.6461378,0.7784043,MangYang,841,1,1,1,0,13.945401552748747,108.35663272254757,1,2023,841,10.436108,3324.219020557932,2857.4996105179016,0.5617765956792905,10.436108,train,37,"{""type"":""MultiPoint"",""coordinates"":[]}"
000000000000000004db_0,2422.0,1709.0,466.0,671.0,758.0,2377.0,0.16348507,0.51642746,MangYang,841,1,1,1,0,13.930039949619626,108.34585061620032,1,2023,841,11.0095,3249.712924260939,2780.606499409189,0.12198216554392893,11.0095,train,95,"{""type"":""MultiPoint"",""coordinates"":[]}"
00000000000000000573_0,2388.0,1610.0,629.0,867.0,895.0,2964.0,0.29602098,0.53614926,MangYang,841,1,1,1,0,14.066403718935055,108.3822324216954,1,2023,841,20.721262,2899.866533741355,2435.8231804678194,0.4054667690246361,20.721262,train,58,"{""type"":""MultiPoint"",""coordinates"":[]}"
000000000000000005aa_0,2417.0,1937.5,559.0,657.5,892.5,1786.0,-0.040687524,0.33358222,MangYang,841,1,1,1,0,13.904168245307535,108.32698861874425,0,2023,841,12.543927,3249.712924260939,2780.606499409189,0.6007958969495242,12.543927,train,4,"{""type"":""MultiPoint"",""coordinates"":[]}"
00000000000000000386_0,2057.0,1226.0,459.0,627.0,689.0,2396.0,0.32302594,0.55332255,MangYang,842,1,1,1,0,14.141325534835053,108.3447715137454,1,2023,842,9.291395,2872.7254663035274,2386.3307129473314,0.28212426324656004,9.291395,train,64,"{""type"":""MultiPoint"",""coordinates"":[]}"
000000000000000004a8_0,3187.0,2184.0,798.0,1037.0,1311.0,2569.0,0.081001475,0.3242268,MangYang,842,1,1,1,0,13.90039584581632,108.32752371087068,1,2023,842,6.533895,3249.712924260939,2780.606499409189,0.6505953383310232,6.533895,train,52,"{""type"":""MultiPoint"",""coordinates"":[]}"
0000000000000000062a_0,2722.0,1718.0,664.5,842.5,923.0,2812.5,0.24158481,0.50582254,MangYang,842,1,1,1,0,14.124077731960323,108.35043457208329,1,2023,842,22.788548,3299.2716793864965,2719.702097876045,0.28197708955436485,22.788548,train,89,"{""type"":""MultiPoint"",""coordinates"":[]}"
00000000000000000381_0,2297.0,1822.0,614.0,731.0,1020.0,1850.0,0.0076252725,0.2891986,MangYang,844,1,1,1,0,13.904707796535,108.33102856429868,1,2023,844,12.902142,3249.712924260939,2780.606499409189,0.5670675442354347,12.902142,train,34,"{""type"":""MultiPoint"",""coordinates"":[]}"
000000000000000003b1_0,2143.0,1214.0,429.5,608.0,606.5,2448.0,0.33697432,0.602881,MangYang,844,1,1,1,0,14.152375187245491,108.33776626599044,0,2023,844,11.032515,3215.896593697369,2610.327498643172,0.29974785669173576,11.032515,train,25,"{""type"":""MultiPoint"",""coordinates"":[]}"
000000000000000005df_0,2328.0,1814.0,577.0,693.0,863.0,2045.0,0.059860066,0.40646493,MangYang,844,1,1,1,0,13.904707796535,108.33076101823546,0,2023,844,12.754429,3249.712924260939,2780.606499409189,0.047892670283663175,12.754429,train,29,"{""type"":""MultiPoint"",""coordinates"":[]}"
000000000000000003bc_0,2649.0,1960.0,621.0,829.0,948.0,2308.0,0.08153702,0.41769043,MangYang,845,1,1,1,0,13.905786898989936,108.32510241899865,1,2023,845,13.171974,3249.712924260939,2780.606499409189,0.1371463815368238,13.171974,train,84,"{""type"":""MultiPoint"",""coordinates"":[]}"
00000000000000000349_0,2426.5,1284.0,455.5,696.5,597.0,3352.5,0.44613394,0.6976833,MangYang,846,1,1,1,0,14.17500958419278,108.32483041383439,0,2023,846,20.983198,3215.896593697369,2610.327498643172,0.44610373374844636,20.983198,train,14,"{""type"":""MultiPoint"",""coordinates"":[]}"
00000000000000000519_0,2038.0,1194.0,438.5,636.0,552.0,2729.5,0.39135975,0.6635685,MangYang,847,1,1,1,0,14.141325534835053,108.34504351890965,1,2023,847,5.1158957,2872.7254663035274,2386.3307129473314,0.30271209958063516,5.1158957,train,64,"{""type"":""MultiPoint"",""coordinates"":[]}"
00000000000000000625_0,2465.0,1445.0,456.0,699.0,668.0,2810.0,0.32079905,0.6158712,MangYang,847,1,1,1,0,13.930039949619628,108.34612262136459,1,2023,847,10.533236,3249.712924260939,2780.606499409189,0.5388633333837946,10.533236,train,84,"{""type"":""MultiPoint"",""coordinates"":[]}"
0000000000000000031d_0,2500.0,1783.0,753.0,864.0,988.0,3147.0,0.27667344,0.52212816,MangYang,848,1,1,1,0,13.947827303721823,108.35016256691901,1,2023,848,8.500523,3324.219020557932,2857.4996105179016,0.36887278436210746,8.500523,train,36,"{""type"":""MultiPoint"",""coordinates"":[]}"
000000000000000003c5_0,1854.0,970.0,465.0,641.0,517.0,3083.0,0.5213422,0.7127778,MangYang,851,1,1,1,0,13.911985049454223,108.34045956302673,0,2023,851,12.802568,3249.712924260939,2780.606499409189,0.6770443423063344,12.802568,train,22,"{""type"":""MultiPoint"",""coordinates"":[]}"
00000000000000000550_0,2070.0,1711.0,601.0,787.0,912.0,1652.0,-0.01754386,0.28861153,MangYang,851,1,1,1,0,13.910098849708616,108.33345431527175,1,2023,851,3.9884393,3249.712924260939,2780.606499409189,0.2985099779299841,3.9884393,train,48,"{""type"":""MultiPoint"",""coordinates"":[]}"
00000000000000000369_0,2148.0,1577.0,581.5,772.0,856.0,2180.0,0.16050039,0.43610013,MangYang,853,1,1,1,0,13.910098849708616,108.33372186133495,1,2023,853,5.6282086,3249.712924260939,2780.606499409189,0.42608862369205336,5.6282086,train,59,"{""type"":""MultiPoint"",""coordinates"":[]}"
0000000000000000035a_0,2438.0,1487.5,491.5,695.5,654.5,3192.5,0.36431623,0.65973485,MangYang,855,1,1,1,0,13.909287293316886,108.33156811552614,1,2023,855,4.7241344,3249.712924260939,2780.606499409189,0.39063478191074874,4.7241344,train,72,"{""type"":""MultiPoint"",""coordinates"":[]}"
0000000000000000047a_0,2343.0,1442.0,370.0,637.0,572.0,2505.0,0.26931846,0.6282093,MangYang,855,1,1,1,0,14.077185825282287,108.39112832829701,1,2023,855,10.141147,2899.866533741355,2435.8231804678194,0.37910698744841476,10.141147,train,31,"{""type"":""MultiPoint"",""coordinates"":[]}"
000000000000000004a7_0,2267.5,1811.0,552.5,737.5,943.0,2124.5,0.07965951,0.38516706,MangYang,855,1,1,1,0,13.909287293316886,108.33130056946294,1,2023,855,3.7047918,3249.712924260939,2780.606499409189,0.7945184935656607,3.7047918,train,52,"{""type"":""MultiPoint"",""coordinates"":[]}"
000000000000000004e7_0,2995.0,2140.0,557.5,733.5,907.5,2248.0,0.02461258,0.4248138,MangYang,855,1,1,0,0,14.194683138040585,108.2924930129948,0,0,855,11.853007,3237.9550390057266,2606.218266952033,0.7442971392402244,11.853007,train,85,"{""type"":""MultiPoint"",""coordinates"":[]}"
000000000000000005b9_0,2638.5,1741.5,550.0,686.5,858.5,2291.0,0.13626783,0.4548341,MangYang,856,1,1,1,0,13.909019747253684,108.33102856429868,1,2023,856,7.333545,3249.712924260939,2780.606499409189,0.31161643840930064,7.333545,train,99,"{""type"":""MultiPoint"",""coordinates"":[]}"
0000000000000000045c_0,3228.0,2116.0,602.0,795.0,944.0,2448.0,0.07274321,0.44339624,MangYang,857,1,1,1,0,14.194683138040585,108.29114190537561,1,2023,857,5.51679,3237.9550390057266,2606.218266952033,0.3984512059619989,5.51679,train,60,"{""type"":""MultiPoint"",""coordinates"":[]}"
000000000000000005a1_0,2112.5,1667.5,548.5,676.5,843.5,2180.0,0.13320337,0.44203737,MangYang,857,1,1,1,0,13.910638400936085,108.33345431527177,1,2023,857,8.288164,3249.712924260939,2780.606499409189,0.6103032596210463,8.288164,train,48,"{""type"":""MultiPoint"",""coordinates"":[]}"
0000000000000000034e_0,2788.0,1987.0,673.0,933.0,942.0,2727.0,0.15697922,0.48650858,MangYang,858,1,1,1,0,14.07341342579107,108.39193542558769,1,2023,858,15.810684,2899.866533741355,2435.8231804678194,0.33415027045697177,15.810684,train,80,"{""type"":""MultiPoint"",""coordinates"":[]}"
000000000000000003fc_0,3544.0,2280.0,564.0,748.0,892.0,2452.0,0.03634827,0.46650717,MangYang,859,1,1,1,0,14.194415591977377,108.29141391053986,1,2023,859,7.6107845,3237.9550390057266,2606.218266952033,0.25735862037554913,7.6107845,train,95,"{""type"":""MultiPoint"",""coordinates"":[]}"
000000000000000005a0_0,2246.0,1173.0,407.0,601.0,528.0,3211.0,0.46487227,0.71757156,MangYang,859,1,1,1,0,14.152642733308697,108.33938491967285,1,2023,856,8.090599,3215.896593697369,2610.327498643172,0.16239128000522696,7.9428716,train,93,"{""type"":""MultiPoint"",""coordinates"":[]}"
0000000000000000045d_0,2070.0,1593.0,523.0,691.5,732.0,2515.5,0.2245345,0.5491917,MangYang,860,1,1,1,0,13.909559298481152,108.33102856429868,0,2023,860,15.859669,3249.712924260939,2780.606499409189,0.5952292330921268,15.859669,train,21,"{""type"":""MultiPoint"",""coordinates"":[]}"
000000000000000003a5_0,2226.0,1988.0,579.0,636.0,770.0,1562.0,-0.12,0.33962265,MangYang,862,1,1,1,0,13.910905946999291,108.33345431527177,1,2023,862,8.757067,3249.712924260939,2780.606499409189,0.05322365940817497,8.757067,train,53,"{""type"":""MultiPoint"",""coordinates"":[]}"
000000000000000004c3_0,2389.5,1506.0,456.5,649.5,648.0,2678.5,0.28020075,0.61040133,MangYang,862,1,1,1,0,13.909287293316888,108.330221467008,1,2023,862,11.936224,3249.712924260939,2780.606499409189,0.5866374958880407,11.936224,train,47,"{""type"":""MultiPoint"",""coordinates"":[]}"
00000000000000000495_0,2231.5,1237.0,489.5,687.5,702.0,2911.0,0.40356797,0.6114033,MangYang,863,1,1,1,0,13.908480196026215,108.33076101823546,0,2023,863,14.635545,3249.712924260939,2780.606499409189,0.19521016694143323,14.635545,train,22,"{""type"":""MultiPoint"",""coordinates"":[]}"
0000000000000000062d_0,2329.5,1532.0,483.0,639.5,780.0,2325.5,0.20570317,0.49766544,MangYang,863,1,1,1,0,13.90955929848115,108.3304890130712,0,2023,863,11.936226,3249.712924260939,2780.606499409189,0.1707462096639515,11.936226,train,0,"{""type"":""MultiPoint"",""coordinates"":[]}"
00000000000000000412_0,2368.0,1476.0,418.0,645.0,618.0,2524.0,0.262,0.60662,MangYang,864,1,1,1,0,14.077453371345497,108.39085632313277,1,2023,864,11.818653,2899.866533741355,2435.8231804678194,0.5952069714902348,11.818653,train,31,"{""type"":""MultiPoint"",""coordinates"":[]}"
00000000000000000506_0,2791.0,1828.0,632.0,814.5,1015.5,2304.5,0.115305506,0.388253,MangYang,864,1,1,1,0,13.880722291968514,108.33291476404429,1,2023,864,14.777479,3107.853968270547,2656.1605346543565,0.35514649172801127,19.29096,train,100,"{""type"":""MultiPoint"",""coordinates"":[]}"
00000000000000000521_0,2226.5,1165.0,610.0,782.0,576.5,2965.0,0.43583536,0.67443174,MangYang,868,1,1,1,0,13.95456500541358,108.36094467326625,1,2023,868,14.777641,3184.0089067523368,2751.616892498231,0.4529597325130721,14.777641,train,98,"{""type"":""MultiPoint"",""coordinates"":[]}"
0000000000000000061e_0,3453.0,2661.0,1197.0,1525.0,1777.0,2898.0,0.042633567,0.2397861,MangYang,869,1,1,1,0,13.875603243959157,108.30812216218712,1,2023,869,16.143257,3107.853968270547,2656.1605346543565,0.7732305518948174,16.143257,train,83,"{""type"":""MultiPoint"",""coordinates"":[]}"
0000000000000000041d_0,2990.0,1948.0,657.0,942.0,1196.0,2543.0,0.1324872,0.36025676,MangYang,871,1,1,1,0,13.880454745905308,108.33291476404429,1,2023,871,11.174124,3107.853968270547,2656.1605346543565,0.6192186526898014,8.342456,train,100,"{""type"":""MultiPoint"",""coordinates"":[]}"
000000000000000004d8_0,2660.0,1619.0,579.0,840.0,893.0,3006.0,0.2998919,0.54193383,MangYang,871,1,1,1,0,14.073680971854282,108.39139587436024,1,2023,871,8.5007515,2899.866533741355,2435.8231804678194,0.5831659203550875,8.5007515,train,67,"{""type"":""MultiPoint"",""coordinates"":[]}"
000000000000000004e8_0,2060.5,1338.5,414.0,554.0,568.0,2308.5,0.26597202,0.6050756,MangYang,871,1,1,1,0,14.149949436272419,108.3366871635355,1,2023,871,6.9140368,2872.7254663035274,2386.3307129473314,0.0729392754039202,6.9140368,train,32,"{""type"":""MultiPoint"",""coordinates"":[]}"
000000000000000004c4_0,2373.0,1416.5,634.0,807.5,840.0,2772.5,0.32370493,0.5349481,MangYang,872,1,1,1,0,13.95456500541358,108.360672668102,1,2023,872,18.617914,3184.0089067523368,2751.616892498231,0.6853507301310086,18.617914,train,95,"{""type"":""MultiPoint"",""coordinates"":[]}"
00000000000000000504_0,2789.0,1712.0,629.0,842.0,947.0,2429.0,0.17314658,0.43898106,MangYang,873,1,1,1,0,13.880182740741047,108.33291476404429,1,2023,873,11.876908,3107.853968270547,2656.1605346543565,0.4209017604144236,3.410038,train,94,"{""type"":""MultiPoint"",""coordinates"":[]}"
000000000000000003fb_0,2626.5,1550.5,597.0,727.0,779.5,2798.5,0.2869625,0.5642817,MangYang,874,1,1,1,0,13.914950351654765,108.33776626599042,1,2023,874,12.486429,3249.712924260939,2780.606499409189,0.20105449964169253,12.486429,train,33,"{""type"":""MultiPoint"",""coordinates"":[]}"
000000000000000004f9_0,2437.5,1445.0,478.5,668.5,702.5,2358.5,0.24017352,0.54099965,MangYang,874,1,1,1,0,13.911985049454223,108.29923071468657,1,2023,874,13.141857,2937.2231726936798,2480.487838212103,0.06841514022642392,13.141857,train,92,"{""type"":""MultiPoint"",""coordinates"":[]}"
00000000000000000592_0,2523.0,1378.0,574.0,764.0,791.0,2269.0,0.2443104,0.48300654,MangYang,876,1,1,1,0,14.182286837112008,108.32914236455308,0,2023,876,20.41006,3215.896593697369,2610.327498643172,0.5819909635689432,20.41006,train,28,"{""type"":""MultiPoint"",""coordinates"":[]}"
000000000000000003a6_0,2324.5,1754.5,548.0,687.0,851.5,2199.0,0.112432025,0.44173086,MangYang,877,1,1,1,0,13.914138795263039,108.33102856429868,1,2023,877,12.028028,3249.712924260939,2780.606499409189,0.7166959723359075,12.028028,train,52,"{""type"":""MultiPoint"",""coordinates"":[]}"
000000000000000003da_0,2467.5,1403.0,461.5,663.5,771.0,2432.0,0.26831812,0.5185763,MangYang,878,1,1,1,0,14.148598328653224,108.34207821670911,1,2023,879,9.894728,2872.7254663035274,2386.3307129473314,0.6143234645219174,10.139935,train,99,"{""type"":""MultiPoint"",""coordinates"":[]}"
000000000000000005d5_0,2630.0,2116.0,579.0,724.0,896.0,2376.0,0.057880677,0.45232275,MangYang,878,1,1,1,0,13.909019747253684,108.32483041383439,0,2023,878,14.398838,3249.712924260939,2780.606499409189,0.7094166158782398,14.398838,train,12,"{""type"":""MultiPoint"",""coordinates"":[]}"
0000000000000000061b_0,2056.0,1267.5,514.0,686.5,645.0,2558.0,0.33734152,0.59725255,MangYang,878,1,1,1,0,14.174470032965315,108.33480096378989,0,2023,878,29.671917,3215.896593697369,2610.327498643172,0.7115028896662713,29.671917,train,25,"{""type"":""MultiPoint"",""coordinates"":[]}"
00000000000000000339_0,1879.0,978.0,366.0,544.0,429.0,2872.0,0.49194804,0.74007875,MangYang,879,1,1,1,0,13.915217897717971,108.32941436971734,0,2023,879,6.9075294,3249.712924260939,2780.606499409189,0.3395542941373716,6.9075294,train,25,"{""type"":""MultiPoint"",""coordinates"":[]}"
000000000000000003a4_0,2909.0,1734.0,541.0,661.0,826.0,2295.0,0.1392405,0.47068247,MangYang,879,1,1,0,0,13.916836551400372,108.32698861874425,0,0,879,7.49099,3249.712924260939,2780.606499409189,0.7814242240787274,7.49099,train,10,"{""type"":""MultiPoint"",""coordinates"":[]}"
000000000000000003c2_0,2015.5,1136.5,436.0,594.5,548.5,2656.5,0.4007382,0.6577223,MangYang,879,1,1,1,0,13.875063692731691,108.32483041383439,1,2023,879,19.218206,3107.853968270547,2656.1605346543565,0.21204232942032197,19.218206,train,96,"{""type"":""MultiPoint"",""coordinates"":[]}"
000000000000000004b6_0,2981.5,1857.0,506.0,656.5,937.5,2358.0,0.11886121,0.43104234,MangYang,879,1,1,1,0,13.916564546236112,108.32725616480747,0,2023,879,10.139848,3249.712924260939,2780.606499409189,0.5317977964097058,10.139848,train,27,"{""type"":""MultiPoint"",""coordinates"":[]}"
00000000000000000525_0,2130.5,1077.5,646.0,816.0,714.5,3001.5,0.47168425,0.61544675,MangYang,879,1,1,1,0,13.954293000249317,108.36094467326625,1,2023,879,13.923976,3184.0089067523368,2751.616892498231,0.3544214182214259,13.923976,train,77,"{""type"":""MultiPoint"",""coordinates"":[]}"
00000000000000000603_0,1598.5,756.0,429.5,573.5,447.5,2939.0,0.5907984,0.7357153,MangYang,880,1,1,1,0,13.914950351654765,108.32941436971734,0,2023,880,15.207009,3249.712924260939,2780.606499409189,0.6768897052876408,15.207009,train,25,"{""type"":""MultiPoint"",""coordinates"":[]}"
00000000000000000416_0,3087.0,2014.0,655.0,874.0,1150.0,2318.0,0.07017544,0.33679354,MangYang,881,1,1,1,0,14.151024079626296,108.34099911425417,1,2023,881,9.863066,3215.896593697369,2610.327498643172,0.4008672816510239,9.863066,train,48,"{""type"":""MultiPoint"",""coordinates"":[]}"
0000000000000000041a_0,2179.0,1102.0,456.0,619.0,550.0,3152.0,0.48189938,0.70286334,MangYang,881,1,1,1,0,13.910905946999291,108.32725616480747,0,2023,881,3.9268272,3249.712924260939,2780.606499409189,0.4757866675803363,3.9268272,train,24,"{""type"":""MultiPoint"",""coordinates"":[]}"
000000000000000003a3_0,2854.0,1830.0,539.0,853.0,851.0,2681.0,0.18864997,0.51812005,MangYang,882,1,1,1,0,13.90955929848115,108.32402331654373,0,2023,884,12.754463,3249.712924260939,2780.606499409189,0.552962385814668,11.149849,train,12,"{""type"":""MultiPoint"",""coordinates"":[]}"
000000000000000005cc_0,2647.0,1453.0,535.0,694.0,795.0,2629.0,0.28809407,0.5356308,MangYang,882,1,1,1,0,13.917104097463579,108.3264490675168,1,2023,882,4.240758,3249.712924260939,2780.606499409189,0.5888082895438036,4.240758,train,51,"{""type"":""MultiPoint"",""coordinates"":[]}"
0000000000000000046a_0,2785.0,1901.0,668.0,817.5,1019.0,2151.5,0.061813693,0.3571992,MangYang,883,1,1,1,0,13.870212190785542,108.31297366413327,1,2023,883,12.543289,3107.853968270547,2656.1605346543565,0.29351964129489283,12.543289,train,91,"{""type"":""MultiPoint"",""coordinates"":[]}"
000000000000000005f2_0,1524.0,709.0,401.0,571.0,413.0,3048.0,0.62257123,0.7613407,MangYang,883,1,1,1,0,13.914678346490504,108.32968191578054,0,2023,883,18.999569,3249.712924260939,2780.606499409189,0.7207017891797898,18.999569,train,20,"{""type"":""MultiPoint"",""coordinates"":[]}"
00000000000000000327_0,2512.0,1396.0,470.0,675.0,734.0,2653.0,0.31044704,0.5665781,MangYang,884,1,1,0,0,13.917104097463579,108.32698861874425,0,0,884,9.242977,3249.712924260939,2780.606499409189,0.551208859413739,9.242977,train,0,"{""type"":""MultiPoint"",""coordinates"":[]}"
0000000000000000032a_0,2015.0,1168.0,387.0,576.0,533.0,2581.0,0.3769005,0.657675,MangYang,884,1,1,1,0,13.915757448945438,108.330221467008,1,2023,884,7.490981,3249.712924260939,2780.606499409189,0.14069482476308048,7.490981,train,52,"{""type"":""MultiPoint"",""coordinates"":[]}"
000000000000000004dc_0,2280.5,1228.0,472.0,627.0,653.5,3014.0,0.4210278,0.64362645,MangYang,884,1,1,1,0,13.910638400936087,108.32752371087068,0,2023,884,6.0265613,3249.712924260939,2780.606499409189,0.6313356703970266,6.0265613,train,12,"{""type"":""MultiPoint"",""coordinates"":[]}"
0000000000000000055b_0,2685.5,1950.0,714.0,946.5,1125.5,2034.0,0.021084337,0.2875455,MangYang,884,1,1,1,0,13.870484195949803,108.31270165896902,1,2023,884,11.9214,3107.853968270547,2656.1605346543565,0.3523800360646886,11.9214,train,95,"{""type"":""MultiPoint"",""coordinates"":[]}"
00000000000000000570_0,2486.0,1415.0,485.0,691.0,725.0,2692.0,0.31093255,0.57565117,MangYang,884,1,1,1,0,13.917104097463579,108.32671661358,1,2023,884,5.003043,3249.712924260939,2780.606499409189,0.4477690422692334,5.003043,train,44,"{""type"":""MultiPoint"",""coordinates"":[]}"
000000000000000003f4_0,3063.0,1814.0,581.0,829.0,665.0,3112.0,0.2634998,0.6478687,MangYang,885,1,1,1,0,13.992293459426785,108.37522717394043,0,2023,885,18.457245,3184.0089067523368,2751.616892498231,0.76838254823539,18.457245,train,14,"{""type"":""MultiPoint"",""coordinates"":[]}"
00000000000000000590_0,2624.0,2017.0,558.0,736.0,898.0,1899.0,-0.03013279,0.35788345,MangYang,885,1,1,1,0,13.925188447673477,108.34181067064593,1,2023,885,22.386065,3249.712924260939,2780.606499409189,0.5759252196858734,22.386065,train,45,"{""type"":""MultiPoint"",""coordinates"":[]}"
000000000000000005cf_0,1830.0,898.0,457.0,589.0,487.0,3325.0,0.5747099,0.7444911,MangYang,885,1,1,1,0,13.916836551400372,108.33372186133495,1,2023,885,2.085706,3249.712924260939,2780.606499409189,0.2529418016309575,2.085706,train,64,"{""type"":""MultiPoint"",""coordinates"":[]}"
0000000000000000042a_0,1836.5,1717.0,524.5,593.5,813.0,1353.5,-0.11838463,0.24948072,MangYang,886,1,1,1,0,13.913871249199833,108.33102856429868,1,2023,886,19.602388,3249.712924260939,2780.606499409189,0.12478177268731672,19.602388,train,31,"{""type"":""MultiPoint"",""coordinates"":[]}"
00000000000000000359_0,2426.0,1581.5,670.5,784.5,877.5,2156.0,0.15371238,0.42146036,MangYang,888,1,1,1,0,14.141593080898259,108.34719726471849,1,2023,888,13.912151,2872.7254663035274,2386.3307129473314,0.2581050788393272,13.912151,train,94,"{""type"":""MultiPoint"",""coordinates"":[]}"
00000000000000000498_0,2825.0,2045.0,689.0,857.0,962.0,2499.0,0.09991197,0.4440913,MangYang,888,1,1,1,0,13.874796146668485,108.32429086260692,1,2023,884,15.385429,3107.853968270547,2656.1605346543565,0.5901400482181994,13.791635,train,54,"{""type"":""MultiPoint"",""coordinates"":[]}"
000000000000000005b1_0,3054.0,1894.5,555.5,750.5,916.0,2780.5,0.18951872,0.504396,MangYang,888,1,1,1,0,13.916297000172905,108.32510241899865,1,2023,888,6.7366457,3249.712924260939,2780.606499409189,0.004017329629996569,6.7366457,train,31,"{""type"":""MultiPoint"",""coordinates"":[]}"
000000000000000004a4_0,2612.0,1584.0,505.0,625.0,818.0,2140.0,0.14930183,0.44692358,MangYang,889,1,1,1,0,13.916564546236112,108.32617706235253,1,2023,889,15.207041,3249.712924260939,2780.606499409189,0.735276351978525,15.207041,train,45,"{""type"":""MultiPoint"",""coordinates"":[]}"
000000000000000005ea_0,2689.5,1716.5,520.5,735.5,841.5,2617.0,0.2077997,0.51337284,MangYang,889,1,1,1,0,13.91387124919983,108.33264721798109,0,2023,889,11.286845,3249.712924260939,2780.606499409189,0.23880242272597563,11.286845,train,17,"{""type"":""MultiPoint"",""coordinates"":[]}"
00000000000000000606_0,1567.0,772.0,416.0,577.0,437.0,2946.0,0.584723,0.74164945,MangYang,890,1,1,1,0,13.914678346490504,108.3286028133256,1,2023,890,13.648223,3249.712924260939,2780.606499409189,0.3681180383191529,13.648223,train,45,"{""type"":""MultiPoint"",""coordinates"":[]}"
00000000000000000346_0,2473.5,1588.5,560.0,736.5,852.5,2258.0,0.17405434,0.4518566,MangYang,891,1,1,1,0,13.870484195949803,108.31297366413327,1,2023,891,16.820976,3107.853968270547,2656.1605346543565,0.09173920504545197,16.820976,train,96,"{""type"":""MultiPoint"",""coordinates"":[]}"
00000000000000000371_0,2298.5,1405.0,533.5,707.5,746.0,2162.0,0.21222316,0.4869326,MangYang,891,1,1,1,0,14.174470032965315,108.33507296895415,0,2023,891,21.026522,3215.896593697369,2610.327498643172,0.05043984639066523,21.026522,train,25,"{""type"":""MultiPoint"",""coordinates"":[]}"
00000000000000000538_0,2060.5,1714.5,488.5,606.0,772.0,1602.0,-0.0339213,0.34962088,MangYang,891,1,1,1,0,13.9144108004273,108.330221467008,0,2023,891,11.936265,3249.712924260939,2780.606499409189,0.7797200471952977,11.936265,train,12,"{""type"":""MultiPoint"",""coordinates"":[]}"
0000000000000000057b_0,2144.0,1315.0,485.0,629.0,733.0,2435.0,0.29866666,0.5372475,MangYang,891,1,1,1,0,13.983669557989419,108.38897012338717,1,2023,891,9.6167145,3184.0089067523368,2751.616892498231,0.19449133296828536,9.6167145,train,51,"{""type"":""MultiPoint"",""coordinates"":[]}"
000000000000000005ee_0,3384.0,2138.5,599.0,749.0,1032.5,2584.0,0.09433563,0.42900595,MangYang,891,1,1,1,0,13.916297000172905,108.32536996506187,1,2023,891,8.596414,3249.712924260939,2780.606499409189,0.36198597030357615,8.596414,train,37,"{""type"":""MultiPoint"",""coordinates"":[]}"
000000000000000003cd_0,2656.0,1501.0,519.5,699.5,622.0,3207.5,0.36242965,0.67515343,MangYang,892,1,1,1,0,13.956179199994926,108.36148422449371,1,2023,892,19.408512,3184.0089067523368,2751.616892498231,0.23622596742540636,19.408512,train,97,"{""type"":""MultiPoint"",""coordinates"":[]}"
000000000000000004f6_0,1733.0,884.0,628.0,793.0,802.0,2995.0,0.5442124,0.57756126,MangYang,892,1,1,1,0,13.921148502119054,108.32375131137947,1,2023,892,1.9104071,3249.712924260939,2780.606499409189,0.5115571940523749,1.9104071,train,39,"{""type"":""MultiPoint"",""coordinates"":[]}"
0000000000000000061c_0,2274.0,1579.0,527.0,656.0,820.0,1761.0,0.054491017,0.36458737,MangYang,892,1,1,1,0,14.168543887665285,108.33480096378989,0,2023,892,22.792494,3215.896593697369,2610.327498643172,0.7536569203226837,22.792494,train,12,"{""type"":""MultiPoint"",""coordinates"":[]}"
000000000000000003cf_0,1872.0,1055.5,458.0,617.0,539.0,2677.5,0.43450308,0.6648531,MangYang,893,1,1,1,0,13.916836551400372,108.32941436971734,0,2023,893,10.143042,3249.712924260939,2780.606499409189,0.3320231390890336,10.143042,train,12,"{""type"":""MultiPoint"",""coordinates"":[]}"
000000000000000004b3_0,2510.0,1598.0,485.0,672.0,802.0,2840.0,0.2798558,0.55958265,MangYang,893,1,1,1,0,13.916024995008643,108.32402331654373,1,2023,891,12.802569,3249.712924260939,2780.606499409189,0.06304042756148831,14.973695,train,61,"{""type"":""MultiPoint"",""coordinates"":[]}"
000000000000000005be_0,1910.5,1867.0,555.5,670.5,920.5,1392.0,-0.14575022,0.20389189,MangYang,893,1,1,1,0,13.913871249199833,108.33183566158937,0,2023,893,6.533903,3249.712924260939,2780.606499409189,0.5481040675881712,6.533903,train,22,"{""type"":""MultiPoint"",""coordinates"":[]}"
000000000000000005ed_0,3328.0,2277.0,617.0,785.0,1094.0,2465.0,0.03964572,0.38522056,MangYang,893,1,1,1,0,13.916024995008645,108.32510241899865,1,2023,893,15.221477,3249.712924260939,2780.606499409189,0.12225002940390384,15.221477,train,49,"{""type"":""MultiPoint"",""coordinates"":[]}"
0000000000000000031a_0,2321.0,1784.5,544.0,713.0,789.0,2179.0,0.09953324,0.46832883,MangYang,894,1,1,1,0,13.91387124919983,108.33237521281681,0,2023,894,10.268472,3249.712924260939,2780.606499409189,0.104852081498498,10.268472,train,17,"{""type"":""MultiPoint"",""coordinates"":[]}"
00000000000000000331_0,1964.0,1047.0,485.0,631.0,637.0,3033.0,0.4867647,0.65286106,MangYang,894,1,1,1,0,13.91117795216355,108.32590951628931,0,2023,894,7.29476,3249.712924260939,2780.606499409189,0.32718927704563117,7.29476,train,22,"{""type"":""MultiPoint"",""coordinates"":[]}"
0000000000000000038e_0,2496.0,1793.0,507.0,706.0,937.0,2470.0,0.15880835,0.44995597,MangYang,894,1,1,1,0,13.915757448945438,108.32321176015198,1,2023,894,18.210047,3249.712924260939,2780.606499409189,0.18486532787692578,18.210047,train,31,"{""type"":""MultiPoint"",""coordinates"":[]}"
000000000000000003d0_0,2049.5,1143.0,512.5,732.0,801.0,3014.0,0.4500842,0.58007866,MangYang,894,1,1,1,0,13.91306415190916,108.3345334177267,1,2023,894,7.490958,3249.712924260939,2780.606499409189,0.3480171603543941,7.490958,train,31,"{""type"":""MultiPoint"",""coordinates"":[]}"
000000000000000004df_0,2181.0,1371.0,484.5,580.5,649.5,1968.5,0.178919,0.5038197,MangYang,894,1,1,1,0,14.170430087410892,108.27820605321955,1,2023,894,17.081573,3237.9550390057266,2606.218266952033,0.7285927632565095,17.081573,train,95,"{""type"":""MultiPoint"",""coordinates"":[]}"
00000000000000000611_0,1968.0,841.5,332.5,600.0,288.5,3497.5,0.6121226,0.8475964,MangYang,894,1,1,1,0,14.175821140584508,108.3399244709003,1,2023,894,17.799025,3215.896593697369,2610.327498643172,0.020917981390563334,17.799025,train,87,"{""type"":""MultiPoint"",""coordinates"":[]}"
000000000000000003e3_0,1878.0,973.0,397.0,557.0,626.0,2213.0,0.38920277,0.55899966,MangYang,895,1,1,1,0,14.149949436272419,108.3445039676822,1,2023,895,26.027721,2872.7254663035274,2386.3307129473314,0.66756648240963,26.027721,train,86,"{""type"":""MultiPoint"",""coordinates"":[]}"
000000000000000004d0_0,2002.0,1249.0,526.0,652.0,627.0,2338.0,0.30359632,0.57706577,MangYang,895,1,1,1,0,13.917104097463579,108.32968191578054,0,2023,895,5.8633947,3249.712924260939,2780.606499409189,0.5437823481253093,5.8633947,train,17,"{""type"":""MultiPoint"",""coordinates"":[]}"
00000000000000000356_0,3407.0,2098.0,576.0,699.0,1027.0,2458.0,0.07901668,0.41061693,MangYang,896,1,1,1,0,13.916024995008645,108.32698861874425,0,2023,896,11.936278,3249.712924260939,2780.606499409189,0.5133562889542067,11.936278,train,28,"{""type"":""MultiPoint"",""coordinates"":[]}"
00000000000000000423_0,1903.5,1121.5,472.0,580.0,673.5,2293.5,0.3431918,0.5460061,MangYang,897,1,1,1,0,13.914138795263037,108.32994946184375,1,2023,897,13.260242,3249.712924260939,2780.606499409189,0.6568770410785312,13.260242,train,31,"{""type"":""MultiPoint"",""coordinates"":[]}"
0000000000000000042b_0,2949.0,1937.0,579.0,708.0,982.0,2177.0,0.058337383,0.37828428,MangYang,897,1,1,1,0,13.916297000172904,108.32617706235253,1,2023,897,17.4667,3249.712924260939,2780.606499409189,0.6305291038634635,17.4667,train,45,"{""type"":""MultiPoint"",""coordinates"":[]}"
00000000000000000575_0,3342.0,2037.0,575.0,701.0,991.0,2356.0,0.07261553,0.4078279,MangYang,897,1,1,1,0,13.916297000172905,108.32671661358,0,2023,897,20.398502,3249.712924260939,2780.606499409189,0.4387134334439201,20.398502,train,29,"{""type"":""MultiPoint"",""coordinates"":[]}"
00000000000000000460_0,2871.5,1712.5,623.0,846.5,826.5,3074.0,0.28444585,0.5762082,MangYang,898,1,1,1,0,14.173934940838901,108.3428853139998,0,2023,898,13.534558,3215.896593697369,2610.327498643172,0.7463454283390154,13.534558,train,14,"{""type"":""MultiPoint"",""coordinates"":[]}"
000000000000000004ed_0,2211.0,1260.5,472.0,697.5,634.0,2935.5,0.3991897,0.6447682,MangYang,898,1,1,1,0,13.914678346490504,108.32752371087066,0,2023,898,20.400158,3249.712924260939,2780.606499409189,0.08903679338983361,20.400158,train,12,"{""type"":""MultiPoint"",""coordinates"":[]}"
0000000000000000050f_0,1489.0,671.0,444.0,580.0,428.0,3059.0,0.6402145,0.7545168,MangYang,898,1,1,1,0,13.914678346490504,108.32779571603493,0,2023,898,16.642967,3249.712924260939,2780.606499409189,0.10697191778831294,16.642967,train,22,"{""type"":""MultiPoint"",""coordinates"":[]}"
000000000000000005e2_0,3456.0,2069.0,556.0,702.0,1037.0,2427.0,0.07962634,0.4012702,MangYang,898,1,1,1,0,13.916024995008646,108.32725616480747,0,2023,898,14.492833,3249.712924260939,2780.606499409189,0.6310163197194039,14.492833,train,28,"{""type"":""MultiPoint"",""coordinates"":[]}"
000000000000000004d1_0,1624.5,735.5,405.5,596.5,368.0,3595.0,0.66031635,0.8142821,MangYang,899,1,1,1,0,13.914410800427298,108.31782516607943,0,2023,899,6.7967877,3249.712924260939,2780.606499409189,0.6019129432480507,6.7967877,train,13,"{""type"":""MultiPoint"",""coordinates"":[]}"
00000000000000000628_0,2021.0,920.0,553.0,693.0,667.0,3163.0,0.549351,0.6516971,MangYang,899,1,1,1,0,13.91117795216355,108.32563751112507,0,2023,899,9.294373,3249.712924260939,2780.606499409189,0.5606300593889711,9.294373,train,22,"{""type"":""MultiPoint"",""coordinates"":[]}"
0000000000000000041f_0,2145.0,1086.0,638.0,743.0,691.0,3086.0,0.4793864,0.63410115,MangYang,900,1,1,1,0,13.91117795216355,108.32536996506187,0,2023,900,7.903876,3249.712924260939,2780.606499409189,0.43249030020716117,7.903876,train,12,"{""type"":""MultiPoint"",""coordinates"":[]}"
00000000000000000474_0,2785.0,1934.0,579.0,787.0,955.0,2498.0,0.12725632,0.4468578,MangYang,900,1,1,1,0,13.910098849708616,108.32429086260692,0,2023,904,16.24329,3249.712924260939,2780.606499409189,0.5650891050597471,17.92301,train,12,"{""type"":""MultiPoint"",""coordinates"":[]}"
00000000000000000408_0,1474.5,641.5,589.5,682.0,509.0,3140.5,0.6607615,0.72105765,MangYang,901,1,1,1,0,13.914410800427298,108.31755316091518,0,2023,901,9.384905,3249.712924260939,2780.606499409189,0.4618720251836803,9.384905,train,12,"{""type"":""MultiPoint"",""coordinates"":[]}"
0000000000000000033b_0,2259.5,1480.5,511.5,656.5,680.5,2007.5,0.15108944,0.4936756,MangYang,902,1,1,1,0,14.170430087410896,108.27847805838383,1,2023,902,18.62579,3237.9550390057266,2606.218266952033,0.005375443977699734,18.62579,train,97,"{""type"":""MultiPoint"",""coordinates"":[]}"
00000000000000000511_0,2687.0,1664.0,499.0,640.0,753.0,2703.0,0.23792078,0.5642361,MangYang,902,1,1,1,0,13.915757448945438,108.32698861874425,1,2023,902,16.042494,3249.712924260939,2780.606499409189,0.411222930193605,16.042494,train,33,"{""type"":""MultiPoint"",""coordinates"":[]}"
000000000000000004f2_0,3004.5,2178.0,572.0,694.5,1094.5,2131.0,-0.010907403,0.32134554,MangYang,903,1,1,1,0,13.916024995008645,108.32563751112505,0,2023,903,14.734287,3249.712924260939,2780.606499409189,0.19157027960176531,14.734287,train,20,"{""type"":""MultiPoint"",""coordinates"":[]}"
000000000000000003f1_0,2878.5,2034.0,738.0,912.0,991.5,2686.5,0.13822688,0.4608483,MangYang,905,1,1,1,0,13.924109345218543,108.34099911425417,1,2023,905,23.384838,3249.712924260939,2780.606499409189,0.04789470545665031,23.384838,train,58,"{""type"":""MultiPoint"",""coordinates"":[]}"
000000000000000004d3_0,1560.0,706.0,444.0,598.0,440.0,3070.0,0.6260593,0.7492877,MangYang,905,1,1,1,0,13.914678346490504,108.32806326209813,1,2023,905,16.642967,3249.712924260939,2780.606499409189,0.3858751419716516,16.642967,train,31,"{""type"":""MultiPoint"",""coordinates"":[]}"
00000000000000000370_0,1979.0,1001.5,563.5,692.0,594.5,3246.0,0.5284285,0.6904049,MangYang,906,1,1,1,0,13.915217897717971,108.31728561485195,1,2023,906,5.628212,3249.712924260939,2780.606499409189,0.45327498497048746,5.628212,train,45,"{""type"":""MultiPoint"",""coordinates"":[]}"
00000000000000000468_0,2300.0,1344.0,542.0,808.0,914.0,2702.0,0.33564013,0.49446902,MangYang,906,1,1,1,0,14.149677431108154,108.3445039676822,1,2023,906,23.28265,2872.7254663035274,2386.3307129473314,0.4958319412545905,23.28265,train,78,"{""type"":""MultiPoint"",""coordinates"":[]}"
000000000000000004b2_0,2117.0,1076.0,616.0,678.0,747.0,3253.0,0.5028875,0.6265,MangYang,907,1,1,1,0,13.91548544378118,108.31755316091518,0,2023,907,1.9103612,3249.712924260939,2780.606499409189,0.7633836110668547,1.9103612,train,22,"{""type"":""MultiPoint"",""coordinates"":[]}"
0000000000000000058c_0,2302.5,1257.0,464.0,684.5,539.0,3195.0,0.43530998,0.71130157,MangYang,907,1,1,1,0,14.161534180809268,108.34207821670911,1,2023,921,26.321558,3215.896593697369,2610.327498643172,0.2220617916096601,26.145412,train,98,"{""type"":""MultiPoint"",""coordinates"":[]}"
00000000000000000486_0,2912.0,1972.0,689.0,922.0,1109.0,2257.0,0.06739182,0.34105763,MangYang,908,1,1,1,0,13.924381350382802,108.34127111941844,1,2023,908,22.883284,3249.712924260939,2780.606499409189,0.3113656299088229,22.883284,train,72,"{""type"":""MultiPoint"",""coordinates"":[]}"
00000000000000000524_0,1712.0,774.0,504.0,613.0,498.5,3310.5,0.62100625,0.7382515,MangYang,908,1,1,1,0,13.914678346490506,108.31755316091518,1,2023,908,7.0611515,3249.712924260939,2780.606499409189,0.034326615104953606,7.0611515,train,53,"{""type"":""MultiPoint"",""coordinates"":[]}"
0000000000000000054c_0,2208.0,1218.0,587.0,709.0,678.0,3194.0,0.44786945,0.6497934,MangYang,911,1,1,1,0,13.91548544378118,108.31728561485195,0,2023,911,9.370889,3249.712924260939,2780.606499409189,0.17615291617949813,9.370889,train,22,"{""type"":""MultiPoint"",""coordinates"":[]}"
0000000000000000056c_0,3261.0,2742.0,783.0,1117.0,1115.0,2622.0,-0.022371365,0.40326464,MangYang,911,1,1,1,0,14.179053988848256,108.3345334177267,1,2023,911,16.247086,3215.896593697369,2610.327498643172,0.46294587787606656,16.247086,train,85,"{""type"":""MultiPoint"",""coordinates"":[]}"
0000000000000000057d_0,2585.5,1649.5,596.0,881.0,1052.0,2439.5,0.19320127,0.39739367,MangYang,914,1,1,1,0,14.149677431108158,108.3447715137454,1,2023,914,15.866158,2872.7254663035274,2386.3307129473314,0.3423382562082685,15.866158,train,71,"{""type"":""MultiPoint"",""coordinates"":[]}"
000000000000000005d3_0,2217.0,1190.0,532.0,748.0,665.0,3299.5,0.46987414,0.66452265,MangYang,914,1,1,1,0,13.908480196026213,108.3205184631157,1,2023,914,12.76933,3249.712924260939,2780.606499409189,0.22776015532696292,12.76933,train,31,"{""type"":""MultiPoint"",""coordinates"":[]}"
00000000000000000384_0,1917.0,926.0,556.0,668.0,586.0,3073.0,0.53688425,0.6796939,MangYang,915,1,1,1,0,13.91548544378118,108.31701360968769,1,2023,915,8.288201,3249.712924260939,2780.606499409189,0.5054752895804631,8.288201,train,53,"{""type"":""MultiPoint"",""coordinates"":[]}"
00000000000000000446_0,2439.0,1772.0,513.0,674.0,775.0,1904.0,0.035908595,0.4214259,MangYang,916,1,1,1,0,14.155068484281772,108.34558307013712,1,2023,916,8.593595,3215.896593697369,2610.327498643172,0.7608674439489391,8.593595,train,87,"{""type"":""MultiPoint"",""coordinates"":[]}"
000000000000000005f7_0,1611.0,726.0,446.0,604.0,453.0,2988.0,0.6090469,0.73670447,MangYang,916,1,1,1,0,13.914410800427298,108.32779571603493,0,2023,916,29.577204,3249.712924260939,2780.606499409189,0.3134654362125293,29.577204,train,21,"{""type"":""MultiPoint"",""coordinates"":[]}"
00000000000000000320_0,2482.0,1715.0,532.0,681.0,783.0,2306.0,0.14697836,0.49303982,MangYang,917,1,1,1,0,13.924648896446012,108.34127111941845,1,2023,917,15.853098,3249.712924260939,2780.606499409189,0.5792588537589134,15.853098,train,79,"{""type"":""MultiPoint"",""coordinates"":[]}"
0000000000000000051e_0,2431.5,1327.5,598.0,794.0,787.0,3295.5,0.4256976,0.61445194,MangYang,917,1,1,1,0,13.909019747253684,108.31943936066077,0,2023,917,20.783102,3249.712924260939,2780.606499409189,0.6563481508773144,20.783102,train,17,"{""type"":""MultiPoint"",""coordinates"":[]}"
000000000000000005ae_0,2576.0,1829.0,534.0,688.0,824.0,1988.0,0.04165575,0.41394025,MangYang,917,1,1,1,0,14.154800938218568,108.34558307013712,1,2023,917,8.593584,3215.896593697369,2610.327498643172,0.6889777398088966,8.593584,train,87,"{""type"":""MultiPoint"",""coordinates"":[]}"
00000000000000000447_0,2603.0,1518.0,578.0,802.0,741.0,2523.0,0.24870081,0.5459559,MangYang,918,1,1,1,0,14.072062318171874,108.27578476134755,0,2023,918,22.70912,3102.85249320889,2567.120439326819,0.2539264870630513,22.70912,train,27,"{""type"":""MultiPoint"",""coordinates"":[]}"
000000000000000004e0_0,3221.0,2449.0,714.0,1004.0,1225.0,2362.0,-0.01808356,0.31697798,MangYang,918,1,1,1,0,14.179053988848256,108.33480096378989,1,2023,918,17.52824,3215.896593697369,2610.327498643172,0.6248713820736602,17.52824,train,83,"{""type"":""MultiPoint"",""coordinates"":[]}"
000000000000000005e7_0,1846.0,1186.0,497.0,690.0,992.0,1629.0,0.15737122,0.24303702,MangYang,918,1,1,1,0,13.913064151909158,108.3264490675168,0,2023,918,7.616887,3249.712924260939,2780.606499409189,0.5206701311528582,7.616887,train,27,"{""type"":""MultiPoint"",""coordinates"":[]}"
0000000000000000033d_0,3022.5,1841.0,667.0,830.5,950.5,2905.0,0.22418879,0.50693816,MangYang,919,1,1,1,0,13.911713044289963,108.31997891188824,1,2023,919,15.206945,3249.712924260939,2780.606499409189,0.4200053038175037,15.206945,train,51,"{""type"":""MultiPoint"",""coordinates"":[]}"
00000000000000000471_0,2622.5,1642.5,513.0,812.5,813.0,2750.5,0.25221944,0.543707,MangYang,919,1,1,1,0,13.9863628550257,108.37792047097672,1,2023,919,11.288028,3184.0089067523368,2751.616892498231,0.6666122794119425,11.288028,train,75,"{""type"":""MultiPoint"",""coordinates"":[]}"
0000000000000000049f_0,3057.5,2156.5,563.5,800.5,1064.5,2404.5,0.05437404,0.38627848,MangYang,919,1,1,1,0,14.15533603034498,108.34531106497286,1,2023,919,19.287792,3215.896593697369,2610.327498643172,0.5004497067948149,19.287792,train,63,"{""type"":""MultiPoint"",""coordinates"":[]}"
000000000000000005fb_0,3477.0,2253.0,624.5,945.5,1115.5,3160.0,0.16755958,0.47818968,MangYang,921,1,1,1,0,14.154528933054307,108.34612262136459,1,2023,921,11.883978,3215.896593697369,2610.327498643172,0.01645793002299778,11.883978,train,83,"{""type"":""MultiPoint"",""coordinates"":[]}"
00000000000000000629_0,2534.5,1838.0,502.0,644.0,853.0,1940.0,0.026998412,0.38918725,MangYang,923,1,1,1,0,14.154800938218568,108.34585061620032,1,2023,923,8.737995,3215.896593697369,2610.327498643172,0.7734271857918,8.737995,train,60,"{""type"":""MultiPoint"",""coordinates"":[]}"
00000000000000000388_0,2424.5,1395.0,431.5,599.5,613.5,2909.5,0.3518411,0.6517173,MangYang,926,1,1,1,0,14.154800938218568,108.34612262136459,1,2023,926,6.2365,3215.896593697369,2610.327498643172,0.09755260730899507,6.2365,train,44,"{""type"":""MultiPoint"",""coordinates"":[]}"
0000000000000000058e_0,2257.0,1308.0,485.0,659.0,577.0,2636.0,0.336714,0.6408341,MangYang,926,1,1,1,0,14.165039034237276,108.27901760961129,1,2023,911,23.091162,3237.9550390057266,2606.218266952033,0.7865409747342247,24.116955,train,90,"{""type"":""MultiPoint"",""coordinates"":[]}"
00000000000000000579_0,2190.0,1258.5,410.5,560.5,734.0,2298.0,0.29228175,0.5158311,MangYang,927,1,1,1,0,14.155068484281774,108.34612262136459,1,2023,927,10.562816,3215.896593697369,2610.327498643172,0.7070946425479874,10.562816,train,44,"{""type"":""MultiPoint"",""coordinates"":[]}"
00000000000000000461_0,1584.5,826.0,327.0,461.0,424.0,2204.5,0.45487544,0.6773825,MangYang,928,1,1,1,0,14.15533603034498,108.34612262136459,0,2023,928,17.79117,3215.896593697369,2610.327498643172,0.31440923790520847,17.79117,train,20,"{""type"":""MultiPoint"",""coordinates"":[]}"
000000000000000004e5_0,2419.5,1578.0,472.0,606.0,785.0,2433.0,0.2131638,0.51211935,MangYang,928,1,1,1,0,13.914410800427298,108.32725616480747,0,2023,928,27.073893,3249.712924260939,2780.606499409189,0.4756051854554899,27.073893,train,21,"{""type"":""MultiPoint"",""coordinates"":[]}"
000000000000000005af_0,2279.5,1385.5,479.0,631.0,653.0,2028.0,0.18822323,0.51286834,MangYang,928,1,1,1,0,14.149137879880685,108.27578476134755,1,2023,928,20.238792,3130.2996047775086,2555.39319297567,0.3960347133128642,20.238792,train,89,"{""type"":""MultiPoint"",""coordinates"":[]}"
00000000000000000337_0,1629.0,966.0,366.0,492.5,557.5,1997.5,0.34806815,0.5636008,MangYang,930,1,1,1,0,14.155608035509239,108.34612262136459,1,2023,930,19.396168,3215.896593697369,2610.327498643172,0.1248802972954054,19.396168,train,54,"{""type"":""MultiPoint"",""coordinates"":[]}"
00000000000000000631_0,2547.0,1810.0,513.0,732.0,856.0,2406.0,0.14136623,0.47516862,MangYang,932,1,1,1,0,14.166925233982884,108.33776626599044,1,2023,932,42.17593,3215.896593697369,2610.327498643172,0.1912300384501303,42.17593,train,100,"{""type"":""MultiPoint"",""coordinates"":[]}"
000000000000000005dc_0,1822.0,761.0,365.0,568.0,295.0,3554.0,0.64727694,0.8467134,MangYang,933,1,1,1,0,14.150488987499884,108.41753512473554,1,2023,933,5.0037794,3298.5777985565364,2757.9068181550247,0.057578941294669006,5.0037794,train,97,"{""type"":""MultiPoint"",""coordinates"":[]}"
00000000000000000322_0,2406.5,1695.0,574.5,871.5,876.5,2368.0,0.16564116,0.45970103,MangYang,934,1,1,1,0,14.166385682755418,108.34639016742781,1,2023,934,21.0259,3215.896593697369,2610.327498643172,0.10090988624118047,21.0259,train,97,"{""type"":""MultiPoint"",""coordinates"":[]}"
00000000000000000469_0,2030.0,1114.5,355.0,565.0,441.5,2851.5,0.43797275,0.73185545,MangYang,935,1,1,1,0,13.924920901610268,108.34073156819099,1,2023,935,17.271624,3249.712924260939,2780.606499409189,0.3068821148538732,17.271624,train,68,"{""type"":""MultiPoint"",""coordinates"":[]}"
0000000000000000049c_0,2157.0,1248.5,592.0,751.5,636.5,2934.0,0.40298864,0.6434673,MangYang,936,1,1,1,0,13.904707796535,108.31889980943332,0,2023,936,13.184176,3249.712924260939,2780.606499409189,0.38603800921427356,13.184176,train,24,"{""type"":""MultiPoint"",""coordinates"":[]}"
0000000000000000055f_0,2708.0,1931.0,573.5,798.5,889.0,2246.0,0.075412974,0.43285486,MangYang,938,1,1,0,1,14.177167789102649,108.35124166937395,1,2017,945,15.370201,3400.7785373441875,2807.31930743629,0.21639749217851167,17.288317,train,89,"{""type"":""MultiPoint"",""coordinates"":[]}"
00000000000000000601_0,1811.0,980.5,374.0,522.0,515.5,2360.0,0.41296214,0.6414537,MangYang,938,1,1,1,0,14.15533603034498,108.3463901674278,1,2023,938,18.467186,3215.896593697369,2610.327498643172,0.7872447526900119,18.467186,train,75,"{""type"":""MultiPoint"",""coordinates"":[]}"
00000000000000000366_0,2490.5,1512.0,494.0,732.5,833.0,2451.0,0.23694171,0.49269184,MangYang,941,1,1,1,0,14.183633485630148,108.3264490675168,0,2023,941,9.298439,3215.896593697369,2610.327498643172,0.6722056713004395,9.298439,train,13,"{""type"":""MultiPoint"",""coordinates"":[]}"
00000000000000000401_0,2745.0,1504.0,825.0,1084.0,925.0,3342.0,0.37928188,0.5664401,MangYang,941,1,1,1,0,13.933812349110841,108.36040512203878,1,2023,947,16.801931,3324.219020557932,2857.4996105179016,0.2536872398035076,14.967821,train,32,"{""type"":""MultiPoint"",""coordinates"":[]}"
000000000000000004c8_0,1980.0,1107.5,574.0,702.5,561.0,3070.0,0.46977857,0.6909942,MangYang,942,1,1,1,0,13.904707796534998,108.3186322633701,1,2023,942,3.9267297,3249.712924260939,2780.606499409189,0.5607920230357177,3.9267297,train,32,"{""type"":""MultiPoint"",""coordinates"":[]}"
00000000000000000556_0,1994.0,1254.0,600.0,842.0,708.0,2889.0,0.39464158,0.6063386,MangYang,944,1,1,1,0,13.904168245307535,108.31782516607943,1,2023,944,4.716837,3249.712924260939,2780.606499409189,0.7402876048709511,4.716837,train,50,"{""type"":""MultiPoint"",""coordinates"":[]}"
0000000000000000047b_0,2377.0,1544.0,560.5,708.5,885.0,2320.5,0.20093155,0.44782406,MangYang,946,1,1,1,0,14.17689578393839,108.35178122060141,1,2023,946,14.561639,3400.7785373441875,2807.31930743629,0.05496733498519912,14.561639,train,82,"{""type"":""MultiPoint"",""coordinates"":[]}"
000000000000000004bd_0,3069.0,2103.0,551.5,749.0,815.0,2406.5,0.06730236,0.49402452,MangYang,946,1,1,1,0,14.154800938218568,108.34773681594595,1,2023,946,18.487005,3215.896593697369,2610.327498643172,0.1173310522113089,18.487005,train,85,"{""type"":""MultiPoint"",""coordinates"":[]}"
0000000000000000051b_0,2955.0,1791.0,890.0,1128.0,1096.0,3166.0,0.2773855,0.48568746,MangYang,947,1,1,1,0,13.933812349110841,108.36067266810198,1,2023,947,16.801931,3324.219020557932,2857.4996105179016,0.658108043169678,16.801931,train,37,"{""type"":""MultiPoint"",""coordinates"":[]}"
00000000000000000336_0,2908.0,2088.0,531.5,735.5,774.0,2278.5,0.04362762,0.49287468,MangYang,948,1,1,1,0,14.154800938218568,108.34800882111021,1,2023,948,17.42922,3215.896593697369,2610.327498643172,0.036202815335812266,17.42922,train,89,"{""type"":""MultiPoint"",""coordinates"":[]}"
00000000000000000435_0,2857.0,1702.0,788.0,989.0,1020.0,3142.0,0.29727498,0.50985104,MangYang,948,1,1,1,0,13.9340843542751,108.36067266810198,1,2023,948,15.927587,3324.219020557932,2857.4996105179016,0.4356744007581492,15.927587,train,39,"{""type"":""MultiPoint"",""coordinates"":[]}"
0000000000000000052d_0,3207.0,2152.0,775.0,891.0,1094.0,2449.0,0.06455118,0.38244426,MangYang,948,1,1,1,0,13.910638400936085,108.31512740994211,1,2023,951,12.205408,3249.712924260939,2780.606499409189,0.5340786686795658,12.951478,train,97,"{""type"":""MultiPoint"",""coordinates"":[]}"
00000000000000000376_0,2540.0,1700.0,513.0,693.0,830.0,2282.0,0.14615771,0.466581,MangYang,959,1,1,1,0,14.166925233982884,108.33749871992723,1,2023,959,29.93754,3215.896593697369,2610.327498643172,0.20962621687413963,29.93754,train,93,"{""type"":""MultiPoint"",""coordinates"":[]}"
00000000000000000398_0,2970.0,1783.0,746.0,1132.0,1013.0,3063.0,0.26413536,0.50294405,MangYang,959,1,1,1,0,13.933544803047633,108.36094467326626,1,2023,959,17.775414,3324.219020557932,2857.4996105179016,0.7532136070034766,17.775414,train,39,"{""type"":""MultiPoint"",""coordinates"":[]}"
00000000000000000449_0,3126.0,1894.0,788.0,1130.0,1379.0,3273.0,0.266886,0.4071367,MangYang,959,1,1,1,0,13.933812349110843,108.36094467326625,1,2023,959,18.447203,3324.219020557932,2857.4996105179016,0.11811755269602009,18.447203,train,31,"{""type"":""MultiPoint"",""coordinates"":[]}"
00000000000000000463_0,2613.5,1600.5,573.5,840.0,806.5,2898.5,0.28850856,0.56464237,MangYang,959,1,1,1,0,14.080146668381776,108.26527466016456,1,2023,959,24.647783,3102.85249320889,2567.120439326819,0.7847987072895151,24.647783,train,100,"{""type"":""MultiPoint"",""coordinates"":[]}"
00000000000000000430_0,2040.0,989.0,535.0,700.0,580.0,3392.5,0.54855645,0.70799243,MangYang,960,1,1,1,0,13.903900699244327,108.31943936066077,1,2023,960,7.6168685,3249.712924260939,2780.606499409189,0.29061383879654346,7.6168685,train,56,"{""type"":""MultiPoint"",""coordinates"":[]}"
000000000000000005ab_0,2737.0,1587.0,722.0,1045.0,823.0,3324.0,0.35369578,0.6030866,MangYang,962,1,1,1,0,13.933272797883376,108.36094467326626,1,2023,962,16.979488,3324.219020557932,2857.4996105179016,0.542016231394679,16.979488,train,31,"{""type"":""MultiPoint"",""coordinates"":[]}"
0000000000000000054f_0,2702.0,1918.0,721.0,900.0,1048.0,2599.0,0.15076378,0.42528105,MangYang,963,1,1,1,0,14.156147586736708,108.27955716083875,1,2023,963,8.758891,3237.9550390057266,2606.218266952033,0.4819925559668955,8.758891,train,89,"{""type"":""MultiPoint"",""coordinates"":[]}"
00000000000000000375_0,2300.5,1243.0,478.0,690.5,566.5,2939.5,0.40561864,0.6768397,MangYang,968,1,1,1,0,14.164771488174068,108.34396441645472,1,2023,968,22.25968,3215.896593697369,2610.327498643172,0.6186415981457541,22.25968,train,97,"{""type"":""MultiPoint"",""coordinates"":[]}"
00000000000000000522_0,2708.5,1816.0,558.5,756.5,859.5,2620.5,0.18133664,0.5060345,MangYang,971,1,1,1,0,14.180400637366397,108.35150921543716,1,2023,971,11.821326,3400.7785373441875,2807.31930743629,0.3301009449410316,11.821326,train,87,"{""type"":""MultiPoint"",""coordinates"":[]}"
00000000000000000351_0,2329.0,1314.0,421.0,656.0,513.0,2705.0,0.346106,0.68116844,MangYang,972,1,1,1,0,14.182558842276265,108.35204876666462,1,2023,972,9.105282,3400.7785373441875,2807.31930743629,0.7130270798713617,9.105282,train,97,"{""type"":""MultiPoint"",""coordinates"":[]}"
0000000000000000043d_0,1910.5,1016.5,343.5,498.0,374.0,2676.0,0.4494245,0.7547541,MangYang,974,1,1,1,0,14.181747285884539,108.35178122060141,1,2023,974,16.60511,3400.7785373441875,2807.31930743629,0.5230417819974054,16.60511,train,90,"{""type"":""MultiPoint"",""coordinates"":[]}"
00000000000000000406_0,2753.0,2003.5,525.5,704.5,951.5,1860.5,-0.03700828,0.32325748,MangYang,975,1,1,1,0,14.155336030344976,108.34854837233766,1,2023,975,25.368961,3215.896593697369,2610.327498643172,0.2572088046794788,25.368961,train,87,"{""type"":""MultiPoint"",""coordinates"":[]}"
0000000000000000058f_0,2614.5,1470.5,455.0,697.5,714.0,2362.5,0.23271589,0.53583616,MangYang,975,1,1,1,0,14.184980134148285,108.32671661358,0,2023,975,17.615465,3215.896593697369,2610.327498643172,0.5658031306503992,17.615465,train,21,"{""type"":""MultiPoint"",""coordinates"":[]}"
00000000000000000452_0,2415.5,1615.0,705.5,989.0,912.0,2661.5,0.24470946,0.48957604,MangYang,976,1,1,1,0,13.922495150637195,108.36363797030252,1,2023,976,24.297321,3324.219020557932,2857.4996105179016,0.21063821517131165,24.297321,train,85,"{""type"":""MultiPoint"",""coordinates"":[]}"
00000000000000000569_0,3409.0,2533.0,980.0,1224.0,1459.0,2610.0,0.014971807,0.28287047,MangYang,977,1,1,1,0,13.907133547508076,108.31755316091518,0,2023,977,22.039799,3249.712924260939,2780.606499409189,0.14812131862258193,22.039799,train,17,"{""type"":""MultiPoint"",""coordinates"":[]}"
00000000000000000605_0,2665.0,1873.0,568.0,765.5,933.5,2444.0,0.13226777,0.4472243,MangYang,979,1,1,0,0,14.16611813669221,108.34773681594595,0,0,979,30.60996,3215.896593697369,2610.327498643172,0.3436504779968984,30.60996,train,89,"{""type"":""MultiPoint"",""coordinates"":[]}"
000000000000000003ba_0,2534.0,1941.0,530.0,698.0,818.0,2142.0,0.049228508,0.4472973,MangYang,981,1,1,1,0,14.157494235254848,108.34719726471847,1,2023,981,23.669922,3215.896593697369,2610.327498643172,0.6640325809641849,23.669922,train,87,"{""type"":""MultiPoint"",""coordinates"":[]}"
000000000000000003cc_0,2660.0,1671.0,630.0,839.0,653.0,3027.0,0.28863347,0.6451087,MangYang,982,1,1,1,0,13.922223145472934,108.36390551636573,1,2023,982,20.972946,3324.219020557932,2857.4996105179016,0.026945870176857456,20.972946,train,98,"{""type"":""MultiPoint"",""coordinates"":[]}"
00000000000000000546_0,2648.0,1862.0,666.0,888.0,1046.0,2757.0,0.19376488,0.44990796,MangYang,982,1,1,1,0,13.90282159678939,108.31809271214263,1,2023,982,26.298607,3249.712924260939,2780.606499409189,0.4525536224154505,26.298607,train,45,"{""type"":""MultiPoint"",""coordinates"":[]}"
00000000000000000415_0,2724.0,1713.0,501.0,766.0,677.0,3372.0,0.32625368,0.6655964,MangYang,986,1,1,1,0,14.182286837112008,108.35258831789209,1,2023,986,23.677532,3400.7785373441875,2807.31930743629,0.62468839358711,23.677532,train,97,"{""type"":""MultiPoint"",""coordinates"":[]}"
00000000000000000390_0,2393.5,1369.0,483.5,673.5,612.5,3082.0,0.38485733,0.66842604,MangYang,987,1,1,1,0,14.181747285884539,108.35232077182887,1,2023,987,22.3294,3400.7785373441875,2807.31930743629,0.44306045850411224,22.3294,train,97,"{""type"":""MultiPoint"",""coordinates"":[]}"
0000000000000000032c_0,1992.0,1119.5,421.0,603.5,436.5,3026.0,0.45989627,0.74787,MangYang,988,1,1,1,0,14.16611813669221,108.3480088211102,1,2023,988,29.04788,3215.896593697369,2610.327498643172,0.04368738051196086,29.04788,train,96,"{""type"":""MultiPoint"",""coordinates"":[]}"
0000000000000000035e_0,3225.0,2523.0,946.0,1171.0,1373.0,2546.0,0.004537384,0.29931104,MangYang,990,1,1,1,0,13.922495150637195,108.36390551636573,1,2023,990,16.91461,3324.219020557932,2857.4996105179016,0.35346297916504543,16.91461,train,96,"{""type"":""MultiPoint"",""coordinates"":[]}"
000000000000000005c4_0,2164.5,1004.5,447.5,688.0,420.5,3899.5,0.5903344,0.8053241,MangYang,992,1,1,1,0,13.902554050726183,108.31782516607943,1,2023,992,10.142503,3249.712924260939,2780.606499409189,0.2135016493231907,10.142503,train,82,"{""type"":""MultiPoint"",""coordinates"":[]}"
00000000000000000426_0,2600.0,1801.0,669.5,768.5,941.5,2036.0,0.061245766,0.36759025,MangYang,993,1,1,1,0,14.092547428411407,108.26123025550909,1,2023,993,14.303967,3102.85249320889,2567.120439326819,0.5363635573761498,14.303967,train,89,"{""type"":""MultiPoint"",""coordinates"":[]}"
000000000000000005ef_0,2798.0,1435.0,651.0,995.0,830.0,3846.0,0.4565423,0.64499575,MangYang,995,1,1,1,0,13.942168704485,108.36201931662013,1,2023,995,28.363216,3324.219020557932,2857.4996105179016,0.07423269049745984,28.363216,train,62,"{""type"":""MultiPoint"",""coordinates"":[]}"
000000000000000003d8_0,2734.0,1884.0,558.0,786.0,984.0,2517.0,0.14383094,0.43787488,MangYang,996,1,1,1,0,14.164231936946603,108.3447715137454,1,2023,996,5.516238,3215.896593697369,2610.327498643172,0.5524085050964163,5.516238,train,97,"{""type"":""MultiPoint"",""coordinates"":[]}"
000000000000000004ca_0,3183.5,2111.5,645.0,879.5,1126.0,2586.5,0.10110685,0.39340067,MangYang,996,1,1,1,0,14.152642733308697,108.34881591840087,1,2023,988,21.084522,3215.896593697369,2610.327498643172,0.5738478459546303,14.443286,train,95,"{""type"":""MultiPoint"",""coordinates"":[]}"
00000000000000000379_0,2339.0,1301.5,423.0,644.5,568.0,3154.0,0.41577825,0.69478774,MangYang,997,1,1,1,0,14.184712588085082,108.32105801434317,1,2023,997,10.322546,3215.896593697369,2610.327498643172,0.6737879111324936,10.322546,train,90,"{""type"":""MultiPoint"",""coordinates"":[]}"
000000000000000004a3_0,3141.0,1827.5,921.0,1068.5,1277.5,2374.5,0.13017611,0.30038336,MangYang,998,1,1,1,0,14.14940988504495,108.35096966420969,1,2023,1006,15.868519,3299.2716793864965,2719.702097876045,0.2079080184310117,12.538096,train,97,"{""type"":""MultiPoint"",""coordinates"":[]}"
000000000000000005ba_0,2074.5,1181.0,351.5,527.0,489.5,2659.0,0.38489583,0.6890583,MangYang,998,1,1,1,0,14.183093934402677,108.35178122060142,1,2023,998,15.62703,3400.7785373441875,2807.31930743629,0.34274816816022335,15.62703,train,90,"{""type"":""MultiPoint"",""coordinates"":[]}"
000000000000000004d9_0,2196.0,1117.0,409.0,684.0,520.0,3034.0,0.46181643,0.70737195,MangYang,1000,1,1,1,0,13.927346652583344,108.3383058172179,1,2023,1000,6.7220635,3249.712924260939,2780.606499409189,0.4216248376734506,6.7220635,train,90,"{""type"":""MultiPoint"",""coordinates"":[]}"
00000000000000000444_0,2981.0,1574.0,542.0,767.0,935.0,2495.0,0.22634554,0.4548105,MangYang,1004,1,1,1,0,14.163959931782344,108.34504351890965,1,2023,1004,13.4267,3215.896593697369,2610.327498643172,0.6361164907867132,13.4267,train,97,"{""type"":""MultiPoint"",""coordinates"":[]}"
000000000000000004d4_0,2212.5,1085.0,436.0,697.0,580.5,3101.0,0.48160535,0.6846394,MangYang,1004,1,1,1,0,13.92761419864655,108.33776626599044,1,2023,1004,12.526902,3249.712924260939,2780.606499409189,0.061187994020717396,12.526902,train,97,"{""type"":""MultiPoint"",""coordinates"":[]}"
000000000000000003a8_0,2436.0,1660.0,525.0,693.0,787.0,2155.0,0.12975098,0.4649898,MangYang,1005,1,1,1,0,14.164231936946603,108.34558307013712,1,2023,1005,21.391357,3215.896593697369,2610.327498643172,0.4183011795636632,21.391357,train,98,"{""type"":""MultiPoint"",""coordinates"":[]}"
000000000000000003f3_0,3042.5,2012.0,604.0,857.0,890.0,3058.0,0.20631164,0.5491388,MangYang,1006,1,1,1,0,14.161806185973528,108.34585061620032,1,2023,1011,28.127863,3215.896593697369,2610.327498643172,0.6319940772866073,23.478975,train,97,"{""type"":""MultiPoint"",""coordinates"":[]}"
0000000000000000060e_0,2434.0,1497.0,702.5,828.5,1029.5,2681.5,0.28347492,0.44516304,MangYang,1006,1,1,1,0,14.147791231362548,108.35232077182887,1,2023,1006,25.066235,3299.2716793864965,2719.702097876045,0.31724798054689296,25.066235,train,57,"{""type"":""MultiPoint"",""coordinates"":[]}"
0000000000000000039b_0,2356.0,1502.0,493.5,691.0,853.0,1966.0,0.1337947,0.39482087,MangYang,1007,1,1,1,0,14.164231936946603,108.34585061620032,1,2023,1007,24.513767,3215.896593697369,2610.327498643172,0.0743823802767587,24.513767,train,98,"{""type"":""MultiPoint"",""coordinates"":[]}"
00000000000000000492_0,2138.0,1119.0,356.0,563.0,393.0,3584.0,0.5241335,0.8023636,MangYang,1007,1,1,1,0,14.183365939566938,108.35204876666462,1,2023,1007,21.965717,3400.7785373441875,2807.31930743629,0.032285111261393884,21.965717,train,90,"{""type"":""MultiPoint"",""coordinates"":[]}"
00000000000000000499_0,2974.0,1730.0,1054.0,1245.0,1345.0,2550.0,0.19158879,0.309371,MangYang,1008,1,1,1,0,14.149677431108154,108.35124166937395,1,2022,1017,17.325472,3299.2716793864965,2719.702097876045,0.3631702166030415,19.703485,train,90,"{""type"":""MultiPoint"",""coordinates"":[]}"
000000000000000005f9_0,2304.5,1406.0,467.0,603.5,607.0,2382.5,0.25775373,0.593912,MangYang,1008,1,1,1,0,14.178781983684,108.35582116615585,1,2023,1008,4.72052,3400.7785373441875,2807.31930743629,0.03570879094287205,4.72052,train,85,"{""type"":""MultiPoint"",""coordinates"":[]}"
00000000000000000608_0,1973.0,1226.0,409.0,514.5,555.0,1867.0,0.20724216,0.5417011,MangYang,1008,1,1,1,0,14.178514437620791,108.35528161492837,1,2023,1008,8.759142,3400.7785373441875,2807.31930743629,0.6169807063033942,8.759142,train,97,"{""type"":""MultiPoint"",""coordinates"":[]}"
00000000000000000564_0,2767.0,2127.5,500.0,673.0,836.0,2366.0,0.053076666,0.47782636,MangYang,1009,1,1,1,0,14.15614758673671,108.34908346446409,1,2023,1009,26.093178,3215.896593697369,2610.327498643172,0.7902630319375327,26.093178,train,91,"{""type"":""MultiPoint"",""coordinates"":[]}"
0000000000000000054b_0,2641.0,2032.0,552.0,763.0,953.0,2047.0,0.003677372,0.36466667,MangYang,1010,1,1,1,0,14.163959931782344,108.34531106497286,1,2023,1010,13.375427,3215.896593697369,2610.327498643172,0.2669725554365179,13.375427,train,97,"{""type"":""MultiPoint"",""coordinates"":[]}"
00000000000000000347_0,2994.0,1939.0,668.5,925.5,963.5,2864.5,0.19267201,0.49660397,MangYang,1013,1,1,1,0,13.941629153257534,108.36201931662012,1,2023,1013,22.817726,3324.219020557932,2857.4996105179016,0.18290771452041066,22.817726,train,98,"{""type"":""MultiPoint"",""coordinates"":[]}"
000000000000000004b5_0,2238.5,1148.5,415.5,602.5,461.0,2799.0,0.41811273,0.7171779,MangYang,1013,1,1,1,0,14.185519685375754,108.31943936066077,1,2023,1013,19.514206,3215.896593697369,2610.327498643172,0.27041847771024674,19.514206,train,87,"{""type"":""MultiPoint"",""coordinates"":[]}"
0000000000000000050a_0,2307.0,1566.0,572.0,722.0,766.0,2272.0,0.18394998,0.49572086,MangYang,1015,1,1,1,0,14.15641513279991,108.35070211814649,1,2023,1015,25.916044,3400.7785373441875,2807.31930743629,0.36459844287263843,25.916044,train,94,"{""type"":""MultiPoint"",""coordinates"":[]}"
0000000000000000038b_0,2427.0,1691.0,552.0,700.0,878.0,2003.0,0.08446129,0.3904894,MangYang,1017,1,1,1,0,14.16395993178234,108.34558307013712,1,2023,1017,15.721128,3215.896593697369,2610.327498643172,0.1379374552625111,15.721128,train,97,"{""type"":""MultiPoint"",""coordinates"":[]}"
000000000000000003ab_0,2145.0,1126.0,473.0,671.0,526.0,3035.0,0.45878395,0.7045774,MangYang,1017,1,1,1,0,13.927346652583344,108.33695916869978,1,2023,1017,2.1233613,3249.712924260939,2780.606499409189,0.4280947285682908,2.1233613,train,96,"{""type"":""MultiPoint"",""coordinates"":[]}"
0000000000000000060d_0,1635.0,769.0,417.0,621.0,435.0,3279.0,0.6200593,0.7657512,MangYang,1017,1,1,1,0,14.0809582247735,108.27497320495581,1,2023,1017,6.534003,3102.85249320889,2567.120439326819,0.4036510773552584,6.534003,train,87,"{""type"":""MultiPoint"",""coordinates"":[]}"
0000000000000000059f_0,2335.0,1512.0,505.0,685.0,632.0,2006.0,0.14042069,0.5208491,MangYang,1018,1,1,1,0,14.178781983683999,108.3563607173833,1,2023,1018,17.528221,3400.7785373441875,2807.31930743629,0.6837718108510922,17.528221,train,97,"{""type"":""MultiPoint"",""coordinates"":[]}"
00000000000000000534_0,2776.0,2058.0,578.5,717.0,869.5,2168.0,0.026029343,0.4274897,MangYang,1019,1,1,1,0,14.162073732036735,108.34612262136459,1,2023,1019,31.15313,3215.896593697369,2610.327498643172,0.7436608984561487,31.15313,train,97,"{""type"":""MultiPoint"",""coordinates"":[]}"
00000000000000000418_0,2261.5,1373.0,504.0,648.0,756.5,1885.0,0.15715162,0.4272194,MangYang,1020,1,1,1,0,14.163959931782344,108.34585061620032,1,2023,1020,19.780397,3215.896593697369,2610.327498643172,0.4751325617514922,19.780397,train,98,"{""type"":""MultiPoint"",""coordinates"":[]}"
000000000000000003a9_0,2223.0,1463.0,466.0,693.0,716.0,2121.0,0.18359375,0.49524146,MangYang,1023,1,1,1,0,14.183633485630148,108.35232077182887,1,2023,1023,18.028671,3400.7785373441875,2807.31930743629,0.07361874561053139,18.028671,train,96,"{""type"":""MultiPoint"",""coordinates"":[]}"
0000000000000000053f_0,1984.0,1280.0,383.0,516.0,503.0,1738.0,0.15175612,0.5510933,MangYang,1024,1,1,1,0,14.156687137964173,108.34854837233766,1,2023,1024,15.594943,3215.896593697369,2610.327498643172,0.7118150397884729,15.594943,train,98,"{""type"":""MultiPoint"",""coordinates"":[]}"
000000000000000005ff_0,2673.0,1954.5,511.0,711.0,803.0,2134.5,0.044020545,0.4532766,MangYang,1024,1,1,1,0,14.179053988848256,108.3563607173833,1,2023,1024,20.98337,3400.7785373441875,2807.31930743629,0.2707918411831436,20.98337,train,86,"{""type"":""MultiPoint"",""coordinates"":[]}"
00000000000000000368_0,3355.0,2000.0,725.5,1068.5,1109.0,3928.5,0.32529306,0.5597022,MangYang,1026,1,1,1,0,13.941629153257535,108.36229132178438,1,2023,1026,30.509504,3324.219020557932,2857.4996105179016,0.49030396924793984,30.509504,train,97,"{""type"":""MultiPoint"",""coordinates"":[]}"
00000000000000000425_0,2200.5,1520.5,468.0,611.5,693.5,1746.0,0.06903414,0.43144086,MangYang,1030,1,1,1,0,14.15830133254552,108.34908346446409,1,2023,1030,22.059404,3215.896593697369,2610.327498643172,0.4668430836092482,22.059404,train,98,"{""type"":""MultiPoint"",""coordinates"":[]}"
000000000000000004fc_0,2611.0,1898.0,605.0,814.0,992.0,2122.0,0.055721395,0.36287734,MangYang,1032,1,1,1,0,14.156687137964173,108.35070211814649,1,2023,1032,33.705257,3400.7785373441875,2807.31930743629,0.4329440879333638,33.705257,train,95,"{""type"":""MultiPoint"",""coordinates"":[]}"
000000000000000003f6_0,2579.5,1420.0,566.5,820.5,736.5,3178.5,0.3824073,0.6237548,MangYang,1036,1,1,1,0,14.149137879880685,108.35366742034702,1,2023,1036,18.960415,3299.2716793864965,2719.702097876045,0.752664936639242,18.960415,train,97,"{""type"":""MultiPoint"",""coordinates"":[]}"
00000000000000000516_0,1926.0,1351.0,412.0,541.0,526.0,2077.0,0.2117853,0.59585094,MangYang,1039,1,1,1,0,14.156687137964173,108.34908346446409,1,2023,1039,21.084545,3215.896593697369,2610.327498643172,0.5101050812582093,21.084545,train,98,"{""type"":""MultiPoint"",""coordinates"":[]}"
000000000000000005de_0,3226.0,2185.5,612.5,992.5,1528.0,2473.5,0.06181584,0.23628639,MangYang,1039,1,1,1,0,14.163424839655928,108.34612262136459,1,2023,1039,14.400455,3215.896593697369,2610.327498643172,0.0017543778551455391,14.400455,train,98,"{""type"":""MultiPoint"",""coordinates"":[]}"
00000000000000000567_0,3069.5,1955.0,639.5,852.0,1016.5,2777.5,0.1737982,0.46415392,MangYang,1041,1,1,1,0,14.160999088682857,108.34612262136459,1,2023,1041,24.433228,3215.896593697369,2610.327498643172,0.11492127055190315,24.433228,train,97,"{""type"":""MultiPoint"",""coordinates"":[]}"
00000000000000000597_0,2038.0,1156.0,420.0,693.0,540.0,3112.0,0.45829427,0.7042716,MangYang,1041,1,1,1,0,13.941089602030067,108.3622913217844,1,2023,1041,32.232018,3324.219020557932,2857.4996105179016,0.5246347155129336,32.232018,train,98,"{""type"":""MultiPoint"",""coordinates"":[]}"
0000000000000000057a_0,2995.0,2056.0,613.0,889.0,860.0,3363.0,0.2411884,0.5927066,MangYang,1042,1,1,1,0,14.151835636018024,108.35204876666464,1,2023,1042,1.8543341,3400.7785373441875,2807.31930743629,0.1837773125252764,1.8543341,train,97,"{""type"":""MultiPoint"",""coordinates"":[]}"
0000000000000000050c_0,1940.0,1346.0,473.0,532.0,675.0,1620.0,0.09238031,0.4117647,MangYang,1044,1,1,1,0,14.157222230090587,108.34908346446409,1,2023,1044,24.319227,3215.896593697369,2610.327498643172,0.42571944470735956,24.319227,train,98,"{""type"":""MultiPoint"",""coordinates"":[]}"
00000000000000000348_0,2354.0,1261.5,445.0,689.0,555.5,3343.0,0.45205778,0.7150186,MangYang,1045,1,1,1,0,14.179861086138931,108.35528161492837,1,2023,1030,23.987684,3400.7785373441875,2807.31930743629,0.5752506973720902,26.661161,train,85,"{""type"":""MultiPoint"",""coordinates"":[]}"
00000000000000000455_0,2231.5,1539.5,486.0,588.0,730.0,1980.5,0.12528409,0.461354,MangYang,1048,1,1,1,0,14.162613283264204,108.3463901674278,1,2023,1048,14.502481,3215.896593697369,2610.327498643172,0.13748667841435014,14.502481,train,97,"{""type"":""MultiPoint"",""coordinates"":[]}"
000000000000000003dc_0,2563.5,1779.5,562.5,719.0,881.5,1896.5,0.031828076,0.36537078,MangYang,1056,1,1,1,0,14.15695468402738,108.35070211814649,1,2023,1056,36.700317,3400.7785373441875,2807.31930743629,0.19161587712951544,36.700317,train,97,"{""type"":""MultiPoint"",""coordinates"":[]}"
000000000000000003e5_0,2914.0,1819.0,733.0,861.0,933.0,2668.0,0.18921328,0.4818106,MangYang,1056,1,1,1,0,14.149677431108154,108.3542069715745,1,2023,1056,25.883366,3299.2716793864965,2719.702097876045,0.6596040347840348,25.883366,train,72,"{""type"":""MultiPoint"",""coordinates"":[]}"
000000000000000005b2_0,3093.0,1894.0,522.0,817.0,1012.0,3380.0,0.2817596,0.5391621,MangYang,1058,1,1,1,0,14.186870792994947,108.32510241899865,1,2023,1058,24.406187,3215.896593697369,2610.327498643172,0.15534536046741465,24.406187,train,90,"{""type"":""MultiPoint"",""coordinates"":[]}"
000000000000000004ec_0,3263.5,2371.5,679.5,901.5,1117.5,2900.5,0.100341424,0.44375312,MangYang,1059,1,1,1,0,14.160727083518594,108.3463901674278,1,2023,1059,24.75502,3215.896593697369,2610.327498643172,0.36164923511895886,24.75502,train,98,"{""type"":""MultiPoint"",""coordinates"":[]}"
000000000000000005f1_0,3148.5,1895.0,676.0,898.5,913.5,2706.5,0.17635554,0.49530387,MangYang,1069,1,1,1,0,14.150488987499884,108.35232077182887,1,2023,1069,18.212242,3400.7785373441875,2807.31930743629,0.43240061714309985,18.212242,train,89,"{""type"":""MultiPoint"",""coordinates"":[]}"
000000000000000004f1_0,2792.0,1792.0,529.0,686.0,760.0,2017.0,0.05907062,0.45264673,MangYang,1070,1,1,1,0,14.169890536183422,108.3498950208558,1,2023,1070,28.538912,3215.896593697369,2610.327498643172,0.22281320200116694,28.538912,train,97,"{""type"":""MultiPoint"",""coordinates"":[]}"
000000000000000004b0_0,3836.0,3035.0,826.0,1103.5,1490.0,2998.5,-0.0060495567,0.3360811,MangYang,1071,1,1,1,0,14.160999088682855,108.34665771349101,1,2023,1071,24.857103,3215.896593697369,2610.327498643172,0.5864523587007764,24.857103,train,98,"{""type"":""MultiPoint"",""coordinates"":[]}"
000000000000000004a2_0,2672.5,1398.5,545.0,717.0,688.5,2691.0,0.3160533,0.5925433,MangYang,1072,1,1,1,0,14.150488987499884,108.35339541518276,1,2023,1072,28.872168,3400.7785373441875,2807.31930743629,0.3680348370030607,28.872168,train,96,"{""type"":""MultiPoint"",""coordinates"":[]}"
00000000000000000566_0,1756.0,1004.0,340.0,444.0,418.0,2091.0,0.35121164,0.66679955,MangYang,1072,1,1,1,0,14.159112888937248,108.34773681594595,1,2023,1072,23.395145,3215.896593697369,2610.327498643172,0.27743782645638015,23.395145,train,96,"{""type"":""MultiPoint"",""coordinates"":[]}"
00000000000000000409_0,3459.0,2696.0,724.0,1006.0,1196.0,2774.0,0.014259598,0.3974811,MangYang,1073,1,1,1,0,14.160727083518594,108.346657713491,1,2023,1073,20.453295,3215.896593697369,2610.327498643172,0.7314845109035858,20.453295,train,97,"{""type"":""MultiPoint"",""coordinates"":[]}"
00000000000000000439_0,1954.0,1149.0,377.0,504.0,516.0,2304.0,0.33449176,0.63404256,MangYang,1074,1,1,1,0,14.159112888937248,108.34746926988272,1,2023,1074,28.524387,3215.896593697369,2610.327498643172,0.36712842268153123,28.524387,train,90,"{""type"":""MultiPoint"",""coordinates"":[]}"
0000000000000000054e_0,2715.0,1853.0,653.5,805.0,890.5,2297.5,0.10709553,0.44134253,MangYang,1074,1,1,1,0,14.150488987499884,108.3542069715745,1,2023,1074,23.824514,3400.7785373441875,2807.31930743629,0.1310065869424587,23.824514,train,97,"{""type"":""MultiPoint"",""coordinates"":[]}"
0000000000000000044d_0,2424.5,1567.5,511.0,647.5,795.5,2175.5,0.16243654,0.46449006,MangYang,1075,1,1,1,0,14.1510240796263,108.35232077182887,1,2023,1075,13.912515,3400.7785373441875,2807.31930743629,0.12246733970752277,13.912515,train,97,"{""type"":""MultiPoint"",""coordinates"":[]}"
00000000000000000465_0,2401.5,1396.5,559.5,699.5,717.5,2512.0,0.2854036,0.55565876,MangYang,1075,1,1,1,0,14.160187532291127,108.346657713491,1,2023,1075,21.85118,3215.896593697369,2610.327498643172,0.026654838998047437,21.85118,train,98,"{""type"":""MultiPoint"",""coordinates"":[]}"
000000000000000004b9_0,2646.0,1652.0,611.0,737.0,888.0,2335.0,0.17130674,0.4489606,MangYang,1075,1,1,1,0,14.160459537455388,108.346657713491,1,2023,1075,21.89951,3215.896593697369,2610.327498643172,0.47357501826201454,21.89951,train,98,"{""type"":""MultiPoint"",""coordinates"":[]}"
00000000000000000414_0,2773.0,1601.0,466.0,738.0,526.0,3654.0,0.39067554,0.74832535,MangYang,1078,1,1,1,0,14.186598787830688,108.32375131137947,1,2023,1078,26.73296,3215.896593697369,2610.327498643172,0.19525681352005764,26.73296,train,89,"{""type"":""MultiPoint"",""coordinates"":[]}"
000000000000000003ce_0,2744.5,1617.5,644.0,793.0,842.0,2088.0,0.12697342,0.42525598,MangYang,1079,1,1,1,0,14.150756533563092,108.35286032305635,1,2021,1079,17.1199,3400.7785373441875,2807.31930743629,0.6450718395827129,17.1199,train,96,"{""type"":""MultiPoint"",""coordinates"":[]}"
000000000000000005c8_0,1631.0,681.0,324.0,505.0,294.0,3101.5,0.6399207,0.8268296,MangYang,1079,1,1,1,0,13.934351900338307,108.31351321536074,1,2023,1079,6.9080563,3249.712924260939,2780.606499409189,0.5346473495865921,6.9080563,train,90,"{""type"":""MultiPoint"",""coordinates"":[]}"
000000000000000005fc_0,2778.0,1739.5,515.5,702.0,719.0,2171.0,0.11034395,0.50242215,MangYang,1081,1,1,1,0,14.170158082246632,108.3498950208558,1,2023,1081,20.983006,3215.896593697369,2610.327498643172,0.49575105682656206,20.983006,train,97,"{""type"":""MultiPoint"",""coordinates"":[]}"
000000000000000003b6_0,2209.0,1531.5,473.0,574.0,704.5,1472.5,-0.01964048,0.35277906,MangYang,1082,1,1,1,0,14.159380435000456,108.34773681594595,1,2023,1082,21.875185,3215.896593697369,2610.327498643172,0.6149392473787559,21.875185,train,87,"{""type"":""MultiPoint"",""coordinates"":[]}"
000000000000000005bf_0,2472.0,1617.5,496.0,634.0,728.5,2155.0,0.14247847,0.49471128,MangYang,1082,1,1,1,0,14.151024079626296,108.35258831789209,1,2023,1082,14.443224,3400.7785373441875,2807.31930743629,0.6140321972977224,14.443224,train,97,"{""type"":""MultiPoint"",""coordinates"":[]}"
000000000000000005db_0,2769.5,1969.5,567.0,766.0,798.0,2481.0,0.114930905,0.51326627,MangYang,1083,1,1,1,0,14.186870792994947,108.32267666802558,1,2023,1083,21.51463,3215.896593697369,2610.327498643172,0.7615101631027841,21.51463,train,82,"{""type"":""MultiPoint"",""coordinates"":[]}"
00000000000000000565_0,2550.0,1490.0,466.5,701.5,683.5,3474.0,0.3996777,0.67119664,MangYang,1085,1,1,1,0,14.186870792994947,108.3221371167981,1,2023,1085,18.13147,3215.896593697369,2610.327498643172,0.35311326057380443,18.13147,train,80,"{""type"":""MultiPoint"",""coordinates"":[]}"
00000000000000000454_0,2236.5,1443.5,592.0,700.0,752.5,2111.5,0.18790436,0.47451118,MangYang,1086,1,1,1,0,14.149949436272415,108.35474652280195,1,2023,1086,22.653572,3299.2716793864965,2719.702097876045,0.7356735507724463,22.653572,train,98,"{""type"":""MultiPoint"",""coordinates"":[]}"
0000000000000000034b_0,2077.0,992.0,369.0,583.0,362.0,3351.0,0.5431729,0.8050094,MangYang,1087,1,1,1,0,14.15964798106366,108.34962301569155,1,2023,1087,30.958595,3215.896593697369,2610.327498643172,0.14915985267449705,30.958595,train,97,"{""type"":""MultiPoint"",""coordinates"":[]}"
000000000000000003ed_0,2414.0,1367.0,409.0,611.0,647.0,2434.0,0.2807156,0.5800065,MangYang,1087,1,1,1,0,14.187677890285622,108.32105801434318,1,2023,1087,27.673666,3215.896593697369,2610.327498643172,0.02138198563468552,27.673666,train,45,"{""type"":""MultiPoint"",""coordinates"":[]}"
00000000000000000407_0,2630.0,1555.0,472.0,692.0,592.0,3058.0,0.32581833,0.67561644,MangYang,1089,1,1,1,0,14.170430087410892,108.35016256691901,1,2023,1089,13.4176855,3400.7785373441875,2807.31930743629,0.5843773703181531,13.4176855,train,97,"{""type"":""MultiPoint"",""coordinates"":[]}"
000000000000000003bf_0,1666.0,722.0,382.0,580.0,333.0,3270.0,0.6382766,0.815154,MangYang,1090,1,1,1,0,13.934623905502567,108.3140527665882,1,2023,1090,15.207386,3249.712924260939,2780.606499409189,0.5344040965783688,15.207386,train,97,"{""type"":""MultiPoint"",""coordinates"":[]}"
0000000000000000060a_0,2910.0,2074.0,614.0,805.0,1055.0,2229.0,0.03602138,0.35749087,MangYang,1092,1,1,1,0,14.159380435000456,108.34719726471847,1,2023,1092,15.493925,3215.896593697369,2610.327498643172,0.2925705841517987,15.493925,train,87,"{""type"":""MultiPoint"",""coordinates"":[]}"
000000000000000004ab_0,2860.0,1818.5,506.0,729.0,632.5,2908.5,0.23059022,0.6427563,MangYang,1093,1,1,1,0,14.187138339058155,108.32240466286132,1,2023,1093,15.811102,3215.896593697369,2610.327498643172,0.5527569030023307,15.811102,train,33,"{""type"":""MultiPoint"",""coordinates"":[]}"
0000000000000000056d_0,2049.0,1268.0,438.5,590.5,545.0,2290.0,0.28724003,0.6155203,MangYang,1093,1,1,1,0,14.149677431108154,108.35501406886516,1,2023,1093,20.839407,3299.2716793864965,2719.702097876045,0.023324253320156196,20.839407,train,97,"{""type"":""MultiPoint"",""coordinates"":[]}"
000000000000000003d5_0,2515.0,1502.0,522.0,762.0,719.0,2729.0,0.29000238,0.58294666,MangYang,1095,1,1,1,0,14.15964798106366,108.34773681594595,1,2023,1095,21.084564,3215.896593697369,2610.327498643172,0.20432537943036055,21.084564,train,95,"{""type"":""MultiPoint"",""coordinates"":[]}"
0000000000000000053d_0,2518.5,1694.0,488.5,677.0,767.5,2664.0,0.22257917,0.55267376,MangYang,1095,1,1,1,0,14.187138339058155,108.32267666802558,1,2023,1095,21.671646,3215.896593697369,2610.327498643172,0.3082791290101735,21.671646,train,33,"{""type"":""MultiPoint"",""coordinates"":[]}"
00000000000000000326_0,2599.0,1653.0,649.0,818.5,894.5,2122.0,0.12423841,0.40692857,MangYang,1096,1,1,1,0,14.153721835763633,108.35339541518276,1,2023,1096,16.603743,3400.7785373441875,2807.31930743629,0.43194937070476147,16.603743,train,98,"{""type"":""MultiPoint"",""coordinates"":[]}"
00000000000000000344_0,3057.0,2124.0,706.5,944.0,1197.0,2366.0,0.05389755,0.3280943,MangYang,1096,1,1,1,0,14.1542613869911,108.35393496641022,1,2023,1096,20.01488,3400.7785373441875,2807.31930743629,0.4618055742806936,20.01488,train,97,"{""type"":""MultiPoint"",""coordinates"":[]}"
000000000000000004ad_0,1972.0,1067.5,441.5,593.0,521.0,2519.5,0.40479508,0.6572932,MangYang,1097,1,1,1,0,14.150216982335623,108.35501406886516,1,2023,1097,18.48367,3400.7785373441875,2807.31930743629,0.3064374188011716,18.48367,train,98,"{""type"":""MultiPoint"",""coordinates"":[]}"
00000000000000000434_0,1763.0,944.0,368.0,521.0,411.0,2438.0,0.44175044,0.7114777,MangYang,1103,1,1,1,0,14.149677431108154,108.35528161492837,1,2023,1103,21.123518,3299.2716793864965,2719.702097876045,0.6648276958907564,21.123518,train,85,"{""type"":""MultiPoint"",""coordinates"":[]}"
0000000000000000040d_0,2244.0,1430.5,656.5,740.0,809.5,2122.0,0.19465165,0.447723,MangYang,1104,1,1,1,0,14.150216982335623,108.35528161492837,1,2023,1104,16.442348,3400.7785373441875,2807.31930743629,0.7993818466350673,16.442348,train,97,"{""type"":""MultiPoint"",""coordinates"":[]}"
000000000000000003e7_0,2726.0,1680.5,592.5,745.0,836.5,1723.5,0.012632198,0.34648436,MangYang,1107,1,1,1,0,14.1510240796263,108.35393496641022,1,2023,1107,18.292358,3400.7785373441875,2807.31930743629,0.4756805585009084,18.292358,train,89,"{""type"":""MultiPoint"",""coordinates"":[]}"
00000000000000000543_0,2364.0,1489.0,509.0,720.0,753.0,2438.0,0.2416603,0.5280476,MangYang,1111,1,1,1,0,14.150488987499884,108.35555362009264,1,2023,1111,16.74831,3400.7785373441875,2807.31930743629,0.02637888855599857,16.74831,train,98,"{""type"":""MultiPoint"",""coordinates"":[]}"
000000000000000005ac_0,2299.0,1447.5,484.0,594.5,762.5,1585.5,0.045499504,0.35051107,MangYang,1111,1,1,1,0,14.151296084790557,108.35393496641022,1,2023,1111,11.347619,3400.7785373441875,2807.31930743629,0.7419232135545965,11.347619,train,97,"{""type"":""MultiPoint"",""coordinates"":[]}"
00000000000000000539_0,2731.5,1932.0,588.0,731.5,887.5,1762.5,-0.04587901,0.3301887,MangYang,1112,1,1,1,0,14.151296084790557,108.3542069715745,1,2023,1112,6.0304837,3400.7785373441875,2807.31930743629,0.7695700174600897,6.0304837,train,97,"{""type"":""MultiPoint"",""coordinates"":[]}"
00000000000000000513_0,2471.0,1536.0,627.0,749.0,890.0,2362.0,0.21190354,0.45264453,MangYang,1113,1,1,1,0,14.150756533563092,108.35555362009264,1,2023,1113,14.183248,3400.7785373441875,2807.31930743629,0.7649286146149217,14.183248,train,98,"{""type"":""MultiPoint"",""coordinates"":[]}"
000000000000000005a5_0,2435.0,1492.5,525.0,701.0,688.0,2359.0,0.22497728,0.54840827,MangYang,1117,1,1,1,0,14.153449830599373,108.35393496641024,1,2023,1117,10.40585,3400.7785373441875,2807.31930743629,0.2918253725095653,10.40585,train,98,"{""type"":""MultiPoint"",""coordinates"":[]}"
000000000000000003ca_0,2408.0,1564.5,563.0,820.5,742.5,2644.5,0.25659302,0.5615589,MangYang,1118,1,1,1,0,13.962109804396007,108.38977722067784,1,2023,1118,13.415767,3184.0089067523368,2751.616892498231,0.7136848939608734,13.415767,train,41,"{""type"":""MultiPoint"",""coordinates"":[]}"
0000000000000000043e_0,2492.5,1745.5,585.0,724.5,852.5,2201.5,0.11553078,0.44171578,MangYang,1118,1,1,1,0,14.153449830599373,108.3542069715745,1,2023,1118,4.8600464,3400.7785373441875,2807.31930743629,0.6410826879268786,4.8600464,train,97,"{""type"":""MultiPoint"",""coordinates"":[]}"
000000000000000003b8_0,1800.0,1004.0,326.0,441.5,631.0,1990.5,0.32943732,0.51859623,MangYang,1119,1,1,1,0,14.188484987576295,108.31997891188824,0,2023,1119,33.001526,3215.896593697369,2610.327498643172,0.10770851328037856,33.001526,train,11,"{""type"":""MultiPoint"",""coordinates"":[]}"
000000000000000003e0_0,2337.5,1185.0,367.0,585.0,440.5,3326.5,0.47467583,0.7661269,MangYang,1120,1,1,1,0,14.187405885121358,108.32456286777118,1,2023,1120,27.086905,3215.896593697369,2610.327498643172,0.7015211893237591,27.086905,train,93,"{""type"":""MultiPoint"",""coordinates"":[]}"
00000000000000000531_0,2048.0,1271.5,489.5,612.0,649.5,2139.0,0.25436154,0.5341582,MangYang,1121,1,1,1,0,14.151296084790557,108.35528161492837,1,2023,1121,11.343298,3400.7785373441875,2807.31930743629,0.37428020075370405,11.343298,train,97,"{""type"":""MultiPoint"",""coordinates"":[]}"
000000000000000004b1_0,1801.0,922.0,381.0,533.0,415.0,2618.0,0.47909606,0.7263436,MangYang,1122,1,1,1,0,14.151296084790557,108.35501406886516,1,2023,1122,7.439239,3400.7785373441875,2807.31930743629,0.03333371598292634,7.439239,train,97,"{""type"":""MultiPoint"",""coordinates"":[]}"
0000000000000000039a_0,2316.0,1588.0,592.0,716.0,731.0,2168.0,0.1544196,0.49568817,MangYang,1125,1,1,1,0,14.151296084790557,108.35555362009262,1,2023,1125,13.99545,3400.7785373441875,2807.31930743629,0.5591690294057197,13.99545,train,97,"{""type"":""MultiPoint"",""coordinates"":[]}"
0000000000000000035c_0,2172.0,1484.0,495.0,756.0,667.0,2537.0,0.26187515,0.58364546,MangYang,1127,1,1,1,0,13.962381809560268,108.3900492258421,0,2023,1127,11.638685,3184.0089067523368,2751.616892498231,0.4889546474234211,11.638685,train,22,"{""type"":""MultiPoint"",""coordinates"":[]}"
00000000000000000602_0,2266.0,1407.0,520.0,658.0,707.0,2173.0,0.21396647,0.5090278,MangYang,1127,1,1,1,0,14.151563630853765,108.35528161492837,1,2023,1127,10.657791,3400.7785373441875,2807.31930743629,0.24283047166257,10.657791,train,97,"{""type"":""MultiPoint"",""coordinates"":[]}"
000000000000000005c0_0,2647.0,1586.0,478.5,751.0,724.0,3294.5,0.3500666,0.63966656,MangYang,1128,1,1,1,0,14.18740588512136,108.32429086260693,1,2023,1120,27.086905,3215.896593697369,2610.327498643172,0.7867878298598363,24.61497,train,82,"{""type"":""MultiPoint"",""coordinates"":[]}"
0000000000000000062f_0,2052.5,1291.0,487.0,773.0,652.0,2633.0,0.34199795,0.60304415,MangYang,1131,1,1,1,0,13.961842258332801,108.3900492258421,1,2023,1131,22.044037,3184.0089067523368,2751.616892498231,0.7194012434898567,22.044037,train,67,"{""type"":""MultiPoint"",""coordinates"":[]}"
