system:index,defo,elevation,rand,slope,treecover2000,.geo,lon,lat,dist_to_nearest_road_m
0000000000000000045f,0,469,0.2786747089970597,1,84,"{""type"":""Point"",""coordinates"":[108.57506624675167,14.183499712598543]}",108.57506624675167,14.183499712598543,639.9368668563245
00000000000000000255,0,685,0.6824117469637364,3,73,"{""type"":""Point"",""coordinates"":[108.54622924023903,14.285367876164512]}",108.54622924023903,14.285367876164512,4822.323781481283
00000000000000000258,0,672,0.520381092998101,3,66,"{""type"":""Point"",""coordinates"":[108.42981102993566,14.22823341436671]}",108.42981102993566,14.22823341436671,698.2629836007826
00000000000000000337,0,568,0.6873887825056485,3,33,"{""type"":""Point"",""coordinates"":[108.5599766487868,14.199940418182598]}",108.5599766487868,14.199940418182598,229.0821132658448
00000000000000000247,0,807,0.0042556212514126,4,69,"{""type"":""Point"",""coordinates"":[108.32874996366037,14.410681993069504]}",108.32874996366037,14.410681993069504,866.5551660270747
00000000000000000342,0,1065,0.6186637076447529,4,70,"{""type"":""Point"",""coordinates"":[108.52440194058242,14.515247912772809]}",108.52440194058242,14.515247912772809,2739.385182822622
000000000000000003c4,0,905,0.6584404013995446,4,32,"{""type"":""Point"",""coordinates"":[108.47993578487744,14.339537035761776]}",108.47993578487744,14.339537035761776,72.50675106722677
0000000000000000018d,0,575,0.3320955241318898,5,63,"{""type"":""Point"",""coordinates"":[108.4616088795478,14.29345222637441]}",108.4616088795478,14.29345222637441,16.094415190261287
000000000000000001de,0,849,0.6623422138116435,5,37,"{""type"":""Point"",""coordinates"":[108.53140718833737,14.354626633726637]}",108.53140718833737,14.354626633726637,57.11300748002246
00000000000000000251,0,500,0.2164918607541386,5,53,"{""type"":""Point"",""coordinates"":[108.53167919350163,14.200747515473271]}",108.53167919350163,14.200747515473271,1368.1646778233114
00000000000000000473,0,681,0.4659090502886412,5,99,"{""type"":""Point"",""coordinates"":[108.60875475521046,14.255456226298]}",108.60875475521046,14.255456226298,415.93273477925743
000000000000000004e7,0,879,0.6310599468975059,5,32,"{""type"":""Point"",""coordinates"":[108.52278328690002,14.398557697305185]}",108.52278328690002,14.398557697305185,1912.1116517442622
0000000000000000056e,0,661,0.3256704411908768,5,30,"{""type"":""Point"",""coordinates"":[108.48451528165936,14.228772965594178]}",108.48451528165936,14.228772965594178,20.918174644832398
00000000000000000613,0,711,0.6169375769341553,5,60,"{""type"":""Point"",""coordinates"":[108.5252090378731,14.085131943359528]}",108.5252090378731,14.085131943359528,980.1003940078696
000000000000000000da,0,654,0.0052388529873896,6,77,"{""type"":""Point"",""coordinates"":[108.47966823881426,14.217455767120535]}",108.47966823881426,14.217455767120535,140.76747257111617
000000000000000000e3,0,504,0.3844600396079372,6,40,"{""type"":""Point"",""coordinates"":[108.59123494717147,14.045789294764973]}",108.59123494717147,14.045789294764973,374.9135566563359
0000000000000000029b,0,842,0.3192339709915681,6,99,"{""type"":""Point"",""coordinates"":[108.6313936112588,14.34330943525299]}",108.6313936112588,14.34330943525299,3366.3634848167835
000000000000000002d1,0,519,0.6195928145759285,6,70,"{""type"":""Point"",""coordinates"":[108.53248629079232,14.145499253421079]}",108.53248629079232,14.145499253421079,160.2504323023089
000000000000000005d9,0,538,0.3753253846905262,6,33,"{""type"":""Point"",""coordinates"":[108.50041643601593,14.15062276053149]}",108.50041643601593,14.15062276053149,138.8258553011156
00000000000000000261,0,975,0.400956839102798,7,84,"{""type"":""Point"",""coordinates"":[108.43493007794503,14.39720658968599]}",108.43493007794503,14.39720658968599,312.6297933833425
00000000000000000345,0,746,0.6414244266806735,7,60,"{""type"":""Point"",""coordinates"":[108.58180394844344,14.293724231538672]}",108.58180394844344,14.293724231538672,352.72691928997335
000000000000000005f2,0,735,0.5356759559041193,7,64,"{""type"":""Point"",""coordinates"":[108.33494811412467,14.457306353684338]}",108.33494811412467,14.457306353684338,3929.247505968104
00000000000000000361,0,472,0.0761794182758035,8,33,"{""type"":""Point"",""coordinates"":[108.58665545038957,14.119360003045779]}",108.58665545038957,14.119360003045779,241.7330325284186
00000000000000000482,0,849,0.7855749017754674,8,99,"{""type"":""Point"",""coordinates"":[108.59123494717147,14.360017686900251]}",108.59123494717147,14.360017686900251,135.81413575189856
0000000000000000006a,0,655,0.4177086395235492,9,70,"{""type"":""Point"",""coordinates"":[108.66022615867037,14.154395160022702]}",108.66022615867037,14.154395160022702,696.5423885756148
000000000000000000c0,0,519,0.6131760408613921,9,66,"{""type"":""Point"",""coordinates"":[108.53545159299286,14.181341507688677]}",108.53545159299286,14.181341507688677,767.3992159033312
0000000000000000023e,0,563,0.4271854673099651,9,33,"{""type"":""Point"",""coordinates"":[108.55781844387694,14.141459307866656]}",108.55781844387694,14.141459307866656,213.47375368048213
00000000000000000257,0,756,0.4184371507044381,9,60,"{""type"":""Point"",""coordinates"":[108.61710665148355,14.283749222482115]}",108.61710665148355,14.283749222482115,485.72397696383746
00000000000000000386,0,849,0.333306040134754,10,37,"{""type"":""Point"",""coordinates"":[108.56482815073296,14.4300880008541]}",108.56482815073296,14.4300880008541,277.4035391710117
0000000000000000040f,0,806,0.0673805524980796,11,48,"{""type"":""Point"",""coordinates"":[108.47966823881426,14.281863022736507]}",108.47966823881426,14.281863022736507,1994.2067932017646
00000000000000000340,0,537,0.241277477409976,12,64,"{""type"":""Point"",""coordinates"":[108.52628814032803,14.14388505883973]}",108.52628814032803,14.14388505883973,676.0833995502969
00000000000000000455,0,623,0.7649979092118655,13,73,"{""type"":""Point"",""coordinates"":[108.49421828555164,14.046324386891385]}",108.49421828555164,14.046324386891385,929.2769077951992
000000000000000004b3,0,978,0.0672266252349544,13,31,"{""type"":""Point"",""coordinates"":[108.47346562924889,14.0695027941672]}",108.47346562924889,14.0695027941672,3875.785605822196
00000000000000000047,0,666,0.6296326301587121,14,99,"{""type"":""Point"",""coordinates"":[108.5564717953588,14.225000566102965]}",108.5564717953588,14.225000566102965,131.35854383808922
00000000000000000053,0,855,0.3892402434442654,14,99,"{""type"":""Point"",""coordinates"":[108.38857772249446,14.190504960353508]}",108.38857772249446,14.190504960353508,6495.555490917241
000000000000000001a6,0,897,0.3278102784847426,14,43,"{""type"":""Point"",""coordinates"":[108.32605220752305,14.361364335418392]}",108.32605220752305,14.361364335418392,780.0706238166753
00000000000000000403,0,559,0.7510473126460979,15,70,"{""type"":""Point"",""coordinates"":[108.56725390170602,14.133642503719964]}",108.56725390170602,14.133642503719964,487.67674871454483
00000000000000000233,0,885,0.6420792645320963,17,66,"{""type"":""Point"",""coordinates"":[108.53491204176538,14.358131487154644]}",108.53491204176538,14.358131487154644,42.560078754625785
0000000000000000009c,0,705,0.5138932792154468,18,61,"{""type"":""Point"",""coordinates"":[108.52089708715441,14.05872514692102]}",108.52089708715441,14.05872514692102,758.9432622007035
000000000000000004a1,0,977,0.6886678742446786,20,40,"{""type"":""Point"",""coordinates"":[108.44517263306479,14.439786545645344]}",108.44517263306479,14.439786545645344,1608.1433011782733
00000000000000000577,0,903,0.0072074871671375,20,64,"{""type"":""Point"",""coordinates"":[108.44004912595437,14.360824784190923]}",108.44004912595437,14.360824784190923,1244.5170302361112
0000000000000000011a,0,748,0.2108410968744617,21,53,"{""type"":""Point"",""coordinates"":[108.60282415080935,14.29938283077549]}",108.60282415080935,14.29938283077549,1056.3635614480133
000000000000000004d8,0,916,0.2950640617702126,21,73,"{""type"":""Point"",""coordinates"":[108.51146608842637,14.056566942011154]}",108.51146608842637,14.056566942011154,873.0669981137411
00000000000000000113,0,1000,0.0543795946877438,23,31,"{""type"":""Point"",""coordinates"":[108.48182198462307,14.129063006938077]}",108.48182198462307,14.129063006938077,2179.059494774303
00000000000000000524,0,678,0.7085111257067921,26,34,"{""type"":""Point"",""coordinates"":[108.49529738800656,14.273778672526612]}",108.49529738800656,14.273778672526612,654.5144861190786
00000000000000000596,0,1275,0.2955399943863284,29,93,"{""type"":""Point"",""coordinates"":[108.32443801294168,14.268120073289785]}",108.32443801294168,14.268120073289785,6612.523361608574
000000000000000004df,0,785,0.4220306486236187,32,73,"{""type"":""Point"",""coordinates"":[108.4769704826769,14.168138109469421]}",108.4769704826769,14.168138109469421,1968.2409310261216
0000000000000000052b,0,756,0.7517420130157252,36,99,"{""type"":""Point"",""coordinates"":[108.49125298335109,14.13849400566611]}",108.49125298335109,14.13849400566611,1008.801562092371
0000000000000000053c,0,914,0.4728291123698709,37,63,"{""type"":""Point"",""coordinates"":[108.48208953068627,14.053873644974873]}",108.48208953068627,14.053873644974873,2366.041926766647
000000000000000004c1,0,822,0.405728151987781,38,77,"{""type"":""Point"",""coordinates"":[108.42899947354395,14.278902179637019]}",108.42899947354395,14.278902179637019,1370.2566440263408
00000000000000000484,0,510,0.5385552736761023,1,44,"{""type"":""Point"",""coordinates"":[108.51200563965384,14.22688676584857]}",108.51200563965384,14.22688676584857,219.68611056846936
0000000000000000048f,0,769,0.4906939969215396,3,45,"{""type"":""Point"",""coordinates"":[108.51173809359062,14.340076586989245]}",108.51173809359062,14.340076586989245,278.4440790882858
000000000000000001d5,0,535,0.486530074592034,5,45,"{""type"":""Point"",""coordinates"":[108.49718358775219,14.282402573963973]}",108.49718358775219,14.282402573963973,168.65587978465408
00000000000000000493,0,1216,0.2370705969985251,5,45,"{""type"":""Point"",""coordinates"":[108.39692961876754,14.540847611920642]}",108.39692961876754,14.540847611920642,3744.4536301109356
00000000000000000216,0,1102,0.2330613100713159,6,45,"{""type"":""Point"",""coordinates"":[108.42819237625326,14.506352006171179]}",108.42819237625326,14.506352006171179,132.81138330972095
000000000000000003ac,0,879,0.230524705568872,6,45,"{""type"":""Point"",""coordinates"":[108.5324862907923,14.384542742694203]}",108.5324862907923,14.384542742694203,6.662350394144477
0000000000000000007c,0,959,0.7436813999870658,10,45,"{""type"":""Point"",""coordinates"":[108.46457418174832,14.412028641587646]}",108.46457418174832,14.412028641587646,127.85050792381917
0000000000000000002d,0,784,0.4137283588619586,11,45,"{""type"":""Point"",""coordinates"":[108.46268798200272,14.251144275579314]}",108.46268798200272,14.251144275579314,669.476310070954
0000000000000000010a,0,702,0.0601054501157806,11,45,"{""type"":""Point"",""coordinates"":[108.60282415080935,14.295877977347486]}",108.60282415080935,14.295877977347486,141.6011468766839
00000000000000000146,0,582,0.2854828886136791,11,45,"{""type"":""Point"",""coordinates"":[108.49071343212363,14.15142985782216]}",108.49071343212363,14.15142985782216,192.40493460007096
000000000000000001ee,0,668,0.6891537247776195,14,45,"{""type"":""Point"",""coordinates"":[108.53787734396592,14.128791001773816]}",108.53787734396592,14.128791001773816,1487.84085935699
0000000000000000041a,0,582,0.2154841576306408,15,45,"{""type"":""Point"",""coordinates"":[108.47804958513184,14.293991777601876]}",108.47804958513184,14.293991777601876,146.7640078298737
000000000000000005ba,0,556,0.5582635603497297,15,45,"{""type"":""Point"",""coordinates"":[108.52763478884617,14.163019061460068]}",108.52763478884617,14.163019061460068,398.33796047651055
00000000000000000201,0,647,0.3257978288855014,29,45,"{""type"":""Point"",""coordinates"":[108.48532683805107,14.298843279548027]}",108.48532683805107,14.298843279548027,573.6730105465072
0000000000000000031c,0,1009,0.3443700239925152,36,45,"{""type"":""Point"",""coordinates"":[108.44463308183731,14.440058550809605]}",108.44463308183731,14.440058550809605,1612.1155624588491
00000000000000000117,0,583,0.7572982726115153,9,47,"{""type"":""Point"",""coordinates"":[108.49745113381537,14.136068254693038]}",108.49745113381537,14.136068254693038,355.45199302598655
00000000000000000221,0,1012,0.344693254766674,22,47,"{""type"":""Point"",""coordinates"":[108.40879082756973,14.400711443113998]}",108.40879082756973,14.400711443113998,1042.0526805424577
0000000000000000064d,0,619,0.2862905357282341,27,47,"{""type"":""Point"",""coordinates"":[108.50688659164447,14.288333178365056]}",108.50688659164447,14.288333178365056,826.8744132431403
00000000000000000271,0,724,0.3980074349423769,4,49,"{""type"":""Point"",""coordinates"":[108.4715794295033,14.196975115982058]}",108.4715794295033,14.196975115982058,76.26152254879962
000000000000000003d9,0,889,0.2180462878484859,7,49,"{""type"":""Point"",""coordinates"":[108.48182198462307,14.341690781570591]}",108.48182198462307,14.341690781570591,24.00399495734249
000000000000000003c3,0,581,0.089370969692737,13,49,"{""type"":""Point"",""coordinates"":[108.55323894709505,14.082438646323247]}",108.55323894709505,14.082438646323247,203.1992564453244
000000000000000002c3,0,777,0.0510966894013383,16,49,"{""type"":""Point"",""coordinates"":[108.4696932297577,14.236857315804079]}",108.4696932297577,14.236857315804079,18.082878378861327
00000000000000000466,0,603,0.0416200890234137,3,51,"{""type"":""Point"",""coordinates"":[108.5190108874088,14.248178973378776]}",108.5190108874088,14.248178973378776,795.2681731572152
0000000000000000054b,0,658,0.337932508912233,5,51,"{""type"":""Point"",""coordinates"":[108.52736724278296,14.23955507194141]}",108.52736724278296,14.23955507194141,1319.4080132135489
00000000000000000115,0,499,0.4199685538911556,3,52,"{""type"":""Point"",""coordinates"":[108.5564717953588,14.188618760607898]}",108.5564717953588,14.188618760607898,507.0440892286651
00000000000000000606,0,876,0.1465012190764795,5,52,"{""type"":""Point"",""coordinates"":[108.54892699637637,14.440865648100278]}",108.54892699637637,14.440865648100278,53.229742099641236
000000000000000003df,0,612,0.3845715872342506,21,52,"{""type"":""Point"",""coordinates"":[108.50418883550714,14.245213671178234]}",108.50418883550714,14.245213671178234,623.7036201642412
0000000000000000030f,0,613,0.3487828654168764,30,52,"{""type"":""Point"",""coordinates"":[108.49017833999721,14.169484757987565]}",108.49017833999721,14.169484757987565,557.0698454636063
0000000000000000027d,0,672,0.439750285313189,1,54,"{""type"":""Point"",""coordinates"":[108.54084264616648,14.273778672526612]}",108.54084264616648,14.273778672526612,44.96145460889307
0000000000000000009b,0,718,0.0503734260034782,3,54,"{""type"":""Point"",""coordinates"":[108.52251574083681,14.274590228918335]}",108.52251574083681,14.274590228918335,29.298343820521524
00000000000000000008,0,526,0.3642911544218108,6,54,"{""type"":""Point"",""coordinates"":[108.5009559872434,14.255723772361202]}",108.5009559872434,14.255723772361202,211.13255974475194
000000000000000004a6,0,609,0.5421003758609244,11,54,"{""type"":""Point"",""coordinates"":[108.57048674996977,14.213950913692528]}",108.57048674996977,14.213950913692528,178.66421260015073
000000000000000001c5,0,571,0.1269936564556709,4,55,"{""type"":""Point"",""coordinates"":[108.52979299375602,14.1511578526579]}",108.52979299375602,14.1511578526579,871.4319379171413
00000000000000000042,0,517,0.3728755928346953,5,55,"{""type"":""Point"",""coordinates"":[108.52979299375603,14.198321764500196]}",108.52979299375603,14.198321764500196,710.6962477537164
000000000000000002b3,0,653,0.4305846133782289,1,56,"{""type"":""Point"",""coordinates"":[108.48020333094065,14.217995318348002]}",108.48020333094065,14.217995318348002,181.3562454738506
00000000000000000167,0,1003,0.7469234708448828,3,56,"{""type"":""Point"",""coordinates"":[108.43681627769064,14.455687700001933]}",108.43681627769064,14.455687700001933,2113.219863507632
000000000000000005e5,0,494,0.2087375570273514,4,56,"{""type"":""Point"",""coordinates"":[108.53599114422032,14.199940418182598]}",108.53599114422032,14.199940418182598,1152.7695792730779
00000000000000000269,0,1132,0.3515723356671381,7,56,"{""type"":""Point"",""coordinates"":[108.4389744826005,14.507431108626118]}",108.4389744826005,14.507431108626118,767.0901904194985
00000000000000000246,0,473,0.5057172638235554,8,56,"{""type"":""Point"",""coordinates"":[108.56806099899671,14.178648210652396]}",108.56806099899671,14.178648210652396,669.1141133620264
00000000000000000446,0,929,0.7303989431690716,6,58,"{""type"":""Point"",""coordinates"":[108.42091512333404,14.390740893158494]}",108.42091512333404,14.390740893158494,441.7738251689618
00000000000000000387,0,770,0.4807734530105142,10,58,"{""type"":""Point"",""coordinates"":[108.46403463052086,14.248446519441984]}",108.46403463052086,14.248446519441984,1001.3075427096894
0000000000000000056b,0,939,0.0235913350015513,20,58,"{""type"":""Point"",""coordinates"":[108.51038698597142,14.068423691712265]}",108.51038698597142,14.068423691712265,1782.6298881580028
000000000000000002c0,0,694,0.5606298582902881,29,58,"{""type"":""Point"",""coordinates"":[108.45487117785603,14.37106733931069]}",108.45487117785603,14.37106733931069,455.02275866686995
00000000000000000497,0,679,0.4908946072127391,5,59,"{""type"":""Point"",""coordinates"":[108.52359484329175,14.241169266522759]}",108.52359484329175,14.241169266522759,896.7443924915216
000000000000000000f0,0,569,0.2780893490105787,10,59,"{""type"":""Point"",""coordinates"":[108.52440194058241,14.138222000501855]}",108.52440194058241,14.138222000501855,350.6054017929732
00000000000000000050,0,776,0.4001723650814003,7,62,"{""type"":""Point"",""coordinates"":[108.59824465402748,14.346002732289275]}",108.59824465402748,14.346002732289275,1970.423959914793
0000000000000000044d,0,637,0.2598971652405413,8,71,"{""type"":""Point"",""coordinates"":[108.64055260482256,14.159781754095265]}",108.64055260482256,14.159781754095265,649.4994362276818
000000000000000005fb,0,725,0.7052309578547808,14,71,"{""type"":""Point"",""coordinates"":[108.41579607532469,14.216916215893066]}",108.41579607532469,14.216916215893066,2430.046432564982
00000000000000000212,0,798,0.3188984106324077,16,71,"{""type"":""Point"",""coordinates"":[108.33791341632521,14.423078293998085]}",108.33791341632521,14.423078293998085,992.0573957098795
0000000000000000044b,0,876,0.4382043107453329,19,71,"{""type"":""Point"",""coordinates"":[108.43789538014558,14.375111743966162]}",108.43789538014558,14.375111743966162,627.6955419937194
0000000000000000062e,0,610,0.1163059314940759,3,72,"{""type"":""Point"",""coordinates"":[108.47319808318571,14.149811204139759]}",108.47319808318571,14.149811204139759,32.753466633093225
000000000000000002bf,0,859,0.5587517540609831,7,72,"{""type"":""Point"",""coordinates"":[108.47211898073077,14.319323930686505]}",108.47211898073077,14.319323930686505,489.50783613673053
000000000000000002fa,0,1051,0.0184396670185653,9,72,"{""type"":""Point"",""coordinates"":[108.44058867718184,14.4268506934893]}",108.44058867718184,14.4268506934893,26.941405315934
00000000000000000508,0,631,0.5606751775866977,9,72,"{""type"":""Point"",""coordinates"":[108.50122353330661,14.061146438793044]}",108.50122353330661,14.061146438793044,1156.1189517466955
00000000000000000082,0,1156,0.0260026436910996,12,72,"{""type"":""Point"",""coordinates"":[108.42199422578898,14.515787464000272]}",108.42199422578898,14.515787464000272,944.1609397667265
000000000000000001ad,0,779,0.6322283051007086,15,72,"{""type"":""Point"",""coordinates"":[108.33440856289718,14.427662249881026]}",108.33440856289718,14.427662249881026,1621.5183876620936
0000000000000000049b,0,750,0.7090167172512307,16,72,"{""type"":""Point"",""coordinates"":[108.60632900423737,14.305308976075525]}",108.60632900423737,14.305308976075525,1305.1289729695663
000000000000000005a5,0,877,0.2158482154478047,19,72,"{""type"":""Point"",""coordinates"":[108.44975212984667,14.313125780222213]}",108.44975212984667,14.313125780222213,1090.0022511083803
0000000000000000055e,0,646,0.6515044688509221,21,72,"{""type"":""Point"",""coordinates"":[108.53275829595658,14.229312516821645]}",108.53275829595658,14.229312516821645,528.7687296835066
00000000000000000240,0,654,0.4285596344116594,26,72,"{""type"":""Point"",""coordinates"":[108.57345205217032,14.243055466268366]}",108.57345205217032,14.243055466268366,216.43464762902624
00000000000000000089,0,817,0.0957890589478063,7,74,"{""type"":""Point"",""coordinates"":[108.33117571463345,14.394780838712915]}",108.33117571463345,14.394780838712915,139.94079946821824
0000000000000000033e,0,739,0.5169145690994308,8,74,"{""type"":""Point"",""coordinates"":[108.41148412460602,14.209910968138102]}",108.41148412460602,14.209910968138102,3226.40438383989
00000000000000000356,0,567,0.2222418787053856,9,74,"{""type"":""Point"",""coordinates"":[108.53006053981923,14.181613512852936]}",108.53006053981923,14.181613512852936,231.22259099815483
0000000000000000050b,0,573,0.3221538371900546,9,74,"{""type"":""Point"",""coordinates"":[108.55215984464012,14.145231707357869]}",108.55215984464012,14.145231707357869,704.0348525176261
00000000000000000097,0,829,0.0368840786489861,19,74,"{""type"":""Point"",""coordinates"":[108.44032113111865,14.244406573887561]}",108.44032113111865,14.244406573887561,754.0599485366422
000000000000000003fb,0,969,0.0615534797885343,27,74,"{""type"":""Point"",""coordinates"":[108.32201226196862,14.432513751827175]}",108.32201226196862,14.432513751827175,2381.764766396908
00000000000000000129,0,941,0.5904143725951637,31,74,"{""type"":""Point"",""coordinates"":[108.40043447219557,14.244406573887561]}",108.40043447219557,14.244406573887561,4327.304434318307
0000000000000000057f,0,834,0.2533683336036858,8,75,"{""type"":""Point"",""coordinates"":[108.3319828119241,14.367022934655212]}",108.3319828119241,14.367022934655212,0.8174956962458688
0000000000000000012b,0,904,0.7751069997266254,9,75,"{""type"":""Point"",""coordinates"":[108.49367873432418,14.35301243914529]}",108.49367873432418,14.35301243914529,102.6102304347321
00000000000000000448,0,1259,0.3888168596959699,10,75,"{""type"":""Point"",""coordinates"":[108.38911727372192,14.592591020544827]}",108.38911727372192,14.592591020544827,6736.9739889430275
00000000000000000624,0,628,0.6011670932205124,11,75,"{""type"":""Point"",""coordinates"":[108.49583693923404,14.198861315727664]}",108.49583693923404,14.198861315727664,390.5753365582938
00000000000000000021,0,1132,0.2716565038977587,12,75,"{""type"":""Point"",""coordinates"":[108.43924202866371,14.513361713027205]}",108.43924202866371,14.513361713027205,156.75490109766187
000000000000000000ce,0,1114,0.3971298026543175,10,76,"{""type"":""Point"",""coordinates"":[108.41417742164228,14.509049762308523]}",108.41417742164228,14.509049762308523,735.4968360056121
000000000000000003bb,0,743,0.2935988631266715,10,76,"{""type"":""Point"",""coordinates"":[108.41148412460602,14.238208423423274]}",108.41148412460602,14.238208423423274,2952.053783630623
00000000000000000217,0,900,0.3401711335851302,11,76,"{""type"":""Point"",""coordinates"":[108.53518404692966,14.431974200599708]}",108.53518404692966,14.431974200599708,807.5067836661992
000000000000000005e0,0,640,0.5845063677101733,12,76,"{""type"":""Point"",""coordinates"":[108.62680965537587,14.146038804648542]}",108.62680965537587,14.146038804648542,538.5824071948766
000000000000000001e0,0,650,0.394965819167412,15,76,"{""type"":""Point"",""coordinates"":[108.59312114691707,14.227426317076038]}",108.59312114691707,14.227426317076038,110.54093359188623
0000000000000000052d,0,855,0.3985252334988676,16,76,"{""type"":""Point"",""coordinates"":[108.49799068504285,14.098339800679835]}",108.49799068504285,14.098339800679835,4239.994217064071
00000000000000000262,0,749,0.0331614812137075,17,76,"{""type"":""Point"",""coordinates"":[108.48478728682359,14.141726853929864]}",108.48478728682359,14.141726853929864,740.0903512035065
000000000000000003f4,0,645,0.793936488597052,17,76,"{""type"":""Point"",""coordinates"":[108.56374904827801,14.135528703465573]}",108.56374904827801,14.135528703465573,591.8714055713982
000000000000000005f9,0,693,0.6621259111830818,17,76,"{""type"":""Point"",""coordinates"":[108.47454473170384,14.219074420802936]}",108.47454473170384,14.219074420802936,1453.4568593723423
000000000000000002ca,0,542,0.2739904135289509,21,76,"{""type"":""Point"",""coordinates"":[108.54919454243958,14.1527765063403]}",108.54919454243958,14.1527765063403,656.4109128170896
00000000000000000017,0,782,0.5070866319762681,22,76,"{""type"":""Point"",""coordinates"":[108.53410494447472,14.12690480202821]}",108.53410494447472,14.12690480202821,1671.6509882456046
00000000000000000022,0,1172,0.0267916806619177,23,76,"{""type"":""Point"",""coordinates"":[108.41444942680654,14.514975907608552]}",108.41444942680654,14.514975907608552,1273.504105481445
000000000000000003e7,0,870,0.0826011530894541,25,76,"{""type"":""Point"",""coordinates"":[108.35327501945432,14.479133653340948]}",108.35327501945432,14.479133653340948,3896.678052123926
00000000000000000395,0,948,0.4870262483143402,27,76,"{""type"":""Point"",""coordinates"":[108.31796785731314,14.382924089011802]}",108.31796785731314,14.382924089011802,1251.557316846098
000000000000000001b6,0,1174,0.0247575175674995,31,76,"{""type"":""Point"",""coordinates"":[108.31770031124992,14.35381953643596]}",108.31770031124992,14.35381953643596,1222.3034562550104
000000000000000004d7,0,759,0.4823774853206957,32,76,"{""type"":""Point"",""coordinates"":[108.49287163703349,14.134449601010637]}",108.49287163703349,14.134449601010637,881.9095584374172
000000000000000005e6,0,992,0.103011487883072,36,76,"{""type"":""Point"",""coordinates"":[108.34949816086204,14.458653002202476]}",108.34949816086204,14.458653002202476,3007.3055015345626
00000000000000000489,0,883,0.1171408623347941,3,78,"{""type"":""Point"",""coordinates"":[108.33575521141533,14.341962786734848]}",108.33575521141533,14.341962786734848,393.3587739578699
0000000000000000060d,0,669,0.2630830325360607,5,78,"{""type"":""Point"",""coordinates"":[108.59016030381758,14.25195137286999]}",108.59016030381758,14.25195137286999,13.131553153622443
00000000000000000350,0,876,0.7678249486845967,6,78,"{""type"":""Point"",""coordinates"":[108.32794286636971,14.331720231615085]}",108.32794286636971,14.331720231615085,190.45025748987342
000000000000000000ca,0,877,0.2572520697645538,8,78,"{""type"":""Point"",""coordinates"":[108.59985884860883,14.406642047515081]}",108.59985884860883,14.406642047515081,2001.3034048060856
000000000000000004ea,0,1009,0.1420772499890469,15,78,"{""type"":""Point"",""coordinates"":[108.3263242126873,14.295070880056812]}",108.3263242126873,14.295070880056812,3622.3200095950465
00000000000000000305,0,687,0.5936674880063413,18,78,"{""type"":""Point"",""coordinates"":[108.42576662528019,14.248178973378776]}",108.42576662528019,14.248178973378776,2350.1664799242367
00000000000000000304,0,570,0.1970410452384438,22,78,"{""type"":""Point"",""coordinates"":[108.5486549912121,14.176762010906788]}",108.5486549912121,14.176762010906788,616.3857250621968
00000000000000000610,0,630,0.5188060015889389,22,78,"{""type"":""Point"",""coordinates"":[108.44840548132855,14.282135027900768]}",108.44840548132855,14.282135027900768,489.86908488075454
000000000000000005bc,0,1008,0.3266557548519375,23,78,"{""type"":""Point"",""coordinates"":[108.35677541378126,14.471321308295314]}",108.35677541378126,14.471321308295314,4042.938618352098
000000000000000005fc,0,748,0.0690305649137329,24,78,"{""type"":""Point"",""coordinates"":[108.44166777963679,14.24602076846891]}",108.44166777963679,14.24602076846891,810.5226113369824
000000000000000000c1,0,788,0.2854219977721023,26,78,"{""type"":""Point"",""coordinates"":[108.33683431387026,14.45299440296565]}",108.33683431387026,14.45299440296565,3477.2774032071247
0000000000000000026b,0,592,0.4609435266824387,32,78,"{""type"":""Point"",""coordinates"":[108.47023278098516,14.299110825611235]}",108.47023278098516,14.299110825611235,195.71104267478754
000000000000000005c7,0,870,0.482611283566615,35,78,"{""type"":""Point"",""coordinates"":[108.48909923754229,14.138222000501855]}",108.48909923754229,14.138222000501855,1132.2677884726243
0000000000000000063a,0,867,0.1105291933325585,4,79,"{""type"":""Point"",""coordinates"":[108.55000609883129,14.407449144805756]}",108.55000609883129,14.407449144805756,28.94802185705959
0000000000000000032f,0,876,0.2739683230941575,5,79,"{""type"":""Point"",""coordinates"":[108.54622924023903,14.438439897127205]}",108.54622924023903,14.438439897127205,23.42896613188746
0000000000000000019d,0,641,0.0328121560669668,19,79,"{""type"":""Point"",""coordinates"":[108.54191728952034,14.116394700845238]}",108.54191728952034,14.116394700845238,771.7172805094832
00000000000000000147,0,688,0.658350888845997,6,81,"{""type"":""Point"",""coordinates"":[108.54650124540329,14.27701597989141]}",108.54650124540329,14.27701597989141,69.68523600079243
00000000000000000476,0,834,0.1598908422350724,13,81,"{""type"":""Point"",""coordinates"":[108.46457418174832,14.137686908375441]}",108.46457418174832,14.137686908375441,1527.4089522322977
0000000000000000002f,0,568,0.4661294230087359,14,81,"{""type"":""Point"",""coordinates"":[108.56778899383244,14.128791001773816]}",108.56778899383244,14.128791001773816,1203.3495427392202
000000000000000000bc,0,782,0.7312257301748192,14,81,"{""type"":""Point"",""coordinates"":[108.3360272165796,14.424429401617274]}",108.3360272165796,14.424429401617274,991.2469366385507
000000000000000001f6,0,998,0.4477247403237809,22,81,"{""type"":""Point"",""coordinates"":[108.33360146560652,14.320670579204643]}",108.33360146560652,14.320670579204643,838.4155926229347
00000000000000000404,0,856,0.3950772394738198,39,81,"{""type"":""Point"",""coordinates"":[108.44813347616429,14.316630633650224]}",108.44813347616429,14.316630633650224,1136.8985312733328
000000000000000003f5,0,666,0.5514470224319441,2,82,"{""type"":""Point"",""coordinates"":[108.59123494717146,14.262461474052962]}",108.59123494717146,14.262461474052962,430.25247749196035
000000000000000004e0,0,615,0.3317934534513799,3,82,"{""type"":""Point"",""coordinates"":[108.56886809628737,14.145499253421079]}",108.56886809628737,14.145499253421079,860.9989812368059
00000000000000000449,0,491,0.6412562283215276,5,82,"{""type"":""Point"",""coordinates"":[108.57210094455114,14.150350755367226]}",108.57210094455114,14.150350755367226,206.92910989595043
0000000000000000040c,0,638,0.2767036880352833,6,82,"{""type"":""Point"",""coordinates"":[108.58450170458076,14.2441345687233]}",108.58450170458076,14.2441345687233,118.07647225388416
00000000000000000184,0,633,0.327444924139047,8,82,"{""type"":""Point"",""coordinates"":[108.57857110017969,14.214490464919994]}",108.57857110017969,14.214490464919994,113.98929177476059
0000000000000000049f,0,518,0.7403779213165848,9,82,"{""type"":""Point"",""coordinates"":[108.68259746865552,14.137954454438647]}",108.68259746865552,14.137954454438647,1437.3520133679356
000000000000000001f2,0,720,0.7885732605110253,10,82,"{""type"":""Point"",""coordinates"":[108.60444280449178,14.277283525954617]}",108.60444280449178,14.277283525954617,23.71226194635391
000000000000000004fd,0,755,0.3091595224433092,10,82,"{""type"":""Point"",""coordinates"":[108.4748167368681,14.184039263826012]}",108.4748167368681,14.184039263826012,560.3772373897707
00000000000000000564,0,610,0.3680352897264003,10,82,"{""type"":""Point"",""coordinates"":[108.59312114691707,14.183227707434284]}",108.59312114691707,14.183227707434284,543.6494463713519
000000000000000005a0,0,1110,0.1558690441859398,12,82,"{""type"":""Point"",""coordinates"":[108.43439052671755,14.518480761036555]}",108.43439052671755,14.518480761036555,245.43204524719553
000000000000000003b5,0,813,0.2809158947696388,16,82,"{""type"":""Point"",""coordinates"":[108.44840548132855,14.163286607523272]}",108.44840548132855,14.163286607523272,620.9205004076334
0000000000000000042a,0,1008,0.1349889843566315,16,82,"{""type"":""Point"",""coordinates"":[108.32686376391476,14.289412280819992]}",108.32686376391476,14.289412280819992,4239.762581088626
0000000000000000046c,0,655,0.6278929272768964,21,82,"{""type"":""Point"",""coordinates"":[108.54919454243957,14.138222000501855]}",108.54919454243957,14.138222000501855,437.81484067050445
00000000000000000176,0,774,0.1480914028046805,24,82,"{""type"":""Point"",""coordinates"":[108.4117516706692,14.197782213272728]}",108.4117516706692,14.197782213272728,4077.865837624065
000000000000000003a6,0,698,0.471031470342484,24,82,"{""type"":""Point"",""coordinates"":[108.48155443855985,14.227698322240299]}",108.48155443855985,14.227698322240299,330.19860883063836
00000000000000000532,0,819,0.1094930201069369,25,82,"{""type"":""Point"",""coordinates"":[108.34383956162523,14.459999650720613]}",108.34383956162523,14.459999650720613,3470.333226362591
00000000000000000475,0,939,0.4444024967326787,30,82,"{""type"":""Point"",""coordinates"":[108.46942568369447,14.220688615384278]}",108.46942568369447,14.220688615384278,1132.8690411739265
000000000000000002ac,0,871,0.0561973679228379,9,83,"{""type"":""Point"",""coordinates"":[108.33360146560652,14.376997943711773]}",108.33360146560652,14.376997943711773,226.04403368913543
000000000000000004fe,0,881,0.0444961753927312,10,83,"{""type"":""Point"",""coordinates"":[108.51200563965384,14.350586688172218]}",108.51200563965384,14.350586688172218,2122.672283440631
00000000000000000133,0,632,0.7451234856358074,16,83,"{""type"":""Point"",""coordinates"":[108.6065965503006,14.206138568646887]}",108.6065965503006,14.206138568646887,45.69644261675683
000000000000000003c5,0,798,0.5408264741201975,19,83,"{""type"":""Point"",""coordinates"":[108.40717217388732,14.215837113438129]}",108.40717217388732,14.215837113438129,3334.093326145026
00000000000000000556,0,893,0.536977592633041,21,83,"{""type"":""Point"",""coordinates"":[108.48047533610492,14.12070665156392]}",108.48047533610492,14.12070665156392,2828.1874147505673
00000000000000000534,0,925,0.6086406537779464,36,83,"{""type"":""Point"",""coordinates"":[108.33063616340597,14.426043596198625]}",108.33063616340597,14.426043596198625,1285.4235555683297
00000000000000000311,0,747,0.6684447091444872,3,85,"{""type"":""Point"",""coordinates"":[108.51955043863626,14.285635422227719]}",108.51955043863626,14.285635422227719,387.8489526194368
00000000000000000522,0,694,0.7346433508784673,4,85,"{""type"":""Point"",""coordinates"":[108.56051620001428,14.224193468812286]}",108.56051620001428,14.224193468812286,431.9743146684679
00000000000000000102,0,817,0.7345062405633103,5,85,"{""type"":""Point"",""coordinates"":[108.50176308453406,14.094295396024357]}",108.50176308453406,14.094295396024357,3667.4750434904527
000000000000000003d6,0,838,0.7691718927906632,5,85,"{""type"":""Point"",""coordinates"":[108.57156585242471,14.380770343202984]}",108.57156585242471,14.380770343202984,957.7797630100429
00000000000000000290,0,987,0.3441093070185779,8,85,"{""type"":""Point"",""coordinates"":[108.45379653450215,14.45002910076511]}",108.45379653450215,14.45002910076511,1463.8985819545724
000000000000000002af,0,1130,0.0527291103981646,9,85,"{""type"":""Point"",""coordinates"":[108.38641951758459,14.489376208460714]}",108.38641951758459,14.489376208460714,472.431736336015
00000000000000000392,0,842,0.5175476201847862,10,85,"{""type"":""Point"",""coordinates"":[108.59042784988078,14.386968493667277]}",108.59042784988078,14.386968493667277,2576.181252849099
000000000000000004ad,0,753,0.1852877761012445,10,85,"{""type"":""Point"",""coordinates"":[108.502842186989,14.212336719111175]}",108.502842186989,14.212336719111175,106.2316919537656
000000000000000005c4,0,639,0.3223012494266787,15,85,"{""type"":""Point"",""coordinates"":[108.5287138913011,14.1331029524925]}",108.5287138913011,14.1331029524925,937.6164344487752
00000000000000000401,0,903,0.4445018709108181,16,85,"{""type"":""Point"",""coordinates"":[108.41633562655215,14.387775590957952]}",108.41633562655215,14.387775590957952,970.970987291853
0000000000000000016b,0,808,0.341802257812287,17,85,"{""type"":""Point"",""coordinates"":[108.50526793796209,14.067349048358386]}",108.50526793796209,14.067349048358386,1812.2288331969266
00000000000000000547,0,870,0.6278624686762666,18,85,"{""type"":""Point"",""coordinates"":[108.47346562924889,14.237936418259011]}",108.47346562924889,14.237936418259011,441.32408003834126
00000000000000000420,0,742,0.4335472370344742,19,85,"{""type"":""Point"",""coordinates"":[108.45460363179284,14.25249092409746]}",108.45460363179284,14.25249092409746,82.81477451551416
00000000000000000413,0,590,0.4954146678852086,20,85,"{""type"":""Point"",""coordinates"":[108.53625869028352,14.139840654184255]}",108.53625869028352,14.139840654184255,447.3669478230249
00000000000000000397,0,1363,0.6419546558971186,25,85,"{""type"":""Point"",""coordinates"":[108.38669152274883,14.203173266446344]}",108.38669152274883,14.203173266446344,5924.52014462385
00000000000000000411,0,831,0.244931866923824,25,85,"{""type"":""Point"",""coordinates"":[108.42253377701644,14.254644669906272]}",108.42253377701644,14.254644669906272,2104.496542575333
00000000000000000189,0,887,0.0191646235183907,32,85,"{""type"":""Point"",""coordinates"":[108.45675737760163,14.134721606174898]}",108.45675737760163,14.134721606174898,2191.1134908595745
0000000000000000038b,0,923,0.5400224627805412,34,85,"{""type"":""Point"",""coordinates"":[108.47131188344008,14.141187302702395]}",108.47131188344008,14.141187302702395,999.9629461366898
00000000000000000450,0,850,0.1897996167526973,36,85,"{""type"":""Point"",""coordinates"":[108.51362429333624,14.101305102880374]}",108.51362429333624,14.101305102880374,2392.884321754277
0000000000000000029e,0,576,0.5269631704052691,39,85,"{""type"":""Point"",""coordinates"":[108.53033254498351,14.228772965594178]}",108.53033254498351,14.228772965594178,193.34324498113256
000000000000000004d5,0,1470,0.638133004031866,39,85,"{""type"":""Point"",""coordinates"":[108.36297356424558,14.379958786811263]}",108.36297356424558,14.379958786811263,3136.7959251594157
00000000000000000157,0,1457,0.5565884146212189,41,85,"{""type"":""Point"",""coordinates"":[108.31284880930377,14.309353380730998]}",108.31284880930377,14.309353380730998,2693.6725592413814
00000000000000000372,0,730,0.4850334609684293,5,86,"{""type"":""Point"",""coordinates"":[108.61118050618353,14.223386371521617]}",108.61118050618353,14.223386371521617,530.8408646866553
00000000000000000495,0,892,0.5023786420428827,6,86,"{""type"":""Point"",""coordinates"":[108.41714272384283,14.385621845149142]}",108.41714272384283,14.385621845149142,986.8695288938868
000000000000000000e8,0,936,0.2715667631627961,7,86,"{""type"":""Point"",""coordinates"":[108.42576662528019,14.326868729668934]}",108.42576662528019,14.326868729668934,3608.8898671056163
000000000000000004c5,0,1106,0.0266539921930758,9,86,"{""type"":""Point"",""coordinates"":[108.42495952798951,14.501232958161832]}",108.42495952798951,14.501232958161832,564.9995026407196
00000000000000000635,0,656,0.4330685750076534,9,86,"{""type"":""Point"",""coordinates"":[108.4847872868236,14.19347026255405]}",108.4847872868236,14.19347026255405,107.33650278043949
000000000000000004bd,0,815,0.0317221500202031,10,86,"{""type"":""Point"",""coordinates"":[108.50068844118019,14.353279985208497]}",108.50068844118019,14.353279985208497,1097.4343865668684
00000000000000000248,0,669,0.4132753039465967,11,86,"{""type"":""Point"",""coordinates"":[108.58827410407197,14.216376664665601]}",108.58827410407197,14.216376664665601,612.6389341010524
000000000000000003da,0,777,0.3797941539352157,11,86,"{""type"":""Point"",""coordinates"":[108.48909923754229,14.181073961625467]}",108.48909923754229,14.181073961625467,211.47827545979084
00000000000000000444,0,1149,0.4575164650567315,12,86,"{""type"":""Point"",""coordinates"":[108.42361287947139,14.516327015227745]}",108.42361287947139,14.516327015227745,781.9580397321539
00000000000000000643,0,671,0.7718629234478788,15,86,"{""type"":""Point"",""coordinates"":[108.49475783677912,14.049022143028724]}",108.49475783677912,14.049022143028724,956.2002820297386
00000000000000000038,0,1001,0.5447097766613128,16,86,"{""type"":""Point"",""coordinates"":[108.4893667836055,14.10669169695294]}",108.4893667836055,14.10669169695294,3405.981050605305
00000000000000000287,0,847,0.0075274081279064,21,86,"{""type"":""Point"",""coordinates"":[108.41202367583347,14.252218918933197]}",108.41202367583347,14.252218918933197,3223.3567755559875
00000000000000000200,0,985,0.6192679227694017,23,86,"{""type"":""Point"",""coordinates"":[108.35057726331699,14.457845904911801]}",108.35057726331699,14.457845904911801,2872.22843423688
000000000000000004b9,0,898,0.2346437410868568,23,86,"{""type"":""Point"",""coordinates"":[108.4748167368681,14.241441271687018]}",108.4748167368681,14.241441271687018,760.114322371086
00000000000000000296,0,865,0.101499130272203,38,86,"{""type"":""Point"",""coordinates"":[108.42603863044447,14.254377123843067]}",108.42603863044447,14.254377123843067,1821.8624619282602
0000000000000000044f,0,775,0.7964129359925403,1,87,"{""type"":""Point"",""coordinates"":[108.61172005741099,14.4839851552871]}",108.61172005741099,14.4839851552871,7329.874694045442
00000000000000000191,0,898,0.4145043506292056,6,87,"{""type"":""Point"",""coordinates"":[108.53545159299286,14.476979907532137]}",108.53545159299286,14.476979907532137,1924.7434956269528
000000000000000003f2,0,582,0.6185211453064203,7,87,"{""type"":""Point"",""coordinates"":[108.59285360085386,14.182153064080405]}",108.59285360085386,14.182153064080405,503.09325497462555
000000000000000004c9,0,901,0.0541820909407781,7,87,"{""type"":""Point"",""coordinates"":[108.51577803914505,14.35570573618157]}",108.51577803914505,14.35570573618157,1852.2543349380196
0000000000000000019a,0,1049,0.1797579201954151,8,87,"{""type"":""Point"",""coordinates"":[108.40932591969613,14.4268506934893]}",108.40932591969613,14.4268506934893,280.5078607394521
000000000000000002c8,0,684,0.4545655552583698,9,87,"{""type"":""Point"",""coordinates"":[108.48748058385989,14.143345507612262]}",108.48748058385989,14.143345507612262,541.8641153751681
0000000000000000004b,0,649,0.2007762555978427,11,87,"{""type"":""Point"",""coordinates"":[108.540303094939,14.224733020039757]}",108.540303094939,14.224733020039757,636.594682726162
000000000000000003ba,0,922,0.3998716866809013,11,87,"{""type"":""Point"",""coordinates"":[108.40636507659666,14.204519914964486]}",108.40636507659666,14.204519914964486,4025.1505112082623
00000000000000000370,0,689,0.6547685274784026,14,87,"{""type"":""Point"",""coordinates"":[108.44948458378346,14.275125321044747]}",108.44948458378346,14.275125321044747,873.0474663107104
0000000000000000020c,0,682,0.2564969679288015,15,87,"{""type"":""Point"",""coordinates"":[108.46619283543073,14.147925004394153]}",108.46619283543073,14.147925004394153,417.0002588742241
000000000000000005d3,0,975,0.6581187082486466,16,87,"{""type"":""Point"",""coordinates"":[108.445440179128,14.391280444385961]}",108.445440179128,14.391280444385961,20.851096402851233
00000000000000000250,0,919,0.3486314899852922,18,87,"{""type"":""Point"",""coordinates"":[108.48855968631483,14.1331029524925]}",108.48855968631483,14.1331029524925,1370.9646235791054
00000000000000000015,0,572,0.1879639884138132,19,87,"{""type"":""Point"",""coordinates"":[108.51901088740881,14.175143357224385]}",108.51901088740881,14.175143357224385,933.2698775947515
000000000000000004d1,0,1046,0.5005937280914576,20,87,"{""type"":""Point"",""coordinates"":[108.4052859741417,14.4023300967964]}",108.4052859741417,14.4023300967964,1096.6804601359427
0000000000000000002a,0,1074,0.6396315882622261,22,87,"{""type"":""Point"",""coordinates"":[108.47724248784118,14.120706651563916]}",108.47724248784118,14.120706651563916,3112.9570783684826
00000000000000000390,0,764,0.124873112450234,22,87,"{""type"":""Point"",""coordinates"":[108.43519762400824,14.254377123843067]}",108.43519762400824,14.254377123843067,1260.7133634276952
00000000000000000170,0,894,0.778211024101548,23,87,"{""type"":""Point"",""coordinates"":[108.41902892358843,14.18727211208976]}",108.41902892358843,14.18727211208976,3842.634177200667
000000000000000002f4,0,1167,0.4434138596827576,30,87,"{""type"":""Point"",""coordinates"":[108.32363091565102,14.288061173200797]}",108.32363091565102,14.288061173200797,4432.362838841274
00000000000000000274,0,1155,0.4492707487782525,36,87,"{""type"":""Point"",""coordinates"":[108.37159746568292,14.190776965517767]}",108.37159746568292,14.190776965517767,8008.675249563046
000000000000000005e2,0,868,0.3935485873495395,47,87,"{""type"":""Point"",""coordinates"":[108.50769368893515,14.300189928066168]}",108.50769368893515,14.300189928066168,1449.305455314759
000000000000000004fa,0,667,0.3787046434211408,0,89,"{""type"":""Point"",""coordinates"":[108.63381490313083,14.145771258585338]}",108.63381490313083,14.145771258585338,963.2047700696394
000000000000000004bf,0,705,0.4891364074807044,1,89,"{""type"":""Point"",""coordinates"":[108.56778899383244,14.242248368977695]}",108.56778899383244,14.242248368977695,740.6103274771178
0000000000000000020f,0,660,0.3861377176012301,3,89,"{""type"":""Point"",""coordinates"":[108.66265190964344,14.154395160022702]}",108.66265190964344,14.154395160022702,449.5256621740926
00000000000000000478,0,674,0.4349593024130349,3,89,"{""type"":""Point"",""coordinates"":[108.66507766061652,14.155469803376581]}",108.66507766061652,14.155469803376581,289.21600751398285
000000000000000005da,0,1103,0.1934728899392302,3,89,"{""type"":""Point"",""coordinates"":[108.39639452664113,14.450296646828315]}",108.39639452664113,14.450296646828315,1405.132852550942
00000000000000000642,0,743,0.32224805724768,3,89,"{""type"":""Point"",""coordinates"":[108.59689800550935,14.291566026628804]}",108.59689800550935,14.291566026628804,58.078638454583206
00000000000000000043,0,1052,0.7268817463791596,4,89,"{""type"":""Point"",""coordinates"":[108.42522707405271,14.455420153938721]}",108.42522707405271,14.455420153938721,1182.48630104905
00000000000000000073,0,961,0.7470986551965079,4,89,"{""type"":""Point"",""coordinates"":[108.52197618960933,14.372953539056294]}",108.52197618960933,14.372953539056294,54.36626762435121
00000000000000000014,0,828,0.1991934351022487,5,89,"{""type"":""Point"",""coordinates"":[108.48344063830547,14.281863022736504]}",108.48344063830547,14.281863022736504,1634.1045935421303
000000000000000000d0,0,659,0.3729995536939187,5,89,"{""type"":""Point"",""coordinates"":[108.6615728071885,14.155741808540842]}",108.6615728071885,14.155741808540842,615.015255926352
00000000000000000366,0,691,0.1693720538503391,5,89,"{""type"":""Point"",""coordinates"":[108.51335228817199,14.201826617928205]}",108.51335228817199,14.201826617928205,49.2944675739469
00000000000000000599,0,641,0.0742344432567038,5,89,"{""type"":""Point"",""coordinates"":[108.50823324016262,14.181341507688677]}",108.50823324016262,14.181341507688677,865.0661811330122
00000000000000000622,0,833,0.6088646180763421,5,89,"{""type"":""Point"",""coordinates"":[108.61926485639341,14.382924089011805]}",108.61926485639341,14.382924089011805,189.97133765238445
0000000000000000018b,0,1174,0.1247580985204479,6,89,"{""type"":""Point"",""coordinates"":[108.39477587295875,14.481559404314025]}",108.39477587295875,14.481559404314025,800.3048919036873
000000000000000004c2,0,666,0.4430223655681893,6,89,"{""type"":""Point"",""coordinates"":[108.60498235571924,14.222574815129887]}",108.60498235571924,14.222574815129887,116.81912681693322
00000000000000000558,0,1190,0.3960091881903486,6,89,"{""type"":""Point"",""coordinates"":[108.38480532300325,14.511475513281594]}",108.38480532300325,14.511475513281594,456.6172311195064
000000000000000000dc,0,768,0.7947344945233902,7,89,"{""type"":""Point"",""coordinates"":[108.4470588328104,14.247367416987048]}",108.4470588328104,14.247367416987048,441.71672055956947
000000000000000002a6,0,664,0.4862985347870689,7,89,"{""type"":""Point"",""coordinates"":[108.50176308453406,14.316898179713432]}",108.50176308453406,14.316898179713432,1813.4733900748408
000000000000000003ca,0,934,0.4075917417958626,7,89,"{""type"":""Point"",""coordinates"":[108.59501180576373,14.440326096872809]}",108.59501180576373,14.440326096872809,3089.5613150843897
000000000000000004c6,0,657,0.2435051070537158,7,89,"{""type"":""Point"",""coordinates"":[108.5993237564824,14.234164018767792]}",108.5993237564824,14.234164018767792,223.20959785612465
00000000000000000469,0,685,0.3644305489546007,8,89,"{""type"":""Point"",""coordinates"":[108.57452669552421,14.234164018767796]}",108.57452669552421,14.234164018767796,1629.4469092164281
000000000000000004bb,0,682,0.7242805122254456,8,89,"{""type"":""Point"",""coordinates"":[108.45891558251151,14.147385453166684]}",108.45891558251151,14.147385453166684,865.0104448726432
000000000000000001d4,0,667,0.4887528302454272,9,89,"{""type"":""Point"",""coordinates"":[108.54084264616648,14.16975676315182]}",108.54084264616648,14.16975676315182,494.056811812318
0000000000000000022c,0,794,0.4836548003632069,9,89,"{""type"":""Point"",""coordinates"":[108.4866734865692,14.25949617185242]}",108.4866734865692,14.25949617185242,871.8331726067169
00000000000000000341,0,1077,0.3057090697354733,9,89,"{""type"":""Point"",""coordinates"":[108.45918312857471,14.515515458836015]}",108.45918312857471,14.515515458836015,931.3742276081987
00000000000000000501,0,847,0.6704034589339137,9,89,"{""type"":""Point"",""coordinates"":[108.49179253457856,14.17918776187986]}",108.49179253457856,14.17918776187986,541.0939300923384
0000000000000000059f,0,1138,0.309482542053368,9,89,"{""type"":""Point"",""coordinates"":[108.3799538210571,14.433588395181054]}",108.3799538210571,14.433588395181054,61.48601812993447
000000000000000000b4,0,1001,0.1195633987856682,10,89,"{""type"":""Point"",""coordinates"":[108.42172667972578,14.394245746586504]}",108.42172667972578,14.394245746586504,567.2780309517173
0000000000000000014b,0,993,0.0461145220913824,10,89,"{""type"":""Point"",""coordinates"":[108.30988350710325,14.384542742694206]}",108.30988350710325,14.384542742694206,2081.8983819841665
00000000000000000436,0,1123,0.009782967025429,10,89,"{""type"":""Point"",""coordinates"":[108.41687517777962,14.488029559942579]}",108.41687517777962,14.488029559942579,1131.9024138711206
00000000000000000464,0,656,0.0617128242508721,10,89,"{""type"":""Point"",""coordinates"":[108.45675737760165,14.366755388592013]}",108.45675737760165,14.366755388592013,749.8856297397276
000000000000000004f7,0,744,0.3372786415507433,10,89,"{""type"":""Point"",""coordinates"":[108.53033254498351,14.253837572615598]}",108.53033254498351,14.253837572615598,2115.346723845357
00000000000000000515,0,821,0.5188698907132622,10,89,"{""type"":""Point"",""coordinates"":[108.6173786566478,14.322017227722784]}",108.6173786566478,14.322017227722784,2982.1705669163916
000000000000000005eb,0,666,0.6345051164686418,10,89,"{""type"":""Point"",""coordinates"":[108.54865499121212,14.223653917584823]}",108.54865499121212,14.223653917584823,181.2499380936541
00000000000000000254,0,654,0.4631675991774074,11,89,"{""type"":""Point"",""coordinates"":[108.5025746409258,14.178380664589184]}",108.5025746409258,14.178380664589184,2179.3967314790275
00000000000000000286,0,886,0.5843549685722155,11,89,"{""type"":""Point"",""coordinates"":[108.44867302739175,14.314744433904615]}",108.44867302739175,14.314744433904615,1146.9078938792136
000000000000000005d5,0,992,0.6521999056106212,11,89,"{""type"":""Point"",""coordinates"":[108.45055922713735,14.138761551729322]}",108.45055922713735,14.138761551729322,2168.9946236611186
00000000000000000563,0,672,0.7256969910582803,12,89,"{""type"":""Point"",""coordinates"":[108.62519100169347,14.247906968214519]}",108.62519100169347,14.247906968214519,1475.5465273457921
00000000000000000068,0,655,0.7096999178437468,13,89,"{""type"":""Point"",""coordinates"":[108.50149553847086,14.121513748854593]}",108.50149553847086,14.121513748854593,1463.899353694563
0000000000000000006d,0,1263,0.4657005168312227,13,89,"{""type"":""Point"",""coordinates"":[108.40312776923186,14.5850462215624]}",108.40312776923186,14.5850462215624,5037.5608051621
0000000000000000006f,0,661,0.6166945779046219,13,89,"{""type"":""Point"",""coordinates"":[108.48748058385989,14.203440812509553]}",108.48748058385989,14.203440812509553,88.19859105271678
00000000000000000076,0,689,0.1324635115882066,13,89,"{""type"":""Point"",""coordinates"":[108.47912868758678,14.081359543868313]}",108.47912868758678,14.081359543868313,4296.66064190182
0000000000000000016e,0,689,0.2999843598491558,14,89,"{""type"":""Point"",""coordinates"":[108.49637649046151,14.225807663393638]}",108.49637649046151,14.225807663393638,1733.506662980916
00000000000000000253,0,904,0.3138578759508178,14,89,"{""type"":""Point"",""coordinates"":[108.39585497541368,14.227965868303505]}",108.39585497541368,14.227965868303505,4343.802890250018
00000000000000000293,0,702,0.2411692903757052,14,89,"{""type"":""Point"",""coordinates"":[108.6001308537731,14.278630174472758]}",108.6001308537731,14.278630174472758,228.52327838040597
0000000000000000036e,0,993,0.4044249381708158,14,89,"{""type"":""Point"",""coordinates"":[108.40690462782412,14.378344592229912]}",108.40690462782412,14.378344592229912,2352.9997140599357
0000000000000000041e,0,634,0.0222623042129328,14,89,"{""type"":""Point"",""coordinates"":[108.4532569832747,14.346814288680996]}",108.4532569832747,14.346814288680996,2266.614292218136
000000000000000000db,0,864,0.1705721593654283,15,89,"{""type"":""Point"",""coordinates"":[108.44867302739175,14.160053759259524]}",108.44867302739175,14.160053759259524,690.6742142274786
0000000000000000010b,0,712,0.5571722510231839,15,89,"{""type"":""Point"",""coordinates"":[108.52763478884617,14.2441345687233]}",108.52763478884617,14.2441345687233,1365.5699173634323
00000000000000000193,0,801,0.5103653538183871,15,89,"{""type"":""Point"",""coordinates"":[108.51469893669012,14.290758929338132]}",108.51469893669012,14.290758929338132,1121.2495447123695
000000000000000003e0,0,614,0.3357431672916889,15,89,"{""type"":""Point"",""coordinates"":[108.50742614287194,14.12043910550071]}",108.50742614287194,14.12043910550071,1672.5520554538061
00000000000000000491,0,1285,0.6695954090731576,15,89,"{""type"":""Point"",""coordinates"":[108.3837262205483,14.55540211775909]}",108.3837262205483,14.55540211775909,4883.358277689577
0000000000000000028c,0,898,0.6728849155715241,16,89,"{""type"":""Point"",""coordinates"":[108.43088567328955,14.181073961625467]}",108.43088567328955,14.181073961625467,4483.37152327315
0000000000000000042d,0,844,0.3042395599715929,16,89,"{""type"":""Point"",""coordinates"":[108.54461504565768,14.303155230266709]}",108.54461504565768,14.303155230266709,1715.5559808418104
000000000000000004a5,0,1136,0.141005497107983,16,89,"{""type"":""Point"",""coordinates"":[108.44112822840931,14.195356462299653]}",108.44112822840931,14.195356462299653,2740.3261469284453
0000000000000000060b,0,1035,0.3668902159730414,16,89,"{""type"":""Point"",""coordinates"":[108.44517263306479,14.411221544296971]}",108.44517263306479,14.411221544296971,80.1816079541478
00000000000000000628,0,1014,0.0540528659070052,16,89,"{""type"":""Point"",""coordinates"":[108.465381279039,14.452187305674979]}",108.465381279039,14.452187305674979,678.685110650802
00000000000000000631,0,738,0.7461090291841639,16,89,"{""type"":""Point"",""coordinates"":[108.5481198990857,14.30153657658431]}",108.5481198990857,14.30153657658431,1805.809168950546
00000000000000000232,0,670,0.0891541537853385,17,89,"{""type"":""Point"",""coordinates"":[108.4950253828423,14.165444812433137]}",108.4950253828423,14.165444812433137,565.7071602689241
00000000000000000344,0,752,0.2529812945969879,17,89,"{""type"":""Point"",""coordinates"":[108.46106932832032,14.139840654184255]}",108.46106932832032,14.139840654184255,1465.532918425971
0000000000000000051c,0,774,0.5832642124469393,17,89,"{""type"":""Point"",""coordinates"":[108.58881365529945,14.334417987752422]}",108.58881365529945,14.334417987752422,1039.2449264875513
00000000000000000465,0,828,0.3261079670335216,18,89,"{""type"":""Point"",""coordinates"":[108.41876137752524,14.233624467540327]}",108.41876137752524,14.233624467540327,2025.5321482717272
00000000000000000494,0,651,0.141940632709109,18,89,"{""type"":""Point"",""coordinates"":[108.44867302739175,14.263540576507898]}",108.44867302739175,14.263540576507898,1029.1489779745646
0000000000000000008b,0,941,0.4616325102183887,19,89,"{""type"":""Point"",""coordinates"":[108.49960933872526,14.36217589181012]}",108.49960933872526,14.36217589181012,277.3431258096599
00000000000000000100,0,916,0.7959311314146035,19,89,"{""type"":""Point"",""coordinates"":[108.43142522451703,14.388315142185421]}",108.43142522451703,14.388315142185421,177.5523611612389
000000000000000003ce,0,905,0.4904380162820646,19,89,"{""type"":""Point"",""coordinates"":[108.33521566018787,14.36675538859201]}",108.33521566018787,14.36675538859201,309.86285256540646
0000000000000000043d,0,927,0.6707103767876615,19,89,"{""type"":""Point"",""coordinates"":[108.39585497541368,14.220421069321075]}",108.39585497541368,14.220421069321075,4392.74205334373
00000000000000000632,0,1123,0.534265046201128,19,89,"{""type"":""Point"",""coordinates"":[108.36028026720929,14.441137653264539]}",108.36028026720929,14.441137653264539,746.0502281976113
0000000000000000000d,0,850,0.4941759404377882,20,89,"{""type"":""Point"",""coordinates"":[108.46295552806593,14.17784111336172]}",108.46295552806593,14.17784111336172,803.1836517619598
00000000000000000282,0,772,0.1625341815110503,21,89,"{""type"":""Point"",""coordinates"":[108.4909854372879,14.176494464843582]}",108.4909854372879,14.176494464843582,943.6753599028525
000000000000000005db,0,561,0.5341756105306881,21,89,"{""type"":""Point"",""coordinates"":[108.54326839713954,14.14388505883973]}",108.54326839713954,14.14388505883973,586.5835738319499
000000000000000004fb,0,624,0.1478629300964953,22,89,"{""type"":""Point"",""coordinates"":[108.49826269020713,14.20532701225516]}",108.49826269020713,14.20532701225516,298.75977483209357
000000000000000000ac,0,757,0.7480824050625603,23,89,"{""type"":""Point"",""coordinates"":[108.42522707405271,14.295877977347482]}",108.42522707405271,14.295877977347482,2356.65438548656
000000000000000000c4,0,689,0.7032561149576375,23,89,"{""type"":""Point"",""coordinates"":[108.49610448529724,14.178380664589184]}",108.49610448529724,14.178380664589184,694.5848615494804
00000000000000000431,0,853,0.1690089199446101,23,89,"{""type"":""Point"",""coordinates"":[108.55054119095772,14.400171891886531]}",108.55054119095772,14.400171891886531,454.9708770766028
00000000000000000467,0,1145,0.3024700232791087,23,89,"{""type"":""Point"",""coordinates"":[108.38723107397632,14.420384996961806]}",108.38723107397632,14.420384996961806,1385.8735708388404
0000000000000000047b,0,855,0.707966296247985,23,89,"{""type"":""Point"",""coordinates"":[108.49987688478845,14.075700944631487]}",108.49987688478845,14.075700944631487,2766.1510322917343
00000000000000000425,0,752,0.4124738050986518,24,89,"{""type"":""Point"",""coordinates"":[108.5009559872434,14.124479051055134]}",108.5009559872434,14.124479051055134,1142.4541234189985
000000000000000002bc,0,645,0.3756717905479014,25,89,"{""type"":""Point"",""coordinates"":[108.43600918039995,14.285907427391985]}",108.43600918039995,14.285907427391985,796.5913456905585
00000000000000000618,0,690,0.59559254003126,25,89,"{""type"":""Point"",""coordinates"":[108.46592083026648,14.147657458330947]}",108.46592083026648,14.147657458330947,455.71366161423356
000000000000000000ef,0,838,0.0786679986400237,26,89,"{""type"":""Point"",""coordinates"":[108.44058867718185,14.349240039654074]}",108.44058867718185,14.349240039654074,2204.968421970035
00000000000000000224,0,1108,0.196694605502804,26,89,"{""type"":""Point"",""coordinates"":[108.43466253188183,14.484524706514566]}",108.43466253188183,14.484524706514566,3029.181133156257
0000000000000000035f,0,1030,0.7118672479216982,26,89,"{""type"":""Point"",""coordinates"":[108.56132329730494,14.333338885297483]}",108.56132329730494,14.333338885297483,1855.8518807763553
0000000000000000061d,0,1016,0.5973978976766976,27,89,"{""type"":""Point"",""coordinates"":[108.4211871284983,14.326329178441467]}",108.4211871284983,14.326329178441467,4960.815628355385
0000000000000000043c,0,1025,0.097154278956177,29,89,"{""type"":""Point"",""coordinates"":[108.46619283543073,14.085943499751254]}",108.46619283543073,14.085943499751254,5620.094035803938
00000000000000000457,0,794,0.1782368177013628,29,89,"{""type"":""Point"",""coordinates"":[108.4516383295923,14.394245746586504]}",108.4516383295923,14.394245746586504,504.8163407725407
000000000000000005e3,0,1026,0.301748653486993,30,89,"{""type"":""Point"",""coordinates"":[108.33629476264281,14.378612138293123]}",108.33629476264281,14.378612138293123,546.3312478684783
000000000000000000c7,0,1115,0.2171376908496114,31,89,"{""type"":""Point"",""coordinates"":[108.32389846171422,14.378072587065656]}",108.32389846171422,14.378072587065656,790.3171100900413
00000000000000000400,0,1119,0.7228060546827174,32,89,"{""type"":""Point"",""coordinates"":[108.32093315951369,14.323096330177716]}",108.32093315951369,14.323096330177716,1002.8434034797916
000000000000000004b4,0,1233,0.1476417298372713,32,89,"{""type"":""Point"",""coordinates"":[108.37105791445548,14.477247453595345]}",108.37105791445548,14.477247453595345,2476.917640271171
000000000000000004c0,0,1390,0.3846095598880227,32,89,"{""type"":""Point"",""coordinates"":[108.41094457337853,14.292105577856269]}",108.41094457337853,14.292105577856269,3565.465778573888
000000000000000004cf,0,746,0.7308159830401025,32,89,"{""type"":""Point"",""coordinates"":[108.45648983153843,14.387508044894746]}",108.45648983153843,14.387508044894746,534.6711827658653
0000000000000000052f,0,1022,0.0748711950070664,32,89,"{""type"":""Point"",""coordinates"":[108.38857772249445,14.382656542948599]}",108.38857772249445,14.382656542948599,3543.7068294562146
00000000000000000536,0,796,0.4835598189639302,34,89,"{""type"":""Point"",""coordinates"":[108.46134133348458,14.231198716567253]}",108.46134133348458,14.231198716567253,222.63215975187737
000000000000000005c6,0,823,0.470443630636148,34,89,"{""type"":""Point"",""coordinates"":[108.4095979248604,14.241708817750226]}",108.4095979248604,14.241708817750226,3315.6481891251215
000000000000000000a0,0,933,0.4940584669805495,35,89,"{""type"":""Point"",""coordinates"":[108.49475783677912,14.072196091203482]}",108.49475783677912,14.072196091203482,2543.676809393876
000000000000000002d5,0,886,0.2760941146526503,35,89,"{""type"":""Point"",""coordinates"":[108.3247055590049,14.387236039730485]}",108.3247055590049,14.387236039730485,491.8280489828811
0000000000000000017a,0,1021,0.4534236229181242,37,89,"{""type"":""Point"",""coordinates"":[108.35273546822685,14.438711902291466]}",108.35273546822685,14.438711902291466,1149.470602458593
00000000000000000541,0,1502,0.1267168609148878,38,89,"{""type"":""Point"",""coordinates"":[108.38803817126698,14.253298021388133]}",108.38803817126698,14.253298021388133,5632.015807873585
00000000000000000218,0,1046,0.341251606493747,42,89,"{""type"":""Point"",""coordinates"":[108.31662120879498,14.400983448278259]}",108.31662120879498,14.400983448278259,1561.073488636077
00000000000000000439,0,913,0.7973460181445609,45,89,"{""type"":""Point"",""coordinates"":[108.32363091565102,14.43763279983653]}",108.32363091565102,14.43763279983653,3222.865213723837
00000000000000000177,0,859,0.7776683145702972,55,89,"{""type"":""Point"",""coordinates"":[108.44004912595437,14.323907886569447]}",108.44004912595437,14.323907886569447,2032.0109337928955
00000000000000000178,0,677,0.3904789020494892,2,90,"{""type"":""Point"",""coordinates"":[108.57021474480551,14.223114366357358]}",108.57021474480551,14.223114366357358,418.3377227787755
000000000000000004af,0,1185,0.008931999030504,2,90,"{""type"":""Point"",""coordinates"":[108.43115767845381,14.512822161799736]}",108.43115767845381,14.512822161799736,222.01089284290586
00000000000000000567,0,1082,0.2186506216830923,3,90,"{""type"":""Point"",""coordinates"":[108.40879082756972,14.371334885373892]}",108.40879082756972,14.371334885373892,2684.868120366732
00000000000000000194,0,933,0.6224187876578622,4,90,"{""type"":""Point"",""coordinates"":[108.52386238935495,14.473207508040922]}",108.52386238935495,14.473207508040922,701.6778913264847
0000000000000000022f,0,860,0.0700657289738748,4,90,"{""type"":""Point"",""coordinates"":[108.42549907921698,14.193737808617254]}",108.42549907921698,14.193737808617254,2902.19040136187
0000000000000000023d,0,902,0.0514854820870994,4,90,"{""type"":""Point"",""coordinates"":[108.52197618960933,14.39693904362278]}",108.52197618960933,14.39693904362278,1777.1031934933683
00000000000000000353,0,897,0.6844289140167107,4,90,"{""type"":""Point"",""coordinates"":[108.6098338576654,14.359750140837045]}",108.6098338576654,14.359750140837045,421.2160533170753
00000000000000000415,0,924,0.5657897982707887,4,90,"{""type"":""Point"",""coordinates"":[108.54784789392144,14.538154314884363]}",108.54784789392144,14.538154314884363,6211.978661318782
000000000000000000a8,0,1065,0.4609053009986146,5,90,"{""type"":""Point"",""coordinates"":[108.41471697286975,14.439786545645344]}",108.41471697286975,14.439786545645344,323.18556128760395
000000000000000000d4,0,967,0.421957692778887,5,90,"{""type"":""Point"",""coordinates"":[108.43762337498131,14.17918776187986]}",108.43762337498131,14.17918776187986,1643.2695775549644
00000000000000000347,0,1049,0.6255088397770463,5,90,"{""type"":""Point"",""coordinates"":[108.48101488733239,14.500425860871156]}",108.48101488733239,14.500425860871156,1132.5039244980692
0000000000000000047c,0,1056,0.4995890076120511,5,90,"{""type"":""Point"",""coordinates"":[108.51982244380052,14.534649461456352]}",108.51982244380052,14.534649461456352,3788.1308332175176
00000000000000000529,0,1133,0.2968712032913816,5,90,"{""type"":""Point"",""coordinates"":[108.44058867718184,14.49099040304206]}",108.44058867718184,14.49099040304206,3800.9023000326997
0000000000000000005e,0,784,0.6963514155904982,6,90,"{""type"":""Point"",""coordinates"":[108.4473263788736,14.24278792020516]}",108.4473263788736,14.24278792020516,311.0824787239179
0000000000000000006b,0,624,0.5165423268061168,6,90,"{""type"":""Point"",""coordinates"":[108.53302584201977,14.170024309215028]}",108.53302584201977,14.170024309215028,43.692406491484526
000000000000000000b9,0,964,0.2277173259810032,6,90,"{""type"":""Point"",""coordinates"":[108.52844634523788,14.450568651992576]}",108.52844634523788,14.450568651992576,486.13381161705223
00000000000000000324,0,762,0.7701585915371192,6,90,"{""type"":""Point"",""coordinates"":[108.42172667972578,14.25195137286999]}",108.42172667972578,14.25195137286999,2351.633554856424
00000000000000000554,0,713,0.1095548232379207,6,90,"{""type"":""Point"",""coordinates"":[108.62492345563025,14.194816911072188]}",108.62492345563025,14.194816911072188,2100.4378526864784
00000000000000000589,0,762,0.633615847309423,6,90,"{""type"":""Point"",""coordinates"":[108.59527935182693,14.296417528574953]}",108.59527935182693,14.296417528574953,246.59169563113966
0000000000000000062a,0,831,0.5497117812986244,6,90,"{""type"":""Point"",""coordinates"":[108.4672674787846,14.285367876164512]}",108.4672674787846,14.285367876164512,764.9360966529877
000000000000000000aa,0,690,0.1177298579947466,7,90,"{""type"":""Point"",""coordinates"":[108.48640148140494,14.14388505883973]}",108.48640148140494,14.14388505883973,476.2348020416208
0000000000000000014f,0,1116,0.7530521520050328,7,90,"{""type"":""Point"",""coordinates"":[108.43493007794503,14.492609056724465]}",108.43493007794503,14.492609056724465,1809.410715010522
00000000000000000586,0,1240,0.5414701836858408,7,90,"{""type"":""Point"",""coordinates"":[108.44678682764615,14.549471513358007]}",108.44678682764615,14.549471513358007,22.310130130500546
00000000000000000608,0,1161,0.4901154183893325,7,90,"{""type"":""Point"",""coordinates"":[108.46188088471206,14.52359980904591]}",108.46188088471206,14.52359980904591,7.695092024970518
00000000000000000032,0,801,0.179194847074732,8,90,"{""type"":""Point"",""coordinates"":[108.44867302739175,14.246020768468906]}",108.44867302739175,14.246020768468906,213.9896734065813
00000000000000000292,0,694,0.0890831803281918,8,90,"{""type"":""Point"",""coordinates"":[108.5842296994165,14.234971116058471]}",108.5842296994165,14.234971116058471,904.0781450134733
000000000000000002e3,0,841,0.2692388280764101,8,90,"{""type"":""Point"",""coordinates"":[108.48424773559613,14.122864856473786]}",108.48424773559613,14.122864856473786,2356.0974300499947
000000000000000000c5,0,891,0.3843762649761891,9,90,"{""type"":""Point"",""coordinates"":[108.4139098755791,14.177569108197462]}",108.4139098755791,14.177569108197462,4913.190226458008
0000000000000000015b,0,1234,0.4147030358586462,9,90,"{""type"":""Point"",""coordinates"":[108.39989492096811,14.572110369406351]}",108.39989492096811,14.572110369406351,6908.891858785509
00000000000000000359,0,807,0.1903767088460137,9,90,"{""type"":""Point"",""coordinates"":[108.51389183939945,14.317170184877689]}",108.51389183939945,14.317170184877689,1597.611868936647
000000000000000003cb,0,644,0.4205035686536017,9,90,"{""type"":""Point"",""coordinates"":[108.58018975386207,14.219881518093606]}",108.58018975386207,14.219881518093606,45.34242049470894
00000000000000000059,0,1189,0.7037345089061611,10,90,"{""type"":""Point"",""coordinates"":[108.43439052671755,14.537886768821151]}",108.43439052671755,14.537886768821151,1850.6099327424022
000000000000000000b6,0,1036,0.203481229705653,10,90,"{""type"":""Point"",""coordinates"":[108.45460363179284,14.426315601362885]}",108.45460363179284,14.426315601362885,251.0122093302602
00000000000000000137,0,878,0.5936989221943451,10,90,"{""type"":""Point"",""coordinates"":[108.60093795106377,14.437900345899736]}",108.60093795106377,14.437900345899736,3191.703983723962
0000000000000000023b,0,764,0.1418247574310079,10,90,"{""type"":""Point"",""coordinates"":[108.54191728952034,14.126904802028207]}",108.54191728952034,14.126904802028207,1083.9622463939243
000000000000000005de,0,1046,0.2252835148586623,10,90,"{""type"":""Point"",""coordinates"":[108.43654873162743,14.426043596198625]}",108.43654873162743,14.426043596198625,118.76591235327402
00000000000000000134,0,1144,0.2206322263989282,11,90,"{""type"":""Point"",""coordinates"":[108.34114626458896,14.393434190194775]}",108.34114626458896,14.393434190194775,687.7943459228488
00000000000000000252,0,1047,0.097918440862727,11,90,"{""type"":""Point"",""coordinates"":[108.49880224143459,14.461078753175546]}",108.49880224143459,14.461078753175546,2182.248244001143
000000000000000002bb,0,977,0.5318070306353226,11,90,"{""type"":""Point"",""coordinates"":[108.44759838403786,14.38184498655687]}",108.44759838403786,14.38184498655687,181.4663594937085
000000000000000003dd,0,841,0.3953499252827133,11,90,"{""type"":""Point"",""coordinates"":[108.59231404962641,14.412300646751904]}",108.59231404962641,14.412300646751904,1009.9770323906326
000000000000000004d9,0,682,0.3034166444500963,11,90,"{""type"":""Point"",""coordinates"":[108.49179253457856,14.203440812509553]}",108.49179253457856,14.203440812509553,10.588316429991739
000000000000000004f8,0,1297,0.4729551071001996,11,90,"{""type"":""Point"",""coordinates"":[108.31150216078564,14.339537035761776]}",108.31150216078564,14.339537035761776,1900.2560912429722
0000000000000000042e,0,750,0.1379149246286618,12,90,"{""type"":""Point"",""coordinates"":[108.33656230870601,14.464044055376093]}",108.33656230870601,14.464044055376093,4317.0625473718965
000000000000000004a3,0,871,0.1050817574854681,12,90,"{""type"":""Point"",""coordinates"":[108.44624727641866,14.314472428740356]}",108.44624727641866,14.314472428740356,1405.585764302096
000000000000000005b1,0,790,0.6452680193640565,12,90,"{""type"":""Point"",""coordinates"":[108.4715794295033,14.19077696551777]}",108.4715794295033,14.19077696551777,504.26559618167397
000000000000000005c2,0,757,0.2422175134285865,12,90,"{""type"":""Point"",""coordinates"":[108.61144805224673,14.289947372946404]}",108.61144805224673,14.289947372946404,762.908994126083
000000000000000000a9,0,622,0.7492576158127925,13,90,"{""type"":""Point"",""coordinates"":[108.61764620271103,14.221495712674951]}",108.61764620271103,14.221495712674951,1146.400659052462
000000000000000003f9,0,951,0.7557002611911481,13,90,"{""type"":""Point"",""coordinates"":[108.45244542688296,14.402869648023866]}",108.45244542688296,14.402869648023866,773.9917040896884
0000000000000000041b,0,705,0.6495317586318583,13,90,"{""type"":""Point"",""coordinates"":[108.56860055022416,14.236857315804079]}",108.56860055022416,14.236857315804079,1178.1402202705779
00000000000000000557,0,732,0.2602867139267679,13,90,"{""type"":""Point"",""coordinates"":[108.59527935182693,14.317170184877689]}",108.59527935182693,14.317170184877689,971.1344649276148
00000000000000000594,0,787,0.793890962184511,13,90,"{""type"":""Point"",""coordinates"":[108.63408690829509,14.279169725700223]}",108.63408690829509,14.279169725700223,2252.5665833134876
00000000000000000023,0,835,0.0897685410019667,14,90,"{""type"":""Point"",""coordinates"":[108.43035058116314,14.336304187498026]}",108.43035058116314,14.336304187498026,3517.917064037414
0000000000000000025b,0,811,0.7906134597854936,14,90,"{""type"":""Point"",""coordinates"":[108.65322091091542,14.258417069397487]}",108.65322091091542,14.258417069397487,3985.3256670319274
000000000000000004cc,0,1060,0.7092671793608761,14,90,"{""type"":""Point"",""coordinates"":[108.40097402342305,14.375111743966166]}",108.40097402342305,14.375111743966166,3084.8509404541696
00000000000000000081,0,1118,0.7353173094166764,15,90,"{""type"":""Point"",""coordinates"":[108.44247487692745,14.471856400421728]}",108.44247487692745,14.471856400421728,3754.959349133116
00000000000000000087,0,1206,0.7699427470734658,15,90,"{""type"":""Point"",""coordinates"":[108.37025081716479,14.248446519441984]}",108.37025081716479,14.248446519441984,7511.663689395345
000000000000000001bd,0,787,0.2461229747620839,15,90,"{""type"":""Point"",""coordinates"":[108.48829214025162,14.12636525080074]}",108.48829214025162,14.12636525080074,1778.702385189589
0000000000000000024e,0,1036,0.0566189552976789,15,90,"{""type"":""Point"",""coordinates"":[108.46619283543073,14.513629259090408]}",108.46619283543073,14.513629259090408,831.5764956817193
0000000000000000051a,0,1322,0.1364333753512728,16,90,"{""type"":""Point"",""coordinates"":[108.36593886644611,14.497728104733824]}",108.36593886644611,14.497728104733824,1730.77443041614
00000000000000000600,0,1105,0.4171470388558119,16,90,"{""type"":""Point"",""coordinates"":[108.40959792486039,14.502312060616763]}",108.40959792486039,14.502312060616763,548.3646804451175
00000000000000000002,0,920,0.7370170788060728,17,90,"{""type"":""Point"",""coordinates"":[108.33521566018787,14.345735186226067]}",108.33521566018787,14.345735186226067,386.00536257237644
000000000000000002a5,0,891,0.3659645565400437,17,90,"{""type"":""Point"",""coordinates"":[108.38857772249445,14.192123614035907]}",108.38857772249445,14.192123614035907,6387.029447943122
000000000000000002ce,0,1027,0.0726672745190057,17,90,"{""type"":""Point"",""coordinates"":[108.53275829595658,14.559442063313513]}",108.53275829595658,14.559442063313513,6858.634244531852
00000000000000000511,0,820,0.2956920040545245,17,90,"{""type"":""Point"",""coordinates"":[108.50634704041703,14.094295396024357]}",108.50634704041703,14.094295396024357,3225.767664848973
00000000000000000085,0,849,0.1969719859398483,18,90,"{""type"":""Point"",""coordinates"":[108.46106932832032,14.071660999077066]}",108.46106932832032,14.071660999077066,5165.464708293007
0000000000000000032a,0,647,0.4505673870837321,18,90,"{""type"":""Point"",""coordinates"":[108.6157600029654,14.215569567374926]}",108.6157600029654,14.215569567374926,778.0060948688325
000000000000000004d2,0,942,0.5351779731077438,18,90,"{""type"":""Point"",""coordinates"":[108.5206295410912,14.446256701273896]}",108.5206295410912,14.446256701273896,1337.7483827112615
0000000000000000029d,0,843,0.7704639509431436,19,90,"{""type"":""Point"",""coordinates"":[108.59016030381757,14.409874895778833]}",108.59016030381757,14.409874895778833,917.4678467576957
000000000000000004de,0,1171,0.3023428530545552,19,90,"{""type"":""Point"",""coordinates"":[108.4473263788736,14.186465014799085]}",108.4473263788736,14.186465014799085,2639.563606273444
00000000000000000544,0,878,0.0733479529682967,19,90,"{""type"":""Point"",""coordinates"":[108.46295552806593,14.080012895350167]}",108.46295552806593,14.080012895350167,5469.511894087061
00000000000000000063,0,988,0.1587369785036779,20,90,"{""type"":""Point"",""coordinates"":[108.39181057075821,14.38184498655687]}",108.39181057075821,14.38184498655687,3408.06462735096
00000000000000000080,0,1075,0.3474989332068963,20,90,"{""type"":""Point"",""coordinates"":[108.3163536627318,14.3387299384711]}",108.3163536627318,14.3387299384711,1420.712763789295
000000000000000003d2,0,934,0.5209989221903257,20,90,"{""type"":""Point"",""coordinates"":[108.5206295410912,14.387236039730485]}",108.5206295410912,14.387236039730485,1357.2538133081564
00000000000000000107,0,783,0.7582573311697204,21,90,"{""type"":""Point"",""coordinates"":[108.5758778031434,14.323907886569447]}",108.5758778031434,14.323907886569447,621.7469573958807
0000000000000000015e,0,1192,0.2895410344686046,21,90,"{""type"":""Point"",""coordinates"":[108.47562383415878,14.12528614834581]}",108.47562383415878,14.12528614834581,2761.5068497380703
00000000000000000440,0,1092,0.1540855144620312,21,90,"{""type"":""Point"",""coordinates"":[108.40259267710545,14.370799793247482]}",108.40259267710545,14.370799793247482,3235.4493245690796
00000000000000000583,0,700,0.5556282767499472,21,90,"{""type"":""Point"",""coordinates"":[108.52386238935496,14.125286148345806]}",108.52386238935496,14.125286148345806,1352.4994296529817
000000000000000000fc,0,1349,0.6861723458807791,22,90,"{""type"":""Point"",""coordinates"":[108.36351311547303,14.207752763228239]}",108.36351311547303,14.207752763228239,8106.53812571256
0000000000000000028e,0,873,0.6092722063349293,22,90,"{""type"":""Point"",""coordinates"":[108.41876137752524,14.181341507688677]}",108.41876137752524,14.181341507688677,3665.8914451875335
00000000000000000351,0,867,0.2243811093039803,22,90,"{""type"":""Point"",""coordinates"":[108.3424929131071,14.457306353684338]}",108.3424929131071,14.457306353684338,3334.0958242415963
00000000000000000109,0,994,0.5985488362921472,23,90,"{""type"":""Point"",""coordinates"":[108.52844634523788,14.314204882677148]}",108.52844634523788,14.314204882677148,2715.785789917745
00000000000000000260,0,1121,0.0954837071349493,23,90,"{""type"":""Point"",""coordinates"":[108.38992437101258,14.209099411746374]}",108.38992437101258,14.209099411746374,5341.747035342125
0000000000000000043f,0,570,0.4718264536340221,23,90,"{""type"":""Point"",""coordinates"":[108.59042784988078,14.206138568646887]}",108.59042784988078,14.206138568646887,1102.066305224566
00000000000000000396,0,1584,0.1620097965630188,24,90,"{""type"":""Point"",""coordinates"":[108.39181057075821,14.302883225102446]}",108.39181057075821,14.302883225102446,5921.760101063461
00000000000000000024,0,1052,0.3839887735472864,25,90,"{""type"":""Point"",""coordinates"":[108.42226177185219,14.40448384260521]}",108.42226177185219,14.40448384260521,171.51014155552312
000000000000000003d4,0,748,0.402237769374831,25,90,"{""type"":""Point"",""coordinates"":[108.42899947354395,14.285100330101304]}",108.42899947354395,14.285100330101304,1475.7919526086082
00000000000000000479,0,1018,0.6257237556524489,25,90,"{""type"":""Point"",""coordinates"":[108.55054119095772,14.327680286060659]}",108.55054119095772,14.327680286060659,1687.102680952474
00000000000000000568,0,828,0.5178524326288904,25,90,"{""type"":""Point"",""coordinates"":[108.55727889264946,14.320942584368904]}",108.55727889264946,14.320942584368904,2571.013782040956
0000000000000000000b,0,723,0.3322437668481933,26,90,"{""type"":""Point"",""coordinates"":[108.51766423889066,14.103191302625982]}",108.51766423889066,14.103191302625982,1989.0397398946363
000000000000000005f1,0,1272,0.02246128913986,26,90,"{""type"":""Point"",""coordinates"":[108.36701796890105,14.494227710406866]}",108.36701796890105,14.494227710406866,1756.7419510629134
00000000000000000186,0,1034,0.1325041442492569,27,90,"{""type"":""Point"",""coordinates"":[108.42738527896259,14.175143357224385]}",108.42738527896259,14.175143357224385,2641.027904486367
000000000000000005d8,0,1001,0.4600841151104726,27,90,"{""type"":""Point"",""coordinates"":[108.55189229857692,14.561332722160175]}",108.55189229857692,14.561332722160175,8258.852327710438
00000000000000000000,0,1333,0.6237533568138378,28,90,"{""type"":""Point"",""coordinates"":[108.38399376661151,14.402869648023866]}",108.38399376661151,14.402869648023866,3272.408864327508
0000000000000000004c,0,792,0.2078278077140904,28,90,"{""type"":""Point"",""coordinates"":[108.49233208580604,14.316358628485963]}",108.49233208580604,14.316358628485963,940.9383339295783
00000000000000000349,0,991,0.7343882797714607,28,90,"{""type"":""Point"",""coordinates"":[108.40717217388732,14.3910084392217]}",108.40717217388732,14.3910084392217,1833.2203084489731
000000000000000001af,0,1259,0.0235031068519593,29,90,"{""type"":""Point"",""coordinates"":[108.38695906881206,14.415805500179912]}",108.38695906881206,14.415805500179912,1885.6971851321596
0000000000000000039d,0,811,0.6515505382524769,29,90,"{""type"":""Point"",""coordinates"":[108.54569414811262,14.302883225102446]}",108.54569414811262,14.302883225102446,1753.9066853642837
00000000000000000512,0,741,0.3443501190274697,29,90,"{""type"":""Point"",""coordinates"":[108.4616088795478,14.155741808540842]}",108.4616088795478,14.155741808540842,22.224956975971047
00000000000000000542,0,1276,0.172459601981517,29,90,"{""type"":""Point"",""coordinates"":[108.30099205960266,14.410142441842039]}",108.30099205960266,14.410142441842039,3491.517570584389
000000000000000000ad,0,789,0.5652331723694533,30,90,"{""type"":""Point"",""coordinates"":[108.54596169417582,14.302076127811775]}",108.54596169417582,14.302076127811775,1698.80692065835
000000000000000002ad,0,1229,0.7223738880586343,31,90,"{""type"":""Point"",""coordinates"":[108.37564187033841,14.222574815129887]}",108.37564187033841,14.222574815129887,6539.57492021389
0000000000000000015d,0,1231,0.2631503428445457,32,90,"{""type"":""Point"",""coordinates"":[108.3147350090494,14.353279985208497]}",108.3147350090494,14.353279985208497,1545.59091879847
000000000000000002dc,0,698,0.7616572388300474,32,90,"{""type"":""Point"",""coordinates"":[108.55970464362254,14.130137650291957]}",108.55970464362254,14.130137650291957,454.4125511455184
0000000000000000045e,0,1017,0.4111417202366213,32,90,"{""type"":""Point"",""coordinates"":[108.3346761089604,14.378612138293123]}",108.3346761089604,14.378612138293123,372.10434766787193
0000000000000000008f,0,1264,0.2971279880387103,34,90,"{""type"":""Point"",""coordinates"":[108.36863216348239,14.495034807697541]}",108.36863216348239,14.495034807697541,1561.2553878478095
00000000000000000559,0,1356,0.405564400083508,34,90,"{""type"":""Point"",""coordinates"":[108.38264711809337,14.40259764285961]}",108.38264711809337,14.40259764285961,3142.1623437666585
00000000000000000263,0,1104,0.7955123634430903,35,90,"{""type"":""Point"",""coordinates"":[108.40636507659664,14.467816454867307]}",108.40636507659664,14.467816454867307,156.25792874285924
0000000000000000039a,0,1222,0.5115876865517573,35,90,"{""type"":""Point"",""coordinates"":[108.47131188344008,14.057106493238619]}",108.47131188344008,14.057106493238619,3578.6873282862016
0000000000000000042f,0,1032,0.4151610717318748,35,90,"{""type"":""Point"",""coordinates"":[108.32443801294168,14.329294480642007]}",108.32443801294168,14.329294480642007,454.36193172160824
000000000000000001ac,0,1028,0.6247645025474835,36,90,"{""type"":""Point"",""coordinates"":[108.3441115667895,14.389394244640354]}",108.3441115667895,14.389394244640354,925.3976635722319
00000000000000000518,0,704,0.5737986082997336,36,90,"{""type"":""Point"",""coordinates"":[108.5128127369445,14.130137650291957]}",108.5128127369445,14.130137650291957,797.5529849103713
000000000000000002e4,0,1206,0.4493412244848034,37,90,"{""type"":""Point"",""coordinates"":[108.36378512063729,14.35112623939968]}",108.36378512063729,14.35112623939968,3354.6596720544785
000000000000000002f0,0,1188,0.6859041198741626,39,90,"{""type"":""Point"",""coordinates"":[108.41202367583347,14.268392078454045]}",108.41202367583347,14.268392078454045,2904.204249222842
000000000000000000cc,0,804,0.7104612798087878,43,90,"{""type"":""Point"",""coordinates"":[108.33332946044226,14.42981599568984]}",108.33332946044226,14.42981599568984,1878.6243135596533
0000000000000000005b,0,1061,0.7435250772442147,45,90,"{""type"":""Point"",""coordinates"":[108.3147350090494,14.419845445734337]}",108.3147350090494,14.419845445734337,2622.3781441965907
000000000000000000ea,0,1232,0.3741131066791494,2,91,"{""type"":""Point"",""coordinates"":[108.39935536974065,14.526297565183247]}",108.39935536974065,14.526297565183247,2638.143586265362
000000000000000005bb,0,687,0.2131933325212734,3,91,"{""type"":""Point"",""coordinates"":[108.55593224413134,14.271624926717793]}",108.55593224413134,14.271624926717793,307.9836226729314
00000000000000000093,0,976,0.5699838434137617,5,91,"{""type"":""Point"",""coordinates"":[108.49044588606041,14.49314860795193]}",108.49044588606041,14.49314860795193,227.31336194997544
0000000000000000058e,0,697,0.0654249793433542,5,91,"{""type"":""Point"",""coordinates"":[108.66696386036215,14.17972731310733]}",108.66696386036215,14.17972731310733,2914.3434947247665
0000000000000000019b,0,925,0.5246265212749073,7,91,"{""type"":""Point"",""coordinates"":[108.59905175131814,14.440598102037074]}",108.59905175131814,14.440598102037074,3322.976533847678
00000000000000000433,0,931,0.6936840470046999,7,91,"{""type"":""Point"",""coordinates"":[108.52494149180987,14.377805041002444]}",108.52494149180987,14.377805041002444,643.6551107429219
000000000000000001d0,0,767,0.4160081522608809,8,91,"{""type"":""Point"",""coordinates"":[108.64297835579565,14.25195137286999]}",108.64297835579565,14.25195137286999,2974.4581521163636
00000000000000000163,0,964,0.568653645133003,9,91,"{""type"":""Point"",""coordinates"":[108.56320949705056,14.334145982588158]}",108.56320949705056,14.334145982588158,1659.3374838309749
00000000000000000285,0,755,0.3009746002845772,9,91,"{""type"":""Point"",""coordinates"":[108.5977051028,14.300189928066168]}",108.5977051028,14.300189928066168,507.82342111916097
00000000000000000143,0,924,0.1688342950502511,10,91,"{""type"":""Point"",""coordinates"":[108.54650124540329,14.40448384260521]}",108.54650124540329,14.40448384260521,131.3304628832435
00000000000000000592,0,821,0.3595546013220366,11,91,"{""type"":""Point"",""coordinates"":[108.63543355681321,14.464044055376093]}",108.63543355681321,14.464044055376093,7840.781007595634
00000000000000000028,0,930,0.4435428617955699,12,91,"{""type"":""Point"",""coordinates"":[108.52467394574667,14.308274278276066]}",108.52467394574667,14.308274278276066,2282.7557613612507
000000000000000005b4,0,836,0.4077048235185389,12,91,"{""type"":""Point"",""coordinates"":[108.61791820787528,14.497460558670618]}",108.61791820787528,14.497460558670618,8808.148099553036
0000000000000000001c,0,870,0.0961433330927294,13,91,"{""type"":""Point"",""coordinates"":[108.47050478614942,14.255456226298]}",108.47050478614942,14.255456226298,476.88443606767277
0000000000000000004a,0,822,0.471202500717935,13,91,"{""type"":""Point"",""coordinates"":[108.60956185250113,14.322828784114515]}",108.60956185250113,14.322828784114515,2375.5286791203016
000000000000000001fe,0,1031,0.3588491494945581,13,91,"{""type"":""Point"",""coordinates"":[108.41822182629775,14.328219837288131]}",108.41822182629775,14.328219837288131,5328.0429584648
0000000000000000045a,0,1245,0.5965726300803035,13,91,"{""type"":""Point"",""coordinates"":[108.42010802604337,14.545971119031053]}",108.42010802604337,14.545971119031053,2229.88026179911
000000000000000002f6,0,1138,0.1254727146758398,14,91,"{""type"":""Point"",""coordinates"":[108.42981102993566,14.464311601439295]}",108.42981102993566,14.464311601439295,2239.4365660846083
000000000000000003f7,0,1206,0.6173504877721381,15,91,"{""type"":""Point"",""coordinates"":[108.43978157989118,14.549203967294801]}",108.43978157989118,14.549203967294801,680.8167233546772
000000000000000004e1,0,868,0.5772062685708763,16,91,"{""type"":""Point"",""coordinates"":[108.47077233221263,14.255184221133739]}",108.47077233221263,14.255184221133739,518.6355049698127
000000000000000004d3,0,1241,0.6784422939985736,17,91,"{""type"":""Point"",""coordinates"":[108.35812206229943,14.36891359350188]}",108.35812206229943,14.36891359350188,2834.518067657977
000000000000000000d3,0,1012,0.6868771153350784,20,91,"{""type"":""Point"",""coordinates"":[108.44247487692745,14.214490464919994]}",108.44247487692745,14.214490464919994,1412.006776786818
00000000000000000633,0,1145,0.3919929178009509,23,91,"{""type"":""Point"",""coordinates"":[108.48586638927854,14.534381915393148]}",108.48586638927854,14.534381915393148,2145.9611041677017
00000000000000000213,0,1349,0.7101516556489896,25,91,"{""type"":""Point"",""coordinates"":[108.36621087161036,14.558634966022842]}",108.36621087161036,14.558634966022842,5345.19709109956
000000000000000001ec,0,1309,0.791857780021275,27,91,"{""type"":""Point"",""coordinates"":[108.39369677050382,14.253565567451338]}",108.39369677050382,14.253565567451338,5032.046114938065
00000000000000000069,0,1279,0.01450270383611,41,91,"{""type"":""Point"",""coordinates"":[108.39746916999503,14.27701597989141]}",108.39746916999503,14.27701597989141,4620.653946307921
000000000000000001be,0,1259,0.4197329395865864,5,92,"{""type"":""Point"",""coordinates"":[108.41229122189667,14.546506211157464]}",108.41229122189667,14.546506211157464,2983.252084425103
0000000000000000059b,0,949,0.6519577312134678,5,92,"{""type"":""Point"",""coordinates"":[108.50580748918954,14.416880143533794]}",108.50580748918954,14.416880143533794,4064.937766077211
0000000000000000012a,0,1492,0.0290755284991222,8,92,"{""type"":""Point"",""coordinates"":[108.32551711539664,14.235243121222728]}",108.32551711539664,14.235243121222728,10236.924903371772
0000000000000000005d,0,663,0.6129021991234436,9,92,"{""type"":""Point"",""coordinates"":[108.54326839713954,14.211525162719452]}",108.54326839713954,14.211525162719452,21.253306461997077
0000000000000000059c,0,1003,0.0143837044377324,9,92,"{""type"":""Point"",""coordinates"":[108.52386238935496,14.536807666366224]}",108.52386238935496,14.536807666366224,4234.241721643731
000000000000000005ac,0,1477,0.3942029462155068,11,92,"{""type"":""Point"",""coordinates"":[108.33144326069664,14.234703569995261]}",108.33144326069664,14.234703569995261,10284.18336974598
00000000000000000091,0,1138,0.3672214844832211,12,92,"{""type"":""Point"",""coordinates"":[108.43762337498131,14.172182514124898]}",108.43762337498131,14.172182514124898,1516.335372846765
00000000000000000414,0,1640,0.1963704626817317,14,92,"{""type"":""Point"",""coordinates"":[108.33629476264281,14.258417069397487]}",108.33629476264281,14.258417069397487,7683.684123089638
00000000000000000423,0,1037,0.6098203621009194,14,92,"{""type"":""Point"",""coordinates"":[108.32901750972357,14.28132793061009]}",108.32901750972357,14.28132793061009,5120.675227716771
0000000000000000042c,0,826,0.74437856305637,14,92,"{""type"":""Point"",""coordinates"":[108.56024419485,14.308546283440327]}",108.56024419485,14.308546283440327,2727.703840587051
000000000000000005c5,0,1520,0.1462462128457277,16,92,"{""type"":""Point"",""coordinates"":[108.33306191437904,14.240901720459552]}",108.33306191437904,14.240901720459552,9601.420593352772
00000000000000000617,0,1060,0.5047409279022812,16,92,"{""type"":""Point"",""coordinates"":[108.50364928427967,14.45973210465741]}",108.50364928427967,14.45973210465741,1913.7312117749875
00000000000000000327,0,1133,0.1293976896431631,17,92,"{""type"":""Point"",""coordinates"":[108.41013747608785,14.170563860442497]}",108.41013747608785,14.170563860442497,7010.094382341503
00000000000000000040,0,1471,0.1145390107616615,18,92,"{""type"":""Point"",""coordinates"":[108.35057726331698,14.231738267794718]}",108.35057726331698,14.231738267794718,9251.65778526536
00000000000000000164,0,646,0.2198001088238415,21,92,"{""type"":""Point"",""coordinates"":[108.51847133618134,14.235510667285936]}",108.51847133618134,14.235510667285936,290.4450449953518
00000000000000000112,0,670,0.0264317374117648,25,92,"{""type"":""Point"",""coordinates"":[108.50203508969832,14.207752763228239]}",108.50203508969832,14.207752763228239,327.3329583225689
0000000000000000038e,0,1232,0.4566930981771175,27,92,"{""type"":""Point"",""coordinates"":[108.37672097279335,14.227698322240299]}",108.37672097279335,14.227698322240299,6409.805454853065
000000000000000003a4,0,1526,0.5327964982381718,28,92,"{""type"":""Point"",""coordinates"":[108.37536986517414,14.259496171852417]}",108.37536986517414,14.259496171852417,6872.781711926315
0000000000000000055d,0,1288,0.0251123795966967,30,92,"{""type"":""Point"",""coordinates"":[108.36836461741918,14.376997943711777]}",108.36836461741918,14.376997943711777,3795.8885786757937
000000000000000002ee,0,1481,0.2697430485104534,32,92,"{""type"":""Point"",""coordinates"":[108.33440856289718,14.254105118678806]}",108.33440856289718,14.254105118678806,8146.204215222592
000000000000000004ac,0,1339,0.2619695187719055,33,92,"{""type"":""Point"",""coordinates"":[108.39935536974065,14.278630174472758]}",108.39935536974065,14.278630174472758,4449.237202759621
00000000000000000367,0,689,0.7650315650556632,2,94,"{""type"":""Point"",""coordinates"":[108.48694103263242,14.253565567451338]}",108.48694103263242,14.253565567451338,349.0061456545647
00000000000000000521,0,1007,0.5118429336176457,2,94,"{""type"":""Point"",""coordinates"":[108.53571913905607,14.561332722160175]}",108.53571913905607,14.561332722160175,7203.336602202174
00000000000000000046,0,849,0.1574929874208417,3,94,"{""type"":""Point"",""coordinates"":[108.61333425199234,14.326868729668938]}",108.61333425199234,14.326868729668938,2980.0297666677448
000000000000000000d1,0,1023,0.4749570624766077,4,94,"{""type"":""Point"",""coordinates"":[108.44112822840931,14.391819995613428]}",108.44112822840931,14.391819995613428,2.647265452579487
00000000000000000169,0,1174,0.2062298098892356,4,94,"{""type"":""Point"",""coordinates"":[108.45191033475653,14.495302353760747]}",108.45191033475653,14.495302353760747,55.101374683237765
00000000000000000222,0,672,0.0573713031692177,4,94,"{""type"":""Point"",""coordinates"":[108.61980440762089,14.191044511580973]}",108.61980440762089,14.191044511580973,1907.7468370640247
000000000000000001c3,0,954,0.2859489174339392,5,94,"{""type"":""Point"",""coordinates"":[108.5222481947736,14.476979907532133]}",108.5222481947736,14.476979907532133,793.4182254843771
000000000000000002c1,0,705,0.6119786229624531,5,94,"{""type"":""Point"",""coordinates"":[108.61657155935715,14.270545824262861]}",108.61657155935715,14.270545824262861,861.1441658013478
0000000000000000021b,0,1027,0.1673231008826008,9,94,"{""type"":""Point"",""coordinates"":[108.57614534920661,14.51470836154534]}",108.57614534920661,14.51470836154534,7922.062681967596
0000000000000000022d,0,1045,0.0293561288370294,9,94,"{""type"":""Point"",""coordinates"":[108.44301442815491,14.179994859170534]}",108.44301442815491,14.179994859170534,1171.3012060055312
00000000000000000434,0,948,0.7053299641196691,9,94,"{""type"":""Point"",""coordinates"":[108.45783648005659,14.407181598742547]}",108.45783648005659,14.407181598742547,71.1730575848647
00000000000000000072,0,1142,0.7908665394212818,15,94,"{""type"":""Point"",""coordinates"":[108.42549907921698,14.469970200676121]}",108.42549907921698,14.469970200676121,2064.1366356636577
00000000000000000159,0,1484,0.0814658142228187,15,94,"{""type"":""Point"",""coordinates"":[108.37806762131147,14.273778672526612]}",108.37806762131147,14.273778672526612,6619.7712712863995
00000000000000000523,0,1269,0.2325512571879706,16,94,"{""type"":""Point"",""coordinates"":[108.42873192748074,14.557288317504698]}",108.42873192748074,14.557288317504698,1069.3718195708034
000000000000000001d8,0,1008,0.7271663700975497,18,94,"{""type"":""Point"",""coordinates"":[108.52979299375602,14.109117447926012]}",108.52979299375602,14.109117447926012,1233.845276438097
00000000000000000088,0,866,0.6439490256710191,19,94,"{""type"":""Point"",""coordinates"":[108.43950957472693,14.37564683609258]}",108.43950957472693,14.37564683609258,593.240867190291
00000000000000000018,0,1478,0.2576588798119194,21,94,"{""type"":""Point"",""coordinates"":[108.36539931521865,14.369181139565082]}",108.36539931521865,14.369181139565082,3488.010414303613
000000000000000005a4,0,1104,0.4623556879726835,21,94,"{""type"":""Point"",""coordinates"":[108.44463308183731,14.142805956384798]}",108.44463308183731,14.142805956384798,2181.2228809914986
000000000000000000f2,0,990,0.4759705356193543,27,94,"{""type"":""Point"",""coordinates"":[108.53302584201977,14.118013354527635]}",108.53302584201977,14.118013354527635,1332.068402868176
00000000000000000595,0,1173,0.1948640552067286,30,94,"{""type"":""Point"",""coordinates"":[108.35219591699938,14.283214130355699]}",108.35219591699938,14.283214130355699,5448.197292002862
00000000000000000096,0,1214,0.1889237525128074,1,95,"{""type"":""Point"",""coordinates"":[108.41229122189667,14.521985614464567]}",108.41229122189667,14.521985614464567,2055.676884538942
000000000000000000c6,0,819,0.6749395018741203,1,95,"{""type"":""Point"",""coordinates"":[108.61629955419288,14.308274278276066]}",108.61629955419288,14.308274278276066,1405.3579977519194
000000000000000003a2,0,722,0.044186060171088,1,95,"{""type"":""Point"",""coordinates"":[108.63974550753191,14.204787461027696]}",108.63974550753191,14.204787461027696,3157.9009529145387
000000000000000003e3,0,824,0.6804115678958301,1,95,"{""type"":""Point"",""coordinates"":[108.60552190694669,14.482638506768959]}",108.60552190694669,14.482638506768959,6716.370763734878
0000000000000000047f,0,825,0.4116951239218365,1,95,"{""type"":""Point"",""coordinates"":[108.60498235571924,14.482906052832167]}",108.60498235571924,14.482906052832167,6691.455329375188
0000000000000000060a,0,787,0.3455331659485715,1,95,"{""type"":""Point"",""coordinates"":[108.59554689789013,14.345467640162859]}",108.59554689789013,14.345467640162859,1682.7980093509416
00000000000000000365,0,1023,0.56523983843487,2,95,"{""type"":""Point"",""coordinates"":[108.57129384726046,14.492069505496998]}",108.57129384726046,14.492069505496998,5977.859877875757
00000000000000000071,0,923,0.0810985420967996,3,95,"{""type"":""Point"",""coordinates"":[108.52251574083681,14.472395951649194]}",108.52251574083681,14.472395951649194,533.162488901681
0000000000000000009d,0,798,0.5922976632722188,3,95,"{""type"":""Point"",""coordinates"":[108.6413641612143,14.264887225026039]}",108.6413641612143,14.264887225026039,2788.647633333072
00000000000000000188,0,1449,0.3078456340987404,3,95,"{""type"":""Point"",""coordinates"":[108.35300301429007,14.231470721731512]}",108.35300301429007,14.231470721731512,8988.208526532044
000000000000000002a3,0,748,0.0795815661850043,3,95,"{""type"":""Point"",""coordinates"":[108.62276970982144,14.261654376762293]}",108.62276970982144,14.261654376762293,766.3852342948483
00000000000000000321,0,749,0.706396599941379,3,95,"{""type"":""Point"",""coordinates"":[108.62061150491155,14.251679367705728]}",108.62061150491155,14.251679367705728,906.4645961744488
000000000000000003b6,0,951,0.3827142334511023,3,95,"{""type"":""Point"",""coordinates"":[108.53275829595658,14.477519458759605]}",108.53275829595658,14.477519458759605,1732.6778390881846
000000000000000003db,0,696,0.0343791535840593,3,95,"{""type"":""Point"",""coordinates"":[108.6076756527555,14.268120073289788]}",108.6076756527555,14.268120073289788,204.6611537140488
000000000000000003e5,0,1097,0.1241371985706524,3,95,"{""type"":""Point"",""coordinates"":[108.3998949209681,14.45676680245687]}",108.3998949209681,14.45676680245687,885.0356428389999
000000000000000004a4,0,725,0.5430244997950727,3,95,"{""type"":""Point"",""coordinates"":[108.6529533648522,14.20398036373702]}",108.6529533648522,14.20398036373702,5211.180033800007
00000000000000000152,0,1204,0.6161564536833465,4,95,"{""type"":""Point"",""coordinates"":[108.43654873162743,14.541926714375577]}",108.43654873162743,14.541926714375577,1070.4672380766078
00000000000000000241,0,790,0.689768379125392,4,95,"{""type"":""Point"",""coordinates"":[108.64378991218739,14.302348132976034]}",108.64378991218739,14.302348132976034,3783.230623621887
00000000000000000427,0,1103,0.6300730462941916,4,95,"{""type"":""Point"",""coordinates"":[108.36647841767358,14.350047136944745]}",108.36647841767358,14.350047136944745,3664.8368294034735
000000000000000004b2,0,992,0.2417345787567315,4,95,"{""type"":""Point"",""coordinates"":[108.54003108977474,14.545159562639325]}",108.54003108977474,14.545159562639325,6076.801502610566
00000000000000000585,0,994,0.0488532569350503,4,95,"{""type"":""Point"",""coordinates"":[108.58126439721595,14.563218921905783]}",108.58126439721595,14.563218921905783,10662.51978658845
000000000000000000b0,0,940,0.4699318949982281,5,95,"{""type"":""Point"",""coordinates"":[108.51523848791757,14.47347505410413]}",108.51523848791757,14.47347505410413,57.03335522089874
000000000000000000e0,0,1062,0.13169775008004,5,95,"{""type"":""Point"",""coordinates"":[108.5270952376187,14.499346758416223]}",108.5270952376187,14.499346758416223,2788.3635928553094
0000000000000000012e,0,1041,0.0420149839803312,5,95,"{""type"":""Point"",""coordinates"":[108.55943709755935,14.513361713027205]}",108.55943709755935,14.513361713027205,6365.784467910066
00000000000000000175,0,1574,0.643715980881292,5,95,"{""type"":""Point"",""coordinates"":[108.37806762131149,14.283749222482115]}",108.37806762131149,14.283749222482115,6815.863463088394
000000000000000002b7,0,1010,0.78433151973108,5,95,"{""type"":""Point"",""coordinates"":[108.51469893669012,14.29830372832056]}",108.51469893669012,14.29830372832056,1801.8349622113813
000000000000000002bd,0,939,0.430749883781929,5,95,"{""type"":""Point"",""coordinates"":[108.41984047998017,14.266501419607385]}",108.41984047998017,14.266501419607385,2043.291163706192
000000000000000002e0,0,1202,0.7894651706018267,5,95,"{""type"":""Point"",""coordinates"":[108.40905837363294,14.518213214973352]}",108.40905837363294,14.518213214973352,1890.9437961518024
00000000000000000357,0,699,0.0537712898236877,5,95,"{""type"":""Point"",""coordinates"":[108.6020170535187,14.2735111264634]}",108.6020170535187,14.2735111264634,14.796416282742484
0000000000000000045d,0,701,0.5630139466943038,5,95,"{""type"":""Point"",""coordinates"":[108.67019670862588,14.196703110817793]}",108.67019670862588,14.196703110817793,4809.874137689073
0000000000000000050a,0,738,0.5449354871494506,5,95,"{""type"":""Point"",""coordinates"":[108.51874334134558,14.277283525954616]}",108.51874334134558,14.277283525954616,1772.8869595846222
0000000000000000006e,0,909,0.7389670609225166,6,95,"{""type"":""Point"",""coordinates"":[108.49233208580604,14.362443437873322]}",108.49233208580604,14.362443437873322,28.999130151776587
00000000000000000198,0,888,0.103767792955028,6,95,"{""type"":""Point"",""coordinates"":[108.54488259172089,14.385621845149142]}",108.54488259172089,14.385621845149142,614.3834870078524
000000000000000001ae,0,745,0.4830172752452566,6,95,"{""type"":""Point"",""coordinates"":[108.53571913905607,14.25949617185242]}",108.53571913905607,14.25949617185242,139.2243483801783
00000000000000000215,0,840,0.1880361160205383,6,95,"{""type"":""Point"",""coordinates"":[108.51497094185437,14.310432483185933]}",108.51497094185437,14.310432483185933,2669.6358306543043
0000000000000000026c,0,663,0.00317036312513,6,95,"{""type"":""Point"",""coordinates"":[108.44409353060985,14.35112623939968]}",108.44409353060985,14.35112623939968,1866.6692174257855
000000000000000003d3,0,529,0.3483589159575082,6,95,"{""type"":""Point"",""coordinates"":[108.67774596670935,14.136875351983713]}",108.67774596670935,14.136875351983713,1075.8946037704739
000000000000000005f4,0,1029,0.0977066083992017,6,95,"{""type"":""Point"",""coordinates"":[108.52844634523788,14.521713609300306]}",108.52844634523788,14.521713609300306,3459.47219145387
000000000000000005f8,0,794,0.5910110675709643,6,95,"{""type"":""Point"",""coordinates"":[108.6413641612143,14.321749681659583]}",108.6413641612143,14.321749681659583,4417.9367280941
0000000000000000019e,0,786,0.3532304931711952,7,95,"{""type"":""Point"",""coordinates"":[108.59177449839893,14.314744433904615]}",108.59177449839893,14.314744433904615,562.5838699767277
000000000000000001a9,0,1040,0.1798780224678943,7,95,"{""type"":""Point"",""coordinates"":[108.54650124540329,14.574536120379427]}",108.54650124540329,14.574536120379427,9062.623802010829
000000000000000001fb,0,1127,0.7454471733421798,7,95,"{""type"":""Point"",""coordinates"":[108.39127101953075,14.204519914964484]}",108.39127101953075,14.204519914964484,5414.712359200961
000000000000000002a4,0,1192,0.7618577195346973,7,95,"{""type"":""Point"",""coordinates"":[108.32901750972358,14.260842820370561]}",108.32901750972358,14.260842820370561,7389.291561491067
0000000000000000061e,0,644,0.2699803157809173,7,95,"{""type"":""Point"",""coordinates"":[108.59231404962641,14.213950913692528]}",108.59231404962641,14.213950913692528,1096.6220762348958
00000000000000000158,0,919,0.0550653129847348,8,95,"{""type"":""Point"",""coordinates"":[108.48963878876975,14.084324846068851]}",108.48963878876975,14.084324846068851,3996.959252204785
000000000000000001bf,0,800,0.6343136807090024,8,95,"{""type"":""Point"",""coordinates"":[108.45271743204722,14.266773424771644]}",108.45271743204722,14.266773424771644,579.9057164907958
000000000000000001f4,0,1210,0.3444921291641116,8,95,"{""type"":""Point"",""coordinates"":[108.35650786771808,14.280516374218367]}",108.35650786771808,14.280516374218367,5926.5298002433055
000000000000000002fc,0,993,0.5650276436689187,8,95,"{""type"":""Point"",""coordinates"":[108.53248629079232,14.552436815558547]}",108.53248629079232,14.552436815558547,6186.082731747958
00000000000000000424,0,1148,0.7852384696515017,8,95,"{""type"":""Point"",""coordinates"":[108.45864357734725,14.084596851233112]}",108.45864357734725,14.084596851233112,6146.6069603244305
000000000000000004cb,0,923,0.5484345242495925,8,95,"{""type"":""Point"",""coordinates"":[108.48451528165936,14.376997943711777]}",108.48451528165936,14.376997943711777,1703.824923225796
000000000000000004dd,0,871,0.0966413557769321,8,95,"{""type"":""Point"",""coordinates"":[108.32524511023236,14.388047596122213]}",108.32524511023236,14.388047596122213,470.44106666233307
00000000000000000546,0,660,0.7037463332481732,8,95,"{""type"":""Point"",""coordinates"":[108.63058205486706,14.182420610143609]}",108.63058205486706,14.182420610143609,1857.6471339138484
00000000000000000166,0,961,0.3809785718189188,9,95,"{""type"":""Point"",""coordinates"":[108.48882723237801,14.407988696033222]}",108.48882723237801,14.407988696033222,1497.2052302084785
000000000000000001f0,0,1618,0.3815248024755884,9,95,"{""type"":""Point"",""coordinates"":[108.36998327110157,14.283749222482115]}",108.36998327110157,14.283749222482115,6470.812091220573
0000000000000000020e,0,961,0.1685859768591522,9,95,"{""type"":""Point"",""coordinates"":[108.53194673956486,14.542198719539835]}",108.53194673956486,14.542198719539835,5245.1477208327615
00000000000000000265,0,1232,0.4035225939880731,9,95,"{""type"":""Point"",""coordinates"":[108.4176822750703,14.545159562639325]}",108.4176822750703,14.545159562639325,3812.3341956812856
0000000000000000035e,0,1103,0.3688036565456992,9,95,"{""type"":""Point"",""coordinates"":[108.39692961876756,14.450296646828315]}",108.39692961876756,14.450296646828315,1352.2858462429606
00000000000000000437,0,969,0.536309679316324,9,95,"{""type"":""Point"",""coordinates"":[108.53787734396592,14.538961412175034]}",108.53787734396592,14.538961412175034,5431.099995040939
000000000000000005f6,0,1113,0.2471282596705051,9,95,"{""type"":""Point"",""coordinates"":[108.48559438411426,14.48048030185909]}",108.48559438411426,14.48048030185909,1681.3867222288297
00000000000000000601,0,623,0.6365186596404716,9,95,"{""type"":""Point"",""coordinates"":[108.61603200812968,14.177301562134256]}",108.61603200812968,14.177301562134256,260.1119640852784
00000000000000000084,0,1480,0.5548725392140496,10,95,"{""type"":""Point"",""coordinates"":[108.334141016834,14.234971116058471]}",108.334141016834,14.234971116058471,10262.104703960898
000000000000000000f6,0,974,0.2019028674220756,10,95,"{""type"":""Point"",""coordinates"":[108.48963878876975,14.4104144470063]}",108.48963878876975,14.4104144470063,1773.071178210188
000000000000000002eb,0,896,0.7010503917130539,10,95,"{""type"":""Point"",""coordinates"":[108.53787734396593,14.386968493667277]}",108.53787734396593,14.386968493667277,150.13542229480478
00000000000000000380,0,1037,0.5145941919776647,10,95,"{""type"":""Point"",""coordinates"":[108.43978157989118,14.40637004235082]}",108.43978157989118,14.40637004235082,262.6749978242749
00000000000000000383,0,681,0.028479467151979,10,95,"{""type"":""Point"",""coordinates"":[108.5322187447291,14.231198716567256]}",108.5322187447291,14.231198716567256,693.6384955970993
0000000000000000041c,0,822,0.08380982894119,10,95,"{""type"":""Point"",""coordinates"":[108.63031450880386,14.348968034489813]}",108.63031450880386,14.348968034489813,2934.9241457873723
0000000000000000061f,0,939,0.5421430331426036,10,95,"{""type"":""Point"",""coordinates"":[108.5384168951934,14.475093707786531]}",108.5384168951934,14.475093707786531,122.81690672088142
0000000000000000063e,0,1521,0.2418189639445321,10,95,"{""type"":""Point"",""coordinates"":[108.35327501945432,14.253030475324925]}",108.35327501945432,14.253030475324925,8617.457163424499
000000000000000000b2,0,755,0.5770893798672126,11,95,"{""type"":""Point"",""coordinates"":[108.53167919350163,14.288061173200793]}",108.53167919350163,14.288061173200793,401.10724470889903
00000000000000000168,0,1004,0.6952687226371528,11,95,"{""type"":""Point"",""coordinates"":[108.55027364489452,14.482638506768959]}",108.55027364489452,14.482638506768959,3598.977385394634
0000000000000000024d,0,672,0.5815163173082091,11,95,"{""type"":""Point"",""coordinates"":[108.55027364489452,14.271892472781]}",108.55027364489452,14.271892472781,57.68681142390001
00000000000000000309,0,631,0.1764164151568147,11,95,"{""type"":""Point"",""coordinates"":[108.58800209890771,14.206673660773301]}",108.58800209890771,14.206673660773301,1300.7598764208542
00000000000000000374,0,939,0.66266463196218,11,95,"{""type"":""Point"",""coordinates"":[108.3389880596791,14.339537035761776]}",108.3389880596791,14.339537035761776,758.1159434662083
000000000000000004f4,0,1034,0.4177781490132948,11,95,"{""type"":""Point"",""coordinates"":[108.42846438141754,14.369448685628292]}",108.42846438141754,14.369448685628292,1619.1499986562114
00000000000000000572,0,919,0.0286839032674163,11,95,"{""type"":""Point"",""coordinates"":[108.520361995028,14.432513751827175]}",108.520361995028,14.432513751827175,1773.8010123084005
000000000000000000d6,0,863,0.3610251416181548,12,95,"{""type"":""Point"",""coordinates"":[108.62195815342972,14.366755388592013]}",108.62195815342972,14.366755388592013,1116.1940761912301
00000000000000000114,0,826,0.1801596161059516,12,95,"{""type"":""Point"",""coordinates"":[108.63112160609454,14.31609108242276]}",108.63112160609454,14.31609108242276,3160.014696999986
00000000000000000128,0,822,0.5557184090884251,12,95,"{""type"":""Point"",""coordinates"":[108.4850548328868,14.2815954766733]}",108.4850548328868,14.2815954766733,918.6402896158069
000000000000000001bc,0,991,0.6556262163596214,12,95,"{""type"":""Point"",""coordinates"":[108.57291250094285,14.473207508040922]}",108.57291250094285,14.473207508040922,4855.883116651945
000000000000000002a7,0,1066,0.4787296094037132,12,95,"{""type"":""Point"",""coordinates"":[108.41848937236097,14.420652543025009]}",108.41848937236097,14.420652543025009,993.1345533459329
0000000000000000043b,0,1044,0.5315246850303219,12,95,"{""type"":""Point"",""coordinates"":[108.53491204176538,14.575075671606895]}",108.53491204176538,14.575075671606895,8495.647480600928
000000000000000005dd,0,746,0.1987401037070687,12,95,"{""type"":""Point"",""coordinates"":[108.45595028031096,14.158707110741384]}",108.45595028031096,14.158707110741384,113.2169413768057
000000000000000005f3,0,892,0.1099115493099404,12,95,"{""type"":""Point"",""coordinates"":[108.59905175131814,14.525486008791525]}",108.59905175131814,14.525486008791525,8336.507416116605
000000000000000000a1,0,946,0.3890051944260995,13,95,"{""type"":""Point"",""coordinates"":[108.52305529206427,14.474282151394801]}",108.52305529206427,14.474282151394801,721.6405947717911
0000000000000000019c,0,868,0.1640187712113664,13,95,"{""type"":""Point"",""coordinates"":[108.46214843077526,14.385349839984878]}",108.46214843077526,14.385349839984878,567.0664445247307
0000000000000000037f,0,1071,0.6169726777936494,13,95,"{""type"":""Point"",""coordinates"":[108.51415938546265,14.088369250724329]}",108.51415938546265,14.088369250724329,2175.1503015444764
000000000000000003e4,0,1497,0.5658133949746939,13,95,"{""type"":""Point"",""coordinates"":[108.33278990921478,14.250065173124383]}",108.33278990921478,14.250065173124383,8585.920909825993
00000000000000000537,0,1302,0.4481752243579832,13,95,"{""type"":""Point"",""coordinates"":[108.37213701691039,14.565372667714596]}",108.37213701691039,14.565372667714596,5975.539165823064
000000000000000005a6,0,842,0.282755053595049,13,95,"{""type"":""Point"",""coordinates"":[108.61737865664782,14.497460558670618]}",108.61737865664782,14.497460558670618,8765.54157187363
00000000000000000620,0,1218,0.2203615359964055,13,95,"{""type"":""Point"",""coordinates"":[108.39935536974065,14.590704820799223]}",108.39935536974065,14.590704820799223,5759.305167435507
000000000000000000de,0,1426,0.1918001198986887,14,95,"{""type"":""Point"",""coordinates"":[108.37132991961971,14.175682908451854]}",108.37132991961971,14.175682908451854,8976.418415068985
0000000000000000015a,0,722,0.4133409888336267,14,95,"{""type"":""Point"",""coordinates"":[108.6613052611253,14.20047551030901]}",108.6613052611253,14.20047551030901,5246.421783281306
00000000000000000227,0,1206,0.1479337695175989,14,95,"{""type"":""Point"",""coordinates"":[108.46753948394887,14.54435246534865]}",108.46753948394887,14.54435246534865,1802.8695847525205
00000000000000000228,0,1150,0.7243291506930254,14,95,"{""type"":""Point"",""coordinates"":[108.43035058116314,14.481559404314025]}",108.43035058116314,14.481559404314025,2543.421911573179
00000000000000000453,0,1285,0.2006326508943868,14,95,"{""type"":""Point"",""coordinates"":[108.40636507659666,14.584239124271722]}",108.40636507659666,14.584239124271722,4717.700752437389
000000000000000005a7,0,628,0.7836225379946281,14,95,"{""type"":""Point"",""coordinates"":[108.52143663838187,14.208292314455703]}",108.52143663838187,14.208292314455703,266.24451949597653
00000000000000000011,0,738,0.5141633095247656,15,95,"{""type"":""Point"",""coordinates"":[108.64055260482256,14.235243121222728]}",108.64055260482256,14.235243121222728,2709.2173309494183
00000000000000000119,0,1038,0.317447755901461,15,95,"{""type"":""Point"",""coordinates"":[108.45945513373898,14.44221229661842]}",108.45945513373898,14.44221229661842,140.39773759384173
00000000000000000626,0,1149,0.1337732654540421,15,95,"{""type"":""Point"",""coordinates"":[108.39073146830326,14.460271655884874]}",108.39073146830326,14.460271655884874,1598.1775340587012
0000000000000000007e,0,1525,0.7911345967497759,16,95,"{""type"":""Point"",""coordinates"":[108.33360146560652,14.229852068049112]}",108.33360146560652,14.229852068049112,10826.67218106988
00000000000000000302,0,968,0.6800429894978918,16,95,"{""type"":""Point"",""coordinates"":[108.50769368893516,14.447335803728828]}",108.50769368893516,14.447335803728828,2186.018181098621
0000000000000000062d,0,1005,0.0862170264473142,16,95,"{""type"":""Point"",""coordinates"":[108.53356539324724,14.570763720888209]}",108.53356539324724,14.570763720888209,8003.019647354329
00000000000000000095,0,723,0.002495695141446,17,95,"{""type"":""Point"",""coordinates"":[108.52979299375602,14.243867022660092]}",108.52979299375602,14.243867022660092,1588.984092257288
0000000000000000033c,0,854,0.1762497796143609,17,95,"{""type"":""Point"",""coordinates"":[108.47697048267692,14.326868729668934]}",108.47697048267692,14.326868729668934,107.22489410745172
000000000000000003e2,0,953,0.65130938772238,17,95,"{""type"":""Point"",""coordinates"":[108.59016030381757,14.557288317504698]}",108.59016030381757,14.557288317504698,10506.317010412167
00000000000000000488,0,850,0.3187325794993981,17,95,"{""type"":""Point"",""coordinates"":[108.540303094939,14.297496631029887]}",108.540303094939,14.297496631029887,939.7322806930359
000000000000000004da,0,1095,0.7574803334300916,17,95,"{""type"":""Point"",""coordinates"":[108.37564187033841,14.236857315804079]}",108.37564187033841,14.236857315804079,6625.045785798153
00000000000000000566,0,845,0.0324150165256356,17,95,"{""type"":""Point"",""coordinates"":[108.59285360085386,14.368913593501878]}",108.59285360085386,14.368913593501878,736.457758650018
000000000000000000cd,0,1310,0.5973959397930431,18,95,"{""type"":""Point"",""coordinates"":[108.37079036839226,14.309620926794208]}",108.37079036839226,14.309620926794208,4690.668248948428
00000000000000000322,0,959,0.6726520232709695,18,95,"{""type"":""Point"",""coordinates"":[108.33952761090654,14.348968034489813]}",108.33952761090654,14.348968034489813,951.5225061801948
000000000000000003a7,0,650,0.6340674460503501,18,95,"{""type"":""Point"",""coordinates"":[108.5009559872434,14.17918776187986]}",108.5009559872434,14.17918776187986,2053.441402004575
000000000000000001e9,0,1188,0.3899536245245679,19,95,"{""type"":""Point"",""coordinates"":[108.36378512063729,14.49180195943379]}",108.36378512063729,14.49180195943379,2187.239837677346
00000000000000000435,0,1021,0.150752669427669,19,95,"{""type"":""Point"",""coordinates"":[108.33764141116094,14.33576463627056]}",108.33764141116094,14.33576463627056,443.74797809536085
00000000000000000214,0,938,0.0031256988501403,20,95,"{""type"":""Point"",""coordinates"":[108.45352452933788,14.40259764285961]}",108.45352452933788,14.40259764285961,442.6908028562495
00000000000000000267,0,1090,0.2203723532217313,20,95,"{""type"":""Point"",""coordinates"":[108.32443801294168,14.289140275655729]}",108.32443801294168,14.289140275655729,4300.705145692375
0000000000000000026f,0,750,0.2708518718250263,20,95,"{""type"":""Point"",""coordinates"":[108.4729305371225,14.222307269066683]}",108.4729305371225,14.222307269066683,1524.6774186168295
000000000000000002c7,0,836,0.5866945879808355,20,95,"{""type"":""Point"",""coordinates"":[108.52763478884617,14.087290148269394]}",108.52763478884617,14.087290148269394,1008.0216699472317
00000000000000000106,0,1039,0.2500286795980649,21,95,"{""type"":""Point"",""coordinates"":[108.40663262265987,14.379958786811263]}",108.40663262265987,14.379958786811263,2283.3238193859
0000000000000000062f,0,926,0.7370876756004883,21,95,"{""type"":""Point"",""coordinates"":[108.60147750229122,14.519827409554699]}",108.60147750229122,14.519827409554699,8135.353018889705
0000000000000000007b,0,1031,0.0430089879439155,22,95,"{""type"":""Point"",""coordinates"":[108.34680486382577,14.455148148774466]}",108.34680486382577,14.455148148774466,2849.672191049423
000000000000000000a6,0,1057,0.5453323019137262,22,95,"{""type"":""Point"",""coordinates"":[108.48963878876975,14.477247453595345]}",108.48963878876975,14.477247453595345,1539.2884735230355
000000000000000002ab,0,1254,0.5866458802539012,22,95,"{""type"":""Point"",""coordinates"":[108.30368535663895,14.409607349715621]}",108.30368535663895,14.409607349715621,3201.781138314023
00000000000000000301,0,1118,0.5742766262923461,22,95,"{""type"":""Point"",""coordinates"":[108.31931896493232,14.311779131704073]}",108.31931896493232,14.311779131704073,2077.0783025020987
0000000000000000039c,0,808,0.4448051009171653,22,95,"{""type"":""Point"",""coordinates"":[108.45109877836481,14.378344592229912]}",108.45109877836481,14.378344592229912,290.8895350728717
00000000000000000155,0,1241,0.0424312394899729,23,95,"{""type"":""Point"",""coordinates"":[108.36432467186476,14.493416154015136]}",108.36432467186476,14.493416154015136,2059.1929411777373
000000000000000001b1,0,754,0.3567540450834968,23,95,"{""type"":""Point"",""coordinates"":[108.47616338538623,14.082438646323247]}",108.47616338538623,14.082438646323247,4593.501589942304
0000000000000000034c,0,1250,0.191475180014543,23,95,"{""type"":""Point"",""coordinates"":[108.36162691572743,14.411493549461234]}",108.36162691572743,14.411493549461234,723.9159248872203
00000000000000000407,0,866,0.494652286928926,23,95,"{""type"":""Point"",""coordinates"":[108.33144326069666,14.35031468300795]}",108.33144326069666,14.35031468300795,117.12510073642434
00000000000000000468,0,1533,0.3711942063112037,23,95,"{""type"":""Point"",""coordinates"":[108.34437911285269,14.246832324860636]}",108.34437911285269,14.246832324860636,9067.821041499481
00000000000000000525,0,592,0.5097925874888263,24,95,"{""type"":""Point"",""coordinates"":[108.56778899383244,14.143613053675473]}",108.56778899383244,14.143613053675473,338.97909274393214
0000000000000000036f,0,944,0.0266013664316681,25,95,"{""type"":""Point"",""coordinates"":[108.46349507929341,14.130949206683681]}",108.46349507929341,14.130949206683681,2269.2346981540672
000000000000000000ed,0,992,0.347022882207151,26,95,"{""type"":""Point"",""coordinates"":[108.5168571416,14.062765092475443]}",108.5168571416,14.062765092475443,995.5837046819776
0000000000000000018f,0,882,0.4124113621551674,27,95,"{""type"":""Point"",""coordinates"":[108.4710443373769,14.25195137286999]}",108.4710443373769,14.25195137286999,797.7342058374702
000000000000000001ea,0,1493,0.2571456914270351,27,95,"{""type"":""Point"",""coordinates"":[108.32901750972357,14.248718524606241]}",108.32901750972357,14.248718524606241,8732.139446177975
00000000000000000244,0,1166,0.7533998950576012,27,95,"{""type"":""Point"",""coordinates"":[108.4230733282439,14.498267655961287]}",108.4230733282439,14.498267655961287,693.1572956225865
00000000000000000355,0,1007,0.6479351033437755,27,95,"{""type"":""Point"",""coordinates"":[108.33656230870601,14.31366533144968]}",108.33656230870601,14.31366533144968,1677.3445342935577
00000000000000000381,0,994,0.1685090906008658,27,95,"{""type"":""Point"",""coordinates"":[108.39746916999503,14.242248368977695]}",108.39746916999503,14.242248368977695,4516.798853428084
000000000000000001d7,0,1078,0.4207639515195125,28,95,"{""type"":""Point"",""coordinates"":[108.32524511023236,14.380230791975523]}",108.32524511023236,14.380230791975523,709.0253191761984
0000000000000000027c,0,863,0.3038661609914185,28,95,"{""type"":""Point"",""coordinates"":[108.46942568369447,14.24278792020516]}",108.46942568369447,14.24278792020516,452.9508463775809
000000000000000002fb,0,1227,0.7749897146185072,28,95,"{""type"":""Point"",""coordinates"":[108.3594731699186,14.348968034489813]}",108.3594731699186,14.348968034489813,2970.0393240604503
0000000000000000012c,0,836,0.1773222065846083,29,95,"{""type"":""Point"",""coordinates"":[108.55377849832253,14.302348132976038]}",108.55377849832253,14.302348132976038,2325.4767799855153
000000000000000004cd,0,964,0.5103035121307525,31,95,"{""type"":""Point"",""coordinates"":[108.31662120879498,14.415533495015652]}",108.31662120879498,14.415533495015652,1875.877584787594
000000000000000004b8,0,1420,0.5106968476063388,32,95,"{""type"":""Point"",""coordinates"":[108.36162691572743,14.286714524682653]}",108.36162691572743,14.286714524682653,5645.792787997005
0000000000000000059e,0,1534,0.3722767770085153,32,95,"{""type"":""Point"",""coordinates"":[108.36513176915544,14.273511126463399]}",108.36513176915544,14.273511126463399,7067.260636648278
000000000000000001e2,0,895,0.5208690495617554,33,95,"{""type"":""Point"",""coordinates"":[108.44032113111865,14.36352254032826]}",108.44032113111865,14.36352254032826,1078.505763171982
00000000000000000027,0,975,0.4914314514998903,34,95,"{""type"":""Point"",""coordinates"":[108.46915367853022,14.139840654184255]}",108.46915367853022,14.139840654184255,1175.914231531637
000000000000000003de,0,1216,0.3252120453546097,34,95,"{""type"":""Point"",""coordinates"":[108.3896568249494,14.36352254032826]}",108.3896568249494,14.36352254032826,4826.017216243658
0000000000000000003e,0,1277,0.0815602477442692,36,95,"{""type"":""Point"",""coordinates"":[108.3319828119241,14.271352921553536]}",108.3319828119241,14.271352921553536,6226.22937491574
00000000000000000545,0,1005,0.2419313870236595,37,95,"{""type"":""Point"",""coordinates"":[108.33629476264281,14.372413987828832]}",108.33629476264281,14.372413987828832,513.8846126791043
0000000000000000054d,0,1456,0.3942302294060184,37,95,"{""type"":""Point"",""coordinates"":[108.3389880596791,14.269466721807927]}",108.3389880596791,14.269466721807927,6500.214064517946
000000000000000000eb,0,733,0.3484165184266589,38,95,"{""type"":""Point"",""coordinates"":[108.50661458648021,14.293724231538672]}",108.50661458648021,14.293724231538672,1053.512396379638
0000000000000000056d,0,774,0.2153468603935968,38,95,"{""type"":""Point"",""coordinates"":[108.50149553847086,14.073814744885881]}",108.50149553847086,14.073814744885881,2536.059268112611
00000000000000000276,0,1224,0.7150317934101461,40,95,"{""type"":""Point"",""coordinates"":[108.41148412460602,14.336032182333765]}",108.41148412460602,14.336032182333765,5366.5054672890765
0000000000000000019f,0,1107,0.3816026353900238,43,95,"{""type"":""Point"",""coordinates"":[108.31931896493232,14.394780838712915]}",108.31931896493232,14.394780838712915,1262.5056240226372
00000000000000000070,0,637,0.0167370375666454,5,96,"{""type"":""Point"",""coordinates"":[108.4893667836055,14.208024768392495]}",108.4893667836055,14.208024768392495,236.63888391366206
000000000000000000d9,0,987,0.7354744611560321,5,96,"{""type"":""Point"",""coordinates"":[108.48182198462307,14.096721146997432]}",108.48182198462307,14.096721146997432,4757.415872381146
0000000000000000018a,0,1591,0.5685333677245176,5,96,"{""type"":""Point"",""coordinates"":[108.37025081716479,14.294798874892551]}",108.37025081716479,14.294798874892551,5634.052664407666
0000000000000000054c,0,846,0.125989339339563,5,96,"{""type"":""Point"",""coordinates"":[108.62115105613903,14.354626633726637]}",108.62115105613903,14.354626633726637,1769.127493478793
0000000000000000023a,0,770,0.128938595002313,6,96,"{""type"":""Point"",""coordinates"":[108.61980440762089,14.274050677690868]}",108.61980440762089,14.274050677690868,1042.5058302113662
0000000000000000051d,0,652,0.2323621784588699,6,96,"{""type"":""Point"",""coordinates"":[108.6254630068577,14.163558612687535]}",108.6254630068577,14.163558612687535,300.85393491498127
000000000000000005cb,0,836,0.3372114994460797,6,96,"{""type"":""Point"",""coordinates"":[108.58018975386207,14.362710983936534]}",108.58018975386207,14.362710983936534,7.554691923525772
00000000000000000140,0,723,0.5401314810941256,7,96,"{""type"":""Point"",""coordinates"":[108.41390987557908,14.20532701225516]}",108.41390987557908,14.20532701225516,3335.6054221861677
00000000000000000343,0,1109,0.7428662945778626,8,96,"{""type"":""Point"",""coordinates"":[108.55162029341265,14.341690781570591]}",108.55162029341265,14.341690781570591,686.7294654784855
0000000000000000013b,0,859,0.3441238369343419,12,96,"{""type"":""Point"",""coordinates"":[108.61144805224674,14.333338885297483]}",108.61144805224674,14.333338885297483,3143.0193794440293
00000000000000000605,0,855,0.5889208891265102,24,96,"{""type"":""Point"",""coordinates"":[108.46780703001207,14.103730853853447]}",108.46780703001207,14.103730853853447,5071.902566980016
0000000000000000009e,0,1398,0.1890718679292909,34,96,"{""type"":""Point"",""coordinates"":[108.36081981843675,14.229584521985908]}",108.36081981843675,14.229584521985908,8133.86612162765
00000000000000000066,0,1041,0.3786685556357757,1,97,"{""type"":""Point"",""coordinates"":[108.56428859950549,14.514168810317877]}",108.56428859950549,14.514168810317877,6832.527153846847
000000000000000000c8,0,1540,0.367708620000399,1,97,"{""type"":""Point"",""coordinates"":[108.38103292351202,14.29399177760188]}",108.38103292351202,14.29399177760188,6582.901109658024
00000000000000000207,0,1083,0.548311937265414,1,97,"{""type"":""Point"",""coordinates"":[108.51982244380054,14.537614763656896]}",108.51982244380054,14.537614763656896,4066.381834982884
00000000000000000331,0,1019,0.7707178112584211,1,97,"{""type"":""Point"",""coordinates"":[108.4950253828423,14.437365253773324]}",108.4950253828423,14.437365253773324,3939.2601049559444
000000000000000004c7,0,693,0.7322846368704785,1,97,"{""type"":""Point"",""coordinates"":[108.65699331040663,14.1789157567156]}",108.65699331040663,14.1789157567156,3014.651308210741
00000000000000000579,0,744,0.2740993900302967,1,97,"{""type"":""Point"",""coordinates"":[108.52197618960933,14.257609972106813]}",108.52197618960933,14.257609972106813,1624.5674451346001
0000000000000000059a,0,848,0.5334340933057258,1,97,"{""type"":""Point"",""coordinates"":[108.63031450880386,14.345467640162859]}",108.63031450880386,14.345467640162859,3133.793896834322
00000000000000000641,0,1036,0.3594546886141881,1,97,"{""type"":""Point"",""coordinates"":[108.54164974345716,14.58369957304426]}",108.54164974345716,14.58369957304426,9676.232047130688
0000000000000000064b,0,971,0.0993088913779175,1,97,"{""type"":""Point"",""coordinates"":[108.59312114691707,14.526025560018985]}",108.59312114691707,14.526025560018985,7916.055814545802
000000000000000000a3,0,1100,0.623617756875456,2,97,"{""type"":""Point"",""coordinates"":[108.4098654709236,14.416612597470582]}",108.4098654709236,14.416612597470582,51.24317382648727
000000000000000000ae,0,929,0.2199890616115981,2,97,"{""type"":""Point"",""coordinates"":[108.51605004430931,14.421192094252474]}",108.51605004430931,14.421192094252474,2916.5132730912987
00000000000000000148,0,878,0.4902434538113012,2,97,"{""type"":""Point"",""coordinates"":[108.59258605479064,14.432241746662914]}",108.59258605479064,14.432241746662914,2171.493768821415
000000000000000001b8,0,977,0.0319594456794294,2,97,"{""type"":""Point"",""coordinates"":[108.51766423889066,14.387775590957949]}",108.51766423889066,14.387775590957949,1146.6724028662143
000000000000000001f5,0,1130,0.0047239548462042,2,97,"{""type"":""Point"",""coordinates"":[108.39261766804887,14.444098496364028]}",108.39261766804887,14.444098496364028,1253.611965601858
00000000000000000236,0,747,0.0152117406812287,2,97,"{""type"":""Point"",""coordinates"":[108.6216906073665,14.254916675070536]}",108.6216906073665,14.254916675070536,715.1881595045915
00000000000000000297,0,1172,0.5692257610342316,2,97,"{""type"":""Point"",""coordinates"":[108.41067702731533,14.363790086391466]}",108.41067702731533,14.363790086391466,3181.1484812807776
0000000000000000031f,0,699,0.7259267559416274,2,97,"{""type"":""Point"",""coordinates"":[108.59770510280002,14.247367416987048]}",108.59770510280002,14.247367416987048,93.6115026072397
00000000000000000358,0,918,0.0612497958570011,2,97,"{""type"":""Point"",""coordinates"":[108.49987688478845,14.384270737529945]}",108.49987688478845,14.384270737529945,637.1413549545935
0000000000000000040e,0,966,0.3108667995118215,2,97,"{""type"":""Point"",""coordinates"":[108.52359484329175,14.412300646751904]}",108.52359484329175,14.412300646751904,2900.7746644238714
00000000000000000412,0,754,0.477222301489595,2,97,"{""type"":""Point"",""coordinates"":[108.65887951015223,14.234431564831]}",108.65887951015223,14.234431564831,4688.324155377271
0000000000000000048e,0,806,0.1659270262358678,2,97,"{""type"":""Point"",""coordinates"":[108.62734920660331,14.283214130355699]}",108.62734920660331,14.283214130355699,1534.3584476938756
00000000000000000540,0,787,0.6034264923481248,2,97,"{""type"":""Point"",""coordinates"":[108.64513656070551,14.27000627303539]}",108.64513656070551,14.27000627303539,3353.168113342485
0000000000000000055f,0,877,0.7689204433295883,2,97,"{""type"":""Point"",""coordinates"":[108.574259149461,14.414726397724976]}",108.574259149461,14.414726397724976,241.876991782813
00000000000000000571,0,1075,0.5220495024975497,2,97,"{""type"":""Point"",""coordinates"":[108.43088567328955,14.422810747934879]}",108.43088567328955,14.422810747934879,647.1304252568297
000000000000000005ad,0,889,0.1885014163635436,2,97,"{""type"":""Point"",""coordinates"":[108.59743309763576,14.405830491123353]}",108.59743309763576,14.405830491123353,1818.749520890866
000000000000000005dc,0,680,0.7711991734675997,2,97,"{""type"":""Point"",""coordinates"":[108.59231404962641,14.231198716567253]}",108.59231404962641,14.231198716567253,177.52080945693103
00000000000000000615,0,745,0.4370179779550639,2,97,"{""type"":""Point"",""coordinates"":[108.64621566316045,14.223653917584823]}",108.64621566316045,14.223653917584823,3679.2277013269822
0000000000000000064a,0,976,0.2534698309730733,2,97,"{""type"":""Point"",""coordinates"":[108.5384168951934,14.566451770169529]}",108.5384168951934,14.566451770169529,7838.914372474491
00000000000000000026,0,707,0.1825807301374814,3,97,"{""type"":""Point"",""coordinates"":[108.62761675266653,14.199940418182598]}",108.62761675266653,14.199940418182598,2040.3501823885229
000000000000000000ab,0,1163,0.0035161627878051,3,97,"{""type"":""Point"",""coordinates"":[108.40825127634226,14.356784838636502]}",108.40825127634226,14.356784838636502,3975.534942918184
000000000000000000df,0,1164,0.5747667836517155,3,97,"{""type"":""Point"",""coordinates"":[108.38156801563844,14.361096789355184]}",108.38156801563844,14.361096789355184,5170.583258431239
000000000000000001aa,0,881,0.1072484448570055,3,97,"{""type"":""Point"",""coordinates"":[108.54138219739394,14.454073505420586]}",108.54138219739394,14.454073505420586,905.1473530962206
000000000000000001cb,0,1215,0.1464556104508723,3,97,"{""type"":""Point"",""coordinates"":[108.39046392224006,14.520638965946423]}",108.39046392224006,14.520638965946423,2545.414418304722
000000000000000001dc,0,750,0.013635207237422,3,97,"{""type"":""Point"",""coordinates"":[108.65941906137971,14.240094623168877]}",108.65941906137971,14.240094623168877,4730.462302414945
000000000000000001e3,0,1216,0.1905299020403152,3,97,"{""type"":""Point"",""coordinates"":[108.42576662528019,14.526565111246454]}",108.42576662528019,14.526565111246454,1117.0632112854262
00000000000000000203,0,931,0.2363794817570111,3,97,"{""type"":""Point"",""coordinates"":[108.56320949705056,14.546506211157464]}",108.56320949705056,14.546506211157464,8101.783124949131
00000000000000000234,0,835,0.7835314440120491,3,97,"{""type"":""Point"",""coordinates"":[108.61629955419288,14.323368335341979]}",108.61629955419288,14.323368335341979,2970.91366412087
000000000000000002a8,0,728,0.1577261231486754,3,97,"{""type"":""Point"",""coordinates"":[108.65295336485221,14.209371416910637]}",108.65295336485221,14.209371416910637,5601.209291325576
000000000000000002c9,0,936,0.7771913526107964,3,97,"{""type"":""Point"",""coordinates"":[108.52359484329175,14.474014605331595]}",108.52359484329175,14.474014605331595,741.1419144866494
000000000000000002ea,0,1056,0.6583710096517301,3,97,"{""type"":""Point"",""coordinates"":[108.50122353330661,14.492341510661253]}",108.50122353330661,14.492341510661253,299.4169974404918
0000000000000000031b,0,802,0.0320549699010667,3,97,"{""type"":""Point"",""coordinates"":[108.62034395884837,14.297764177093095]}",108.62034395884837,14.297764177093095,1207.123434336733
0000000000000000031e,0,1066,0.2872453224572324,3,97,"{""type"":""Point"",""coordinates"":[108.47885668242252,14.503119157907438]}",108.47885668242252,14.503119157907438,930.8091621951247
0000000000000000034e,0,677,0.0232029140976366,3,97,"{""type"":""Point"",""coordinates"":[108.59258605479064,14.230659165339787]}",108.59258605479064,14.230659165339787,128.33344054598683
0000000000000000035b,0,840,0.3378173463037772,3,97,"{""type"":""Point"",""coordinates"":[108.61172005741099,14.329834031869478]}",108.61172005741099,14.329834031869478,3035.771672676123
00000000000000000373,0,909,0.1751372070361407,3,97,"{""type"":""Point"",""coordinates"":[108.60255660474617,14.393434190194771]}",108.60255660474617,14.393434190194771,1492.8893196435085
00000000000000000376,0,1046,0.3404050670254543,3,97,"{""type"":""Point"",""coordinates"":[108.55835799510442,14.50392625519811]}",108.55835799510442,14.50392625519811,3669.780883465283
0000000000000000037d,0,780,0.5333582299135818,3,97,"{""type"":""Point"",""coordinates"":[108.4624204359395,14.26569432231671]}",108.4624204359395,14.26569432231671,681.9194529246007
00000000000000000391,0,678,0.1009451571233753,3,97,"{""type"":""Point"",""coordinates"":[108.67801351277257,14.189158311835365]}",108.67801351277257,14.189158311835365,4142.581294688693
000000000000000003be,0,920,0.3754225079613984,3,97,"{""type"":""Point"",""coordinates"":[108.56832854505991,14.569417072370076]}",108.56832854505991,14.569417072370076,10137.785138814837
000000000000000003dc,0,1038,0.0779674986310048,3,97,"{""type"":""Point"",""coordinates"":[108.47400518047637,14.486143360196968]}",108.47400518047637,14.486143360196968,2653.281053715593
00000000000000000452,0,687,0.1450996976423081,3,97,"{""type"":""Point"",""coordinates"":[108.59069985504505,14.232010272958982]}",108.59069985504505,14.232010272958982,268.66893465159905
00000000000000000460,0,969,0.0255124638585769,3,97,"{""type"":""Point"",""coordinates"":[108.47804958513184,14.376997943711773]}",108.47804958513184,14.376997943711773,1738.224986992923
0000000000000000046a,0,1008,0.7841428805622725,3,97,"{""type"":""Point"",""coordinates"":[108.56886809628739,14.487218003550847]}",108.56886809628739,14.487218003550847,5412.850062532256
000000000000000004ab,0,1039,0.6266627113975821,3,97,"{""type"":""Point"",""coordinates"":[108.53302584201977,14.520638965946425]}",108.53302584201977,14.520638965946425,3835.8859428626283
000000000000000004bc,0,1253,0.3387086501955816,3,97,"{""type"":""Point"",""coordinates"":[108.3718694708472,14.567530872624465]}",108.3718694708472,14.567530872624465,6216.322576659966
00000000000000000533,0,694,0.6924473305078144,3,97,"{""type"":""Point"",""coordinates"":[108.6613052611253,14.18269261530787]}",108.6613052611253,14.18269261530787,3295.7090618872758
00000000000000000539,0,987,0.0499823879218285,3,97,"{""type"":""Point"",""coordinates"":[108.48101488733239,14.390201341931029]}",108.48101488733239,14.390201341931029,266.76053457429674
000000000000000005ef,0,882,0.0092916602000336,3,97,"{""type"":""Point"",""coordinates"":[108.57506624675166,14.431702195435447]}",108.57506624675166,14.431702195435447,1144.6880438396465
000000000000000005f0,0,1160,0.5147757576421567,3,97,"{""type"":""Point"",""coordinates"":[108.40959792486039,14.25949617185242]}",108.40959792486039,14.25949617185242,3208.6629060606706
0000000000000000062b,0,730,0.5197559727817789,3,97,"{""type"":""Point"",""coordinates"":[108.59689800550933,14.309353380730998]}",108.59689800550933,14.309353380730998,362.9931310579742
00000000000000000640,0,729,0.4740381623140113,3,97,"{""type"":""Point"",""coordinates"":[108.662112358416,14.202633715218877]}",108.662112358416,14.202633715218877,5475.466943489157
00000000000000000009,0,721,0.7338472884377093,4,97,"{""type"":""Point"",""coordinates"":[108.53410494447472,14.262461474052964]}",108.53410494447472,14.262461474052964,190.40726113525335
00000000000000000064,0,954,0.5731198925405296,4,97,"{""type"":""Point"",""coordinates"":[108.50957988868075,14.437093248609063]}",108.50957988868075,14.437093248609063,2658.3442337780766
000000000000000000ee,0,765,0.3503886118181282,4,97,"{""type"":""Point"",""coordinates"":[108.5270952376187,14.251411821642524]}",108.5270952376187,14.251411821642524,1674.2002654224882
0000000000000000015c,0,919,0.0923585323057541,4,97,"{""type"":""Point"",""coordinates"":[108.55323894709505,14.455420153938723]}",108.55323894709505,14.455420153938723,2180.9207527837884
000000000000000001b2,0,1537,0.1263244934500146,4,97,"{""type"":""Point"",""coordinates"":[108.38507286906643,14.2815954766733]}",108.38507286906643,14.2815954766733,6026.623368267223
000000000000000001cc,0,1021,0.5901037652565506,4,97,"{""type"":""Point"",""coordinates"":[108.55269939586758,14.495034807697541]}",108.55269939586758,14.495034807697541,4630.829384357608
000000000000000001e4,0,1216,0.1715988757496248,4,97,"{""type"":""Point"",""coordinates"":[108.44786593010106,14.550283069749733]}",108.44786593010106,14.550283069749733,119.1077949834573
000000000000000001f1,0,1014,0.2260636730658576,4,97,"{""type"":""Point"",""coordinates"":[108.54569414811263,14.581001816906921]}",108.54569414811263,14.581001816906921,9625.402626067618
0000000000000000021f,0,915,0.6951220579623193,4,97,"{""type"":""Point"",""coordinates"":[108.55081319612196,14.456766802456869]}",108.55081319612196,14.456766802456869,1962.867772956643
000000000000000002d4,0,1031,0.512964959644451,4,97,"{""type"":""Point"",""coordinates"":[108.47373763441315,14.47293550287666]}",108.47373763441315,14.47293550287666,1060.9396607978467
000000000000000002f9,0,1017,0.0201193397105867,4,97,"{""type"":""Point"",""coordinates"":[108.56967519357806,14.509589313535983]}",108.56967519357806,14.509589313535983,4872.960740198132
00000000000000000335,0,880,0.3648863907941533,4,97,"{""type"":""Point"",""coordinates"":[108.56347704311375,14.414726397724976]}",108.56347704311375,14.414726397724976,658.649420235126
00000000000000000399,0,864,0.1186332822639958,4,97,"{""type"":""Point"",""coordinates"":[108.60902230127367,14.417419694761259]}",108.60902230127367,14.417419694761259,2791.7831793107416
000000000000000003d1,0,1039,0.6093489497364261,4,97,"{""type"":""Point"",""coordinates"":[108.57156585242471,14.499614304479428]}",108.57156585242471,14.499614304479428,4215.2450132908925
00000000000000000480,0,755,0.2440256663071114,4,97,"{""type"":""Point"",""coordinates"":[108.52898143736431,14.260575274307351]}",108.52898143736431,14.260575274307351,29.610250610113305
000000000000000004b7,0,894,0.1635977523641386,4,97,"{""type"":""Point"",""coordinates"":[108.56266994582309,14.440598102037074]}",108.56266994582309,14.440598102037074,468.28165532470246
000000000000000004ec,0,1058,0.2757513471252609,4,97,"{""type"":""Point"",""coordinates"":[108.54650124540329,14.502312060616763]}",108.54650124540329,14.502312060616763,3056.0168982699674
00000000000000000510,0,1083,0.0476646322292542,4,97,"{""type"":""Point"",""coordinates"":[108.4211871284983,14.426583147426092]}",108.4211871284983,14.426583147426092,1045.2262324388032
000000000000000005b8,0,1540,0.5854070456491267,4,97,"{""type"":""Point"",""coordinates"":[108.3818400208027,14.288333178365056]}",108.3818400208027,14.288333178365056,6547.298272257023
000000000000000005c1,0,664,0.0062715101577794,4,97,"{""type"":""Point"",""coordinates"":[108.64998806265166,14.162479510232597]}",108.64998806265166,14.162479510232597,1707.8350067406416
00000000000000000604,0,995,0.4333607314779494,4,97,"{""type"":""Point"",""coordinates"":[108.48909923754229,14.43466749763599]}",108.48909923754229,14.43466749763599,2418.2121023421196
00000000000000000003,0,1058,0.1942456641712248,5,97,"{""type"":""Point"",""coordinates"":[108.48829214025162,14.473207508040922]}",108.48829214025162,14.473207508040922,1838.9027038927966
00000000000000000067,0,771,0.2717311420579759,5,97,"{""type"":""Point"",""coordinates"":[108.64621566316045,14.288600724428264]}",108.64621566316045,14.288600724428264,3651.5952587613815
0000000000000000008a,0,1057,0.5242006530523136,5,97,"{""type"":""Point"",""coordinates"":[108.45810848522085,14.502579606679967]}",108.45810848522085,14.502579606679967,2328.335462340509
00000000000000000098,0,928,0.4221032534405378,5,97,"{""type"":""Point"",""coordinates"":[108.54057064100222,14.430355546917307]}",108.54057064100222,14.430355546917307,685.8396007207659
000000000000000000a2,0,1140,0.4240500792789365,5,97,"{""type"":""Point"",""coordinates"":[108.37564187033841,14.489643754523925]}",108.37564187033841,14.489643754523925,1542.5223582596877
000000000000000000a7,0,958,0.1153804006626868,5,97,"{""type"":""Point"",""coordinates"":[108.5265601454923,14.543545368057979]}",108.5265601454923,14.543545368057979,5011.723787992683
000000000000000000d7,0,967,0.5295974672820403,5,97,"{""type"":""Point"",""coordinates"":[108.55431804954998,14.461346299238755]}",108.55431804954998,14.461346299238755,2480.4128991422713
000000000000000000dd,0,1034,0.0023360936682792,5,97,"{""type"":""Point"",""coordinates"":[108.51928289257306,14.540308060693178]}",108.51928289257306,14.540308060693178,4297.440791275396
00000000000000000105,0,1236,0.3634939412155872,5,97,"{""type"":""Point"",""coordinates"":[108.42522707405271,14.547045762384933]}",108.42522707405271,14.547045762384933,1691.766421546853
00000000000000000130,0,953,0.1223104270960269,5,97,"{""type"":""Point"",""coordinates"":[108.53949599764832,14.431702195435447]}",108.53949599764832,14.431702195435447,616.731095804463
00000000000000000149,0,781,0.671893917617754,5,97,"{""type"":""Point"",""coordinates"":[108.63381490313083,14.300997025356844]}",108.63381490313083,14.300997025356844,2695.2395380246144
0000000000000000023f,0,1043,0.5761168256277689,5,97,"{""type"":""Point"",""coordinates"":[108.52197618960933,14.517941209809091]}",108.52197618960933,14.517941209809091,2645.5921421993526
000000000000000002c2,0,1050,0.1183536328059299,5,97,"{""type"":""Point"",""coordinates"":[108.54730834269397,14.50096541209862]}",108.54730834269397,14.50096541209862,2927.918375307379
000000000000000002ff,0,717,0.1769322473701838,5,97,"{""type"":""Point"",""coordinates"":[108.65402800820608,14.206138568646887]}",108.65402800820608,14.206138568646887,4672.338106187762
00000000000000000300,0,799,0.5586209116660339,5,97,"{""type"":""Point"",""coordinates"":[108.64055260482256,14.264615219861776]}",108.64055260482256,14.264615219861776,2696.241743880496
00000000000000000378,0,796,0.7531081590550417,5,97,"{""type"":""Point"",""coordinates"":[108.49206453974283,14.268927170580461]}",108.49206453974283,14.268927170580461,1133.9596401010801
000000000000000003c9,0,1131,0.1539341828378619,5,97,"{""type"":""Point"",""coordinates"":[108.39692961876754,14.475633259013998]}",108.39692961876754,14.475633259013998,695.5500100509971
000000000000000003ea,0,1026,0.3227840852257067,5,97,"{""type"":""Point"",""coordinates"":[108.56832854505991,14.50823820591679]}",108.56832854505991,14.50823820591679,4665.483955016886
000000000000000003ee,0,1196,0.0914652320485889,5,97,"{""type"":""Point"",""coordinates"":[108.45783648005659,14.537614763656892]}",108.45783648005659,14.537614763656892,547.882678057769
000000000000000003ef,0,799,0.7062677861884212,5,97,"{""type"":""Point"",""coordinates"":[108.63489400558575,14.291026475401338]}",108.63489400558575,14.291026475401338,2569.8653637493194
000000000000000003fc,0,1080,0.2106541109294311,5,97,"{""type"":""Point"",""coordinates"":[108.47535628809555,14.468356006094776]}",108.47535628809555,14.468356006094776,894.5951470625639
00000000000000000406,0,1037,0.5877662287251041,5,97,"{""type"":""Point"",""coordinates"":[108.46915367853022,14.418766343279401]}",108.46915367853022,14.418766343279401,646.990885352465
0000000000000000042b,0,961,0.6275168450827905,5,97,"{""type"":""Point"",""coordinates"":[108.50068844118019,14.36675538859201]}",108.50068844118019,14.36675538859201,106.40382089474392
0000000000000000046b,0,1054,0.7329799655741189,5,97,"{""type"":""Point"",""coordinates"":[108.5518922985769,14.511203508117333]}",108.5518922985769,14.511203508117333,5592.612755864769
00000000000000000471,0,1038,0.5828470559426714,5,97,"{""type"":""Point"",""coordinates"":[108.54407549443023,14.524411365437643]}",108.54407549443023,14.524411365437643,5092.687448439683
00000000000000000496,0,997,0.1919793101400637,5,97,"{""type"":""Point"",""coordinates"":[108.49206453974283,14.3910084392217]}",108.49206453974283,14.3910084392217,264.2725652696945
00000000000000000527,0,803,0.5546145570436378,5,97,"{""type"":""Point"",""coordinates"":[108.56698189654178,14.304234332721645]}",108.56698189654178,14.304234332721645,2142.5646597514915
00000000000000000531,0,901,0.4868736558302571,5,97,"{""type"":""Point"",""coordinates"":[108.52143663838187,14.400983448278255]}",108.52143663838187,14.400983448278255,1866.8305447665784
00000000000000000575,0,772,0.6865825049939257,5,97,"{""type"":""Point"",""coordinates"":[108.6639985581616,14.241980822914485]}",108.6639985581616,14.241980822914485,5236.9691200679
000000000000000005ce,0,754,0.4295264416327409,5,97,"{""type"":""Point"",""coordinates"":[108.6416317072775,14.241708817750226]}",108.6416317072775,14.241708817750226,2828.5903673181897
000000000000000005fa,0,698,0.4276536952812394,5,97,"{""type"":""Point"",""coordinates"":[108.66804296281707,14.16382615875074]}",108.66804296281707,14.16382615875074,1160.7510485149066
0000000000000000001e,0,913,0.6966340033424363,6,97,"{""type"":""Point"",""coordinates"":[108.57075429603299,14.563218921905783]}",108.57075429603299,14.563218921905783,9871.041566629636
0000000000000000004d,0,1039,0.3191321771072763,6,97,"{""type"":""Point"",""coordinates"":[108.56320949705056,14.496921007443143]}",108.56320949705056,14.496921007443143,5647.593536947318
0000000000000000005a,0,1067,0.2939277045497961,6,97,"{""type"":""Point"",""coordinates"":[108.52197618960933,14.51955986349149]}",108.52197618960933,14.51955986349149,2742.7608408152546
00000000000000000094,0,1151,0.1010729134260213,6,97,"{""type"":""Point"",""coordinates"":[108.39073146830327,14.4659302551217]}",108.39073146830327,14.4659302551217,1537.8586546755039
000000000000000000d5,0,1071,0.5610121543933392,6,97,"{""type"":""Point"",""coordinates"":[108.52548104303735,14.50770311379038]}",108.52548104303735,14.50770311379038,2629.6792179732156
000000000000000000fe,0,1041,0.3761978461932107,6,97,"{""type"":""Point"",""coordinates"":[108.55916509239509,14.515787464000272]}",108.55916509239509,14.515787464000272,6517.00948250924
0000000000000000012d,0,1244,0.794303042972159,6,97,"{""type"":""Point"",""coordinates"":[108.38453331783899,14.56294691674152]}",108.38453331783899,14.56294691674152,5723.4122931503725
00000000000000000142,0,765,0.1911400506165856,6,97,"{""type"":""Point"",""coordinates"":[108.59312114691707,14.33495307987883]}",108.59312114691707,14.33495307987883,1500.7532093476655
0000000000000000016f,0,1078,0.5710444752596979,6,97,"{""type"":""Point"",""coordinates"":[108.41363787041483,14.434127946408521]}",108.41363787041483,14.434127946408521,1205.125832014671
000000000000000001a0,0,991,0.1114777461540909,6,97,"{""type"":""Point"",""coordinates"":[108.5429963919753,14.546506211157464]}",108.5429963919753,14.546506211157464,6408.398542666999
000000000000000001cd,0,1121,0.5693993793291126,6,97,"{""type"":""Point"",""coordinates"":[108.41687517777962,14.447603349792033]}",108.41687517777962,14.447603349792033,10.084134256806777
000000000000000001e5,0,894,0.7601794776711173,6,97,"{""type"":""Point"",""coordinates"":[108.6136062571566,14.355977741345828]}",108.6136062571566,14.355977741345828,986.7426410246586
0000000000000000021c,0,1062,0.6159894286517577,6,97,"{""type"":""Point"",""coordinates"":[108.42280132307964,14.369181139565082]}",108.42280132307964,14.369181139565082,2044.680553676282
0000000000000000027a,0,677,0.7552277969294914,6,97,"{""type"":""Point"",""coordinates"":[108.59177449839893,14.261382371598026]}",108.59177449839893,14.261382371598026,320.3443487164704
000000000000000002ed,0,1223,0.644315848593419,6,97,"{""type"":""Point"",""coordinates"":[108.38103292351202,14.530609515901933]}",108.38103292351202,14.530609515901933,3781.913814082936
0000000000000000030c,0,1013,0.3774386047325588,6,97,"{""type"":""Point"",""coordinates"":[108.54973409366706,14.479405658505213]}",108.54973409366706,14.479405658505213,3356.161711824437
00000000000000000318,0,1412,0.2888215042879457,6,97,"{""type"":""Point"",""coordinates"":[108.39585497541368,14.167059007014489]}",108.39585497541368,14.167059007014489,6026.574383226915
00000000000000000362,0,937,0.0180196753623146,6,97,"{""type"":""Point"",""coordinates"":[108.51415938546266,14.380498338038727]}",108.51415938546266,14.380498338038727,397.12451341276767
0000000000000000036a,0,1003,0.1885075644098081,6,97,"{""type"":""Point"",""coordinates"":[108.55620424929559,14.482638506768959]}",108.55620424929559,14.482638506768959,4117.45191392341
0000000000000000037b,0,960,0.0131229633978992,6,97,"{""type"":""Point"",""coordinates"":[108.52925344252857,14.433588395181054]}",108.52925344252857,14.433588395181054,936.8675884361722
00000000000000000398,0,1438,0.4530485499582009,6,97,"{""type"":""Point"",""coordinates"":[108.30018496231199,14.417152148698051]}",108.30018496231199,14.417152148698051,3649.908534674033
000000000000000003a0,0,1004,0.1946002089510704,6,97,"{""type"":""Point"",""coordinates"":[108.56536324285938,14.519827409554699]}",108.56536324285938,14.519827409554699,5580.285704240952
000000000000000003ad,0,1022,0.6386952074769212,6,97,"{""type"":""Point"",""coordinates"":[108.55135274734944,14.561600268223385]}",108.55135274734944,14.561600268223385,8241.9347893648
000000000000000003c6,0,990,0.00029740549098100644,6,97,"{""type"":""Point"",""coordinates"":[108.51200563965384,14.487757554778318]}",108.51200563965384,14.487757554778318,958.7579239187331
000000000000000003cf,0,1082,0.350404635301117,6,97,"{""type"":""Point"",""coordinates"":[108.42091512333404,14.426315601362882]}",108.42091512333404,14.426315601362882,1086.8003581002206
000000000000000003d7,0,1116,0.7943669641765401,6,97,"{""type"":""Point"",""coordinates"":[108.49691158258791,14.514436356381083]}",108.49691158258791,14.514436356381083,924.9113616847962
00000000000000000402,0,1060,0.2106137913938588,6,97,"{""type"":""Point"",""coordinates"":[108.4408606823461,14.424157396453017]}",108.4408606823461,14.424157396453017,67.30050694106059
00000000000000000421,0,938,0.250096905385533,6,97,"{""type"":""Point"",""coordinates"":[108.47912868758678,14.100493546488648]}",108.47912868758678,14.100493546488648,4546.212873200255
0000000000000000045b,0,806,0.5970091566492581,6,97,"{""type"":""Point"",""coordinates"":[108.63812685384949,14.319056384623297]}",108.63812685384949,14.319056384623297,3959.2373377364006
000000000000000004b5,0,806,0.0595423110688307,6,97,"{""type"":""Point"",""coordinates"":[108.62303725588463,14.306120532467249]}",108.62303725588463,14.306120532467249,1798.8923519959194
000000000000000004c4,0,761,0.4841556081730896,6,97,"{""type"":""Point"",""coordinates"":[108.6653496657808,14.230659165339787]}",108.6653496657808,14.230659165339787,5434.761964778836
000000000000000004db,0,975,0.4288259816429812,6,97,"{""type"":""Point"",""coordinates"":[108.54138219739394,14.541926714375577]}",108.54138219739394,14.541926714375577,5931.936022041188
000000000000000004e6,0,906,0.1198272968508464,6,97,"{""type"":""Point"",""coordinates"":[108.47939623365,14.357052384699708]}",108.47939623365,14.357052384699708,451.09035225681407
000000000000000004f2,0,842,0.3938814116680008,6,97,"{""type"":""Point"",""coordinates"":[108.63058205486706,14.3664878425288]}",108.63058205486706,14.3664878425288,1140.1164355976043
00000000000000000500,0,1506,0.2985181678553985,6,97,"{""type"":""Point"",""coordinates"":[108.32201226196861,14.238475969486474]}",108.32201226196861,14.238475969486474,9906.43597871898
0000000000000000057d,0,1075,0.5251875100270584,6,97,"{""type"":""Point"",""coordinates"":[108.52143663838187,14.520638965946423]}",108.52143663838187,14.520638965946423,2765.37775180759
00000000000000000584,0,807,0.0616222126037568,6,97,"{""type"":""Point"",""coordinates"":[108.59554689789015,14.33845793330684]}",108.59554689789015,14.33845793330684,1683.2878779474609
000000000000000005cc,0,709,0.4166935376744113,6,97,"{""type"":""Point"",""coordinates"":[108.65510711066104,14.183499712598543]}",108.65510711066104,14.183499712598543,3561.8662718037617
00000000000000000629,0,856,0.1127671692154633,6,97,"{""type"":""Point"",""coordinates"":[108.60524990178243,14.345467640162859]}",108.60524990178243,14.345467640162859,2729.036305063287
0000000000000000063c,0,1075,0.5685851806841771,6,97,"{""type"":""Point"",""coordinates"":[108.42738527896259,14.421731645479944]}",108.42738527896259,14.421731645479944,939.1915572293652
00000000000000000010,0,1016,0.7950346041542684,7,97,"{""type"":""Point"",""coordinates"":[108.54704079663077,14.512282610572269]}",108.54704079663077,14.512282610572269,5289.4547298465695
00000000000000000045,0,929,0.7677596239887268,7,97,"{""type"":""Point"",""coordinates"":[108.51605004430931,14.477787004822808]}",108.51605004430931,14.477787004822808,252.7716285992153
00000000000000000051,0,701,0.4234582206590384,7,97,"{""type"":""Point"",""coordinates"":[108.57452669552421,14.228505419530975]}",108.57452669552421,14.228505419530975,313.5368850863596
00000000000000000057,0,1076,0.7942114178716561,7,97,"{""type"":""Point"",""coordinates"":[108.50984743474397,14.511203508117333]}",108.50984743474397,14.511203508117333,1139.7518215442806
0000000000000000009a,0,989,0.4916183715197596,7,97,"{""type"":""Point"",""coordinates"":[108.52467394574667,14.540847611920642]}",108.52467394574667,14.540847611920642,4650.08279587151
0000000000000000010c,0,1072,0.5730594039837593,7,97,"{""type"":""Point"",""coordinates"":[108.52116909231867,14.502040055452502]}",108.52116909231867,14.502040055452502,2167.0617132832012
00000000000000000132,0,1241,0.5460601617891546,7,97,"{""type"":""Point"",""coordinates"":[108.36701796890104,14.35355199037275]}",108.36701796890104,14.35355199037275,3653.4971072518006
00000000000000000161,0,847,0.3212092493963575,7,97,"{""type"":""Point"",""coordinates"":[108.57291250094285,14.401518540404677]}",108.57291250094285,14.401518540404677,1708.55943734355
0000000000000000016a,0,1062,0.5812169459320927,7,97,"{""type"":""Point"",""coordinates"":[108.39962737490488,14.180806415562262]}",108.39962737490488,14.180806415562262,5690.516925635799
00000000000000000179,0,963,0.7869116590045495,7,97,"{""type"":""Point"",""coordinates"":[108.59501180576373,14.527104662473922]}",108.59501180576373,14.527104662473922,8144.54838191826
000000000000000001d1,0,913,0.008634774845323,7,97,"{""type"":""Point"",""coordinates"":[108.55755089781373,14.53518901268382]}",108.55755089781373,14.53518901268382,6875.075083098386
00000000000000000226,0,1070,0.3889901313219034,7,97,"{""type"":""Point"",""coordinates"":[108.46834658123956,14.460271655884874]}",108.46834658123956,14.460271655884874,218.94327730463456
0000000000000000022a,0,740,0.6507290526313044,7,97,"{""type"":""Point"",""coordinates"":[108.63516601075001,14.226347214621104]}",108.63516601075001,14.226347214621104,2489.7914607114058
00000000000000000264,0,959,0.5007580794086284,7,97,"{""type"":""Point"",""coordinates"":[108.52925344252857,14.411221544296971]}",108.52925344252857,14.411221544296971,2280.645640735714
000000000000000002b9,0,1049,0.0191446536570388,7,97,"{""type"":""Point"",""coordinates"":[108.44274688209173,14.156009354604048]}",108.44274688209173,14.156009354604048,1462.5450209324395
000000000000000002f5,0,985,0.1175676782499774,7,97,"{""type"":""Point"",""coordinates"":[108.5421892946846,14.571570818178884]}",108.5421892946846,14.571570818178884,8535.364995999334
000000000000000002fe,0,1054,0.386470874766841,7,97,"{""type"":""Point"",""coordinates"":[108.48802013508735,14.530069964674462]}",108.48802013508735,14.530069964674462,1909.4500440167851
00000000000000000339,0,1289,0.2164847078521299,7,97,"{""type"":""Point"",""coordinates"":[108.36189892089168,14.575615222834363]}",108.36189892089168,14.575615222834363,7282.912175310373
0000000000000000035a,0,1069,0.0259312594519862,7,97,"{""type"":""Point"",""coordinates"":[108.50796123499835,14.5297979595102]}",108.50796123499835,14.5297979595102,2741.7451999007153
000000000000000003ab,0,1065,0.1247203923943525,7,97,"{""type"":""Point"",""coordinates"":[108.42010802604337,14.432781297890383]}",108.42010802604337,14.432781297890383,852.8362696686946
00000000000000000445,0,1245,0.7947649321163407,7,97,"{""type"":""Point"",""coordinates"":[108.36593886644611,14.475093707786531]}",108.36593886644611,14.475093707786531,3027.05183432432
0000000000000000044c,0,851,0.7616261116062953,7,97,"{""type"":""Point"",""coordinates"":[108.50607503525276,14.347621385971674]}",108.50607503525276,14.347621385971674,1952.6200735596246
00000000000000000458,0,1136,0.1400725362874924,7,97,"{""type"":""Point"",""coordinates"":[108.42630617650767,14.462425401693693]}",108.42630617650767,14.462425401693693,1814.41348933475
0000000000000000046d,0,863,0.6501722292256031,7,97,"{""type"":""Point"",""coordinates"":[108.55000609883129,14.356245287409036]}",108.55000609883129,14.356245287409036,317.549404865156
00000000000000000485,0,1111,0.5942502558831056,7,97,"{""type"":""Point"",""coordinates"":[108.38103292351204,14.440058550809605]}",108.38103292351204,14.440058550809605,605.5739112058734
000000000000000004c8,0,1222,0.7414051309275397,7,97,"{""type"":""Point"",""coordinates"":[108.40070201825877,14.543273362893713]}",108.40070201825877,14.543273362893713,4179.651247211371
00000000000000000504,0,673,0.2322721924574867,7,97,"{""type"":""Point"",""coordinates"":[108.6319287033852,14.194816911072188]}",108.6319287033852,14.194816911072188,2727.2290222983197
0000000000000000055c,0,926,0.7762379452292882,7,97,"{""type"":""Point"",""coordinates"":[108.57803154895221,14.443023853010146]}",108.57803154895221,14.443023853010146,2005.0590943595341
0000000000000000058a,0,793,0.1172231169841344,7,97,"{""type"":""Point"",""coordinates"":[108.63220070854946,14.300189928066168]}",108.63220070854946,14.300189928066168,2509.4817101261024
000000000000000005aa,0,955,0.0156511216846213,7,97,"{""type"":""Point"",""coordinates"":[108.56698189654178,14.528451310992065]}",108.56698189654178,14.528451310992065,6516.365108673153
000000000000000005ec,0,721,0.4366308822208466,7,97,"{""type"":""Point"",""coordinates"":[108.54946654760384,14.231470721731512]}",108.54946654760384,14.231470721731512,217.5140364908357
00000000000000000611,0,1198,0.6761342771675111,7,97,"{""type"":""Point"",""coordinates"":[108.41714272384283,14.522792711755242]}",108.41714272384283,14.522792711755242,1710.050607807029
00000000000000000004,0,1551,0.125555532283638,8,97,"{""type"":""Point"",""coordinates"":[108.37914672376641,14.294531328829343]}",108.37914672376641,14.294531328829343,6386.381846683076
00000000000000000012,0,993,0.494488082454236,8,97,"{""type"":""Point"",""coordinates"":[108.56778899383244,14.521446063237098]}",108.56778899383244,14.521446063237098,5861.275060476797
00000000000000000039,0,1251,0.2214908741577642,8,97,"{""type"":""Point"",""coordinates"":[108.38399376661151,14.572649920633816]}",108.38399376661151,14.572649920633816,6180.4098347595545
0000000000000000003b,0,1128,0.3807964171595479,8,97,"{""type"":""Point"",""coordinates"":[108.4230733282439,14.470242205840382]}",108.4230733282439,14.470242205840382,1848.050914287494
0000000000000000003d,0,1045,0.015968381879667,8,97,"{""type"":""Point"",""coordinates"":[108.49367873432418,14.093488298733686]}",108.49367873432418,14.093488298733686,4503.537694276796
00000000000000000056,0,852,0.2297721926596405,8,97,"{""type"":""Point"",""coordinates"":[108.4470588328104,14.313932877512888]}",108.4470588328104,14.313932877512888,1337.5453878978
00000000000000000065,0,1097,0.7333516603168444,8,97,"{""type"":""Point"",""coordinates"":[108.39342922444061,14.425236498907953]}",108.39342922444061,14.425236498907953,119.26667757092926
0000000000000000007d,0,1098,0.4958116210819586,8,97,"{""type"":""Point"",""coordinates"":[108.40016692613236,14.424696947680484]}",108.40016692613236,14.424696947680484,510.8422183806539
000000000000000000a4,0,820,0.2244380385124813,8,97,"{""type"":""Point"",""coordinates"":[108.62411635833956,14.471049303131053]}",108.62411635833956,14.471049303131053,7633.601273318563
000000000000000000a5,0,1015,0.4837387396325636,8,97,"{""type"":""Point"",""coordinates"":[108.52386238935495,14.489643754523925]}",108.52386238935495,14.489643754523925,1747.4537977470895
000000000000000000b3,0,814,0.0281400943251979,8,97,"{""type"":""Point"",""coordinates"":[108.65079515994235,14.26272902011617]}",108.65079515994235,14.26272902011617,3749.344076519895
000000000000000000f5,0,1053,0.5561720533815804,8,97,"{""type"":""Point"",""coordinates"":[108.47804958513184,14.50392625519811]}",108.47804958513184,14.50392625519811,880.4153066100605
000000000000000000f7,0,932,0.1101784367445911,8,97,"{""type"":""Point"",""coordinates"":[108.54111019222968,14.431702195435447]}",108.54111019222968,14.431702195435447,525.8407485570845
0000000000000000010e,0,1254,0.0138954303387879,8,97,"{""type"":""Point"",""coordinates"":[108.38291912325764,14.570491715723952]}",108.38291912325764,14.570491715723952,6221.784382039071
00000000000000000118,0,1096,0.5801529582000482,8,97,"{""type"":""Point"",""coordinates"":[108.4015135746505,14.416612597470582]}",108.4015135746505,14.416612597470582,3412.935938007995
00000000000000000124,0,896,0.7093072897710458,8,97,"{""type"":""Point"",""coordinates"":[108.54003108977474,14.390468887994235]}",108.54003108977474,14.390468887994235,78.17236491899656
00000000000000000127,0,661,0.141880178831103,8,97,"{""type"":""Point"",""coordinates"":[108.56671435047858,14.21853486957547]}",108.56671435047858,14.21853486957547,899.2521966683552
0000000000000000012f,0,1229,0.2609373784972523,8,97,"{""type"":""Point"",""coordinates"":[108.46807903517633,14.54300581683051]}",108.46807903517633,14.54300581683051,1794.6697335354006
00000000000000000138,0,961,0.662587629231528,8,97,"{""type"":""Point"",""coordinates"":[108.5109265371989,14.296417528574953]}",108.5109265371989,14.296417528574953,1606.0706492887145
00000000000000000139,0,1127,0.3408108892881192,8,97,"{""type"":""Point"",""coordinates"":[108.40825127634226,14.460539201948084]}",108.40825127634226,14.460539201948084,36.40562085017084
00000000000000000141,0,1175,0.7574370386672694,8,97,"{""type"":""Point"",""coordinates"":[108.36728551496424,14.42874135233596]}",108.36728551496424,14.42874135233596,676.8807890962996
0000000000000000016c,0,802,0.2782032221492264,8,97,"{""type"":""Point"",""coordinates"":[108.57048674996977,14.328487383351336]}",108.57048674996977,14.328487383351336,940.8002630949642
0000000000000000018e,0,1280,0.7522003905515731,8,97,"{""type"":""Point"",""coordinates"":[108.445440179128,14.06815614564906]}",108.445440179128,14.06815614564906,6599.627377340133
00000000000000000192,0,947,0.1492973221405549,8,97,"{""type"":""Point"",""coordinates"":[108.62088351007581,14.517401658581628]}",108.62088351007581,14.517401658581628,10585.609999051549
00000000000000000197,0,1162,0.3675513838052675,8,97,"{""type"":""Point"",""coordinates"":[108.42388042553459,14.510396410826665]}",108.42388042553459,14.510396410826665,352.59024369220043
000000000000000001a3,0,949,0.4949070541383485,8,97,"{""type"":""Point"",""coordinates"":[108.46861858640382,14.371606890538157]}",108.46861858640382,14.371606890538157,2405.907999329339
000000000000000001df,0,864,0.4336577954742252,8,97,"{""type"":""Point"",""coordinates"":[108.61818575393848,14.35085423423542]}",108.61818575393848,14.35085423423542,1727.8878931087484
000000000000000001fa,0,660,0.278360721889443,8,97,"{""type"":""Point"",""coordinates"":[108.58611589916211,14.219881518093606]}",108.58611589916211,14.219881518093606,175.1706920190859
0000000000000000022e,0,870,0.5858633478732002,8,97,"{""type"":""Point"",""coordinates"":[108.6065965503006,14.394245746586504]}",108.6065965503006,14.394245746586504,1204.7644479590726
00000000000000000238,0,1138,0.7697899597012078,8,97,"{""type"":""Point"",""coordinates"":[108.40743971995052,14.35867103838211]}",108.40743971995052,14.35867103838211,3846.709468624955
000000000000000002d3,0,1427,0.4414546353994601,8,97,"{""type"":""Point"",""coordinates"":[108.35893361869115,14.231198716567253]}",108.35893361869115,14.231198716567253,8346.72611128409
00000000000000000360,0,1025,0.7972499605956445,8,97,"{""type"":""Point"",""coordinates"":[108.5645561455687,14.489643754523925]}",108.5645561455687,14.489643754523925,5289.173403766792
0000000000000000037a,0,893,0.5870629516138112,8,97,"{""type"":""Point"",""coordinates"":[108.60524990178243,14.525486008791525]}",108.60524990178243,14.525486008791525,8844.082395712276
00000000000000000382,0,927,0.0787161120390979,8,97,"{""type"":""Point"",""coordinates"":[108.55243184980438,14.321482135596373]}",108.55243184980438,14.321482135596373,2365.5329822753115
00000000000000000394,0,855,0.4952089343150536,8,97,"{""type"":""Point"",""coordinates"":[108.58018975386207,14.389122239476093]}",108.58018975386207,14.389122239476093,2259.9958814308375
000000000000000003cd,0,920,0.4224576786723161,8,97,"{""type"":""Point"",""coordinates"":[108.52494149180987,14.306388078530459]}",108.52494149180987,14.306388078530459,2087.566552639991
000000000000000003ed,0,1106,0.5927284771397242,8,97,"{""type"":""Point"",""coordinates"":[108.4516383295923,14.513361713027205]}",108.4516383295923,14.513361713027205,470.27322473982866
00000000000000000408,0,939,0.6790677568940713,8,97,"{""type"":""Point"",""coordinates"":[108.57722445166154,14.540847611920642]}",108.57722445166154,14.540847611920642,8237.304006426051
0000000000000000047d,0,1088,0.1699698108181778,8,97,"{""type"":""Point"",""coordinates"":[108.46080178225712,14.489104203296455]}",108.46080178225712,14.489104203296455,3308.6676286393376
00000000000000000487,0,936,0.4193826108372025,8,97,"{""type"":""Point"",""coordinates"":[108.47939623365,14.100226000425442]}",108.47939623365,14.100226000425442,4555.1252614704545
00000000000000000490,0,874,0.4528943988615772,8,97,"{""type"":""Point"",""coordinates"":[108.61333425199234,14.348428483262346]}",108.61333425199234,14.348428483262346,1594.2132155808729
000000000000000004f5,0,715,0.1824759561122585,8,97,"{""type"":""Point"",""coordinates"":[108.64675075528687,14.209910968138102]}",108.64675075528687,14.209910968138102,3864.0317929957414
00000000000000000590,0,939,0.4047707656012559,8,97,"{""type"":""Point"",""coordinates"":[108.5761453492066,14.538693866111828]}",108.5761453492066,14.538693866111828,7971.871760058376
000000000000000005ed,0,791,0.5647519239621602,8,97,"{""type"":""Point"",""coordinates"":[108.45460363179284,14.153855608795237]}",108.45460363179284,14.153855608795237,557.9914684929535
000000000000000005fd,0,714,0.7494041580846126,8,97,"{""type"":""Point"",""coordinates"":[108.67666686425443,14.194009813781514]}",108.67666686425443,14.194009813781514,4623.140923603721
000000000000000005ff,0,737,0.4391432338655742,8,97,"{""type"":""Point"",""coordinates"":[108.61657155935715,14.279976822990896]}",108.61657155935715,14.279976822990896,369.14016205536825
00000000000000000649,0,979,0.3416780830121122,8,97,"{""type"":""Point"",""coordinates"":[108.58638790432636,14.551090167040412]}",108.58638790432636,14.551090167040412,11332.676174235256
0000000000000000002c,0,1137,0.6152946308991014,9,97,"{""type"":""Point"",""coordinates"":[108.38399376661151,14.440865648100278]}",108.38399376661151,14.440865648100278,710.5634069699186
00000000000000000037,0,1032,0.0339651087077683,9,97,"{""type"":""Point"",""coordinates"":[108.5287138913011,14.527104662473922]}",108.5287138913011,14.527104662473922,3824.9659134770636
0000000000000000008e,0,1037,0.0372341084558139,9,97,"{""type"":""Point"",""coordinates"":[108.5518922985769,14.50985685959919]}",108.5518922985769,14.50985685959919,4007.6049757840465
000000000000000000af,0,1128,0.2991746459376359,9,97,"{""type"":""Point"",""coordinates"":[108.4060930714324,14.45299440296565]}",108.4060930714324,14.45299440296565,335.2485737911698
000000000000000000b1,0,809,0.0433957867374462,9,97,"{""type"":""Point"",""coordinates"":[108.58153640238021,14.327140734833199]}",108.58153640238021,14.327140734833199,80.93450051473499
000000000000000000bb,0,1491,0.4707720754533883,9,97,"{""type"":""Point"",""coordinates"":[108.33306191437904,14.235510667285936]}",108.33306191437904,14.235510667285936,10198.345646098764
000000000000000000d8,0,966,0.3308107268049798,9,97,"{""type"":""Point"",""coordinates"":[108.48020333094065,14.375111743966162]}",108.48020333094065,14.375111743966162,1930.5389708067908
000000000000000000e4,0,1002,0.3189096239577529,9,97,"{""type"":""Point"",""coordinates"":[108.55054119095772,14.545699113866792]}",108.55054119095772,14.545699113866792,6952.317847257067
000000000000000000e6,0,1036,0.1403118600109922,9,97,"{""type"":""Point"",""coordinates"":[108.44624727641866,14.461618304403016]}",108.44624727641866,14.461618304403016,3300.6956858462913
00000000000000000108,0,1246,0.5881048330359296,9,97,"{""type"":""Point"",""coordinates"":[108.39720162393182,14.591244372026686]}",108.39720162393182,14.591244372026686,5971.223013702888
00000000000000000122,0,1026,0.4788748322986145,9,97,"{""type"":""Point"",""coordinates"":[108.51739669282746,14.495841904988213]}",108.51739669282746,14.495841904988213,1955.4906531490249
00000000000000000165,0,1044,0.0701016371574558,9,97,"{""type"":""Point"",""coordinates"":[108.48640148140495,14.46889555732224]}",108.48640148140495,14.46889555732224,1785.6906197618994
0000000000000000017c,0,937,0.7154207836806402,9,97,"{""type"":""Point"",""coordinates"":[108.51658513643574,14.400171891886531]}",108.51658513643574,14.400171891886531,1357.4248245236704
000000000000000001ce,0,1056,0.7079208782868623,9,97,"{""type"":""Point"",""coordinates"":[108.49799068504285,14.448682452246972]}",108.49799068504285,14.448682452246972,3058.3587764896783
000000000000000001f3,0,1085,0.2187714905175911,9,97,"{""type"":""Point"",""coordinates"":[108.49583693923404,14.510396410826662]}",108.49583693923404,14.510396410826662,543.6287132517838
000000000000000001ff,0,999,0.4064790835993545,9,97,"{""type"":""Point"",""coordinates"":[108.45756893399337,14.448142901019507]}",108.45756893399337,14.448142901019507,1010.8431047430059
0000000000000000023c,0,1119,0.1234556681338534,9,97,"{""type"":""Point"",""coordinates"":[108.44328643331917,14.516055010063484]}",108.44328643331917,14.516055010063484,143.96044816584208
00000000000000000243,0,978,0.476904184986553,9,97,"{""type"":""Point"",""coordinates"":[108.53707024667524,14.331992236779346]}",108.53707024667524,14.331992236779346,924.104931262117
0000000000000000024b,0,973,0.487595578964922,9,97,"{""type"":""Point"",""coordinates"":[108.52143663838187,14.454073505420583]}",108.52143663838187,14.454073505420583,561.1185127154515
00000000000000000288,0,719,0.2629509481589056,9,97,"{""type"":""Point"",""coordinates"":[108.53625869028352,14.28752608107438]}",108.53625869028352,14.28752608107438,111.40630519703565
0000000000000000029a,0,928,0.2596100990297751,9,97,"{""type"":""Point"",""coordinates"":[108.5365306954478,14.477787004822808]}",108.5365306954478,14.477787004822808,2071.504002132912
000000000000000002d2,0,1220,0.2913105428600042,9,97,"{""type"":""Point"",""coordinates"":[108.40851882240547,14.531684159255809]}",108.40851882240547,14.531684159255809,3038.2518188831405
000000000000000002e2,0,961,0.5569254038155033,9,97,"{""type"":""Point"",""coordinates"":[108.54542214294837,14.468084000930514]}",108.54542214294837,14.468084000930514,2131.231262273109
000000000000000002fd,0,711,0.6518912840233108,9,97,"{""type"":""Point"",""coordinates"":[108.6039032532643,14.285100330101304]}",108.6039032532643,14.285100330101304,9.294688653176909
00000000000000000306,0,1441,0.6774379668535649,9,97,"{""type"":""Point"",""coordinates"":[108.3543496628082,14.233896472704588]}",108.3543496628082,14.233896472704588,8863.720063607148
0000000000000000031d,0,1260,0.7357703532607287,9,97,"{""type"":""Point"",""coordinates"":[108.41525652409723,14.569145067205811]}",108.41525652409723,14.569145067205811,2933.9795568466793
00000000000000000325,0,1220,0.2889523885391782,9,97,"{""type"":""Point"",""coordinates"":[108.37914672376641,14.411221544296971]}",108.37914672376641,14.411221544296971,2439.614703804074
0000000000000000033b,0,806,0.6555112128859538,9,97,"{""type"":""Point"",""coordinates"":[108.57479870068845,14.319323930686505]}",108.57479870068845,14.319323930686505,1031.1014494297717
0000000000000000034f,0,785,0.5636837855667618,9,97,"{""type"":""Point"",""coordinates"":[108.63731975655882,14.294259323665086]}",108.63731975655882,14.294259323665086,2957.2190390644128
00000000000000000363,0,951,0.4225767079561009,9,97,"{""type"":""Point"",""coordinates"":[108.60902230127367,14.461618304403016]}",108.60902230127367,14.461618304403016,5808.386274201061
00000000000000000379,0,849,0.6151571787460094,9,97,"{""type"":""Point"",""coordinates"":[108.4777775799676,14.32309633017772]}",108.4777775799676,14.32309633017772,110.06971431426268
00000000000000000410,0,745,0.6905563931896853,9,97,"{""type"":""Point"",""coordinates"":[108.63408690829509,14.271352921553534]}",108.63408690829509,14.271352921553534,2373.631834200524
0000000000000000047a,0,908,0.4286400352428705,9,97,"{""type"":""Point"",""coordinates"":[108.54946654760384,14.430355546917307]}",108.54946654760384,14.430355546917307,69.68098369231501
00000000000000000481,0,1111,0.0264872980335496,9,97,"{""type"":""Point"",""coordinates"":[108.4155285292615,14.472935502876663]}",108.4155285292615,14.472935502876663,1162.3194534515974
0000000000000000049d,0,682,0.7213432975912997,9,97,"{""type"":""Point"",""coordinates"":[108.62923540634893,14.206138568646887]}",108.62923540634893,14.206138568646887,2011.9732771885112
000000000000000004a2,0,1003,0.2336559043176036,9,97,"{""type"":""Point"",""coordinates"":[108.55269939586758,14.467544449703043]}",108.55269939586758,14.467544449703043,2665.296686396418
00000000000000000530,0,1633,0.4967765865785208,9,97,"{""type"":""Point"",""coordinates"":[108.39073146830326,14.32471498386012]}",108.39073146830326,14.32471498386012,6251.940435638775
00000000000000000535,0,1031,0.0669289591888245,9,97,"{""type"":""Point"",""coordinates"":[108.54057064100222,14.568605515978344]}",108.54057064100222,14.568605515978344,8164.1315471862235
0000000000000000053e,0,919,0.2172552045960369,9,97,"{""type"":""Point"",""coordinates"":[108.57857110017969,14.545699113866792]}",108.57857110017969,14.545699113866792,8781.70470585145
000000000000000005b5,0,915,0.256873195686131,9,97,"{""type"":""Point"",""coordinates"":[108.63112160609454,14.490990403042062]}",108.63112160609454,14.490990403042062,9483.933504326167
000000000000000005c3,0,918,0.7102348792750585,9,97,"{""type"":""Point"",""coordinates"":[108.54245684074782,14.467276903639835]}",108.54245684074782,14.467276903639835,343.6245333863504
000000000000000005cd,0,1635,0.7318322951922756,9,97,"{""type"":""Point"",""coordinates"":[108.37025081716479,14.285635422227719]}",108.37025081716479,14.285635422227719,6335.320865860859
000000000000000005e9,0,952,0.2151841174727848,9,97,"{""type"":""Point"",""coordinates"":[108.53033254498351,14.433053303054647]}",108.53033254498351,14.433053303054647,903.5553940454279
000000000000000005fe,0,972,0.5874503198986962,9,97,"{""type"":""Point"",""coordinates"":[108.51281273694451,14.416880143533794]}",108.51281273694451,14.416880143533794,3501.4076035005364
00000000000000000648,0,1109,0.6846287649235141,9,97,"{""type"":""Point"",""coordinates"":[108.4831686331412,14.48425716045136]}",108.4831686331412,14.48425716045136,1757.1720201048956
00000000000000000049,0,927,0.7394631138177373,10,97,"{""type"":""Point"",""coordinates"":[108.59258605479064,14.540580065857435]}",108.59258605479064,14.540580065857435,9102.675129614334
0000000000000000005c,0,687,0.5055377082963916,10,97,"{""type"":""Point"",""coordinates"":[108.63543355681321,14.191851608871648]}",108.63543355681321,14.191851608871648,2897.483677747732
00000000000000000099,0,898,0.3997338203681533,10,97,"{""type"":""Point"",""coordinates"":[108.48262908191373,14.090522996533142]}",108.48262908191373,14.090522996533142,4942.192162000045
000000000000000000bf,0,1053,0.6107075289631338,10,97,"{""type"":""Point"",""coordinates"":[108.445440179128,14.469163103385448]}",108.445440179128,14.469163103385448,731.2111203595952
000000000000000000c3,0,1547,0.7699343202503665,10,97,"{""type"":""Point"",""coordinates"":[108.36135936966421,14.256530869651877]}",108.36135936966421,14.256530869651877,8549.96952459516
000000000000000000cb,0,1003,0.6248827623297866,10,97,"{""type"":""Point"",""coordinates"":[108.5386844412566,14.52117405807284]}",108.5386844412566,14.52117405807284,4414.863264824963
000000000000000000f9,0,1246,0.528417749707501,10,97,"{""type"":""Point"",""coordinates"":[108.42846438141753,14.495841904988213]}",108.42846438141753,14.495841904988213,1262.0237984224052
0000000000000000011c,0,907,0.7928269947135228,10,97,"{""type"":""Point"",""coordinates"":[108.58665545038957,14.53195616442007]}",108.58665545038957,14.53195616442007,7954.607355289464
0000000000000000011e,0,897,0.6635093234093091,10,97,"{""type"":""Point"",""coordinates"":[108.33737386509773,14.40448384260521]}",108.33737386509773,14.40448384260521,64.65469642552961
00000000000000000131,0,998,0.7917876207335233,10,97,"{""type"":""Point"",""coordinates"":[108.5826110457341,14.557555863567906]}",108.5826110457341,14.557555863567906,10152.713195202623
00000000000000000154,0,970,0.4160627729968941,10,97,"{""type"":""Point"",""coordinates"":[108.61198760347419,14.531149067129395]}",108.61198760347419,14.531149067129395,9804.32808953427
00000000000000000196,0,847,0.6627583283733518,10,97,"{""type"":""Point"",""coordinates"":[108.62896786028573,14.340344133052447]}",108.62896786028573,14.340344133052447,3373.234044662521
000000000000000001eb,0,917,0.5563401854003514,10,97,"{""type"":""Point"",""coordinates"":[108.60067040500054,14.430355546917307]}",108.60067040500054,14.430355546917307,2548.118409586103
000000000000000001fd,0,851,0.0605277117180427,10,97,"{""type"":""Point"",""coordinates"":[108.5486549912121,14.382656542948595]}",108.5486549912121,14.382656542948595,1094.7715294449292
0000000000000000027f,0,1233,0.615566766074878,10,97,"{""type"":""Point"",""coordinates"":[108.41390987557908,14.558634966022838]}",108.41390987557908,14.558634966022838,2671.3966585738576
000000000000000002ba,0,975,0.1579591025425354,10,97,"{""type"":""Point"",""coordinates"":[108.5109265371989,14.456227251229398]}",108.5109265371989,14.456227251229398,1460.9554493719572
00000000000000000320,0,1541,0.5187286710174407,10,97,"{""type"":""Point"",""coordinates"":[108.38399376661152,14.286714524682653]}",108.38399376661152,14.286714524682653,6273.324753538
00000000000000000352,0,890,0.7241771934092531,10,97,"{""type"":""Point"",""coordinates"":[108.61064095495605,14.418226792051934]}",108.61064095495605,14.418226792051934,2975.8394077799267
000000000000000003a1,0,1027,0.4738607449408262,10,97,"{""type"":""Point"",""coordinates"":[108.54326839713954,14.501232958161832]}",108.54326839713954,14.501232958161832,2891.1634723361385
000000000000000003a5,0,950,0.0580975589320371,10,97,"{""type"":""Point"",""coordinates"":[108.52089708715441,14.470509751903586]}",108.52089708715441,14.470509751903586,263.8748210701853
000000000000000003b7,0,1036,0.0097206562445214,10,97,"{""type"":""Point"",""coordinates"":[108.4710443373769,14.420117450898594]}",108.4710443373769,14.420117450898594,754.7082363099845
000000000000000003b8,0,1523,0.4490635952366997,10,97,"{""type"":""Point"",""coordinates"":[108.35246346306259,14.242520374141952]}",108.35246346306259,14.242520374141952,9202.18789855627
000000000000000003bc,0,786,0.640837509641068,10,97,"{""type"":""Point"",""coordinates"":[108.62357680711212,14.2815954766733]}",108.62357680711212,14.2815954766733,1109.2115214406356
000000000000000004a0,0,1021,0.3294602108304388,10,97,"{""type"":""Point"",""coordinates"":[108.55727889264946,14.510935962054125]}",108.55727889264946,14.510935962054125,4321.127332596001
000000000000000004f9,0,1165,0.6644370937520538,10,97,"{""type"":""Point"",""coordinates"":[108.40205312587797,14.500153855706898]}",108.40205312587797,14.500153855706898,668.7773237401518
0000000000000000057a,0,1266,0.1410759021732267,10,97,"{""type"":""Point"",""coordinates"":[108.42199422578898,14.562679370678314]}",108.42199422578898,14.562679370678314,1953.1938962503698
00000000000000000580,0,1156,0.2224580296271731,10,97,"{""type"":""Point"",""coordinates"":[108.40825127634226,14.354898638890894]}",108.40825127634226,14.354898638890894,4155.604894070389
000000000000000005d1,0,716,0.3650807105843441,10,97,"{""type"":""Point"",""coordinates"":[108.61710665148355,14.261114825534822]}",108.61710665148355,14.261114825534822,254.16496191964194
000000000000000005d4,0,719,0.1565072512676127,10,97,"{""type"":""Point"",""coordinates"":[108.62977495757639,14.45757389974754]}",108.62977495757639,14.45757389974754,6903.618126607534
00000000000000000609,0,1051,0.7317998751098137,10,97,"{""type"":""Point"",""coordinates"":[108.41902892358843,14.407988696033222]}",108.41902892358843,14.407988696033222,102.58406714961623
00000000000000000013,0,1013,0.1806046241779145,11,97,"{""type"":""Point"",""coordinates"":[108.53194673956486,14.312858234159007]}",108.53194673956486,14.312858234159007,3095.9555567708762
0000000000000000001b,0,1230,0.6020364668454982,11,97,"{""type"":""Point"",""coordinates"":[108.44517263306479,14.548396870004126]}",108.44517263306479,14.548396870004126,195.28682273311753
0000000000000000001d,0,892,0.2103531436190153,11,97,"{""type"":""Point"",""coordinates"":[108.59177449839893,14.51955986349149]}",108.59177449839893,14.51955986349149,7313.561745045261
00000000000000000144,0,1122,0.4942754874460129,11,97,"{""type"":""Point"",""coordinates"":[108.43519762400824,14.490183305751394]}",108.43519762400824,14.490183305751394,2069.777985420361
0000000000000000014a,0,952,0.707387986556261,11,97,"{""type"":""Point"",""coordinates"":[108.52844634523788,14.489104203296455]}",108.52844634523788,14.489104203296455,2075.1307239072084
00000000000000000195,0,1131,0.083025769164969,11,97,"{""type"":""Point"",""coordinates"":[108.46753948394887,14.489376208460714]}",108.46753948394887,14.489376208460714,2843.1774473221176
000000000000000001d6,0,1069,0.1838586696642621,11,97,"{""type"":""Point"",""coordinates"":[108.46376708445766,14.500965412098624]}",108.46376708445766,14.500965412098624,2165.2969085172886
00000000000000000219,0,1380,0.1218727246098415,11,97,"{""type"":""Point"",""coordinates"":[108.3853448742307,14.165712358496346]}",108.3853448742307,14.165712358496346,7168.95689662403
00000000000000000277,0,784,0.0840724015625828,11,97,"{""type"":""Point"",""coordinates"":[108.6629239148077,14.249525621896918]}",108.6629239148077,14.249525621896918,5136.091101897827
0000000000000000032e,0,1030,0.5235523535090065,11,97,"{""type"":""Point"",""coordinates"":[108.44705883281038,14.464851152666764]}",108.44705883281038,14.464851152666764,549.2248629510527
00000000000000000377,0,787,0.4017461136080831,11,97,"{""type"":""Point"",""coordinates"":[108.64271080973245,14.305308976075525]}",108.64271080973245,14.305308976075525,3734.0901557849484
0000000000000000037c,0,1098,0.1930305115764939,11,97,"{""type"":""Point"",""coordinates"":[108.4230733282439,14.360017686900251]}",108.4230733282439,14.360017686900251,2804.6671845996448
0000000000000000037e,0,983,0.4537114250375884,11,97,"{""type"":""Point"",""coordinates"":[108.49691158258791,14.441677204492006]}",108.49691158258791,14.441677204492006,3504.9797374983405
000000000000000003a8,0,1076,0.1372239219093792,11,97,"{""type"":""Point"",""coordinates"":[108.46753948394887,14.061146438793044]}",108.46753948394887,14.061146438793044,4086.877005414632
000000000000000003af,0,985,0.4112114817595192,11,97,"{""type"":""Point"",""coordinates"":[108.48990633483297,14.383735645403531]}",108.48990633483297,14.383735645403531,1095.621845976
000000000000000003b2,0,1107,0.1465999450731451,11,97,"{""type"":""Point"",""coordinates"":[108.44786593010106,14.481559404314025]}",108.44786593010106,14.481559404314025,101.72305257268059
000000000000000003eb,0,1282,0.4547375074633436,11,97,"{""type"":""Point"",""coordinates"":[108.37590941640163,14.569417072370076]}",108.37590941640163,14.569417072370076,6396.0075521262215
000000000000000003f0,0,823,0.3486510849823436,11,97,"{""type"":""Point"",""coordinates"":[108.5599766487868,14.310432483185933]}",108.5599766487868,14.310432483185933,2722.25631079211
00000000000000000459,0,989,0.5956323591436581,11,97,"{""type"":""Point"",""coordinates"":[108.38857772249445,14.379691240748052]}",108.38857772249445,14.379691240748052,3803.707446426101
0000000000000000046e,0,1263,0.7997622179376153,11,97,"{""type"":""Point"",""coordinates"":[108.39692961876756,14.55836741995963]}",108.39692961876756,14.55836741995963,4490.759305664131
0000000000000000046f,0,1193,0.6468647743673462,11,97,"{""type"":""Point"",""coordinates"":[108.45191033475653,14.530609515901933]}",108.45191033475653,14.530609515901933,133.37433564751802
00000000000000000472,0,813,0.5142897245572222,11,97,"{""type"":""Point"",""coordinates"":[108.46619283543073,14.284288773709578]}",108.46619283543073,14.284288773709578,824.5240892545356
000000000000000004d6,0,1040,0.2339362898838132,11,97,"{""type"":""Point"",""coordinates"":[108.49179253457856,14.465123157831025]}",108.49179253457856,14.465123157831025,2043.3670262811122
000000000000000004e8,0,762,0.3308281283863961,11,97,"{""type"":""Point"",""coordinates"":[108.5486549912121,14.30450187878485]}",108.5486549912121,14.30450187878485,2090.231166688558
0000000000000000051e,0,1067,0.3221844880724754,11,97,"{""type"":""Point"",""coordinates"":[108.53006053981923,14.337378830851907]}",108.53006053981923,14.337378830851907,1332.753634724517
0000000000000000053d,0,911,0.2300612099288919,11,97,"{""type"":""Point"",""coordinates"":[108.59501180576373,14.507431108626118]}",108.59501180576373,14.507431108626118,9005.60167966036
0000000000000000058b,0,1037,0.0926861204388777,11,97,"{""type"":""Point"",""coordinates"":[108.49341118826098,14.463772050211828]}",108.49341118826098,14.463772050211828,2139.3451366586455
000000000000000005a3,0,991,0.0256937313242723,11,97,"{""type"":""Point"",""coordinates"":[108.49799068504285,14.438172351063997]}",108.49799068504285,14.438172351063997,3628.700139088148
000000000000000005a9,0,1201,0.3072039788148967,11,97,"{""type"":""Point"",""coordinates"":[108.31958651099553,14.325254535087588]}",108.31958651099553,14.325254535087588,1024.5553054093493
000000000000000005d6,0,982,0.0491480957228974,11,97,"{""type"":""Point"",""coordinates"":[108.50526793796209,14.489376208460714]}",108.50526793796209,14.489376208460714,521.4236649573713
000000000000000005f7,0,1194,0.584619710730476,11,97,"{""type"":""Point"",""coordinates"":[108.41902892358843,14.522525165692036]}",108.41902892358843,14.522525165692036,1522.8535872951727
0000000000000000060f,0,1473,0.2951324367463506,11,97,"{""type"":""Point"",""coordinates"":[108.37941426982962,14.26569432231671]}",108.37941426982962,14.26569432231671,6406.50646261688
00000000000000000625,0,821,0.1531493235582199,11,97,"{""type"":""Point"",""coordinates"":[108.63839885901375,14.47644035630467]}",108.63839885901375,14.47644035630467,9059.081758499244
0000000000000000063b,0,955,0.6760763581224914,11,97,"{""type"":""Point"",""coordinates"":[108.5087727913901,14.48425716045136]}",108.5087727913901,14.48425716045136,534.3786220766569
00000000000000000019,0,933,0.0564740965800105,12,97,"{""type"":""Point"",""coordinates"":[108.5429963919753,14.437365253773327]}",108.5429963919753,14.437365253773327,51.092045264934086
0000000000000000003c,0,902,0.2242379049941374,12,97,"{""type"":""Point"",""coordinates"":[108.42630617650767,14.308006732212856]}",108.42630617650767,14.308006732212856,3098.9832728571864
00000000000000000041,0,1059,0.6382701743847043,12,97,"{""type"":""Point"",""coordinates"":[108.48990633483297,14.470781757067847]}",108.48990633483297,14.470781757067847,1828.3287642056894
00000000000000000055,0,937,0.1981734748376135,12,97,"{""type"":""Point"",""coordinates"":[108.57722445166154,14.538421860947564]}",108.57722445166154,14.538421860947564,8000.248852848817
00000000000000000062,0,1033,0.0509683868243344,12,97,"{""type"":""Point"",""coordinates"":[108.48101488733239,14.478594102113485]}",108.48101488733239,14.478594102113485,2214.3412614924277
00000000000000000092,0,830,0.23882301890943,12,97,"{""type"":""Point"",""coordinates"":[108.62465590956702,14.338997484534305]}",108.62465590956702,14.338997484534305,4701.560230842518
000000000000000000b5,0,995,0.1234159355096677,12,97,"{""type"":""Point"",""coordinates"":[108.5583579951044,14.518480761036555]}",108.5583579951044,14.518480761036555,5138.3319663521115
000000000000000000cf,0,1018,0.0479676099446888,12,97,"{""type"":""Point"",""coordinates"":[108.48802013508734,14.445177598818963]}",108.48802013508734,14.445177598818963,1767.1335678234846
00000000000000000111,0,1078,0.2900632174351669,12,97,"{""type"":""Point"",""coordinates"":[108.46753948394887,14.460539201948086]}",108.46753948394887,14.460539201948086,254.48342290070474
00000000000000000187,0,857,0.4711354799185731,12,97,"{""type"":""Point"",""coordinates"":[108.62195815342972,14.355705736181568]}",108.62195815342972,14.355705736181568,1803.3165791840408
000000000000000001db,0,933,0.2666659593933244,12,97,"{""type"":""Point"",""coordinates"":[108.59554689789015,14.450296646828315]}",108.59554689789015,14.450296646828315,4018.7435539074154
00000000000000000223,0,1089,0.1530896998119756,12,97,"{""type"":""Point"",""coordinates"":[108.48451528165936,14.519827409554699]}",108.48451528165936,14.519827409554699,852.1361816355914
00000000000000000245,0,1105,0.6221507755102004,12,97,"{""type"":""Point"",""coordinates"":[108.5025746409258,14.517134112518413]}",108.5025746409258,14.517134112518413,1232.8807643270125
00000000000000000249,0,943,0.7411247331000984,12,97,"{""type"":""Point"",""coordinates"":[108.57911065140713,14.557020771441492]}",108.57911065140713,14.557020771441492,10176.019351722298
0000000000000000025d,0,1178,0.0496625014247095,12,97,"{""type"":""Point"",""coordinates"":[108.37052282232906,14.472395951649194]}",108.37052282232906,14.472395951649194,2897.2656644636522
0000000000000000028f,0,939,0.4407794040966576,12,97,"{""type"":""Point"",""coordinates"":[108.62007195368409,14.511203508117333]}",108.62007195368409,14.511203508117333,10032.608868368061
000000000000000002b5,0,952,0.141755555333584,12,97,"{""type"":""Point"",""coordinates"":[108.53922399248408,14.479673204568417]}",108.53922399248408,14.479673204568417,2429.577187161766
000000000000000002d0,0,1566,0.510264601415023,12,97,"{""type"":""Point"",""coordinates"":[108.35812206229943,14.329026934578806]}",108.35812206229943,14.329026934578806,2700.3207935639193
000000000000000002d9,0,972,0.29098104174439,12,97,"{""type"":""Point"",""coordinates"":[108.50984743474397,14.41769169992552]}",108.50984743474397,14.41769169992552,3672.1884132795894
00000000000000000323,0,1029,0.7287286527010164,12,97,"{""type"":""Point"",""coordinates"":[108.4672674787846,14.473475054104126]}",108.4672674787846,14.473475054104126,855.493575229322
00000000000000000334,0,1227,0.4460969899137929,12,97,"{""type"":""Point"",""coordinates"":[108.40178112071371,14.550011064585473]}",108.40178112071371,14.550011064585473,3997.279842351966
0000000000000000038a,0,1147,0.55975720507941,12,97,"{""type"":""Point"",""coordinates"":[108.37698851885655,14.49314860795193]}",108.37698851885655,14.49314860795193,942.129339649898
0000000000000000041d,0,1171,0.4016163897417073,12,97,"{""type"":""Point"",""coordinates"":[108.39261766804887,14.49638145621568]}",108.39261766804887,14.49638145621568,255.72494989222065
00000000000000000463,0,959,0.7753819982789,12,97,"{""type"":""Point"",""coordinates"":[108.50553548402529,14.475633259013998]}",108.50553548402529,14.475633259013998,436.2099971760291
000000000000000004ee,0,1312,0.4421754635245617,12,97,"{""type"":""Point"",""coordinates"":[108.32578466145982,14.258417069397487]}",108.32578466145982,14.258417069397487,7672.3789523941605
00000000000000000506,0,1204,0.1306616898632323,12,97,"{""type"":""Point"",""coordinates"":[108.3718694708472,14.34870048842661]}",108.3718694708472,14.34870048842661,4774.083955976984
00000000000000000513,0,814,0.1681433481794703,12,97,"{""type"":""Point"",""coordinates"":[108.56914010145165,14.325522081150792]}",108.56914010145165,14.325522081150792,1193.464064956046
00000000000000000553,0,1035,0.0812154817087382,12,97,"{""type"":""Point"",""coordinates"":[108.54973409366706,14.492609056724465]}",108.54973409366706,14.492609056724465,2130.654846691067
00000000000000000591,0,821,0.2278157144485728,12,97,"{""type"":""Point"",""coordinates"":[108.61899285122917,14.310432483185933]}",108.61899285122917,14.310432483185933,1779.5673285560988
0000000000000000000a,0,816,0.101625228290666,13,97,"{""type"":""Point"",""coordinates"":[108.61198760347419,14.478866107277744]}",108.61198760347419,14.478866107277744,7020.003687625168
0000000000000000000e,0,725,0.5545956666209308,13,97,"{""type"":""Point"",""coordinates"":[108.63246825461268,14.249525621896918]}",108.63246825461268,14.249525621896918,2018.5531689975633
0000000000000000004e,0,1112,0.3426541625858355,13,97,"{""type"":""Point"",""coordinates"":[108.4373558289181,14.48048030185909]}",108.4373558289181,14.48048030185909,3300.70877319317
0000000000000000011d,0,1004,0.3403628635478872,13,97,"{""type"":""Point"",""coordinates"":[108.4713118834401,14.458920548265684]}",108.4713118834401,14.458920548265684,71.7130987010678
0000000000000000011f,0,1018,0.05859360922741,13,97,"{""type"":""Point"",""coordinates"":[108.48451528165936,14.452187305674979]}",108.48451528165936,14.452187305674979,1157.9218088306866
00000000000000000150,0,1314,0.6990775337013431,13,97,"{""type"":""Point"",""coordinates"":[108.48855968631482,14.540308060693178]}",108.48855968631482,14.540308060693178,2849.2053954905696
0000000000000000020a,0,771,0.5601481268000139,13,97,"{""type"":""Point"",""coordinates"":[108.65995861260718,14.252218918933197]}",108.65995861260718,14.252218918933197,4768.22388669924
0000000000000000026e,0,838,0.3302675529773448,13,97,"{""type"":""Point"",""coordinates"":[108.51577803914505,14.122053300082058]}",108.51577803914505,14.122053300082058,1682.076445264068
00000000000000000298,0,1036,0.7496348983541788,13,97,"{""type"":""Point"",""coordinates"":[108.44867302739175,14.465123157831025]}",108.44867302739175,14.465123157831025,378.9234515653713
000000000000000002cf,0,767,0.1084395172616788,13,97,"{""type"":""Point"",""coordinates"":[108.63408690829509,14.277283525954616]}",108.63408690829509,14.277283525954616,2281.1609842746834
000000000000000002db,0,1021,0.706496721266014,13,97,"{""type"":""Point"",""coordinates"":[108.58018975386207,14.483445604059636]}",108.58018975386207,14.483445604059636,4923.470586936723
000000000000000002ec,0,1252,0.3466631529018157,13,97,"{""type"":""Point"",""coordinates"":[108.30719021006696,14.399364794595856]}",108.30719021006696,14.399364794595856,2540.940289600469
000000000000000002ef,0,1180,0.3532730111171497,13,97,"{""type"":""Point"",""coordinates"":[108.465381279039,14.528183764928853]}",108.465381279039,14.528183764928853,543.6482721296178
0000000000000000038c,0,1111,0.080115075909064,13,97,"{""type"":""Point"",""coordinates"":[108.45298497811042,14.48425716045136]}",108.45298497811042,14.48425716045136,507.0623406309846
0000000000000000038d,0,1554,0.2973700545296235,13,97,"{""type"":""Point"",""coordinates"":[108.36216646695489,14.256263323588673]}",108.36216646695489,14.256263323588673,8611.689829430677
000000000000000003e8,0,1094,0.7503879090043453,13,97,"{""type"":""Point"",""coordinates"":[108.41984047998015,14.344116532543666]}",108.41984047998015,14.344116532543666,4101.038655390129
0000000000000000040b,0,773,0.4924496605160786,13,97,"{""type"":""Point"",""coordinates"":[108.47616338538623,14.255184221133735]}",108.47616338538623,14.255184221133735,568.1194559253012
00000000000000000474,0,1484,0.1162321556040364,13,97,"{""type"":""Point"",""coordinates"":[108.38723107397631,14.256263323588673]}",108.38723107397631,14.256263323588673,5649.8730960691355
000000000000000004a9,0,1237,0.6553196221803335,13,97,"{""type"":""Point"",""coordinates"":[108.47265853195823,14.547857318776657]}",108.47265853195823,14.547857318776657,2506.997487088267
000000000000000004ca,0,1049,0.7589207992406455,13,97,"{""type"":""Point"",""coordinates"":[108.4572969288291,14.464851152666764]}",108.4572969288291,14.464851152666764,390.8323156854091
000000000000000004ed,0,800,0.5084518117215853,13,97,"{""type"":""Point"",""coordinates"":[108.64836940896927,14.268659624517255]}",108.64836940896927,14.268659624517255,3631.6882536177927
00000000000000000509,0,1188,0.5977515050115938,13,97,"{""type"":""Point"",""coordinates"":[108.38992437101258,14.35139378546289]}",108.38992437101258,14.35139378546289,5683.452623560983
00000000000000000517,0,778,0.6790955118719249,13,97,"{""type"":""Point"",""coordinates"":[108.63759176172307,14.298843279548027]}",108.63759176172307,14.298843279548027,3074.6580014438946
0000000000000000051b,0,1050,0.4835685290478637,13,97,"{""type"":""Point"",""coordinates"":[108.46053423619392,14.443291399073352]}",108.46053423619392,14.443291399073352,306.0000617412021
0000000000000000051f,0,1085,0.7124988154809638,13,97,"{""type"":""Point"",""coordinates"":[108.48586638927854,14.508510211081054]}",108.48586638927854,14.508510211081054,121.9849127950152
0000000000000000052e,0,764,0.5856339682348702,13,97,"{""type"":""Point"",""coordinates"":[108.48074288216813,14.142533951220537]}",108.48074288216813,14.142533951220537,879.7857432458688
00000000000000000560,0,1017,0.3113129299943643,13,97,"{""type"":""Point"",""coordinates"":[108.55350649315825,14.578848071098106]}",108.55350649315825,14.578848071098106,9883.48254420212
0000000000000000056f,0,897,0.1536861639494728,13,97,"{""type"":""Point"",""coordinates"":[108.56078374607749,14.404216296542007]}",108.56078374607749,14.404216296542007,710.0484746712226
00000000000000000570,0,1146,0.5837734005285935,13,97,"{""type"":""Point"",""coordinates"":[108.39639452664113,14.4659302551217]}",108.39639452664113,14.4659302551217,933.781763240936
000000000000000005b6,0,1255,0.4710425094813721,13,97,"{""type"":""Point"",""coordinates"":[108.43142522451703,14.545699113866792]}",108.43142522451703,14.545699113866792,1303.3655823047877
000000000000000005cf,0,794,0.7649305071089505,13,97,"{""type"":""Point"",""coordinates"":[108.63489400558575,14.313397785386474]}",108.63489400558575,14.313397785386474,3312.3599722632307
00000000000000000627,0,1505,0.3236900012047971,13,97,"{""type"":""Point"",""coordinates"":[108.38587996635712,14.26919917574472]}",108.38587996635712,14.26919917574472,5724.590715732884
00000000000000000630,0,981,0.693729273832916,13,97,"{""type"":""Point"",""coordinates"":[108.41876137752524,14.3387299384711]}",108.41876137752524,14.3387299384711,4579.971570221482
00000000000000000086,0,1079,0.7515635675424812,14,97,"{""type"":""Point"",""coordinates"":[108.49933733356099,14.525758013955778]}",108.49933733356099,14.525758013955778,2148.471880047691
000000000000000000c9,0,907,0.1132840848790001,14,97,"{""type"":""Point"",""coordinates"":[108.55701134658628,14.448949998310178]}",108.55701134658628,14.448949998310178,508.34298477165584
00000000000000000160,0,1092,0.2630874558275027,14,97,"{""type"":""Point"",""coordinates"":[108.50607503525276,14.518213214973352]}",108.50607503525276,14.518213214973352,1469.0140405057712
000000000000000001b0,0,910,0.2148198689946531,14,97,"{""type"":""Point"",""coordinates"":[108.59851220009068,14.425236498907953]}",108.59851220009068,14.425236498907953,2009.2523001213167
000000000000000001dd,0,1108,0.6713467365002161,14,97,"{""type"":""Point"",""coordinates"":[108.32335891048676,14.289679826883198]}",108.32335891048676,14.289679826883198,4260.664193311673
000000000000000001ef,0,904,0.0919189406447531,14,97,"{""type"":""Point"",""coordinates"":[108.55970464362255,14.405562945060149]}",108.55970464362255,14.405562945060149,528.0001146532716
00000000000000000204,0,1260,0.168327503572257,14,97,"{""type"":""Point"",""coordinates"":[108.49421828555164,14.542198719539835]}",108.49421828555164,14.542198719539835,3386.624707168559
0000000000000000021a,0,699,0.3711477597346291,14,97,"{""type"":""Point"",""coordinates"":[108.51847133618134,14.253837572615598]}",108.51847133618134,14.253837572615598,1137.1819408961906
00000000000000000266,0,1246,0.1489647086427249,14,97,"{""type"":""Point"",""coordinates"":[108.41337032435162,14.565912218942065]}",108.41337032435162,14.565912218942065,2948.8761134795727
000000000000000002b4,0,1122,0.1640390623636127,14,97,"{""type"":""Point"",""coordinates"":[108.39639452664113,14.458920548265684]}",108.39639452664113,14.458920548265684,1078.9769385275083
000000000000000002b6,0,1049,0.0404422984423533,14,97,"{""type"":""Point"",""coordinates"":[108.39881581851316,14.414726397724976]}",108.39881581851316,14.414726397724976,3770.9373594293343
000000000000000002d8,0,1020,0.6069936238530196,14,97,"{""type"":""Point"",""coordinates"":[108.48398018953291,14.448142901019507]}",108.48398018953291,14.448142901019507,1257.5410705205138
000000000000000002e6,0,1295,0.1621047818460603,14,97,"{""type"":""Point"",""coordinates"":[108.37052282232906,14.364329637618932]}",108.37052282232906,14.364329637618932,3984.273431498925
00000000000000000307,0,1144,0.7245534778937184,14,97,"{""type"":""Point"",""coordinates"":[108.35839406746368,14.43628615131839]}",108.35839406746368,14.43628615131839,539.6015154059979
00000000000000000310,0,1027,0.5229939558304029,14,97,"{""type"":""Point"",""coordinates"":[108.5421892946846,14.530337510737672]}",108.5421892946846,14.530337510737672,5223.429374894745
00000000000000000338,0,1331,0.3980814328671593,14,97,"{""type"":""Point"",""coordinates"":[108.3818400208027,14.408256242096428]}",108.3818400208027,14.408256242096428,2821.302858178665
0000000000000000033f,0,935,0.3848498083689893,14,97,"{""type"":""Point"",""coordinates"":[108.56671435047858,14.569684618433275]}",108.56671435047858,14.569684618433275,10034.287736095215
00000000000000000346,0,816,0.0222734313242315,14,97,"{""type"":""Point"",""coordinates"":[108.40474642291424,14.188351214544692]}",108.40474642291424,14.188351214544692,5359.661219015027
0000000000000000034d,0,789,0.5823850194494892,14,97,"{""type"":""Point"",""coordinates"":[108.65052761387913,14.293724231538672]}",108.65052761387913,14.293724231538672,4258.908152271967
00000000000000000364,0,860,0.1326309213347741,14,97,"{""type"":""Point"",""coordinates"":[108.56886809628737,14.384542742694206]}",108.56886809628737,14.384542742694206,1237.1962792950817
0000000000000000048c,0,1160,0.4596770091013804,14,97,"{""type"":""Point"",""coordinates"":[108.43493007794503,14.524139360273379]}",108.43493007794503,14.524139360273379,1049.3894409582865
000000000000000004e9,0,686,0.499719661338864,14,97,"{""type"":""Point"",""coordinates"":[108.58369014818902,14.23928306677715]}",108.58369014818902,14.23928306677715,1315.6797260631688
0000000000000000054e,0,935,0.4972664264809227,14,97,"{""type"":""Point"",""coordinates"":[108.54084264616648,14.299922382002961]}",108.54084264616648,14.299922382002961,1206.6877522752286
00000000000000000576,0,932,0.5914809347212207,14,97,"{""type"":""Point"",""coordinates"":[108.55620424929559,14.52899086221953]}",108.55620424929559,14.52899086221953,6174.113919476451
0000000000000000057b,0,896,0.622019677539046,14,97,"{""type"":""Point"",""coordinates"":[108.55215984464012,14.435746600090923]}",108.55215984464012,14.435746600090923,240.0327894937005
00000000000000000588,0,1302,0.4968671807061666,14,97,"{""type"":""Point"",""coordinates"":[108.36944371987413,14.56483311648713]}",108.36944371987413,14.56483311648713,5952.777346717453
000000000000000005bd,0,900,0.008258105138167,14,97,"{""type"":""Point"",""coordinates"":[108.56617479925109,14.436825702545862]}",108.56617479925109,14.436825702545862,580.16876506898
000000000000000005ea,0,1068,0.4600308576779056,14,97,"{""type"":""Point"",""coordinates"":[108.4195684748159,14.41445439256072]}",108.4195684748159,14.41445439256072,763.250830544805
00000000000000000621,0,1236,0.3919710188358548,14,97,"{""type"":""Point"",""coordinates"":[108.37914672376641,14.417152148698051]}",108.37914672376641,14.417152148698051,1795.6457463740949
00000000000000000060,0,1477,0.2899485724233928,15,97,"{""type"":""Point"",""coordinates"":[108.3441115667895,14.231470721731512]}",108.3441115667895,14.231470721731512,9947.363866614392
00000000000000000077,0,1111,0.690922043881843,15,97,"{""type"":""Point"",""coordinates"":[108.53707024667524,14.307467180985393]}",108.53707024667524,14.307467180985393,1917.7536893541367
000000000000000000f1,0,1068,0.5799338272261123,15,97,"{""type"":""Point"",""coordinates"":[108.44436107667306,14.48425716045136]}",108.44436107667306,14.48425716045136,412.76815477848686
00000000000000000172,0,1137,0.428341027087498,15,97,"{""type"":""Point"",""coordinates"":[108.41202367583347,14.353279985208497]}",108.41202367583347,14.353279985208497,4132.908494117529
00000000000000000183,0,704,0.3249443598112487,15,97,"{""type"":""Point"",""coordinates"":[108.4866734865692,14.224461014875494]}",108.4866734865692,14.224461014875494,268.81273277147994
000000000000000001e6,0,1255,0.7227079462392569,15,97,"{""type"":""Point"",""coordinates"":[108.38641951758459,14.567530872624465]}",108.38641951758459,14.567530872624465,5773.371341248218
000000000000000001e8,0,711,0.0625210249991287,15,97,"{""type"":""Point"",""coordinates"":[108.64055260482256,14.211797167883713]}",108.64055260482256,14.211797167883713,3198.7668671080905
00000000000000000278,0,843,0.6886320119195956,15,97,"{""type"":""Point"",""coordinates"":[108.63058205486706,14.367834491046938]}",108.63058205486706,14.367834491046938,993.1365148128965
0000000000000000027e,0,1171,0.3274205363761076,15,97,"{""type"":""Point"",""coordinates"":[108.4276528250258,14.484524706514566]}",108.4276528250258,14.484524706514566,2279.2859804983323
00000000000000000294,0,907,0.0778874208912799,15,97,"{""type"":""Point"",""coordinates"":[108.5985122000907,14.50419826036237]}",108.5985122000907,14.50419826036237,9062.846159126648
00000000000000000313,0,944,0.776405136940075,15,97,"{""type"":""Point"",""coordinates"":[108.59554689789015,14.52009941471896]}",108.59554689789015,14.52009941471896,7657.872876383001
00000000000000000388,0,750,0.4234844398347452,15,97,"{""type"":""Point"",""coordinates"":[108.62330480194785,14.258689074561747]}",108.62330480194785,14.258689074561747,752.0119415877001
00000000000000000393,0,1087,0.3651900952518551,15,97,"{""type"":""Point"",""coordinates"":[108.48532683805107,14.518748307099766]}",108.48532683805107,14.518748307099766,847.5015093872715
00000000000000000429,0,861,0.503699812762064,15,97,"{""type"":""Point"",""coordinates"":[108.59797264886322,14.38184498655687]}",108.59797264886322,14.38184498655687,1558.910214571323
00000000000000000447,0,970,0.6925777999244237,15,97,"{""type"":""Point"",""coordinates"":[108.42388042553459,14.173257157478778]}",108.42388042553459,14.173257157478778,3006.253767642301
00000000000000000492,0,1131,0.4489525297626925,15,97,"{""type"":""Point"",""coordinates"":[108.43466253188183,14.47805900998707]}",108.43466253188183,14.47805900998707,3030.1192434304658
000000000000000004be,0,896,0.7773233430216397,15,97,"{""type"":""Point"",""coordinates"":[108.54488259172089,14.344656083771131]}",108.54488259172089,14.344656083771131,439.98315204762577
000000000000000004f0,0,876,0.4102264733042757,15,97,"{""type"":""Point"",""coordinates"":[108.5206295410912,14.342502337962316]}",108.5206295410912,14.342502337962316,208.9394818283108
00000000000000000644,0,679,0.7949590367928577,15,97,"{""type"":""Point"",""coordinates"":[108.50068844118019,14.107503253344666]}",108.50068844118019,14.107503253344666,3018.5791582156266
0000000000000000013a,0,1051,0.172361512881382,16,97,"{""type"":""Point"",""coordinates"":[108.51119854236318,14.499886309643689]}",108.51119854236318,14.499886309643689,1175.50096009502
000000000000000001c1,0,1037,0.4401369473511066,16,97,"{""type"":""Point"",""coordinates"":[108.49044588606041,14.476168351140405]}",108.49044588606041,14.476168351140405,1493.0329940744818
00000000000000000314,0,927,0.6478911772851859,16,97,"{""type"":""Point"",""coordinates"":[108.58638790432636,14.486950457487639]}",108.58638790432636,14.486950457487639,6881.294874980156
000000000000000003a3,0,740,0.0959801223332056,16,97,"{""type"":""Point"",""coordinates"":[108.6039032532643,14.311239580476608]}",108.6039032532643,14.311239580476608,1125.768970003899
000000000000000003a9,0,1333,0.1100816642001233,16,97,"{""type"":""Point"",""coordinates"":[108.354082116745,14.26892717058046]}",108.354082116745,14.26892717058046,6980.896496404021
000000000000000003c2,0,1089,0.4786714663850835,16,97,"{""type"":""Point"",""coordinates"":[108.53464449570217,14.325254535087588]}",108.53464449570217,14.325254535087588,1712.9405370454122
00000000000000000417,0,856,0.0175974672677918,16,97,"{""type"":""Point"",""coordinates"":[108.54892699637637,14.30800673221286]}",108.54892699637637,14.30800673221286,2419.6133086757113
00000000000000000498,0,1683,0.3594447088964648,16,97,"{""type"":""Point"",""coordinates"":[108.38695906881206,14.31609108242276]}",108.38695906881206,14.31609108242276,6032.446248589305
000000000000000004ae,0,1475,0.6381537105982271,16,97,"{""type"":""Point"",""coordinates"":[108.39288967321313,14.338190387243634]}",108.39288967321313,14.338190387243634,6414.875880652223
000000000000000004ba,0,1003,0.6414697021001999,16,97,"{""type"":""Point"",""coordinates"":[108.48829214025162,14.42577605013542]}",108.48829214025162,14.42577605013542,2713.629307778226
00000000000000000514,0,973,0.0925529908833685,16,97,"{""type"":""Point"",""coordinates"":[108.57398714429672,14.565644672878854]}",108.57398714429672,14.565644672878854,10311.036449531668
0000000000000000058c,0,1198,0.4044607176218823,16,97,"{""type"":""Point"",""coordinates"":[108.4052859741417,14.514168810317877]}",108.4052859741417,14.514168810317877,1787.4070510318572
00000000000000000005,0,952,0.2473164581289342,17,97,"{""type"":""Point"",""coordinates"":[108.5564717953588,14.567530872624465]}",108.5564717953588,14.567530872624465,9100.066733363332
000000000000000001ab,0,1051,0.2764369512884006,17,97,"{""type"":""Point"",""coordinates"":[108.35300301429007,14.362710983936534]}",108.35300301429007,14.362710983936534,2328.508999831057
000000000000000001b4,0,969,0.7536706719338825,17,97,"{""type"":""Point"",""coordinates"":[108.5322187447291,14.336304187498026]}",108.5322187447291,14.336304187498026,986.7394046202452
00000000000000000231,0,1159,0.6864616183721621,17,97,"{""type"":""Point"",""coordinates"":[108.3980087212225,14.505005357653046]}",108.3980087212225,14.505005357653046,1170.209074841102
0000000000000000024f,0,1056,0.5117870383099137,17,97,"{""type"":""Point"",""coordinates"":[108.48424773559613,14.459732104657409]}",108.48424773559613,14.459732104657409,1075.2841041335696
0000000000000000025e,0,1189,0.1817087705475333,17,97,"{""type"":""Point"",""coordinates"":[108.37025081716479,14.421192094252474]}",108.37025081716479,14.421192094252474,1379.761411044211
00000000000000000281,0,701,0.3803223078991825,17,97,"{""type"":""Point"",""coordinates"":[108.49583693923404,14.208831865683168]}",108.49583693923404,14.208831865683168,16.773941631685318
000000000000000002c4,0,954,0.0949901366414206,17,97,"{""type"":""Point"",""coordinates"":[108.55296694193078,14.322556778950254]}",108.55296694193078,14.322556778950254,2298.5187438056914
00000000000000000308,0,804,0.0585314292649148,17,97,"{""type"":""Point"",""coordinates"":[108.60821520398298,14.310160478021674]}",108.60821520398298,14.310160478021674,1533.7330193026178
0000000000000000034a,0,941,0.5130558964605804,17,97,"{""type"":""Point"",""coordinates"":[108.47346562924889,14.390201341931029]}",108.47346562924889,14.390201341931029,332.6779520547109
000000000000000003b3,0,791,0.4694456366549752,17,97,"{""type"":""Point"",""coordinates"":[108.40825127634226,14.229044970758439]}",108.40825127634226,14.229044970758439,3014.3884659595847
000000000000000003f3,0,1154,0.5109884063144688,17,97,"{""type"":""Point"",""coordinates"":[108.41876137752524,14.36352254032826]}",108.41876137752524,14.36352254032826,2811.823793452706
000000000000000003f8,0,1212,0.2821842868349828,17,97,"{""type"":""Point"",""coordinates"":[108.3182398624774,14.333066880133222]}",108.3182398624774,14.333066880133222,1209.9401725507707
0000000000000000040a,0,1000,0.7968202589827854,17,97,"{""type"":""Point"",""coordinates"":[108.53194673956486,14.313665331449682]}",108.53194673956486,14.313665331449682,3038.1520242345077
0000000000000000044a,0,1232,0.3396325859040325,17,97,"{""type"":""Point"",""coordinates"":[108.31446746298619,14.403944291377746]}",108.31446746298619,14.403944291377746,1884.187702485125
000000000000000004a8,0,1468,0.5322036045718175,17,97,"{""type"":""Point"",""coordinates"":[108.34491866408017,14.272971575235934]}",108.34491866408017,14.272971575235934,6246.351907972768
000000000000000005a2,0,1023,0.6659639489830702,17,97,"{""type"":""Point"",""coordinates"":[108.54838744514889,14.488297106005783]}",108.54838744514889,14.488297106005783,3795.168079369147
00000000000000000607,0,909,0.0007350070973414224,17,97,"{""type"":""Point"",""coordinates"":[108.5985122000907,14.525218462728319]}",108.5985122000907,14.525218462728319,8273.446142408327
00000000000000000190,0,775,0.4841608231094659,18,97,"{""type"":""Point"",""coordinates"":[108.64163170727751,14.303694781494178]}",108.64163170727751,14.303694781494178,3580.3976157747584
00000000000000000272,0,859,0.7276449199904009,18,97,"{""type"":""Point"",""coordinates"":[108.6270816605401,14.481831409478286]}",108.6270816605401,14.481831409478286,8578.088239075787
00000000000000000280,0,896,0.1460387758634906,18,97,"{""type"":""Point"",""coordinates"":[108.55108074218518,14.43466749763599]}",108.55108074218518,14.43466749763599,300.74697600117435
000000000000000002a2,0,1017,0.4327375353765428,18,97,"{""type"":""Point"",""coordinates"":[108.46942568369447,14.469970200676121]}",108.46942568369447,14.469970200676121,528.4813989399217
000000000000000002c5,0,1026,0.3255664718693232,18,97,"{""type"":""Point"",""coordinates"":[108.46026223102965,14.456227251229398]}",108.46026223102965,14.456227251229398,1068.8929982583395
000000000000000002df,0,870,0.7621197692603265,18,97,"{""type"":""Point"",""coordinates"":[108.4769704826769,14.354087082499168]}",108.4769704826769,14.354087082499168,141.1417685991129
000000000000000002e8,0,1380,0.5355852762121175,18,97,"{""type"":""Point"",""coordinates"":[108.36189892089168,14.27405067769087]}",108.36189892089168,14.27405067769087,6835.987407143836
00000000000000000303,0,886,0.4189348009160705,18,97,"{""type"":""Point"",""coordinates"":[108.43196477574448,14.33765083601617]}",108.43196477574448,14.33765083601617,3439.204729217218
00000000000000000312,0,1513,0.7463637044477603,18,97,"{""type"":""Point"",""coordinates"":[108.38130046957522,14.340883684279913]}",108.38130046957522,14.340883684279913,5193.023118788234
00000000000000000317,0,1030,0.2856676314508724,18,97,"{""type"":""Point"",""coordinates"":[108.31904695976806,14.378344592229912]}",108.31904695976806,14.378344592229912,1296.8927199075945
00000000000000000333,0,1039,0.1812001848989212,18,97,"{""type"":""Point"",""coordinates"":[108.52763478884617,14.324982529923327]}",108.52763478884617,14.324982529923327,1994.4028068565337
0000000000000000039e,0,1018,0.763895303466271,18,97,"{""type"":""Point"",""coordinates"":[108.3379134163252,14.346002732289273]}",108.3379134163252,14.346002732289273,785.9743090485887
000000000000000003c0,0,1133,0.2366467498404416,18,97,"{""type"":""Point"",""coordinates"":[108.38884526855767,14.447335803728825]}",108.38884526855767,14.447335803728825,1485.143688678217
000000000000000003d8,0,1340,0.1120693434594231,18,97,"{""type"":""Point"",""coordinates"":[108.40232067194118,14.278630174472758]}",108.40232067194118,14.278630174472758,4135.042308726794
00000000000000000418,0,894,0.2190654394225833,18,97,"{""type"":""Point"",""coordinates"":[108.42846438141754,14.342230332798058]}",108.42846438141754,14.342230332798058,3578.2605879056237
0000000000000000044e,0,1094,0.4906714838612019,18,97,"{""type"":""Point"",""coordinates"":[108.43088567328955,14.458920548265684]}",108.43088567328955,14.458920548265684,1852.7823118994081
00000000000000000551,0,1069,0.4636094387994404,18,97,"{""type"":""Point"",""coordinates"":[108.45487117785603,14.434939502800248]}",108.45487117785603,14.434939502800248,496.6374484906351
00000000000000000647,0,1435,0.7425225450809573,18,97,"{""type"":""Point"",""coordinates"":[108.30153161083012,14.415805500179909]}",108.30153161083012,14.415805500179909,3482.936463760693
0000000000000000002e,0,1107,0.3604175683368401,19,97,"{""type"":""Point"",""coordinates"":[108.468886132467,14.520099414718956]}",108.468886132467,14.520099414718956,73.59172334955319
0000000000000000010f,0,903,0.136626911151431,19,97,"{""type"":""Point"",""coordinates"":[108.59716555157254,14.452187305674979]}",108.59716555157254,14.452187305674979,4331.025322945023
0000000000000000014e,0,894,0.3079202270866982,19,97,"{""type"":""Point"",""coordinates"":[108.52116909231867,14.34276988402552]}",108.52116909231867,14.34276988402552,238.09251465997394
00000000000000000156,0,1563,0.4474358187781914,19,97,"{""type"":""Point"",""coordinates"":[108.38426577177577,14.296685074638159]}",108.38426577177577,14.296685074638159,6475.5408510950265
000000000000000001f9,0,959,0.6413933060401041,19,97,"{""type"":""Point"",""coordinates"":[108.543807948367,14.318784379459041]}",108.543807948367,14.318784379459041,2322.3986225455737
00000000000000000230,0,801,0.7262169089503359,19,97,"{""type"":""Point"",""coordinates"":[108.54245684074782,14.296417528574953]}",108.54245684074782,14.296417528574953,974.0259948113462
00000000000000000239,0,1042,0.014714763960331,19,97,"{""type"":""Point"",""coordinates"":[108.53545159299286,14.305580981239785]}",108.53545159299286,14.305580981239785,1696.049592312304
0000000000000000029f,0,1096,0.1085061953185909,19,97,"{""type"":""Point"",""coordinates"":[108.45487117785603,14.483178057996428]}",108.45487117785603,14.483178057996428,675.370389258184
000000000000000002a0,0,810,0.2881008385506872,19,97,"{""type"":""Point"",""coordinates"":[108.43950957472693,14.315551531195288]}",108.43950957472693,14.315551531195288,2071.3709536248616
000000000000000002be,0,1490,0.7493798830104988,19,97,"{""type"":""Point"",""coordinates"":[108.3462653125983,14.271892472781]}",108.3462653125983,14.271892472781,6399.675630123129
0000000000000000030d,0,1183,0.1800942021258911,19,97,"{""type"":""Point"",""coordinates"":[108.3901919170758,14.214490464919994]}",108.3901919170758,14.214490464919994,5128.422534812351
00000000000000000332,0,1076,0.6540126509645681,19,97,"{""type"":""Point"",""coordinates"":[108.43708382375385,14.221767717839219]}",108.43708382375385,14.221767717839219,308.31585312458446
00000000000000000369,0,1180,0.6220030279585255,19,97,"{""type"":""Point"",""coordinates"":[108.3497701660263,14.331180680387615]}",108.3497701660263,14.331180680387615,1791.3940820932714
00000000000000000562,0,922,0.3392293348009352,19,97,"{""type"":""Point"",""coordinates"":[108.33548766535213,14.351933336690355]}",108.33548766535213,14.351933336690355,429.8430210515957
00000000000000000593,0,1323,0.1457121121496741,19,97,"{""type"":""Point"",""coordinates"":[108.37618142156587,14.407449144805756]}",108.37618142156587,14.407449144805756,2317.7590699852117
000000000000000005a8,0,989,0.5975620461136161,19,97,"{""type"":""Point"",""coordinates"":[108.54515459688515,14.472395951649194]}",108.54515459688515,14.472395951649194,2499.338284872485
00000000000000000612,0,1482,0.2960974246045884,19,97,"{""type"":""Point"",""coordinates"":[108.37294411420108,14.313397785386476]}",108.37294411420108,14.313397785386476,4707.23271895461
00000000000000000636,0,1006,0.3493996597457497,19,97,"{""type"":""Point"",""coordinates"":[108.52386238935495,14.491262408206323]}",108.52386238935495,14.491262408206323,1873.9996438395647
0000000000000000008c,0,1041,0.2702212992946402,20,97,"{""type"":""Point"",""coordinates"":[108.43816292620876,14.461618304403016]}",108.43816292620876,14.461618304403016,2618.254475877585
00000000000000000283,0,721,0.2109474216869961,20,97,"{""type"":""Point"",""coordinates"":[108.48424773559613,14.26434767379857]}",108.48424773559613,14.26434767379857,896.2628536593924
0000000000000000033a,0,1221,0.2298578853203521,20,97,"{""type"":""Point"",""coordinates"":[108.36647841767358,14.49288106188873]}",108.36647841767358,14.49288106188873,1873.9827771518924
00000000000000000348,0,1129,0.7685671997090988,20,97,"{""type"":""Point"",""coordinates"":[108.38777062520377,14.181073961625467]}",108.38777062520377,14.181073961625467,6965.598447607082
0000000000000000035d,0,1149,0.246753833797321,20,97,"{""type"":""Point"",""coordinates"":[108.35057726331699,14.296417528574953]}",108.35057726331699,14.296417528574953,4082.1853602870324
0000000000000000039f,0,1030,0.6523833496379041,20,97,"{""type"":""Point"",""coordinates"":[108.4767029366137,14.466469806349167]}",108.4767029366137,14.466469806349167,906.5220286796036
000000000000000003aa,0,1194,0.3141529312980441,20,97,"{""type"":""Point"",""coordinates"":[108.4230733282439,14.494495256470072]}",108.4230733282439,14.494495256470072,1029.1500644605112
00000000000000000441,0,940,8.862755142591272e-05,20,97,"{""type"":""Point"",""coordinates"":[108.37860717253893,14.192663165263376]}",108.37860717253893,14.192663165263376,7249.374061071866
0000000000000000048d,0,699,0.2843945343296367,20,97,"{""type"":""Point"",""coordinates"":[108.50230263576152,14.181073961625467]}",108.50230263576152,14.181073961625467,2227.6203964331935
000000000000000004a7,0,1310,0.3814891497536649,20,97,"{""type"":""Point"",""coordinates"":[108.33764141116094,14.286446978619448]}",108.33764141116094,14.286446978619448,4619.586524982738
000000000000000004b0,0,1006,0.0948942695643121,20,97,"{""type"":""Point"",""coordinates"":[108.58369014818902,14.488569111170039]}",108.58369014818902,14.488569111170039,6741.422024027614
00000000000000000503,0,694,0.7798575236626039,20,97,"{""type"":""Point"",""coordinates"":[108.62734920660331,14.251144275579314]}",108.62734920660331,14.251144275579314,1455.7764722471493
0000000000000000055a,0,851,0.7347237607185177,20,97,"{""type"":""Point"",""coordinates"":[108.60902230127367,14.405830491123353]}",108.60902230127367,14.405830491123353,2223.0496392941764
000000000000000005b3,0,915,0.0949610569511095,20,97,"{""type"":""Point"",""coordinates"":[108.60174504835443,14.518480761036555]}",108.60174504835443,14.518480761036555,8068.302066609844
000000000000000005d7,0,1533,0.7895476103734382,20,97,"{""type"":""Point"",""coordinates"":[108.357586970173,14.240362169232089]}",108.357586970173,14.240362169232089,8613.83466580499
000000000000000001d2,0,701,0.4804768834247379,21,97,"{""type"":""Point"",""coordinates"":[108.48155443855985,14.19940086695513]}",108.48155443855985,14.19940086695513,253.59492892193128
00000000000000000284,0,785,0.6948090726584918,21,97,"{""type"":""Point"",""coordinates"":[108.45756893399337,14.308546283440327]}",108.45756893399337,14.308546283440327,783.879468271032
0000000000000000036b,0,1218,0.2645662353423654,21,97,"{""type"":""Point"",""coordinates"":[108.41148412460602,14.28617497345519]}",108.41148412460602,14.28617497345519,3359.73310888925
00000000000000000422,0,1146,0.4214707045293742,21,97,"{""type"":""Point"",""coordinates"":[108.43519762400824,14.522253160527772]}",108.43519762400824,14.522253160527772,842.9389287663626
000000000000000004dc,0,1164,0.1421432460291679,21,97,"{""type"":""Point"",""coordinates"":[108.34357201556202,14.371874436601361]}",108.34357201556202,14.371874436601361,1297.2913455550438
00000000000000000645,0,993,0.7827340379329337,21,97,"{""type"":""Point"",""coordinates"":[108.55296694193078,14.35301243914529]}",108.55296694193078,14.35301243914529,104.61868818801572
000000000000000000e1,0,902,0.6783890170976747,22,97,"{""type"":""Point"",""coordinates"":[108.44220733086424,14.329834031869478]}",108.44220733086424,14.329834031869478,2051.1084875047677
00000000000000000162,0,917,0.3553388497683163,22,97,"{""type"":""Point"",""coordinates"":[108.57264049577859,14.528183764928855]}",108.57264049577859,14.528183764928855,6768.213710330454
0000000000000000025f,0,1347,0.6727390238241294,22,97,"{""type"":""Point"",""coordinates"":[108.3624340130181,14.309085834667792]}",108.3624340130181,14.309085834667792,3970.479668663666
00000000000000000275,0,1203,0.1064196716963038,22,97,"{""type"":""Point"",""coordinates"":[108.34734441505323,14.32121013043211]}",108.34734441505323,14.32121013043211,1861.8807684599822
000000000000000002f1,0,1296,0.2700613437746137,22,97,"{""type"":""Point"",""coordinates"":[108.31689321395925,14.325522081150792]}",108.31689321395925,14.325522081150792,1295.708992128053
00000000000000000405,0,916,0.5451984057407709,22,97,"{""type"":""Point"",""coordinates"":[108.53707024667524,14.341155689444177]}",108.53707024667524,14.341155689444177,376.1793107870209
00000000000000000432,0,915,0.031903336077914,22,97,"{""type"":""Point"",""coordinates"":[108.59527935182693,14.507431108626118]}",108.59527935182693,14.507431108626118,9027.13205698726
000000000000000005f5,0,907,0.0341091801457019,22,97,"{""type"":""Point"",""coordinates"":[108.53625869028353,14.476707902367872]}",108.53625869028353,14.476707902367872,1979.6399362548284
0000000000000000062c,0,1234,0.6152758073927914,22,97,"{""type"":""Point"",""coordinates"":[108.37402321665601,14.40637004235082]}",108.37402321665601,14.40637004235082,2131.2894260598696
000000000000000000ba,0,1021,0.6285146795005503,23,97,"{""type"":""Point"",""coordinates"":[108.36782506619171,14.214222918856787]}",108.36782506619171,14.214222918856787,7494.367387500001
0000000000000000010d,0,1115,0.4078303268111221,23,97,"{""type"":""Point"",""coordinates"":[108.41040502215108,14.488297106005783]}",108.41040502215108,14.488297106005783,727.2848779018202
000000000000000001fc,0,1090,0.6138222994695878,23,97,"{""type"":""Point"",""coordinates"":[108.33117571463345,14.315819077258496]}",108.33117571463345,14.315819077258496,1301.138700601417
0000000000000000020d,0,1217,0.2042944585662583,23,97,"{""type"":""Point"",""coordinates"":[108.35165636577192,14.396939043622783]}",108.35165636577192,14.396939043622783,1281.902318236424
00000000000000000237,0,1420,0.0165882997440185,23,97,"{""type"":""Point"",""coordinates"":[108.35057726331699,14.224461014875498]}",108.35057726331699,14.224461014875498,9236.339607042266
00000000000000000279,0,1074,0.1421128469645376,23,97,"{""type"":""Point"",""coordinates"":[108.34330001039775,14.355438190118369]}",108.34330001039775,14.355438190118369,1091.3761235960292
0000000000000000027b,0,969,0.5857188089771889,23,97,"{""type"":""Point"",""coordinates"":[108.43412298065434,14.347353839908466]}",108.43412298065434,14.347353839908466,2753.3318489133194
000000000000000002d6,0,999,0.7252885051759396,23,97,"{""type"":""Point"",""coordinates"":[108.53707024667524,14.538421860947567]}",108.53707024667524,14.538421860947567,5326.553259999642
0000000000000000030a,0,1025,0.1078582349837113,23,97,"{""type"":""Point"",""coordinates"":[108.55943709755935,14.579655168388785]}",108.55943709755935,14.579655168388785,10337.644439187407
000000000000000003b9,0,783,0.1138679216201786,23,97,"{""type"":""Point"",""coordinates"":[108.59851220009068,14.49314860795193]}",108.59851220009068,14.49314860795193,6445.35357301498
0000000000000000040d,0,1688,0.7007437651978926,23,97,"{""type"":""Point"",""coordinates"":[108.3896568249494,14.318784379459037]}",108.3896568249494,14.318784379459037,6243.136904485703
00000000000000000555,0,842,0.4010144866023021,23,97,"{""type"":""Point"",""coordinates"":[108.60686855546486,14.47374705926839]}",108.60686855546486,14.47374705926839,6246.5116484024065
00000000000000000582,0,1123,0.5152816346553318,23,97,"{""type"":""Point"",""coordinates"":[108.40555352020492,14.36217589181012]}",108.40555352020492,14.36217589181012,3658.9560296431787
0000000000000000059d,0,1121,0.0744542124114061,23,97,"{""type"":""Point"",""coordinates"":[108.36297356424556,14.465658249957436]}",108.36297356424556,14.465658249957436,3327.1853305596837
000000000000000005b7,0,1023,0.5733017921074444,23,97,"{""type"":""Point"",""coordinates"":[108.31958651099553,14.409874895778833]}",108.31958651099553,14.409874895778833,1509.4770797713777
00000000000000000205,0,1427,0.5517147479898474,24,97,"{""type"":""Point"",""coordinates"":[108.32928951488783,14.246020768468906]}",108.32928951488783,14.246020768468906,9030.52867303666
00000000000000000295,0,1296,0.5439145687021693,24,97,"{""type"":""Point"",""coordinates"":[108.31123015562139,14.351933336690355]}",108.31123015562139,14.351933336690355,1937.93668646576
0000000000000000032d,0,1104,0.5597155514611739,24,97,"{""type"":""Point"",""coordinates"":[108.41741472900708,14.457306353684338]}",108.41741472900708,14.457306353684338,727.2648458474583
0000000000000000034b,0,1027,0.7805099042469902,24,97,"{""type"":""Point"",""coordinates"":[108.40690462782412,14.17784111336172]}",108.40690462782412,14.17784111336172,4871.2778099922125
00000000000000000549,0,1247,0.1663593208047655,24,97,"{""type"":""Point"",""coordinates"":[108.37590941640163,14.534381915393148]}",108.37590941640163,14.534381915393148,4350.804655183265
00000000000000000602,0,1098,0.5833573159987365,24,97,"{""type"":""Point"",""coordinates"":[108.36270601818235,14.343848986480456]}",108.36270601818235,14.343848986480456,3289.428067914088
00000000000000000225,0,1198,0.767728627733817,25,97,"{""type"":""Point"",""coordinates"":[108.36513176915544,14.465658249957436]}",108.36513176915544,14.465658249957436,3299.6432964960954
000000000000000002de,0,1001,0.069507825837626,25,97,"{""type"":""Point"",""coordinates"":[108.3896568249494,14.18269261530787]}",108.3896568249494,14.18269261530787,6786.892891869734
00000000000000000326,0,850,0.2337027706550852,25,97,"{""type"":""Point"",""coordinates"":[108.59069985504505,14.390740893158494]}",108.59069985504505,14.390740893158494,2581.93161006027
0000000000000000041f,0,1028,0.4051660616018203,25,97,"{""type"":""Point"",""coordinates"":[108.47185143466754,14.461618304403016]}",108.47185143466754,14.461618304403016,158.33444757124823
00000000000000000616,0,1133,0.2821686208246665,25,97,"{""type"":""Point"",""coordinates"":[108.36189892089169,14.46889555732224]}",108.36189892089169,14.46889555732224,3699.8068106931173
0000000000000000003f,0,1477,0.4080328741627704,26,97,"{""type"":""Point"",""coordinates"":[108.36135936966421,14.266233873544179]}",108.36135936966421,14.266233873544179,7572.8320166053645
0000000000000000007f,0,1004,0.5246505802523713,26,97,"{""type"":""Point"",""coordinates"":[108.5025746409258,14.463232498984363]}",108.5025746409258,14.463232498984363,1803.3831526088554
0000000000000000008d,0,1308,0.3521659054084759,26,97,"{""type"":""Point"",""coordinates"":[108.35192391183512,14.379691240748052]}",108.35192391183512,14.379691240748052,2059.9174258292373
0000000000000000028d,0,828,0.333241214650807,26,97,"{""type"":""Point"",""coordinates"":[108.49772313897964,14.345195634998598]}",108.49772313897964,14.345195634998598,1489.3576594871774
000000000000000002dd,0,1528,0.3781611209553768,26,97,"{""type"":""Point"",""coordinates"":[108.37079036839226,14.257609972106813]}",108.37079036839226,14.257609972106813,7386.578427188525
00000000000000000454,0,1065,0.5096668978235919,26,97,"{""type"":""Point"",""coordinates"":[108.39504341902196,14.378884143457384]}",108.39504341902196,14.378884143457384,3467.1898860067136
0000000000000000050f,0,943,0.6672428021021781,26,97,"{""type"":""Point"",""coordinates"":[108.43250432697195,14.33980458182498]}",108.43250432697195,14.33980458182498,3515.361701564738
0000000000000000054f,0,1141,0.314660242936384,26,97,"{""type"":""Point"",""coordinates"":[108.37267656813786,14.377265489774983]}",108.37267656813786,14.377265489774983,4196.343669740113
0000000000000000006c,0,825,0.0618449986737938,27,97,"{""type"":""Point"",""coordinates"":[108.46268798200272,14.352740433981028]}",108.46268798200272,14.352740433981028,1235.3873216342522
000000000000000000f8,0,1196,0.5687000990120744,27,97,"{""type"":""Point"",""coordinates"":[108.39181057075821,14.40340474015028]}",108.39181057075821,14.40340474015028,3213.9065477144304
000000000000000001c8,0,1261,0.7946209643281,27,97,"{""type"":""Point"",""coordinates"":[108.3818400208027,14.23820842342327]}",108.3818400208027,14.23820842342327,5997.100249639907
00000000000000000209,0,1463,0.1459069173276621,27,97,"{""type"":""Point"",""coordinates"":[108.36324556940984,14.321482135596376]}",108.36324556940984,14.321482135596376,3406.887800828586
0000000000000000054a,0,1426,0.7754285717687964,27,97,"{""type"":""Point"",""coordinates"":[108.37672097279335,14.250332719187591]}",108.37672097279335,14.250332719187591,6897.86137883463
00000000000000000597,0,849,0.0622392373286254,27,97,"{""type"":""Point"",""coordinates"":[108.42846438141753,14.33576463627056]}",108.42846438141753,14.33576463627056,3673.415838360071
000000000000000005bf,0,1048,0.6668404052327941,27,97,"{""type"":""Point"",""coordinates"":[108.40932591969614,14.175143357224385]}",108.40932591969614,14.175143357224385,6834.732852776756
0000000000000000007a,0,1091,0.0065684720447842,28,97,"{""type"":""Point"",""coordinates"":[108.41013747608785,14.186193009634824]}",108.41013747608785,14.186193009634824,6029.852193765562
00000000000000000135,0,1040,0.7532475615172671,28,97,"{""type"":""Point"",""coordinates"":[108.40097402342305,14.379423694684847]}",108.40097402342305,14.379423694684847,2854.0251569329357
0000000000000000014d,0,1099,0.3403333897498942,28,97,"{""type"":""Point"",""coordinates"":[108.3462653125983,14.434399951572779]}",108.3462653125983,14.434399951572779,1319.9328846439319
000000000000000004e5,0,1017,0.2498798471562877,28,97,"{""type"":""Point"",""coordinates"":[108.54892699637637,14.344928088935392]}",108.54892699637637,14.344928088935392,318.643048354021
000000000000000005d2,0,1431,0.4005791771741204,28,97,"{""type"":""Point"",""coordinates"":[108.37159746568294,14.335225085043088]}",108.37159746568294,14.335225085043088,5557.072315721678
00000000000000000030,0,963,0.0112455759027654,29,97,"{""type"":""Point"",""coordinates"":[108.51631759037252,14.297764177093095]}",108.51631759037252,14.297764177093095,1659.0473045059018
000000000000000001a7,0,905,0.4630623535130201,29,97,"{""type"":""Point"",""coordinates"":[108.32335891048676,14.39801814607772]}",108.32335891048676,14.39801814607772,788.9632401636856
0000000000000000031a,0,1529,0.1919131643338091,29,97,"{""type"":""Point"",""coordinates"":[108.39477587295875,14.33225978284255]}",108.39477587295875,14.33225978284255,6617.901827669295
00000000000000000430,0,1358,0.4502903918885359,29,97,"{""type"":""Point"",""coordinates"":[108.37698851885655,14.355166184954104]}",108.37698851885655,14.355166184954104,5044.3829782181265
00000000000000000516,0,873,0.0089071739829612,29,97,"{""type"":""Point"",""coordinates"":[108.57318004700606,14.33980458182498]}",108.57318004700606,14.33980458182498,685.6988693543373
00000000000000000526,0,1083,0.6022208831501183,29,97,"{""type"":""Point"",""coordinates"":[108.4767029366137,14.053062088583145]}",108.4767029366137,14.053062088583145,2929.6972306154025
00000000000000000048,0,1147,0.220951365078999,30,97,"{""type"":""Point"",""coordinates"":[108.41067702731533,14.167059007014489]}",108.41067702731533,14.167059007014489,7143.305465134608
0000000000000000050c,0,1221,0.2687944872523365,30,97,"{""type"":""Point"",""coordinates"":[108.36297356424558,14.230119614112317]}",108.36297356424558,14.230119614112317,7904.122777269333
0000000000000000052c,0,1014,0.3156198391490361,30,97,"{""type"":""Point"",""coordinates"":[108.44166777963679,14.402597642859606]}",108.44166777963679,14.402597642859606,606.762857157053
00000000000000000538,0,1326,0.1349116745024461,30,97,"{""type"":""Point"",""coordinates"":[108.40259267710545,14.309085834667796]}",108.40259267710545,14.309085834667796,5205.217119476853
00000000000000000044,0,1213,0.5900712439099568,31,97,"{""type"":""Point"",""coordinates"":[108.41390987557908,14.299110825611235]}",108.41390987557908,14.299110825611235,3593.79512263741
000000000000000001a1,0,1215,0.4170517892375225,31,97,"{""type"":""Point"",""coordinates"":[108.38938481978514,14.392894638967308]}",108.38938481978514,14.392894638967308,2690.3140824560924
000000000000000002cb,0,777,0.2847013597492767,31,97,"{""type"":""Point"",""coordinates"":[108.4570293827659,14.387775590957952]}",108.4570293827659,14.387775590957952,486.3643670456547
00000000000000000330,0,1203,0.3544627627012271,31,97,"{""type"":""Point"",""coordinates"":[108.33521566018787,14.299382830775494]}",108.33521566018787,14.299382830775494,3162.942356862874
0000000000000000057e,0,773,0.0067691072722853,31,97,"{""type"":""Point"",""coordinates"":[108.44759838403786,14.364601642783196]}",108.44759838403786,14.364601642783196,351.38214624205864
0000000000000000060e,0,1200,0.3497588555684526,31,97,"{""type"":""Point"",""coordinates"":[108.41363787041483,14.264615219861778]}",108.41363787041483,14.264615219861778,2709.472345926447
00000000000000000035,0,1066,0.0773620041177951,32,97,"{""type"":""Point"",""coordinates"":[108.49017833999721,14.482098955541495]}",108.49017833999721,14.482098955541495,1168.512126589062
000000000000000000e2,0,962,0.6410867564236664,32,97,"{""type"":""Point"",""coordinates"":[108.38453331783897,14.190776965517767]}",108.38453331783897,14.190776965517767,6828.333938401253
0000000000000000013f,0,888,0.7173205455691811,32,97,"{""type"":""Point"",""coordinates"":[108.40743971995052,14.189697863062834]}",108.40743971995052,14.189697863062834,5056.092550452523
000000000000000001f8,0,1054,0.160891871110511,32,97,"{""type"":""Point"",""coordinates"":[108.4230733282439,14.316358628485967]}",108.4230733282439,14.316358628485967,3818.208678780186
000000000000000002f3,0,1498,0.658966400584059,32,97,"{""type"":""Point"",""coordinates"":[108.39154302469498,14.336571733561232]}",108.39154302469498,14.336571733561232,6262.662488033376
00000000000000000409,0,1072,0.5718700249032788,32,97,"{""type"":""Point"",""coordinates"":[108.35273546822685,14.419305894506866]}",108.35273546822685,14.419305894506866,140.41311016709506
000000000000000004f6,0,710,0.4733173461189235,32,97,"{""type"":""Point"",""coordinates"":[108.5187433413456,14.10480549720733]}",108.5187433413456,14.10480549720733,1921.0177646453951
00000000000000000315,0,1037,0.754647336223776,33,97,"{""type"":""Point"",""coordinates"":[108.3799538210571,14.219074420802936]}",108.3799538210571,14.219074420802936,6114.765419901955
00000000000000000316,0,878,0.1216854863487069,33,97,"{""type"":""Point"",""coordinates"":[108.4767029366137,14.226347214621104]}",108.4767029366137,14.226347214621104,2128.7549796222975
00000000000000000034,0,1122,0.669043602693738,34,97,"{""type"":""Point"",""coordinates"":[108.34491866408017,14.302615679039244]}",108.34491866408017,14.302615679039244,3178.4350056365947
0000000000000000020b,0,1336,0.0014236051674912,34,97,"{""type"":""Point"",""coordinates"":[108.33764141116094,14.27405067769087]}",108.33764141116094,14.27405067769087,5977.201696210617
0000000000000000049c,0,1191,0.4456172139846357,34,97,"{""type"":""Point"",""coordinates"":[108.34465111801696,14.36864158833762]}",108.34465111801696,14.36864158833762,1382.7666805745275
00000000000000000637,0,1377,0.139477042538934,34,97,"{""type"":""Point"",""coordinates"":[108.37348366542855,14.321749681659579]}",108.37348366542855,14.321749681659579,4466.588848357381
000000000000000002da,0,1216,0.4953227263770429,35,97,"{""type"":""Point"",""coordinates"":[108.40420687168678,14.304234332721645]}",108.40420687168678,14.304234332721645,4785.339754046732
00000000000000000020,0,1206,0.0220045843627366,36,97,"{""type"":""Point"",""coordinates"":[108.31015551226751,14.421192094252477]}",108.31015551226751,14.421192094252477,2740.4969499275753
00000000000000000123,0,1249,0.4667068299980942,36,97,"{""type"":""Point"",""coordinates"":[108.30018496231199,14.382924089011802]}",108.30018496231199,14.382924089011802,3141.6387472769325
00000000000000000354,0,839,0.790024714874966,37,97,"{""type"":""Point"",""coordinates"":[108.34033916729828,14.421731645479944]}",108.34033916729828,14.421731645479944,706.4153662178925
0000000000000000048a,0,1216,0.4663207082453025,37,97,"{""type"":""Point"",""coordinates"":[108.31204171201311,14.426315601362885]}",108.31204171201311,14.426315601362885,2768.10349647775
000000000000000005ae,0,1037,0.5932575263745432,37,97,"{""type"":""Point"",""coordinates"":[108.42388042553459,14.346542283516742]}",108.42388042553459,14.346542283516742,3592.621677212845
0000000000000000061c,0,1015,0.0678649175469405,37,97,"{""type"":""Point"",""coordinates"":[108.4667323866582,14.127444353255676]}",108.4667323866582,14.127444353255676,2570.2998823363214
00000000000000000371,0,1352,0.3897666126542425,38,97,"{""type"":""Point"",""coordinates"":[108.35516121919993,14.31231868293154]}",108.35516121919993,14.31231868293154,3134.2038906127923
000000000000000004e3,0,1274,0.3545658181241691,38,97,"{""type"":""Point"",""coordinates"":[108.37079036839226,14.479673204568417]}",108.37079036839226,14.479673204568417,2298.027250435489
0000000000000000018c,0,1106,0.2127511339027568,39,97,"{""type"":""Point"",""coordinates"":[108.41283077312416,14.336032182333765]}",108.41283077312416,14.336032182333765,5255.727452290993
0000000000000000043e,0,1128,0.3892592259997025,39,97,"{""type"":""Point"",""coordinates"":[108.38049337228456,14.386156937275553]}",108.38049337228456,14.386156937275553,3906.290327073109
000000000000000005b9,0,956,0.0906997792844298,39,97,"{""type"":""Point"",""coordinates"":[108.34383956162523,14.387775590957952]}",108.34383956162523,14.387775590957952,913.1872708121274
000000000000000003f6,0,1168,0.6508136476886263,40,97,"{""type"":""Point"",""coordinates"":[108.31716076002247,14.434399951572779]}",108.31716076002247,14.434399951572779,2876.64694272186
000000000000000000d2,0,1331,0.2026400592041857,41,97,"{""type"":""Point"",""coordinates"":[108.36998327110157,14.34330943525299]}",108.36998327110157,14.34330943525299,4033.9084881711624
000000000000000000e5,0,1431,0.0944071829624086,41,97,"{""type"":""Point"",""coordinates"":[108.38992437101258,14.254377123843065]}",108.38992437101258,14.254377123843065,5406.272062203805
000000000000000005c9,0,1077,0.0391640708969649,46,97,"{""type"":""Point"",""coordinates"":[108.37213701691039,14.21368336762932]}",108.37213701691039,14.21368336762932,7048.450302865011
000000000000000001a8,0,1293,0.3919251651197105,48,97,"{""type"":""Point"",""coordinates"":[108.3497701660263,14.374572192738697]}",108.3497701660263,14.374572192738697,1943.0528291621024
000000000000000001c4,0,1129,0.0744052882961873,1,98,"{""type"":""Point"",""coordinates"":[108.39935536974063,14.441137653264539]}",108.39935536974063,14.441137653264539,1771.3858975585345
000000000000000001cf,0,973,0.1200570659760101,1,98,"{""type"":""Point"",""coordinates"":[108.58638790432637,14.472395951649194]}",108.58638790432637,14.472395951649194,4432.647734026231
000000000000000003fa,0,829,0.3773396193418558,1,98,"{""type"":""Point"",""coordinates"":[108.62896786028573,14.317437730940897]}",108.62896786028573,14.317437730940897,3087.174322792336
000000000000000005c0,0,697,0.0586687431312266,1,98,"{""type"":""Point"",""coordinates"":[108.6613052611253,14.184846361116682]}",108.6613052611253,14.184846361116682,3530.7944741623064
000000000000000001b7,0,1218,0.0854471286551229,2,98,"{""type"":""Point"",""coordinates"":[108.38857772249446,14.525486008791525]}",108.38857772249446,14.525486008791525,3087.2884548838288
0000000000000000043a,0,1083,0.1400114036416644,2,98,"{""type"":""Point"",""coordinates"":[108.36432467186476,14.452722397801397]}",108.36432467186476,14.452722397801397,1889.9493274488007
00000000000000000443,0,977,0.287957552056984,2,98,"{""type"":""Point"",""coordinates"":[108.51551049308183,14.409067798488154]}",108.51551049308183,14.409067798488154,3743.9978386634953
00000000000000000470,0,889,0.6099555033233097,2,98,"{""type"":""Point"",""coordinates"":[108.43169722968126,14.317170184877689]}",108.43169722968126,14.317170184877689,2882.3501829567463
0000000000000000011b,0,951,0.6687104575187396,3,98,"{""type"":""Point"",""coordinates"":[108.58638790432636,14.45649925639366]}",108.58638790432636,14.45649925639366,3367.832488568474
0000000000000000013e,0,880,0.162089622765537,3,98,"{""type"":""Point"",""coordinates"":[108.62276970982144,14.364869188846402]}",108.62276970982144,14.364869188846402,1408.1591166086464
000000000000000001ba,0,817,0.4059235464701108,3,98,"{""type"":""Point"",""coordinates"":[108.62734920660331,14.319595935850762]}",108.62734920660331,14.319595935850762,3137.1503835592466
00000000000000000208,0,1089,0.7622447451121616,3,98,"{""type"":""Point"",""coordinates"":[108.41714272384283,14.418226792051934]}",108.41714272384283,14.418226792051934,801.8649383881559
000000000000000002e7,0,915,0.692031261197789,3,98,"{""type"":""Point"",""coordinates"":[108.47050478614942,14.33980458182498]}",108.47050478614942,14.33980458182498,846.8147487488834
0000000000000000032b,0,1254,0.7434632465151608,3,98,"{""type"":""Point"",""coordinates"":[108.37672097279335,14.56510512165139]}",108.37672097279335,14.56510512165139,5916.300822447634
00000000000000000368,0,1040,0.6034317280921062,3,98,"{""type"":""Point"",""coordinates"":[108.48640148140494,14.470781757067847]}",108.48640148140494,14.470781757067847,1935.1242195309476
00000000000000000477,0,919,0.677057916838805,3,98,"{""type"":""Point"",""coordinates"":[108.57506624675166,14.450568651992576]}",108.57506624675166,14.450568651992576,1982.1880206095032
0000000000000000047e,0,947,0.3417837977376996,3,98,"{""type"":""Point"",""coordinates"":[108.57668490043406,14.44544960398322]}",108.57668490043406,14.44544960398322,1912.4576360706642
00000000000000000507,0,1132,0.0556811106116329,3,98,"{""type"":""Point"",""coordinates"":[108.38561242029391,14.440326096872809]}",108.38561242029391,14.440326096872809,662.1119069743912
00000000000000000561,0,766,0.1962240124208196,3,98,"{""type"":""Point"",""coordinates"":[108.6459436579962,14.229852068049114]}",108.6459436579962,14.229852068049114,3402.7814440848347
0000000000000000001a,0,1028,0.1469017915548326,4,98,"{""type"":""Point"",""coordinates"":[108.46753948394887,14.411221544296971]}",108.46753948394887,14.411221544296971,175.64192671237674
000000000000000000f3,0,641,0.5286942369502299,4,98,"{""type"":""Point"",""coordinates"":[108.55781844387694,14.219881518093606]}",108.55781844387694,14.219881518093606,926.1324566449578
00000000000000000121,0,690,0.1412045126087,4,98,"{""type"":""Point"",""coordinates"":[108.65861196408902,14.17945530794307]}",108.65861196408902,14.17945530794307,3015.136426016952
00000000000000000171,0,998,0.5634190232799535,4,98,"{""type"":""Point"",""coordinates"":[108.48262908191374,14.418498797216191]}",108.48262908191374,14.418498797216191,1958.054759368165
00000000000000000199,0,1144,0.4411273382107655,4,98,"{""type"":""Point"",""coordinates"":[108.40312776923184,14.351126239399683]}",108.40312776923184,14.351126239399683,4899.512656208477
000000000000000001b9,0,933,0.3402023159432249,4,98,"{""type"":""Point"",""coordinates"":[108.52170864354613,14.375111743966162]}",108.52170864354613,14.375111743966162,293.128280919844
000000000000000002b8,0,963,0.2953869923711563,4,98,"{""type"":""Point"",""coordinates"":[108.52440194058241,14.413107744042579]}",108.52440194058241,14.413107744042579,2826.0202508215666
00000000000000000385,0,886,0.1642052111137342,4,98,"{""type"":""Point"",""coordinates"":[108.47023278098516,14.331720231615085]}",108.47023278098516,14.331720231615085,601.8183389216389
000000000000000005a1,0,887,0.3760728824115938,4,98,"{""type"":""Point"",""coordinates"":[108.56536324285938,14.448142901019507]}",108.56536324285938,14.448142901019507,942.9350985561512
00000000000000000054,0,899,0.2169214301109819,5,98,"{""type"":""Point"",""coordinates"":[108.5877345528445,14.437365253773324]}",108.5877345528445,14.437365253773324,2451.127225130711
0000000000000000005f,0,707,0.0435132743951918,5,98,"{""type"":""Point"",""coordinates"":[108.65402800820608,14.198049759335937]}",108.65402800820608,14.198049759335937,4974.646878842592
00000000000000000120,0,931,0.1838319689105906,5,98,"{""type"":""Point"",""coordinates"":[108.39073146830326,14.184578815053477]}",108.39073146830326,14.184578815053477,6706.091196000107
00000000000000000145,0,678,0.7201514247870565,5,98,"{""type"":""Point"",""coordinates"":[108.42495952798953,14.2441345687233]}",108.42495952798953,14.2441345687233,2290.537598915405
000000000000000001c0,0,999,0.2413160469912376,5,98,"{""type"":""Point"",""coordinates"":[108.4847872868236,14.410142441842039]}",108.4847872868236,14.410142441842039,1751.4586917244733
00000000000000000220,0,1252,0.6639679860038774,5,98,"{""type"":""Point"",""coordinates"":[108.38264711809337,14.573996569151959]}",108.38264711809337,14.573996569151959,6365.64551205554
0000000000000000028a,0,897,0.5500409119102709,5,98,"{""type"":""Point"",""coordinates"":[108.59069985504505,14.435474594926662]}",108.59069985504505,14.435474594926662,2411.8868647318104
000000000000000003b1,0,917,0.5991744017325816,5,98,"{""type"":""Point"",""coordinates"":[108.6057894530099,14.424696947680484]}",108.6057894530099,14.424696947680484,2664.496557877407
000000000000000003fe,0,896,0.0168926158655691,5,98,"{""type"":""Point"",""coordinates"":[108.56967519357806,14.405830491123353]}",108.56967519357806,14.405830491123353,1190.9647840182834
00000000000000000486,0,1002,0.7693299317738118,5,98,"{""type"":""Point"",""coordinates"":[108.4990697874978,14.40259764285961]}",108.4990697874978,14.40259764285961,762.7451405681761
000000000000000004aa,0,1072,0.4503156598901311,5,98,"{""type"":""Point"",""coordinates"":[108.47185143466754,14.447875354956293]}",108.47185143466754,14.447875354956293,98.37208805198428
000000000000000004eb,0,1041,0.3746817780913428,5,98,"{""type"":""Point"",""coordinates"":[108.5807248459885,14.491529954269533]}",108.5807248459885,14.491529954269533,6687.1303630600505
00000000000000000565,0,1113,0.4377449402983943,5,98,"{""type"":""Point"",""coordinates"":[108.41902892358843,14.440058550809605]}",108.41902892358843,14.440058550809605,181.08714569217963
0000000000000000056c,0,734,0.5560092404558372,5,98,"{""type"":""Point"",""coordinates"":[108.66858251404453,14.202901261282088]}",108.66858251404453,14.202901261282088,5485.790334584258
000000000000000005df,0,924,0.0625116878148086,5,98,"{""type"":""Point"",""coordinates"":[108.49853023627033,14.368374042274407]}",108.49853023627033,14.368374042274407,179.070994526995
00000000000000000061,0,735,0.7541158003629554,6,98,"{""type"":""Point"",""coordinates"":[108.41202367583347,14.203712817673814]}",108.41202367583347,14.203712817673814,3606.664407188645
00000000000000000079,0,1123,0.3309624814543085,6,98,"{""type"":""Point"",""coordinates"":[108.42630617650767,14.467816454867307]}",108.42630617650767,14.467816454867307,2048.9129089169164
000000000000000000ec,0,1052,0.1239618904916581,6,98,"{""type"":""Point"",""coordinates"":[108.52979299375602,14.518480761036555]}",108.52979299375602,14.518480761036555,3417.849371831399
0000000000000000016d,0,987,0.4927386395430375,6,98,"{""type"":""Point"",""coordinates"":[108.50392128944394,14.403676745314542]}",108.50392128944394,14.403676745314542,867.5648527012809
00000000000000000182,0,731,0.6204408052284621,6,98,"{""type"":""Point"",""coordinates"":[108.61764620271101,14.246560319696375]}",108.61764620271101,14.246560319696375,906.4376497094898
000000000000000001bb,0,793,0.5775854038018415,6,98,"{""type"":""Point"",""coordinates"":[108.65025560871489,14.277551072017824]}",108.65025560871489,14.277551072017824,4008.9738699640493
000000000000000001da,0,1091,0.7838300585629386,6,98,"{""type"":""Point"",""coordinates"":[108.46996523492194,14.493955705242605]}",108.46996523492194,14.493955705242605,2274.829267341995
0000000000000000025c,0,912,0.5818303889269991,6,98,"{""type"":""Point"",""coordinates"":[108.58315059696157,14.446256701273896]}",108.58315059696157,14.446256701273896,2611.565165343174
000000000000000002b1,0,1103,0.0819829756213785,6,98,"{""type"":""Point"",""coordinates"":[108.4033997743961,14.468356006094774]}",108.4033997743961,14.468356006094774,169.36140455554133
000000000000000002e5,0,864,0.6432844609109218,6,98,"{""type"":""Point"",""coordinates"":[108.58827410407197,14.37753749493924]}",108.58827410407197,14.37753749493924,1409.8431523229813
0000000000000000030e,0,940,0.6690530752272028,6,98,"{""type"":""Point"",""coordinates"":[108.61872530516597,14.505005357653046]}",108.61872530516597,14.505005357653046,9455.033353046509
00000000000000000319,0,949,0.7679263345909945,6,98,"{""type"":""Point"",""coordinates"":[108.57264049577859,14.459999650720613]}",108.57264049577859,14.459999650720613,2418.141535759692
00000000000000000483,0,961,0.6884265643637939,6,98,"{""type"":""Point"",""coordinates"":[108.50661458648021,14.378612138293123]}",108.50661458648021,14.378612138293123,252.57754188104335
000000000000000004c3,0,966,0.2097237157399757,6,98,"{""type"":""Point"",""coordinates"":[108.58962075259012,14.468623552157979]}",108.58962075259012,14.468623552157979,4403.114326509064
00000000000000000573,0,840,0.7703095901791654,6,98,"{""type"":""Point"",""coordinates"":[108.61710665148355,14.337111284788698]}",108.61710665148355,14.337111284788698,2864.5430863022593
00000000000000000578,0,953,0.6640026840723431,6,98,"{""type"":""Point"",""coordinates"":[108.59096740110824,14.45002910076511]}",108.59096740110824,14.45002910076511,3534.6762280391417
00000000000000000001,0,1153,0.2555607954724173,7,98,"{""type"":""Point"",""coordinates"":[108.38830571733018,14.454608597546997]}",108.38830571733018,14.454608597546997,2074.2716062631166
00000000000000000033,0,1058,0.5824073674481655,7,98,"{""type"":""Point"",""coordinates"":[108.43304387819943,14.412840197979367]}",108.43304387819943,14.412840197979367,567.3892231199196
00000000000000000052,0,880,0.4335423391861127,7,98,"{""type"":""Point"",""coordinates"":[108.59716555157254,14.397478594850249]}",108.59716555157254,14.397478594850249,2224.554355046686
0000000000000000009f,0,1224,0.1722497714999062,7,98,"{""type"":""Point"",""coordinates"":[108.3901919170758,14.527911759764592]}",108.3901919170758,14.527911759764592,2138.069094228908
000000000000000000fa,0,968,0.1977731554365775,7,98,"{""type"":""Point"",""coordinates"":[108.52548104303736,14.415805500179912]}",108.52548104303736,14.415805500179912,2772.6514505535474
00000000000000000181,0,810,0.430999751776809,7,98,"{""type"":""Point"",""coordinates"":[108.6319287033852,14.326601183605728]}",108.6319287033852,14.326601183605728,4044.7852965627067
000000000000000001c7,0,1243,0.6329392527282103,7,98,"{""type"":""Point"",""coordinates"":[108.3977411751593,14.53653566120196]}",108.3977411751593,14.53653566120196,3377.7435618802615
000000000000000002aa,0,1036,0.6417088213766603,7,98,"{""type"":""Point"",""coordinates"":[108.51119854236318,14.492341510661253]}",108.51119854236318,14.492341510661253,1194.5893499734448
00000000000000000336,0,1139,0.1305871516254019,7,98,"{""type"":""Point"",""coordinates"":[108.4616088795478,14.505005357653046]}",108.4616088795478,14.505005357653046,1907.5284228239925
00000000000000000384,0,903,0.7031838627847974,7,98,"{""type"":""Point"",""coordinates"":[108.62034395884837,14.451647754447507]}",108.62034395884837,14.451647754447507,5716.765280454751
000000000000000003b0,0,843,0.4619579474243345,7,98,"{""type"":""Point"",""coordinates"":[108.58503679670719,14.506624011335447]}",108.58503679670719,14.506624011335447,8168.597799487325
000000000000000003b4,0,997,0.7830104302906385,7,98,"{""type"":""Point"",""coordinates"":[108.49556493406978,14.42550404497116]}",108.49556493406978,14.42550404497116,4501.238317114524
00000000000000000548,0,953,0.5695679304986733,7,98,"{""type"":""Point"",""coordinates"":[108.62680965537587,14.52359980904591]}",108.62680965537587,14.52359980904591,12793.437818901724
0000000000000000058f,0,867,0.1608340142419654,7,98,"{""type"":""Point"",""coordinates"":[108.59959130254562,14.3910084392217]}",108.59959130254562,14.3910084392217,1675.2201268409294
000000000000000005b2,0,705,0.1113426948966574,7,98,"{""type"":""Point"",""coordinates"":[108.66453810938907,14.192663165263376]}",108.66453810938907,14.192663165263376,5047.904409383775
00000000000000000078,0,680,0.6846169815007663,8,98,"{""type"":""Point"",""coordinates"":[108.59770510280002,14.242248368977691]}",108.59770510280002,14.242248368977691,789.5025533049953
000000000000000000c2,0,763,0.4741708014943111,8,98,"{""type"":""Point"",""coordinates"":[108.65268135968795,14.237396867031546]}",108.65268135968795,14.237396867031546,3999.639097821121
00000000000000000180,0,871,0.3208442877855111,8,98,"{""type"":""Point"",""coordinates"":[108.42873192748074,14.35031468300795]}",108.42873192748074,14.35031468300795,2922.438405027327
000000000000000001c2,0,942,0.1235621848130736,8,98,"{""type"":""Point"",""coordinates"":[108.57210094455114,14.464583606603561]}",108.57210094455114,14.464583606603561,2718.340642164753
00000000000000000210,0,846,0.7748594657334907,8,98,"{""type"":""Point"",""coordinates"":[108.60821520398298,14.480752307023351]}",108.60821520398298,14.480752307023351,6811.459095839399
00000000000000000229,0,686,0.3500910214265643,8,98,"{""type"":""Point"",""coordinates"":[108.65941906137971,14.194549365008983]}",108.65941906137971,14.194549365008983,5127.620644701341
0000000000000000024c,0,926,0.082025529653665,8,98,"{""type"":""Point"",""coordinates"":[108.58934874742586,14.453801500256326]}",108.58934874742586,14.453801500256326,3514.956230711419
000000000000000003bf,0,961,0.5196725171480228,8,98,"{""type"":""Point"",""coordinates"":[108.51415938546266,14.418766343279398]}",108.51415938546266,14.418766343279398,3250.5393389994288
00000000000000000456,0,1097,0.1733553232417584,8,98,"{""type"":""Point"",""coordinates"":[108.50149553847086,14.52117405807284]}",108.50149553847086,14.52117405807284,1653.856941367837
00000000000000000499,0,984,0.1900722416606501,8,98,"{""type"":""Point"",""coordinates"":[108.50931234261755,14.416612597470584]}",108.50931234261755,14.416612597470584,3794.796776600913
000000000000000004b1,0,939,0.5224149660603029,8,98,"{""type"":""Point"",""coordinates"":[108.52790679401043,14.42388985038981]}",108.52790679401043,14.42388985038981,1909.6733538256633
000000000000000004ef,0,1063,0.1260535149589489,8,98,"{""type"":""Point"",""coordinates"":[108.45756893399337,14.438439897127205]}",108.45756893399337,14.438439897127205,290.94399904301923
0000000000000000060c,0,966,0.5134164471758648,8,98,"{""type"":""Point"",""coordinates"":[108.50957988868075,14.367562485882681]}",108.50957988868075,14.367562485882681,806.616409843729
00000000000000000025,0,983,0.1930063108562495,9,98,"{""type"":""Point"",""coordinates"":[108.48101488733239,14.4104144470063]}",108.48101488733239,14.4104144470063,1588.3075828924173
00000000000000000036,0,712,0.1574861984526019,9,98,"{""type"":""Point"",""coordinates"":[108.63085406003134,14.249793167960124]}",108.63085406003134,14.249793167960124,1854.0510065362023
00000000000000000075,0,994,0.6514159870440962,9,98,"{""type"":""Point"",""coordinates"":[108.48748058385989,14.429548449626633]}",108.48748058385989,14.429548449626633,2457.103701681089
000000000000000000be,0,1011,0.6970794680496956,9,98,"{""type"":""Point"",""coordinates"":[108.52116909231867,14.459732104657409]}",108.52116909231867,14.459732104657409,300.5909917463216
00000000000000000116,0,984,0.5783013036901409,9,98,"{""type"":""Point"",""coordinates"":[108.48074288216813,14.409874895778833]}",108.48074288216813,14.409874895778833,1523.3715811878715
00000000000000000126,0,991,0.0775076386933583,9,98,"{""type"":""Point"",""coordinates"":[108.49799068504285,14.400983448278259]}",108.49799068504285,14.400983448278259,642.0751298929382
00000000000000000256,0,1417,0.6734642907883406,9,98,"{""type"":""Point"",""coordinates"":[108.39908782367742,14.167331012178748]}",108.39908782367742,14.167331012178748,5676.1281525112145
000000000000000002a9,0,692,0.5717128075451389,9,98,"{""type"":""Point"",""coordinates"":[108.62465590956702,14.244946125115028]}",108.62465590956702,14.244946125115028,1214.1751144011969
00000000000000000461,0,1316,0.3666165939945861,9,98,"{""type"":""Point"",""coordinates"":[108.39073146830326,14.599600727400846]}",108.39073146830326,14.599600727400846,7112.328920031066
0000000000000000049a,0,887,0.6389327100822004,9,98,"{""type"":""Point"",""coordinates"":[108.6060569990731,14.432241746662914]}",108.6060569990731,14.432241746662914,3126.843574086365
000000000000000004e4,0,931,0.2612894269641949,9,98,"{""type"":""Point"",""coordinates"":[108.43466253188183,14.210718065428777]}",108.43466253188183,14.210718065428777,1559.9179044519678
000000000000000004f1,0,944,0.3058251149167451,9,98,"{""type"":""Point"",""coordinates"":[108.5087727913901,14.422003650644202]}",108.5087727913901,14.422003650644202,3470.7656655433475
0000000000000000057c,0,923,0.6140909107986211,9,98,"{""type"":""Point"",""coordinates"":[108.56914010145164,14.548124864839865]}",108.56914010145164,14.548124864839865,8735.124267216752
000000000000000005d0,0,805,0.0490908269725068,9,98,"{""type"":""Point"",""coordinates"":[108.64271080973245,14.26704097083485]}",108.64271080973245,14.26704097083485,2994.594077395993
00000000000000000007,0,812,0.2563406988348701,10,98,"{""type"":""Point"",""coordinates"":[108.59393270330881,14.341690781570591]}",108.59393270330881,14.341690781570591,1493.7445852681476
0000000000000000002b,0,918,0.382496034151667,10,98,"{""type"":""Point"",""coordinates"":[108.56401659434123,14.459192553429942]}",108.56401659434123,14.459192553429942,3107.5627274110725
00000000000000000074,0,885,0.6582428232292987,10,98,"{""type"":""Point"",""coordinates"":[108.5699471987423,14.438711902291466]}",108.5699471987423,14.438711902291466,1036.3516679279396
00000000000000000110,0,1044,0.062985802974427,10,98,"{""type"":""Point"",""coordinates"":[108.47804958513184,14.443830950300818]}",108.47804958513184,14.443830950300818,864.9018258199089
0000000000000000022b,0,910,0.328540312403586,10,98,"{""type"":""Point"",""coordinates"":[108.59743309763576,14.425236498907953]}",108.59743309763576,14.425236498907953,1915.2368071436422
0000000000000000028b,0,1087,0.3207966614358609,10,98,"{""type"":""Point"",""coordinates"":[108.40420687168678,14.434127946408523]}",108.40420687168678,14.434127946408523,2013.6190301157712
000000000000000002f2,0,1166,0.4091478866031548,10,98,"{""type"":""Point"",""coordinates"":[108.45999468496643,14.086211045814462]}",108.45999468496643,14.086211045814462,6142.71071682213
00000000000000000329,0,1217,0.2902198357537519,10,98,"{""type"":""Point"",""coordinates"":[108.38938481978512,14.533302812938212]}",108.38938481978512,14.533302812938212,3949.217377279729
00000000000000000462,0,877,0.5481803787265719,10,98,"{""type"":""Point"",""coordinates"":[108.60659655030058,14.403944291377746]}",108.60659655030058,14.403944291377746,2111.9813573683714
000000000000000004ce,0,959,0.1661042400907421,10,98,"{""type"":""Point"",""coordinates"":[108.58153640238021,14.453261949028859]}",108.58153640238021,14.453261949028859,2734.5362575249464
000000000000000004ff,0,1003,0.047805760596379,10,98,"{""type"":""Point"",""coordinates"":[108.56482815073296,14.479133653340948]}",108.56482815073296,14.479133653340948,4489.271556947584
00000000000000000505,0,1033,0.4404311650838163,10,98,"{""type"":""Point"",""coordinates"":[108.4831686331412,14.477519458759605]}",108.4831686331412,14.477519458759605,2079.349839027805
00000000000000000646,0,928,0.2460256043882757,10,98,"{""type"":""Point"",""coordinates"":[108.4729305371225,14.354359087663429]}",108.4729305371225,14.354359087663429,215.82521648158252
000000000000000000fd,0,1598,0.7202961776370221,11,98,"{""type"":""Point"",""coordinates"":[108.40070201825877,14.282942125191438]}",108.40070201825877,14.282942125191438,4424.008122252085
0000000000000000013d,0,1294,0.3136932841280929,11,98,"{""type"":""Point"",""coordinates"":[108.39639452664113,14.34276988402552]}",108.39639452664113,14.34276988402552,5974.198400220054
00000000000000000174,0,1254,0.7745717491380291,11,98,"{""type"":""Point"",""coordinates"":[108.39989492096811,14.566179765005268]}",108.39989492096811,14.566179765005268,6541.441409623866
0000000000000000032c,0,1149,0.4579037550115689,11,98,"{""type"":""Point"",""coordinates"":[108.45487117785603,14.48587135503271]}",108.45487117785603,14.48587135503271,706.826019306776
0000000000000000035c,0,748,0.2585792138656885,11,98,"{""type"":""Point"",""coordinates"":[108.4667323866582,14.271085375490328]}",108.4667323866582,14.271085375490328,877.7166668443662
0000000000000000036c,0,855,0.0434907913767329,11,98,"{""type"":""Point"",""coordinates"":[108.5839621533533,14.375379290029372]}",108.5839621533533,14.375379290029372,1132.8326516392094
00000000000000000389,0,1138,0.1789539704607473,11,98,"{""type"":""Point"",""coordinates"":[108.41579607532469,14.308546283440327]}",108.41579607532469,14.308546283440327,4023.311457664131
000000000000000003f1,0,993,0.1300971835423795,11,98,"{""type"":""Point"",""coordinates"":[108.5109265371989,14.449489549537644]}",108.5109265371989,14.449489549537644,1763.2711783960092
000000000000000004d4,0,733,0.3155160107261132,11,98,"{""type"":""Point"",""coordinates"":[108.59878420525496,14.319863481913973]}",108.59878420525496,14.319863481913973,1416.2981168261351
0000000000000000053a,0,718,0.117886102771101,11,98,"{""type"":""Point"",""coordinates"":[108.6313936112588,14.253837572615598]}",108.6313936112588,14.253837572615598,1713.9548562693435
0000000000000000053f,0,989,0.3521757685075191,11,98,"{""type"":""Point"",""coordinates"":[108.49071343212363,14.422810747934879]}",108.49071343212363,14.422810747934879,3095.8100948164515
000000000000000005e1,0,659,0.34496305077808,11,98,"{""type"":""Point"",""coordinates"":[108.44786593010106,14.342230332798058]}",108.44786593010106,14.342230332798058,2525.248684291764
00000000000000000623,0,1011,0.6778415981716691,11,98,"{""type"":""Point"",""coordinates"":[108.52952098859177,14.110196550380945]}",108.52952098859177,14.110196550380945,1309.0051175088029
000000000000000000f4,0,868,0.2229786775881732,12,98,"{""type"":""Point"",""coordinates"":[108.59635845428187,14.40259764285961]}",108.59635845428187,14.40259764285961,1950.876582811807
00000000000000000151,0,1005,0.4308577481122199,12,98,"{""type"":""Point"",""coordinates"":[108.50634704041703,14.490455310915651]}",108.50634704041703,14.490455310915651,686.32274721853
00000000000000000173,0,1176,0.2827701405440477,12,98,"{""type"":""Point"",""coordinates"":[108.47131188344008,14.121785754018852]}",108.47131188344008,14.121785754018852,3140.140633314867
000000000000000001c6,0,997,0.569717712018937,12,98,"{""type"":""Point"",""coordinates"":[108.5306000910467,14.317705277004103]}",108.5306000910467,14.317705277004103,2652.5926574139003
000000000000000001d3,0,1056,0.7875568129191247,12,98,"{""type"":""Point"",""coordinates"":[108.42549907921698,14.455420153938723]}",108.42549907921698,14.455420153938723,1197.4065145373477
00000000000000000211,0,1123,0.1634383690016075,12,98,"{""type"":""Point"",""coordinates"":[108.4893667836055,14.523871814210171]}",108.4893667836055,14.523871814210171,1541.1651452061506
000000000000000002b0,0,899,0.7194653228413694,12,98,"{""type"":""Point"",""coordinates"":[108.46619283543073,14.343576981316199]}",108.46619283543073,14.343576981316199,950.2178374933551
000000000000000003c1,0,978,0.6031153241416741,12,98,"{""type"":""Point"",""coordinates"":[108.61495290567473,14.504737811589836]}",108.61495290567473,14.504737811589836,8558.101229859341
000000000000000003d0,0,1028,0.7497916460992549,12,98,"{""type"":""Point"",""coordinates"":[108.56132329730494,14.518213214973352]}",108.56132329730494,14.518213214973352,5231.201858852876
000000000000000003e9,0,912,0.4989963405878235,12,98,"{""type"":""Point"",""coordinates"":[108.46376708445766,14.229584521985908]}",108.46376708445766,14.229584521985908,513.0698165301599
0000000000000000048b,0,747,0.5741099516610022,12,98,"{""type"":""Point"",""coordinates"":[108.6413641612143,14.248178973378776]}",108.6413641612143,14.248178973378776,2945.465890579507
00000000000000000543,0,868,0.6248259299819815,12,98,"{""type"":""Point"",""coordinates"":[108.58503679670719,14.507970659853585]}",108.58503679670719,14.507970659853585,8277.083163298674
00000000000000000614,0,1018,0.0159817775724557,12,98,"{""type"":""Point"",""coordinates"":[108.4748167368681,14.419038348443662]}",108.4748167368681,14.419038348443662,1265.923439755429
0000000000000000063f,0,984,0.2448318757821769,12,98,"{""type"":""Point"",""coordinates"":[108.57668490043406,14.56429356525966]}",108.57668490043406,14.56429356525966,10441.881453440401
00000000000000000090,0,843,0.5995025092030994,13,98,"{""type"":""Point"",""coordinates"":[108.43331142426261,14.324714983860124]}",108.43331142426261,14.324714983860124,2761.377365268513
0000000000000000013c,0,1411,0.6785249820543043,13,98,"{""type"":""Point"",""coordinates"":[108.35974071598181,14.334145982588158]}",108.35974071598181,14.334145982588158,2828.1433174704125
0000000000000000014c,0,1248,0.3476453248672692,13,98,"{""type"":""Point"",""coordinates"":[108.38911727372192,14.553243912849219]}",108.38911727372192,14.553243912849219,4762.401982427745
0000000000000000015f,0,955,0.5811124998452561,13,98,"{""type"":""Point"",""coordinates"":[108.58450170458075,14.497460558670616]}",108.58450170458075,14.497460558670616,7423.638282862698
000000000000000001a5,0,1069,0.1893350111602492,13,98,"{""type"":""Point"",""coordinates"":[108.35623586255382,14.46107875317555]}",108.35623586255382,14.46107875317555,2976.466881088291
000000000000000001ca,0,939,0.1410284604469247,13,98,"{""type"":""Point"",""coordinates"":[108.59554689789015,14.452722397801397]}",108.59554689789015,14.452722397801397,4096.187278267068
0000000000000000021d,0,1057,0.6868281813774698,13,98,"{""type"":""Point"",""coordinates"":[108.34653731776257,14.324175432632655]}",108.34653731776257,14.324175432632655,1618.0223362285853
00000000000000000242,0,975,0.0759642649496014,13,98,"{""type"":""Point"",""coordinates"":[108.49799068504285,14.392627092904101]}",108.49799068504285,14.392627092904101,262.9973495460483
0000000000000000025a,0,938,0.2678734834485544,13,98,"{""type"":""Point"",""coordinates"":[108.57857110017967,14.535728563911285]}",108.57857110017967,14.535728563911285,7812.352827607134
00000000000000000273,0,666,0.2208187966235085,13,98,"{""type"":""Point"",""coordinates"":[108.55916509239509,14.221767717839215]}",108.55916509239509,14.221767717839215,707.9907539672303
000000000000000002f7,0,1032,0.0694574064319977,13,98,"{""type"":""Point"",""coordinates"":[108.37402321665601,14.188079209380431]}",108.37402321665601,14.188079209380431,7938.0330528195655
00000000000000000375,0,742,0.0210031888067473,13,98,"{""type"":""Point"",""coordinates"":[108.63435445435827,14.236857315804079]}",108.63435445435827,14.236857315804079,2024.1152254987844
000000000000000003d5,0,1292,0.2333352697017489,13,98,"{""type"":""Point"",""coordinates"":[108.36351311547303,14.574268574316223]}",108.36351311547303,14.574268574316223,7098.298610810144
0000000000000000050d,0,1105,0.4628745032450274,13,98,"{""type"":""Point"",""coordinates"":[108.42549907921698,14.460539201948084]}",108.42549907921698,14.460539201948084,1615.19683621518
00000000000000000528,0,853,0.6516017087616143,13,98,"{""type"":""Point"",""coordinates"":[108.61522045173795,14.339265030597515]}",108.61522045173795,14.339265030597515,3789.0623003539677
0000000000000000056a,0,1149,0.6081842520796807,13,98,"{""type"":""Point"",""coordinates"":[108.3424929131071,14.31609108242276]}",108.3424929131071,14.31609108242276,1825.395648438838
00000000000000000598,0,994,0.2722246683404379,13,98,"{""type"":""Point"",""coordinates"":[108.46214843077526,14.399904345823327]}",108.46214843077526,14.399904345823327,326.99651165966145
000000000000000005e4,0,999,0.7442653686694862,13,98,"{""type"":""Point"",""coordinates"":[108.43007857599888,14.406642047515081]}",108.43007857599888,14.406642047515081,282.1843811956562
000000000000000005ee,0,907,0.1650898605415192,13,98,"{""type"":""Point"",""coordinates"":[108.57991774869781,14.527644213701386]}",108.57991774869781,14.527644213701386,7138.487766929102
0000000000000000061a,0,744,0.0820140155509933,13,98,"{""type"":""Point"",""coordinates"":[108.66804296281707,14.217723313183743]}",108.66804296281707,14.217723313183743,6102.8344866149555
000000000000000000b7,0,1675,0.0581320430715159,14,98,"{""type"":""Point"",""coordinates"":[108.3821075668659,14.32121013043211]}",108.3821075668659,14.32121013043211,5389.859931966318
000000000000000000b8,0,1203,0.7629106031496229,14,98,"{""type"":""Point"",""coordinates"":[108.45379653450215,14.530337510737672]}",108.45379653450215,14.530337510737672,188.1348063735303
00000000000000000101,0,1064,0.3723911805021002,14,98,"{""type"":""Point"",""coordinates"":[108.44517263306479,14.471856400421728]}",108.44517263306479,14.471856400421728,737.3121439080505
000000000000000001c9,0,886,0.360787525579791,14,98,"{""type"":""Point"",""coordinates"":[108.6235768071121,14.450568651992576]}",108.6235768071121,14.450568651992576,5884.960312375438
00000000000000000206,0,1123,0.2698694543477421,14,98,"{""type"":""Point"",""coordinates"":[108.45568273424776,14.488836657233247]}",108.45568273424776,14.488836657233247,535.9620491384954
00000000000000000259,0,777,0.4594396067652361,14,98,"{""type"":""Point"",""coordinates"":[108.59069985504505,14.310972034413401]}",108.59069985504505,14.310972034413401,101.33623079640473
0000000000000000026a,0,1104,0.0848909681126184,14,98,"{""type"":""Point"",""coordinates"":[108.40879082756973,14.443563404237613]}",108.40879082756973,14.443563404237613,901.9032605135565
000000000000000002ae,0,1017,0.1351573914026871,14,98,"{""type"":""Point"",""coordinates"":[108.38561242029391,14.181613512852936]}",108.38561242029391,14.181613512852936,7204.29494150893
000000000000000003cc,0,1143,0.6351242638069514,14,98,"{""type"":""Point"",""coordinates"":[108.36108736449995,14.454073505420583]}",108.36108736449995,14.454073505420583,2110.9326789526117
000000000000000003ec,0,1006,0.1141986279538262,14,98,"{""type"":""Point"",""coordinates"":[108.53491204176538,14.490455310915651]}",108.53491204176538,14.490455310915651,1817.6994798956691
00000000000000000426,0,923,0.3330679151512803,14,98,"{""type"":""Point"",""coordinates"":[108.56617479925109,14.534921466620613]}",108.56617479925109,14.534921466620613,7141.493782470487
000000000000000004f3,0,937,0.5455365211607124,14,98,"{""type"":""Point"",""coordinates"":[108.58719500161703,14.446256701273896]}",108.58719500161703,14.446256701273896,3038.67907007296
00000000000000000552,0,1059,0.7511254581925629,14,98,"{""type"":""Point"",""coordinates"":[108.45244542688296,14.065997940739189]}",108.45244542688296,14.065997940739189,5805.212789268637
00000000000000000639,0,1040,0.5229324204037658,14,98,"{""type"":""Point"",""coordinates"":[108.48155443855985,14.444098496364028]}",108.48155443855985,14.444098496364028,1196.2063557296954
00000000000000000029,0,990,0.4229661204738066,15,98,"{""type"":""Point"",""coordinates"":[108.54973409366706,14.317977282168364]}",108.54973409366706,14.317977282168364,3449.7726043357584
00000000000000000083,0,857,0.5326546490045958,15,98,"{""type"":""Point"",""coordinates"":[108.57021474480551,14.391547990449167]}",108.57021474480551,14.391547990449167,2026.8632478939262
0000000000000000026d,0,765,0.2101972925255516,15,98,"{""type"":""Point"",""coordinates"":[108.45945513373898,14.38615693727555]}",108.45945513373898,14.38615693727555,642.9521832185876
000000000000000002d7,0,702,0.0241718895292933,15,98,"{""type"":""Point"",""coordinates"":[108.61441335444727,14.240901720459552]}",108.61441335444727,14.240901720459552,214.92244948643517
0000000000000000038f,0,935,0.6896149434718019,15,98,"{""type"":""Point"",""coordinates"":[108.54515459688515,14.333606431360694]}",108.54515459688515,14.333606431360694,811.6860397078716
000000000000000003ae,0,967,0.4758377967387759,15,98,"{""type"":""Point"",""coordinates"":[108.49799068504285,14.41795924598873]}",108.49799068504285,14.41795924598873,4677.903236401352
000000000000000003c7,0,1493,0.3625927852982252,15,98,"{""type"":""Point"",""coordinates"":[108.35704741894553,14.237668872195801]}",108.35704741894553,14.237668872195801,8623.41479049817
00000000000000000416,0,1028,0.1885655345389612,15,98,"{""type"":""Point"",""coordinates"":[108.4672674787846,14.422003650644202]}",108.4672674787846,14.422003650644202,305.8898422278136
0000000000000000045c,0,1222,0.2391396937168965,15,98,"{""type"":""Point"",""coordinates"":[108.40959792486039,14.34330943525299]}",108.40959792486039,14.34330943525299,5061.562552507592
0000000000000000004f,0,1268,0.3870198623982721,16,98,"{""type"":""Point"",""coordinates"":[108.41444942680654,14.552436815558547]}",108.41444942680654,14.552436815558547,2606.4947866259045
00000000000000000136,0,1412,0.4834798687947825,16,98,"{""type"":""Point"",""coordinates"":[108.35785451623622,14.388315142185425]}",108.35785451623622,14.388315142185425,2412.4795011183983
0000000000000000024a,0,1463,0.790751671665484,16,98,"{""type"":""Point"",""coordinates"":[108.37833516737469,14.255184221133739]}",108.37833516737469,14.255184221133739,6617.298186951752
000000000000000004e2,0,1421,0.1500837497275361,16,98,"{""type"":""Point"",""coordinates"":[108.3980087212225,14.341690781570591]}",108.3980087212225,14.341690781570591,5979.483933012185
000000000000000005af,0,1260,0.3201453521680963,16,98,"{""type"":""Point"",""coordinates"":[108.3996273749049,14.56429356525966]}",108.3996273749049,14.56429356525966,6459.2471753461805
000000000000000000e7,0,1105,0.0064290850209379,17,98,"{""type"":""Point"",""coordinates"":[108.38561242029391,14.431974200599708]}",108.38561242029391,14.431974200599708,251.8717779530917
0000000000000000017e,0,1180,0.5733063013156966,17,98,"{""type"":""Point"",""coordinates"":[108.36998327110157,14.415533495015652]}",108.36998327110157,14.415533495015652,1461.803917132264
000000000000000001f7,0,1263,0.1586524565846525,17,98,"{""type"":""Point"",""coordinates"":[108.39235012198566,14.53977296856676]}",108.39235012198566,14.53977296856676,3427.938292823349
00000000000000000291,0,1035,0.6195424312569741,17,98,"{""type"":""Point"",""coordinates"":[108.47831713119506,14.465123157831025]}",108.47831713119506,14.465123157831025,909.5109608256963
000000000000000002e1,0,1007,0.2428216107274314,17,98,"{""type"":""Point"",""coordinates"":[108.3799538210571,14.187004566026554]}",108.3799538210571,14.187004566026554,7474.084573136827
0000000000000000030b,0,1098,0.7470718647135713,17,98,"{""type"":""Point"",""coordinates"":[108.36405266670049,14.21503001614746]}",108.36405266670049,14.21503001614746,7880.6819740726605
00000000000000000519,0,1054,0.4817226637057046,17,98,"{""type"":""Point"",""coordinates"":[108.49341118826098,14.457845904911801]}",108.49341118826098,14.457845904911801,2718.906820052003
00000000000000000550,0,1189,0.1462943601486436,17,98,"{""type"":""Point"",""coordinates"":[108.3934292244406,14.512282610572269]}",108.3934292244406,14.512282610572269,1656.305540660571
000000000000000005ab,0,1146,0.3879412372579955,17,98,"{""type"":""Point"",""coordinates"":[108.40905837363294,14.499346758416223]}",108.40905837363294,14.499346758416223,260.9542169680529
00000000000000000006,0,1044,0.1236507799245048,18,98,"{""type"":""Point"",""coordinates"":[108.46053423619392,14.445989155210684]}",108.46053423619392,14.445989155210684,647.9793649736079
000000000000000001a2,0,892,0.453525262912405,18,98,"{""type"":""Point"",""coordinates"":[108.60875475521046,14.419845445734337]}",108.60875475521046,14.419845445734337,2804.2866551827847
00000000000000000268,0,954,0.487741058001818,18,98,"{""type"":""Point"",""coordinates"":[108.53248629079232,14.333878436524953]}",108.53248629079232,14.333878436524953,1088.8803918245671
0000000000000000029c,0,917,0.0987251879742143,18,98,"{""type"":""Point"",""coordinates"":[108.54407549443023,14.340883684279913]}",108.54407549443023,14.340883684279913,343.48458520475026
000000000000000002a1,0,924,0.2299862336726614,18,98,"{""type"":""Point"",""coordinates"":[108.51982244380052,14.313397785386476]}",108.51982244380052,14.313397785386476,2220.7712234228798
000000000000000003bd,0,987,0.3090033873479991,18,98,"{""type"":""Point"",""coordinates"":[108.55296694193078,14.550550615812941]}",108.55296694193078,14.550550615812941,7500.56612472947
00000000000000000438,0,893,0.3416130602917713,18,98,"{""type"":""Point"",""coordinates"":[108.46619283543073,14.363250535164003]}",108.46619283543073,14.363250535164003,1106.2576783859863
000000000000000001b5,0,1175,0.1753729773549273,19,98,"{""type"":""Point"",""coordinates"":[108.41067702731533,14.360289692064512]}",108.41067702731533,14.360289692064512,3507.7543906635874
000000000000000001d9,0,960,0.1779264485810306,19,98,"{""type"":""Point"",""coordinates"":[108.55674380052305,14.339537035761776]}",108.55674380052305,14.339537035761776,1140.093169555831
00000000000000000270,0,1279,0.1323921355113198,19,98,"{""type"":""Point"",""coordinates"":[108.37644896762907,14.181881058916138]}",108.37644896762907,14.181881058916138,8116.994505130364
000000000000000003e1,0,1246,0.1449807733879758,19,98,"{""type"":""Point"",""coordinates"":[108.30988350710324,14.400983448278255]}",108.30988350710324,14.400983448278255,2273.858158563867
00000000000000000419,0,1062,0.1127975542659879,19,98,"{""type"":""Point"",""coordinates"":[108.49071343212363,14.526297565183247]}",108.49071343212363,14.526297565183247,1819.9277168559356
00000000000000000153,0,805,0.4173647512421294,20,98,"{""type"":""Point"",""coordinates"":[108.50014888995273,14.346814288680996]}",108.50014888995273,14.346814288680996,1645.0742728188584
0000000000000000017f,0,835,0.4995512704319487,20,98,"{""type"":""Point"",""coordinates"":[108.53194673956486,14.292645129083738]}",108.53194673956486,14.292645129083738,418.35505454504874
000000000000000002cd,0,996,0.522512033621342,20,98,"{""type"":""Point"",""coordinates"":[108.55054119095772,14.347081834744202]}",108.55054119095772,14.347081834744202,78.86688480646644
0000000000000000039b,0,884,0.3690734797817143,20,98,"{""type"":""Point"",""coordinates"":[108.41606362138789,14.232277819022185]}",108.41606362138789,14.232277819022185,2249.9196115685186
0000000000000000050e,0,692,0.6719802049839446,20,98,"{""type"":""Point"",""coordinates"":[108.62573055292091,14.244406573887561]}",108.62573055292091,14.244406573887561,1276.3042350020876
000000000000000005c8,0,1115,0.3420514238247449,20,98,"{""type"":""Point"",""coordinates"":[108.4947578367791,14.519287858327232]}",108.4947578367791,14.519287858327232,1347.5965940254061
0000000000000000001f,0,1045,0.5146807567035093,21,98,"{""type"":""Point"",""coordinates"":[108.48290108707799,14.491262408206321]}",108.48290108707799,14.491262408206321,1569.7787302684642
0000000000000000003a,0,902,0.740406292898647,21,98,"{""type"":""Point"",""coordinates"":[108.33818096238842,14.406642047515081]}",108.33818096238842,14.406642047515081,145.64309552130007
0000000000000000033d,0,766,0.2012200790390824,22,98,"{""type"":""Point"",""coordinates"":[108.59096740110824,14.314744433904615]}",108.59096740110824,14.314744433904615,540.6009166119358
000000000000000003ff,0,909,0.2501730556571028,22,98,"{""type"":""Point"",""coordinates"":[108.60471035055497,14.431974200599708]}",108.60471035055497,14.431974200599708,2995.010209900261
00000000000000000581,0,896,0.7659839423893551,22,98,"{""type"":""Point"",""coordinates"":[108.60039839983628,14.522792711755242]}",108.60039839983628,14.522792711755242,8250.278141481562
00000000000000000587,0,774,0.350748117519207,22,98,"{""type"":""Point"",""coordinates"":[108.47885668242252,14.279976822990896]}",108.47885668242252,14.279976822990896,885.375753305285
00000000000000000299,0,1355,0.0708314460740051,23,98,"{""type"":""Point"",""coordinates"":[108.38911727372192,14.345467640162859]}",108.38911727372192,14.345467640162859,6105.981553398371
0000000000000000053b,0,721,0.7086977168757034,23,98,"{""type"":""Point"",""coordinates"":[108.49233208580603,14.218802415638674]}",108.49233208580603,14.218802415638674,812.4765562598975
000000000000000002cc,0,921,0.5978002282107956,24,98,"{""type"":""Point"",""coordinates"":[108.41633562655215,14.229852068049114]}",108.41633562655215,14.229852068049114,2159.714535010492
00000000000000000451,0,995,0.0142634663884994,24,98,"{""type"":""Point"",""coordinates"":[108.56132329730494,14.540847611920642]}",108.56132329730494,14.540847611920642,7589.111655771144
000000000000000005e8,0,1270,0.3949941844251511,24,98,"{""type"":""Point"",""coordinates"":[108.38857772249446,14.347888932034882]}",108.38857772249446,14.347888932034882,6051.009846030121
0000000000000000064c,0,806,0.1548632973372811,24,98,"{""type"":""Point"",""coordinates"":[108.47050478614942,14.105077502371591]}",108.47050478614942,14.105077502371591,4756.959505773814
000000000000000002f8,0,1067,0.0566343673454169,25,98,"{""type"":""Point"",""coordinates"":[108.52844634523788,14.309892931958464]}",108.52844634523788,14.309892931958464,2284.2832697957883
00000000000000000428,0,1143,0.2413631001391951,25,98,"{""type"":""Point"",""coordinates"":[108.3837262205483,14.382924089011805]}",108.3837262205483,14.382924089011805,3875.6818342928705
000000000000000002c6,0,859,0.404975836624902,26,98,"{""type"":""Point"",""coordinates"":[108.62815630389399,14.476979907532133]}",108.62815630389399,14.476979907532133,8411.413286862986
0000000000000000049e,0,1270,0.7351085271782929,26,98,"{""type"":""Point"",""coordinates"":[108.35893361869115,14.350586688172214]}",108.35893361869115,14.350586688172214,2860.907530647859
00000000000000000638,0,1463,0.077370321141404,27,98,"{""type"":""Point"",""coordinates"":[108.36432467186476,14.293184680311205]}",108.36432467186476,14.293184680311205,5287.822518606069
00000000000000000520,0,1666,0.402225204084514,28,98,"{""type"":""Point"",""coordinates"":[108.34869106357138,14.254377123843065]}",108.34869106357138,14.254377123843065,8343.314552249632
000000000000000003e6,0,766,0.1375185061220472,29,98,"{""type"":""Point"",""coordinates"":[108.43277187303516,14.23173826779472]}",108.43277187303516,14.23173826779472,678.4979646466824
000000000000000003fd,0,1253,0.6677667069142802,29,98,"{""type"":""Point"",""coordinates"":[108.41794982113349,14.320403033141439]}",108.41794982113349,14.320403033141439,4708.8502909855715
0000000000000000063d,0,1311,0.0359421453082604,29,98,"{""type"":""Point"",""coordinates"":[108.35542876526313,14.21503001614746]}",108.35542876526313,14.21503001614746,8801.693041854309
00000000000000000058,0,1195,0.18659085402364,30,98,"{""type"":""Point"",""coordinates"":[108.35462166797247,14.436553697381601]}",108.35462166797247,14.436553697381601,835.5769054575296
000000000000000000fb,0,1534,0.768790984219547,30,98,"{""type"":""Point"",""coordinates"":[108.40097402342303,14.315011979967824]}",108.40097402342303,14.315011979967824,5719.280324710727
00000000000000000289,0,1181,0.4972819862505201,30,98,"{""type"":""Point"",""coordinates"":[108.41444942680654,14.362710983936534]}",108.41444942680654,14.362710983936534,3075.7706240861876
000000000000000001e1,0,777,0.365428216664591,31,98,"{""type"":""Point"",""coordinates"":[108.43331142426261,14.29695707980242]}",108.43331142426261,14.29695707980242,1757.0386767246314
0000000000000000052a,0,1282,0.3420178791425572,31,98,"{""type"":""Point"",""coordinates"":[108.36459221792796,14.363790086391466]}",108.36459221792796,14.363790086391466,3341.380457489692
00000000000000000103,0,1304,0.6807460199750963,33,98,"{""type"":""Point"",""coordinates"":[108.36135936966421,14.356245287409036]}",108.36135936966421,14.356245287409036,3018.187882719793
0000000000000000058d,0,679,0.7614855319906656,33,98,"{""type"":""Point"",""coordinates"":[108.50634704041703,14.20532701225516]}",108.50634704041703,14.20532701225516,312.6278816009536
0000000000000000017b,0,960,0.2780329558071128,34,98,"{""type"":""Point"",""coordinates"":[108.42253377701645,14.301808581748569]}",108.42253377701645,14.301808581748569,2984.2316670233404
000000000000000001e7,0,1096,0.1656979073350335,35,98,"{""type"":""Point"",""coordinates"":[108.46996523492194,14.138761551729322]}",108.46996523492194,14.138761551729322,1289.6217944609584
000000000000000004d0,0,1133,0.573898201206248,35,98,"{""type"":""Point"",""coordinates"":[108.38291912325764,14.383196094176062]}",108.38291912325764,14.383196094176062,3917.6752139149958
0000000000000000017d,0,1073,0.2815876464259034,37,98,"{""type"":""Point"",""coordinates"":[108.51146608842637,14.08028490051443]}",108.51146608842637,14.08028490051443,2133.167251805633
00000000000000000235,0,972,0.6672957595822478,37,98,"{""type"":""Point"",""coordinates"":[108.34276491827136,14.45299440296565]}",108.34276491827136,14.45299440296565,2976.542324261044
00000000000000000634,0,1399,0.7575403108321823,38,98,"{""type"":""Point"",""coordinates"":[108.36324556940984,14.305308976075525]}",108.36324556940984,14.305308976075525,4302.684657804115
00000000000000000603,0,1111,0.4433415622920086,39,98,"{""type"":""Point"",""coordinates"":[108.38777062520377,14.181341507688677]}",108.38777062520377,14.181341507688677,6969.096650864799
000000000000000002b2,0,1421,0.0156657473463145,40,98,"{""type"":""Point"",""coordinates"":[108.36081981843675,14.37106733931069]}",108.36081981843675,14.37106733931069,3051.5184740754976
000000000000000005ca,0,726,0.5983297001713538,1,100,"{""type"":""Point"",""coordinates"":[108.51308474210876,14.277283525954617]}",108.51308474210876,14.277283525954617,1263.1171063986003
00000000000000000031,0,789,0.5085333965428428,4,100,"{""type"":""Point"",""coordinates"":[108.56320949705055,14.31663063365022]}",108.56320949705055,14.31663063365022,2204.952007115528
0000000000000000055b,0,686,0.2790211979203075,4,100,"{""type"":""Point"",""coordinates"":[108.64567611193297,14.19724266204526]}",108.64567611193297,14.19724266204526,3967.2825697239773
00000000000000000104,0,737,0.1599882225101451,5,100,"{""type"":""Point"",""coordinates"":[108.5025746409258,14.321482135596373]}",108.5025746409258,14.321482135596373,2149.3576362323793
000000000000000001a4,0,705,0.2338921201684974,5,100,"{""type"":""Point"",""coordinates"":[108.54138219739394,14.28752608107438]}",108.54138219739394,14.28752608107438,380.705734700789
00000000000000000202,0,1109,0.1818098150361069,5,100,"{""type"":""Point"",""coordinates"":[108.42630617650767,14.438979448354669]}",108.42630617650767,14.438979448354669,1.7341270762165488
0000000000000000021e,0,729,0.631729246789689,6,100,"{""type"":""Point"",""coordinates"":[108.5306000910467,14.258417069397487]}",108.5306000910467,14.258417069397487,102.15859481793355
00000000000000000016,0,759,0.20168495499423,8,100,"{""type"":""Point"",""coordinates"":[108.33764141116094,14.444098496364028]}",108.33764141116094,14.444098496364028,2720.9881514932886
000000000000000003c8,0,712,0.5498347128355985,8,100,"{""type"":""Point"",""coordinates"":[108.41444942680656,14.210985611491987]}",108.41444942680656,14.210985611491987,2896.4317983245674
00000000000000000619,0,618,0.1837731633599952,8,100,"{""type"":""Point"",""coordinates"":[108.59797264886322,14.236322223677663]}",108.59797264886322,14.236322223677663,67.39390683370809
0000000000000000000c,0,733,0.595475901287922,9,100,"{""type"":""Point"",""coordinates"":[108.4117516706692,14.218802415638674]}",108.4117516706692,14.218802415638674,2758.055522075812
000000000000000002e9,0,873,0.1720542214625494,9,100,"{""type"":""Point"",""coordinates"":[108.54919454243958,14.435474594926662]}",108.54919454243958,14.435474594926662,48.45851951873323
0000000000000000036d,0,656,0.1143344143496678,9,100,"{""type"":""Point"",""coordinates"":[108.47454473170384,14.147117907103476]}",108.47454473170384,14.147117907103476,363.26145999069513
000000000000000005b0,0,687,0.2565776797684825,9,100,"{""type"":""Point"",""coordinates"":[108.56778899383244,14.23173826779472]}",108.56778899383244,14.23173826779472,1696.6994003345144
000000000000000005be,0,718,0.5832300587572156,10,100,"{""type"":""Point"",""coordinates"":[108.55377849832252,14.24467411995077]}",108.55377849832252,14.24467411995077,140.52470373661708
00000000000000000442,0,615,0.1096659889941928,11,100,"{""type"":""Point"",""coordinates"":[108.5580904490412,14.216376664665601]}",108.5580904490412,14.216376664665601,1349.0403987664683
00000000000000000185,0,906,0.6248370550571577,12,100,"{""type"":""Point"",""coordinates"":[108.5386844412566,14.37403264151123]}",108.5386844412566,14.37403264151123,209.1786385272928
000000000000000004b6,0,732,0.7166552332861561,13,100,"{""type"":""Point"",""coordinates"":[108.50014888995273,14.243595017495833]}",108.50014888995273,14.243595017495833,1095.4882284362077
00000000000000000502,0,830,0.1433526722925271,14,100,"{""type"":""Point"",""coordinates"":[108.57183339848791,14.295877977347482]}",108.57183339848791,14.295877977347482,2199.3420865454673
00000000000000000569,0,753,0.6280544715699231,14,100,"{""type"":""Point"",""coordinates"":[108.54622924023903,14.295070880056812]}",108.54622924023903,14.295070880056812,1199.9750694001805
000000000000000000ff,0,642,0.4557573701667423,16,100,"{""type"":""Point"",""coordinates"":[108.56536324285938,14.220421069321075]}",108.56536324285938,14.220421069321075,855.0545437066822
000000000000000000e9,0,915,0.3321663920166413,21,100,"{""type"":""Point"",""coordinates"":[108.35623586255382,14.47644035630467]}",108.35623586255382,14.47644035630467,3760.2921037530923
000000000000000001ed,0,761,0.335979381099752,21,100,"{""type"":""Point"",""coordinates"":[108.53410494447472,14.127983904483143]}",108.53410494447472,14.127983904483143,1552.619520672099
000000000000000001b3,0,839,0.0248556345401967,23,100,"{""type"":""Point"",""coordinates"":[108.49637649046151,14.071388993912803]}",108.49637649046151,14.071388993912803,2396.533713559676
00000000000000000574,0,655,0.1112209895288588,23,100,"{""type"":""Point"",""coordinates"":[108.45864357734725,14.358131487154644]}",108.45864357734725,14.358131487154644,1391.979664487064
000000000000000005e7,0,623,0.3936929737635899,27,100,"{""type"":""Point"",""coordinates"":[108.59878420525496,14.21179716788371]}",108.59878420525496,14.21179716788371,998.0511641390239
0000000000000000061b,0,1028,0.7865985036488155,28,100,"{""type"":""Point"",""coordinates"":[108.4950253828423,14.478866107277744]}",108.4950253828423,14.478866107277744,931.2071416051158
0000000000000000000f,0,887,0.3030323463122242,29,100,"{""type"":""Point"",""coordinates"":[108.47508428293129,14.245213671178234]}",108.47508428293129,14.245213671178234,1019.3656246311381
00000000000000000328,0,666,0.4527931710738555,30,100,"{""type"":""Point"",""coordinates"":[108.50742614287194,14.289140275655729]}",108.50742614287194,14.289140275655729,924.4458126827163
000000000000000000bd,0,817,0.4344894456972564,31,100,"{""type"":""Point"",""coordinates"":[108.4295390247714,14.271624926717793]}",108.4295390247714,14.271624926717793,1105.2400044196308
00000000000000000125,0,658,0.5069958309613114,31,100,"{""type"":""Point"",""coordinates"":[108.43466253188181,14.25060472435185]}",108.43466253188181,14.25060472435185,1672.793405074678
000000000000000004fc,0,791,0.1629800525958035,31,100,"{""type"":""Point"",""coordinates"":[108.574259149461,14.29048692417387]}",108.574259149461,14.29048692417387,2097.2857129548447
000000000000000009ec,1,688,0.0485063107629142,0,43,"{""type"":""Point"",""coordinates"":[108.54784789392144,14.28779362713759]}",108.54784789392144,14.28779362713759,5091.837006084357
00000000000000000b47,1,521,0.2003842713576603,1,93,"{""type"":""Point"",""coordinates"":[108.51766423889066,14.184578815053477]}",108.51766423889066,14.184578815053477,1252.5029702706554
00000000000000000c4d,1,945,0.1590001807189106,1,63,"{""type"":""Point"",""coordinates"":[108.49772313897964,14.360017686900251]}",108.49772313897964,14.360017686900251,338.02851478619095
00000000000000000899,1,845,0.7893552894603435,2,70,"{""type"":""Point"",""coordinates"":[108.56698189654178,14.372413987828832]}",108.56698189654178,14.372413987828832,6.969661703463355
00000000000000000a66,1,619,0.7094813697640884,2,63,"{""type"":""Point"",""coordinates"":[108.66319146087092,14.144692156130404]}",108.66319146087092,14.144692156130404,78.73240090117432
00000000000000000aaf,1,727,0.428081960191254,2,43,"{""type"":""Point"",""coordinates"":[108.47077233221263,14.266233873544179]}",108.47077233221263,14.266233873544179,191.1913620242409
00000000000000000b46,1,546,0.5193052283803841,2,31,"{""type"":""Point"",""coordinates"":[108.51712468766318,14.144959702193612]}",108.51712468766318,14.144959702193612,155.98608297039223
00000000000000000b94,1,555,0.6570615546774203,2,61,"{""type"":""Point"",""coordinates"":[108.51415938546266,14.185653458407355]}",108.51415938546266,14.185653458407355,725.7108338451177
0000000000000000067f,1,535,0.0353174281964855,3,40,"{""type"":""Point"",""coordinates"":[108.5306000910467,14.140112659348516]}",108.5306000910467,14.140112659348516,303.97702597935813
000000000000000008b0,1,541,0.6288129045367069,3,67,"{""type"":""Point"",""coordinates"":[108.50823324016262,14.145771258585338]}",108.50823324016262,14.145771258585338,137.7775325180445
0000000000000000092a,1,1115,0.523793937164764,3,37,"{""type"":""Point"",""coordinates"":[108.37752807008401,14.476707902367876]}",108.37752807008401,14.476707902367876,2010.6137581999253
00000000000000000943,1,898,0.3667642905385528,3,60,"{""type"":""Point"",""coordinates"":[108.51173809359062,14.402869648023866]}",108.51173809359062,14.402869648023866,1147.6041718378553
0000000000000000099f,1,524,0.4799844702019262,3,67,"{""type"":""Point"",""coordinates"":[108.52736724278296,14.20371281767381]}",108.52736724278296,14.20371281767381,77.89213314123091
000000000000000009ee,1,995,0.0283977670248675,3,64,"{""type"":""Point"",""coordinates"":[108.43924202866371,14.389122239476096]}",108.43924202866371,14.389122239476096,218.90426441364158
00000000000000000aac,1,775,0.5350151243970768,3,69,"{""type"":""Point"",""coordinates"":[108.45352452933788,14.206673660773301]}",108.45352452933788,14.206673660773301,207.55289478897842
00000000000000000b19,1,523,0.024833116561315,3,69,"{""type"":""Point"",""coordinates"":[108.52628814032803,14.199128861790868]}",108.52628814032803,14.199128861790868,167.7220667678608
00000000000000000850,1,1080,0.1711354360164133,4,66,"{""type"":""Point"",""coordinates"":[108.39935536974065,14.420117450898594]}",108.39935536974065,14.420117450898594,3388.402469321574
0000000000000000088c,1,765,0.679565260409363,4,41,"{""type"":""Point"",""coordinates"":[108.45460363179284,14.212336719111175]}",108.45460363179284,14.212336719111175,171.3456053792606
000000000000000008aa,1,583,0.369637174939989,4,48,"{""type"":""Point"",""coordinates"":[108.57614534920661,14.11747380330017]}",108.57614534920661,14.11747380330017,273.5758915046993
000000000000000008c0,1,952,0.4569185771280443,4,64,"{""type"":""Point"",""coordinates"":[108.50526793796209,14.36675538859201]}",108.50526793796209,14.36675538859201,569.5268041780507
000000000000000008e0,1,727,0.5505883043575042,4,50,"{""type"":""Point"",""coordinates"":[108.47885668242252,14.248718524606241]}",108.47885668242252,14.248718524606241,474.4179209820812
00000000000000000906,1,1024,0.6579894382459884,4,77,"{""type"":""Point"",""coordinates"":[108.43304387819941,14.400711443113998]}",108.43304387819941,14.400711443113998,160.47223758174195
00000000000000000914,1,714,0.7644813522949647,4,53,"{""type"":""Point"",""coordinates"":[108.57722445166154,14.293724231538672]}",108.57722445166154,14.293724231538672,342.61786664453876
00000000000000000963,1,505,0.5369346556413087,4,41,"{""type"":""Point"",""coordinates"":[108.54164974345716,14.15762800828645]}",108.54164974345716,14.15762800828645,58.60651154320136
00000000000000000a05,1,555,0.3554824848264806,4,48,"{""type"":""Point"",""coordinates"":[108.51443139062691,14.185925463571618]}",108.51443139062691,14.185925463571618,747.6888049023278
00000000000000000a9f,1,821,0.549827473213221,4,53,"{""type"":""Point"",""coordinates"":[108.32713130997797,14.397746140913458]}",108.32713130997797,14.397746140913458,380.5995871378341
00000000000000000bc0,1,702,0.0366735444389089,4,53,"{""type"":""Point"",""coordinates"":[108.48236153585052,14.254644669906272]}",108.48236153585052,14.254644669906272,224.647688182115
00000000000000000854,1,868,0.2546605266655342,5,67,"{""type"":""Point"",""coordinates"":[108.53571913905607,14.380770343202988]}",108.53571913905607,14.380770343202988,161.1691310016607
0000000000000000096d,1,672,0.1382206440029484,5,84,"{""type"":""Point"",""coordinates"":[108.42468752282525,14.222846820294148]}",108.42468752282525,14.222846820294148,1290.075800095424
000000000000000009ff,1,653,0.7272843350000722,5,57,"{""type"":""Point"",""coordinates"":[108.4373558289181,14.284560778873843]}",108.4373558289181,14.284560778873843,600.569172732102
00000000000000000a9a,1,890,0.5464900014744806,5,63,"{""type"":""Point"",""coordinates"":[108.32767086120545,14.326601183605728]}",108.32767086120545,14.326601183605728,203.7348490034164
00000000000000000b7e,1,961,0.2303117587846468,5,31,"{""type"":""Point"",""coordinates"":[108.47616338538623,14.40259764285961]}",108.47616338538623,14.40259764285961,600.0054171358581
00000000000000000bb5,1,514,0.4402867878501496,5,37,"{""type"":""Point"",""coordinates"":[108.57183339848791,14.118280900590841]}",108.57183339848791,14.118280900590841,52.158450120913926
00000000000000000bd7,1,613,0.0017680113659777,5,42,"{""type"":""Point"",""coordinates"":[108.45029168107415,14.286174973455186]}",108.45029168107415,14.286174973455186,397.59435522357575
00000000000000000c43,1,854,0.030291064261815,5,57,"{""type"":""Point"",""coordinates"":[108.4767029366137,14.343041889189784]}",108.4767029366137,14.343041889189784,190.49668704337117
0000000000000000068a,1,720,0.6478900524714715,6,57,"{""type"":""Point"",""coordinates"":[108.51631759037251,14.278090623245289]}",108.51631759037251,14.278090623245289,1602.3850020300854
000000000000000006b5,1,970,0.3527084842784621,6,40,"{""type"":""Point"",""coordinates"":[108.48451528165936,14.493955705242605]}",108.48451528165936,14.493955705242605,1339.3719103753879
000000000000000008ef,1,726,0.3811955959286001,6,61,"{""type"":""Point"",""coordinates"":[108.52548104303735,14.286714524682653]}",108.52548104303735,14.286714524682653,124.52336731223538
0000000000000000093d,1,1019,0.5595706557786305,6,66,"{""type"":""Point"",""coordinates"":[108.40501396897746,14.412568192815112]}",108.40501396897746,14.412568192815112,387.09337536046075
000000000000000009f5,1,787,0.0638687891591047,6,63,"{""type"":""Point"",""coordinates"":[108.45433162662856,14.201287066700742]}",108.45433162662856,14.201287066700742,1173.4426302486384
00000000000000000a5f,1,667,0.3690305483079797,6,67,"{""type"":""Point"",""coordinates"":[108.520361995028,14.237936418259011]}",108.520361995028,14.237936418259011,576.6102296455928
00000000000000000adc,1,1117,0.6464086326180406,6,60,"{""type"":""Point"",""coordinates"":[108.38264711809337,14.481559404314025]}",108.38264711809337,14.481559404314025,1241.3400809910831
00000000000000000b01,1,630,0.4138188166471046,6,70,"{""type"":""Point"",""coordinates"":[108.48586638927854,14.187811663317225]}",108.48586638927854,14.187811663317225,219.5688703012966
00000000000000000b1a,1,801,0.409013128874897,6,66,"{""type"":""Point"",""coordinates"":[108.44517263306479,14.242520374141952]}",108.44517263306479,14.242520374141952,414.92443460869134
000000000000000006b2,1,853,0.7538366890555024,7,53,"{""type"":""Point"",""coordinates"":[108.53895644642087,14.345735186226067]}",108.53895644642087,14.345735186226067,194.73547821140684
00000000000000000757,1,1022,0.1931889790401995,7,34,"{""type"":""Point"",""coordinates"":[108.42549907921698,14.450568651992576]}",108.42549907921698,14.450568651992576,783.466429321953
00000000000000000767,1,530,0.3645004488994041,7,53,"{""type"":""Point"",""coordinates"":[108.5764128952698,14.15897465680459]}",108.5764128952698,14.15897465680459,141.19749711907178
0000000000000000080b,1,1032,0.4898810582556832,7,31,"{""type"":""Point"",""coordinates"":[108.44894503255601,14.420117450898594]}",108.44894503255601,14.420117450898594,48.38330664952276
000000000000000008fc,1,520,0.4783644806122511,7,40,"{""type"":""Point"",""coordinates"":[108.53787734396593,14.203173266446344]}",108.53787734396593,14.203173266446344,776.282309030258
00000000000000000972,1,519,0.3429992180128316,7,64,"{""type"":""Point"",""coordinates"":[108.51254519088131,14.217188221057327]}",108.51254519088131,14.217188221057327,62.478569988307406
00000000000000000a63,1,1141,0.3165707953277145,7,66,"{""type"":""Point"",""coordinates"":[108.42064757727083,14.498539661125548]}",108.42064757727083,14.498539661125548,527.032408567298
00000000000000000a6a,1,756,0.5669913405844608,7,88,"{""type"":""Point"",""coordinates"":[108.50607503525276,14.332799334070017]}",108.50607503525276,14.332799334070017,467.5074419076329
00000000000000000a9d,1,634,0.1176684056148535,7,37,"{""type"":""Point"",""coordinates"":[108.43950957472693,14.252218918933197]}",108.43950957472693,14.252218918933197,1382.4488105940495
00000000000000000aa2,1,609,0.24455206427303,7,66,"{""type"":""Point"",""coordinates"":[108.4419353257,14.284560778873843]}",108.4419353257,14.284560778873843,165.6787234460668
00000000000000000b5b,1,845,0.6160769687922298,7,67,"{""type"":""Point"",""coordinates"":[108.32928951488783,14.361636340582653]}",108.32928951488783,14.361636340582653,437.7041539503477
00000000000000000c08,1,941,0.3185210067273083,7,63,"{""type"":""Point"",""coordinates"":[108.44624727641866,14.373760636346972]}",108.44624727641866,14.373760636346972,368.19123886907454
00000000000000000658,1,745,0.4313493167949132,8,77,"{""type"":""Point"",""coordinates"":[108.42576662528019,14.202901261282085]}",108.42576662528019,14.202901261282085,2616.968897184748
00000000000000000727,1,472,0.3289180675021692,8,31,"{""type"":""Point"",""coordinates"":[108.61495290567474,14.014526537279265]}",108.61495290567474,14.014526537279265,401.3945538237746
00000000000000000748,1,695,0.7269646294897127,8,77,"{""type"":""Point"",""coordinates"":[108.47535628809557,14.177029556969993]}",108.47535628809557,14.177029556969993,174.96284502718294
000000000000000007ba,1,606,0.6532706779985215,8,70,"{""type"":""Point"",""coordinates"":[108.44139577447253,14.266773424771644]}",108.44139577447253,14.266773424771644,192.13869817121036
00000000000000000872,1,663,0.2614843586781804,8,88,"{""type"":""Point"",""coordinates"":[108.48290108707799,14.22122816661175]}",108.48290108707799,14.22122816661175,43.45595869740386
00000000000000000910,1,829,0.785455262938625,8,60,"{""type"":""Point"",""coordinates"":[108.5025746409258,14.35355199037275]}",108.5025746409258,14.35355199037275,1215.6129572119128
00000000000000000994,1,530,0.0042352453260192,8,66,"{""type"":""Point"",""coordinates"":[108.51712468766318,14.179994859170534]}",108.51712468766318,14.179994859170534,144.00058644449425
00000000000000000a22,1,1129,0.1129827449967252,8,63,"{""type"":""Point"",""coordinates"":[108.41498897803402,14.513629259090408]}",108.41498897803402,14.513629259090408,1118.390960092192
00000000000000000a3e,1,605,0.1347610413377294,8,50,"{""type"":""Point"",""coordinates"":[108.48721303779668,14.16651945578702]}",108.48721303779668,14.16651945578702,126.16329473521684
00000000000000000b16,1,934,0.2097585960341296,8,63,"{""type"":""Point"",""coordinates"":[108.49367873432418,14.35759193592718]}",108.49367873432418,14.35759193592718,139.47686861152414
00000000000000000b1f,1,610,0.5755499389713918,8,33,"{""type"":""Point"",""coordinates"":[108.44651928158292,14.281863022736507]}",108.44651928158292,14.281863022736507,407.85030912003987
00000000000000000b43,1,781,0.2059822442341279,8,53,"{""type"":""Point"",""coordinates"":[108.44867302739175,14.23955507194141]}",108.44867302739175,14.23955507194141,52.866691596391114
00000000000000000b7a,1,666,0.600500544760435,8,43,"{""type"":""Point"",""coordinates"":[108.4389744826005,14.261921922825497]}",108.4389744826005,14.261921922825497,367.6426371029241
00000000000000000bef,1,651,0.6744230090131317,8,39,"{""type"":""Point"",""coordinates"":[108.57911065140713,14.25680287481614]}",108.57911065140713,14.25680287481614,85.96342664322466
00000000000000000c64,1,613,0.3144398950154834,8,37,"{""type"":""Point"",""coordinates"":[108.4470588328104,14.28240257396397]}",108.4470588328104,14.28240257396397,380.05242855849536
00000000000000000c71,1,849,0.7022116795266204,8,60,"{""type"":""Point"",""coordinates"":[108.56698189654178,14.361364335418392]}",108.56698189654178,14.361364335418392,64.07342127996638
000000000000000006bc,1,755,0.2001239863608634,9,73,"{""type"":""Point"",""coordinates"":[108.50122353330661,14.10480549720733]}",108.50122353330661,14.10480549720733,3314.3508275759327
000000000000000006db,1,760,0.3902279006997295,9,60,"{""type"":""Point"",""coordinates"":[108.51335228817199,14.324982529923327]}",108.51335228817199,14.324982529923327,759.8208001636184
000000000000000008d4,1,840,0.7285529390924964,9,31,"{""type"":""Point"",""coordinates"":[108.56698189654178,14.424157396453017]}",108.56698189654178,14.424157396453017,56.10974856653606
000000000000000008ed,1,617,0.6550647275651981,9,64,"{""type"":""Point"",""coordinates"":[108.4866734865692,14.301808581748569]}",108.4866734865692,14.301808581748569,138.18719486660785
0000000000000000091e,1,748,0.2704074080360616,9,57,"{""type"":""Point"",""coordinates"":[108.5764128952698,14.30584852730299]}",108.5764128952698,14.30584852730299,1131.7298180459516
0000000000000000093b,1,832,0.1286773618133847,9,64,"{""type"":""Point"",""coordinates"":[108.57857110017969,14.375111743966166]}",108.57857110017969,14.375111743966166,1264.4480301855479
00000000000000000986,1,959,0.3281976555180443,9,53,"{""type"":""Point"",""coordinates"":[108.48909923754229,14.489915759688186]}",108.48909923754229,14.489915759688186,579.4110027369296
000000000000000009a1,1,596,0.3985791883014581,9,37,"{""type"":""Point"",""coordinates"":[108.50823324016261,14.1608608565502]}",108.50823324016261,14.1608608565502,98.00889908642813
00000000000000000bb9,1,852,0.6055368267616139,9,30,"{""type"":""Point"",""coordinates"":[108.45918312857471,14.202901261282085]}",108.45918312857471,14.202901261282085,367.95053364270626
00000000000000000bfc,1,532,0.3678098454570423,9,63,"{""type"":""Point"",""coordinates"":[108.51712468766318,14.180266864334797]}",108.51712468766318,14.180266864334797,161.1971438547026
00000000000000000c56,1,678,0.2935916851143406,9,93,"{""type"":""Point"",""coordinates"":[108.54272884591208,14.24467411995077]}",108.54272884591208,14.24467411995077,2543.185913319468
000000000000000006b1,1,518,0.2238832548779947,10,53,"{""type"":""Point"",""coordinates"":[108.5481198990857,14.189425857898572]}",108.5481198990857,14.189425857898572,873.5505339013438
000000000000000006d4,1,593,0.7065931635437818,10,99,"{""type"":""Point"",""coordinates"":[108.51820379011812,14.173796708706245]}",108.51820379011812,14.173796708706245,368.70881982132425
00000000000000000711,1,546,0.3428390955657723,10,39,"{""type"":""Point"",""coordinates"":[108.55674380052305,14.149811204139759]}",108.55674380052305,14.149811204139759,1061.4532716589624
000000000000000007ea,1,544,0.6153455525848184,10,70,"{""type"":""Point"",""coordinates"":[108.51362429333624,14.187004566026554]}",108.51362429333624,14.187004566026554,885.5906206751048
00000000000000000801,1,842,0.2536057926351057,10,70,"{""type"":""Point"",""coordinates"":[108.32713130997796,14.389661790703556]}",108.32713130997796,14.389661790703556,451.19136737104463
00000000000000000877,1,527,0.1551811375655006,10,36,"{""type"":""Point"",""coordinates"":[108.5564717953588,14.173257157478778]}",108.5564717953588,14.173257157478778,613.3761231506644
000000000000000008ad,1,785,0.5486378548508104,10,77,"{""type"":""Point"",""coordinates"":[108.50661458648021,14.33845793330684]}",108.50661458648021,14.33845793330684,515.4930629706829
00000000000000000a7c,1,902,0.2667432593586921,10,63,"{""type"":""Point"",""coordinates"":[108.44274688209173,14.373225544220558]}",108.44274688209173,14.373225544220558,743.6938935067225
00000000000000000a89,1,569,0.2768593300930917,10,60,"{""type"":""Point"",""coordinates"":[108.55243184980436,14.076240495858954]}",108.55243184980436,14.076240495858954,759.4503096940949
00000000000000000a90,1,588,0.0994970821917651,10,48,"{""type"":""Point"",""coordinates"":[108.49367873432418,14.302076127811775]}",108.49367873432418,14.302076127811775,126.9082028505486
00000000000000000aa7,1,971,0.2764060865239827,10,66,"{""type"":""Point"",""coordinates"":[108.51065899113568,14.471856400421728]}",108.51065899113568,14.471856400421728,577.6077410663592
00000000000000000b35,1,570,0.7336255289103109,10,33,"{""type"":""Point"",""coordinates"":[108.51200563965384,14.165172807268881]}",108.51200563965384,14.165172807268881,185.15172870067352
00000000000000000b9a,1,860,0.4715596885045748,10,60,"{""type"":""Point"",""coordinates"":[108.43924202866371,14.226619219785364]}",108.43924202866371,14.226619219785364,150.5804855348308
00000000000000000c48,1,863,0.5487656183834945,10,88,"{""type"":""Point"",""coordinates"":[108.48101488733239,14.350586688172218]}",108.48101488733239,14.350586688172218,150.1489962552914
0000000000000000066f,1,532,0.6660180796650371,11,53,"{""type"":""Point"",""coordinates"":[108.55943709755935,14.108042804572133]}",108.55943709755935,14.108042804572133,122.53599920659602
000000000000000007f3,1,1140,0.3522986025020531,11,70,"{""type"":""Point"",""coordinates"":[108.43789538014558,14.508510211081054]}",108.43789538014558,14.508510211081054,618.1706635019654
0000000000000000084b,1,764,0.2334541008999184,11,60,"{""type"":""Point"",""coordinates"":[108.50823324016261,14.051447894001798]}",108.50823324016261,14.051447894001798,469.8729907991156
00000000000000000862,1,482,0.1300356524059254,11,37,"{""type"":""Point"",""coordinates"":[108.55566469806813,14.158707110741384]}",108.55566469806813,14.158707110741384,174.81468915489558
000000000000000008ba,1,986,0.143067728557785,11,63,"{""type"":""Point"",""coordinates"":[108.43546962917249,14.359478135672784]}",108.43546962917249,14.359478135672784,1744.8456512225496
0000000000000000090a,1,603,0.5475000950497448,11,43,"{""type"":""Point"",""coordinates"":[108.49529738800656,14.04605684082818]}",108.49529738800656,14.04605684082818,817.589508552935
0000000000000000096e,1,504,0.0487265237198937,11,48,"{""type"":""Point"",""coordinates"":[108.60632900423738,14.178380664589184]}",108.60632900423738,14.178380664589184,1590.6941619353772
0000000000000000098a,1,534,0.474119662768103,11,36,"{""type"":""Point"",""coordinates"":[108.5960864491176,14.20559901741942]}",108.5960864491176,14.20559901741942,658.5173199813963
000000000000000009a6,1,574,0.297753756724898,11,32,"{""type"":""Point"",""coordinates"":[108.47023278098516,14.311779131704073]}",108.47023278098516,14.311779131704073,79.23454986940395
00000000000000000a1f,1,514,0.6362784630906461,11,40,"{""type"":""Point"",""coordinates"":[108.5580904490412,14.171642962897431]}",108.5580904490412,14.171642962897431,232.59821259079814
00000000000000000c6e,1,812,0.5642108290819372,11,99,"{""type"":""Point"",""coordinates"":[108.56320949705056,14.312046677767281]}",108.56320949705056,14.312046677767281,2356.942238350407
00000000000000000771,1,907,0.691142617732965,12,66,"{""type"":""Point"",""coordinates"":[108.51766423889066,14.355977741345828]}",108.51766423889066,14.355977741345828,314.4649526174181
000000000000000007a2,1,727,0.4462323847467767,12,31,"{""type"":""Point"",""coordinates"":[108.52332283812747,14.28617497345519]}",108.52332283812747,14.28617497345519,169.92516992051037
000000000000000007a4,1,733,0.1150450348282265,12,48,"{""type"":""Point"",""coordinates"":[108.50041643601593,14.325794086315053]}",108.50041643601593,14.325794086315053,2302.644299422932
00000000000000000851,1,535,0.2472029035454996,12,48,"{""type"":""Point"",""coordinates"":[108.520361995028,14.184039263826012]}",108.520361995028,14.184039263826012,961.4772004482624
00000000000000000940,1,505,0.7553607889969884,12,50,"{""type"":""Point"",""coordinates"":[108.54784789392143,14.015605639734199]}",108.54784789392143,14.015605639734199,1039.927641508268
00000000000000000c2b,1,1089,0.0570762824381805,12,37,"{""type"":""Point"",""coordinates"":[108.39208257592247,14.414186846497511]}",108.39208257592247,14.414186846497511,2022.1330819272475
00000000000000000c61,1,1067,0.0508648947183808,12,84,"{""type"":""Point"",""coordinates"":[108.465381279039,14.515247912772809]}",108.465381279039,14.515247912772809,725.9391532231026
000000000000000006be,1,722,0.168302258697584,13,93,"{""type"":""Point"",""coordinates"":[108.47616338538623,14.27000627303539]}",108.47616338538623,14.27000627303539,103.66130897858221
000000000000000006e7,1,716,0.6542999429063605,13,93,"{""type"":""Point"",""coordinates"":[108.4419353257,14.262189468888701]}",108.4419353257,14.262189468888701,479.7610614319474
0000000000000000076a,1,954,0.7932848819837893,13,77,"{""type"":""Point"",""coordinates"":[108.41660317261535,14.399904345823327]}",108.41660317261535,14.399904345823327,829.6897962433274
0000000000000000082c,1,527,0.2165900829840188,13,36,"{""type"":""Point"",""coordinates"":[108.59905175131814,14.170563860442497]}",108.59905175131814,14.170563860442497,83.77529360934092
000000000000000008a5,1,632,0.5050273984023157,13,43,"{""type"":""Point"",""coordinates"":[108.49475783677912,14.034200091127069]}",108.49475783677912,14.034200091127069,1076.2985445817283
00000000000000000909,1,876,0.0587088591155093,13,36,"{""type"":""Point"",""coordinates"":[108.45109877836481,14.382656542948595]}",108.45109877836481,14.382656542948595,103.53371029214057
0000000000000000098b,1,683,0.4766130297506126,13,66,"{""type"":""Point"",""coordinates"":[108.47481673686809,14.17918776187986]}",108.47481673686809,14.17918776187986,70.6381829956289
00000000000000000a68,1,1106,0.1607506057234714,13,77,"{""type"":""Point"",""coordinates"":[108.42226177185219,14.364601642783192]}",108.42226177185219,14.364601642783192,2463.7107447185303
00000000000000000acd,1,875,0.7667943356086192,13,36,"{""type"":""Point"",""coordinates"":[108.45109877836481,14.382384537784338]}",108.45109877836481,14.382384537784338,131.2076633193273
00000000000000000bf5,1,731,0.1352936820403537,13,37,"{""type"":""Point"",""coordinates"":[108.47508428293129,14.195088916236449]}",108.47508428293129,14.195088916236449,102.9384743987779
00000000000000000c05,1,965,0.7881833935662392,13,77,"{""type"":""Point"",""coordinates"":[108.41633562655215,14.40017189188653]}",108.41633562655215,14.40017189188653,810.9223386270411
00000000000000000c19,1,643,0.2878011703821231,13,67,"{""type"":""Point"",""coordinates"":[108.44975212984667,14.283214130355699]}",108.44975212984667,14.283214130355699,528.5095025591245
00000000000000000c29,1,1098,0.4488505219545445,13,43,"{""type"":""Point"",""coordinates"":[108.39154302469498,14.413914841333256]}",108.39154302469498,14.413914841333256,2049.2669027948787
00000000000000000686,1,585,0.6922031079487774,14,67,"{""type"":""Point"",""coordinates"":[108.55323894709505,14.076240495858958]}",108.55323894709505,14.076240495858958,706.4140027262937
000000000000000007e9,1,549,0.6200242627916829,14,77,"{""type"":""Point"",""coordinates"":[108.5222481947736,14.184578815053477]}",108.5222481947736,14.184578815053477,815.4981988001753
0000000000000000083f,1,655,0.7203768531979776,14,53,"{""type"":""Point"",""coordinates"":[108.51658513643574,14.251144275579314]}",108.51658513643574,14.251144275579314,865.8215181865603
000000000000000008c6,1,601,0.1382857028024875,14,42,"{""type"":""Point"",""coordinates"":[108.52305529206427,14.194549365008983]}",108.52305529206427,14.194549365008983,781.2265929542698
000000000000000008cc,1,814,0.7363933692107224,14,64,"{""type"":""Point"",""coordinates"":[108.46888613246702,14.202361710054618]}",108.46888613246702,14.202361710054618,169.56423943801042
00000000000000000a81,1,597,0.1933456492808681,14,43,"{""type"":""Point"",""coordinates"":[108.4928716370335,14.304234332721645]}",108.4928716370335,14.304234332721645,81.70843709753542
00000000000000000b51,1,1022,0.0932095247260841,14,93,"{""type"":""Point"",""coordinates"":[108.4052859741417,14.401518540404673]}",108.4052859741417,14.401518540404673,1163.8299574991624
00000000000000000c4f,1,795,0.60331243564583,14,88,"{""type"":""Point"",""coordinates"":[108.4195684748159,14.205059466191951]}",108.4195684748159,14.205059466191951,2912.146134688173
00000000000000000650,1,619,0.5194646050065154,15,70,"{""type"":""Point"",""coordinates"":[108.50957988868076,14.271352921553536]}",108.50957988868076,14.271352921553536,584.5725050252148
00000000000000000741,1,647,0.3921432785447873,15,66,"{""type"":""Point"",""coordinates"":[108.51712468766318,14.203440812509553]}",108.51712468766318,14.203440812509553,40.616233916927264
0000000000000000079f,1,953,0.3122277502859344,15,84,"{""type"":""Point"",""coordinates"":[108.44651928158292,14.394513292649709]}",108.44651928158292,14.394513292649709,585.6066129876386
0000000000000000081b,1,773,0.6764980716305555,15,99,"{""type"":""Point"",""coordinates"":[108.45433162662857,14.263268571343634]}",108.45433162662857,14.263268571343634,155.14791994290667
000000000000000008ea,1,813,0.4625338165706631,15,48,"{""type"":""Point"",""coordinates"":[108.5985122000907,14.35570573618157]}",108.5985122000907,14.35570573618157,398.9808643456028
00000000000000000926,1,725,0.2830256170730977,15,93,"{""type"":""Point"",""coordinates"":[108.42199422578898,14.20398036373702]}",108.42199422578898,14.20398036373702,2837.2862499124576
00000000000000000941,1,744,0.6207477591726738,15,99,"{""type"":""Point"",""coordinates"":[108.47346562924889,14.271352921553536]}",108.47346562924889,14.271352921553536,380.42964160678974
000000000000000009b3,1,861,0.7955304428989922,15,32,"{""type"":""Point"",""coordinates"":[108.45244542688296,14.198321764500196]}",108.45244542688296,14.198321764500196,1522.7428353445625
00000000000000000bc2,1,607,0.6104640761766967,15,37,"{""type"":""Point"",""coordinates"":[108.55000609883129,14.06896324293973]}",108.55000609883129,14.06896324293973,1476.3213141424603
00000000000000000c17,1,1013,0.5471345891732516,15,31,"{""type"":""Point"",""coordinates"":[108.41256322706093,14.39720658968599]}",108.41256322706093,14.39720658968599,1274.2324273165282
00000000000000000c5b,1,609,0.683410725663795,15,57,"{""type"":""Point"",""coordinates"":[108.44436107667306,14.270545824262861]}",108.44436107667306,14.270545824262861,443.1899362709183
000000000000000009d7,1,656,0.5742858419209089,16,66,"{""type"":""Point"",""coordinates"":[108.51712468766318,14.204519914964484]}",108.51712468766318,14.204519914964484,48.87354442197375
00000000000000000a23,1,620,0.2750110997980975,16,63,"{""type"":""Point"",""coordinates"":[108.50796123499835,14.164633256041414]}",108.50796123499835,14.164633256041414,112.49185871824861
00000000000000000a34,1,532,0.6252719812695064,16,39,"{""type"":""Point"",""coordinates"":[108.54569414811262,14.052254991292472]}",108.54569414811262,14.052254991292472,265.58578015973416
00000000000000000a35,1,1007,0.0335150548194453,16,60,"{""type"":""Point"",""coordinates"":[108.45029168107415,14.419577899671127]}",108.45029168107415,14.419577899671127,83.16427550188472
00000000000000000abc,1,566,0.2857200297001211,16,57,"{""type"":""Point"",""coordinates"":[108.54596169417582,14.063844194930375]}",108.54596169417582,14.063844194930375,279.10781144140304
00000000000000000af5,1,867,0.2568766101100173,16,30,"{""type"":""Point"",""coordinates"":[108.45217788081975,14.198321764500193]}",108.45217788081975,14.198321764500193,1546.3343427550974
00000000000000000bbe,1,542,0.5460844157397083,16,43,"{""type"":""Point"",""coordinates"":[108.52116909231867,14.21476247008425]}",108.52116909231867,14.21476247008425,37.178902012010745
00000000000000000679,1,1043,0.7350462471404692,17,70,"{""type"":""Point"",""coordinates"":[108.46565328420327,14.442484301782681]}",108.46565328420327,14.442484301782681,37.021641969464014
000000000000000006de,1,553,0.3691911831902482,17,38,"{""type"":""Point"",""coordinates"":[108.51605004430931,14.23928306677715]}",108.51605004430931,14.23928306677715,65.21797479276754
00000000000000000832,1,810,0.7547742338215174,17,30,"{""type"":""Point"",""coordinates"":[108.42630617650767,14.265966327480971]}",108.42630617650767,14.265966327480971,1342.3096938514273
0000000000000000087e,1,935,0.6801665179297073,17,99,"{""type"":""Point"",""coordinates"":[108.4990697874978,14.360289692064512]}",108.4990697874978,14.360289692064512,379.8611998898443
00000000000000000996,1,1006,0.6741807915487666,17,46,"{""type"":""Point"",""coordinates"":[108.45217788081975,14.447335803728825]}",108.45217788081975,14.447335803728825,1526.7439580067326
000000000000000009cb,1,646,0.4757002009230152,17,70,"{""type"":""Point"",""coordinates"":[108.5518922985769,14.065997940739189]}",108.5518922985769,14.065997940739189,1104.7705176896427
000000000000000009d2,1,661,0.4768934055369074,17,48,"{""type"":""Point"",""coordinates"":[108.48478728682359,14.308274278276066]}",108.48478728682359,14.308274278276066,185.23602322365292
00000000000000000a1c,1,651,0.3633536844942917,17,93,"{""type"":""Point"",""coordinates"":[108.45541072908351,14.284288773709578]}",108.45541072908351,14.284288773709578,665.1251588675603
00000000000000000aec,1,634,0.0047032463026619,17,67,"{""type"":""Point"",""coordinates"":[108.5467687914665,14.082978197550712]}",108.5467687914665,14.082978197550712,721.8771765579274
00000000000000000b99,1,763,0.7130277968275083,17,50,"{""type"":""Point"",""coordinates"":[108.46214843077524,14.219074420802936]}",108.46214843077524,14.219074420802936,452.8554257692854
000000000000000006c0,1,520,0.4600741270690037,18,67,"{""type"":""Point"",""coordinates"":[108.58934874742586,14.134449601010637]}",108.58934874742586,14.134449601010637,456.4199605958988
000000000000000006e0,1,599,0.6248656792978202,18,43,"{""type"":""Point"",""coordinates"":[108.5206295410912,14.051175888837534]}",108.5206295410912,14.051175888837534,298.1166942148446
0000000000000000071a,1,847,0.7613217289588216,18,80,"{""type"":""Point"",""coordinates"":[108.60067040500056,14.411493549461234]}",108.60067040500056,14.411493549461234,1909.424497137157
00000000000000000762,1,1013,0.6759242570423,18,99,"{""type"":""Point"",""coordinates"":[108.46053423619392,14.447335803728825]}",108.46053423619392,14.447335803728825,678.6496483766513
000000000000000008e1,1,817,0.5452023230179465,18,32,"{""type"":""Point"",""coordinates"":[108.45352452933788,14.200475510309014]}",108.45352452933788,14.200475510309014,1294.2888893613053
000000000000000009ed,1,982,0.6254519417448514,18,67,"{""type"":""Point"",""coordinates"":[108.41363787041483,14.397746140913458]}",108.41363787041483,14.397746140913458,1169.1912366190327
00000000000000000a2c,1,715,0.0893687147414507,18,64,"{""type"":""Point"",""coordinates"":[108.43870247743624,14.246832324860636]}",108.43870247743624,14.246832324860636,1069.7804294785406
00000000000000000a6f,1,772,0.1917030932932688,18,84,"{""type"":""Point"",""coordinates"":[108.45648983153845,14.227965868303505]}",108.45648983153845,14.227965868303505,43.1201977530934
00000000000000000b23,1,939,0.4384760966951837,18,77,"{""type"":""Point"",""coordinates"":[108.45137078352907,14.19481691107219]}",108.45137078352907,14.19481691107219,1824.0362321030884
00000000000000000b53,1,685,0.7297878111486004,18,60,"{""type"":""Point"",""coordinates"":[108.47643093144946,14.174336259933712]}",108.47643093144946,14.174336259933712,420.0531622725429
0000000000000000066d,1,583,0.4175516470091125,19,77,"{""type"":""Point"",""coordinates"":[108.50230263576154,14.20586656348263]}",108.50230263576154,14.20586656348263,538.1864986934842
000000000000000007e7,1,969,0.5736181624866047,19,77,"{""type"":""Point"",""coordinates"":[108.42415243069885,14.38346364023927]}",108.42415243069885,14.38346364023927,561.6403478617026
00000000000000000901,1,704,0.0343477572421304,19,42,"{""type"":""Point"",""coordinates"":[108.42522707405271,14.227965868303505]}",108.42522707405271,14.227965868303505,1177.9382688818202
000000000000000009fa,1,526,0.5987130841997396,19,32,"{""type"":""Point"",""coordinates"":[108.57533825191592,14.126637255965003]}",108.57533825191592,14.126637255965003,637.6512206165276
00000000000000000bd4,1,843,0.3537389318378339,19,32,"{""type"":""Point"",""coordinates"":[108.44570772519121,14.2441345687233]}",108.44570772519121,14.2441345687233,498.7184027811281
0000000000000000070a,1,1160,0.162781722650383,20,42,"{""type"":""Point"",""coordinates"":[108.42927147870819,14.51767366374588]}",108.42927147870819,14.51767366374588,129.79141622715926
000000000000000007f6,1,590,0.3389339447906498,20,34,"{""type"":""Point"",""coordinates"":[108.54973409366706,14.06896324293973]}",108.54973409366706,14.06896324293973,616.1152316512242
000000000000000009dc,1,621,0.4485268449781528,20,77,"{""type"":""Point"",""coordinates"":[108.5467687914665,14.1331029524925]}",108.5467687914665,14.1331029524925,507.9033754671657
00000000000000000b05,1,627,0.0751442942826133,20,32,"{""type"":""Point"",""coordinates"":[108.4408606823461,14.291298480565596]}",108.4408606823461,14.291298480565596,747.9351720171877
000000000000000008a1,1,804,0.2519094321267576,21,48,"{""type"":""Point"",""coordinates"":[108.59527935182693,14.35112623939968]}",108.59527935182693,14.35112623939968,1702.6696907660205
00000000000000000bf8,1,933,0.2294920152131953,21,64,"{""type"":""Point"",""coordinates"":[108.32443801294168,14.37430018757444]}",108.32443801294168,14.37430018757444,665.9011552694612
000000000000000008dd,1,778,0.0067712718354163,22,53,"{""type"":""Point"",""coordinates"":[108.45083123230162,14.243595017495833]}",108.45083123230162,14.243595017495833,48.275448105549074
0000000000000000093f,1,533,0.0557082811863982,22,53,"{""type"":""Point"",""coordinates"":[108.56967519357806,14.141459307866656]}",108.56967519357806,14.141459307866656,101.82111005805733
00000000000000000a06,1,564,0.7249347100003529,22,48,"{""type"":""Point"",""coordinates"":[108.52359484329175,14.135800708629832]}",108.52359484329175,14.135800708629832,309.54373014738155
00000000000000000aa0,1,573,0.2576107694999322,22,35,"{""type"":""Point"",""coordinates"":[108.49745113381537,14.148197009558412]}",108.49745113381537,14.148197009558412,345.78114872410765
000000000000000007db,1,848,0.0959636299854015,23,40,"{""type"":""Point"",""coordinates"":[108.59312114691707,14.35355199037275]}",108.59312114691707,14.35355199037275,402.81237722762296
0000000000000000082f,1,512,0.4582826622094087,23,33,"{""type"":""Point"",""coordinates"":[108.52817434007362,14.207485217165026]}",108.52817434007362,14.207485217165026,67.78009072010686
000000000000000009bb,1,896,0.5115605027648973,23,57,"{""type"":""Point"",""coordinates"":[108.33629476264281,14.342502337962316]}",108.33629476264281,14.342502337962316,462.1456977969536
00000000000000000a3b,1,573,0.3099281766093985,23,64,"{""type"":""Point"",""coordinates"":[108.51739669282746,14.21341136246506]}",108.51739669282746,14.21341136246506,158.39687097040877
00000000000000000b15,1,684,0.7033947134527172,23,42,"{""type"":""Point"",""coordinates"":[108.48559438411426,14.159246661968853]}",108.48559438411426,14.159246661968853,422.8786833360859
00000000000000000c31,1,606,0.1709862610078263,23,93,"{""type"":""Point"",""coordinates"":[108.50176308453406,14.302615679039246]}",108.50176308453406,14.302615679039246,1002.2906581599173
000000000000000008bf,1,767,0.3992211248563279,24,31,"{""type"":""Point"",""coordinates"":[108.42792483019005,14.258956620624955]}",108.42792483019005,14.258956620624955,1356.5243451878587
000000000000000008f9,1,597,0.647573713766116,24,31,"{""type"":""Point"",""coordinates"":[108.50230263576152,14.165444812433137]}",108.50230263576152,14.165444812433137,141.52787827654635
0000000000000000096c,1,996,0.6345950517698316,24,70,"{""type"":""Point"",""coordinates"":[108.4909854372879,14.500425860871156]}",108.4909854372879,14.500425860871156,111.84465546065259
00000000000000000ac1,1,589,0.2478241809065652,24,64,"{""type"":""Point"",""coordinates"":[108.5187433413456,14.21368336762932]}",108.5187433413456,14.21368336762932,140.8792793836617
00000000000000000bf9,1,598,0.2534930338285377,24,61,"{""type"":""Point"",""coordinates"":[108.48398018953291,14.154934711250169]}",108.48398018953291,14.154934711250169,869.0729737667469
00000000000000000c0e,1,743,0.4997355691947175,25,31,"{""type"":""Point"",""coordinates"":[108.4408606823461,14.260575274307355]}",108.4408606823461,14.260575274307355,565.7906181183569
000000000000000008bc,1,617,0.6211542393840416,26,88,"{""type"":""Point"",""coordinates"":[108.50796123499836,14.172182514124898]}",108.50796123499836,14.172182514124898,676.1484609988424
00000000000000000aa5,1,763,0.4864070653226601,26,93,"{""type"":""Point"",""coordinates"":[108.4295390247714,14.261382371598026]}",108.4295390247714,14.261382371598026,1078.3640317794595
00000000000000000897,1,618,0.7394057993710909,29,57,"{""type"":""Point"",""coordinates"":[108.50418883550714,14.241708817750226]}",108.50418883550714,14.241708817750226,779.5722450959796
00000000000000000a75,1,656,0.5388340854170985,30,36,"{""type"":""Point"",""coordinates"":[108.61791820787529,14.198049759335937]}",108.61791820787529,14.198049759335937,1263.7273326685881
000000000000000009e1,1,953,0.4514176338635857,32,48,"{""type"":""Point"",""coordinates"":[108.40286022316863,14.386428942439814]}",108.40286022316863,14.386428942439814,2749.005077943759
00000000000000000b92,1,1143,0.5150190560117892,32,84,"{""type"":""Point"",""coordinates"":[108.41902892358843,14.491529954269533]}",108.41902892358843,14.491529954269533,932.4805199511791
00000000000000000691,1,755,0.0719668381125138,38,88,"{""type"":""Point"",""coordinates"":[108.47804958513184,14.164365709978206]}",108.47804958513184,14.164365709978206,870.6055352558595
00000000000000000900,1,661,0.0105124977591241,3,44,"{""type"":""Point"",""coordinates"":[108.61980440762089,14.245213671178234]}",108.61980440762089,14.245213671178234,881.5265123749937
00000000000000000a77,1,517,0.5918856414865706,3,44,"{""type"":""Point"",""coordinates"":[108.53571913905607,14.144152604902938]}",108.53571913905607,14.144152604902938,159.89805459946794
0000000000000000067c,1,661,0.3218447987584657,5,44,"{""type"":""Point"",""coordinates"":[108.43358342942687,14.265966327480971]}",108.43358342942687,14.265966327480971,559.5098134509045
00000000000000000661,1,722,0.2377227754754988,6,44,"{""type"":""Point"",""coordinates"":[108.55162029341264,14.27539732620901]}",108.55162029341264,14.27539732620901,219.4692196152288
00000000000000000662,1,759,0.6502566522012209,6,44,"{""type"":""Point"",""coordinates"":[108.44894503255601,14.236050218513402]}",108.44894503255601,14.236050218513402,176.19710968691163
000000000000000008d7,1,528,0.7971911189654995,6,44,"{""type"":""Point"",""coordinates"":[108.5125451908813,14.191044511580973]}",108.5125451908813,14.191044511580973,1244.6521821529843
00000000000000000ae9,1,561,0.5797045340053572,6,44,"{""type"":""Point"",""coordinates"":[108.50823324016261,14.133374957656757]}",108.50823324016261,14.133374957656757,548.2408509133122
0000000000000000076b,1,688,0.2297494335042665,7,44,"{""type"":""Point"",""coordinates"":[108.58126439721595,14.237936418259011]}",108.58126439721595,14.237936418259011,1363.0063988430477
00000000000000000b2f,1,851,0.3738182994768045,7,44,"{""type"":""Point"",""coordinates"":[108.56617479925109,14.429548449626633]}",108.56617479925109,14.429548449626633,309.33106457860725
00000000000000000bba,1,837,0.7195805227407495,7,44,"{""type"":""Point"",""coordinates"":[108.62141860220223,14.389394244640357]}",108.62141860220223,14.389394244640357,460.103816450699
00000000000000000879,1,548,0.0168867334519587,8,44,"{""type"":""Point"",""coordinates"":[108.55485314167639,14.079745349286965]}",108.55485314167639,14.079745349286965,472.10315466249546
000000000000000008b2,1,526,0.0417924037962109,8,44,"{""type"":""Point"",""coordinates"":[108.52170864354615,14.191316516745234]}",108.52170864354615,14.191316516745234,1144.4855818702774
00000000000000000a33,1,630,0.7548067181764722,8,44,"{""type"":""Point"",""coordinates"":[108.53275829595657,14.13741490321118]}",108.53275829595657,14.13741490321118,500.3512178785445
0000000000000000071e,1,620,0.6759786697721258,9,44,"{""type"":""Point"",""coordinates"":[108.48236153585052,14.306120532467249]}",108.48236153585052,14.306120532467249,207.9653056296211
00000000000000000732,1,618,0.5616951004199081,9,44,"{""type"":""Point"",""coordinates"":[108.44058867718184,14.283749222482115]}",108.44058867718184,14.283749222482115,247.10259373645107
00000000000000000a01,1,510,0.5958667085329074,9,44,"{""type"":""Point"",""coordinates"":[108.57560579797912,14.159514208032059]}",108.57560579797912,14.159514208032059,46.04169266682321
00000000000000000934,1,567,0.1945405517771139,10,44,"{""type"":""Point"",""coordinates"":[108.5405706410022,14.103998399916659]}",108.5405706410022,14.103998399916659,264.08272506821044
00000000000000000898,1,505,0.2933329017307649,12,44,"{""type"":""Point"",""coordinates"":[108.54758034785822,14.018566482833688]}",108.54758034785822,14.018566482833688,1088.1900157280043
00000000000000000a65,1,759,0.343897554345132,12,44,"{""type"":""Point"",""coordinates"":[108.46349507929341,14.306388078530459]}",108.46349507929341,14.306388078530459,795.6333905393308
00000000000000000b60,1,566,0.0583683944163145,12,44,"{""type"":""Point"",""coordinates"":[108.56401659434123,14.190237414290301]}",108.56401659434123,14.190237414290301,325.3264298689391
000000000000000007af,1,607,0.2839303822315641,13,44,"{""type"":""Point"",""coordinates"":[108.48613393534174,14.153316057567766]}",108.48613393534174,14.153316057567766,372.52133427520226
00000000000000000a12,1,570,0.1983095565134202,13,44,"{""type"":""Point"",""coordinates"":[108.51065899113568,14.16032130532273]}",108.51065899113568,14.16032130532273,341.48724205065986
000000000000000008a8,1,1008,0.6575264624407209,15,44,"{""type"":""Point"",""coordinates"":[108.44004912595437,14.38993379586782]}",108.44004912595437,14.38993379586782,241.86778476261287
00000000000000000bb4,1,758,0.7698567027628959,15,44,"{""type"":""Point"",""coordinates"":[108.45244542688296,14.235782672450197]}",108.45244542688296,14.235782672450197,623.6449028402943
000000000000000006ec,1,648,0.5835411376449265,16,44,"{""type"":""Point"",""coordinates"":[108.5483874451489,14.081091997805109]}",108.5483874451489,14.081091997805109,956.761041416599
0000000000000000078b,1,565,0.0648041627114189,17,44,"{""type"":""Point"",""coordinates"":[108.51443139062691,14.142533951220537]}",108.51443139062691,14.142533951220537,241.7517080602058
00000000000000000790,1,727,0.7189072518682257,24,44,"{""type"":""Point"",""coordinates"":[108.48074288216813,14.16166795384087]}",108.48074288216813,14.16166795384087,753.3465872997941
00000000000000000846,1,1143,0.1306782481633319,24,44,"{""type"":""Point"",""coordinates"":[108.38749862003951,14.499079212353013]}",108.38749862003951,14.499079212353013,34.780123299750066
00000000000000000bf1,1,1000,0.2663874964344938,1,45,"{""type"":""Point"",""coordinates"":[108.46592083026647,14.43466749763599]}",108.46592083026647,14.43466749763599,138.33927032361
00000000000000000730,1,611,0.2074262957222299,3,45,"{""type"":""Point"",""coordinates"":[108.44032113111865,14.285367876164512]}",108.44032113111865,14.285367876164512,361.45947934125724
00000000000000000a0c,1,719,0.0542837520684871,3,45,"{""type"":""Point"",""coordinates"":[108.49987688478845,14.321482135596373]}",108.49987688478845,14.321482135596373,1921.9846542953833
000000000000000007f7,1,656,0.3656173453444309,4,45,"{""type"":""Point"",""coordinates"":[108.5222481947736,14.237396867031542]}",108.5222481947736,14.237396867031542,738.0982853691967
00000000000000000c7c,1,726,0.2888969965851143,4,45,"{""type"":""Point"",""coordinates"":[108.47589138022197,14.280248828155155]}",108.47589138022197,14.280248828155155,995.2589989731306
0000000000000000092e,1,745,0.1502186979650845,5,45,"{""type"":""Point"",""coordinates"":[108.53167919350163,14.284288773709578]}",108.53167919350163,14.284288773709578,23.521479985927492
00000000000000000bdc,1,620,0.0201262853308685,5,45,"{""type"":""Point"",""coordinates"":[108.5599766487868,14.065190843448516]}",108.5599766487868,14.065190843448516,450.8213407801953
000000000000000009d5,1,613,0.5242483018494145,6,45,"{""type"":""Point"",""coordinates"":[108.52359484329175,14.195628467463914]}",108.52359484329175,14.195628467463914,666.2090532562348
00000000000000000c68,1,1044,0.3620448093458148,6,45,"{""type"":""Point"",""coordinates"":[108.41525652409723,14.41445439256072]}",108.41525652409723,14.41445439256072,589.9979141719434
00000000000000000719,1,539,0.7925019829709533,7,45,"{""type"":""Point"",""coordinates"":[108.53113964227417,14.139573108121047]}",108.53113964227417,14.139573108121047,311.28484987091093
00000000000000000908,1,1004,0.5661310828139811,7,45,"{""type"":""Point"",""coordinates"":[108.46565328420326,14.434939502800251]}",108.46565328420326,14.434939502800251,96.73347404077411
00000000000000000ae3,1,988,0.7568803113205336,7,45,"{""type"":""Point"",""coordinates"":[108.44032113111865,14.388047596122213]}",108.44032113111865,14.388047596122213,356.8313362029005
0000000000000000069e,1,910,0.1818910609506755,8,45,"{""type"":""Point"",""coordinates"":[108.52197618960933,14.359750140837045]}",108.52197618960933,14.359750140837045,10.556381494176502
000000000000000006ca,1,776,0.2402962434156769,8,45,"{""type"":""Point"",""coordinates"":[108.42361287947138,14.213950913692525]}",108.42361287947138,14.213950913692525,1919.9534135218576
0000000000000000072a,1,597,0.4571119428356444,8,45,"{""type"":""Point"",""coordinates"":[108.48882723237801,14.307195175821134]}",108.48882723237801,14.307195175821134,76.49216195698304
000000000000000008ac,1,588,0.1438486879548022,8,45,"{""type"":""Point"",""coordinates"":[108.44490062790052,14.278902179637015]}",108.44490062790052,14.278902179637015,291.6481986805837
00000000000000000853,1,967,0.3714516079326004,9,45,"{""type"":""Point"",""coordinates"":[108.45298497811042,14.419038348443658]}",108.45298497811042,14.419038348443658,239.03861244147475
00000000000000000a96,1,1047,0.4680757538239239,10,45,"{""type"":""Point"",""coordinates"":[108.42280132307964,14.443023853010146]}",108.42280132307964,14.443023853010146,93.96508980852582
00000000000000000abd,1,656,0.006298752785208,10,45,"{""type"":""Point"",""coordinates"":[108.47885668242252,14.181613512852934]}",108.47885668242252,14.181613512852934,224.27370890668595
00000000000000000ba1,1,631,0.715515381941115,10,45,"{""type"":""Point"",""coordinates"":[108.43412298065434,14.258417069397487]}",108.43412298065434,14.258417069397487,902.7560732603694
00000000000000000bbd,1,576,0.2874743414293836,10,45,"{""type"":""Point"",""coordinates"":[108.55404604438573,14.076780047086425]}",108.55404604438573,14.076780047086425,713.8394672345007
00000000000000000c79,1,666,0.1329448129225305,10,45,"{""type"":""Point"",""coordinates"":[108.48344063830547,14.229852068049114]}",108.48344063830547,14.229852068049114,132.63618630857232
0000000000000000086f,1,688,0.307047674322315,13,45,"{""type"":""Point"",""coordinates"":[108.48909923754229,14.249258075833708]}",108.48909923754229,14.249258075833708,290.76575981558557
000000000000000008ab,1,563,0.6477542880601537,13,45,"{""type"":""Point"",""coordinates"":[108.50203508969832,14.129870104228747]}",108.50203508969832,14.129870104228747,536.2465193957053
000000000000000008b9,1,553,0.5523202738809261,13,45,"{""type"":""Point"",""coordinates"":[108.50931234261755,14.255991318424412]}",108.50931234261755,14.255991318424412,309.815793381146
000000000000000008c5,1,653,0.767943977489533,13,45,"{""type"":""Point"",""coordinates"":[108.49880224143459,14.049829240319395]}",108.49880224143459,14.049829240319395,516.4473256098432
00000000000000000a24,1,585,0.3036103752123633,13,45,"{""type"":""Point"",""coordinates"":[108.5168571416,14.230119614112317]}",108.5168571416,14.230119614112317,164.14052695952947
00000000000000000c24,1,554,0.3321550539342019,13,45,"{""type"":""Point"",""coordinates"":[108.56778899383244,14.139573108121047]}",108.56778899383244,14.139573108121047,14.344309222760655
00000000000000000672,1,704,0.7606554754135332,15,45,"{""type"":""Point"",""coordinates"":[108.47373763441315,14.17945530794307]}",108.47373763441315,14.17945530794307,137.2871782884008
000000000000000006e8,1,1019,0.5809725545722737,15,45,"{""type"":""Point"",""coordinates"":[108.46619283543073,14.44059810203707]}",108.46619283543073,14.44059810203707,58.32416969973567
00000000000000000bd2,1,563,0.4950467854162806,16,45,"{""type"":""Point"",""coordinates"":[108.50769368893515,14.257609972106813]}",108.50769368893515,14.257609972106813,253.37411676283577
00000000000000000bee,1,581,0.7804976746606542,16,45,"{""type"":""Point"",""coordinates"":[108.5187433413456,14.241441271687018]}",108.5187433413456,14.241441271687018,187.6069672200311
0000000000000000077d,1,717,0.3598236238038426,17,45,"{""type"":""Point"",""coordinates"":[108.64055260482256,14.233896472704588]}",108.64055260482256,14.233896472704588,2732.1676460493313
00000000000000000a1a,1,625,0.4662852154549304,19,45,"{""type"":""Point"",""coordinates"":[108.5386844412566,14.140112659348516]}",108.5386844412566,14.140112659348516,667.3985277556764
0000000000000000065c,1,547,0.519099185818753,20,45,"{""type"":""Point"",""coordinates"":[108.53814489002914,14.206406114710095]}",108.53814489002914,14.206406114710095,458.6467199602585
00000000000000000942,1,812,0.5542516688790063,20,45,"{""type"":""Point"",""coordinates"":[108.42657372257088,14.26569432231671]}",108.42657372257088,14.26569432231671,1311.9307282991913
00000000000000000ac8,1,585,0.145787098813216,21,45,"{""type"":""Point"",""coordinates"":[108.61441335444727,14.125825699573275]}",108.61441335444727,14.125825699573275,252.53243213334954
00000000000000000b71,1,539,0.1374889151263894,21,45,"{""type"":""Point"",""coordinates"":[108.53949599764832,14.198861315727667]}",108.53949599764832,14.198861315727667,992.3171620254393
00000000000000000b7b,1,532,0.7352251710214112,21,45,"{""type"":""Point"",""coordinates"":[108.53949599764832,14.196435564754589]}",108.53949599764832,14.196435564754589,1210.3044123031414
00000000000000000b45,1,557,0.1591923488532201,22,45,"{""type"":""Point"",""coordinates"":[108.55431804954999,14.17487581116118]}",108.55431804954999,14.17487581116118,711.5158873364518
00000000000000000859,1,660,0.0364365353341628,23,45,"{""type"":""Point"",""coordinates"":[108.48344063830547,14.164093704813949]}",108.48344063830547,14.164093704813949,358.29507593499187
0000000000000000085b,1,655,0.6836569846276098,23,45,"{""type"":""Point"",""coordinates"":[108.54704079663075,14.07731959831389]}",108.54704079663075,14.07731959831389,784.744317068558
00000000000000000c35,1,973,0.5605679619315931,24,45,"{""type"":""Point"",""coordinates"":[108.4408606823461,14.397478594850249]}",108.4408606823461,14.397478594850249,387.7141864439042
000000000000000007bc,1,726,0.729898041502395,26,45,"{""type"":""Point"",""coordinates"":[108.44328643331917,14.258149523334282]}",108.44328643331917,14.258149523334282,1074.9631520146509
00000000000000000b21,1,634,0.3842911712423282,34,45,"{""type"":""Point"",""coordinates"":[108.49367873432418,14.278902179637019]}",108.49367873432418,14.278902179637019,454.774664602405
000000000000000009d4,1,549,0.7263389199676286,1,47,"{""type"":""Point"",""coordinates"":[108.52008998986373,14.134721606174898]}",108.52008998986373,14.134721606174898,268.5831740278405
0000000000000000092f,1,758,0.3020813676795671,3,47,"{""type"":""Point"",""coordinates"":[108.60147750229122,14.329566485806268]}",108.60147750229122,14.329566485806268,1988.5847600146678
000000000000000009fb,1,506,0.5343266169697052,3,47,"{""type"":""Point"",""coordinates"":[108.5384168951934,14.201826617928205]}",108.5384168951934,14.201826617928205,817.6376783818347
0000000000000000070f,1,888,0.7626610598990817,5,47,"{""type"":""Point"",""coordinates"":[108.32605220752305,14.326329178441467]}",108.32605220752305,14.326329178441467,344.7824480287933
00000000000000000b97,1,673,0.0270698247069156,6,47,"{""type"":""Point"",""coordinates"":[108.52143663838187,14.240094623168877]}",108.52143663838187,14.240094623168877,677.4681241056064
00000000000000000804,1,758,0.0898611334629435,7,47,"{""type"":""Point"",""coordinates"":[108.51523848791757,14.329566485806268]}",108.51523848791757,14.329566485806268,562.4462670904973
00000000000000000c21,1,709,0.0305160559609005,13,47,"{""type"":""Point"",""coordinates"":[108.49475783677912,14.134182054947429]}",108.49475783677912,14.134182054947429,708.8114823282167
000000000000000009fc,1,860,0.1771564904913113,14,47,"{""type"":""Point"",""coordinates"":[108.56671435047858,14.414726397724976]}",108.56671435047858,14.414726397724976,590.0822907800064
00000000000000000b5c,1,842,0.3583428558683725,15,47,"{""type"":""Point"",""coordinates"":[108.58396215335328,14.411761095524437]}",108.58396215335328,14.411761095524437,341.43119539918
000000000000000006dc,1,543,0.3871760098375809,16,47,"{""type"":""Point"",""coordinates"":[108.53949599764832,14.205327012255163]}",108.53949599764832,14.205327012255163,515.6409100720301
00000000000000000995,1,601,0.5433604778104442,16,47,"{""type"":""Point"",""coordinates"":[108.47751003390437,14.293184680311207]}",108.47751003390437,14.293184680311207,236.52742920104203
000000000000000006e1,1,561,0.2088155643677033,19,47,"{""type"":""Point"",""coordinates"":[108.52898143736431,14.194549365008983]}",108.52898143736431,14.194549365008983,968.0877813612727
0000000000000000073a,1,835,0.0766356673029677,20,47,"{""type"":""Point"",""coordinates"":[108.32281935925928,14.418226792051934]}",108.32281935925928,14.418226792051934,1762.9785749009059
00000000000000000c55,1,600,0.6360304594288998,28,47,"{""type"":""Point"",""coordinates"":[108.62788875783079,14.147657458330947]}",108.62788875783079,14.147657458330947,247.7136630210599
00000000000000000883,1,844,0.421925578259525,5,49,"{""type"":""Point"",""coordinates"":[108.45837603128405,14.19804975933594]}",108.45837603128405,14.19804975933594,993.9493241520003
00000000000000000a5c,1,895,0.2750387477266053,6,49,"{""type"":""Point"",""coordinates"":[108.42819237625328,14.385349839984878]}",108.42819237625328,14.385349839984878,251.5280243428831
00000000000000000c40,1,582,0.5973284043352426,6,49,"{""type"":""Point"",""coordinates"":[108.49206453974283,14.165979904559558]}",108.49206453974283,14.165979904559558,87.22673057116315
00000000000000000695,1,592,0.7631348769360117,7,49,"{""type"":""Point"",""coordinates"":[108.49287163703349,14.167331012178744]}",108.49287163703349,14.167331012178744,250.5202729339364
00000000000000000c62,1,726,0.3605435233878391,7,49,"{""type"":""Point"",""coordinates"":[108.46268798200272,14.305041430012317]}",108.46268798200272,14.305041430012317,966.2432670065073
00000000000000000c3f,1,660,0.6470799939533435,11,49,"{""type"":""Point"",""coordinates"":[108.48855968631483,14.189965409126039]}",108.48855968631483,14.189965409126039,136.86421497443882
00000000000000000696,1,660,0.4500657357013284,12,49,"{""type"":""Point"",""coordinates"":[108.48775258902414,14.241980822914485]}",108.48775258902414,14.241980822914485,166.33550726261734
000000000000000006e2,1,483,0.7331988369894302,12,49,"{""type"":""Point"",""coordinates"":[108.60255660474616,14.016412737024874]}",108.60255660474616,14.016412737024874,681.572322583549
000000000000000009f1,1,989,0.0628963002547301,12,49,"{""type"":""Point"",""coordinates"":[108.44058867718184,14.395320389940382]}",108.44058867718184,14.395320389940382,267.23520403826313
00000000000000000983,1,772,0.0564391575836225,13,49,"{""type"":""Point"",""coordinates"":[108.50607503525276,14.33845793330684]}",108.50607503525276,14.33845793330684,564.8804378753
00000000000000000a3a,1,656,0.1518808868927613,18,49,"{""type"":""Point"",""coordinates"":[108.4408606823461,14.263001025280431]}",108.4408606823461,14.263001025280431,336.5706840282614
00000000000000000858,1,677,0.5481313132148097,20,49,"{""type"":""Point"",""coordinates"":[108.55727889264946,14.06492329738531]}",108.55727889264946,14.06492329738531,614.3151455946924
00000000000000000a29,1,675,0.1261517005769167,29,49,"{""type"":""Point"",""coordinates"":[108.44490062790052,14.259496171852417]}",108.44490062790052,14.259496171852417,936.2760998175461
000000000000000008df,1,713,0.0852395481509209,2,51,"{""type"":""Point"",""coordinates"":[108.55108074218518,14.296957079802416]}",108.55108074218518,14.296957079802416,1760.3050027509025
00000000000000000ac6,1,890,0.3241945226233444,3,51,"{""type"":""Point"",""coordinates"":[108.4909854372879,14.344656083771131]}",108.4909854372879,14.344656083771131,762.3667664954204
00000000000000000af2,1,685,0.0117321207358385,3,51,"{""type"":""Point"",""coordinates"":[108.41848937236097,14.220960620548542]}",108.41848937236097,14.220960620548542,1991.6750113498642
0000000000000000066a,1,723,0.5770367114798906,4,51,"{""type"":""Point"",""coordinates"":[108.47319808318571,14.279169725700225]}",108.47319808318571,14.279169725700225,1050.363456887358
000000000000000008be,1,923,0.1483282051984168,4,51,"{""type"":""Point"",""coordinates"":[108.45055922713735,14.372146441765622]}",108.45055922713735,14.372146441765622,9.930589293206976
000000000000000006f2,1,731,0.5082774760264709,5,51,"{""type"":""Point"",""coordinates"":[108.51308474210876,14.276204423499685]}",108.51308474210876,14.276204423499685,1195.4091788381259
0000000000000000080a,1,544,0.5526899589806737,6,51,"{""type"":""Point"",""coordinates"":[108.51605004430931,14.178915756715597]}",108.51605004430931,14.178915756715597,11.921883137689441
00000000000000000700,1,579,0.7428215834444821,7,51,"{""type"":""Point"",""coordinates"":[108.5252090378731,14.140380205411722]}",108.5252090378731,14.140380205411722,444.73137949803584
00000000000000000967,1,970,0.3066802468390548,7,51,"{""type"":""Point"",""coordinates"":[108.4893667836055,14.50096541209862]}",108.4893667836055,14.50096541209862,147.32114740721366
00000000000000000ae6,1,852,0.3532276050693825,8,51,"{""type"":""Point"",""coordinates"":[108.56617479925109,14.360289692064512]}",108.56617479925109,14.360289692064512,44.43228107534857
00000000000000000797,1,848,0.4186772617263132,9,51,"{""type"":""Point"",""coordinates"":[108.48398018953291,14.323096330177716]}",108.48398018953291,14.323096330177716,724.9719041886441
000000000000000009df,1,1015,0.5549168333063246,10,51,"{""type"":""Point"",""coordinates"":[108.44004912595439,14.393166644131568]}",108.44004912595439,14.393166644131568,47.3732261806425
00000000000000000b78,1,540,0.1377099087593073,11,51,"{""type"":""Point"",""coordinates"":[108.61683910542034,14.025036638462238]}",108.61683910542034,14.025036638462238,126.70269572055521
00000000000000000b7c,1,598,0.0091370922146445,11,51,"{""type"":""Point"",""coordinates"":[108.49044588606041,14.155202257313375]}",108.49044588606041,14.155202257313375,407.9108151991161
00000000000000000bae,1,683,0.5106736917458162,11,51,"{""type"":""Point"",""coordinates"":[108.49017833999721,14.235510667285936]}",108.49017833999721,14.235510667285936,692.4960113230283
00000000000000000c41,1,960,0.2668427605698414,11,51,"{""type"":""Point"",""coordinates"":[108.43978157989118,14.399632340659066]}",108.43978157989118,14.399632340659066,276.0584408188316
00000000000000000707,1,719,0.504697555565069,12,51,"{""type"":""Point"",""coordinates"":[108.41525652409723,14.207752763228235]}",108.41525652409723,14.207752763228235,3054.444948957516
0000000000000000071c,1,950,0.5118153061953556,12,51,"{""type"":""Point"",""coordinates"":[108.42280132307964,14.396671497559577]}",108.42280132307964,14.396671497559577,752.3262111102839
000000000000000007d1,1,616,0.6995516194906815,12,51,"{""type"":""Point"",""coordinates"":[108.50769368893515,14.164365709978206]}",108.50769368893515,14.164365709978206,111.46925882787858
000000000000000009d0,1,581,0.0626120793693948,13,51,"{""type"":""Point"",""coordinates"":[108.52440194058242,14.134182054947429]}",108.52440194058242,14.134182054947429,491.2326330900842
00000000000000000919,1,772,0.3174995389904104,15,51,"{""type"":""Point"",""coordinates"":[108.46214843077526,14.223921463648031]}",108.46214843077526,14.223921463648031,4.602831635639011
00000000000000000841,1,598,0.2652893129275725,16,51,"{""type"":""Point"",""coordinates"":[108.5252090378731,14.134182054947429]}",108.5252090378731,14.134182054947429,556.6816062710426
00000000000000000948,1,718,0.752535478743549,16,51,"{""type"":""Point"",""coordinates"":[108.42468752282525,14.226619219785364]}",108.42468752282525,14.226619219785364,1225.055323729831
00000000000000000820,1,756,0.7732460195620773,17,51,"{""type"":""Point"",""coordinates"":[108.47400518047637,14.182960161371076]}",108.47400518047637,14.182960161371076,490.74386105074535
00000000000000000a3d,1,818,0.14986224949865,17,51,"{""type"":""Point"",""coordinates"":[108.49287163703349,14.320403033141435]}",108.49287163703349,14.320403033141435,1336.3964915272684
000000000000000006f4,1,858,0.7668462783166662,18,51,"{""type"":""Point"",""coordinates"":[108.4408606823461,14.235782672450197]}",108.4408606823461,14.235782672450197,471.1135451841388
00000000000000000c02,1,914,0.6597585864679428,18,51,"{""type"":""Point"",""coordinates"":[108.42441997676204,14.389661790703556]}",108.42441997676204,14.389661790703556,85.66953138442324
000000000000000006da,1,555,0.3150178547495814,19,51,"{""type"":""Point"",""coordinates"":[108.51119854236318,14.186193009634824]}",108.51119854236318,14.186193009634824,917.3365252670743
000000000000000007f2,1,644,0.108345116769279,20,51,"{""type"":""Point"",""coordinates"":[108.43304387819943,14.264887225026039]}",108.43304387819943,14.264887225026039,613.0102713562995
00000000000000000b9e,1,575,0.1732878927807963,20,51,"{""type"":""Point"",""coordinates"":[108.52440194058241,14.193737808617254]}",108.52440194058241,14.193737808617254,886.6215153112763
00000000000000000681,1,603,0.6026485662351284,21,51,"{""type"":""Point"",""coordinates"":[108.5044608406714,14.242520374141952]}",108.5044608406714,14.242520374141952,720.632418041463
000000000000000006fa,1,643,0.0002220180412086936,21,51,"{""type"":""Point"",""coordinates"":[108.43573717523569,14.265966327480973]}",108.43573717523569,14.265966327480973,331.0284278421463
00000000000000000717,1,592,0.118485787513581,24,51,"{""type"":""Point"",""coordinates"":[108.53518404692966,14.22392146364803]}",108.53518404692966,14.22392146364803,213.7643618099789
000000000000000007cd,1,874,0.6509028270949377,26,51,"{""type"":""Point"",""coordinates"":[108.4419353257,14.237936418259011]}",108.4419353257,14.237936418259011,310.72969698381263
000000000000000008d5,1,770,0.7970657002740024,1,52,"{""type"":""Point"",""coordinates"":[108.4408606823461,14.258689074561747]}",108.4408606823461,14.258689074561747,761.1226538653095
00000000000000000949,1,760,0.4548324612532297,4,52,"{""type"":""Point"",""coordinates"":[108.50931234261755,14.337378830851907]}",108.50931234261755,14.337378830851907,211.43059912443064
00000000000000000844,1,509,0.0323495340276408,5,52,"{""type"":""Point"",""coordinates"":[108.54003108977474,14.157356003122189]}",108.54003108977474,14.157356003122189,43.55010198455154
00000000000000000a57,1,898,0.7781547542554182,5,52,"{""type"":""Point"",""coordinates"":[108.47562383415878,14.370260242020015]}",108.47562383415878,14.370260242020015,2518.042141870457
00000000000000000b6e,1,806,0.6239426501693044,6,52,"{""type"":""Point"",""coordinates"":[108.45083123230162,14.206138568646887]}",108.45083123230162,14.206138568646887,106.32922650048474
00000000000000000c16,1,579,0.1667757285830551,6,52,"{""type"":""Point"",""coordinates"":[108.49179253457856,14.162207505068338]}",108.49179253457856,14.162207505068338,237.07809458788495
000000000000000007ad,1,511,0.7139584236692575,7,52,"{""type"":""Point"",""coordinates"":[108.57156585242471,14.118280900590841]}",108.57156585242471,14.118280900590841,75.1648384995779
00000000000000000809,1,603,0.0828356998147979,7,52,"{""type"":""Point"",""coordinates"":[108.44247487692745,14.269466721807929]}",108.44247487692745,14.269466721807929,303.74418754076504
00000000000000000775,1,606,0.7056099501354607,8,52,"{""type"":""Point"",""coordinates"":[108.44274688209173,14.269466721807929]}",108.44274688209173,14.269466721807929,332.876172234153
00000000000000000b3a,1,916,0.499838497456696,8,52,"{""type"":""Point"",""coordinates"":[108.5206295410912,14.350586688172218]}",108.5206295410912,14.350586688172218,2304.630074200933
000000000000000009a5,1,609,0.1721577357255399,11,52,"{""type"":""Point"",""coordinates"":[108.55000609883129,14.129063006938074]}",108.55000609883129,14.129063006938074,199.40585905771587
0000000000000000098c,1,728,0.2422176594093572,12,52,"{""type"":""Point"",""coordinates"":[108.47023278098516,14.198861315727664]}",108.47023278098516,14.198861315727664,120.61104421585499
00000000000000000bb2,1,554,0.5763080571426343,15,52,"{""type"":""Point"",""coordinates"":[108.51793624405491,14.242248368977695]}",108.51793624405491,14.242248368977695,65.19675016396421
00000000000000000b84,1,550,0.2545440921161807,16,52,"{""type"":""Point"",""coordinates"":[108.51577803914505,14.178648210652396]}",108.51577803914505,14.178648210652396,34.277530087664125
000000000000000009ea,1,763,0.3902421428366601,17,52,"{""type"":""Point"",""coordinates"":[108.49933733356099,14.33845793330684]}",108.49933733356099,14.33845793330684,1804.0025579221385
00000000000000000a1b,1,739,0.7115962123211459,17,52,"{""type"":""Point"",""coordinates"":[108.4551431830203,14.253837572615598]}",108.4551431830203,14.253837572615598,16.154044582025843
00000000000000000ae1,1,904,0.7491953965367665,17,52,"{""type"":""Point"",""coordinates"":[108.41606362138789,14.387775590957952]}",108.41606362138789,14.387775590957952,999.2138881063653
000000000000000007bb,1,804,0.5508881465642567,18,52,"{""type"":""Point"",""coordinates"":[108.45137078352907,14.20721321200077]}",108.45137078352907,14.20721321200077,238.8137139684681
000000000000000008f2,1,603,0.6183914160959231,20,52,"{""type"":""Point"",""coordinates"":[108.48370818436867,14.149543658076553]}",108.48370818436867,14.149543658076553,123.82824498916983
000000000000000007aa,1,926,0.1245938608425121,25,52,"{""type"":""Point"",""coordinates"":[108.43250432697195,14.382384537784338]}",108.43250432697195,14.382384537784338,346.3154905339015
00000000000000000b79,1,578,0.4384246466328579,25,52,"{""type"":""Point"",""coordinates"":[108.52251574083681,14.19940086695513]}",108.52251574083681,14.19940086695513,244.54583815424974
000000000000000007c0,1,865,0.5519624777079849,3,54,"{""type"":""Point"",""coordinates"":[108.62034395884837,14.378072587065656]}",108.62034395884837,14.378072587065656,178.81606327651696
0000000000000000080c,1,564,0.4367562609179248,4,54,"{""type"":""Point"",""coordinates"":[108.49799068504285,14.14226640515733]}",108.49799068504285,14.14226640515733,429.541459964825
00000000000000000761,1,680,0.2591152915860351,5,54,"{""type"":""Point"",""coordinates"":[108.42441997676204,14.224461014875498]}",108.42441997676204,14.224461014875498,1274.0621674282086
000000000000000009b5,1,767,0.6389562113292118,5,54,"{""type"":""Point"",""coordinates"":[108.46376708445766,14.201826617928205]}",108.46376708445766,14.201826617928205,265.46990275455005
000000000000000008b6,1,951,0.2897183191034207,7,54,"{""type"":""Point"",""coordinates"":[108.50769368893515,14.355977741345828]}",108.50769368893515,14.355977741345828,1384.4836551304302
00000000000000000c04,1,662,0.3293100974394202,7,54,"{""type"":""Point"",""coordinates"":[108.47858913635932,14.174603805996918]}",108.47858913635932,14.174603805996918,412.444327608403
00000000000000000a0e,1,553,0.0502597705790263,8,54,"{""type"":""Point"",""coordinates"":[108.5025746409258,14.14388505883973]}",108.5025746409258,14.14388505883973,311.0612182992829
00000000000000000c72,1,865,0.5817219102563032,8,54,"{""type"":""Point"",""coordinates"":[108.45244542688296,14.375379290029372]}",108.45244542688296,14.375379290029372,313.8418168174609
00000000000000000bb0,1,607,0.290442914354595,9,54,"{""type"":""Point"",""coordinates"":[108.50634704041703,14.17137095773317]}",108.50634704041703,14.17137095773317,547.4356589588551
00000000000000000aba,1,732,0.7611800570989522,10,54,"{""type"":""Point"",""coordinates"":[108.4139098755791,14.206673660773301]}",108.4139098755791,14.206673660773301,3242.677734702089
00000000000000000c45,1,855,0.5856476260069092,11,54,"{""type"":""Point"",""coordinates"":[108.48936678360549,14.35112623939968]}",108.48936678360549,14.35112623939968,173.724846963189
00000000000000000c06,1,872,0.3768374023491415,12,54,"{""type"":""Point"",""coordinates"":[108.4408606823461,14.380498338038727]}",108.4408606823461,14.380498338038727,317.29410969881724
00000000000000000b6a,1,1142,0.597427931323807,13,54,"{""type"":""Point"",""coordinates"":[108.43681627769064,14.497193012607406]}",108.43681627769064,14.497193012607406,1457.8126974803788
00000000000000000b0f,1,669,0.7274199021892317,14,54,"{""type"":""Point"",""coordinates"":[108.45406408056537,14.317170184877689]}",108.45406408056537,14.317170184877689,511.9183992565599
00000000000000000c70,1,560,0.1144832611092702,15,54,"{""type"":""Point"",""coordinates"":[108.5168571416,14.147117907103476]}",108.5168571416,14.147117907103476,157.85364140692764
000000000000000008b8,1,655,0.2768788867818326,16,54,"{""type"":""Point"",""coordinates"":[108.47804958513184,14.195896013527124]}",108.47804958513184,14.195896013527124,28.661026971314563
00000000000000000731,1,776,0.4596881960959792,19,54,"{""type"":""Point"",""coordinates"":[108.51173809359062,14.323907886569447]}",108.51173809359062,14.323907886569447,818.0768734604095
00000000000000000a59,1,599,0.0913983743317189,21,54,"{""type"":""Point"",""coordinates"":[108.53814489002914,14.10453795114412]}",108.53814489002914,14.10453795114412,465.0657958645636
00000000000000000954,1,574,0.2460154981706093,22,54,"{""type"":""Point"",""coordinates"":[108.5128127369445,14.19347026255405]}",108.5128127369445,14.19347026255405,974.3871491176598
00000000000000000971,1,552,0.1349578875641101,24,54,"{""type"":""Point"",""coordinates"":[108.55620424929559,14.153855608795237]}",108.55620424929559,14.153855608795237,634.4453146458931
00000000000000000b5f,1,728,0.0646564352706381,24,54,"{""type"":""Point"",""coordinates"":[108.56240239975988,14.277823077182084]}",108.56240239975988,14.277823077182084,83.29104435767343
00000000000000000ada,1,701,0.2471279670196429,33,54,"{""type"":""Point"",""coordinates"":[108.46565328420327,14.307467180985393]}",108.46565328420327,14.307467180985393,561.3933019516714
00000000000000000706,1,712,0.3696285042676694,3,55,"{""type"":""Point"",""coordinates"":[108.55431804954998,14.296685074638159]}",108.55431804954998,14.296685074638159,1959.182296825919
00000000000000000b2d,1,728,0.2148929777674966,3,55,"{""type"":""Point"",""coordinates"":[108.4651137329758,14.273511126463399]}",108.4651137329758,14.273511126463399,1168.2287675716668
00000000000000000823,1,518,0.0035807223723985,4,55,"{""type"":""Point"",""coordinates"":[108.53383293931044,14.182960161371076]}",108.53383293931044,14.182960161371076,657.491998177462
0000000000000000074e,1,841,0.4576285248234233,6,55,"{""type"":""Point"",""coordinates"":[108.32955706095105,14.361903886645859]}",108.32955706095105,14.361903886645859,413.7939312127877
000000000000000007dc,1,749,0.6299986524202313,6,55,"{""type"":""Point"",""coordinates"":[108.5128127369445,14.33064112916015]}",108.5128127369445,14.33064112916015,277.6060956880549
00000000000000000758,1,573,0.4103890283706024,7,55,"{""type"":""Point"",""coordinates"":[108.50688659164447,14.130137650291957]}",108.50688659164447,14.130137650291957,661.9144817573165
00000000000000000c4a,1,673,0.3312820386030032,7,55,"{""type"":""Point"",""coordinates"":[108.4276528250258,14.222574815129887]}",108.4276528250258,14.222574815129887,1003.5800605340347
00000000000000000a48,1,574,0.2796202176844891,9,55,"{""type"":""Point"",""coordinates"":[108.48640148140495,14.29561043128428]}",108.48640148140495,14.29561043128428,739.8480024768724
00000000000000000a9b,1,675,0.1268898758999779,9,55,"{""type"":""Point"",""coordinates"":[108.42549907921698,14.220688615384281]}",108.42549907921698,14.220688615384281,1306.814832785041
00000000000000000c4e,1,1017,0.3064071297313189,9,55,"{""type"":""Point"",""coordinates"":[108.45001967590987,14.407716690868961]}",108.45001967590987,14.407716690868961,447.56829405300283
0000000000000000090b,1,772,0.6594443124909353,10,55,"{""type"":""Point"",""coordinates"":[108.46268798200272,14.22419346881229]}",108.46268798200272,14.22419346881229,17.770457660361174
00000000000000000bfb,1,513,0.1154905490472743,10,55,"{""type"":""Point"",""coordinates"":[108.54622924023903,14.037165393327609]}",108.54622924023903,14.037165393327609,1147.6434975549223
00000000000000000812,1,879,0.6734349988880155,11,55,"{""type"":""Point"",""coordinates"":[108.43627672646318,14.37430018757444]}",108.43627672646318,14.37430018757444,739.6401719374845
00000000000000000a25,1,531,0.7731736137237095,12,55,"{""type"":""Point"",""coordinates"":[108.5187433413456,14.182960161371076]}",108.5187433413456,14.182960161371076,500.2030793343298
00000000000000000726,1,567,0.3457447422202506,13,55,"{""type"":""Point"",""coordinates"":[108.5128127369445,14.192930711326582]}",108.5128127369445,14.192930711326582,1033.9542692632651
00000000000000000a10,1,949,0.3674510032300846,14,55,"{""type"":""Point"",""coordinates"":[108.41984047998017,14.265966327480971]}",108.41984047998017,14.265966327480971,2040.0647906417926
00000000000000000bc4,1,548,0.2627511994425305,15,55,"{""type"":""Point"",""coordinates"":[108.55512514684065,14.14388505883973]}",108.55512514684065,14.14388505883973,423.2205323961794
00000000000000000819,1,629,0.4369929147295441,16,55,"{""type"":""Point"",""coordinates"":[108.48424773559613,14.15762800828645]}",108.48424773559613,14.15762800828645,641.588857337573
00000000000000000a50,1,974,0.2983925845127256,17,55,"{""type"":""Point"",""coordinates"":[108.43223678090874,14.396399492395316]}",108.43223678090874,14.396399492395316,587.0614067854444
00000000000000000978,1,947,0.6141732480660841,18,55,"{""type"":""Point"",""coordinates"":[108.44409353060985,14.380230791975523]}",108.44409353060985,14.380230791975523,201.74914891549827
000000000000000008c9,1,901,0.6779852063364077,20,55,"{""type"":""Point"",""coordinates"":[108.4516383295923,14.372953539056297]}",108.4516383295923,14.372953539056297,122.19505071522114
00000000000000000951,1,587,0.6131883288781149,20,55,"{""type"":""Point"",""coordinates"":[108.5128127369445,14.21503001614746]}",108.5128127369445,14.21503001614746,148.6516956702121
00000000000000000b8c,1,578,0.7692389552425942,20,55,"{""type"":""Point"",""coordinates"":[108.51847133618134,14.213950913692525]}",108.51847133618134,14.213950913692525,106.29607958380662
00000000000000000aea,1,962,0.4745407565415463,21,55,"{""type"":""Point"",""coordinates"":[108.42388042553458,14.391547990449167]}",108.42388042553458,14.391547990449167,188.5860712516045
00000000000000000b98,1,891,0.3968475529056773,22,55,"{""type"":""Point"",""coordinates"":[108.56024419485001,14.420652543025009]}",108.56024419485001,14.420652543025009,12.973237561259204
000000000000000007f5,1,999,0.1498609332693128,24,55,"{""type"":""Point"",""coordinates"":[108.44436107667306,14.422810747934877]}",108.44436107667306,14.422810747934877,81.03233752665993
00000000000000000966,1,561,0.699539631117122,24,55,"{""type"":""Point"",""coordinates"":[108.54138219739394,14.203173266446344]}",108.54138219739394,14.203173266446344,486.86034519086195
00000000000000000bf6,1,744,0.096310796525707,25,55,"{""type"":""Point"",""coordinates"":[108.43654873162743,14.276743974727152]}",108.43654873162743,14.276743974727152,522.4859253536077
00000000000000000a37,1,644,0.177609844365016,27,55,"{""type"":""Point"",""coordinates"":[108.51362429333624,14.177301562134256]}",108.51362429333624,14.177301562134256,157.79231300045498
000000000000000007b9,1,846,0.2947211988607029,4,56,"{""type"":""Point"",""coordinates"":[108.51065899113568,14.346002732289275]}",108.51065899113568,14.346002732289275,856.8860554251158
00000000000000000683,1,617,0.3443283022724642,5,56,"{""type"":""Point"",""coordinates"":[108.44409353060985,14.269466721807927]}",108.44409353060985,14.269466721807927,474.6536974497336
000000000000000007a1,1,616,0.0157523728064371,5,56,"{""type"":""Point"",""coordinates"":[108.4710443373769,14.150083209304022]}",108.4710443373769,14.150083209304022,46.65724263896328
000000000000000007b1,1,607,0.6233652651748337,9,56,"{""type"":""Point"",""coordinates"":[108.55027364489452,14.067884140484798]}",108.55027364489452,14.067884140484798,1373.7310708345099
000000000000000008e7,1,536,0.0499068733016555,9,56,"{""type"":""Point"",""coordinates"":[108.50823324016261,14.145231707357869]}",108.50823324016261,14.145231707357869,170.36439760188622
00000000000000000a19,1,1040,0.3837115698898177,9,56,"{""type"":""Point"",""coordinates"":[108.40178112071371,14.411221544296971]}",108.40178112071371,14.411221544296971,3744.42667495208
00000000000000000874,1,515,0.1572715142984507,12,56,"{""type"":""Point"",""coordinates"":[108.59770510280002,14.161400407777665]}",108.59770510280002,14.161400407777665,77.00283224634194
000000000000000006ef,1,960,0.2035170193328332,14,56,"{""type"":""Point"",""coordinates"":[108.44651928158292,14.394245746586504]}",108.44651928158292,14.394245746586504,567.1738700883769
00000000000000000a8c,1,849,0.1738763001529388,14,56,"{""type"":""Point"",""coordinates"":[108.58180394844344,14.414726397724976]}",108.58180394844344,14.414726397724976,43.47178439836254
00000000000000000735,1,564,0.2766216283344375,18,56,"{""type"":""Point"",""coordinates"":[108.52844634523788,14.18376725866175]}",108.52844634523788,14.18376725866175,383.3589761863813
00000000000000000689,1,1033,0.0462975562953031,19,56,"{""type"":""Point"",""coordinates"":[108.44355397938239,14.422271196707413]}",108.44355397938239,14.422271196707413,3.2650484677949505
000000000000000007b2,1,1085,0.6182909825391468,20,56,"{""type"":""Point"",""coordinates"":[108.3901919170758,14.420117450898594]}",108.3901919170758,14.420117450898594,1362.6713296996388
00000000000000000c6d,1,745,0.2137475437028244,27,56,"{""type"":""Point"",""coordinates"":[108.4715794295033,14.1789157567156]}",108.4715794295033,14.1789157567156,233.764734401222
00000000000000000703,1,848,0.7216384411616009,1,58,"{""type"":""Point"",""coordinates"":[108.57506624675167,14.376186387320047]}",108.57506624675167,14.376186387320047,894.2928517983837
0000000000000000095c,1,596,0.664778831376423,1,58,"{""type"":""Point"",""coordinates"":[108.44112822840931,14.278090623245289]}",108.44112822840931,14.278090623245289,74.24732805222979
0000000000000000078e,1,880,0.32939631478138,3,58,"{""type"":""Point"",""coordinates"":[108.41876137752524,14.386696488503016]}",108.41876137752524,14.386696488503016,775.7976048130956
00000000000000000c22,1,522,0.7564571448452238,3,58,"{""type"":""Point"",""coordinates"":[108.51362429333624,14.224733020039757]}",108.51362429333624,14.224733020039757,129.924662812734
00000000000000000654,1,682,0.0936788044626246,4,58,"{""type"":""Point"",""coordinates"":[108.42441997676204,14.224733020039757]}",108.42441997676204,14.224733020039757,1269.0684500073655
00000000000000000666,1,674,0.0549910765438519,4,58,"{""type"":""Point"",""coordinates"":[108.48559438411426,14.233896472704588]}",108.48559438411426,14.233896472704588,171.3518767445673
00000000000000000b33,1,874,0.4023572173439154,6,58,"{""type"":""Point"",""coordinates"":[108.43439052671755,14.387508044894746]}",108.43439052671755,14.387508044894746,148.5985533251715
00000000000000000895,1,780,0.3043654720985147,7,58,"{""type"":""Point"",""coordinates"":[108.46106932832032,14.207752763228239]}",108.46106932832032,14.207752763228239,52.93831773411204
00000000000000000ab0,1,756,0.0066230602862685,7,58,"{""type"":""Point"",""coordinates"":[108.50850078622584,14.333606431360693]}",108.50850078622584,14.333606431360693,197.0194604523775
0000000000000000068f,1,561,0.7066997530760586,8,58,"{""type"":""Point"",""coordinates"":[108.51415938546266,14.185118366280944]}",108.51415938546266,14.185118366280944,668.814187678479
00000000000000000a7e,1,770,0.5215505232546844,8,58,"{""type"":""Point"",""coordinates"":[108.62600255808518,14.308813829503528]}",108.62600255808518,14.308813829503528,2232.1882764551865
00000000000000000694,1,748,0.423108446422592,9,58,"{""type"":""Point"",""coordinates"":[108.58099685115276,14.292105577856269]}",108.58099685115276,14.292105577856269,155.02460199164838
0000000000000000082e,1,528,0.1507759778058217,10,58,"{""type"":""Point"",""coordinates"":[108.53491204176538,14.15466270608591]}",108.53491204176538,14.15466270608591,523.1276169901839
000000000000000009cd,1,540,0.6202963434936382,11,58,"{""type"":""Point"",""coordinates"":[108.52413439451922,14.199940418182598]}",108.52413439451922,14.199940418182598,170.28914086946725
00000000000000000a27,1,573,0.3708524230354362,11,58,"{""type"":""Point"",""coordinates"":[108.49745113381537,14.145771258585338]}",108.49745113381537,14.145771258585338,610.249698263462
00000000000000000c59,1,650,0.7519820180203527,12,58,"{""type"":""Point"",""coordinates"":[108.52386238935496,14.236589769740869]}",108.52386238935496,14.236589769740869,884.8455591523297
000000000000000006d6,1,1114,0.784628857269451,14,58,"{""type"":""Point"",""coordinates"":[108.38641951758459,14.441944750555212]}",108.38641951758459,14.441944750555212,852.19819234887
0000000000000000081f,1,568,0.6355598412569067,16,58,"{""type"":""Point"",""coordinates"":[108.55701134658628,14.068423691712265]}",108.55701134658628,14.068423691712265,1372.9223787490994
000000000000000006a8,1,578,0.0935718459859175,17,58,"{""type"":""Point"",""coordinates"":[108.45460363179284,14.288333178365056]}",108.45460363179284,14.288333178365056,221.65452819983142
00000000000000000813,1,690,0.5922221890574362,17,58,"{""type"":""Point"",""coordinates"":[108.47562383415878,14.181881058916138]}",108.47562383415878,14.181881058916138,305.9027315986189
00000000000000000acc,1,533,0.0042174310421095,17,58,"{""type"":""Point"",""coordinates"":[108.51766423889066,14.17918776187986]}",108.51766423889066,14.17918776187986,164.9733446719973
00000000000000000c5e,1,892,0.1759656693640946,19,58,"{""type"":""Point"",""coordinates"":[108.41606362138789,14.386156937275553]}",108.41606362138789,14.386156937275553,1061.9069924727578
0000000000000000070d,1,608,0.7277136575035236,21,58,"{""type"":""Point"",""coordinates"":[108.50661458648021,14.216109118602393]}",108.50661458648021,14.216109118602393,287.1743656761343
00000000000000000818,1,737,0.3608274129058955,23,58,"{""type"":""Point"",""coordinates"":[108.43331142426263,14.254105118678806]}",108.43331142426263,14.254105118678806,1363.394476460623
000000000000000008e8,1,1167,0.3080350500777962,23,58,"{""type"":""Point"",""coordinates"":[108.4373558289181,14.506624011335447]}",108.4373558289181,14.506624011335447,652.3300201186707
00000000000000000a3f,1,697,0.2742559892250059,24,58,"{""type"":""Point"",""coordinates"":[108.48155443855985,14.159781754095265]}",108.48155443855985,14.159781754095265,797.3640610363738
00000000000000000b93,1,591,0.31249036314078,25,58,"{""type"":""Point"",""coordinates"":[108.55674380052305,14.067884140484798]}",108.55674380052305,14.067884140484798,1397.9394454422181
0000000000000000068c,1,571,0.5413812793208556,27,58,"{""type"":""Point"",""coordinates"":[108.5699471987423,14.124479051055134]}",108.5699471987423,14.124479051055134,677.6696336934191
000000000000000006a7,1,1044,0.7307294131609386,30,58,"{""type"":""Point"",""coordinates"":[108.32012606222301,14.35921058960958]}",108.32012606222301,14.35921058960958,1101.3476111546283
00000000000000000ad2,1,745,0.0706533721257417,3,59,"{""type"":""Point"",""coordinates"":[108.47265853195823,14.180806415562262]}",108.47265853195823,14.180806415562262,327.00819229974417
00000000000000000b02,1,720,0.4139711461734568,3,59,"{""type"":""Point"",""coordinates"":[108.47993578487744,14.251679367705732]}",108.47993578487744,14.251679367705732,131.82978280647805
00000000000000000bc8,1,709,0.3602823853577437,3,59,"{""type"":""Point"",""coordinates"":[108.5306000910467,14.273239121299143]}",108.5306000910467,14.273239121299143,238.50121847381274
000000000000000009f7,1,979,0.3872753538578656,6,59,"{""type"":""Point"",""coordinates"":[108.49691158258793,14.490455310915648]}",108.49691158258793,14.490455310915648,47.572732109867566
000000000000000008c2,1,964,0.7410452709033389,7,59,"{""type"":""Point"",""coordinates"":[108.46403463052086,14.390468887994235]}",108.46403463052086,14.390468887994235,133.4003835524906
00000000000000000c27,1,969,0.4812769651450278,8,59,"{""type"":""Point"",""coordinates"":[108.41363787041483,14.393166644131568]}",108.41363787041483,14.393166644131568,1266.6463525572033
00000000000000000993,1,867,0.5574744938330011,9,59,"{""type"":""Point"",""coordinates"":[108.54138219739394,14.340076586989241]}",108.54138219739394,14.340076586989241,41.0492320738782
000000000000000006e6,1,828,0.3594352490437076,10,59,"{""type"":""Point"",""coordinates"":[108.47966823881426,14.285367876164516]}",108.47966823881426,14.285367876164516,1858.957205869755
00000000000000000964,1,544,0.0877444494034463,15,59,"{""type"":""Point"",""coordinates"":[108.5125451908813,14.2457532224057]}",108.5125451908813,14.2457532224057,201.22708748409434
00000000000000000a26,1,538,0.4189518646784098,15,59,"{""type"":""Point"",""coordinates"":[108.55781844387694,14.19158406280844]}",108.55781844387694,14.19158406280844,317.2324510330748
00000000000000000a4b,1,713,0.5024640947982992,19,59,"{""type"":""Point"",""coordinates"":[108.42415243069885,14.226079668557897]}",108.42415243069885,14.226079668557897,1283.6498784841065
00000000000000000ba7,1,618,0.7261987832994072,22,59,"{""type"":""Point"",""coordinates"":[108.51443139062691,14.176222459679321]}",108.51443139062691,14.176222459679321,69.57017529837923
000000000000000006a0,1,702,0.1568505801982787,23,59,"{""type"":""Point"",""coordinates"":[108.42495952798951,14.227426317076038]}",108.42495952798951,14.227426317076038,1199.9933871501669
00000000000000000b2c,1,913,0.285046024429994,23,59,"{""type"":""Point"",""coordinates"":[108.43412298065434,14.36972069079255]}",108.43412298065434,14.36972069079255,1292.320273664499
00000000000000000c36,1,738,0.2201397432357088,26,59,"{""type"":""Point"",""coordinates"":[108.42468752282525,14.216109118602393]}",108.42468752282525,14.216109118602393,1680.9209542300005
0000000000000000069b,1,709,0.0747667895281951,6,62,"{""type"":""Point"",""coordinates"":[108.41471697286975,14.211257616656246]}",108.41471697286975,14.211257616656246,2855.28589883944
00000000000000000b49,1,681,0.6495179950352291,6,62,"{""type"":""Point"",""coordinates"":[108.42522707405271,14.220149064156816]}",108.42522707405271,14.220149064156816,1362.3573971221358
000000000000000007b6,1,550,0.2218381839227716,9,62,"{""type"":""Point"",""coordinates"":[108.5125451908813,14.186193009634824]}",108.5125451908813,14.186193009634824,844.1156876119982
000000000000000006d7,1,566,0.056125387832549,10,62,"{""type"":""Point"",""coordinates"":[108.52143663838187,14.194009813781514]}",108.52143663838187,14.194009813781514,852.2439825139902
00000000000000000b3c,1,774,0.3452397805986862,10,62,"{""type"":""Point"",""coordinates"":[108.50796123499835,14.336571733561236]}",108.50796123499835,14.336571733561236,293.5253303226375
00000000000000000688,1,816,0.0743238333507978,11,62,"{""type"":""Point"",""coordinates"":[108.49287163703349,14.320131027977176]}",108.49287163703349,14.320131027977176,1310.81240216697
000000000000000009f2,1,757,0.4928820856327356,11,62,"{""type"":""Point"",""coordinates"":[108.44786593010106,14.248178973378776]}",108.44786593010106,14.248178973378776,425.0863781731122
000000000000000007fe,1,791,0.0966221505838883,12,62,"{""type"":""Point"",""coordinates"":[108.45433162662857,14.203440812509553]}",108.45433162662857,14.203440812509553,120.45203482706889
0000000000000000084f,1,987,0.6175079406911773,12,62,"{""type"":""Point"",""coordinates"":[108.43493007794503,14.398557697305185]}",108.43493007794503,14.398557697305185,243.22546444778772
000000000000000009be,1,758,0.067453780084034,13,62,"{""type"":""Point"",""coordinates"":[108.46430663568512,14.235782672450194]}",108.46430663568512,14.235782672450194,193.0284948797089
00000000000000000a08,1,754,0.0671779068009487,13,62,"{""type"":""Point"",""coordinates"":[108.47966823881426,14.24548121724144]}",108.47966823881426,14.24548121724144,723.5675526038168
00000000000000000b4b,1,699,0.439421201521421,15,62,"{""type"":""Point"",""coordinates"":[108.47481673686809,14.181341507688677]}",108.47481673686809,14.181341507688677,292.18608399466143
00000000000000000927,1,759,0.7623161856222761,16,62,"{""type"":""Point"",""coordinates"":[108.49610448529725,14.3387299384711]}",108.49610448529725,14.3387299384711,1471.6590653722385
00000000000000000768,1,541,0.3072731375856719,21,62,"{""type"":""Point"",""coordinates"":[108.57937819747035,14.162479510232597]}",108.57937819747035,14.162479510232597,246.12684112864042
00000000000000000b08,1,707,0.6400046356713582,24,62,"{""type"":""Point"",""coordinates"":[108.42495952798951,14.226619219785361]}",108.42495952798951,14.226619219785361,1195.6624288008552
00000000000000000896,1,816,0.1142231725709725,30,62,"{""type"":""Point"",""coordinates"":[108.50850078622584,14.103730853853445]}",108.50850078622584,14.103730853853445,2975.027821181549
00000000000000000866,1,1117,0.7424407591220017,3,68,"{""type"":""Point"",""coordinates"":[108.37806762131147,14.478059009987074]}",108.37806762131147,14.478059009987074,1869.4681429137297
00000000000000000afb,1,692,0.7556431821305676,3,68,"{""type"":""Point"",""coordinates"":[108.55081319612196,14.293724231538672]}",108.55081319612196,14.293724231538672,1538.1804006010796
000000000000000006e3,1,1063,0.1607276468777604,6,68,"{""type"":""Point"",""coordinates"":[108.42441997676204,14.363790086391466]}",108.42441997676204,14.363790086391466,2381.735195589977
00000000000000000a40,1,960,0.512079034902978,7,68,"{""type"":""Point"",""coordinates"":[108.44490062790052,14.416880143533794]}",108.44490062790052,14.416880143533794,383.4199127898702
00000000000000000a02,1,549,0.451287127052343,10,68,"{""type"":""Point"",""coordinates"":[108.5324862907923,14.181341507688677]}",108.5324862907923,14.181341507688677,455.4213204348397
0000000000000000073c,1,603,0.6797753716288298,11,68,"{""type"":""Point"",""coordinates"":[108.48586638927854,14.153048511504561]}",108.48586638927854,14.153048511504561,331.1906606833464
0000000000000000066b,1,729,0.2633507134650977,12,68,"{""type"":""Point"",""coordinates"":[108.4767029366137,14.27970927692769]}",108.4767029366137,14.27970927692769,907.1413755456553
00000000000000000856,1,560,0.2657361900856442,13,68,"{""type"":""Point"",""coordinates"":[108.51577803914505,14.177301562134256]}",108.51577803914505,14.177301562134256,40.251749607494475
0000000000000000091f,1,867,0.685813830722817,14,68,"{""type"":""Point"",""coordinates"":[108.49367873432418,14.346002732289275]}",108.49367873432418,14.346002732289275,246.49227362303714
00000000000000000791,1,519,0.6351520122405709,15,68,"{""type"":""Point"",""coordinates"":[108.53733779273846,14.213950913692525]}",108.53733779273846,14.213950913692525,147.6737339640798
000000000000000008de,1,578,0.4853177074273499,15,68,"{""type"":""Point"",""coordinates"":[108.5222481947736,14.226079668557897]}",108.5222481947736,14.226079668557897,137.2909058368828
000000000000000009a7,1,890,0.6665116740214739,15,68,"{""type"":""Point"",""coordinates"":[108.42549907921698,14.389122239476093]}",108.42549907921698,14.389122239476093,102.4838259823393
00000000000000000abe,1,705,0.6374350794400676,16,68,"{""type"":""Point"",""coordinates"":[108.4139098755791,14.220421069321075]}",108.4139098755791,14.220421069321075,2482.757176640416
0000000000000000065f,1,768,0.6967017943401198,18,68,"{""type"":""Point"",""coordinates"":[108.43789538014558,14.255184221133739]}",108.43789538014558,14.255184221133739,1628.980096927827
0000000000000000074a,1,870,0.7016017705988762,18,68,"{""type"":""Point"",""coordinates"":[108.44678682764615,14.201554612763944]}",108.44678682764615,14.201554612763944,1878.0643632016217
00000000000000000ba9,1,934,0.324078859487688,22,68,"{""type"":""Point"",""coordinates"":[108.44570772519121,14.372685992993093]}",108.44570772519121,14.372685992993093,446.8460232656181
00000000000000000b62,1,1004,0.6874989004049862,6,71,"{""type"":""Point"",""coordinates"":[108.42253377701644,14.379151689520587]}",108.42253377701644,14.379151689520587,1057.489491887991
00000000000000000bdf,1,683,0.6529044964632511,6,71,"{""type"":""Point"",""coordinates"":[108.47831713119506,14.17271760625131]}",108.47831713119506,14.17271760625131,476.33605964098797
00000000000000000c76,1,844,0.4132882181678398,6,71,"{""type"":""Point"",""coordinates"":[108.45810848522085,14.197782213272731]}",108.45810848522085,14.197782213272731,1034.4797752928414
00000000000000000835,1,920,0.3976068093730363,8,71,"{""type"":""Point"",""coordinates"":[108.42657372257086,14.382656542948595]}",108.42657372257086,14.382656542948595,619.9115439707678
000000000000000009af,1,1178,0.2547881162270088,8,71,"{""type"":""Point"",""coordinates"":[108.42361287947139,14.518748307099766]}",108.42361287947139,14.518748307099766,880.8373470917048
00000000000000000a18,1,620,0.2239102799203601,8,71,"{""type"":""Point"",""coordinates"":[108.52628814032803,14.134182054947429]}",108.52628814032803,14.134182054947429,651.4394663359774
000000000000000006a4,1,1142,0.3260642737479627,9,71,"{""type"":""Point"",""coordinates"":[108.41417742164228,14.513901264254669]}",108.41417742164228,14.513901264254669,1195.4269792857265
0000000000000000073d,1,712,0.1507993347861747,11,71,"{""type"":""Point"",""coordinates"":[108.48101488733239,14.243867022660092]}",108.48101488733239,14.243867022660092,520.1366046410348
00000000000000000ab9,1,590,0.3991183891344929,11,71,"{""type"":""Point"",""coordinates"":[108.48532683805107,14.154395160022702]}",108.48532683805107,14.154395160022702,831.6161403402186
00000000000000000afe,1,762,0.7205947045381438,11,71,"{""type"":""Point"",""coordinates"":[108.45972267980217,14.228505419530975]}",108.45972267980217,14.228505419530975,250.52460071948448
00000000000000000b4a,1,984,0.1863735801999548,11,71,"{""type"":""Point"",""coordinates"":[108.43466253188183,14.40340474015028]}",108.43466253188183,14.40340474015028,179.28308830858518
00000000000000000c1e,1,539,0.0108968459558577,11,71,"{""type"":""Point"",""coordinates"":[108.53787734396592,14.208831865683168]}",108.53787734396592,14.208831865683168,255.97796069845586
0000000000000000085e,1,595,0.654117438744012,13,71,"{""type"":""Point"",""coordinates"":[108.54838744514889,14.131756303974356]}",108.54838744514889,14.131756303974356,315.9913472839753
000000000000000009d6,1,884,0.5455901061343692,14,71,"{""type"":""Point"",""coordinates"":[108.33360146560652,14.3354926311063]}",108.33360146560652,14.3354926311063,35.00694609516677
000000000000000009a2,1,637,0.4211843355003035,15,71,"{""type"":""Point"",""coordinates"":[108.4338509754901,14.26434767379857]}",108.4338509754901,14.26434767379857,533.6573876707881
00000000000000000811,1,779,0.1932782270880979,20,71,"{""type"":""Point"",""coordinates"":[108.47319808318571,14.21503001614746]}",108.47319808318571,14.21503001614746,1148.915425308768
0000000000000000087c,1,750,0.3792778038272011,20,71,"{""type"":""Point"",""coordinates"":[108.45541072908351,14.254105118678806]}",108.45541072908351,14.254105118678806,37.99635751512929
00000000000000000746,1,646,0.3223491535326283,22,71,"{""type"":""Point"",""coordinates"":[108.4847872868236,14.157895554349658]}",108.4847872868236,14.157895554349658,577.0181007312715
000000000000000008f1,1,929,0.4969015819752631,24,71,"{""type"":""Point"",""coordinates"":[108.44759838403786,14.393973741422244]}",108.44759838403786,14.393973741422244,339.79931136406674
00000000000000000bb1,1,665,0.6512549081118925,25,71,"{""type"":""Point"",""coordinates"":[108.43627672646316,14.249793167960124]}",108.43627672646316,14.249793167960124,1489.2914185651669
00000000000000000c49,1,984,0.3341866706269907,27,71,"{""type"":""Point"",""coordinates"":[108.32363091565102,14.364601642783192]}",108.32363091565102,14.364601642783192,896.2419544531995
000000000000000009f9,1,869,0.4196694487584713,31,71,"{""type"":""Point"",""coordinates"":[108.32416600777742,14.388582688248627]}",108.32416600777742,14.388582688248627,601.1612549023421
00000000000000000701,1,668,0.5843497346065923,32,71,"{""type"":""Point"",""coordinates"":[108.47050478614942,14.30396232755738]}",108.47050478614942,14.30396232755738,502.1567396031506
0000000000000000096f,1,937,0.0081965016097738,4,72,"{""type"":""Point"",""coordinates"":[108.4944902907159,14.357052384699712]}",108.4944902907159,14.357052384699712,167.15606511201696
00000000000000000a47,1,742,0.7723451445828071,4,72,"{""type"":""Point"",""coordinates"":[108.46430663568513,14.259768177016682]}",108.46430663568513,14.259768177016682,188.72543892538783
00000000000000000674,1,1137,0.55303366731959,5,72,"{""type"":""Point"",""coordinates"":[108.43331142426263,14.516055010063484]}",108.43331142426263,14.516055010063484,1.4673354384114041
00000000000000000799,1,1132,0.7863862977927601,6,72,"{""type"":""Point"",""coordinates"":[108.43924202866371,14.506891557398653]}",108.43924202866371,14.506891557398653,816.9291310285402
000000000000000008f5,1,654,0.2006806978525347,6,72,"{""type"":""Point"",""coordinates"":[108.53895644642087,14.127711899318882]}",108.53895644642087,14.127711899318882,1392.8422460237578
000000000000000009b4,1,896,0.2865292166907519,6,72,"{""type"":""Point"",""coordinates"":[108.52413439451922,14.384810288757409]}",108.52413439451922,14.384810288757409,138.16849670704653
000000000000000009c8,1,977,0.4066443110812081,6,72,"{""type"":""Point"",""coordinates"":[108.41417742164228,14.395052843877176]}",108.41417742164228,14.395052843877176,1423.1921249441207
000000000000000009f6,1,605,0.0240791929281468,6,72,"{""type"":""Point"",""coordinates"":[108.45109877836481,14.330373583096943]}",108.45109877836481,14.330373583096943,1282.2705862189612
0000000000000000077a,1,698,0.1517223284376877,7,72,"{""type"":""Point"",""coordinates"":[108.47239098589503,14.178108659424925]}",108.47239098589503,14.178108659424925,117.48964516433803
000000000000000009b8,1,893,0.7205249237942667,7,72,"{""type"":""Point"",""coordinates"":[108.52197618960933,14.35355199037275]}",108.52197618960933,14.35355199037275,513.4057082741783
000000000000000009b9,1,637,0.638345729054284,7,72,"{""type"":""Point"",""coordinates"":[108.49206453974283,14.195356462299653]}",108.49206453974283,14.195356462299653,296.2155103934991
00000000000000000ad9,1,1084,0.3074470336962546,7,72,"{""type"":""Point"",""coordinates"":[108.3883057173302,14.42550404497116]}",108.3883057173302,14.42550404497116,808.5640658644928
00000000000000000c10,1,698,0.7905626153824423,8,72,"{""type"":""Point"",""coordinates"":[108.42684572773511,14.215297562210663]}",108.42684572773511,14.215297562210663,1554.7469900207643
00000000000000000ae0,1,782,0.4449532657701117,9,72,"{""type"":""Point"",""coordinates"":[108.56320949705056,14.318784379459037]}",108.56320949705056,14.318784379459037,2082.8103985191556
000000000000000006b9,1,668,0.5770912213038869,10,72,"{""type"":""Point"",""coordinates"":[108.52548104303735,14.240362169232085]}",108.52548104303735,14.240362169232085,1105.9397519648492
000000000000000008d0,1,789,0.7188284975319922,10,72,"{""type"":""Point"",""coordinates"":[108.5322187447291,14.128251450546347]}",108.5322187447291,14.128251450546347,1516.5023669605168
00000000000000000c3e,1,643,0.6629512351154164,12,72,"{""type"":""Point"",""coordinates"":[108.48398018953291,14.191044511580973]}",108.48398018953291,14.191044511580973,18.622185315861824
00000000000000000857,1,670,0.465335844001073,13,72,"{""type"":""Point"",""coordinates"":[108.48855968631482,14.240362169232085]}",108.48855968631482,14.240362169232085,333.86782441829496
000000000000000009bf,1,623,0.4809260345069913,13,72,"{""type"":""Point"",""coordinates"":[108.50580748918954,14.17137095773317]}",108.50580748918954,14.17137095773317,491.6092060574476
00000000000000000a15,1,1116,0.0211195796548562,13,72,"{""type"":""Point"",""coordinates"":[108.39261766804887,14.411221544296971]}",108.39261766804887,14.411221544296971,2353.991939619767
00000000000000000b32,1,676,0.2847649007508941,13,72,"{""type"":""Point"",""coordinates"":[108.48586638927854,14.231198716567253]}",108.48586638927854,14.231198716567253,137.11663603321745
000000000000000007c9,1,751,0.4698981291349872,14,72,"{""type"":""Point"",""coordinates"":[108.5128127369445,14.331452685551875]}",108.5128127369445,14.331452685551875,265.8700472380359
000000000000000008ca,1,964,0.4585323241952038,14,72,"{""type"":""Point"",""coordinates"":[108.44409353060985,14.380770343202988]}",108.44409353060985,14.380770343202988,191.0573167240597
0000000000000000089c,1,900,0.0568538932340021,15,72,"{""type"":""Point"",""coordinates"":[108.4354696291725,14.378072587065656]}",108.4354696291725,14.378072587065656,400.9661022684384
000000000000000007ed,1,586,0.1019751582912938,17,72,"{""type"":""Point"",""coordinates"":[108.48559438411426,14.15142985782216]}",108.48559438411426,14.15142985782216,141.3468220333029
00000000000000000668,1,559,0.3455839165437347,21,72,"{""type"":""Point"",""coordinates"":[108.5265601454923,14.212064713946917]}",108.5265601454923,14.212064713946917,57.775445785453066
0000000000000000094c,1,966,0.3096365719253022,21,72,"{""type"":""Point"",""coordinates"":[108.32389846171421,14.35085423423542]}",108.32389846171421,14.35085423423542,635.8564812538292
00000000000000000b5a,1,643,0.53794683432355,22,72,"{""type"":""Point"",""coordinates"":[108.48478728682359,14.186193009634824]}",108.48478728682359,14.186193009634824,150.2507718909845
00000000000000000b1d,1,729,0.0685768499167879,1,74,"{""type"":""Point"",""coordinates"":[108.47562383415878,14.269199175744717]}",108.47562383415878,14.269199175744717,94.79681149247203
00000000000000000723,1,1075,0.4935932271345293,4,74,"{""type"":""Point"",""coordinates"":[108.39612252147688,14.429548449626633]}",108.39612252147688,14.429548449626633,25.36809888437557
000000000000000006df,1,850,0.416450087046348,7,74,"{""type"":""Point"",""coordinates"":[108.5087727913901,14.347888932034882]}",108.5087727913901,14.347888932034882,2106.7422217038993
00000000000000000bc1,1,749,0.0655182162130254,7,74,"{""type"":""Point"",""coordinates"":[108.49880224143459,14.336571733561232]}",108.49880224143459,14.336571733561232,1838.5971627191907
00000000000000000bda,1,771,0.5203172207090667,7,74,"{""type"":""Point"",""coordinates"":[108.46430663568513,14.202633715218877]}",108.46430663568513,14.202633715218877,161.3900512836858
000000000000000009e3,1,867,0.0844778203348882,8,74,"{""type"":""Point"",""coordinates"":[108.32605220752305,14.344388537707923]}",108.32605220752305,14.344388537707923,317.38609416611956
00000000000000000a97,1,945,0.501659002565,8,74,"{""type"":""Point"",""coordinates"":[108.31500701421366,14.37753749493924]}",108.31500701421366,14.37753749493924,1740.4666800196985
00000000000000000b5e,1,723,0.1617979261813001,9,74,"{""type"":""Point"",""coordinates"":[108.4376233749813,14.281863022736507]}",108.4376233749813,14.281863022736507,503.0284275467058
0000000000000000078d,1,972,0.4471957875135215,10,74,"{""type"":""Point"",""coordinates"":[108.44948458378346,14.400983448278259]}",108.44948458378346,14.400983448278259,722.3751804092611
000000000000000007d7,1,785,0.2602839557703141,10,74,"{""type"":""Point"",""coordinates"":[108.49799068504285,14.33845793330684]}",108.49799068504285,14.33845793330684,1669.6222538567483
00000000000000000afd,1,565,0.7035901480948732,12,74,"{""type"":""Point"",""coordinates"":[108.50392128944394,14.128251450546347]}",108.50392128944394,14.128251450546347,734.3395336880135
00000000000000000b24,1,930,0.3564479422638753,12,74,"{""type"":""Point"",""coordinates"":[108.40690462782412,14.385621845149142]}",108.40690462782412,14.385621845149142,2016.2961243741372
00000000000000000b34,1,622,0.7958542332647351,12,74,"{""type"":""Point"",""coordinates"":[108.48532683805107,14.157356003122189]}",108.48532683805107,14.157356003122189,572.0493398735483
00000000000000000ac7,1,593,0.2550805598138643,14,74,"{""type"":""Point"",""coordinates"":[108.44975212984667,14.291298480565596]}",108.44975212984667,14.291298480565596,42.414169175807274
0000000000000000089e,1,1163,0.3328588958307157,16,74,"{""type"":""Point"",""coordinates"":[108.37429522182028,14.499079212353013]}",108.37429522182028,14.499079212353013,834.4353171278594
00000000000000000afc,1,957,0.4792030692463633,16,74,"{""type"":""Point"",""coordinates"":[108.43007857599888,14.376997943711777]}",108.43007857599888,14.376997943711777,918.8787603992276
00000000000000000c15,1,952,0.3486683748322611,16,74,"{""type"":""Point"",""coordinates"":[108.41984047998015,14.400711443113998]}",108.41984047998015,14.400711443113998,654.9231908312407
00000000000000000766,1,697,0.6450860830712969,17,74,"{""type"":""Point"",""coordinates"":[108.42873192748074,14.26272902011617]}",108.42873192748074,14.26272902011617,1112.7875950836808
00000000000000000be2,1,628,0.4777233203494343,17,74,"{""type"":""Point"",""coordinates"":[108.48290108707799,14.165712358496346]}",108.48290108707799,14.165712358496346,328.511696222925
000000000000000007b4,1,713,0.0035690544009997,19,74,"{""type"":""Point"",""coordinates"":[108.43843493137302,14.24763942215131]}",108.43843493137302,14.24763942215131,1156.5256982343037
00000000000000000a28,1,785,0.0999502186978474,19,74,"{""type"":""Point"",""coordinates"":[108.42927147870819,14.209371416910637]}",108.42927147870819,14.209371416910637,1907.5574564659616
00000000000000000ad1,1,1044,0.4339995813590743,20,74,"{""type"":""Point"",""coordinates"":[108.47804958513184,14.500153855706898]}",108.47804958513184,14.500153855706898,1269.9066276740234
00000000000000000ab5,1,1094,0.2062728361967947,22,74,"{""type"":""Point"",""coordinates"":[108.39450386779448,14.41095399823376]}",108.39450386779448,14.41095399823376,2408.3618706068855
0000000000000000089a,1,708,0.0263036026558635,25,74,"{""type"":""Point"",""coordinates"":[108.42549907921698,14.213950913692525]}",108.42549907921698,14.213950913692525,1762.5261754653816
000000000000000006f1,1,761,0.1905465703221097,27,74,"{""type"":""Point"",""coordinates"":[108.42927147870819,14.274318223754078]}",108.42927147870819,14.274318223754078,1192.8722391829695
00000000000000000a73,1,923,0.5282455042172296,27,74,"{""type"":""Point"",""coordinates"":[108.32309136442356,14.353819536435962]}",108.32309136442356,14.353819536435962,641.2537839593944
00000000000000000939,1,717,0.1151907695798158,28,74,"{""type"":""Point"",""coordinates"":[108.45217788081975,14.261114825534824]}",108.45217788081975,14.261114825534824,229.38398420651356
000000000000000007a8,1,785,0.290234516290349,29,74,"{""type"":""Point"",""coordinates"":[108.42010802604338,14.225807663393638]}",108.42010802604338,14.225807663393638,1721.578857805891
00000000000000000af0,1,1012,0.5449807044640659,1,75,"{""type"":""Point"",""coordinates"":[108.42172667972578,14.395320389940382]}",108.42172667972578,14.395320389940382,664.9946484102456
00000000000000000a3c,1,895,0.121086895035303,3,75,"{""type"":""Point"",""coordinates"":[108.46915367853022,14.217188221057327]}",108.46915367853022,14.217188221057327,847.9046763111273
00000000000000000a8b,1,1090,0.3691998889824476,4,75,"{""type"":""Point"",""coordinates"":[108.39073146830327,14.416340592306323]}",108.39073146830327,14.416340592306323,1779.2436459757039
000000000000000006b6,1,661,0.7007256326252551,5,75,"{""type"":""Point"",""coordinates"":[108.64001751269616,14.166251909723814]}",108.64001751269616,14.166251909723814,1125.4097022001959
00000000000000000830,1,774,0.0295969093244676,5,75,"{""type"":""Point"",""coordinates"":[108.57183339848791,14.306120532467249]}",108.57183339848791,14.306120532467249,1579.176063101903
00000000000000000969,1,626,0.4641927006005908,7,75,"{""type"":""Point"",""coordinates"":[108.48155443855985,14.16840565553263]}",108.48155443855985,14.16840565553263,330.19082565268434
00000000000000000c5d,1,709,0.3335689440401513,7,75,"{""type"":""Point"",""coordinates"":[108.48370818436868,14.264615219861776]}",108.48370818436868,14.264615219861776,834.5520969201849
00000000000000000837,1,864,0.5972218020151401,8,75,"{""type"":""Point"",""coordinates"":[108.3247055590049,14.393166644131568]}",108.3247055590049,14.393166644131568,806.6331749950926
00000000000000000873,1,1201,0.1279301421726087,9,75,"{""type"":""Point"",""coordinates"":[108.38480532300325,14.507431108626118]}",108.38480532300325,14.507431108626118,342.6683553370078
0000000000000000094f,1,850,0.2228937550164399,9,75,"{""type"":""Point"",""coordinates"":[108.60067040500054,14.410142441842039]}",108.60067040500054,14.410142441842039,1943.519965575443
00000000000000000a99,1,680,0.5056497665314262,9,75,"{""type"":""Point"",""coordinates"":[108.41848937236098,14.221767717839219]}",108.41848937236098,14.221767717839219,1965.968662500478
00000000000000000a8a,1,1148,0.0551949841660666,10,75,"{""type"":""Point"",""coordinates"":[108.42846438141754,14.525218462728315]}",108.42846438141754,14.525218462728315,865.141614973745
0000000000000000091c,1,822,0.3523837621528115,11,75,"{""type"":""Point"",""coordinates"":[108.45783648005659,14.20209416399141]}",108.45783648005659,14.20209416399141,805.6775343915524
0000000000000000099d,1,745,0.5242397688223421,11,75,"{""type"":""Point"",""coordinates"":[108.4710443373769,14.263268571343634]}",108.4710443373769,14.263268571343634,65.19579295730712
00000000000000000880,1,602,0.0419210770135893,12,75,"{""type"":""Point"",""coordinates"":[108.50661458648021,14.161400407777665]}",108.50661458648021,14.161400407777665,66.82036094417415
000000000000000006d0,1,680,0.7456964960251687,13,75,"{""type"":""Point"",""coordinates"":[108.45810848522085,14.29857127438377]}",108.45810848522085,14.29857127438377,485.503135192118
00000000000000000c66,1,612,0.3067324078854547,13,75,"{""type"":""Point"",""coordinates"":[108.46026223102965,14.33064112916015]}",108.46026223102965,14.33064112916015,815.1158363410957
00000000000000000656,1,617,0.612216768846701,14,75,"{""type"":""Point"",""coordinates"":[108.48613393534174,14.162747056295805]}",108.48613393534174,14.162747056295805,220.72049228018574
0000000000000000095b,1,840,0.2938292812012251,14,75,"{""type"":""Point"",""coordinates"":[108.60309615597362,14.369988236855754]}",108.60309615597362,14.369988236855754,317.07558739573665
00000000000000000af4,1,803,0.5561016176879562,15,75,"{""type"":""Point"",""coordinates"":[108.51119854236318,14.341690781570591]}",108.51119854236318,14.341690781570591,465.34402388380937
000000000000000008a4,1,884,0.1478480866795978,17,75,"{""type"":""Point"",""coordinates"":[108.53113964227417,14.361636340582653]}",108.53113964227417,14.361636340582653,191.11569279160358
000000000000000006cc,1,902,0.5150319854800475,19,75,"{""type"":""Point"",""coordinates"":[108.32901750972357,14.334417987752422]}",108.32901750972357,14.334417987752422,151.85800263826658
00000000000000000718,1,1001,0.3399024917782581,19,75,"{""type"":""Point"",""coordinates"":[108.41660317261535,14.379958786811263]}",108.41660317261535,14.379958786811263,1427.3725630910762
00000000000000000981,1,645,0.2555419168806192,24,75,"{""type"":""Point"",""coordinates"":[108.5128127369445,14.131488757911152]}",108.5128127369445,14.131488757911152,651.4718925427641
00000000000000000796,1,1029,0.6573056919461951,39,75,"{""type"":""Point"",""coordinates"":[108.32012606222301,14.35867103838211]}",108.32012606222301,14.35867103838211,1073.226951920033
00000000000000000ae4,1,1127,0.7081866090946421,2,76,"{""type"":""Point"",""coordinates"":[108.43843493137302,14.504465806425575]}",108.43843493137302,14.504465806425575,891.2640200531325
00000000000000000b37,1,661,0.1801880823342109,2,76,"{""type"":""Point"",""coordinates"":[108.45055922713736,14.261382371598026]}",108.45055922713736,14.261382371598026,398.02830272802345
000000000000000007c2,1,673,0.3265141907053683,3,76,"{""type"":""Point"",""coordinates"":[108.48532683805107,14.233896472704588]}",108.48532683805107,14.233896472704588,143.08723195394916
00000000000000000b64,1,587,0.2337322430525247,3,76,"{""type"":""Point"",""coordinates"":[108.49853023627033,14.17191050896064]}",108.49853023627033,14.17191050896064,215.6815606924688
00000000000000000bec,1,842,0.0385225510078867,3,76,"{""type"":""Point"",""coordinates"":[108.5699471987423,14.364601642783192]}",108.5699471987423,14.364601642783192,57.646710642129435
000000000000000008e3,1,555,0.3767086321975755,5,76,"{""type"":""Point"",""coordinates"":[108.49044588606041,14.148197009558412]}",108.49044588606041,14.148197009558412,88.43970315545525
00000000000000000b50,1,760,0.6213862562544217,5,76,"{""type"":""Point"",""coordinates"":[108.45864357734725,14.231738267794718]}",108.45864357734725,14.231738267794718,18.144909400576644
00000000000000000c00,1,726,0.4782723771044054,5,76,"{""type"":""Point"",""coordinates"":[108.52925344252857,14.280788379382622]}",108.52925344252857,14.280788379382622,183.7006843203176
000000000000000008fd,1,831,0.1149592940184115,6,76,"{""type"":""Point"",""coordinates"":[108.56159084336815,14.373493090283764]}",108.56159084336815,14.373493090283764,211.1750148090076
00000000000000000985,1,796,0.6345229874835284,6,76,"{""type"":""Point"",""coordinates"":[108.44436107667306,14.226079668557897]}",108.44436107667306,14.226079668557897,197.11997925003047
00000000000000000904,1,825,0.663731032359882,7,76,"{""type"":""Point"",""coordinates"":[108.43843493137302,14.36810203711015]}",108.43843493137302,14.36810203711015,1197.029207664717
000000000000000009b2,1,764,0.0927020792449566,7,76,"{""type"":""Point"",""coordinates"":[108.44463308183731,14.240094623168877]}",108.44463308183731,14.240094623168877,87.26237752792554
00000000000000000a54,1,1019,0.2035963163023854,7,76,"{""type"":""Point"",""coordinates"":[108.45217788081975,14.451375749283251]}",108.45217788081975,14.451375749283251,1681.475235405482
00000000000000000c0a,1,821,0.0607000896606632,7,76,"{""type"":""Point"",""coordinates"":[108.43439052671755,14.2735111264634]}",108.43439052671755,14.2735111264634,643.268278310838
00000000000000000bd5,1,645,0.0348153414716535,8,76,"{""type"":""Point"",""coordinates"":[108.48208953068627,14.189425857898572]}",108.48208953068627,14.189425857898572,199.5862732930829
00000000000000000677,1,553,0.0105222639459962,9,76,"{""type"":""Point"",""coordinates"":[108.5206295410912,14.149543658076553]}",108.5206295410912,14.149543658076553,190.14894350914005
00000000000000000814,1,1090,0.2073881859792192,9,76,"{""type"":""Point"",""coordinates"":[108.39935536974063,14.420924548189271]}",108.39935536974063,14.420924548189271,891.7299943220579
0000000000000000090c,1,1005,0.5211158625731848,9,76,"{""type"":""Point"",""coordinates"":[108.46834658123954,14.441137653264539]}",108.46834658123954,14.441137653264539,253.46712700679163
000000000000000006d1,1,1186,0.215589674629595,11,76,"{""type"":""Point"",""coordinates"":[108.42927147870819,14.515787464000272]}",108.42927147870819,14.515787464000272,124.79678527360497
000000000000000008d2,1,964,0.3719424737386388,11,76,"{""type"":""Point"",""coordinates"":[108.44813347616429,14.388047596122213]}",108.44813347616429,14.388047596122213,137.84916758418208
00000000000000000937,1,968,0.5129646043365987,11,76,"{""type"":""Point"",""coordinates"":[108.41633562655215,14.278090623245289]}",108.41633562655215,14.278090623245289,2651.5923472665404
000000000000000009fd,1,782,0.6115390923204893,11,76,"{""type"":""Point"",""coordinates"":[108.4729305371225,14.21476247008425]}",108.4729305371225,14.21476247008425,1113.6037982790551
0000000000000000078a,1,908,0.62841554217468,12,76,"{""type"":""Point"",""coordinates"":[108.32363091565102,14.410953998233762]}",108.32363091565102,14.410953998233762,1413.098488910252
000000000000000008f3,1,567,0.2132886235982709,12,76,"{""type"":""Point"",""coordinates"":[108.52089708715441,14.145499253421079]}",108.52089708715441,14.145499253421079,194.7074772468127
00000000000000000b03,1,643,0.5684877490800128,12,76,"{""type"":""Point"",""coordinates"":[108.45001967590989,14.253565567451338]}",108.45001967590989,14.253565567451338,335.75255921658226
00000000000000000b1c,1,904,0.1410891543331665,12,76,"{""type"":""Point"",""coordinates"":[108.33171526586092,14.33037358309694]}",108.33171526586092,14.33037358309694,125.67781069627733
00000000000000000ba5,1,998,0.1531654074029831,12,76,"{""type"":""Point"",""coordinates"":[108.44220733086425,14.414186846497511]}",108.44220733086425,14.414186846497511,779.9990509087982
0000000000000000068d,1,1120,0.5623380963330838,13,76,"{""type"":""Point"",""coordinates"":[108.43600918039995,14.512282610572273]}",108.43600918039995,14.512282610572273,157.46867763500703
0000000000000000069a,1,863,0.543350550281263,13,76,"{""type"":""Point"",""coordinates"":[108.4419353257,14.371874436601361]}",108.4419353257,14.371874436601361,863.7767497793257
00000000000000000945,1,754,0.104745196663434,13,76,"{""type"":""Point"",""coordinates"":[108.50769368893515,14.331992236779346]}",108.50769368893515,14.331992236779346,287.1647941093919
000000000000000009f4,1,999,0.3346754658552607,13,76,"{""type"":""Point"",""coordinates"":[108.43924202866371,14.394780838712915]}",108.43924202866371,14.394780838712915,114.22299034758494
00000000000000000b70,1,773,0.1192535592930523,13,76,"{""type"":""Point"",""coordinates"":[108.47077233221262,14.180806415562262]}",108.47077233221262,14.180806415562262,435.04361003315614
00000000000000000c6c,1,568,0.4124718948760125,13,76,"{""type"":""Point"",""coordinates"":[108.52494149180987,14.20559901741942]}",108.52494149180987,14.20559901741942,235.6563800486546
0000000000000000080d,1,1141,0.3321951248266328,14,76,"{""type"":""Point"",""coordinates"":[108.43546962917249,14.50608446010798]}",108.43546962917249,14.50608446010798,538.1557890459077
00000000000000000933,1,608,0.3355349467290845,14,76,"{""type"":""Point"",""coordinates"":[108.45055922713735,14.286714524682653]}",108.45055922713735,14.286714524682653,365.90218100850706
00000000000000000b75,1,959,0.5477948896116994,14,76,"{""type"":""Point"",""coordinates"":[108.42091512333404,14.382656542948595]}",108.42091512333404,14.382656542948595,875.2458614292267
000000000000000006d9,1,812,0.7277496316965885,15,76,"{""type"":""Point"",""coordinates"":[108.45999468496643,14.196435564754589]}",108.45999468496643,14.196435564754589,915.3344836056219
00000000000000000792,1,676,0.6882333840798409,15,76,"{""type"":""Point"",""coordinates"":[108.48155443855985,14.222035263902423]}",108.48155443855985,14.222035263902423,162.82053649470177
00000000000000000c7d,1,809,0.7286133153054973,15,76,"{""type"":""Point"",""coordinates"":[108.5125451908813,14.341962786734848]}",108.5125451908813,14.341962786734848,444.27110380256335
0000000000000000082b,1,566,0.3081166240608197,16,76,"{""type"":""Point"",""coordinates"":[108.52170864354615,14.183499712598543]}",108.52170864354615,14.183499712598543,804.3942554622295
0000000000000000090e,1,1186,0.4122301641472563,16,76,"{""type"":""Point"",""coordinates"":[108.38291912325764,14.507163562562914]}",108.38291912325764,14.507163562562914,157.18666941909063
00000000000000000a38,1,911,0.7034498815881429,16,76,"{""type"":""Point"",""coordinates"":[108.45083123230162,14.387236039730482]}",108.45083123230162,14.387236039730482,289.81382531132516
00000000000000000a71,1,648,0.7254795718447368,16,76,"{""type"":""Point"",""coordinates"":[108.45406408056536,14.295070880056812]}",108.45406408056536,14.295070880056812,308.06355728786366
00000000000000000c6a,1,536,0.3260724681105188,16,76,"{""type"":""Point"",""coordinates"":[108.53679824151101,14.215837113438132]}",108.53679824151101,14.215837113438132,77.8667822343593
000000000000000007b3,1,689,0.6314343408948988,17,76,"{""type"":""Point"",""coordinates"":[108.48424773559613,14.241708817750226]}",108.48424773559613,14.241708817750226,114.62360090915449
00000000000000000665,1,865,0.080964070260674,18,76,"{""type"":""Point"",""coordinates"":[108.3247055590049,14.392627092904101]}",108.3247055590049,14.392627092904101,843.6610740371009
0000000000000000081a,1,1166,0.1217226469553174,18,76,"{""type"":""Point"",""coordinates"":[108.42899947354395,14.517941209809091]}",108.42899947354395,14.517941209809091,170.9631328012979
0000000000000000064e,1,869,0.7675181148654601,19,76,"{""type"":""Point"",""coordinates"":[108.4295390247714,14.310972034413398]}",108.4295390247714,14.310972034413398,3099.260029313299
000000000000000006b8,1,688,0.2280764412616793,19,76,"{""type"":""Point"",""coordinates"":[108.47993578487744,14.189697863062834]}",108.47993578487744,14.189697863062834,462.41563089644853
000000000000000006bd,1,632,0.5731257718271946,20,76,"{""type"":""Point"",""coordinates"":[108.50418883550714,14.1608608565502]}",108.50418883550714,14.1608608565502,946.9789179823947
000000000000000008a9,1,605,0.576287753420062,20,76,"{""type"":""Point"",""coordinates"":[108.54245684074782,14.203440812509553]}",108.54245684074782,14.203440812509553,396.28579280074
00000000000000000aff,1,1122,0.636946656846291,20,76,"{""type"":""Point"",""coordinates"":[108.43277187303516,14.518213214973352]}",108.43277187303516,14.518213214973352,200.53936200445952
00000000000000000c13,1,887,0.0762037979880908,20,76,"{""type"":""Point"",""coordinates"":[108.32524511023236,14.365408740073867]}",108.32524511023236,14.365408740073867,701.3344034414218
00000000000000000b06,1,533,0.0213637460125863,21,76,"{""type"":""Point"",""coordinates"":[108.54407549443023,14.179994859170534]}",108.54407549443023,14.179994859170534,1034.8904041109904
00000000000000000adf,1,794,0.3335123907098355,22,76,"{""type"":""Point"",""coordinates"":[108.4295390247714,14.268392078454045]}",108.4295390247714,14.268392078454045,1050.6385761018028
000000000000000009a0,1,821,0.5470700239265863,23,76,"{""type"":""Point"",""coordinates"":[108.45972267980217,14.201826617928205]}",108.45972267980217,14.201826617928205,655.7931064410561
000000000000000006c2,1,768,0.0356528763863127,24,76,"{""type"":""Point"",""coordinates"":[108.42172667972578,14.227426317076036]}",108.42172667972578,14.227426317076036,1548.3610900559852
0000000000000000072c,1,886,0.0584699257719237,24,76,"{""type"":""Point"",""coordinates"":[108.42846438141753,14.309353380730998]}",108.42846438141753,14.309353380730998,3038.949521225446
000000000000000009d3,1,564,0.3466080772869356,24,76,"{""type"":""Point"",""coordinates"":[108.49960933872526,14.232277819022185]}",108.49960933872526,14.232277819022185,1611.2611294899486
00000000000000000924,1,885,0.5311398405548805,27,76,"{""type"":""Point"",""coordinates"":[108.31931896493232,14.418766343279401]}",108.31931896493232,14.418766343279401,1721.1249687126276
00000000000000000be3,1,719,0.4216689426146316,27,76,"{""type"":""Point"",""coordinates"":[108.43816292620876,14.254105118678803]}",108.43816292620876,14.254105118678803,1569.2164829314386
00000000000000000a0f,1,1165,0.0263442280104597,28,76,"{""type"":""Point"",""coordinates"":[108.42253377701644,14.512015064509058]}",108.42253377701644,14.512015064509058,582.4538454930375
00000000000000000781,1,654,0.696471525435269,32,76,"{""type"":""Point"",""coordinates"":[108.49233208580604,14.168945206760094]}",108.49233208580604,14.168945206760094,713.9986257189518
00000000000000000b61,1,936,0.568852225430119,34,76,"{""type"":""Point"",""coordinates"":[108.32551711539664,14.363522540328258]}",108.32551711539664,14.363522540328258,802.836792499846
000000000000000007dd,1,1109,0.1969107629980143,35,76,"{""type"":""Point"",""coordinates"":[108.44247487692745,14.508510211081058]}",108.44247487692745,14.508510211081058,544.119503762787
00000000000000000a56,1,721,0.2262090331130798,1,78,"{""type"":""Point"",""coordinates"":[108.42253377701644,14.200207964245802]}",108.42253377701644,14.200207964245802,2999.762619165838
00000000000000000659,1,603,0.6671648427284288,3,78,"{""type"":""Point"",""coordinates"":[108.44840548132855,14.258417069397487]}",108.44840548132855,14.258417069397487,540.522986540431
000000000000000009e8,1,863,0.3063383704876028,3,78,"{""type"":""Point"",""coordinates"":[108.48370818436868,14.318516833395833]}",108.48370818436868,14.318516833395833,457.17045397341025
00000000000000000705,1,683,0.5575534850201573,4,78,"{""type"":""Point"",""coordinates"":[108.48398018953291,14.17918776187986]}",108.48398018953291,14.17918776187986,203.47619518215043
00000000000000000bbb,1,861,0.6779849826902348,4,78,"{""type"":""Point"",""coordinates"":[108.47993578487744,14.348700488426607]}",108.47993578487744,14.348700488426607,250.81101505600085
00000000000000000c1a,1,769,0.0994598746599012,4,78,"{""type"":""Point"",""coordinates"":[108.4470588328104,14.239283066777153]}",108.4470588328104,14.239283066777153,2.706558979154354
00000000000000000653,1,678,0.5490348232829737,6,78,"{""type"":""Point"",""coordinates"":[108.48855968631482,14.251411821642524]}",108.48855968631482,14.251411821642524,333.16656654953306
00000000000000000815,1,599,0.4038007366679021,6,78,"{""type"":""Point"",""coordinates"":[108.50823324016261,14.170563860442497]}",108.50823324016261,14.170563860442497,598.0499870324908
00000000000000000b09,1,914,0.7621221585495863,6,78,"{""type"":""Point"",""coordinates"":[108.50984743474397,14.40259764285961]}",108.50984743474397,14.40259764285961,1005.1899762142866
00000000000000000957,1,827,0.4071863277439923,7,78,"{""type"":""Point"",""coordinates"":[108.43816292620876,14.367834491046938]}",108.43816292620876,14.367834491046938,1226.6806965137616
00000000000000000b17,1,798,0.1088195747543728,7,78,"{""type"":""Point"",""coordinates"":[108.50742614287195,14.337918382079373]}",108.50742614287195,14.337918382079373,409.39108170032347
00000000000000000c0c,1,710,0.423708374568846,7,78,"{""type"":""Point"",""coordinates"":[108.42253377701645,14.219074420802936]}",108.42253377701645,14.219074420802936,1673.7881980311115
00000000000000000822,1,1139,0.0874416119858993,8,78,"{""type"":""Point"",""coordinates"":[108.43304387819943,14.493955705242605]}",108.43304387819943,14.493955705242605,1597.8749143434657
00000000000000000a6b,1,783,0.3050948043844316,8,78,"{""type"":""Point"",""coordinates"":[108.44651928158292,14.24278792020516]}",108.44651928158292,14.24278792020516,373.8234673824779
00000000000000000c69,1,789,0.1851878982294146,10,78,"{""type"":""Point"",""coordinates"":[108.46592083026648,14.248446519441984]}",108.46592083026648,14.248446519441984,812.2899591781426
0000000000000000075a,1,604,0.0333655345446708,11,78,"{""type"":""Point"",""coordinates"":[108.50715413770767,14.198321764500193]}",108.50715413770767,14.198321764500193,791.524071154505
0000000000000000078f,1,1016,0.1063051513860376,11,78,"{""type"":""Point"",""coordinates"":[108.47023278098516,14.468623552157979]}",108.47023278098516,14.468623552157979,213.70735410397018
000000000000000007d6,1,850,0.6026914367530276,11,78,"{""type"":""Point"",""coordinates"":[108.5993237564824,14.414993943788186]}",108.5993237564824,14.414993943788186,1729.1636055578042
000000000000000008d6,1,857,0.6109202773354686,11,78,"{""type"":""Point"",""coordinates"":[108.57776400288901,14.354359087663429]}",108.57776400288901,14.354359087663429,157.71381710523377
000000000000000009c4,1,545,0.5696024354287001,11,78,"{""type"":""Point"",""coordinates"":[108.5467687914665,14.146578355876011]}",108.5467687914665,14.146578355876011,1173.817538001179
00000000000000000a2b,1,643,0.1074687310166019,11,78,"{""type"":""Point"",""coordinates"":[108.45622228547523,14.316630633650224]}",108.45622228547523,14.316630633650224,305.73419482996974
00000000000000000855,1,560,0.5479204818856088,12,78,"{""type"":""Point"",""coordinates"":[108.52116909231867,14.194009813781514]}",108.52116909231867,14.194009813781514,857.3153475867886
000000000000000007ac,1,554,0.6797761012076697,13,78,"{""type"":""Point"",""coordinates"":[108.52278328690002,14.192391160099113]}",108.52278328690002,14.192391160099113,1020.0646348859485
00000000000000000936,1,595,0.4004711019928857,13,78,"{""type"":""Point"",""coordinates"":[108.50634704041703,14.198321764500196]}",108.50634704041703,14.198321764500196,862.1317370601873
00000000000000000a21,1,717,0.1917891146462185,13,78,"{""type"":""Point"",""coordinates"":[108.49880224143459,14.209371416910637]}",108.49880224143459,14.209371416910637,22.387215653278503
00000000000000000bcd,1,793,0.2166184016836987,13,78,"{""type"":""Point"",""coordinates"":[108.49853023627033,14.338997484534305]}",108.49853023627033,14.338997484534305,1701.0245283491297
0000000000000000070e,1,934,0.1382493729815197,14,78,"{""type"":""Point"",""coordinates"":[108.32227980803181,14.354626633726637]}",108.32227980803181,14.354626633726637,727.2506656366035
00000000000000000765,1,622,0.3666969127766729,14,78,"{""type"":""Point"",""coordinates"":[108.47185143466754,14.14873656078588]}",108.47185143466754,14.14873656078588,168.62447931553953
000000000000000006dd,1,624,0.6505483353660717,15,78,"{""type"":""Point"",""coordinates"":[108.49745113381537,14.204252368901278]}",108.49745113381537,14.204252368901278,311.33569242451114
00000000000000000b81,1,884,0.6070849279721992,15,78,"{""type"":""Point"",""coordinates"":[108.43061812722635,14.387236039730482]}",108.43061812722635,14.387236039730482,31.34282834925105
000000000000000009e2,1,955,0.0894246814729075,16,78,"{""type"":""Point"",""coordinates"":[108.32255181319609,14.3745721927387]}",108.32255181319609,14.3745721927387,866.2108553496734
00000000000000000a58,1,871,0.5514281368606923,16,78,"{""type"":""Point"",""coordinates"":[108.4419353257,14.372413987828832]}",108.4419353257,14.372413987828832,850.251386363868
00000000000000000b86,1,784,0.6916419553681419,16,78,"{""type"":""Point"",""coordinates"":[108.49772313897964,14.338997484534305]}",108.49772313897964,14.338997484534305,1619.899363598461
00000000000000000ba8,1,787,0.0509871508421875,16,78,"{""type"":""Point"",""coordinates"":[108.4696932297577,14.144424610067196]}",108.4696932297577,14.144424610067196,664.971536095461
000000000000000009ef,1,1029,0.1978891593526361,17,78,"{""type"":""Point"",""coordinates"":[108.43950957472693,14.419305894506866]}",108.43950957472693,14.419305894506866,433.9970023618843
00000000000000000a39,1,950,0.5771424268464074,18,78,"{""type"":""Point"",""coordinates"":[108.448945032556,14.388582688248627]}",108.448945032556,14.388582688248627,201.61186605676235
00000000000000000ac9,1,996,0.2008596387575228,18,78,"{""type"":""Point"",""coordinates"":[108.31608165756752,14.37349309028376]}",108.31608165756752,14.37349309028376,1482.8512987269946
00000000000000000742,1,593,0.4736029817161805,19,78,"{""type"":""Point"",""coordinates"":[108.4944902907159,14.147385453166684]}",108.4944902907159,14.147385453166684,384.92761484720637
000000000000000007a5,1,1023,0.1759128713065155,19,78,"{""type"":""Point"",""coordinates"":[108.42199422578898,14.379691240748052]}",108.42199422578898,14.379691240748052,1037.1624851582822
00000000000000000a45,1,917,0.4319557178693564,19,78,"{""type"":""Point"",""coordinates"":[108.43466253188183,14.393166644131568]}",108.43466253188183,14.393166644131568,317.98002183208
00000000000000000b56,1,934,0.1191850963450773,20,78,"{""type"":""Point"",""coordinates"":[108.44948458378346,14.383196094176062]}",108.44948458378346,14.383196094176062,155.30506552441923
00000000000000000839,1,966,0.4619947028667509,21,78,"{""type"":""Point"",""coordinates"":[108.44813347616429,14.198321764500193]}",108.44813347616429,14.198321764500193,1918.6265165305826
00000000000000000881,1,767,0.0166133437080991,21,78,"{""type"":""Point"",""coordinates"":[108.42630617650767,14.199668413018339]}",108.42630617650767,14.199668413018339,2610.3739451543925
0000000000000000083d,1,1165,0.4129978991372495,23,78,"{""type"":""Point"",""coordinates"":[108.42738527896259,14.525486008791525]}",108.42738527896259,14.525486008791525,932.7798287107898
0000000000000000071d,1,836,0.6932030424113053,24,78,"{""type"":""Point"",""coordinates"":[108.43088567328955,14.20721321200077]}",108.43088567328955,14.20721321200077,2051.1162790449757
00000000000000000992,1,1028,0.6392718316744646,24,78,"{""type"":""Point"",""coordinates"":[108.43061812722635,14.365136734909605]}",108.43061812722635,14.365136734909605,1904.519361065585
00000000000000000953,1,744,0.6453248507772484,27,78,"{""type"":""Point"",""coordinates"":[108.44166777963679,14.257609972106817]}",108.44166777963679,14.257609972106817,902.8121033115168
00000000000000000905,1,684,0.5062779491896113,30,78,"{""type"":""Point"",""coordinates"":[108.62411635833956,14.24709987092384]}",108.62411635833956,14.24709987092384,1330.661492870315
0000000000000000099c,1,849,0.6339541795568712,30,78,"{""type"":""Point"",""coordinates"":[108.43978157989118,14.371606890538157]}",108.43978157989118,14.371606890538157,1058.7171947467375
0000000000000000085a,1,1025,0.4872256425559428,3,79,"{""type"":""Point"",""coordinates"":[108.41417742164228,14.45757389974754]}",108.41417742164228,14.45757389974754,542.7584383518258
00000000000000000876,1,769,0.5548126142448767,7,79,"{""type"":""Point"",""coordinates"":[108.51631759037252,14.329834031869478]}",108.51631759037252,14.329834031869478,666.6304136845819
00000000000000000a85,1,589,0.3248990415487108,8,79,"{""type"":""Point"",""coordinates"":[108.49718358775219,14.050101245483658]}",108.49718358775219,14.050101245483658,692.7760268766204
00000000000000000743,1,728,0.218179935544947,9,79,"{""type"":""Point"",""coordinates"":[108.43843493137302,14.28132793061009]}",108.43843493137302,14.28132793061009,419.48090793854635
000000000000000008e5,1,759,0.2563495322441904,9,79,"{""type"":""Point"",""coordinates"":[108.47939623364998,14.24548121724144]}",108.47939623364998,14.24548121724144,752.0553900670226
00000000000000000970,1,642,0.4980244216556851,9,79,"{""type"":""Point"",""coordinates"":[108.4831686331412,14.189965409126039]}",108.4831686331412,14.189965409126039,86.83796506119597
00000000000000000bd0,1,679,0.5463128704329081,10,79,"{""type"":""Point"",""coordinates"":[108.48451528165936,14.238475969486474]}",108.48451528165936,14.238475969486474,133.46120921819698
000000000000000007c3,1,621,0.1976410319203205,11,79,"{""type"":""Point"",""coordinates"":[108.43493007794503,14.261114825534824]}",108.43493007794503,14.261114825534824,611.8403253672528
000000000000000007e5,1,724,0.6746605781200861,12,79,"{""type"":""Point"",""coordinates"":[108.42226177185218,14.20047551030901]}",108.42226177185218,14.20047551030901,3024.099794416611
00000000000000000950,1,567,0.7334775617802648,13,79,"{""type"":""Point"",""coordinates"":[108.56563524802364,14.122864856473786]}",108.56563524802364,14.122864856473786,156.41842999886399
00000000000000000b30,1,1045,0.507515072341358,13,79,"{""type"":""Point"",""coordinates"":[108.40393932562358,14.389661790703556]}",108.40393932562358,14.389661790703556,2052.22024009069
0000000000000000087f,1,748,0.6366742066530547,15,79,"{""type"":""Point"",""coordinates"":[108.4624204359395,14.309085834667792]}",108.4624204359395,14.309085834667792,698.4537607213616
00000000000000000795,1,693,0.0397479704932062,19,79,"{""type"":""Point"",""coordinates"":[108.48829214025162,14.233624467540327]}",108.48829214025162,14.233624467540327,452.74037981485395
00000000000000000947,1,901,0.0952828655799036,19,79,"{""type"":""Point"",""coordinates"":[108.44436107667308,14.375918841256837]}",108.44436107667308,14.375918841256837,428.66418601316997
000000000000000009f0,1,981,0.0383871583466937,20,79,"{""type"":""Point"",""coordinates"":[108.42953902477142,14.39882524336839]}",108.42953902477142,14.39882524336839,571.3266425875016
00000000000000000ad8,1,934,0.321200121872636,20,79,"{""type"":""Point"",""coordinates"":[108.34006716213402,14.386156937275553]}",108.34006716213402,14.386156937275553,594.05846616982
00000000000000000c20,1,757,0.5530433147107996,21,79,"{""type"":""Point"",""coordinates"":[108.4931391830967,14.32471498386012]}",108.4931391830967,14.32471498386012,1672.1859957439124
0000000000000000084c,1,575,0.2618263605052412,22,79,"{""type"":""Point"",""coordinates"":[108.57883864624287,14.124751056219392]}",108.57883864624287,14.124751056219392,433.03123687648326
00000000000000000885,1,998,0.5499146485982334,30,79,"{""type"":""Point"",""coordinates"":[108.43007857599888,14.368374042274407]}",108.43007857599888,14.368374042274407,1615.0550610115338
0000000000000000094d,1,960,0.7318298593877675,5,81,"{""type"":""Point"",""coordinates"":[108.50472838673461,14.465123157831025]}",108.50472838673461,14.465123157831025,1496.473438469929
00000000000000000786,1,731,0.2763500977238106,7,81,"{""type"":""Point"",""coordinates"":[108.51658513643574,14.280516374218367]}",108.51658513643574,14.280516374218367,1647.2159558053609
00000000000000000a74,1,524,0.5460545432182324,7,81,"{""type"":""Point"",""coordinates"":[108.5518922985769,14.1527765063403]}",108.5518922985769,14.1527765063403,657.901845712942
000000000000000007c5,1,773,0.4310809965229332,12,81,"{""type"":""Point"",""coordinates"":[108.45271743204722,14.233356921477121]}",108.45271743204722,14.233356921477121,651.9994374263671
00000000000000000c3c,1,720,0.400677231799621,12,81,"{""type"":""Point"",""coordinates"":[108.43789538014558,14.28132793061009]}",108.43789538014558,14.28132793061009,477.3476285305537
00000000000000000c3b,1,683,0.5259533421946982,14,81,"{""type"":""Point"",""coordinates"":[108.61603200812968,14.245753222405703]}",108.61603200812968,14.245753222405703,732.319787212771
00000000000000000a60,1,633,0.7908138839314512,15,81,"{""type"":""Point"",""coordinates"":[108.45217788081975,14.293184680311205]}",108.45217788081975,14.293184680311205,113.00881898265828
00000000000000000b20,1,1104,0.7521983188127465,15,81,"{""type"":""Point"",""coordinates"":[108.38399376661152,14.424429401617274]}",108.38399376661152,14.424429401617274,1104.304150339507
000000000000000007ce,1,581,0.2380999989926197,16,81,"{""type"":""Point"",""coordinates"":[108.52574858910054,14.20532701225516]}",108.52574858910054,14.20532701225516,161.688208521675
000000000000000007d9,1,621,0.1276757870539406,17,81,"{""type"":""Point"",""coordinates"":[108.50661458648021,14.172450060188103]}",108.50661458648021,14.172450060188103,2089.428059159242
00000000000000000ace,1,633,0.1424964787940835,18,81,"{""type"":""Point"",""coordinates"":[108.5044608406714,14.16625190972381]}",108.5044608406714,14.16625190972381,510.03457235550366
00000000000000000794,1,958,0.0071912857342053,19,81,"{""type"":""Point"",""coordinates"":[108.42037557210658,14.26758052206232]}",108.42037557210658,14.26758052206232,1997.6547824231748
000000000000000008d9,1,772,0.5936827574658712,20,81,"{""type"":""Point"",""coordinates"":[108.43493007794503,14.254105118678806]}",108.43493007794503,14.254105118678806,1298.2782732082153
00000000000000000bad,1,736,0.4399714144367173,23,81,"{""type"":""Point"",""coordinates"":[108.45837603128405,14.142805956384798]}",108.45837603128405,14.142805956384798,1344.583310672983
000000000000000007a3,1,732,0.4570902269123063,24,81,"{""type"":""Point"",""coordinates"":[108.47319808318571,14.17271760625131]}",108.47319808318571,14.17271760625131,385.61302849530614
0000000000000000097b,1,711,0.3167777707531263,1,82,"{""type"":""Point"",""coordinates"":[108.48128243339559,14.253837572615598]}",108.48128243339559,14.253837572615598,116.03070993263677
000000000000000006f6,1,732,0.1688588723901086,3,82,"{""type"":""Point"",""coordinates"":[108.48532683805107,14.220688615384281]}",108.48532683805107,14.220688615384281,209.7328483656777
00000000000000000749,1,837,0.7894160132231666,3,82,"{""type"":""Point"",""coordinates"":[108.62141860220223,14.38966179070356]}",108.62141860220223,14.38966179070356,489.6720150099403
0000000000000000092b,1,574,0.5869055106655288,5,82,"{""type"":""Point"",""coordinates"":[108.52736724278296,14.14226640515733]}",108.52736724278296,14.14226640515733,578.3930554872619
00000000000000000bac,1,941,0.6774712992103553,5,82,"{""type"":""Point"",""coordinates"":[108.51443139062691,14.47293550287666]}",108.51443139062691,14.47293550287666,162.05435883962585
000000000000000008cf,1,895,0.6145936017537831,7,82,"{""type"":""Point"",""coordinates"":[108.43789538014558,14.372413987828832]}",108.43789538014558,14.372413987828832,926.5660647211126
00000000000000000871,1,875,0.2167024565869867,9,82,"{""type"":""Point"",""coordinates"":[108.57479870068846,14.354898638890894]}",108.57479870068846,14.354898638890894,153.48208005752625
00000000000000000bed,1,1132,0.0928668022655336,9,82,"{""type"":""Point"",""coordinates"":[108.39881581851316,14.482906052832167]}",108.39881581851316,14.482906052832167,561.8276421602674
0000000000000000081c,1,1124,0.0103489073275704,10,82,"{""type"":""Point"",""coordinates"":[108.39477587295875,14.502312060616763]}",108.39477587295875,14.502312060616763,712.5131913140743
00000000000000000944,1,565,0.2966275962116427,10,82,"{""type"":""Point"",""coordinates"":[108.54650124540329,14.085403948523787]}",108.54650124540329,14.085403948523787,561.8726832847705
00000000000000000a30,1,1107,0.7988559661202237,10,82,"{""type"":""Point"",""coordinates"":[108.4389744826005,14.521713609300306]}",108.4389744826005,14.521713609300306,723.6914064209792
00000000000000000a83,1,674,0.1393137080111025,10,82,"{""type"":""Point"",""coordinates"":[108.47751003390437,14.174068713870506]}",108.47751003390437,14.174068713870506,535.7911950044526
0000000000000000085f,1,970,0.5690684030016255,11,82,"{""type"":""Point"",""coordinates"":[108.44651928158292,14.38642894243981]}",108.44651928158292,14.38642894243981,25.250005495515932
000000000000000009cf,1,743,0.7228663463689441,11,82,"{""type"":""Point"",""coordinates"":[108.46915367853022,14.27647642866394]}",108.46915367853022,14.27647642866394,1099.4217508125553
00000000000000000b0d,1,602,0.2037341222275027,11,82,"{""type"":""Point"",""coordinates"":[108.51443139062691,14.164633256041414]}",108.51443139062691,14.164633256041414,500.56214452666626
000000000000000007c6,1,849,0.6029575093623609,12,82,"{""type"":""Point"",""coordinates"":[108.48370818436868,14.324175432632655]}",108.48370818436868,14.324175432632655,748.9785945301036
00000000000000000816,1,1080,0.5385518841942558,12,82,"{""type"":""Point"",""coordinates"":[108.40393932562358,14.430895098144775]}",108.40393932562358,14.430895098144775,257.2316841595429
000000000000000008a7,1,772,0.6501314208945965,12,82,"{""type"":""Point"",""coordinates"":[108.502842186989,14.334145982588158]}",108.502842186989,14.334145982588158,2349.0220425101056
00000000000000000bc5,1,904,0.5203534957263227,12,82,"{""type"":""Point"",""coordinates"":[108.43493007794503,14.391547990449167]}",108.43493007794503,14.391547990449167,190.40788668221126
0000000000000000072e,1,736,0.146231356775133,13,82,"{""type"":""Point"",""coordinates"":[108.46106932832032,14.261654376762289]}",108.46106932832032,14.261654376762289,242.26466572731627
000000000000000008cd,1,568,0.2610394088368489,13,82,"{""type"":""Point"",""coordinates"":[108.4909854372879,14.147385453166684]}",108.4909854372879,14.147385453166684,186.83407684503584
00000000000000000979,1,657,0.4295682110908855,13,82,"{""type"":""Point"",""coordinates"":[108.48208953068627,14.164633256041414]}",108.48208953068627,14.164633256041414,457.38015487520204
00000000000000000b77,1,696,0.7553449307858313,13,82,"{""type"":""Point"",""coordinates"":[108.47373763441317,14.175415362388646]}",108.47373763441317,14.175415362388646,122.7923197064671
00000000000000000974,1,786,0.7996698021663052,14,82,"{""type"":""Point"",""coordinates"":[108.4729305371225,14.215297562210663]}",108.4729305371225,14.215297562210663,1129.084116294142
00000000000000000bc7,1,860,0.3866972168371231,14,82,"{""type"":""Point"",""coordinates"":[108.45244542688296,14.144152604902938]}",108.45244542688296,14.144152604902938,1590.0910267916108
0000000000000000098e,1,772,0.7074989921967739,15,82,"{""type"":""Point"",""coordinates"":[108.63651265926815,14.305041430012317]}",108.63651265926815,14.305041430012317,3080.2221157113772
00000000000000000a0b,1,824,0.458276336750797,15,82,"{""type"":""Point"",""coordinates"":[108.62115105613903,14.383196094176062]}",108.62115105613903,14.383196094176062,213.8162326586324
0000000000000000088d,1,859,0.2146997461377422,16,82,"{""type"":""Point"",""coordinates"":[108.56132329730494,14.399092789431597]}",108.56132329730494,14.399092789431597,1263.831828692961
00000000000000000826,1,672,0.0196952757613262,17,82,"{""type"":""Point"",""coordinates"":[108.47939623365,14.191851608871648]}",108.47939623365,14.191851608871648,398.21151935501376
000000000000000008f8,1,696,0.2151437056514913,17,82,"{""type"":""Point"",""coordinates"":[108.49610448529725,14.22823341436671]}",108.49610448529725,14.22823341436671,2001.5532412883697
00000000000000000ba0,1,870,0.7708013313414194,17,82,"{""type"":""Point"",""coordinates"":[108.44004912595437,14.228505419530972]}",108.44004912595437,14.228505419530972,374.24072105642404
00000000000000000c51,1,593,0.3757021675972148,17,82,"{""type"":""Point"",""coordinates"":[108.50176308453406,14.164905261205673]}",108.50176308453406,14.164905261205673,112.35324891792195
000000000000000009a8,1,1122,0.4955656397897275,18,82,"{""type"":""Point"",""coordinates"":[108.42846438141753,14.505005357653046]}",108.42846438141753,14.505005357653046,284.7463445916255
00000000000000000988,1,1011,0.4865090344975158,19,82,"{""type"":""Point"",""coordinates"":[108.42846438141753,14.406102496287614]}",108.42846438141753,14.406102496287614,377.8278807139615
000000000000000009ae,1,1156,0.0094891506468832,19,82,"{""type"":""Point"",""coordinates"":[108.39854827244997,14.49018330575139]}",108.39854827244997,14.49018330575139,239.93886041376146
00000000000000000b0b,1,816,0.102920199902218,19,82,"{""type"":""Point"",""coordinates"":[108.4696932297577,14.241708817750226]}",108.4696932297577,14.241708817750226,444.0075214971073
00000000000000000bd9,1,698,0.7128287031176187,19,82,"{""type"":""Point"",""coordinates"":[108.45810848522083,14.145499253421079]}",108.45810848522083,14.145499253421079,1089.2447888977626
00000000000000000bab,1,641,0.1801591025621829,20,82,"{""type"":""Point"",""coordinates"":[108.54191728952034,14.112354755290813]}",108.54191728952034,14.112354755290813,324.21075770847875
00000000000000000bff,1,881,0.3961009044801638,20,82,"{""type"":""Point"",""coordinates"":[108.3263242126873,14.364329637618932]}",108.3263242126873,14.364329637618932,683.2683002070975
00000000000000000664,1,638,0.3015102357274264,21,82,"{""type"":""Point"",""coordinates"":[108.54434304049343,14.12933055300128]}",108.54434304049343,14.12933055300128,797.1027427163536
00000000000000000745,1,1134,0.3947466694447298,21,82,"{""type"":""Point"",""coordinates"":[108.39423632173127,14.49180195943379]}",108.39423632173127,14.49180195943379,163.53582516536693
00000000000000000af1,1,697,0.6600574220298658,21,82,"{""type"":""Point"",""coordinates"":[108.4195684748159,14.216109118602393]}",108.4195684748159,14.216109118602393,2118.231624333153
00000000000000000800,1,876,0.5215357350678562,23,82,"{""type"":""Point"",""coordinates"":[108.44301442815492,14.3745721927387]}",108.44301442815492,14.3745721927387,636.7827908990711
0000000000000000069f,1,620,0.3070604495610907,24,82,"{""type"":""Point"",""coordinates"":[108.50500039189886,14.20586656348263]}",108.50500039189886,14.20586656348263,370.1129448636015
00000000000000000b4c,1,542,0.1533236317415676,25,82,"{""type"":""Point"",""coordinates"":[108.51820379011812,14.17972731310733]}",108.51820379011812,14.17972731310733,236.81804045078988
00000000000000000b85,1,729,0.0259626049184117,25,82,"{""type"":""Point"",""coordinates"":[108.4516383295923,14.261921922825497]}",108.4516383295923,14.261921922825497,294.70183104747525
00000000000000000715,1,868,0.2211335467498523,26,82,"{""type"":""Point"",""coordinates"":[108.45568273424777,14.137954454438647]}",108.45568273424777,14.137954454438647,1953.6397198776726
00000000000000000713,1,631,0.2578973071815958,27,82,"{""type"":""Point"",""coordinates"":[108.55781844387694,14.130677201519422]}",108.55781844387694,14.130677201519422,292.33454150919465
00000000000000000836,1,909,0.7788160314223965,27,82,"{""type"":""Point"",""coordinates"":[108.4667323866582,14.13903355689358]}",108.4667323866582,14.13903355689358,1310.7783735113437
000000000000000008e6,1,978,0.3443248154961493,27,82,"{""type"":""Point"",""coordinates"":[108.44463308183731,14.198589310563404]}",108.44463308183731,14.198589310563404,2233.112054194171
00000000000000000a8f,1,543,0.0676442647798389,28,82,"{""type"":""Point"",""coordinates"":[108.50688659164447,14.191044511580973]}",108.50688659164447,14.191044511580973,1430.8956854273815
00000000000000000b1b,1,622,0.738793720628204,28,82,"{""type"":""Point"",""coordinates"":[108.51658513643574,14.212336719111175]}",108.51658513643574,14.212336719111175,749.2995210652577
00000000000000000882,1,600,0.6547174488573235,34,82,"{""type"":""Point"",""coordinates"":[108.48532683805107,14.148464555621619]}",108.48532683805107,14.148464555621619,79.04845592968447
0000000000000000088a,1,823,0.212314452146558,35,82,"{""type"":""Point"",""coordinates"":[108.4211871284983,14.22823341436671]}",108.4211871284983,14.22823341436671,1614.7278372920448
0000000000000000069d,1,720,0.0905552229464474,3,83,"{""type"":""Point"",""coordinates"":[108.47966823881426,14.251411821642524]}",108.47966823881426,14.251411821642524,173.108873806202
00000000000000000be9,1,668,0.515889360289564,3,83,"{""type"":""Point"",""coordinates"":[108.6413641612143,14.165979904559558]}",108.6413641612143,14.165979904559558,1176.0997705429788
000000000000000007f8,1,597,0.6969466526986348,4,83,"{""type"":""Point"",""coordinates"":[108.51173809359062,14.144692156130404]}",108.51173809359062,14.144692156130404,207.04544676252567
0000000000000000086b,1,936,0.572465039313698,4,83,"{""type"":""Point"",""coordinates"":[108.50311419215326,14.428201801108493]}",108.50311419215326,14.428201801108493,3635.16655103292
00000000000000000c37,1,902,0.6366422389546221,4,83,"{""type"":""Point"",""coordinates"":[108.33225481708838,14.331180680387615]}",108.33225481708838,14.331180680387615,48.12273683352765
00000000000000000999,1,645,0.203188058057979,5,83,"{""type"":""Point"",""coordinates"":[108.64028505875937,14.1331029524925]}",108.64028505875937,14.1331029524925,521.1291996526106
0000000000000000077f,1,712,0.183153913327599,6,83,"{""type"":""Point"",""coordinates"":[108.5287138913011,14.2735111264634]}",108.5287138913011,14.2735111264634,189.31386585376342
00000000000000000787,1,830,0.2630175553435444,6,83,"{""type"":""Point"",""coordinates"":[108.62007195368409,14.383735645403535]}",108.62007195368409,14.383735645403535,132.2765098659778
000000000000000008eb,1,514,0.2983734064846249,7,83,"{""type"":""Point"",""coordinates"":[108.5518922985769,14.153316057567766]}",108.5518922985769,14.153316057567766,598.8573746699872
00000000000000000916,1,980,0.2344739507003703,7,83,"{""type"":""Point"",""coordinates"":[108.4847872868236,14.496113910152474]}",108.4847872868236,14.496113910152474,1303.0256912662692
00000000000000000b90,1,561,0.0222048285956054,9,83,"{""type"":""Point"",""coordinates"":[108.55485314167639,14.137954454438647]}",108.55485314167639,14.137954454438647,20.959102645779044
00000000000000000747,1,609,0.2033695597511375,10,83,"{""type"":""Point"",""coordinates"":[108.51901088740881,14.167331012178748]}",108.51901088740881,14.167331012178748,56.84503096061181
000000000000000009ba,1,713,0.1609706541134627,10,83,"{""type"":""Point"",""coordinates"":[108.51308474210877,14.208292314455703]}",108.51308474210877,14.208292314455703,327.06083154311733
00000000000000000764,1,1111,0.7023071753013499,12,83,"{""type"":""Point"",""coordinates"":[108.44004912595439,14.522525165692032]}",108.44004912595439,14.522525165692032,728.5212740820499
00000000000000000929,1,615,0.1928439748440336,12,83,"{""type"":""Point"",""coordinates"":[108.50715413770767,14.200747515473271]}",108.50715413770767,14.200747515473271,646.1758486060262
00000000000000000a6c,1,836,0.7009479464079734,12,83,"{""type"":""Point"",""coordinates"":[108.45972267980218,14.20263371521888]}",108.45972267980218,14.20263371521888,431.7968268366986
00000000000000000a8d,1,625,0.2360817160645973,12,83,"{""type"":""Point"",""coordinates"":[108.49960933872526,14.053873644974873]}",108.49960933872526,14.053873644974873,560.6806995657655
00000000000000000aa1,1,562,0.3881907660159982,12,83,"{""type"":""Point"",""coordinates"":[108.50715413770767,14.196703110817795]}",108.50715413770767,14.196703110817795,910.4130747567975
000000000000000006ba,1,653,0.4119240298494496,16,83,"{""type"":""Point"",""coordinates"":[108.48613393534174,14.30800673221286]}",108.48613393534174,14.30800673221286,128.97166369034022
00000000000000000740,1,796,0.7372966483503213,17,83,"{""type"":""Point"",""coordinates"":[108.48721303779668,14.180806415562262]}",108.48721303779668,14.180806415562262,255.62446273975067
0000000000000000082d,1,915,0.7144022290350346,18,83,"{""type"":""Point"",""coordinates"":[108.46807903517633,14.21853486957547]}",108.46807903517633,14.21853486957547,857.9832180484054
00000000000000000b57,1,580,0.2746610944715826,19,83,"{""type"":""Point"",""coordinates"":[108.63112160609454,14.151697403885366]}",108.63112160609454,14.151697403885366,138.73017351412673
0000000000000000071f,1,803,0.3982699784902288,21,83,"{""type"":""Point"",""coordinates"":[108.42981102993566,14.20559901741942]}",108.42981102993566,14.20559901741942,2260.270995467549
00000000000000000785,1,551,0.2284936087604876,22,83,"{""type"":""Point"",""coordinates"":[108.54461504565768,14.17972731310733]}",108.54461504565768,14.17972731310733,986.9463409689555
000000000000000007da,1,1090,0.6778420493340758,22,83,"{""type"":""Point"",""coordinates"":[108.40259267710545,14.422003650644202]}",108.40259267710545,14.422003650644202,2990.6401874888397
000000000000000006aa,1,862,0.7582446735984311,23,83,"{""type"":""Point"",""coordinates"":[108.4669999327214,14.142266405157327]}",108.4669999327214,14.142266405157327,959.8951833325254
0000000000000000068e,1,790,0.2895279069558308,24,83,"{""type"":""Point"",""coordinates"":[108.45837603128405,14.138761551729322]}",108.45837603128405,14.138761551729322,1721.4929231384253
00000000000000000bfd,1,930,0.6981440698155476,24,83,"{""type"":""Point"",""coordinates"":[108.45406408056536,14.137147357147974]}",108.45406408056536,14.137147357147974,2110.885631136262
000000000000000008db,1,1151,0.2452765006572531,26,83,"{""type"":""Point"",""coordinates"":[108.31662120879498,14.357324389863972]}",108.31662120879498,14.357324389863972,1378.272099866104
00000000000000000845,1,706,0.131002184583119,37,83,"{""type"":""Point"",""coordinates"":[108.44247487692745,14.257342426043609]}",108.44247487692745,14.257342426043609,1149.7707479024523
000000000000000009ca,1,664,0.1698659647223288,0,85,"{""type"":""Point"",""coordinates"":[108.64109215605004,14.167331012178744]}",108.64109215605004,14.167331012178744,1286.4492000259147
00000000000000000b00,1,607,0.6958727757030512,1,85,"{""type"":""Point"",""coordinates"":[108.48613393534175,14.302615679039244]}",108.48613393534175,14.302615679039244,69.12643129537554
00000000000000000c12,1,634,0.1798960189226466,2,85,"{""type"":""Point"",""coordinates"":[108.5109265371989,14.173257157478778]}",108.5109265371989,14.173257157478778,348.81289632960295
000000000000000006c7,1,701,0.031830684839736,3,85,"{""type"":""Point"",""coordinates"":[108.60147750229122,14.27216447794526]}",108.60147750229122,14.27216447794526,58.008704690484535
00000000000000000ba2,1,665,0.1122087269289353,3,85,"{""type"":""Point"",""coordinates"":[108.64109215605004,14.16651945578702]}",108.64109215605004,14.16651945578702,1209.5431155467884
00000000000000000824,1,760,0.5537760875385439,4,85,"{""type"":""Point"",""coordinates"":[108.51605004430931,14.3274082808964]}",108.51605004430931,14.3274082808964,748.2968151215316
00000000000000000961,1,861,0.343985955355289,4,85,"{""type"":""Point"",""coordinates"":[108.43412298065434,14.382924089011805]}",108.43412298065434,14.382924089011805,266.1508142985809
0000000000000000099b,1,1058,0.048749803400142,5,85,"{""type"":""Point"",""coordinates"":[108.42576662528019,14.364869188846402]}",108.42576662528019,14.364869188846402,2198.5292509880405
00000000000000000aee,1,678,0.1339557987937094,5,85,"{""type"":""Point"",""coordinates"":[108.52467394574668,14.240901720459552]}",108.52467394574668,14.240901720459552,1014.4073328027058
00000000000000000c26,1,730,0.7724407617312241,5,85,"{""type"":""Point"",""coordinates"":[108.50823324016262,14.211525162719452]}",108.50823324016262,14.211525162719452,202.23572710111677
0000000000000000074d,1,665,0.4637717257118875,6,85,"{""type"":""Point"",""coordinates"":[108.63920595630444,14.167059007014489]}",108.63920595630444,14.167059007014489,1169.083513490883
00000000000000000a9e,1,877,0.6994326323337495,6,85,"{""type"":""Point"",""coordinates"":[108.33144326069664,14.347888932034882]}",108.33144326069664,14.347888932034882,184.48038392386874
0000000000000000076f,1,731,0.638667325285283,7,85,"{""type"":""Point"",""coordinates"":[108.48236153585052,14.264615219861776]}",108.48236153585052,14.264615219861776,742.9166872485357
00000000000000000abb,1,778,0.2680846675885366,7,85,"{""type"":""Point"",""coordinates"":[108.45810848522085,14.140380205411725]}",108.45810848522085,14.140380205411725,1596.4102298635987
00000000000000000c0d,1,844,0.6239178410099356,7,85,"{""type"":""Point"",""coordinates"":[108.48748058385989,14.344928088935392]}",108.48748058385989,14.344928088935392,382.91596572083967
000000000000000009b0,1,667,0.1693872539866686,8,85,"{""type"":""Point"",""coordinates"":[108.48262908191374,14.170831406505703]}",108.48262908191374,14.170831406505703,94.35392965211301
00000000000000000c32,1,714,0.2504534233050807,8,85,"{""type"":""Point"",""coordinates"":[108.57883864624287,14.289140275655729]}",108.57883864624287,14.289140275655729,232.6356059933212
000000000000000006cf,1,871,0.0231971787700395,9,85,"{""type"":""Point"",""coordinates"":[108.48182198462307,14.31986348191397]}",108.48182198462307,14.31986348191397,338.39539145789064
0000000000000000072b,1,1097,0.403770831623419,10,85,"{""type"":""Point"",""coordinates"":[108.39127101953075,14.415265948952447]}",108.39127101953075,14.415265948952447,1898.773879274194
0000000000000000089b,1,889,0.6839154072320143,10,85,"{""type"":""Point"",""coordinates"":[108.43088567328955,14.387508044894746]}",108.43088567328955,14.387508044894746,73.05536761098374
00000000000000000c7a,1,778,0.0478026316268023,10,85,"{""type"":""Point"",""coordinates"":[108.48936678360549,14.140919756639189]}",108.48936678360549,14.140919756639189,847.2407300806658
00000000000000000886,1,946,0.0005635807617336841,11,85,"{""type"":""Point"",""coordinates"":[108.44705883281038,14.377805041002444]}",108.44705883281038,14.377805041002444,73.2095672477527
000000000000000009b6,1,883,0.7161066806941293,11,85,"{""type"":""Point"",""coordinates"":[108.43331142426261,14.386968493667277]}",108.43331142426261,14.386968493667277,124.09770466276183
00000000000000000c2c,1,872,0.2298748251661435,11,85,"{""type"":""Point"",""coordinates"":[108.33360146560652,14.365948291301335]}",108.33360146560652,14.365948291301335,116.09482807094702
00000000000000000763,1,976,0.7828349826305206,12,85,"{""type"":""Point"",""coordinates"":[108.46996523492194,14.414454392560723]}",108.46996523492194,14.414454392560723,539.0492266923966
000000000000000007d8,1,805,0.6193409493928558,12,85,"{""type"":""Point"",""coordinates"":[108.47077233221262,14.241441271687018]}",108.47077233221262,14.241441271687018,473.76102755272547
00000000000000000a5d,1,1039,0.2880892998684345,12,85,"{""type"":""Point"",""coordinates"":[108.40743971995053,14.400983448278259]}",108.40743971995053,14.400983448278259,1078.5559083582498
00000000000000000c44,1,1202,0.3809124842384044,12,85,"{""type"":""Point"",""coordinates"":[108.38156801563844,14.506624011335447]}",108.38156801563844,14.506624011335447,2.821742889548541
00000000000000000739,1,979,0.3228269444688157,13,85,"{""type"":""Point"",""coordinates"":[108.41040502215107,14.397478594850249]}",108.41040502215107,14.397478594850249,1329.7442419676397
0000000000000000071b,1,776,0.4606568205707914,15,85,"{""type"":""Point"",""coordinates"":[108.51119854236318,14.334417987752422]}",108.51119854236318,14.334417987752422,99.12146272771905
00000000000000000754,1,949,0.1134680429503319,15,85,"{""type"":""Point"",""coordinates"":[108.42576662528019,14.385621845149142]}",108.42576662528019,14.385621845149142,266.04803536909134
000000000000000007e2,1,663,0.5450606131678047,15,85,"{""type"":""Point"",""coordinates"":[108.61603200812968,14.24763942215131]}",108.61603200812968,14.24763942215131,912.4822762458625
00000000000000000ac3,1,726,0.6555923321118262,15,85,"{""type"":""Point"",""coordinates"":[108.47508428293129,14.193202716490841]}",108.47508428293129,14.193202716490841,100.04423149612066
0000000000000000079e,1,722,0.3916067091512368,16,85,"{""type"":""Point"",""coordinates"":[108.48290108707799,14.265426776253502]}",108.48290108707799,14.265426776253502,709.3219969654596
000000000000000008bb,1,863,0.7574894842555914,17,85,"{""type"":""Point"",""coordinates"":[108.46619283543075,14.19616355959033]}",108.46619283543075,14.19616355959033,373.8216550988772
000000000000000009a3,1,683,0.6232039593862829,17,85,"{""type"":""Point"",""coordinates"":[108.43466253188183,14.283481676418907]}",108.43466253188183,14.283481676418907,839.9452478346315
000000000000000007ab,1,781,0.5546290989396505,18,85,"{""type"":""Point"",""coordinates"":[108.47993578487744,14.159781754095262]}",108.47993578487744,14.159781754095262,958.3206437945133
0000000000000000094a,1,659,0.061619634629091,18,85,"{""type"":""Point"",""coordinates"":[108.55889754633186,14.130137650291957]}",108.55889754633186,14.130137650291957,371.4545594882616
0000000000000000097c,1,871,0.0881423495459864,18,85,"{""type"":""Point"",""coordinates"":[108.5518922985769,14.362710983936534]}",108.5518922985769,14.362710983936534,936.9050033317362
0000000000000000099e,1,789,0.1709772575258037,18,85,"{""type"":""Point"",""coordinates"":[108.4710443373769,14.261654376762289]}",108.4710443373769,14.261654376762289,169.91235666000324
00000000000000000ae7,1,1023,0.7628611217915723,18,85,"{""type"":""Point"",""coordinates"":[108.40663262265987,14.412840197979369]}",108.40663262265987,14.412840197979369,213.33256751579836
00000000000000000b8a,1,875,0.5317611886079953,19,85,"{""type"":""Point"",""coordinates"":[108.5090403374533,14.35112623939968]}",108.5090403374533,14.35112623939968,1850.0947152514373
000000000000000006c3,1,620,0.3651013902651727,20,85,"{""type"":""Point"",""coordinates"":[108.49772313897964,14.17110341166996]}",108.49772313897964,14.17110341166996,291.7699797685874
000000000000000006ce,1,665,0.6607528347215682,20,85,"{""type"":""Point"",""coordinates"":[108.46349507929341,14.14684590193922]}",108.46349507929341,14.14684590193922,673.2710539981015
00000000000000000962,1,646,0.2825615945027362,20,85,"{""type"":""Point"",""coordinates"":[108.44786593010107,14.265966327480971]}",108.44786593010107,14.265966327480971,895.0089930056312
000000000000000009a9,1,590,0.5400770323970401,20,85,"{""type"":""Point"",""coordinates"":[108.52763478884617,14.229312516821645]}",108.52763478884617,14.229312516821645,430.99024283053615
00000000000000000b3b,1,1029,0.5020409570632068,20,85,"{""type"":""Point"",""coordinates"":[108.40501396897744,14.402058091632142]}",108.40501396897744,14.402058091632142,1138.7290126243208
00000000000000000b76,1,669,0.733005240342945,20,85,"{""type"":""Point"",""coordinates"":[108.44813347616429,14.264887225026039]}",108.44813347616429,14.264887225026039,937.7254967069173
00000000000000000869,1,963,0.6682662880176118,21,85,"{""type"":""Point"",""coordinates"":[108.4112165785428,14.400443897050796]}",108.4112165785428,14.400443897050796,989.8382302568234
00000000000000000756,1,658,0.450419364187944,22,85,"{""type"":""Point"",""coordinates"":[108.4831686331412,14.18269261530787]}",108.4831686331412,14.18269261530787,58.9170567085184
000000000000000007bd,1,962,0.2736400545170364,22,85,"{""type"":""Point"",""coordinates"":[108.45055922713736,14.195896013527124]}",108.45055922713736,14.195896013527124,1836.0689167222142
00000000000000000861,1,666,0.2056198129673264,22,85,"{""type"":""Point"",""coordinates"":[108.54407549443023,14.20398036373702]}",108.54407549443023,14.20398036373702,240.59116470193123
0000000000000000092c,1,1157,0.5108190001512289,24,85,"{""type"":""Point"",""coordinates"":[108.43250432697195,14.513629259090408]}",108.43250432697195,14.513629259090408,146.1720901993858
00000000000000000bf2,1,952,0.6642796076708403,24,85,"{""type"":""Point"",""coordinates"":[108.3389880596791,14.38615693727555]}",108.3389880596791,14.38615693727555,500.1444146801058
00000000000000000894,1,1009,0.3519227406188351,26,85,"{""type"":""Point"",""coordinates"":[108.40663262265987,14.391819995613428]}",108.40663262265987,14.391819995613428,1752.9092463399663
000000000000000007c1,1,716,0.5766475621940663,27,85,"{""type"":""Point"",""coordinates"":[108.4230733282439,14.209099411746378]}",108.4230733282439,14.209099411746378,2326.2952484912325
00000000000000000699,1,1149,0.5970618316241908,28,85,"{""type"":""Point"",""coordinates"":[108.37672097279335,14.500425860871156]}",108.37672097279335,14.500425860871156,548.9582573246165
000000000000000006f9,1,915,0.5255544879078023,29,85,"{""type"":""Point"",""coordinates"":[108.31796785731314,14.420117450898594]}",108.31796785731314,14.420117450898594,1905.5483796282876
000000000000000007d5,1,701,0.6259997330318033,29,85,"{""type"":""Point"",""coordinates"":[108.45837603128403,14.299650376838702]}",108.45837603128403,14.299650376838702,642.9953656354875
00000000000000000903,1,856,0.2439750314979514,30,85,"{""type"":""Point"",""coordinates"":[108.4931391830967,14.342230332798058]}",108.4931391830967,14.342230332798058,1034.6221476694823
00000000000000000a94,1,1095,0.147101006119724,30,85,"{""type"":""Point"",""coordinates"":[108.4211871284983,14.361903886645859]}",108.4211871284983,14.361903886645859,2764.7918919586677
00000000000000000b0c,1,786,0.3810755746630436,30,85,"{""type"":""Point"",""coordinates"":[108.46026223102965,14.22823341436671]}",108.46026223102965,14.22823341436671,312.79881364326116
0000000000000000066e,1,1026,0.2846574290554724,5,86,"{""type"":""Point"",""coordinates"":[108.43277187303516,14.400983448278259]}",108.43277187303516,14.400983448278259,156.60627372605612
000000000000000006fc,1,1110,0.5266698830184869,5,86,"{""type"":""Point"",""coordinates"":[108.4357371752357,14.518748307099766]}",108.4357371752357,14.518748307099766,467.24546119318796
00000000000000000bf7,1,1136,0.7733071717796544,6,86,"{""type"":""Point"",""coordinates"":[108.43654873162743,14.529530413446997]}",108.43654873162743,14.529530413446997,1345.3979291674655
0000000000000000094e,1,711,0.076259453550345,7,86,"{""type"":""Point"",""coordinates"":[108.51146608842637,14.201015061536479]}",108.51146608842637,14.201015061536479,242.98797822690318
00000000000000000ae8,1,728,0.7040233060216704,7,86,"{""type"":""Point"",""coordinates"":[108.47643093144944,14.27647642866394]}",108.47643093144944,14.27647642866394,599.8185768224532
00000000000000000b55,1,766,0.3418578647973654,7,86,"{""type"":""Point"",""coordinates"":[108.50068844118019,14.105077502371591]}",108.50068844118019,14.105077502371591,3286.8936446722696
000000000000000009bc,1,816,0.5552939485502555,8,86,"{""type"":""Point"",""coordinates"":[108.4926040909703,14.319595935850762]}",108.4926040909703,14.319595935850762,1245.2717644964628
00000000000000000977,1,1068,0.2736607235147773,11,86,"{""type"":""Point"",""coordinates"":[108.39935536974065,14.411493549461234]}",108.39935536974065,14.411493549461234,3930.1406922462156
00000000000000000ac0,1,881,0.5277022802281649,11,86,"{""type"":""Point"",""coordinates"":[108.49206453974283,14.343848986480456]}",108.49206453974283,14.343848986480456,885.8182754112547
00000000000000000be1,1,704,0.3427515233335799,11,86,"{""type"":""Point"",""coordinates"":[108.61468090051048,14.240094623168874]}",108.61468090051048,14.240094623168874,215.91772432819397
00000000000000000690,1,774,0.4379766137872866,12,86,"{""type"":""Point"",""coordinates"":[108.6216906073665,14.316898179713432]}",108.6216906073665,14.316898179713432,2511.148509556556
000000000000000006af,1,946,0.5984539774855675,12,86,"{""type"":""Point"",""coordinates"":[108.31662120879498,14.376458392484308]}",108.31662120879498,14.376458392484308,1531.7767821566938
00000000000000000b63,1,634,0.0447931139896506,13,86,"{""type"":""Point"",""coordinates"":[108.44948458378346,14.25249092409746]}",108.44948458378346,14.25249092409746,370.80357523591164
00000000000000000bc6,1,733,0.6168667083325012,13,86,"{""type"":""Point"",""coordinates"":[108.46619283543073,14.274590228918335]}",108.46619283543073,14.274590228918335,1147.5036408873384
0000000000000000082a,1,649,0.7271283957367555,14,86,"{""type"":""Point"",""coordinates"":[108.55863000026868,14.130409655456216]}",108.55863000026868,14.130409655456216,356.67925110950233
00000000000000000868,1,1150,0.6066192960073902,14,86,"{""type"":""Point"",""coordinates"":[108.39558297024942,14.498267655961287]}",108.39558297024942,14.498267655961287,572.6352319211758
0000000000000000073f,1,882,0.5417166024335628,15,86,"{""type"":""Point"",""coordinates"":[108.32443801294168,14.419305894506866]}",108.32443801294168,14.419305894506866,1309.405481661777
000000000000000006f7,1,805,0.1330141335352628,18,86,"{""type"":""Point"",""coordinates"":[108.44840548132855,14.317437730940897]}",108.44840548132855,14.317437730940897,1088.0214736464243
000000000000000009db,1,761,0.019440070729866,18,86,"{""type"":""Point"",""coordinates"":[108.46295552806593,14.14064775147493]}",108.46295552806593,14.14064775147493,1295.7891424651286
00000000000000000806,1,634,0.7679184840512429,19,86,"{""type"":""Point"",""coordinates"":[108.47211898073077,14.150622760531487]}",108.47211898073077,14.150622760531487,40.231772472585796
000000000000000006a9,1,958,0.1662701076125401,20,86,"{""type"":""Point"",""coordinates"":[108.42495952798953,14.394513292649709]}",108.42495952798953,14.394513292649709,475.82432474618224
000000000000000008cb,1,1054,0.0860834157311902,20,86,"{""type"":""Point"",""coordinates"":[108.40232067194118,14.401518540404673]}",108.40232067194118,14.401518540404673,1388.1557425831415
0000000000000000076d,1,767,0.2034284581557253,23,86,"{""type"":""Point"",""coordinates"":[108.43088567328955,14.21988151809361]}",108.43088567328955,14.21988151809361,897.4997102575495
00000000000000000b6b,1,704,0.4021480150481954,24,86,"{""type"":""Point"",""coordinates"":[108.62411635833956,14.24763942215131]}",108.62411635833956,14.24763942215131,1374.8560589708145
0000000000000000065b,1,803,0.6126975523716189,25,86,"{""type"":""Point"",""coordinates"":[108.4713118834401,14.23955507194141]}",108.4713118834401,14.23955507194141,343.0242186864347
00000000000000000673,1,674,0.5332554970860268,27,86,"{""type"":""Point"",""coordinates"":[108.49664403652471,14.1331029524925]}",108.49664403652471,14.1331029524925,622.0519250417134
00000000000000000a7b,1,761,0.3454626103754136,29,86,"{""type"":""Point"",""coordinates"":[108.43385097549009,14.253837572615598]}",108.43385097549009,14.253837572615598,1366.826855678284
00000000000000000b8b,1,864,0.0817451859120342,29,86,"{""type"":""Point"",""coordinates"":[108.42684572773511,14.269466721807927]}",108.42684572773511,14.269466721807927,1364.7685610595552
00000000000000000ac2,1,742,0.1320426272569547,30,86,"{""type"":""Point"",""coordinates"":[108.43439052671755,14.27000627303539]}",108.43439052671755,14.27000627303539,566.8423168798071
000000000000000009e4,1,1031,0.620841550614205,32,86,"{""type"":""Point"",""coordinates"":[108.465381279039,14.436014146154129]}",108.465381279039,14.436014146154129,4.793683012728709
000000000000000009c2,1,991,0.1202202191155457,36,86,"{""type"":""Point"",""coordinates"":[108.4193009287527,14.283214130355702]}",108.4193009287527,14.283214130355702,2486.56419328592
00000000000000000692,1,877,0.5592097513181359,2,87,"{""type"":""Point"",""coordinates"":[108.51901088740881,14.352472887917822]}",108.51901088740881,14.352472887917822,659.6499145479715
00000000000000000652,1,674,0.0723957102829964,4,87,"{""type"":""Point"",""coordinates"":[108.42819237625326,14.227158771012832]}",108.42819237625326,14.227158771012832,849.37612103737
00000000000000000bb3,1,849,0.084719029943528,5,87,"{""type"":""Point"",""coordinates"":[108.48047533610493,14.315819077258496]}",108.48047533610493,14.315819077258496,101.45249481157839
000000000000000009aa,1,996,0.1206668617242276,6,87,"{""type"":""Point"",""coordinates"":[108.49610448529724,14.46889555732224]}",108.49610448529724,14.46889555732224,1504.6308064927723
00000000000000000a7f,1,874,0.4753685684280452,6,87,"{""type"":""Point"",""coordinates"":[108.55727889264946,14.36864158833762]}",108.55727889264946,14.36864158833762,524.0387732921985
00000000000000000c01,1,749,0.4240933580138357,6,87,"{""type"":""Point"",""coordinates"":[108.4950253828423,14.338190387243634]}",108.4950253828423,14.338190387243634,1393.5183660752866
000000000000000009cc,1,1072,0.5826718435480696,7,87,"{""type"":""Point"",""coordinates"":[108.39558297024942,14.412028641587646]}",108.39558297024942,14.412028641587646,2313.876681951868
00000000000000000ad0,1,990,0.655676245929044,8,87,"{""type"":""Point"",""coordinates"":[108.48208953068627,14.496653461379937]}",108.48208953068627,14.496653461379937,1474.4651604872388
00000000000000000724,1,873,0.5333914785757001,9,87,"{""type"":""Point"",""coordinates"":[108.540303094939,14.369448685628292]}",108.540303094939,14.369448685628292,85.62615523299023
000000000000000007ec,1,865,0.5949205937981485,9,87,"{""type"":""Point"",""coordinates"":[108.48182198462307,14.320942584368904]}",108.48182198462307,14.320942584368904,394.2083968824152
000000000000000006ff,1,1138,0.296015621414768,10,87,"{""type"":""Point"",""coordinates"":[108.39154302469498,14.471049303131053]}",108.39154302469498,14.471049303131053,1315.5795456806259
00000000000000000913,1,845,0.733516257415227,10,87,"{""type"":""Point"",""coordinates"":[108.56428859950549,14.363250535164003]}",108.56428859950549,14.363250535164003,102.367721266249
00000000000000000915,1,935,0.177265160277346,10,87,"{""type"":""Point"",""coordinates"":[108.44678682764615,14.397746140913458]}",108.44678682764615,14.397746140913458,863.4138436995067
00000000000000000add,1,1089,0.2015295968079372,10,87,"{""type"":""Point"",""coordinates"":[108.39828072638676,14.421731645479941]}",108.39828072638676,14.421731645479941,746.4317389410779
00000000000000000c46,1,684,0.5758677320017626,10,87,"{""type"":""Point"",""coordinates"":[108.55566469806813,14.214222918856787]}",108.55566469806813,14.214222918856787,1123.8898006051945
00000000000000000808,1,594,0.3243451613970918,11,87,"{""type"":""Point"",""coordinates"":[108.44597973035546,14.282942125191438]}",108.44597973035546,14.282942125191438,277.43249085196425
0000000000000000079d,1,1022,0.7277212714778372,12,87,"{""type"":""Point"",""coordinates"":[108.44948458378346,14.420384996961806]}",108.44948458378346,14.420384996961806,103.632409837349
000000000000000007e3,1,694,0.1180498102736591,12,87,"{""type"":""Point"",""coordinates"":[108.52359484329175,14.24817897337878]}",108.52359484329175,14.24817897337878,1157.1111217350494
00000000000000000987,1,775,0.4994371613831245,12,87,"{""type"":""Point"",""coordinates"":[108.45379653450215,14.263268571343634]}",108.45379653450215,14.263268571343634,178.89475656473252
00000000000000000975,1,1142,0.5901623362431239,13,87,"{""type"":""Point"",""coordinates"":[108.42630617650767,14.498000109898081]}",108.42630617650767,14.498000109898081,951.1411401250056
00000000000000000ab2,1,827,0.6125698608403602,13,87,"{""type"":""Point"",""coordinates"":[108.4572969288291,14.13741490321118]}",108.4572969288291,14.13741490321118,1910.6762507697626
000000000000000006c9,1,1016,0.4236602784426991,14,87,"{""type"":""Point"",""coordinates"":[108.4438215254456,14.201826617928205]}",108.4438215254456,14.201826617928205,2164.663329122963
000000000000000007fc,1,905,0.6700507875005506,14,87,"{""type"":""Point"",""coordinates"":[108.45675737760163,14.194009813781518]}",108.45675737760163,14.194009813781518,1341.6905311070266
00000000000000000a92,1,748,0.1544221366206088,14,87,"{""type"":""Point"",""coordinates"":[108.58827410407197,14.333606431360693]}",108.58827410407197,14.333606431360693,984.8440878937648
00000000000000000b59,1,756,0.5639628359864767,15,87,"{""type"":""Point"",""coordinates"":[108.46026223102965,14.2441345687233]}",108.46026223102965,14.2441345687233,615.6790286466269
00000000000000000777,1,638,0.3471159683441548,16,87,"{""type"":""Point"",""coordinates"":[108.5090403374533,14.174068713870506]}",108.5090403374533,14.174068713870506,533.2534771893784
00000000000000000a11,1,1096,0.5873513063870374,16,87,"{""type"":""Point"",""coordinates"":[108.39477587295875,14.431162644207982]}",108.39477587295875,14.431162644207982,129.3482163462845
00000000000000000ac5,1,874,0.606634174660394,17,87,"{""type"":""Point"",""coordinates"":[108.44220733086424,14.372146441765622]}",108.44220733086424,14.372146441765622,828.0552071427533
00000000000000000716,1,768,0.2872501912543658,18,87,"{""type"":""Point"",""coordinates"":[108.4276528250258,14.265154771089243]}",108.4276528250258,14.265154771089243,1194.3577041487188
00000000000000000ad4,1,1019,0.4007257162828853,18,87,"{""type"":""Point"",""coordinates"":[108.44894503255601,14.46188585046622]}",108.44894503255601,14.46188585046622,3520.1095628804596
00000000000000000ab8,1,615,0.4250385992522176,19,87,"{""type"":""Point"",""coordinates"":[108.54973409366706,14.119087997881516]}",108.54973409366706,14.119087997881516,507.1852264492222
00000000000000000b8d,1,1136,0.3771151530605319,19,87,"{""type"":""Point"",""coordinates"":[108.43789538014558,14.534649461456352]}",108.43789538014558,14.534649461456352,1405.9003939498944
0000000000000000088f,1,657,0.3002952763888286,22,87,"{""type"":""Point"",""coordinates"":[108.49125298335109,14.19427735984472]}",108.49125298335109,14.19427735984472,311.0689262548828
0000000000000000083c,1,1038,0.1199862215322296,23,87,"{""type"":""Point"",""coordinates"":[108.32443801294168,14.297764177093095]}",108.32443801294168,14.297764177093095,3358.9118372513794
00000000000000000af3,1,550,0.1815539465925693,23,87,"{""type"":""Point"",""coordinates"":[108.57965020263461,14.17918776187986]}",108.57965020263461,14.17918776187986,36.20654338108837
00000000000000000890,1,885,0.3385174376044362,24,87,"{""type"":""Point"",""coordinates"":[108.47454473170384,14.355166184954104]}",108.47454473170384,14.355166184954104,73.67302975688622
00000000000000000b73,1,949,0.6205212069179465,24,87,"{""type"":""Point"",""coordinates"":[108.41822182629775,14.265966327480971]}",108.41822182629775,14.265966327480971,2214.8272674134555
00000000000000000744,1,1069,0.6173230618989164,26,87,"{""type"":""Point"",""coordinates"":[108.40582552536918,14.403944291377746]}",108.40582552536918,14.403944291377746,927.5909817440848
0000000000000000096b,1,864,0.2460994082313796,29,87,"{""type"":""Point"",""coordinates"":[108.4667323866582,14.195628467463917]}",108.4667323866582,14.195628467463917,370.52192903023195
000000000000000006a1,1,780,0.4793939098817463,37,87,"{""type"":""Point"",""coordinates"":[108.45191033475653,14.379151689520583]}",108.45191033475653,14.379151689520583,415.8514566827211
00000000000000000a5a,1,720,0.5680708783785116,38,87,"{""type"":""Point"",""coordinates"":[108.45972267980217,14.284828324937045]}",108.45972267980217,14.284828324937045,756.047827397612
00000000000000000c50,1,913,0.0730088421709413,41,87,"{""type"":""Point"",""coordinates"":[108.33818096238842,14.391280444385961]}",108.33818096238842,14.391280444385961,311.3518581746381
000000000000000008af,1,684,0.4222030667799104,1,89,"{""type"":""Point"",""coordinates"":[108.6001308537731,14.263001025280428]}",108.6001308537731,14.263001025280428,81.34000635642963
00000000000000000bb7,1,1021,0.1363498516513139,1,89,"{""type"":""Point"",""coordinates"":[108.42576662528019,14.376458392484308]}",108.42576662528019,14.376458392484308,1186.7118355150085
00000000000000000734,1,664,0.7593809150515742,2,89,"{""type"":""Point"",""coordinates"":[108.59016030381757,14.246832324860636]}",108.59016030381757,14.246832324860636,107.52813127097579
00000000000000000753,1,609,0.5268462565211447,3,89,"{""type"":""Point"",""coordinates"":[108.48775258902414,14.301808581748569]}",108.48775258902414,14.301808581748569,104.89732644206201
00000000000000000a49,1,758,0.6235815857628199,3,89,"{""type"":""Point"",""coordinates"":[108.62600255808518,14.271624926717793]}",108.62600255808518,14.271624926717793,1720.6205032665705
00000000000000000baf,1,780,0.3924820568566621,3,89,"{""type"":""Point"",""coordinates"":[108.57048674996977,14.313397785386474]}",108.57048674996977,14.313397785386474,1563.6173134571584
000000000000000006bf,1,754,0.3313783480436311,4,89,"{""type"":""Point"",""coordinates"":[108.52332283812747,14.25060472435185]}",108.52332283812747,14.25060472435185,1305.6737256392166
000000000000000006e4,1,714,0.573256343445469,4,89,"{""type"":""Point"",""coordinates"":[108.60282415080935,14.31070002924914]}",108.60282415080935,14.31070002924914,995.0284800445413
00000000000000000728,1,836,0.5042199111141198,4,89,"{""type"":""Point"",""coordinates"":[108.60794765791978,14.321749681659579]}",108.60794765791978,14.321749681659579,2167.4286212305115
00000000000000000998,1,683,0.4677857318321908,4,89,"{""type"":""Point"",""coordinates"":[108.53383293931044,14.254644669906272]}",108.53383293931044,14.254644669906272,81.28922031046494
00000000000000000aa3,1,1141,0.3971102154586157,4,89,"{""type"":""Point"",""coordinates"":[108.43950957472693,14.505816914044772]}",108.43950957472693,14.505816914044772,897.1998407927646
0000000000000000073e,1,890,0.3065755482823692,5,89,"{""type"":""Point"",""coordinates"":[108.49017833999721,14.344928088935395]}",108.49017833999721,14.344928088935395,674.2819857344862
00000000000000000a91,1,810,0.4728609661190492,5,89,"{""type"":""Point"",""coordinates"":[108.57048674996977,14.318244828231574]}",108.57048674996977,14.318244828231574,1466.5585507344013
00000000000000000bd3,1,748,0.599713814674395,5,89,"{""type"":""Point"",""coordinates"":[108.62007195368409,14.270545824262861]}",108.62007195368409,14.270545824262861,1226.8098974173117
00000000000000000c5f,1,673,0.0023947460298316,5,89,"{""type"":""Point"",""coordinates"":[108.59527935182693,14.243327471432627]}",108.59527935182693,14.243327471432627,1006.7154804019355
00000000000000000c77,1,599,0.4618540196233595,5,89,"{""type"":""Point"",""coordinates"":[108.54784789392144,14.129063006938077]}",108.54784789392144,14.129063006938077,431.14377340587623
00000000000000000651,1,622,0.2115627092405565,6,89,"{""type"":""Point"",""coordinates"":[108.5260205942648,14.231470721731512]}",108.5260205942648,14.231470721731512,716.3283340474856
000000000000000007a7,1,976,0.309526886656405,6,89,"{""type"":""Point"",""coordinates"":[108.50526793796209,14.469163103385446]}",108.50526793796209,14.469163103385446,1132.1044986758966
000000000000000008e9,1,863,0.7560188426747583,6,89,"{""type"":""Point"",""coordinates"":[108.52682769155548,14.350047136944745]}",108.52682769155548,14.350047136944745,67.99587718284624
0000000000000000090d,1,850,0.6761101455748111,6,89,"{""type"":""Point"",""coordinates"":[108.44058867718184,14.376458392484308]}",108.44058867718184,14.376458392484308,557.6594010801
0000000000000000095e,1,700,0.1207456682883659,6,89,"{""type"":""Point"",""coordinates"":[108.45918312857471,14.143345507612262]}",108.45918312857471,14.143345507612262,1257.24765556151
00000000000000000b91,1,592,0.141626612390285,6,89,"{""type"":""Point"",""coordinates"":[108.54488259172089,14.11720179813591]}",108.54488259172089,14.11720179813591,917.5009488638116
00000000000000000660,1,800,0.3013684972859987,7,89,"{""type"":""Point"",""coordinates"":[108.46430663568513,14.197514667209521]}",108.46430663568513,14.197514667209521,438.08513224918136
000000000000000006fe,1,741,0.7740688551873071,7,89,"{""type"":""Point"",""coordinates"":[108.47131188344008,14.27970927692769]}",108.47131188344008,14.27970927692769,1234.5401104452653
000000000000000007e6,1,600,0.2114159603719495,7,89,"{""type"":""Point"",""coordinates"":[108.44247487692745,14.275936877436479]}",108.44247487692745,14.275936877436479,112.45646132968525
0000000000000000080f,1,847,0.4278016607161161,7,89,"{""type"":""Point"",""coordinates"":[108.62492345563025,14.388582688248627]}",108.62492345563025,14.388582688248627,419.76066751938276
000000000000000009e0,1,966,0.2147644218858362,7,89,"{""type"":""Point"",""coordinates"":[108.4470588328104,14.399632340659066]}",108.4470588328104,14.399632340659066,1051.7797438822006
00000000000000000c3a,1,541,0.5287018912696031,7,89,"{""type"":""Point"",""coordinates"":[108.50715413770767,14.195628467463914]}",108.50715413770767,14.195628467463914,998.5348903222764
000000000000000009e6,1,690,0.4181243882104281,8,89,"{""type"":""Point"",""coordinates"":[108.59366069814455,14.25249092409746]}",108.59366069814455,14.25249092409746,91.55793845879501
00000000000000000ac4,1,802,0.4087325297725858,8,89,"{""type"":""Point"",""coordinates"":[108.5764128952698,14.309353380730998]}",108.5764128952698,14.309353380730998,1007.6736377575936
00000000000000000b96,1,922,0.4295822497306183,8,89,"{""type"":""Point"",""coordinates"":[108.40447887685104,14.384810288757413]}",108.40447887685104,14.384810288757413,2858.5251472902332
00000000000000000c11,1,743,0.3097030340100906,8,89,"{""type"":""Point"",""coordinates"":[108.47508428293129,14.278090623245289]}",108.47508428293129,14.278090623245289,829.8330650013394
00000000000000000676,1,680,0.2772597351626392,9,89,"{""type"":""Point"",""coordinates"":[108.48829214025162,14.218262864411209]}",108.48829214025162,14.218262864411209,534.047445757131
00000000000000000736,1,797,0.0806366435426128,9,89,"{""type"":""Point"",""coordinates"":[108.45001967590989,14.231198716567253]}",108.45001967590989,14.231198716567253,299.3507417058691
00000000000000000759,1,1099,0.3953284517502936,9,89,"{""type"":""Point"",""coordinates"":[108.39612252147688,14.4268506934893]}",108.39612252147688,14.4268506934893,144.93467771257642
000000000000000007eb,1,720,0.6867868278282858,9,89,"{""type"":""Point"",""coordinates"":[108.42253377701644,14.198861315727664]}",108.42253377701644,14.198861315727664,3027.780662121228
000000000000000007fb,1,790,0.5623139199805908,9,89,"{""type"":""Point"",""coordinates"":[108.44463308183731,14.226079668557897]}",108.44463308183731,14.226079668557897,198.7071564601974
000000000000000008d3,1,843,0.5795989731534354,9,89,"{""type"":""Point"",""coordinates"":[108.54596169417582,14.372413987828832]}",108.54596169417582,14.372413987828832,996.0460705947938
000000000000000009ce,1,683,0.476269905183748,9,89,"{""type"":""Point"",""coordinates"":[108.4831686331412,14.241980822914485]}",108.4831686331412,14.241980822914485,234.9835466299464
00000000000000000a1e,1,821,0.1772925056421026,9,89,"{""type"":""Point"",""coordinates"":[108.4767029366137,14.285100330101304]}",108.4767029366137,14.285100330101304,2176.411348482951
00000000000000000a2e,1,1135,0.1007781532230652,9,89,"{""type"":""Point"",""coordinates"":[108.43519762400824,14.525486008791525]}",108.43519762400824,14.525486008791525,1183.8033639670778
00000000000000000b18,1,869,0.5788187836364534,9,89,"{""type"":""Point"",""coordinates"":[108.55323894709505,14.40421629654201]}",108.55323894709505,14.40421629654201,432.10860300528236
00000000000000000776,1,1011,0.6563858765409135,10,89,"{""type"":""Point"",""coordinates"":[108.31258126324057,14.383196094176059]}",108.31258126324057,14.383196094176059,1811.8978785757522
0000000000000000086d,1,843,0.1521442522655953,10,89,"{""type"":""Point"",""coordinates"":[108.50850078622584,14.35031468300795]}",108.50850078622584,14.35031468300795,1878.0221926529186
00000000000000000b36,1,698,0.6155222746353659,10,89,"{""type"":""Point"",""coordinates"":[108.54919454243958,14.282942125191438]}",108.54919454243958,14.282942125191438,5022.424152464987
00000000000000000beb,1,949,0.316459050297023,10,89,"{""type"":""Point"",""coordinates"":[108.45756893399337,14.400443897050796]}",108.45756893399337,14.400443897050796,19.965630776951713
00000000000000000774,1,708,0.1173634626939411,11,89,"{""type"":""Point"",""coordinates"":[108.4850548328868,14.25680287481614]}",108.4850548328868,14.25680287481614,528.1178551454988
0000000000000000086e,1,787,0.3303482661190403,11,89,"{""type"":""Point"",""coordinates"":[108.51443139062691,14.341155689444177]}",108.51443139062691,14.341155689444177,234.12741625646217
000000000000000009e5,1,915,0.1276846165770828,11,89,"{""type"":""Point"",""coordinates"":[108.43789538014558,14.225000566102965]}",108.43789538014558,14.225000566102965,40.41633269366037
00000000000000000a32,1,733,0.546381503055896,11,89,"{""type"":""Point"",""coordinates"":[108.55135274734944,14.299382830775494]}",108.55135274734944,14.299382830775494,1921.8621725190549
00000000000000000bcb,1,598,0.6657648847345637,11,89,"{""type"":""Point"",""coordinates"":[108.48155443855985,14.150622760531487]}",108.48155443855985,14.150622760531487,131.04926386232702
00000000000000000c07,1,1198,0.4022859711758921,11,89,"{""type"":""Point"",""coordinates"":[108.3901919170758,14.505277362817303]}",108.3901919170758,14.505277362817303,843.475141835429
000000000000000008a3,1,733,0.7754029296714323,12,89,"{""type"":""Point"",""coordinates"":[108.50122353330661,14.21017851420131]}",108.50122353330661,14.21017851420131,50.06556634880535
0000000000000000098d,1,775,0.3643497362087461,12,89,"{""type"":""Point"",""coordinates"":[108.5564717953588,14.279437271763431]}",108.5564717953588,14.279437271763431,5665.347205481078
000000000000000009c3,1,883,0.0252950576381338,12,89,"{""type"":""Point"",""coordinates"":[108.53787734396593,14.418766343279398]}",108.53787734396593,14.418766343279398,1687.944397413197
000000000000000009e9,1,627,0.1663198390705322,12,89,"{""type"":""Point"",""coordinates"":[108.44813347616429,14.306388078530455]}",108.44813347616429,14.306388078530455,1595.6966852091753
00000000000000000ab4,1,1129,0.7850863154999315,12,89,"{""type"":""Point"",""coordinates"":[108.4211871284983,14.492069505496998]}",108.4211871284983,14.492069505496998,1061.588646172911
00000000000000000b87,1,543,0.0542938936496757,12,89,"{""type"":""Point"",""coordinates"":[108.54622924023903,14.14711790710348]}",108.54622924023903,14.14711790710348,709.7537965602668
00000000000000000c4b,1,1034,0.3163325675157826,12,89,"{""type"":""Point"",""coordinates"":[108.4554107290835,14.426315601362885]}",108.4554107290835,14.426315601362885,186.741428070001
000000000000000007f9,1,736,0.7695235292610384,13,89,"{""type"":""Point"",""coordinates"":[108.50176308453406,14.212604265174384]}",108.50176308453406,14.212604265174384,205.71524731535771
0000000000000000096a,1,673,0.0228343841838833,13,89,"{""type"":""Point"",""coordinates"":[108.45460363179284,14.366215837364537]}",108.45460363179284,14.366215837364537,547.9277324537795
000000000000000009d9,1,948,0.2595715791151145,13,89,"{""type"":""Point"",""coordinates"":[108.40851882240547,14.392087541676636]}",108.40851882240547,14.392087541676636,1700.8806884134476
00000000000000000aca,1,771,0.3637387553270701,13,89,"{""type"":""Point"",""coordinates"":[108.45109877836481,14.26704097083485]}",108.45109877836481,14.26704097083485,1229.853331002797
00000000000000000b11,1,950,0.7068328029005092,13,89,"{""type"":""Point"",""coordinates"":[108.44517263306479,14.401250994341463]}",108.44517263306479,14.401250994341463,875.4381739213529
000000000000000006cb,1,974,0.6862771745208351,14,89,"{""type"":""Point"",""coordinates"":[108.43358342942687,14.356245287409036]}",108.43358342942687,14.356245287409036,2107.3508381097363
00000000000000000833,1,667,0.1293022352422891,14,89,"{""type"":""Point"",""coordinates"":[108.6157600029654,14.249525621896918]}",108.6157600029654,14.249525621896918,1005.2851452756644
00000000000000000889,1,643,0.7421161856128179,14,89,"{""type"":""Point"",""coordinates"":[108.48208953068627,14.170024309215028]}",108.48208953068627,14.170024309215028,190.37958178004607
00000000000000000c6f,1,922,0.7572533094338482,14,89,"{""type"":""Point"",""coordinates"":[108.33440856289718,14.372146441765622]}",108.33440856289718,14.372146441765622,288.38734939682917
00000000000000000669,1,709,0.2296256908473462,15,89,"{""type"":""Point"",""coordinates"":[108.41363787041483,14.218802415638674]}",108.41363787041483,14.218802415638674,2564.9785162994776
0000000000000000069c,1,869,0.0854681735245307,15,89,"{""type"":""Point"",""coordinates"":[108.50364928427969,14.357052384699712]}",108.50364928427969,14.357052384699712,973.4764102633226
000000000000000007d4,1,1155,0.5515535806382181,15,89,"{""type"":""Point"",""coordinates"":[108.43088567328955,14.523599809045914]}",108.43088567328955,14.523599809045914,1084.2604021630518
00000000000000000968,1,743,0.6237070839942143,15,89,"{""type"":""Point"",""coordinates"":[108.4532569832747,14.258417069397487]}",108.4532569832747,14.258417069397487,34.56207447059958
00000000000000000b6d,1,907,0.1366182298359313,15,89,"{""type"":""Point"",""coordinates"":[108.43250432697195,14.38346364023927]}",108.43250432697195,14.38346364023927,227.05868985150383
00000000000000000c3d,1,750,0.2936998177320719,15,89,"{""type"":""Point"",""coordinates"":[108.6254630068577,14.26758052206232]}",108.6254630068577,14.26758052206232,1390.6369451049452
000000000000000008c3,1,791,0.7488761177717542,16,89,"{""type"":""Point"",""coordinates"":[108.44678682764614,14.319595935850762]}",108.44678682764614,14.319595935850762,1242.5761411378915
00000000000000000a86,1,820,0.116753693159921,16,89,"{""type"":""Point"",""coordinates"":[108.45756893399337,14.136607805920507]}",108.45756893399337,14.136607805920507,1967.8787153988792
00000000000000000c42,1,648,0.185062095968831,16,89,"{""type"":""Point"",""coordinates"":[108.48208953068628,14.165172807268881]}",108.48208953068628,14.165172807268881,432.40291660509257
00000000000000000760,1,714,0.6858890055614683,17,89,"{""type"":""Point"",""coordinates"":[108.54569414811263,14.264887225026039]}",108.54569414811263,14.264887225026039,241.99338779388736
00000000000000000779,1,537,0.0214724256278046,17,89,"{""type"":""Point"",""coordinates"":[108.50715413770767,14.190504960353508]}",108.50715413770767,14.190504960353508,1469.6780679117667
00000000000000000a17,1,1011,0.0841843844391486,17,89,"{""type"":""Point"",""coordinates"":[108.44813347616429,14.196975115982054]}",108.44813347616429,14.196975115982054,1993.8507775436155
00000000000000000ad7,1,633,0.6658052324422302,17,89,"{""type"":""Point"",""coordinates"":[108.46915367853022,14.150350755367226]}",108.46915367853022,14.150350755367226,48.93188896808325
00000000000000000b89,1,766,0.5716999482806879,17,89,"{""type"":""Point"",""coordinates"":[108.44166777963679,14.258149523334282]}",108.44166777963679,14.258149523334282,847.1825021776258
000000000000000007fd,1,547,0.757478183186487,18,89,"{""type"":""Point"",""coordinates"":[108.50850078622584,14.191044511580973]}",108.50850078622584,14.191044511580973,1353.3501850067953
00000000000000000930,1,572,0.0520699514899531,18,89,"{""type"":""Point"",""coordinates"":[108.6001308537731,14.189965409126039]}",108.6001308537731,14.189965409126039,784.6542687534952
00000000000000000a64,1,879,0.0178500339943701,18,89,"{""type"":""Point"",""coordinates"":[108.33171526586092,14.384270737529945]}",108.33171526586092,14.384270737529945,99.33556536998621
00000000000000000a93,1,924,0.2564862268734824,18,89,"{""type"":""Point"",""coordinates"":[108.46214843077524,14.194549365008983]}",108.46214843077524,14.194549365008983,811.9939388924611
000000000000000006a5,1,605,0.5954188798605095,19,89,"{""type"":""Point"",""coordinates"":[108.51011943990822,14.174068713870502]}",108.51011943990822,14.174068713870502,416.80629880194084
00000000000000000712,1,724,0.5257400438763551,19,89,"{""type"":""Point"",""coordinates"":[108.4572969288291,14.148197009558412]}",108.4572969288291,14.148197009558412,901.9616813379963
000000000000000008a2,1,652,0.2765143766481934,19,89,"{""type"":""Point"",""coordinates"":[108.45055922713735,14.253298021388133]}",108.45055922713735,14.253298021388133,280.5830521450594
00000000000000000980,1,651,0.4087448865986783,19,89,"{""type"":""Point"",""coordinates"":[108.49880224143459,14.051987445229267]}",108.49880224143459,14.051987445229267,557.160471180788
000000000000000007a6,1,769,0.2396185484154851,20,89,"{""type"":""Point"",""coordinates"":[108.47050478614942,14.262461474052962]}",108.47050478614942,14.262461474052962,80.24630216748962
000000000000000009fe,1,768,0.7859647879100183,20,89,"{""type"":""Point"",""coordinates"":[108.42522707405271,14.207485217165026]}",108.42522707405271,14.207485217165026,2317.5822119440318
0000000000000000064f,1,717,0.7860557709199267,21,89,"{""type"":""Point"",""coordinates"":[108.45810848522085,14.148197009558416]}",108.45810848522085,14.148197009558416,843.1052354813878
000000000000000006b4,1,859,0.3519915732667347,21,89,"{""type"":""Point"",""coordinates"":[108.45595028031096,14.13849400566611]}",108.45595028031096,14.13849400566611,1887.255528701993
00000000000000000769,1,769,0.1724092391529081,21,89,"{""type"":""Point"",""coordinates"":[108.4357371752357,14.27539732620901]}",108.4357371752357,14.27539732620901,558.9579004829468
000000000000000007ee,1,741,0.750857237417168,21,89,"{""type"":""Point"",""coordinates"":[108.42576662528019,14.206406114710095]}",108.42576662528019,14.206406114710095,2383.6959582367554
000000000000000008b3,1,788,0.648089862522706,21,89,"{""type"":""Point"",""coordinates"":[108.46430663568513,14.140380205411722]}",108.46430663568513,14.140380205411722,1268.743978199632
00000000000000000878,1,923,0.0332360522759818,22,89,"{""type"":""Point"",""coordinates"":[108.340067162134,14.357863941091438]}",108.340067162134,14.357863941091438,715.2318540159738
0000000000000000067e,1,737,0.7004292182672323,23,89,"{""type"":""Point"",""coordinates"":[108.4230733282439,14.211525162719452]}",108.4230733282439,14.211525162719452,2137.1182869701656
00000000000000000912,1,740,0.3695464253736088,23,89,"{""type"":""Point"",""coordinates"":[108.45191033475653,14.251144275579314]}",108.45191033475653,14.251144275579314,80.54496120791526
00000000000000000b07,1,897,0.3780719107997397,23,89,"{""type"":""Point"",""coordinates"":[108.52251574083681,14.345467640162859]}",108.52251574083681,14.345467640162859,193.78415298751872
00000000000000000733,1,899,0.6251970138286812,24,89,"{""type"":""Point"",""coordinates"":[108.42415243069885,14.352740433981028]}",108.42415243069885,14.352740433981028,3176.3136077931367
00000000000000000c23,1,898,0.421697809307882,24,89,"{""type"":""Point"",""coordinates"":[108.33683431387027,14.342230332798058]}",108.33683431387027,14.342230332798058,525.4479579612128
00000000000000000693,1,689,0.4416437111980362,25,89,"{""type"":""Point"",""coordinates"":[108.465381279039,14.298571274383766]}",108.465381279039,14.298571274383766,499.89826198854007
000000000000000009d1,1,688,0.2327260545329732,25,89,"{""type"":""Point"",""coordinates"":[108.48262908191374,14.232545365085397]}",108.48262908191374,14.232545365085397,170.26926776786334
00000000000000000bc3,1,747,0.4450157772276701,25,89,"{""type"":""Point"",""coordinates"":[108.48802013508734,14.182153064080405]}",108.48802013508734,14.182153064080405,84.09431794397413
00000000000000000c2a,1,984,0.7650870294710642,25,89,"{""type"":""Point"",""coordinates"":[108.43277187303516,14.361096789355184]}",108.43277187303516,14.361096789355184,1936.2110228288316
00000000000000000921,1,815,0.1521576045661788,26,89,"{""type"":""Point"",""coordinates"":[108.45568273424777,14.197782213272728]}",108.45568273424777,14.197782213272728,1254.1223981179648
00000000000000000b1e,1,690,0.4893183969474355,26,89,"{""type"":""Point"",""coordinates"":[108.50796123499835,14.203440812509553]}",108.50796123499835,14.203440812509553,419.6648091711925
000000000000000009de,1,666,0.5623040609851571,27,89,"{""type"":""Point"",""coordinates"":[108.49853023627033,14.20748521716503]}",108.49853023627033,14.20748521716503,160.84237476470784
00000000000000000817,1,723,0.0975777223068031,29,89,"{""type"":""Point"",""coordinates"":[108.49152498851537,14.172450060188106]}",108.49152498851537,14.172450060188106,816.506759118191
0000000000000000094b,1,909,0.6425662855329999,30,89,"{""type"":""Point"",""coordinates"":[108.33710185993348,14.357052384699712]}",108.33710185993348,14.357052384699712,399.774390830505
00000000000000000714,1,755,0.5537866862860109,31,89,"{""type"":""Point"",""coordinates"":[108.48909923754229,14.186732560862293]}",108.48909923754229,14.186732560862293,272.1473144306979
00000000000000000a84,1,926,0.4493393068245019,32,89,"{""type"":""Point"",""coordinates"":[108.33872051361588,14.390201341931029]}",108.33872051361588,14.390201341931029,350.54565299804347
00000000000000000a04,1,1001,0.6118282562065951,33,89,"{""type"":""Point"",""coordinates"":[108.44436107667308,14.198049759335937]}",108.44436107667308,14.198049759335937,2287.8393697366596
00000000000000000b74,1,691,0.5643846890686863,34,89,"{""type"":""Point"",""coordinates"":[108.45433162662857,14.369988236855754]}",108.45433162662857,14.369988236855754,410.51865666984816
000000000000000007f0,1,755,0.2310484508301404,37,89,"{""type"":""Point"",""coordinates"":[108.45271743204722,14.37753749493924]}",108.45271743204722,14.37753749493924,381.2904205624739
000000000000000006b0,1,645,0.3408668165081051,1,90,"{""type"":""Point"",""coordinates"":[108.48640148140495,14.241708817750226]}",108.48640148140495,14.241708817750226,71.43832886603165
0000000000000000088b,1,676,0.5416891389092479,1,90,"{""type"":""Point"",""coordinates"":[108.55701134658626,14.235510667285936]}",108.55701134658626,14.235510667285936,244.63516099215886
00000000000000000b2a,1,931,0.6570329500978609,1,90,"{""type"":""Point"",""coordinates"":[108.42172667972578,14.384542742694203]}",108.42172667972578,14.384542742694203,687.7796462152154
0000000000000000075b,1,744,0.4607599631311028,2,90,"{""type"":""Point"",""coordinates"":[108.50688659164447,14.322828784114515]}",108.50688659164447,14.322828784114515,992.8928191870327
00000000000000000a16,1,679,0.2456278313726875,2,90,"{""type"":""Point"",""coordinates"":[108.59285360085386,14.250065173124383]}",108.59285360085386,14.250065173124383,142.96204803079019
00000000000000000780,1,754,0.2999924649375945,3,90,"{""type"":""Point"",""coordinates"":[108.50931234261755,14.3354926311063]}",108.50931234261755,14.3354926311063,128.20296638802233
00000000000000000a7d,1,541,0.2371226354834577,3,90,"{""type"":""Point"",""coordinates"":[108.50688659164447,14.195356462299653]}",108.50688659164447,14.195356462299653,1040.21860307814
00000000000000000b52,1,748,0.1374570691760844,3,90,"{""type"":""Point"",""coordinates"":[108.62249770465718,14.284560778873843]}",108.62249770465718,14.284560778873843,1065.4555700400688
000000000000000007f4,1,706,0.2867230015246829,4,90,"{""type"":""Point"",""coordinates"":[108.6039032532643,14.26003572307989]}",108.6039032532643,14.26003572307989,61.926216968852884
00000000000000000bd6,1,883,0.0090318054642106,5,90,"{""type"":""Point"",""coordinates"":[108.4944902907159,14.347888932034882]}",108.4944902907159,14.347888932034882,140.52067225304677
00000000000000000c03,1,1195,0.0912947217760277,5,90,"{""type"":""Point"",""coordinates"":[108.39288967321313,14.508510211081054]}",108.39288967321313,14.508510211081054,1235.8442542004027
000000000000000008fb,1,756,0.5100111348838199,6,90,"{""type"":""Point"",""coordinates"":[108.62223015859396,14.286446978619448]}",108.62223015859396,14.286446978619448,1112.3402635231876
00000000000000000bd8,1,732,0.4911394861341874,6,90,"{""type"":""Point"",""coordinates"":[108.46861858640382,14.181881058916142]}",108.46861858640382,14.181881058916142,686.5899766665932
000000000000000008c4,1,1137,0.5156774600321279,7,90,"{""type"":""Point"",""coordinates"":[108.41687517777962,14.489376208460714]}",108.41687517777962,14.489376208460714,1000.901580588409
0000000000000000092d,1,1106,0.2680589364149816,7,90,"{""type"":""Point"",""coordinates"":[108.44570772519121,14.510128864763454]}",108.44570772519121,14.510128864763454,161.61929139139056
00000000000000000b12,1,774,0.5798818682205527,7,90,"{""type"":""Point"",""coordinates"":[108.45055922713735,14.232817370249654]}",108.45055922713735,14.232817370249654,386.61637981512115
00000000000000000be7,1,691,0.2674744103984575,7,90,"{""type"":""Point"",""coordinates"":[108.57883864624287,14.225272571267224]}",108.57883864624287,14.225272571267224,431.15150156633183
00000000000000000789,1,1155,0.3728495602852203,8,90,"{""type"":""Point"",""coordinates"":[108.39261766804887,14.491262408206323]}",108.39261766804887,14.491262408206323,87.43661058413679
000000000000000009eb,1,706,0.0873270916982064,8,90,"{""type"":""Point"",""coordinates"":[108.51146608842637,14.20398036373702]}",108.51146608842637,14.20398036373702,73.80916050938899
00000000000000000a36,1,729,0.7954989443788084,8,90,"{""type"":""Point"",""coordinates"":[108.50796123499835,14.210985611491987]}",108.50796123499835,14.210985611491987,143.77146667134528
00000000000000000c14,1,688,0.6087745388114246,8,90,"{""type"":""Point"",""coordinates"":[108.51631759037252,14.19724266204526]}",108.51631759037252,14.19724266204526,554.3662735976667
000000000000000007ae,1,775,0.5062294359496914,9,90,"{""type"":""Point"",""coordinates"":[108.57075429603299,14.311507126539812]}",108.57075429603299,14.311507126539812,1552.2752109340277
0000000000000000089d,1,977,0.0109976496208147,9,90,"{""type"":""Point"",""coordinates"":[108.45244542688296,14.188618760607898]}",108.45244542688296,14.188618760607898,2046.3070637571036
00000000000000000b04,1,839,0.0128347614946316,9,90,"{""type"":""Point"",""coordinates"":[108.46403463052086,14.195628467463917]}",108.46403463052086,14.195628467463917,578.3596245178222
00000000000000000b68,1,803,0.5966681409707814,9,90,"{""type"":""Point"",""coordinates"":[108.48748058385989,14.324982529923327]}",108.48748058385989,14.324982529923327,1151.8178823535757
00000000000000000bb6,1,704,0.7337152575666643,9,90,"{""type"":""Point"",""coordinates"":[108.55296694193078,14.242248368977695]}",108.55296694193078,14.242248368977695,328.94240768015925
00000000000000000784,1,870,0.7936929954715235,10,90,"{""type"":""Point"",""coordinates"":[108.5545855956132,14.416073046243119]}",108.5545855956132,14.416073046243119,95.26146792281632
000000000000000007a9,1,755,0.6680103412063297,10,90,"{""type"":""Point"",""coordinates"":[108.58881365529945,14.333338885297481]}",108.58881365529945,14.333338885297481,1045.8187619009386
000000000000000007df,1,757,0.4072109050939878,10,90,"{""type"":""Point"",""coordinates"":[108.58908120136265,14.306927629757924]}",108.58908120136265,14.306927629757924,318.86919117133647
00000000000000000802,1,1045,0.0786920594501502,10,90,"{""type"":""Point"",""coordinates"":[108.44921257861921,14.451915300510718]}",108.44921257861921,14.451915300510718,2854.813355269498
0000000000000000087b,1,746,0.273250097437803,10,90,"{""type"":""Point"",""coordinates"":[108.52305529206429,14.25249092409746]}",108.52305529206429,14.25249092409746,1440.6780317036578
00000000000000000982,1,1039,0.5998844939019315,10,90,"{""type"":""Point"",""coordinates"":[108.47427718564062,14.495034807697541]}",108.47427718564062,14.495034807697541,1945.6371919132139
00000000000000000a13,1,688,0.6061983595378025,10,90,"{""type"":""Point"",""coordinates"":[108.51469893669012,14.201287066700738]}",108.51469893669012,14.201287066700738,93.51541981821352
00000000000000000aa9,1,780,0.490573260596814,10,90,"{""type"":""Point"",""coordinates"":[108.46376708445766,14.14064775147493]}",108.46376708445766,14.14064775147493,1264.227297021327
00000000000000000b9b,1,1021,0.5699215818922524,10,90,"{""type"":""Point"",""coordinates"":[108.44570772519121,14.408256242096428]}",108.44570772519121,14.408256242096428,156.21917697585755
0000000000000000067d,1,728,0.5529905325428607,11,90,"{""type"":""Point"",""coordinates"":[108.42765282502579,14.213143816401852]}",108.42765282502579,14.213143816401852,1662.2307409554776
000000000000000006a6,1,1013,0.5939480599725756,11,90,"{""type"":""Point"",""coordinates"":[108.46753948394887,14.462425401693691]}",108.46753948394887,14.462425401693691,129.37431708700763
00000000000000000852,1,953,0.7853002806231824,11,90,"{""type"":""Point"",""coordinates"":[108.40178112071371,14.38211699172113]}",108.40178112071371,14.38211699172113,2660.1986063590625
00000000000000000867,1,1107,0.6969709611102024,11,90,"{""type"":""Point"",""coordinates"":[108.44058867718184,14.504737811589836]}",108.44058867718184,14.504737811589836,889.6212739936661
00000000000000000a55,1,661,0.1584034803690387,11,90,"{""type"":""Point"",""coordinates"":[108.58638790432636,14.222574815129887]}",108.58638790432636,14.222574815129887,28.990349242153243
00000000000000000c63,1,638,0.122886698879696,11,90,"{""type"":""Point"",""coordinates"":[108.4947578367791,14.196703110817795]}",108.4947578367791,14.196703110817795,363.36040531007546
000000000000000007fa,1,835,0.1896525537249856,12,90,"{""type"":""Point"",""coordinates"":[108.62492345563025,14.389661790703556]}",108.62492345563025,14.389661790703556,539.1249175117698
00000000000000000a44,1,650,0.6758700197141716,12,90,"{""type"":""Point"",""coordinates"":[108.48882723237801,14.23982261800462]}",108.48882723237801,14.23982261800462,396.0628560292413
00000000000000000a9c,1,712,0.1246815037223176,12,90,"{""type"":""Point"",""coordinates"":[108.4160636213879,14.205599017419416]}",108.4160636213879,14.205599017419416,3139.3977172779664
00000000000000000c4c,1,1160,0.7880212739841842,12,90,"{""type"":""Point"",""coordinates"":[108.39477587295875,14.478326556050273]}",108.39477587295875,14.478326556050273,981.7214059346177
00000000000000000917,1,781,0.6589010190759218,13,90,"{""type"":""Point"",""coordinates"":[108.49313918309672,14.185925463571618]}",108.49313918309672,14.185925463571618,154.3312195294105
00000000000000000976,1,609,0.0237289857359116,13,90,"{""type"":""Point"",""coordinates"":[108.48829214025162,14.307734727048599]}",108.48829214025162,14.307734727048599,71.94070562746091
00000000000000000baa,1,841,0.4848630947563043,13,90,"{""type"":""Point"",""coordinates"":[108.44975212984667,14.220421069321075]}",108.44975212984667,14.220421069321075,545.4577938365442
00000000000000000887,1,701,0.7100524090710018,14,90,"{""type"":""Point"",""coordinates"":[108.45406408056536,14.367022934655214]}",108.45406408056536,14.367022934655214,479.74858248808926
00000000000000000ab7,1,1169,0.7578646372302142,14,90,"{""type"":""Point"",""coordinates"":[108.39100347346752,14.503926255198106]}",108.39100347346752,14.503926255198106,699.0125210108016
00000000000000000b7d,1,863,0.7339512359417645,14,90,"{""type"":""Point"",""coordinates"":[108.4295390247714,14.309620926794205]}",108.4295390247714,14.309620926794205,2984.044377959185
0000000000000000095d,1,889,0.1080009908660942,15,90,"{""type"":""Point"",""coordinates"":[108.45298497811042,14.141459307866656]}",108.45298497811042,14.141459307866656,1771.8452236897297
00000000000000000b72,1,762,0.7352554614762906,15,90,"{""type"":""Point"",""coordinates"":[108.61872530516597,14.278090623245289]}",108.61872530516597,14.278090623245289,667.6473468422868
00000000000000000bb8,1,1115,0.538469398008827,15,90,"{""type"":""Point"",""coordinates"":[108.39073146830326,14.424429401617274]}",108.39073146830326,14.424429401617274,85.48587393017925
00000000000000000c30,1,803,0.7903760528876205,15,90,"{""type"":""Point"",""coordinates"":[108.43035058116314,14.21368336762932]}",108.43035058116314,14.21368336762932,1437.7993490803221
000000000000000006f8,1,1153,0.2191953294284118,16,90,"{""type"":""Point"",""coordinates"":[108.4295390247714,14.502851611844232]}",108.4295390247714,14.502851611844232,543.960548572227
000000000000000007e0,1,911,0.5495476258813047,16,90,"{""type"":""Point"",""coordinates"":[108.54111019222968,14.452187305674979]}",108.54111019222968,14.452187305674979,824.100409204635
00000000000000000920,1,857,0.485952347701109,16,90,"{""type"":""Point"",""coordinates"":[108.60039839983628,14.415265948952447]}",108.60039839983628,14.415265948952447,1845.8471409268652
00000000000000000923,1,757,0.7255073189455219,16,90,"{""type"":""Point"",""coordinates"":[108.4616088795478,14.255184221133735]}",108.4616088795478,14.255184221133735,255.88115697117306
00000000000000000ad6,1,786,0.1740357428825131,16,90,"{""type"":""Point"",""coordinates"":[108.45271743204721,14.232817370249654]}",108.45271743204721,14.232817370249654,620.8154735821984
00000000000000000af7,1,913,0.3670701218422061,16,90,"{""type"":""Point"",""coordinates"":[108.42064757727083,14.38966179070356]}",108.42064757727083,14.38966179070356,470.90983879655187
00000000000000000b3e,1,794,0.2440346547642307,16,90,"{""type"":""Point"",""coordinates"":[108.45029168107415,14.216648669829862]}",108.45029168107415,14.216648669829862,759.6536728058591
00000000000000000b4f,1,927,0.5914954493483571,16,90,"{""type"":""Point"",""coordinates"":[108.44624727641866,14.198321764500196]}",108.44624727641866,14.198321764500196,2096.921258170906
00000000000000000c7f,1,1076,0.1779071268086292,16,90,"{""type"":""Point"",""coordinates"":[108.44139577447253,14.198861315727664]}",108.44139577447253,14.198861315727664,1121.51899914213
000000000000000006ea,1,770,0.3929560275261828,17,90,"{""type"":""Point"",""coordinates"":[108.45945513373897,14.22122816661175]}",108.45945513373897,14.22122816661175,226.42064121920382
0000000000000000078c,1,885,0.6772037838042602,17,90,"{""type"":""Point"",""coordinates"":[108.51631759037252,14.351665790627143]}",108.51631759037252,14.351665790627143,2289.9846975546498
000000000000000007c8,1,771,0.1045811814965794,17,90,"{""type"":""Point"",""coordinates"":[108.58342260212584,14.31070002924914]}",108.58342260212584,14.31070002924914,236.77638740969854
0000000000000000093c,1,1029,0.3652762641368892,17,90,"{""type"":""Point"",""coordinates"":[108.45433162662856,14.444098496364028]}",108.45433162662856,14.444098496364028,1099.3824797696873
00000000000000000a43,1,1008,0.6261042276330656,17,90,"{""type"":""Point"",""coordinates"":[108.44436107667306,14.407449144805756]}",108.44436107667306,14.407449144805756,290.30077521116954
00000000000000000a98,1,989,0.5999470369893564,17,90,"{""type"":""Point"",""coordinates"":[108.45055922713735,14.19427735984472]}",108.45055922713735,14.19427735984472,1930.1703876195022
00000000000000000702,1,769,0.1826944731752782,18,90,"{""type"":""Point"",""coordinates"":[108.43196477574448,14.224461014875498]}",108.43196477574448,14.224461014875498,493.24988258359
000000000000000007c4,1,908,0.2317910797011855,19,90,"{""type"":""Point"",""coordinates"":[108.4616088795478,14.19481691107219]}",108.4616088795478,14.19481691107219,841.106775941464
00000000000000000828,1,921,0.5155273876813832,19,90,"{""type"":""Point"",""coordinates"":[108.32335891048676,14.37106733931069]}",108.32335891048676,14.37106733931069,665.1906054735259
00000000000000000a5b,1,819,0.3111252311066332,19,90,"{""type"":""Point"",""coordinates"":[108.45541072908351,14.141998859094125]}",108.45541072908351,14.141998859094125,1571.8718546182229
0000000000000000089f,1,921,0.2254363038850888,20,90,"{""type"":""Point"",""coordinates"":[108.5306000910467,14.412840197979369]}",108.5306000910467,14.412840197979369,2160.7840510858864
00000000000000000a62,1,1021,0.4309767464301611,20,90,"{""type"":""Point"",""coordinates"":[108.44813347616429,14.196703110817795]}",108.44813347616429,14.196703110817795,2009.9162314461614
00000000000000000aab,1,651,0.3470810815090631,20,90,"{""type"":""Point"",""coordinates"":[108.61603200812968,14.218262864411209]}",108.61603200812968,14.218262864411209,881.1068535472939
00000000000000000afa,1,677,0.0637362660399786,20,90,"{""type"":""Point"",""coordinates"":[108.49718358775219,14.228233414366706]}",108.49718358775219,14.228233414366706,1799.9007990287862
00000000000000000b31,1,1014,0.3400103682784968,20,90,"{""type"":""Point"",""coordinates"":[108.40555352020492,14.38049833803873]}",108.40555352020492,14.38049833803873,2357.1955220198492
000000000000000008c8,1,737,0.7715939673405257,21,90,"{""type"":""Point"",""coordinates"":[108.43169722968126,14.275936877436479]}",108.43169722968126,14.275936877436479,998.5688771532086
000000000000000008c7,1,776,0.1078524845007703,23,90,"{""type"":""Point"",""coordinates"":[108.43115767845381,14.219881518093606]}",108.43115767845381,14.219881518093606,873.4907203671504
00000000000000000aeb,1,1029,0.3293248537172737,23,90,"{""type"":""Point"",""coordinates"":[108.40555352020492,14.397746140913455]}",108.40555352020492,14.397746140913455,1490.995019185523
000000000000000008e2,1,1028,0.1817747774903758,24,90,"{""type"":""Point"",""coordinates"":[108.31985405705875,14.35139378546289]}",108.31985405705875,14.35139378546289,1040.3286391699576
0000000000000000091a,1,835,0.73982268559424,24,90,"{""type"":""Point"",""coordinates"":[108.4667323866582,14.142805956384798]}",108.4667323866582,14.142805956384798,914.1601404861281
00000000000000000bcc,1,1013,0.698576317850936,24,90,"{""type"":""Point"",""coordinates"":[108.42684572773511,14.408795793323893]}",108.42684572773511,14.408795793323893,507.8702236080608
00000000000000000938,1,1169,0.1717510901923203,25,90,"{""type"":""Point"",""coordinates"":[108.41283077312416,14.501232958161832]}",108.41283077312416,14.501232958161832,199.08225101047236
000000000000000009c5,1,840,0.2943557815628905,25,90,"{""type"":""Point"",""coordinates"":[108.47211898073077,14.241441271687018]}",108.47211898073077,14.241441271687018,562.5456094631284
000000000000000009f3,1,1029,0.749888063589364,25,90,"{""type"":""Point"",""coordinates"":[108.32012606222301,14.35139378546289]}",108.32012606222301,14.35139378546289,1012.4598663548768
0000000000000000081e,1,890,0.5183319842965489,26,90,"{""type"":""Point"",""coordinates"":[108.42226177185218,14.283481676418907]}",108.42226177185218,14.283481676418907,2169.337109513661
00000000000000000931,1,938,0.537006299591311,27,90,"{""type"":""Point"",""coordinates"":[108.53410494447472,14.34384898648046]}",108.53410494447472,14.34384898648046,3082.5073726913824
00000000000000000a4c,1,1033,0.4308120278394077,27,90,"{""type"":""Point"",""coordinates"":[108.32443801294168,14.29830372832056]}",108.32443801294168,14.29830372832056,3300.247061318533
00000000000000000af8,1,852,0.3708476641608745,27,90,"{""type"":""Point"",""coordinates"":[108.46376708445767,14.195356462299653]}",108.46376708445767,14.195356462299653,619.9458121439764
00000000000000000960,1,760,0.3102908370845921,29,90,"{""type"":""Point"",""coordinates"":[108.44274688209173,14.247906968214519]}",108.44274688209173,14.247906968214519,882.9283136723724
00000000000000000c58,1,702,0.0419595833120802,30,90,"{""type"":""Point"",""coordinates"":[108.45244542688296,14.260575274307355]}",108.45244542688296,14.260575274307355,175.47586349922776
0000000000000000086a,1,1076,0.1286489413097553,33,90,"{""type"":""Point"",""coordinates"":[108.4195684748159,14.36810203711015]}",108.4195684748159,14.36810203711015,2328.304821701506
00000000000000000bf0,1,846,0.5082641404338001,34,90,"{""type"":""Point"",""coordinates"":[108.44867302739175,14.209910968138102]}",108.44867302739175,14.209910968138102,540.0468988554323
00000000000000000a80,1,840,0.2863569168582413,36,90,"{""type"":""Point"",""coordinates"":[108.44651928158292,14.36864158833762]}",108.44651928158292,14.36864158833762,329.7727294103327
00000000000000000752,1,1060,0.1450054987983736,2,91,"{""type"":""Point"",""coordinates"":[108.42361287947138,14.4268506934893]}",108.42361287947138,14.4268506934893,834.6565926849407
00000000000000000a52,1,754,0.6129679339215028,2,91,"{""type"":""Point"",""coordinates"":[108.50850078622584,14.332531788006808]}",108.50850078622584,14.332531788006808,205.0495783120409
000000000000000006f3,1,742,0.1737044087940054,6,91,"{""type"":""Point"",""coordinates"":[108.53518404692966,14.24548121724144]}",108.53518404692966,14.24548121724144,2194.6244466578896
00000000000000000952,1,760,0.1525731939524995,6,91,"{""type"":""Point"",""coordinates"":[108.50041643601593,14.3387299384711]}",108.50041643601593,14.3387299384711,1901.9970278565393
00000000000000000788,1,1061,0.3927420444527015,8,91,"{""type"":""Point"",""coordinates"":[108.42172667972578,14.376725938547512]}",108.42172667972578,14.376725938547512,1446.3595122540921
000000000000000007be,1,911,0.1706731246341686,10,91,"{""type"":""Point"",""coordinates"":[108.51119854236318,14.352200882753557]}",108.51119854236318,14.352200882753557,1940.2903339921952
00000000000000000ba6,1,730,0.1743893286314691,11,91,"{""type"":""Point"",""coordinates"":[108.47427718564062,14.19293071132658]}",108.47427718564062,14.19293071132658,146.62031647898948
00000000000000000a5e,1,625,0.3835711372215461,12,91,"{""type"":""Point"",""coordinates"":[108.48882723237801,14.285635422227719]}",108.48882723237801,14.285635422227719,921.7596550540003
00000000000000000697,1,1217,0.7327528579332693,13,91,"{""type"":""Point"",""coordinates"":[108.43088567328955,14.531149067129395]}",108.43088567328955,14.531149067129395,1884.4471144214633
00000000000000000991,1,948,0.506522646658162,13,91,"{""type"":""Point"",""coordinates"":[108.40851882240547,14.392359546840893]}",108.40851882240547,14.392359546840893,1670.7898971416146
0000000000000000075d,1,735,0.56930465004244,14,91,"{""type"":""Point"",""coordinates"":[108.448945032556,14.319595935850762]}",108.448945032556,14.319595935850762,1009.5112467026912
0000000000000000079c,1,761,0.3935082095107896,16,91,"{""type"":""Point"",""coordinates"":[108.45433162662857,14.234164018767792]}",108.45433162662857,14.234164018767792,549.883839029852
00000000000000000704,1,1146,0.0305317348947982,17,91,"{""type"":""Point"",""coordinates"":[108.39423632173127,14.496653461379937]}",108.39423632173127,14.496653461379937,420.9849852666914
00000000000000000922,1,724,0.3200184216487355,17,91,"{""type"":""Point"",""coordinates"":[108.45271743204722,14.365948291301335]}",108.45271743204722,14.365948291301335,358.70867959415625
00000000000000000a4d,1,1011,0.3024838201974091,17,91,"{""type"":""Point"",""coordinates"":[108.44840548132855,14.196975115982058]}",108.44840548132855,14.196975115982058,1968.9773692199017
00000000000000000b10,1,1171,0.5297801234354894,17,91,"{""type"":""Point"",""coordinates"":[108.3802213671203,14.50096541209862]}",108.3802213671203,14.50096541209862,167.09448563375364
000000000000000006ee,1,612,0.4071149629844917,19,91,"{""type"":""Point"",""coordinates"":[108.51146608842637,14.250332719187591]}",108.51146608842637,14.250332719187591,319.2802899958744
0000000000000000095f,1,983,0.5009501106550077,24,91,"{""type"":""Point"",""coordinates"":[108.31850740854061,14.37888414345738]}",108.31850740854061,14.37888414345738,1342.8245826870934
00000000000000000a4e,1,735,0.7230708260983107,25,91,"{""type"":""Point"",""coordinates"":[108.45244542688296,14.365408740073867]}",108.45244542688296,14.365408740073867,358.56137971266713
00000000000000000bbc,1,910,0.1416494201820338,25,91,"{""type"":""Point"",""coordinates"":[108.44166777963679,14.220421069321077]}",108.44166777963679,14.220421069321077,391.88056673158985
00000000000000000a20,1,753,0.2793961381523163,1,92,"{""type"":""Point"",""coordinates"":[108.45487117785603,14.237129320968336]}",108.45487117785603,14.237129320968336,687.9518167333307
0000000000000000085c,1,994,0.1099442926704924,3,92,"{""type"":""Point"",""coordinates"":[108.49421828555164,14.482098955541492]}",108.49421828555164,14.482098955541492,847.4917352144299
00000000000000000be5,1,629,0.0581297285777345,5,92,"{""type"":""Point"",""coordinates"":[108.58396215335328,14.241441271687018]}",108.58396215335328,14.241441271687018,148.18986823074943
00000000000000000aa8,1,677,0.3253932216013334,7,92,"{""type"":""Point"",""coordinates"":[108.61576000296542,14.255456226298001]}",108.61576000296542,14.255456226298001,367.529128783437
00000000000000000849,1,686,0.6625503118520443,8,92,"{""type"":""Point"",""coordinates"":[108.48478728682359,14.176222459679321]}",108.48478728682359,14.176222459679321,276.09827087141076
00000000000000000959,1,730,0.3270949859174299,8,92,"{""type"":""Point"",""coordinates"":[108.47535628809555,14.270278278199651]}",108.47535628809555,14.270278278199651,185.70124066248093
0000000000000000098f,1,1015,0.2163147323841473,8,92,"{""type"":""Point"",""coordinates"":[108.40555352020492,14.412840197979369]}",108.40555352020492,14.412840197979369,322.37135412199103
000000000000000006b7,1,654,0.4489837727311392,10,92,"{""type"":""Point"",""coordinates"":[108.48721303779668,14.241980822914485]}",108.48721303779668,14.241980822914485,111.66039430648348
00000000000000000838,1,645,0.0016506904752634,10,92,"{""type"":""Point"",""coordinates"":[108.48640148140495,14.240901720459552]}",108.48640148140495,14.240901720459552,126.30189479717299
00000000000000000b95,1,843,0.2076858272727008,10,92,"{""type"":""Point"",""coordinates"":[108.53410494447472,14.353551990372754]}",108.53410494447472,14.353551990372754,42.53065256201457
00000000000000000bbf,1,815,0.302803536709289,10,92,"{""type"":""Point"",""coordinates"":[108.44894503255601,14.243055466268366]}",108.44894503255601,14.243055466268366,222.19411940384632
00000000000000000a41,1,1023,0.0892329279365913,13,92,"{""type"":""Point"",""coordinates"":[108.47804958513184,14.499614304479428]}",108.47804958513184,14.499614304479428,1326.7609560126891
0000000000000000065a,1,618,0.3384491809337803,16,92,"{""type"":""Point"",""coordinates"":[108.55269939586758,14.119087997881515]}",108.55269939586758,14.119087997881515,213.73634573336818
00000000000000000b65,1,933,0.0190517104159497,16,92,"{""type"":""Point"",""coordinates"":[108.42711327379833,14.391280444385961]}",108.42711327379833,14.391280444385961,122.71707404435429
000000000000000008a0,1,975,0.3668281924775205,19,92,"{""type"":""Point"",""coordinates"":[108.47077233221262,14.4123006467519]}",108.47077233221262,14.4123006467519,839.5204212130135
00000000000000000928,1,733,0.6859792407831014,20,92,"{""type"":""Point"",""coordinates"":[108.4624204359395,14.304234332721645]}",108.4624204359395,14.304234332721645,1048.2512735051278
00000000000000000a70,1,670,0.3186663819459575,27,92,"{""type"":""Point"",""coordinates"":[108.49772313897964,14.238475969486476]}",108.49772313897964,14.238475969486476,1563.842900027049
00000000000000000655,1,726,0.2554849025124449,2,94,"{""type"":""Point"",""coordinates"":[108.47858913635932,14.25060472435185]}",108.47858913635932,14.25060472435185,318.26962708945854
00000000000000000907,1,1112,0.5603823779022563,3,94,"{""type"":""Point"",""coordinates"":[108.43789538014558,14.524139360273379]}",108.43789538014558,14.524139360273379,989.2009217249549
000000000000000006ad,1,968,0.6710374212636756,4,94,"{""type"":""Point"",""coordinates"":[108.45029168107415,14.412568192815112]}",108.45029168107415,14.412568192815112,165.59952586918467
0000000000000000084d,1,661,0.7242392925634987,4,94,"{""type"":""Point"",""coordinates"":[108.59258605479064,14.270813370326069]}",108.59258605479064,14.270813370326069,221.3225271673977
00000000000000000888,1,773,0.4868190545778651,4,94,"{""type"":""Point"",""coordinates"":[108.44678682764615,14.241708817750226]}",108.44678682764615,14.241708817750226,258.26777657985895
00000000000000000bfa,1,1017,0.5923602085482993,4,94,"{""type"":""Point"",""coordinates"":[108.4052859741417,14.412028641587646]}",108.4052859741417,14.412028641587646,383.3215179754181
00000000000000000864,1,581,0.126330932953431,5,94,"{""type"":""Point"",""coordinates"":[108.4408606823461,14.271085375490328]}",108.4408606823461,14.271085375490328,88.11886522248543
000000000000000008ce,1,976,0.6486797508599726,5,94,"{""type"":""Point"",""coordinates"":[108.4419353257,14.417152148698055]}",108.4419353257,14.417152148698055,496.7946153427402
000000000000000007b0,1,655,0.7465006068020857,6,94,"{""type"":""Point"",""coordinates"":[108.6065965503006,14.220688615384281]}",108.6065965503006,14.220688615384281,52.39907947667482
000000000000000009a4,1,880,0.6807858381775848,7,94,"{""type"":""Point"",""coordinates"":[108.4950253828423,14.350586688172218]}",108.4950253828423,14.350586688172218,30.923083749438497
00000000000000000c38,1,948,0.2084372472446182,7,94,"{""type"":""Point"",""coordinates"":[108.50122353330661,14.479945209732676]}",108.50122353330661,14.479945209732676,256.8561814562153
00000000000000000958,1,837,0.7290661587413626,9,94,"{""type"":""Point"",""coordinates"":[108.55215984464013,14.364062091555727]}",108.55215984464013,14.364062091555727,1083.8582032995644
00000000000000000c0f,1,706,0.5333541786947343,9,94,"{""type"":""Point"",""coordinates"":[108.51362429333624,14.201015061536479]}",108.51362429333624,14.201015061536479,134.63496155104644
00000000000000000670,1,1006,0.1355109616488827,11,94,"{""type"":""Point"",""coordinates"":[108.40663262265987,14.411493549461234]}",108.40663262265987,14.411493549461234,151.5183260959999
000000000000000007d3,1,882,0.6337382800887408,12,94,"{""type"":""Point"",""coordinates"":[108.42522707405271,14.275664872272218]}",108.42522707405271,14.275664872272218,1654.4984611051782
00000000000000000b80,1,670,0.7734165880740521,12,94,"{""type"":""Point"",""coordinates"":[108.49718358775219,14.206406114710095]}",108.49718358775219,14.206406114710095,133.14448048029905
0000000000000000097d,1,966,0.6813800186476476,13,94,"{""type"":""Point"",""coordinates"":[108.41363787041482,14.382924089011805]}",108.41363787041482,14.382924089011805,1466.5534120542486
00000000000000000b4d,1,663,0.3094004280924655,13,94,"{""type"":""Point"",""coordinates"":[108.49583693923404,14.19616355959033]}",108.49583693923404,14.19616355959033,493.6138778303604
000000000000000006d8,1,626,0.422728472707674,14,94,"{""type"":""Point"",""coordinates"":[108.50957988868076,14.258956620624955]}",108.50957988868076,14.258956620624955,501.4194904320532
0000000000000000075f,1,965,0.2188056854537314,14,94,"{""type"":""Point"",""coordinates"":[108.41848937236097,14.281595476673303]}",108.41848937236097,14.281595476673303,2541.2178880792026
00000000000000000aef,1,576,0.046730074394603,14,94,"{""type"":""Point"",""coordinates"":[108.49206453974283,14.154934711250169]}",108.49206453974283,14.154934711250169,338.1232193959699
00000000000000000721,1,635,0.3330356821420103,16,94,"{""type"":""Point"",""coordinates"":[108.48424773559613,14.194009813781514]}",108.48424773559613,14.194009813781514,85.82636473657983
000000000000000008d1,1,917,0.2839915708394296,16,94,"{""type"":""Point"",""coordinates"":[108.41498897803402,14.38346364023927]}",108.41498897803402,14.38346364023927,1312.2143090785275
00000000000000000a2f,1,617,0.3222383518331739,16,94,"{""type"":""Point"",""coordinates"":[108.44112822840931,14.287526081074384]}",108.44112822840931,14.287526081074384,430.06826590818997
00000000000000000c2d,1,847,0.2699765677426049,16,94,"{""type"":""Point"",""coordinates"":[108.43843493137302,14.364329637618932]}",108.43843493137302,14.364329637618932,1245.2658362417408
000000000000000008fe,1,550,0.7720259861603637,17,94,"{""type"":""Point"",""coordinates"":[108.52467394574668,14.191044511580973]}",108.52467394574668,14.191044511580973,1185.6984010807248
00000000000000000b66,1,677,0.7498966406397843,17,94,"{""type"":""Point"",""coordinates"":[108.4944902907159,14.206945665937559]}",108.4944902907159,14.206945665937559,120.12492918237494
00000000000000000a51,1,773,0.71845101206035,18,94,"{""type"":""Point"",""coordinates"":[108.46026223102965,14.219341966866141]}",108.46026223102965,14.219341966866141,303.95955688292696
00000000000000000956,1,1164,0.3720070787365857,21,94,"{""type"":""Point"",""coordinates"":[108.4060930714324,14.506352006171179]}",108.4060930714324,14.506352006171179,1099.9428788607247
00000000000000000875,1,966,0.292489930947088,24,94,"{""type"":""Point"",""coordinates"":[108.42549907921698,14.393973741422244]}",108.42549907921698,14.393973741422244,419.94131921508813
00000000000000000911,1,680,0.1718292778769835,24,94,"{""type"":""Point"",""coordinates"":[108.4710443373769,14.147117907103476]}",108.4710443373769,14.147117907103476,364.7893740224471
00000000000000000935,1,609,0.6809335874286427,25,94,"{""type"":""Point"",""coordinates"":[108.49933733356099,14.253565567451338]}",108.49933733356099,14.253565567451338,643.294852869964
00000000000000000a42,1,1068,0.4419753404344466,26,94,"{""type"":""Point"",""coordinates"":[108.33818096238842,14.376997943711773]}",108.33818096238842,14.376997943711773,713.9318203068256
00000000000000000770,1,711,0.3256551380264516,30,94,"{""type"":""Point"",""coordinates"":[108.43681627769064,14.280788379382626]}",108.43681627769064,14.280788379382626,599.0101427328289
00000000000000000bf3,1,706,0.6494978248018076,30,94,"{""type"":""Point"",""coordinates"":[108.47023278098516,14.303422776329915]}",108.47023278098516,14.303422776329915,464.59021510408763
000000000000000008b7,1,977,0.2269364286090357,31,94,"{""type"":""Point"",""coordinates"":[108.33683431387027,14.3664878425288]}",108.33683431387027,14.3664878425288,534.6930178006522
00000000000000000932,1,946,0.3302885247745557,33,94,"{""type"":""Point"",""coordinates"":[108.445440179128,14.202901261282085]}",108.445440179128,14.202901261282085,1960.5306725889322
00000000000000000678,1,712,0.7143364708947256,3,95,"{""type"":""Point"",""coordinates"":[108.543807948367,14.219609512929349]}",108.543807948367,14.219609512929349,276.5398373849307
000000000000000007e4,1,850,0.7312776886298957,3,95,"{""type"":""Point"",""coordinates"":[108.45379653450215,14.144692156130404]}",108.45379653450215,14.144692156130404,1444.154355868562
00000000000000000ad5,1,753,0.7948503414023653,3,95,"{""type"":""Point"",""coordinates"":[108.49421828555164,14.336032182333765]}",108.49421828555164,14.336032182333765,1423.8778060250647
00000000000000000b40,1,761,0.2251534624405419,3,95,"{""type"":""Point"",""coordinates"":[108.46053423619392,14.255184221133735]}",108.46053423619392,14.255184221133735,167.21511101193403
00000000000000000a2a,1,722,0.3955518622573806,4,95,"{""type"":""Point"",""coordinates"":[108.53087209621097,14.276204423499685]}",108.53087209621097,14.276204423499685,18.776085773898654
0000000000000000077e,1,696,0.3099051105008014,5,95,"{""type"":""Point"",""coordinates"":[108.59959130254562,14.267312975999113]}",108.59959130254562,14.267312975999113,318.4383636387234
0000000000000000083e,1,711,0.7782281396678157,5,95,"{""type"":""Point"",""coordinates"":[108.5109265371989,14.204519914964486]}",108.5109265371989,14.204519914964486,88.32901705745235
00000000000000000843,1,576,0.0310990536298604,5,95,"{""type"":""Point"",""coordinates"":[108.44894503255601,14.286986529846917]}",108.44894503255601,14.286986529846917,234.6131655051469
000000000000000007bf,1,946,0.5094442794339249,6,95,"{""type"":""Point"",""coordinates"":[108.44759838403786,14.38993379586782]}",108.44759838403786,14.38993379586782,141.09581904460967
00000000000000000829,1,730,0.7156844956018925,6,95,"{""type"":""Point"",""coordinates"":[108.5168571416,14.280788379382622]}",108.5168571416,14.280788379382622,1677.256183172254
00000000000000000a03,1,1204,0.425948422752632,6,95,"{""type"":""Point"",""coordinates"":[108.40097402342305,14.520906512009628]}",108.40097402342305,14.520906512009628,2646.358303901233
0000000000000000067a,1,906,0.1934097284012214,7,95,"{""type"":""Point"",""coordinates"":[108.51739669282746,14.355705736181568]}",108.51739669282746,14.355705736181568,355.19221321656636
00000000000000000709,1,1034,0.5782620719041228,7,95,"{""type"":""Point"",""coordinates"":[108.4715794295033,14.444638047591491]}",108.4715794295033,14.444638047591491,312.4886960062194
00000000000000000c78,1,1022,0.1079473271868104,7,95,"{""type"":""Point"",""coordinates"":[108.45298497811044,14.42981599568984]}",108.45298497811044,14.42981599568984,1205.185642837141
00000000000000000750,1,1169,0.2199855982338038,8,95,"{""type"":""Point"",""coordinates"":[108.3934292244406,14.496113910152474]}",108.3934292244406,14.496113910152474,347.63056097329974
00000000000000000a8e,1,704,0.5913154931590846,8,95,"{""type"":""Point"",""coordinates"":[108.55377849832252,14.292105577856272]}",108.55377849832252,14.292105577856272,5812.253000325698
00000000000000000bf4,1,683,0.4564018512747672,8,95,"{""type"":""Point"",""coordinates"":[108.42603863044445,14.216376664665601]}",108.42603863044445,14.216376664665601,1549.342628818673
000000000000000006d2,1,646,0.4870113396534541,9,95,"{""type"":""Point"",""coordinates"":[108.58045729992527,14.219341966866141]}",108.58045729992527,14.219341966866141,6.554413648138712
0000000000000000070b,1,698,0.622170288697676,9,95,"{""type"":""Point"",""coordinates"":[108.60524990178243,14.251411821642524]}",108.60524990178243,14.251411821642524,112.16294968812444
000000000000000007de,1,645,0.7256453002613088,9,95,"{""type"":""Point"",""coordinates"":[108.64001751269616,14.132835406429292]}",108.64001751269616,14.132835406429292,542.4707343344724
000000000000000007b8,1,727,0.1024776908071252,10,95,"{""type"":""Point"",""coordinates"":[108.57749199772474,14.300729479293635]}",108.57749199772474,14.300729479293635,1389.6100339178454
000000000000000007ef,1,707,0.1618909525535258,10,95,"{""type"":""Point"",""coordinates"":[108.51119854236318,14.201015061536479]}",108.51119854236318,14.201015061536479,264.00863163623177
00000000000000000925,1,870,0.2036187283296331,10,95,"{""type"":""Point"",""coordinates"":[108.50338173821648,14.35867103838211]}",108.50338173821648,14.35867103838211,832.9844283277515
00000000000000000a61,1,624,0.4454782548520439,10,95,"{""type"":""Point"",""coordinates"":[108.43708382375384,14.290758929338132]}",108.43708382375384,14.290758929338132,994.7776484202446
00000000000000000aa4,1,720,0.5033055983565964,10,95,"{""type"":""Point"",""coordinates"":[108.62923540634894,14.243595017495833]}",108.62923540634894,14.243595017495833,1575.4264557961615
00000000000000000b13,1,598,0.1742875908056594,10,95,"{""type"":""Point"",""coordinates"":[108.52763478884617,14.232010272958982]}",108.52763478884617,14.232010272958982,721.8354869403698
00000000000000000b44,1,739,0.0828265368210706,10,95,"{""type"":""Point"",""coordinates"":[108.59662600034507,14.308813829503528]}",108.59662600034507,14.308813829503528,305.0340912711468
00000000000000000c7e,1,577,0.5098058319188766,10,95,"{""type"":""Point"",""coordinates"":[108.51011943990822,14.185925463571618]}",108.51011943990822,14.185925463571618,965.0647009456867
00000000000000000755,1,724,0.0036353783176019,11,95,"{""type"":""Point"",""coordinates"":[108.49745113381537,14.185118366280944]}",108.49745113381537,14.185118366280944,256.4567941228245
000000000000000007ca,1,722,0.1200980482649384,11,95,"{""type"":""Point"",""coordinates"":[108.45837603128405,14.149811204139759]}",108.45837603128405,14.149811204139759,693.5584253158127
000000000000000009ab,1,595,0.0491404740220799,11,95,"{""type"":""Point"",""coordinates"":[108.48101488733239,14.306927629757924]}",108.48101488733239,14.306927629757924,179.3459822718988
00000000000000000a07,1,881,0.7757550438534135,11,95,"{""type"":""Point"",""coordinates"":[108.54272884591208,14.451915300510718]}",108.54272884591208,14.451915300510718,983.3626126892259
00000000000000000bc9,1,600,0.2972800483436568,11,95,"{""type"":""Point"",""coordinates"":[108.44678682764614,14.264887225026039]}",108.44678682764614,14.264887225026039,794.8733869280749
00000000000000000c0b,1,680,0.5795668756482403,11,95,"{""type"":""Point"",""coordinates"":[108.4950253828423,14.305580981239785]}",108.4950253828423,14.305580981239785,381.6009879498722
00000000000000000738,1,740,0.320396075691466,12,95,"{""type"":""Point"",""coordinates"":[108.52952098859177,14.255184221133739]}",108.52952098859177,14.255184221133739,271.5157534607476
00000000000000000a78,1,979,0.2489164207797448,12,95,"{""type"":""Point"",""coordinates"":[108.50014888995273,14.467276903639835]}",108.50014888995273,14.467276903639835,1481.658169894499
00000000000000000ab6,1,785,0.0199873647659707,12,95,"{""type"":""Point"",""coordinates"":[108.5206295410912,14.290219378110663]}",108.5206295410912,14.290219378110663,702.1854947842326
0000000000000000079a,1,1099,0.3528407269015347,13,95,"{""type"":""Point"",""coordinates"":[108.39935536974065,14.452454851738183]}",108.39935536974065,14.452454851738183,1018.6250377603691
00000000000000000c47,1,675,0.0898418240637083,13,95,"{""type"":""Point"",""coordinates"":[108.54596169417582,14.209638962973838]}",108.54596169417582,14.209638962973838,23.91613033581116
00000000000000000687,1,963,0.4521263447565663,14,95,"{""type"":""Point"",""coordinates"":[108.44409353060985,14.38346364023927]}",108.44409353060985,14.38346364023927,201.7732761735286
000000000000000006ac,1,1218,0.4101534846560707,14,95,"{""type"":""Point"",""coordinates"":[108.3802213671203,14.50608446010798]}",108.3802213671203,14.50608446010798,151.14367289641146
00000000000000000b9f,1,731,0.0428708184541585,14,95,"{""type"":""Point"",""coordinates"":[108.53491204176538,14.261114825534824]}",108.53491204176538,14.261114825534824,55.29353125652572
00000000000000000c54,1,735,0.6240801964991631,14,95,"{""type"":""Point"",""coordinates"":[108.61953240245663,14.267852527226577]}",108.61953240245663,14.267852527226577,1033.0359787586679
00000000000000000737,1,667,0.3019078591360341,15,95,"{""type"":""Point"",""coordinates"":[108.45055922713735,14.261921922825497]}",108.45055922713735,14.261921922825497,409.5782479249203
000000000000000007cb,1,844,0.6099562755772033,15,95,"{""type"":""Point"",""coordinates"":[108.56051620001426,14.284021227646374]}",108.56051620001426,14.284021227646374,6221.565598095433
0000000000000000095a,1,706,0.2340375838467872,15,95,"{""type"":""Point"",""coordinates"":[108.61683910542034,14.259768177016682]}",108.61683910542034,14.259768177016682,121.85706010322714
00000000000000000a79,1,768,0.5991374389306247,15,95,"{""type"":""Point"",""coordinates"":[108.49017833999721,14.18376725866175]}",108.49017833999721,14.18376725866175,33.93629837219461
00000000000000000c75,1,785,0.7616706517149463,15,95,"{""type"":""Point"",""coordinates"":[108.47939623365,14.279169725700225]}",108.47939623365,14.279169725700225,792.7641841388412
0000000000000000073b,1,1023,0.0779388568911692,16,95,"{""type"":""Point"",""coordinates"":[108.45675737760163,14.455687700001937]}",108.45675737760163,14.455687700001937,1294.788856912981
00000000000000000831,1,1150,0.4643272095296666,16,95,"{""type"":""Point"",""coordinates"":[108.39369677050382,14.501772509389296]}",108.39369677050382,14.501772509389296,590.3777076737384
00000000000000000a67,1,759,0.0077963392769715,16,95,"{""type"":""Point"",""coordinates"":[108.50796123499835,14.333066880133222]}",108.50796123499835,14.333066880133222,268.323747505277
00000000000000000b9d,1,1137,0.6407256475778191,16,95,"{""type"":""Point"",""coordinates"":[108.42091512333404,14.508510211081054]}",108.42091512333404,14.508510211081054,305.70179172392324
0000000000000000083a,1,1012,0.7259627474217565,17,95,"{""type"":""Point"",""coordinates"":[108.42415243069885,14.409335344551364]}",108.42415243069885,14.409335344551364,359.1774357122097
000000000000000009c0,1,619,0.0838966270750042,17,95,"{""type"":""Point"",""coordinates"":[108.67585976696377,14.1511578526579]}",108.67585976696377,14.1511578526579,1017.288241106645
0000000000000000077c,1,905,0.2536661219212469,18,95,"{""type"":""Point"",""coordinates"":[108.44436107667308,14.375646836092576]}",108.44436107667308,14.375646836092576,449.2673705973606
00000000000000000b38,1,560,0.7289012402067029,18,95,"{""type"":""Point"",""coordinates"":[108.51415938546266,14.16166795384087]}",108.51415938546266,14.16166795384087,612.1879864346656
000000000000000006f5,1,935,0.2842777996848622,19,95,"{""type"":""Point"",""coordinates"":[108.40312776923186,14.384270737529949]}",108.40312776923186,14.384270737529949,2449.0931739814164
000000000000000008b5,1,756,0.0240929460942439,19,95,"{""type"":""Point"",""coordinates"":[108.45648983153845,14.244946125115028]}",108.45648983153845,14.244946125115028,555.3305645555998
0000000000000000090f,1,688,0.6063037746754311,19,95,"{""type"":""Point"",""coordinates"":[108.52359484329175,14.247906968214519]}",108.52359484329175,14.247906968214519,1139.2457577476237
00000000000000000773,1,642,0.5570692179506804,20,95,"{""type"":""Point"",""coordinates"":[108.47239098589503,14.150890306594697]}",108.47239098589503,14.150890306594697,76.96717826577772
0000000000000000072f,1,692,0.7513654859807294,21,95,"{""type"":""Point"",""coordinates"":[108.61737865664782,14.254105118678806]}",108.61737865664782,14.254105118678806,618.7946879620096
00000000000000000848,1,974,0.227201208802681,22,95,"{""type"":""Point"",""coordinates"":[108.4438215254456,14.384542742694206]}",108.4438215254456,14.384542742694206,168.6346988338657
0000000000000000091b,1,957,0.4818895728180125,22,95,"{""type"":""Point"",""coordinates"":[108.4408606823461,14.382924089011805]}",108.4408606823461,14.382924089011805,323.881165428078
00000000000000000acf,1,743,0.019246348778145,22,95,"{""type"":""Point"",""coordinates"":[108.45568273424777,14.282135027900768]}",108.45568273424777,14.282135027900768,904.8810217002126
00000000000000000807,1,763,0.0622889094639896,23,95,"{""type"":""Point"",""coordinates"":[108.45406408056536,14.233896472704586]}",108.45406408056536,14.233896472704586,563.8783762129447
00000000000000000ad3,1,800,0.564694578258096,24,95,"{""type"":""Point"",""coordinates"":[108.56374904827801,14.320670579204643]}",108.56374904827801,14.320670579204643,1939.5890276002146
00000000000000000ba4,1,947,0.1012797358365,24,95,"{""type"":""Point"",""coordinates"":[108.45406408056536,14.189158311835365]}",108.45406408056536,14.189158311835365,1869.2093599955112
00000000000000000751,1,1249,0.0483274142511268,26,95,"{""type"":""Point"",""coordinates"":[108.37779561614722,14.51147551328159]}",108.37779561614722,14.51147551328159,21.43705421394081
00000000000000000997,1,1140,0.5272447977788192,26,95,"{""type"":""Point"",""coordinates"":[108.42172667972578,14.506624011335447]}",108.42172667972578,14.506624011335447,80.6191868842524
00000000000000000a2d,1,568,0.0859338322669566,27,95,"{""type"":""Point"",""coordinates"":[108.54730834269397,14.177569108197462]}",108.54730834269397,14.177569108197462,695.188439557642
000000000000000009c7,1,1040,0.515993962579098,28,95,"{""type"":""Point"",""coordinates"":[108.42684572773511,14.407716690868961]}",108.42684572773511,14.407716690868961,409.16196102613736
000000000000000008f4,1,691,0.3656130533089202,35,95,"{""type"":""Point"",""coordinates"":[108.4705047861494,14.303694781494178]}",108.4705047861494,14.303694781494178,475.7622899148883
000000000000000008a6,1,977,0.4171127048397265,40,95,"{""type"":""Point"",""coordinates"":[108.34033916729828,14.385349839984878]}",108.34033916729828,14.385349839984878,669.844876056258
000000000000000006fd,1,702,0.1702022532380229,44,95,"{""type"":""Point"",""coordinates"":[108.46511373297581,14.308546283440327]}",108.46511373297581,14.308546283440327,500.6768323973352
000000000000000008ff,1,609,0.6481005715885049,4,96,"{""type"":""Point"",""coordinates"":[108.52979299375602,14.236322223677663]}",108.52979299375602,14.236322223677663,1192.5618226350216
000000000000000006ab,1,734,0.4117421550715741,5,96,"{""type"":""Point"",""coordinates"":[108.47319808318571,14.269466721807927]}",108.47319808318571,14.269466721807927,211.3575945943075
00000000000000000708,1,640,0.2096253480116099,8,96,"{""type"":""Point"",""coordinates"":[108.4950253828423,14.196435564754589]}",108.4950253828423,14.196435564754589,404.07182063826815
00000000000000000aaa,1,944,0.6157355413010497,8,96,"{""type"":""Point"",""coordinates"":[108.49880224143459,14.360557238127717]}",108.49880224143459,14.360557238127717,339.45590620561484
00000000000000000c2f,1,866,0.1128582857637475,8,96,"{""type"":""Point"",""coordinates"":[108.62061150491155,14.377805041002444]}",108.62061150491155,14.377805041002444,204.44128061254125
00000000000000000a4a,1,849,0.5495614710082799,9,96,"{""type"":""Point"",""coordinates"":[108.50823324016261,14.344388537707923]}",108.50823324016261,14.344388537707923,876.5720499172411
000000000000000007ff,1,1061,0.6894234782059977,10,96,"{""type"":""Point"",""coordinates"":[108.42630617650767,14.430627552081567]}",108.42630617650767,14.430627552081567,230.66619133046711
00000000000000000793,1,756,0.7789075950138353,11,96,"{""type"":""Point"",""coordinates"":[108.4532569832747,14.235782672450197]}",108.4532569832747,14.235782672450197,678.8589194354657
00000000000000000b58,1,1125,0.1901056437427278,11,96,"{""type"":""Point"",""coordinates"":[108.40771172511478,14.45110820322004]}",108.40771172511478,14.45110820322004,347.88160923815065
00000000000000000c1f,1,523,0.0571948015061599,12,96,"{""type"":""Point"",""coordinates"":[108.60067040500054,14.215297562210663]}",108.60067040500054,14.215297562210663,753.5786697316195
00000000000000000c39,1,1065,0.6470083221054184,13,96,"{""type"":""Point"",""coordinates"":[108.42684572773511,14.431974200599708]}",108.42684572773511,14.431974200599708,131.1825732621146
00000000000000000b82,1,1087,0.6298985685750539,14,96,"{""type"":""Point"",""coordinates"":[108.40663262265987,14.445989155210686]}",108.40663262265987,14.445989155210686,908.9422945334469
00000000000000000c28,1,697,0.758052246587038,20,96,"{""type"":""Point"",""coordinates"":[108.540303094939,14.127711899318882]}",108.540303094939,14.127711899318882,1247.5267670825776
00000000000000000902,1,797,0.2576234144085941,22,96,"{""type"":""Point"",""coordinates"":[108.45001967590987,14.217188221057327]}",108.45001967590987,14.217188221057327,742.9467776668098
00000000000000000c5c,1,982,0.3259075715695864,0,97,"{""type"":""Point"",""coordinates"":[108.51173809359062,14.466197801184906]}",108.51173809359062,14.466197801184906,785.5530534125679
0000000000000000074f,1,731,0.1034886345768307,2,97,"{""type"":""Point"",""coordinates"":[108.54434304049343,14.239822618004617]}",108.54434304049343,14.239822618004617,2219.1218718559435
00000000000000000805,1,709,0.6823790457852735,2,97,"{""type"":""Point"",""coordinates"":[108.61468090051048,14.269466721807927]}",108.61468090051048,14.269466721807927,724.8322568232728
00000000000000000bce,1,792,0.7317431489157808,2,97,"{""type"":""Point"",""coordinates"":[108.45487117785603,14.255991318424412]}",108.45487117785603,14.255991318424412,197.79469671857925
000000000000000007d0,1,1092,0.0487220388487004,3,97,"{""type"":""Point"",""coordinates"":[108.40366732045932,14.418226792051934]}",108.40366732045932,14.418226792051934,3120.819801341936
00000000000000000827,1,658,0.5790698304803136,3,97,"{""type"":""Point"",""coordinates"":[108.59905175131814,14.23874351554968]}",108.59905175131814,14.23874351554968,201.92585094061542
000000000000000008d8,1,1128,0.2007797777747352,3,97,"{""type"":""Point"",""coordinates"":[108.41984047998017,14.499346758416223]}",108.41984047998017,14.499346758416223,402.98857999460097
00000000000000000c6b,1,739,0.1596991364729465,3,97,"{""type"":""Point"",""coordinates"":[108.520361995028,14.261654376762293]}",108.520361995028,14.261654376762293,1585.835288760687
0000000000000000088e,1,731,0.556662360184494,4,97,"{""type"":""Point"",""coordinates"":[108.62519100169347,14.26003572307989]}",108.62519100169347,14.26003572307989,966.8447814214103
000000000000000009f8,1,811,0.4629658145331207,4,97,"{""type"":""Point"",""coordinates"":[108.57911065140713,14.31824482823157]}",108.57911065140713,14.31824482823157,593.2067142711456
00000000000000000b9c,1,1215,0.5451612370078158,4,97,"{""type"":""Point"",""coordinates"":[108.38695906881206,14.52359980904591]}",108.38695906881206,14.52359980904591,2894.6648005755005
00000000000000000684,1,829,0.1082526078496662,5,97,"{""type"":""Point"",""coordinates"":[108.61414580838407,14.306660083694718]}",108.61414580838407,14.306660083694718,1116.6469584799133
000000000000000006cd,1,1032,0.4265707518124426,5,97,"{""type"":""Point"",""coordinates"":[108.50149553847088,14.493688159179401]}",108.50149553847088,14.493688159179401,393.3209724360072
000000000000000006d3,1,754,0.3260176029712573,5,97,"{""type"":""Point"",""coordinates"":[108.50742614287194,14.33091313432441]}",108.50742614287194,14.33091313432441,310.1490291798622
00000000000000000a6d,1,973,0.199418588851779,5,97,"{""type"":""Point"",""coordinates"":[108.42226177185219,14.27000627303539]}",108.42226177185219,14.27000627303539,1853.9165197121765
00000000000000000ae5,1,735,0.1183009413881472,5,97,"{""type"":""Point"",""coordinates"":[108.52736724278296,14.257342426043607]}",108.52736724278296,14.257342426043607,56.14699826050087
00000000000000000b4e,1,790,0.3129305055561883,5,97,"{""type"":""Point"",""coordinates"":[108.62276970982144,14.27270402917273]}",108.62276970982144,14.27270402917273,1375.085276195928
00000000000000000c52,1,814,0.3525497252529702,5,97,"{""type"":""Point"",""coordinates"":[108.61414580838407,14.302883225102446]}",108.61414580838407,14.302883225102446,814.9662129741765
00000000000000000c7b,1,898,0.4397628010405842,5,97,"{""type"":""Point"",""coordinates"":[108.48398018953291,14.33495307987883]}",108.48398018953291,14.33495307987883,736.0143645575126
00000000000000000698,1,738,0.2924164476379395,6,97,"{""type"":""Point"",""coordinates"":[108.61872530516597,14.272164477945257]}",108.61872530516597,14.272164477945257,1141.8903722011223
000000000000000006c4,1,770,0.4916867184567906,6,97,"{""type"":""Point"",""coordinates"":[108.45783648005659,14.258417069397487]}",108.45783648005659,14.258417069397487,221.1025065517191
0000000000000000070c,1,659,0.1479708386702065,6,97,"{""type"":""Point"",""coordinates"":[108.49071343212363,14.206406114710092]}",108.49071343212363,14.206406114710092,327.87556994701356
00000000000000000b0e,1,1149,0.1548555675211125,6,97,"{""type"":""Point"",""coordinates"":[108.44004912595437,14.530337510737672]}",108.44004912595437,14.530337510737672,1035.2862467331374
00000000000000000b41,1,780,0.7761430378346909,6,97,"{""type"":""Point"",""coordinates"":[108.4516383295923,14.238208423423274]}",108.4516383295923,14.238208423423274,365.1592323043992
00000000000000000b7f,1,1097,0.0704738724942614,6,97,"{""type"":""Point"",""coordinates"":[108.42927147870819,14.462697406857952]}",108.42927147870819,14.462697406857952,2084.4747146672626
00000000000000000c1c,1,821,0.463860226928199,6,97,"{""type"":""Point"",""coordinates"":[108.61818575393848,14.298571274383766]}",108.61818575393848,14.298571274383766,985.2149303888718
0000000000000000075e,1,1093,0.7691145285103583,7,97,"{""type"":""Point"",""coordinates"":[108.40016692613236,14.41957789967113]}",108.40016692613236,14.41957789967113,3365.750025150502
000000000000000007b7,1,738,0.1838345729323031,7,97,"{""type"":""Point"",""coordinates"":[108.5268276915555,14.258149523334282]}",108.5268276915555,14.258149523334282,123.57778480684092
0000000000000000086c,1,1167,0.169860170267021,7,97,"{""type"":""Point"",""coordinates"":[108.38911727372192,14.479945209732676]}",108.38911727372192,14.479945209732676,987.0174044344457
000000000000000008bd,1,796,0.6041252318541435,7,97,"{""type"":""Point"",""coordinates"":[108.56725390170604,14.306120532467249]}",108.56725390170604,14.306120532467249,2054.857662493521
000000000000000008e4,1,685,0.218926291953709,7,97,"{""type"":""Point"",""coordinates"":[108.61710665148355,14.243327471432627]}",108.61710665148355,14.243327471432627,607.1063724094464
000000000000000008fa,1,1032,0.4649504642477943,7,97,"{""type"":""Point"",""coordinates"":[108.50149553847086,14.493955705242605]}",108.50149553847086,14.493955705242605,406.7869114715608
0000000000000000091d,1,1140,0.1078486436422873,7,97,"{""type"":""Point"",""coordinates"":[108.44058867718184,14.50069340693436]}",108.44058867718184,14.50069340693436,1058.563790615893
00000000000000000989,1,699,0.7012510415103543,7,97,"{""type"":""Point"",""coordinates"":[108.4850548328868,14.216109118602393]}",108.4850548328868,14.216109118602393,166.9782309007396
000000000000000009da,1,964,0.3617323324343926,7,97,"{""type"":""Point"",""coordinates"":[108.49933733356099,14.471321308295314]}",108.49933733356099,14.471321308295314,1096.060728888259
00000000000000000a46,1,749,0.1161984034306123,7,97,"{""type"":""Point"",""coordinates"":[108.61980440762089,14.27000627303539]}",108.61980440762089,14.27000627303539,1213.1012980815246
00000000000000000a4f,1,817,0.4103952338888956,7,97,"{""type"":""Point"",""coordinates"":[108.56563524802364,14.295877977347482]}",108.56563524802364,14.295877977347482,2706.268422061257
00000000000000000af6,1,694,0.4904543766581855,7,97,"{""type"":""Point"",""coordinates"":[108.5977051028,14.262729020116168]}",108.5977051028,14.262729020116168,49.73549022494106
00000000000000000bdb,1,685,0.2554662075337579,7,97,"{""type"":""Point"",""coordinates"":[108.5979726488632,14.26704097083485]}",108.5979726488632,14.26704097083485,495.7486490850894
00000000000000000c33,1,1000,0.3257846280823686,7,97,"{""type"":""Point"",""coordinates"":[108.44382152544559,14.385349839984878]}",108.44382152544559,14.385349839984878,125.67344519842061
000000000000000009b7,1,784,0.716339777282411,8,97,"{""type"":""Point"",""coordinates"":[108.47643093144944,14.282674579128228]}",108.47643093144944,14.282674579128228,2283.2096548185973
00000000000000000a72,1,796,0.132072361028473,8,97,"{""type"":""Point"",""coordinates"":[108.57911065140713,14.308546283440327]}",108.57911065140713,14.308546283440327,748.4774375896187
00000000000000000b2b,1,971,0.635648807963658,8,97,"{""type"":""Point"",""coordinates"":[108.50041643601593,14.470781757067847]}",108.50041643601593,14.470781757067847,1103.7776331267837
00000000000000000b3f,1,1071,0.0611574294843656,8,97,"{""type"":""Point"",""coordinates"":[108.45837603128403,14.427662249881026]}",108.45837603128403,14.427662249881026,210.10267504475746
00000000000000000bca,1,682,0.603761254039931,8,97,"{""type"":""Point"",""coordinates"":[108.5109265371989,14.198589310563404]}",108.5109265371989,14.198589310563404,489.37704261035327
0000000000000000065d,1,1033,0.3122525037977453,9,97,"{""type"":""Point"",""coordinates"":[108.4710443373769,14.444910052755754]}",108.4710443373769,14.444910052755754,266.43891959731604
00000000000000000725,1,1127,0.2939457917972288,9,97,"{""type"":""Point"",""coordinates"":[108.3934292244406,14.488029559942579]}",108.3934292244406,14.488029559942579,104.4138568637146
00000000000000000729,1,819,0.7359005646844006,9,97,"{""type"":""Point"",""coordinates"":[108.56536324285938,14.300997025356844]}",108.56536324285938,14.300997025356844,2440.722920916449
00000000000000000821,1,1199,0.6034072271883018,9,97,"{""type"":""Point"",""coordinates"":[108.38749862003951,14.503658709134903]}",108.38749862003951,14.503658709134903,250.6989797786197
0000000000000000083b,1,1108,0.1373365047060502,9,97,"{""type"":""Point"",""coordinates"":[108.44867302739175,14.502312060616763]}",108.44867302739175,14.502312060616763,215.85226847758136
00000000000000000918,1,714,0.7355741018842507,9,97,"{""type"":""Point"",""coordinates"":[108.61522045173795,14.27270402917273]}",108.61522045173795,14.27270402917273,674.446622581171
00000000000000000a69,1,1060,0.73095066431135,9,97,"{""type"":""Point"",""coordinates"":[108.42172667972578,14.429008898399168]}",108.42172667972578,14.429008898399168,834.5620753295028
00000000000000000b28,1,715,0.6034296501922641,9,97,"{""type"":""Point"",""coordinates"":[108.49772313897964,14.212064713946917]}",108.49772313897964,14.212064713946917,281.1435038609003
00000000000000000bcf,1,981,0.651321610316711,9,97,"{""type"":""Point"",""coordinates"":[108.51038698597144,14.47293550287666]}",108.51038698597144,14.47293550287666,545.1731560113367
00000000000000000657,1,731,0.3900037600682527,10,97,"{""type"":""Point"",""coordinates"":[108.4295390247714,14.220688615384278]}",108.4295390247714,14.220688615384278,951.4797337614075
000000000000000006c6,1,744,0.7439040533898688,10,97,"{""type"":""Point"",""coordinates"":[108.46349507929341,14.27216447794526]}",108.46349507929341,14.27216447794526,1201.6982478107534
000000000000000006d5,1,755,0.6397595265119566,10,97,"{""type"":""Point"",""coordinates"":[108.594200249372,14.319595935850762]}",108.594200249372,14.319595935850762,998.891871093571
000000000000000006e9,1,806,0.7271043656654558,10,97,"{""type"":""Point"",""coordinates"":[108.57506624675166,14.32121013043211]}",108.57506624675166,14.32121013043211,875.3676832918538
0000000000000000074c,1,772,0.314669037552625,10,97,"{""type"":""Point"",""coordinates"":[108.45756893399337,14.258417069397487]}",108.45756893399337,14.258417069397487,248.05673681120263
0000000000000000075c,1,1083,0.7093598852296018,10,97,"{""type"":""Point"",""coordinates"":[108.4095979248604,14.372146441765622]}",108.4095979248604,14.372146441765622,2559.9916370983374
00000000000000000783,1,972,0.759724761595185,10,97,"{""type"":""Point"",""coordinates"":[108.46942568369447,14.386428942439814]}",108.46942568369447,14.386428942439814,761.473678077248
000000000000000007cc,1,704,0.2471869480252833,10,97,"{""type"":""Point"",""coordinates"":[108.52574858910054,14.243327471432627]}",108.52574858910054,14.243327471432627,1148.1218305990008
0000000000000000084a,1,894,0.7973819991877151,10,97,"{""type"":""Point"",""coordinates"":[108.5187433413456,14.354898638890894]}",108.5187433413456,14.354898638890894,393.42857789076515
000000000000000008ae,1,1190,0.2697167081424468,10,97,"{""type"":""Point"",""coordinates"":[108.39073146830326,14.50985685959919]}",108.39073146830326,14.50985685959919,1351.9570723847191
000000000000000008dc,1,895,0.0135173269252136,10,97,"{""type"":""Point"",""coordinates"":[108.55970464362254,14.426043596198625]}",108.55970464362254,14.426043596198625,223.96614049052758
000000000000000008f0,1,829,0.2129745296167229,10,97,"{""type"":""Point"",""coordinates"":[108.47185143466754,14.241708817750226]}",108.47185143466754,14.241708817750226,569.0989878767899
00000000000000000a0a,1,750,0.3547995957180606,10,97,"{""type"":""Point"",""coordinates"":[108.52817434007362,14.255184221133739]}",108.52817434007362,14.255184221133739,326.71419940721916
00000000000000000ade,1,783,0.3753534635661404,10,97,"{""type"":""Point"",""coordinates"":[108.53437249053793,14.132023850037566]}",108.53437249053793,14.132023850037566,1112.3186341340681
00000000000000000c18,1,1039,0.3674220358859393,10,97,"{""type"":""Point"",""coordinates"":[108.40447887685104,14.395052843877176]}",108.40447887685104,14.395052843877176,1808.4008644289731
00000000000000000c65,1,783,0.5346276642677776,10,97,"{""type"":""Point"",""coordinates"":[108.4532569832747,14.227698322240299]}",108.4532569832747,14.227698322240299,319.8233918931678
00000000000000000c67,1,1139,0.1027293890983918,10,97,"{""type"":""Point"",""coordinates"":[108.39423632173127,14.488836657233247]}",108.39423632173127,14.488836657233247,104.41449916456445
00000000000000000973,1,747,0.154223379610045,11,97,"{""type"":""Point"",""coordinates"":[108.51415938546266,14.270545824262861]}",108.51415938546266,14.270545824262861,995.9772043653326
00000000000000000ab3,1,781,0.3665667631419522,11,97,"{""type"":""Point"",""coordinates"":[108.45406408056536,14.224461014875494]}",108.45406408056536,14.224461014875494,30.929272476825854
00000000000000000b2e,1,1003,0.3043601624648612,11,97,"{""type"":""Point"",""coordinates"":[108.45541072908351,14.42388985038981]}",108.45541072908351,14.42388985038981,170.99030682583728
00000000000000000b54,1,755,0.160740262775793,11,97,"{""type"":""Point"",""coordinates"":[108.594200249372,14.319863481913973]}",108.594200249372,14.319863481913973,1006.5571381837768
00000000000000000be4,1,1169,0.3180314607396989,11,97,"{""type"":""Point"",""coordinates"":[108.40043447219556,14.488836657233247]}",108.40043447219556,14.488836657233247,403.1813343657607
00000000000000000c5a,1,723,0.7162981350191352,11,97,"{""type"":""Point"",""coordinates"":[108.48855968631482,14.18376725866175]}",108.48855968631482,14.18376725866175,49.51401111641439
0000000000000000065e,1,822,0.7923904858082526,12,97,"{""type"":""Point"",""coordinates"":[108.45137078352907,14.213950913692525]}",108.45137078352907,14.213950913692525,198.3085900934899
00000000000000000663,1,856,0.1043230561959315,12,97,"{""type"":""Point"",""coordinates"":[108.4850548328868,14.328487383351336]}",108.4850548328868,14.328487383351336,988.4328269076889
000000000000000008da,1,1164,0.5393557840083869,12,97,"{""type"":""Point"",""coordinates"":[108.42495952798951,14.49772810473382]}",108.42495952798951,14.49772810473382,878.3919317893241
00000000000000000965,1,730,0.6632063720145895,12,97,"{""type"":""Point"",""coordinates"":[108.46322753323018,14.302615679039244]}",108.46322753323018,14.302615679039244,1002.657334179904
00000000000000000aae,1,1245,0.416550468728879,12,97,"{""type"":""Point"",""coordinates"":[108.37698851885655,14.508510211081054]}",108.37698851885655,14.508510211081054,358.2036984480651
00000000000000000667,1,1145,0.1169527228726419,13,97,"{""type"":""Point"",""coordinates"":[108.42037557210656,14.50689155739865]}",108.42037557210656,14.50689155739865,157.48497123861114
000000000000000007e1,1,791,0.1867780909906534,13,97,"{""type"":""Point"",""coordinates"":[108.45891558251151,14.304234332721645]}",108.45891558251151,14.304234332721645,1292.6282566054963
00000000000000000825,1,1141,0.3140709905644946,13,97,"{""type"":""Point"",""coordinates"":[108.39396877566806,14.487757554778314]}",108.39396877566806,14.487757554778314,164.41828681708287
0000000000000000097f,1,707,0.6123977234153626,13,97,"{""type"":""Point"",""coordinates"":[108.61064095495605,14.284828324937049]}",108.61064095495605,14.284828324937049,190.78125369686222
000000000000000009ac,1,834,0.4815002438192211,13,97,"{""type"":""Point"",""coordinates"":[108.47077233221262,14.243055466268366]}",108.47077233221262,14.243055466268366,598.7879686509275
000000000000000009dd,1,787,0.5055533414778417,13,97,"{""type"":""Point"",""coordinates"":[108.45487117785603,14.24763942215131]}",108.45487117785603,14.24763942215131,299.3278062426922
00000000000000000a1d,1,1060,0.3344169225913146,13,97,"{""type"":""Point"",""coordinates"":[108.3972016239318,14.42092454818927]}",108.3972016239318,14.42092454818927,702.5462373143698
00000000000000000b22,1,1003,0.5988538228354884,13,97,"{""type"":""Point"",""coordinates"":[108.47643093144944,14.41095399823376]}",108.47643093144944,14.41095399823376,1367.0451511115095
00000000000000000b39,1,753,0.603681978632033,13,97,"{""type"":""Point"",""coordinates"":[108.50149553847086,14.330913134324414]}",108.50149553847086,14.330913134324414,2389.830044724874
00000000000000000b8e,1,772,0.4339934143386008,13,97,"{""type"":""Point"",""coordinates"":[108.45352452933788,14.224193468812286]}",108.45352452933788,14.224193468812286,20.59182265189278
00000000000000000892,1,875,0.7376224687205587,14,97,"{""type"":""Point"",""coordinates"":[108.48262908191374,14.345195634998598]}",108.48262908191374,14.345195634998598,134.35841826339453
00000000000000000847,1,795,0.754059444830152,15,97,"{""type"":""Point"",""coordinates"":[108.48963878876975,14.327140734833199]}",108.48963878876975,14.327140734833199,1458.3805309177537
0000000000000000087d,1,1169,0.1279330723296855,15,97,"{""type"":""Point"",""coordinates"":[108.42253377701644,14.49314860795193]}",108.42253377701644,14.49314860795193,1112.021464290194
00000000000000000a6e,1,1079,0.1328121751591557,15,97,"{""type"":""Point"",""coordinates"":[108.4098654709236,14.424429401617274]}",108.4098654709236,14.424429401617274,183.20355988221075
00000000000000000671,1,830,0.2295905584861823,16,97,"{""type"":""Point"",""coordinates"":[108.51551049308183,14.292645129083738]}",108.51551049308183,14.292645129083738,1261.3556209815692
000000000000000006c8,1,1020,0.0989677200996566,16,97,"{""type"":""Point"",""coordinates"":[108.44032113111865,14.405023393832678]}",108.44032113111865,14.405023393832678,404.41657103023925
00000000000000000870,1,674,0.6915227295672488,16,97,"{""type"":""Point"",""coordinates"":[108.6270816605401,14.25195137286999]}",108.6270816605401,14.25195137286999,1381.714540384073
00000000000000000893,1,648,0.4124402776823243,16,97,"{""type"":""Point"",""coordinates"":[108.59231404962641,14.241169266522759]}",108.59231404962641,14.241169266522759,845.2693543552344
000000000000000009bd,1,952,0.4108151811383083,16,97,"{""type"":""Point"",""coordinates"":[108.42899947354395,14.397746140913458]}",108.42899947354395,14.397746140913458,482.3127983173509
00000000000000000a14,1,888,0.7540454182186926,16,97,"{""type"":""Point"",""coordinates"":[108.42388042553459,14.275664872272218]}",108.42388042553459,14.275664872272218,1793.596803777058
00000000000000000c53,1,768,0.4640093783470072,16,97,"{""type"":""Point"",""coordinates"":[108.58988829865332,14.299922382002961]}",108.58988829865332,14.299922382002961,292.31091940761405
000000000000000006fb,1,796,0.4638136197662397,17,97,"{""type"":""Point"",""coordinates"":[108.45891558251151,14.233084916312858]}",108.45891558251151,14.233084916312858,88.55019004256916
0000000000000000072d,1,792,0.0889697100426047,17,97,"{""type"":""Point"",""coordinates"":[108.57210094455114,14.326868729668934]}",108.57210094455114,14.326868729668934,840.5442961616393
0000000000000000080e,1,1045,0.5484357160061449,17,97,"{""type"":""Point"",""coordinates"":[108.42576662528019,14.357863941091438]}",108.42576662528019,14.357863941091438,2770.828590943493
00000000000000000782,1,769,0.2210897975835044,18,97,"{""type"":""Point"",""coordinates"":[108.49233208580604,14.330106037033739]}",108.49233208580604,14.330106037033739,1685.5470930805784
000000000000000009b1,1,1047,0.0200728118277548,18,97,"{""type"":""Point"",""coordinates"":[108.44274688209173,14.199940418182601]}",108.44274688209173,14.199940418182601,2349.760722538484
00000000000000000c09,1,802,0.1391946875228535,18,97,"{""type"":""Point"",""coordinates"":[108.49826269020711,14.341155689444177]}",108.49826269020711,14.341155689444177,1600.2074911445084
000000000000000007e8,1,1022,0.450554528906065,19,97,"{""type"":""Point"",""coordinates"":[108.42522707405271,14.357324389863972]}",108.42522707405271,14.357324389863972,2847.2533920361657
00000000000000000863,1,1103,0.3417924052328646,19,97,"{""type"":""Point"",""coordinates"":[108.40851882240547,14.497193012607406]}",108.40851882240547,14.497193012607406,88.88875711633722
00000000000000000b29,1,774,0.4416921813318434,19,97,"{""type"":""Point"",""coordinates"":[108.47346562924889,14.215837113438132]}",108.47346562924889,14.215837113438132,1201.8117918510532
00000000000000000bde,1,744,0.2069837368692659,19,97,"{""type"":""Point"",""coordinates"":[108.48155443855985,14.272432024008467]}",108.48155443855985,14.272432024008467,218.47435228867732
0000000000000000074b,1,739,0.1273439464316377,20,97,"{""type"":""Point"",""coordinates"":[108.5877345528445,14.30477388394911]}",108.5877345528445,14.30477388394911,522.7439996674817
0000000000000000076e,1,864,0.1590197598123428,20,97,"{""type"":""Point"",""coordinates"":[108.47131188344008,14.235782672450197]}",108.47131188344008,14.235782672450197,228.0093197669778
00000000000000000810,1,765,0.3712318715465073,20,97,"{""type"":""Point"",""coordinates"":[108.4554107290835,14.230119614112317]}",108.4554107290835,14.230119614112317,241.57949567519572
0000000000000000093a,1,898,0.251361081490867,20,97,"{""type"":""Point"",""coordinates"":[108.33386901166972,14.372685992993095]}",108.33386901166972,14.372685992993095,244.30925064548245
0000000000000000097a,1,676,0.695771113332605,20,97,"{""type"":""Point"",""coordinates"":[108.56401659434123,14.234164018767796]}",108.56401659434123,14.234164018767796,2163.7003775133694
00000000000000000aad,1,1008,0.1452117992261885,21,97,"{""type"":""Point"",""coordinates"":[108.4438215254456,14.390468887994235]}",108.4438215254456,14.390468887994235,75.91071654687084
00000000000000000710,1,1010,0.2335266339585401,22,97,"{""type"":""Point"",""coordinates"":[108.45379653450215,14.426043596198625]}",108.45379653450215,14.426043596198625,278.3897370097002
000000000000000008ec,1,706,0.095244020185729,22,97,"{""type"":""Point"",""coordinates"":[108.45298497811044,14.364329637618932]}",108.45298497811044,14.364329637618932,475.9921351393702
00000000000000000984,1,780,0.1906605712387841,22,97,"{""type"":""Point"",""coordinates"":[108.43223678090874,14.224461014875498]}",108.43223678090874,14.224461014875498,467.30816193183813
0000000000000000084e,1,1112,0.521535478150836,23,97,"{""type"":""Point"",""coordinates"":[108.41902892358844,14.485603808969504]}",108.41902892358844,14.485603808969504,1401.7315233402126
00000000000000000b83,1,890,0.6845423730668361,24,97,"{""type"":""Point"",""coordinates"":[108.46376708445766,14.194009813781514]}",108.46376708445766,14.194009813781514,725.1092559702851
00000000000000000be0,1,934,0.1372113682153805,24,97,"{""type"":""Point"",""coordinates"":[108.43142522451703,14.382384537784338]}",108.43142522451703,14.382384537784338,342.10172331515207
00000000000000000aa6,1,772,0.6717714099039725,25,97,"{""type"":""Point"",""coordinates"":[108.49987688478845,14.348160937199138]}",108.49987688478845,14.348160937199138,1501.2374981179717
00000000000000000c34,1,706,0.592345032302213,27,97,"{""type"":""Point"",""coordinates"":[108.42037557210656,14.217188221057327]}",108.42037557210656,14.217188221057327,1980.7548141738375
00000000000000000bd1,1,754,0.0126778079004606,28,97,"{""type"":""Point"",""coordinates"":[108.49071343212363,14.183227707434284]}",108.49071343212363,14.183227707434284,114.59702650198759
000000000000000009c1,1,886,0.3156551860717442,30,97,"{""type"":""Point"",""coordinates"":[108.46592083026648,14.220688615384281]}",108.46592083026648,14.220688615384281,503.8056940995662
000000000000000009e7,1,700,0.3063946412816107,35,97,"{""type"":""Point"",""coordinates"":[108.45891558251151,14.149271652912295]}",108.45891558251151,14.149271652912295,695.8761473035107
00000000000000000b8f,1,827,0.7626745426315591,39,97,"{""type"":""Point"",""coordinates"":[108.445440179128,14.368913593501878]}",108.445440179128,14.368913593501878,449.8579369015735
00000000000000000990,1,745,0.1917717512321085,2,98,"{""type"":""Point"",""coordinates"":[108.52008998986373,14.278362628409552]}",108.52008998986373,14.278362628409552,232.12464171855405
0000000000000000067b,1,851,0.0428000941020736,3,98,"{""type"":""Point"",""coordinates"":[108.45487117785603,14.19481691107219]}",108.45487117785603,14.19481691107219,1497.0991763946272
000000000000000006a2,1,872,0.0273964264559033,4,98,"{""type"":""Point"",""coordinates"":[108.47966823881426,14.353279985208497]}",108.47966823881426,14.353279985208497,437.7747469976954
000000000000000006f0,1,790,0.4669443432762604,4,98,"{""type"":""Point"",""coordinates"":[108.574259149461,14.321482135596373]}",108.574259149461,14.321482135596373,924.5625628177052
0000000000000000097e,1,1086,0.0342214813321202,4,98,"{""type"":""Point"",""coordinates"":[108.41283077312416,14.441677204492006]}",108.41283077312416,14.441677204492006,776.6032654352493
00000000000000000c1b,1,651,0.4219033002962596,6,98,"{""type"":""Point"",""coordinates"":[108.48586638927854,14.236589769740869]}",108.48586638927854,14.236589769740869,256.05494232201687
00000000000000000682,1,886,0.3845543427155686,7,98,"{""type"":""Point"",""coordinates"":[108.57048674996977,14.355977741345828]}",108.57048674996977,14.355977741345828,68.38210896685153
00000000000000000955,1,1212,0.4529475710946714,7,98,"{""type"":""Point"",""coordinates"":[108.37806762131147,14.50823820591679]}",108.37806762131147,14.50823820591679,244.89714469156573
00000000000000000c57,1,997,0.4905758363163387,7,98,"{""type"":""Point"",""coordinates"":[108.46592083026647,14.426315601362889]}",108.46592083026647,14.426315601362889,90.31541978345491
00000000000000000c74,1,673,0.4091402838399756,7,98,"{""type"":""Point"",""coordinates"":[108.43331142426261,14.268120073289785]}",108.43331142426261,14.268120073289785,665.0586879935602
000000000000000008b4,1,771,0.3344167887602216,8,98,"{""type"":""Point"",""coordinates"":[108.62303725588463,14.267040970834854]}",108.62303725588463,14.267040970834854,1169.1527451351487
00000000000000000a09,1,1098,0.672001043905952,8,98,"{""type"":""Point"",""coordinates"":[108.42037557210656,14.440058550809605]}",108.42037557210656,14.440058550809605,227.5351408358257
00000000000000000ab1,1,1114,0.794097465364268,9,98,"{""type"":""Point"",""coordinates"":[108.3980087212225,14.433053303054644]}",108.3980087212225,14.433053303054644,144.97619657333726
00000000000000000ae2,1,719,0.2326637302771448,9,98,"{""type"":""Point"",""coordinates"":[108.59473980059947,14.288600724428264]}",108.59473980059947,14.288600724428264,79.88618051494966
00000000000000000b88,1,1164,0.436959261497551,10,98,"{""type"":""Point"",""coordinates"":[108.39288967321313,14.48533180380524]}",108.39288967321313,14.48533180380524,343.7368616273818
000000000000000006c1,1,729,0.3384614357348712,11,98,"{""type"":""Point"",""coordinates"":[108.4710443373769,14.278630174472758]}",108.4710443373769,14.278630174472758,1177.7387400715206
000000000000000006ed,1,871,0.4518441431630449,11,98,"{""type"":""Point"",""coordinates"":[108.55512514684065,14.416073046243119]}",108.55512514684065,14.416073046243119,56.31840107577676
00000000000000000b0a,1,1124,0.588047740386509,11,98,"{""type"":""Point"",""coordinates"":[108.42334087430712,14.51470836154534]}",108.42334087430712,14.51470836154534,792.1177080107285
00000000000000000865,1,684,0.0331844723058311,12,98,"{""type"":""Point"",""coordinates"":[108.44894503255601,14.274590228918335]}",108.44894503255601,14.274590228918335,826.8799640966245
00000000000000000a95,1,713,0.0071224231234495,12,98,"{""type"":""Point"",""coordinates"":[108.41579607532469,14.217995318348002]}",108.41579607532469,14.217995318348002,2380.246057807789
000000000000000006a3,1,635,0.0696580452894719,14,98,"{""type"":""Point"",""coordinates"":[108.43466253188181,14.258689074561747]}",108.43466253188181,14.258689074561747,846.1921794220682
00000000000000000b14,1,678,0.1776899517759602,14,98,"{""type"":""Point"",""coordinates"":[108.61522045173795,14.265966327480973]}",108.61522045173795,14.265966327480973,658.9998393857959
000000000000000007f1,1,1003,0.2288438505944432,15,98,"{""type"":""Point"",""coordinates"":[108.42819237625326,14.407181598742545]}",108.42819237625326,14.407181598742545,469.7734698121115
00000000000000000ba3,1,1036,0.3897236786459451,16,98,"{""type"":""Point"",""coordinates"":[108.46080178225712,14.43763279983653]}",108.46080178225712,14.43763279983653,71.86932411657371
0000000000000000068b,1,675,0.2277984540874023,17,98,"{""type"":""Point"",""coordinates"":[108.47966823881426,14.165444812433137]}",108.47966823881426,14.165444812433137,664.0677464742828
0000000000000000093e,1,1127,0.6807546711820249,17,98,"{""type"":""Point"",""coordinates"":[108.42172667972578,14.501232958161832]}",108.42172667972578,14.501232958161832,363.19599131935666
00000000000000000a7a,1,784,0.4790318530549098,17,98,"{""type"":""Point"",""coordinates"":[108.45514318302028,14.210450519365567]}",108.45514318302028,14.210450519365567,736.1536368482292
00000000000000000b67,1,1018,0.5616933967595731,17,98,"{""type"":""Point"",""coordinates"":[108.45406408056536,14.42577605013542]}",108.45406408056536,14.42577605013542,275.18852837981467
00000000000000000b42,1,721,0.5409977995587596,19,98,"{""type"":""Point"",""coordinates"":[108.42091512333404,14.217995318348002]}",108.42091512333404,14.217995318348002,1884.9725917131912
00000000000000000803,1,1071,0.6722763982638317,20,98,"{""type"":""Point"",""coordinates"":[108.47481673686809,14.493416154015136]}",108.47481673686809,14.493416154015136,2089.8482882054636
00000000000000000722,1,739,0.1115713831723959,21,98,"{""type"":""Point"",""coordinates"":[108.62438390440278,14.257070420879348]}",108.62438390440278,14.257070420879348,887.7282404932197
00000000000000000a31,1,884,0.1575256157668634,21,98,"{""type"":""Point"",""coordinates"":[108.55593224413133,14.356784838636502]}",108.55593224413133,14.356784838636502,234.97788223595967
000000000000000009ad,1,905,0.1423523257777547,23,98,"{""type"":""Point"",""coordinates"":[108.4516383295923,14.19724266204526]}",108.4516383295923,14.19724266204526,1662.8885610026157
00000000000000000b3d,1,731,0.2898724586631227,34,98,"{""type"":""Point"",""coordinates"":[108.48855968631482,14.280788379382622]}",108.48855968631482,14.280788379382622,580.8867314257162
00000000000000000b6f,1,769,0.3761266882565868,35,98,"{""type"":""Point"",""coordinates"":[108.42064757727083,14.204252368901278]}",108.42064757727083,14.204252368901278,2903.413569179996
00000000000000000680,1,833,0.262019800537518,44,98,"{""type"":""Point"",""coordinates"":[108.44463308183731,14.369988236855754]}",108.44463308183731,14.369988236855754,565.2279510365674
00000000000000000834,1,709,0.0130873366141102,1,100,"{""type"":""Point"",""coordinates"":[108.4193009287527,14.21017851420131]}",108.4193009287527,14.21017851420131,2544.5046288292688
000000000000000006ae,1,721,0.5134948485142533,2,100,"{""type"":""Point"",""coordinates"":[108.47804958513184,14.277551072017824]}",108.47804958513184,14.277551072017824,635.0353935345237
00000000000000000772,1,680,0.3822057485128387,2,100,"{""type"":""Point"",""coordinates"":[108.54488259172089,14.253837572615598]}",108.54488259172089,14.253837572615598,115.9455277511422
00000000000000000a53,1,916,0.7162301849518176,2,100,"{""type"":""Point"",""coordinates"":[108.40312776923184,14.385621845149142]}",108.40312776923184,14.385621845149142,2821.663946418637
0000000000000000066c,1,656,0.4680727381894226,3,100,"{""type"":""Point"",""coordinates"":[108.48101488733239,14.191316516745234]}",108.48101488733239,14.191316516745234,332.67376939405307
000000000000000009d8,1,870,0.7570929422569787,3,100,"{""type"":""Point"",""coordinates"":[108.48155443855985,14.35112623939968]}",108.48155443855985,14.35112623939968,154.64348925793578
00000000000000000abf,1,869,0.3187214074166776,3,100,"{""type"":""Point"",""coordinates"":[108.43115767845381,14.384810288757409]}",108.43115767845381,14.384810288757409,94.42531103527588
00000000000000000c73,1,734,0.0901194302747492,3,100,"{""type"":""Point"",""coordinates"":[108.53410494447472,14.251411821642524]}",108.53410494447472,14.251411821642524,13.72140904753133
00000000000000000842,1,755,0.1872836579203791,4,100,"{""type"":""Point"",""coordinates"":[108.45891558251151,14.258956620624955]}",108.45891558251151,14.258956620624955,91.11567406242294
00000000000000000b5d,1,754,0.4104496501938895,4,100,"{""type"":""Point"",""coordinates"":[108.502842186989,14.21017851420131]}",108.502842186989,14.21017851420131,80.91690802874544
00000000000000000778,1,645,0.515120192353278,5,100,"{""type"":""Point"",""coordinates"":[108.50931234261755,14.178648210652396]}",108.50931234261755,14.178648210652396,646.6202602196958
00000000000000000891,1,1065,0.4995186209712403,5,100,"{""type"":""Point"",""coordinates"":[108.42172667972578,14.376458392484308]}",108.42172667972578,14.376458392484308,1362.0240173368436
000000000000000006bb,1,790,0.3007710370046483,6,100,"{""type"":""Point"",""coordinates"":[108.4950253828423,14.321482135596373]}",108.4950253828423,14.321482135596373,1565.5932026726096
0000000000000000076c,1,843,0.7981032429969388,6,100,"{""type"":""Point"",""coordinates"":[108.46942568369447,14.285367876164512]}",108.46942568369447,14.285367876164512,872.6989609771927
00000000000000000840,1,880,0.0158510725411312,6,100,"{""type"":""Point"",""coordinates"":[108.5583579951044,14.367562485882681]}",108.5583579951044,14.367562485882681,411.6470165429626
000000000000000008ee,1,739,0.2295273071374949,6,100,"{""type"":""Point"",""coordinates"":[108.5467687914665,14.264615219861776]}",108.5467687914665,14.264615219861776,350.34838130398896
00000000000000000675,1,694,0.1883600421510254,7,100,"{""type"":""Point"",""coordinates"":[108.59554689789015,14.272971575235937]}",108.59554689789015,14.272971575235937,310.21294182842433
0000000000000000077b,1,959,0.3211173795352834,7,100,"{""type"":""Point"",""coordinates"":[108.46592083026648,14.385621845149142]}",108.46592083026648,14.385621845149142,375.6116701711091
0000000000000000079b,1,716,0.1489918565077718,7,100,"{""type"":""Point"",""coordinates"":[108.52898143736431,14.272971575235934]}",108.52898143736431,14.272971575235934,244.7338730859706
000000000000000007a0,1,844,0.3091776072037497,7,100,"{""type"":""Point"",""coordinates"":[108.56401659434123,14.36675538859201]}",108.56401659434123,14.36675538859201,71.16114732682493
0000000000000000087a,1,775,0.4725835059917403,7,100,"{""type"":""Point"",""coordinates"":[108.45137078352907,14.237129320968336]}",108.45137078352907,14.237129320968336,434.6338788725914
000000000000000008f6,1,783,0.6810766544380688,7,100,"{""type"":""Point"",""coordinates"":[108.45137078352907,14.237668872195801]}",108.45137078352907,14.237668872195801,387.4343915991432
00000000000000000b25,1,694,0.3181361914593025,7,100,"{""type"":""Point"",""coordinates"":[108.59851220009068,14.271892472781]}",108.59851220009068,14.271892472781,379.86076129592203
00000000000000000c1d,1,948,0.5499073687502866,7,100,"{""type"":""Point"",""coordinates"":[108.44894503255601,14.391547990449167]}",108.44894503255601,14.391547990449167,280.53756385070034
000000000000000008b1,1,693,0.2896286435450634,8,100,"{""type"":""Point"",""coordinates"":[108.60713610152806,14.259768177016682]}",108.60713610152806,14.259768177016682,35.433500451475965
00000000000000000946,1,644,0.6038093267896079,8,100,"{""type"":""Point"",""coordinates"":[108.50931234261755,14.178380664589184]}",108.50931234261755,14.178380664589184,633.7396782036429
000000000000000006b3,1,717,0.7907117811605417,9,100,"{""type"":""Point"",""coordinates"":[108.41714272384283,14.207485217165026]}",108.41714272384283,14.207485217165026,2914.198089432427
000000000000000006e5,1,605,0.312189140685875,9,100,"{""type"":""Point"",""coordinates"":[108.44651928158292,14.28105592544583]}",108.44651928158292,14.28105592544583,436.72470560421186
000000000000000007b5,1,639,0.3190436491994398,9,100,"{""type"":""Point"",""coordinates"":[108.46376708445766,14.14846455562162]}",108.46376708445766,14.14846455562162,524.7867348353128
00000000000000000884,1,772,0.2908645559775852,9,100,"{""type"":""Point"",""coordinates"":[108.62815630389399,14.306927629757924]}",108.62815630389399,14.306927629757924,2320.238392394496
00000000000000000bdd,1,602,0.1632057954263009,9,100,"{""type"":""Point"",""coordinates"":[108.48963878876975,14.285367876164512]}",108.48963878876975,14.285367876164512,486.8149899504278
00000000000000000798,1,652,0.2386032049230965,10,100,"{""type"":""Point"",""coordinates"":[108.58557634793463,14.253298021388133]}",108.58557634793463,14.253298021388133,154.97133382079124
000000000000000006eb,1,788,0.4130116162711859,11,100,"{""type"":""Point"",""coordinates"":[108.45244542688296,14.264887225026039]}",108.45244542688296,14.264887225026039,408.9327548683209
00000000000000000a87,1,799,0.4408153532403371,11,100,"{""type"":""Point"",""coordinates"":[108.51362429333624,14.341690781570591]}",108.51362429333624,14.341690781570591,337.2226967206351
00000000000000000c25,1,532,0.4889677828387757,11,100,"{""type"":""Point"",""coordinates"":[108.53679824151101,14.180534410398005]}",108.53679824151101,14.180534410398005,869.5748763834347
000000000000000007d2,1,749,0.5532345614027598,12,100,"{""type"":""Point"",""coordinates"":[108.56024419485,14.273239121299143]}",108.56024419485,14.273239121299143,84.70481895345117
000000000000000009c6,1,846,0.3772433112844319,12,100,"{""type"":""Point"",""coordinates"":[108.56213039459563,14.361636340582653]}",108.56213039459563,14.361636340582653,67.06805969221317
00000000000000000acb,1,881,0.1138024112088653,12,100,"{""type"":""Point"",""coordinates"":[108.42738527896259,14.279437271763431]}",108.42738527896259,14.279437271763431,1554.3948012415094
00000000000000000be8,1,711,0.6658730191635407,12,100,"{""type"":""Point"",""coordinates"":[108.55081319612196,14.27512532104475]}",108.55081319612196,14.27512532104475,128.13604386692154
00000000000000000b26,1,792,0.5078888266678792,13,100,"{""type"":""Point"",""coordinates"":[108.57318004700606,14.306927629757924]}",108.57318004700606,14.306927629757924,1413.7892590434171
00000000000000000b27,1,1015,0.645186590136435,13,100,"{""type"":""Point"",""coordinates"":[108.4276528250258,14.406909593578286]}",108.4276528250258,14.406909593578286,405.6856019713311
00000000000000000685,1,756,0.3616788103074287,14,100,"{""type"":""Point"",""coordinates"":[108.45864357734725,14.26434767379857]}",108.45864357734725,14.26434767379857,371.5738865954671
00000000000000000720,1,1045,0.1518398714225148,14,100,"{""type"":""Point"",""coordinates"":[108.3998949209681,14.412300646751904]}",108.3998949209681,14.412300646751904,3829.619118833906
000000000000000008f7,1,709,0.7474995173117801,14,100,"{""type"":""Point"",""coordinates"":[108.5265601454923,14.268659624517252]}",108.5265601454923,14.268659624517252,2273.3275974379876
00000000000000000a0d,1,650,0.0153740763130649,14,100,"{""type"":""Point"",""coordinates"":[108.48855968631482,14.19940086695513]}",108.48855968631482,14.19940086695513,142.48801473814186
00000000000000000c60,1,733,0.2183829636374471,14,100,"{""type"":""Point"",""coordinates"":[108.5365306954478,14.132835406429292]}",108.5365306954478,14.132835406429292,1089.2663829687758
0000000000000000085d,1,707,0.3359257450493387,15,100,"{""type"":""Point"",""coordinates"":[108.4438215254456,14.260842820370561]}",108.4438215254456,14.260842820370561,727.4242635826685
00000000000000000b69,1,802,0.2608661648845237,15,100,"{""type"":""Point"",""coordinates"":[108.51874334134558,14.334417987752422]}",108.51874334134558,14.334417987752422,588.8830440376413
00000000000000000bfe,1,848,0.7376794727733679,15,100,"{""type"":""Point"",""coordinates"":[108.59824465402748,14.362982989100795]}",108.59824465402748,14.362982989100795,378.37817887555
00000000000000000a82,1,886,0.7060046761909341,16,100,"{""type"":""Point"",""coordinates"":[108.42010802604338,14.385621845149142]}",108.42010802604338,14.385621845149142,731.478998492464
00000000000000000aed,1,874,0.5675200832755793,16,100,"{""type"":""Point"",""coordinates"":[108.32497756416915,14.3910084392217]}",108.32497756416915,14.3910084392217,705.3568977971029
00000000000000000b48,1,634,0.6474229412111255,16,100,"{""type"":""Point"",""coordinates"":[108.48451528165936,14.147657458330947]}",108.48451528165936,14.147657458330947,202.80454582289028
00000000000000000b6c,1,576,0.0557152631612805,16,100,"{""type"":""Point"",""coordinates"":[108.52817434007362,14.228772965594178]}",108.52817434007362,14.228772965594178,307.8981118550736
0000000000000000081d,1,618,0.2546852156918737,18,100,"{""type"":""Point"",""coordinates"":[108.50068844118019,14.206138568646887]}",108.50068844118019,14.206138568646887,425.1357222246858
00000000000000000af9,1,797,0.3669719993619545,18,100,"{""type"":""Point"",""coordinates"":[108.49691158258793,14.34816093719914]}",108.49691158258793,14.34816093719914,360.51136118544406
000000000000000007cf,1,993,0.6561007191948502,19,100,"{""type"":""Point"",""coordinates"":[108.47643093144944,14.4104144470063]}",108.47643093144944,14.4104144470063,1348.819092588976
000000000000000008c1,1,735,0.2473449685597513,19,100,"{""type"":""Point"",""coordinates"":[108.4357371752357,14.255723772361206]}",108.4357371752357,14.255723772361206,1100.9499520334487
00000000000000000be6,1,677,0.6366744834567725,19,100,"{""type"":""Point"",""coordinates"":[108.43358342942687,14.282942125191438]}",108.43358342942687,14.282942125191438,945.8409995949265
000000000000000006c5,1,744,0.2710565392356934,20,100,"{""type"":""Point"",""coordinates"":[108.45352452933788,14.389122239476093]}",108.45352452933788,14.389122239476093,617.2365822444025
000000000000000007c7,1,765,0.6989915347575829,20,100,"{""type"":""Point"",""coordinates"":[108.51011943990822,14.32309633017772]}",108.51011943990822,14.32309633017772,893.0046394841563
00000000000000000adb,1,694,0.660873673471028,20,100,"{""type"":""Point"",""coordinates"":[108.48155443855985,14.233624467540327]}",108.48155443855985,14.233624467540327,262.27060242116204
0000000000000000099a,1,707,0.3223988178246338,21,100,"{""type"":""Point"",""coordinates"":[108.55000609883129,14.276204423499685]}",108.55000609883129,14.276204423499685,77.40255506227382
00000000000000000860,1,837,0.1762096419167199,22,100,"{""type"":""Point"",""coordinates"":[108.46861858640382,14.212064713946917]}",108.46861858640382,14.212064713946917,603.979520031849
00000000000000000a76,1,664,0.6874741303127127,23,100,"{""type"":""Point"",""coordinates"":[108.4777775799676,14.210718065428777]}",108.4777775799676,14.210718065428777,125.89404716075784
00000000000000000a88,1,754,0.4069737513292002,26,100,"{""type"":""Point"",""coordinates"":[108.47777757996758,14.20856431961996]}",108.47777757996758,14.20856431961996,293.54564999207463
000000000000000009c9,1,636,0.0212110440341789,27,100,"{""type"":""Point"",""coordinates"":[108.45406408056536,14.294259323665083]}",108.45406408056536,14.294259323665083,321.1180999772213
00000000000000000a00,1,673,0.1942586977696726,27,100,"{""type"":""Point"",""coordinates"":[108.45433162662857,14.36837404227441]}",108.45433162662857,14.36837404227441,440.88887298794407
00000000000000000bea,1,738,0.5409527845661757,28,100,"{""type"":""Point"",""coordinates"":[108.43789538014558,14.258149523334282]}",108.43789538014558,14.258149523334282,789.3079551691982
00000000000000000c2e,1,695,0.6728742089421024,28,100,"{""type"":""Point"",""coordinates"":[108.53625869028353,14.129063006938074]}",108.53625869028353,14.129063006938074,1476.5207619927285
