grid_id,x_utm,y_utm,centroid_lon,centroid_lat,dist_to_nearest_road_m
kbang_00000,855853.282103996,1592886.5751872277,108.29918286489452,14.385299172850102,3231.573361633301
kbang_00001,855841.1253458743,1593520.2605602664,108.29915434726126,14.391020788381581,3279.6754955705865
kbang_00002,855662.4955531203,1594622.5134504978,108.29764637394344,14.40099352307596,3583.6763160835576
kbang_00003,855615.7663226366,1595567.3056804785,108.2973390288985,14.409527861622683,3832.44753443685
kbang_00004,855789.0084735699,1596253.5864470475,108.29903466042684,14.415700226733557,3748.58471699362
kbang_00005,856982.4718813058,1587164.885432329,108.30887967301999,14.333505788285079,2191.760661403238
kbang_00006,856975.8313575537,1589838.8254808828,108.30917285061095,14.357643160751286,2173.2820322661573
kbang_00007,856897.1375843295,1590363.6142059886,108.30851389051816,14.362390384911292,2386.705800965919
kbang_00008,856908.5643212312,1591696.2417753325,108.3087967230096,14.374417946001259,2274.388731779582
kbang_00009,856617.1601068755,1592419.8441633014,108.30619451650851,14.380987335208555,2536.62566960489
kbang_00010,856500.0,1593500.0,108.30525313255251,14.390752616558434,2626.7048350799814
kbang_00011,856500.0,1594500.0,108.30538609810418,14.399779185288418,2738.8777888875115
kbang_00012,856500.0,1595500.0,108.3055191559648,14.408805745933305,2984.7984166406445
kbang_00013,856500.0,1596328.7704685288,108.30562950035603,14.416286686697719,3054.395288123662
kbang_00014,856896.8057446616,1597357.8490724512,108.30944174978958,14.4255241423147,2982.480318617202
kbang_00015,857852.1629246866,1582543.7983142454,108.3163184113562,14.291680916206083,4249.3323161141925
kbang_00016,857684.8501220652,1583613.2135580855,108.31491130668181,14.301355651721268,3320.9925074947155
kbang_00017,857704.8198995646,1584555.718374274,108.31522103712265,14.309860636107576,2493.4491005904183
kbang_00018,857785.5150622228,1585355.6743652322,108.31607411021899,14.317071034878014,1830.8661699089394
kbang_00019,857666.1487192251,1586599.040634376,108.31513404078129,14.328309759304231,1448.8150049001342
kbang_00020,857553.8591837554,1587483.6022442803,108.31421188360366,14.336308813952748,1738.827402786707
kbang_00021,857643.6416958121,1588304.63980767,108.31515215208158,14.343708304527075,1464.7196824389646
kbang_00022,857550.8079809637,1589338.8254808828,108.31443007977141,14.3530554273811,1580.4469791108245
kbang_00023,857500.0,1590500.0,108.31411404827959,14.363543372540265,1840.263804330452
kbang_00024,857500.0,1591696.2417753325,108.31427322966728,14.37434125778297,1694.297731136449
kbang_00025,857500.0,1592500.0,108.31438025845017,14.38159638085708,1664.914328108954
kbang_00026,857500.0,1593500.0,108.3145135023231,14.390622872894902,1653.856972610064
kbang_00027,857500.0,1594500.0,108.31464683874461,14.399649356845904,1743.2382352863053
kbang_00028,857500.0,1595500.0,108.31478026773235,14.40867583270526,2108.6606152919126
kbang_00029,857500.0,1596500.0,108.31491378930397,14.41770230046815,2515.045333371411
kbang_00030,857500.0,1597357.8490724512,108.31502840445172,14.425445641010509,2894.681987246984
kbang_00031,857911.2134953552,1598533.2509742165,108.31899428857741,14.436001716789043,2886.3824212809172
kbang_00032,858949.3649876566,1575902.841853647,108.32559438184805,14.231594569032428,10640.181720347158
kbang_00033,858684.5023268242,1576631.4751126599,108.32323969312432,14.238205737459367,9925.134269200273
kbang_00034,858537.7976138302,1577665.5862864158,108.3220187548468,14.247559083344832,8904.813633264619
kbang_00035,858594.310646957,1578518.172809859,108.3226545178812,14.255247683826903,8050.555218536563
kbang_00036,858680.7645887211,1579650.6447063684,108.32360455187278,14.265458787898575,6914.894669890795
kbang_00037,858735.8093334127,1580335.561290699,108.32420474500671,14.271634071036251,6227.814063169494
kbang_00038,858722.9507220397,1581500.0,108.32424011123491,14.282146522070509,5070.919783123246
kbang_00039,858500.0,1582582.0685304152,108.32232000680489,14.291942637271362,4036.764776140324
kbang_00040,858500.0,1583500.0,108.322441808215,14.300228334085721,3142.842067079464
kbang_00041,858500.0,1584500.0,108.32257458822443,14.309254813738068,2189.4781837019054
kbang_00042,858500.0,1585500.0,108.32270746088108,14.318281285340518,1269.9445842194177
kbang_00043,858500.0,1586500.0,108.32284042620252,14.327307748888233,626.1061365294801
kbang_00044,858500.0,1587500.0,108.32297348420634,14.336334204376385,836.0889873947841
kbang_00045,858500.0,1588500.0,108.32310663491013,14.345360651800142,652.0532384705261
kbang_00046,858500.0,1589500.0,108.32323987833148,14.354387091154672,622.829242592352
kbang_00047,858500.0,1590500.0,108.32337321448802,14.363413522435142,994.7319789384233
kbang_00048,858500.0,1591500.0,108.32350664339737,14.372439945636723,676.6941050615687
kbang_00049,858500.0,1592500.0,108.32364016507717,14.381466360754587,742.7070486887895
kbang_00050,858500.0,1593500.0,108.32377377954509,14.3904927677839,755.5841985307144
kbang_00051,858500.0,1594500.0,108.32390748681883,14.39951916671983,759.1492260859397
kbang_00052,858500.0,1595500.0,108.32404128691604,14.408545557557554,1339.1680087408881
kbang_00053,858500.0,1596500.0,108.32417517985442,14.417571940292241,1599.6825590214034
kbang_00054,858500.0,1597500.0,108.3243091656517,14.426598314919064,1718.0910311263638
kbang_00055,858500.0,1598368.3524659364,108.32442558788954,14.434436383003932,2914.5270826493706
kbang_00056,858708.3803179247,1599596.878545973,108.32652053898839,14.445498234814066,3630.8247940682886
kbang_00057,858790.9988215301,1600714.18970577,108.32743594305701,14.455572633194363,4395.34996375977
kbang_00058,858965.9696410191,1601022.4320820821,108.32909814058944,14.458331994681815,4487.83559699538
kbang_00059,859500.0,1575902.841853647,108.33068978205594,14.231523510845916,10635.819327377396
kbang_00060,859500.0,1576500.0,108.33076886033963,14.23691373325354,10038.763248144787
kbang_00061,859500.0,1577500.0,108.33090135877782,14.245940183979808,9038.96436834525
kbang_00062,859500.0,1578500.0,108.33103394999709,14.254966626683526,8039.215518452508
kbang_00063,859500.0,1579500.0,108.331166634015,14.263993061359843,7039.53801410577
kbang_00064,859500.0,1580500.0,108.33129941084907,14.273019488003927,6039.9672807021725
kbang_00065,859500.0,1581500.0,108.33143228051681,14.282045906610938,5040.566838349174
kbang_00066,859500.0,1582500.0,108.3315652430358,14.29107231717603,4041.463021206301
kbang_00067,859500.0,1583500.0,108.3316982984236,14.300098719694368,3042.948019879825
kbang_00068,859500.0,1584500.0,108.33183144669779,14.309125114161114,2045.8841491157636
kbang_00069,859500.0,1585500.0,108.33196468787598,14.318151500571433,1054.3961549226717
kbang_00070,859500.0,1586500.0,108.33209802197577,14.327177878920477,194.577880110505
kbang_00071,859500.0,1587500.0,108.33223144901478,14.33620424920342,3.0379969967445972
kbang_00072,859500.0,1588500.0,108.33236496901065,14.345230611415419,75.69120060660673
kbang_00073,859500.0,1589500.0,108.33249858198104,14.354256965551636,54.85615786950089
kbang_00074,859500.0,1590500.0,108.33263228794362,14.363283311607235,73.55359940989447
kbang_00075,859500.0,1591500.0,108.33276608691607,14.372309649577387,121.4659484149668
kbang_00076,859500.0,1592500.0,108.33289997891605,14.381335979457251,201.93250698973355
kbang_00077,859500.0,1593500.0,108.33303396396131,14.390362301241996,169.48008819930874
kbang_00078,859500.0,1594500.0,108.33316804206956,14.399388614926783,54.06677980258947
kbang_00079,859500.0,1595500.0,108.33330221325853,14.40841492050678,168.13806049874364
kbang_00080,859500.0,1596500.0,108.33343647754596,14.417441217977155,306.0133122477749
kbang_00081,859500.0,1597500.0,108.33357083494964,14.426467507333072,1590.2327855939714
kbang_00082,859500.0,1598500.0,108.33370528548734,14.435493788569707,2329.341414303871
kbang_00083,859500.0,1599500.0,108.33383982917684,14.444520061682214,3004.506499091036
kbang_00084,859500.0,1600500.0,108.33397446603594,14.45354632666577,3741.1541740489583
kbang_00085,859591.6498448154,1601310.092955956,108.33493255860316,14.460846397935505,4187.499517092114
kbang_00086,859926.4590629772,1602154.464870865,108.3381478561576,14.468423883206611,4585.66642259719
kbang_00087,860834.1013503621,1574621.8252067824,108.3428648606303,14.219787993442841,10094.49054071656
kbang_00088,860644.5541006709,1575272.7058044123,108.34119735590258,14.225687624625257,10247.528391505202
kbang_00089,860500.0,1576500.0,108.34002268711635,14.236784357574916,10107.365826237254
kbang_00090,860500.0,1577500.0,108.34015555200585,14.245810722925423,9115.094801772568
kbang_00091,860500.0,1578500.0,108.34028850993288,14.254837080246858,8124.71922870039
kbang_00092,860500.0,1579500.0,108.34042156091496,14.263863429534373,7137.028222245338
kbang_00093,860500.0,1580500.0,108.34055470496972,14.27288977078313,6153.314647004412
kbang_00094,860500.0,1581500.0,108.3406879421147,14.281916103988278,5175.846833606228
kbang_00095,860500.0,1582500.0,108.34082127236753,14.290942429144977,4208.978468092251
kbang_00096,860500.0,1583500.0,108.34095469574581,14.299968746248378,3262.1479188989542
kbang_00097,860500.0,1584500.0,108.34108821226718,14.308995055293643,2359.601310537304
kbang_00098,860500.0,1585500.0,108.34122182194929,14.318021356275924,1579.185753672425
kbang_00099,860500.0,1586500.0,108.3413555248098,14.327047649190382,975.3600287055848
kbang_00100,860500.0,1587500.0,108.34148932086636,14.336073934032175,860.3009661620799
kbang_00101,860500.0,1588500.0,108.34162321013667,14.345100210796458,1100.279480385601
kbang_00102,860500.0,1589500.0,108.34175719263844,14.354126479478388,977.827027233183
kbang_00103,860500.0,1590500.0,108.34189126838938,14.363152740073128,1164.1952242519562
kbang_00104,860500.0,1591500.0,108.3420254374072,14.37217899257584,1126.9647345242033
kbang_00105,860500.0,1592500.0,108.34215969970968,14.381205236981685,1132.9330968935794
kbang_00106,860500.0,1593500.0,108.34229405531454,14.39023147328581,733.64445172011
kbang_00107,860500.0,1594500.0,108.34242850423956,14.39925770148339,748.7428646029564
kbang_00108,860500.0,1595500.0,108.34256304650255,14.408283921569579,192.81758802792498
kbang_00109,860500.0,1596500.0,108.34269768212128,14.41731013353954,192.7026664102167
kbang_00110,860500.0,1597500.0,108.34283241111356,14.426336337388438,960.2758100725054
kbang_00111,860500.0,1598500.0,108.34296723349723,14.435362533111432,1598.386855348115
kbang_00112,860500.0,1599500.0,108.34310214929015,14.444388720703687,2328.9190262434886
kbang_00113,860500.0,1600500.0,108.34323715851014,14.453414900160364,2970.441260347597
kbang_00114,860500.0,1601500.0,108.34337226117508,14.462441071476633,3718.1745129357914
kbang_00115,860664.5097492299,1602654.464870865,108.34505227507832,14.472839772966674,5028.542483501352
kbang_00116,860914.50974923,1603179.5631260634,108.34743924800306,14.47754639846138,4513.889613579138
kbang_00117,861662.9317870293,1573771.3930325592,108.3504209152532,14.212004280503693,9389.052565299495
kbang_00118,861500.0,1574658.7149671237,108.34903134801162,14.220034649719492,9427.957816992233
kbang_00119,861500.0,1575500.0,108.34914328282613,14.227628336739063,9389.303502768524
kbang_00120,861500.0,1576500.0,108.3492764208731,14.236654624508807,9441.17118121203
kbang_00121,861500.0,1577500.0,108.34940965219639,14.245680904247802,9298.764952314234
kbang_00122,861500.0,1578500.0,108.34954297681358,14.254707175951191,8330.254434187475
kbang_00123,861500.0,1579500.0,108.34967639474229,14.263733439614123,7370.159308876076
kbang_00124,861500.0,1580500.0,108.34980990600013,14.272759695231752,6422.254863996388
kbang_00125,861500.0,1581500.0,108.34994351060476,14.281785942799221,5492.855981913038
kbang_00126,861500.0,1582500.0,108.3500772085738,14.290812182311688,4593.209785972162
kbang_00127,861500.0,1583500.0,108.35021099992494,14.299838413764297,3744.821148982019
kbang_00128,861500.0,1584500.0,108.35034488467583,14.308864637152208,2991.6207543362834
kbang_00129,861500.0,1585500.0,108.35047886284421,14.317890852470564,2352.1522699545944
kbang_00130,861500.0,1586500.0,108.35061293444775,14.326917059714523,1930.797093190035
kbang_00131,861500.0,1587500.0,108.35074709950418,14.335943258879242,1856.3871430724737
kbang_00132,861500.0,1588500.0,108.35088135803123,14.344969449959864,2069.4853286978414
kbang_00133,861500.0,1589500.0,108.35101571004667,14.35399563295155,1939.5354592795932
kbang_00134,861500.0,1590500.0,108.35115015556823,14.363021807849455,1887.2317320264744
kbang_00135,861500.0,1591500.0,108.35128469461372,14.372047974648725,2120.1799765609117
kbang_00136,861500.0,1592500.0,108.3514193272009,14.381074133344528,1938.0884587132266
kbang_00137,861500.0,1593500.0,108.3515540533476,14.390100283932005,1730.3549930161898
kbang_00138,861500.0,1594500.0,108.35168887307164,14.399126426406324,1041.1973940693697
kbang_00139,861500.0,1595500.0,108.35182378639082,14.408152560762634,117.57977193293758
kbang_00140,861500.0,1596500.0,108.35195879332304,14.417178686996095,107.99492850158676
kbang_00141,861500.0,1597500.0,108.35209389388609,14.426204805101865,238.95094986817068
kbang_00142,861500.0,1598500.0,108.35222908809791,14.435230915075106,922.4233205395922
kbang_00143,861500.0,1599500.0,108.35236437597638,14.44425701691096,1559.1350626509868
kbang_00144,861500.0,1600500.0,108.35249975753939,14.453283110604602,2330.1713546798924
kbang_00145,861500.0,1601500.0,108.35263523280484,14.46230919615118,3227.431381011503
kbang_00146,861500.0,1602500.0,108.35277080179068,14.471335273545865,4171.536681697255
kbang_00147,861652.5604354825,1603679.5631260634,108.35434411324673,14.481961911664262,3622.5870688758464
kbang_00148,861902.5604354825,1604204.6613812617,108.3567314027459,14.486668376376642,3127.3367850469353
kbang_00149,861912.4762774722,1613706.6711429702,108.3581191078452,14.572432061411558,7052.128127575244
kbang_00150,861940.6291108734,1614278.0795591017,108.35845821585906,14.577585808557862,7588.549695878386
kbang_00151,862985.348707981,1572815.662486969,108.36252920380758,14.203205805756852,8351.093018537487
kbang_00152,862549.2245631233,1573427.8173744134,108.35857565835792,14.208787967893787,8596.462590932475
kbang_00153,862500.0,1574500.0,108.35826314645489,14.218472122181174,8450.073060004543
kbang_00154,862500.0,1575500.0,108.35839655714672,14.227498332142673,8389.304364800564
kbang_00155,862500.0,1576500.0,108.35853006135353,14.23652453407172,8447.314409391252
kbang_00156,862500.0,1577500.0,108.35866365909301,14.245550727963469,8621.705964422375
kbang_00157,862500.0,1578500.0,108.35879735038277,14.25457691381306,8647.26635020492
kbang_00158,862500.0,1579500.0,108.35893113524047,14.263603091615634,7726.663227506354
kbang_00159,862500.0,1580500.0,108.35906501368378,14.272629261366344,6828.428364654013
kbang_00160,862500.0,1581500.0,108.35919898573039,14.281655423060327,5962.679199078555
kbang_00161,862500.0,1582500.0,108.35933305139798,14.290681576692737,5145.838370084767
kbang_00162,862500.0,1583500.0,108.3594672107043,14.299707722258717,4405.197138715728
kbang_00163,862500.0,1584500.0,108.35960146366703,14.308733859753406,3756.7995374660327
kbang_00164,862500.0,1585500.0,108.35973581030396,14.317759989171963,3210.9380188336986
kbang_00165,862500.0,1586500.0,108.35987025063282,14.32678611050953,2916.250354761967
kbang_00166,862500.0,1587500.0,108.36000478467137,14.335812223761259,2855.210797393102
kbang_00167,862500.0,1588500.0,108.36013941243743,14.344838328922291,3046.042364201167
kbang_00168,862500.0,1589500.0,108.36027413394876,14.353864425987778,2927.020652543832
kbang_00169,862500.0,1590500.0,108.36040894922319,14.362890514952873,2885.665694930633
kbang_00170,862500.0,1591500.0,108.36054385827852,14.371916595812722,3049.609318522023
kbang_00171,862500.0,1592500.0,108.36067886113263,14.38094266856248,2867.1174898009895
kbang_00172,862500.0,1593500.0,108.36081395780334,14.389968733197291,2325.3964084094696
kbang_00173,862500.0,1594500.0,108.36094914830853,14.398994789712306,1497.6217483696378
kbang_00174,862500.0,1595500.0,108.36108443266609,14.408020838102683,753.1727559708003
kbang_00175,862500.0,1596500.0,108.3612198108939,14.417046878363566,534.4758061358729
kbang_00176,862500.0,1597500.0,108.3613552830099,14.426072910490113,299.3342577579752
kbang_00177,862500.0,1598500.0,108.36149084903197,14.435098934477482,180.90210658014416
kbang_00178,862500.0,1599500.0,108.36162650897808,14.444124950320816,1013.5078268365631
kbang_00179,862500.0,1600500.0,108.36176226286616,14.453150958015268,2000.6412979977088
kbang_00180,862500.0,1601500.0,108.36189811071421,14.462176957556002,2968.3375370094377
kbang_00181,862500.0,1602500.0,108.36203405254018,14.471202948938158,3629.857022122938
kbang_00182,862500.0,1603500.0,108.36217008836209,14.480228932156907,2994.7763684533666
kbang_00183,862640.6111217352,1604704.6613812617,108.36363671456148,14.491083512551567,2238.228624537652
kbang_00184,862918.4403551836,1605451.9695932707,108.36631244823549,14.497791769115423,1690.9804147243055
kbang_00185,862963.1857826952,1611972.973136015,108.36761870701368,14.55664372483728,5096.227025852741
kbang_00186,862736.7001823586,1612320.8157380032,108.36556757872897,14.559813537810047,5488.452606676547
kbang_00187,862500.0,1613529.6422821493,108.36353968206761,14.570755862479139,6718.237773134719
kbang_00188,862500.0,1614308.0159071288,108.36364636854238,14.57778138013061,7475.778869911589
kbang_00189,862964.9365038566,1615326.2637267169,108.36809504451159,14.586909808697525,8358.303073292936
kbang_00190,863905.034055616,1569840.4522794997,108.370640848282,14.17623138077297,8996.801761868597
kbang_00191,863847.1732459601,1570500.0,108.3701935931043,14.182192078725603,8643.388656853493
kbang_00192,863664.5055323049,1571746.631274741,108.36867007428673,14.19346813159754,8146.962228429367
kbang_00193,863522.5787597131,1572347.2467911122,108.367437189791,14.198907860713003,8017.605421238261
kbang_00194,863500.0,1573500.0,108.36738227855035,14.20931571461012,7658.227547659301
kbang_00195,863500.0,1574500.0,108.36751596137451,14.218341846535914,7458.226476688346
kbang_00196,863500.0,1575500.0,108.36764973795229,14.227367970427567,7389.305460151336
kbang_00197,863500.0,1576500.0,108.36778360830134,14.236394086280212,7455.100816841421
kbang_00198,863500.0,1577500.0,108.36791757243935,14.245420194088984,7652.138341347268
kbang_00199,863500.0,1578500.0,108.36805163038402,14.254446293849037,7727.048730145971
kbang_00200,863500.0,1579500.0,108.36818578215302,14.263472385555495,7621.980836094443
kbang_00201,863500.0,1580500.0,108.36832002776411,14.27249846920351,7349.11629546694
kbang_00202,863500.0,1581500.0,108.368454367235,14.281524544788216,6552.527727847499
kbang_00203,863500.0,1582500.0,108.36858880058345,14.290550612304754,5819.083168689282
kbang_00204,863500.0,1583500.0,108.36872332782721,14.299576671748266,5166.668678012694
kbang_00205,863500.0,1584500.0,108.36885794898406,14.308602723113896,4570.772859350301
kbang_00206,863500.0,1585500.0,108.36899266407178,14.317628766396783,4133.615026857993
kbang_00207,863500.0,1586500.0,108.3691274731082,14.326654801592074,3909.037634886543
kbang_00208,863500.0,1587500.0,108.36926237611111,14.335680828694908,3854.64449335286
kbang_00209,863500.0,1588500.0,108.36939737309835,14.344706847700431,4010.1802642892744
kbang_00210,863500.0,1589500.0,108.36953246408775,14.353732858603783,3920.8547541363146
kbang_00211,863500.0,1590500.0,108.36966764909721,14.362758861400113,3884.905326443791
kbang_00212,863500.0,1591500.0,108.36980292814458,14.371784856084567,4011.6348734446588
kbang_00213,863500.0,1592500.0,108.36993830124774,14.380810842652286,3705.2958768727744
kbang_00214,863500.0,1593500.0,108.37007376842459,14.389836821098417,2874.9717003096634
kbang_00215,863500.0,1594500.0,108.37020932969307,14.398862791418104,2142.549063156734
kbang_00216,863500.0,1595500.0,108.3703449850711,14.407888753606496,1705.8158922883538
kbang_00217,863500.0,1596500.0,108.37048073457662,14.416914707658743,1521.0310237901112
kbang_00218,863500.0,1597500.0,108.37061657822758,14.425940653569988,864.0953199755987
kbang_00219,863500.0,1598500.0,108.37075251604197,14.434966591335385,16.66572063201315
kbang_00220,863500.0,1599500.0,108.3708885480378,14.443992520950065,946.624193782103
kbang_00221,863500.0,1600500.0,108.37102467423301,14.4530184424092,1920.2880646232882
kbang_00222,863500.0,1601500.0,108.37116089464566,14.462044355707922,2911.1564186394166
kbang_00223,863500.0,1602500.0,108.37129720929376,14.471070260841392,2928.2174983266154
kbang_00224,863500.0,1603500.0,108.37143361819537,14.48009615780475,2215.8862849247503
kbang_00225,863500.0,1604500.0,108.37157012136853,14.489122046593158,1642.1313022862512
kbang_00226,863500.0,1605393.5172655615,108.37169216907387,14.49718682714311,1166.3645598053881
kbang_00227,863778.4508545997,1606453.5353588983,108.3744167854439,14.506717308941484,658.9053098116988
kbang_00228,863853.5747602084,1609405.0499142413,108.3755171506871,14.533347149900086,4259.40739369517
kbang_00229,863818.4679391991,1610630.301921662,108.37535995545961,14.544410734007093,3631.7928826933535
kbang_00230,863663.5182212284,1611495.2819052914,108.37404287354792,14.552238595485221,6292.736543771326
kbang_00231,863500.0,1612500.0,108.37266554270165,14.561328862020142,5524.103619778178
kbang_00232,863500.0,1613500.0,108.37280289513382,14.570354677015784,6518.6032326848745
kbang_00233,863500.0,1614500.0,108.3729403420189,14.579380483787984,7514.562888704373
kbang_00234,863562.9977449882,1615736.4700538844,108.37369428884026,14.590532168910643,8001.839298489609
kbang_00235,863719.7220088951,1616392.0734700088,108.37523711072731,14.596428483752055,8201.14275179598
kbang_00236,864996.5205293784,1568987.1169509334,108.38062399008918,14.16838682255735,7667.59214262401
kbang_00237,864540.7012960436,1569483.3398126136,108.37647367509778,14.172925222538602,8680.617570294398
kbang_00238,864500.0,1570500.0,108.37623305267758,14.182106983321175,8120.331127013633
kbang_00239,864500.0,1571500.0,108.37636681919048,14.19113305304097,7544.300538697658
kbang_00240,864500.0,1572500.0,108.37650067966015,14.200159114734653,7063.509299494201
kbang_00241,864500.0,1573500.0,108.37663463410426,14.209185168397353,6698.49659475082
kbang_00242,864500.0,1574500.0,108.37676868254051,14.218211214024198,6468.890912338498
kbang_00243,864500.0,1575500.0,108.37690282498657,14.22723725161033,6389.306898371911
kbang_00244,864500.0,1576500.0,108.37703706146019,14.23626328115087,6465.28697332378
kbang_00245,864500.0,1577500.0,108.37717139197905,14.245289302640971,6691.534103124443
kbang_00246,864500.0,1578500.0,108.3773058165609,14.25431531607575,6743.562715917768
kbang_00247,864500.0,1579500.0,108.37744033522353,14.263341321450342,6622.910832198838
kbang_00248,864500.0,1580500.0,108.37757494798467,14.2723673187599,6652.08671613631
kbang_00249,864500.0,1581500.0,108.37770965486209,14.281393307999542,6805.021659040348
kbang_00250,864500.0,1582500.0,108.37784445587363,14.290419289164406,6576.002229106155
kbang_00251,864500.0,1583500.0,108.37797935103706,14.299445262249638,5955.911936506934
kbang_00252,864500.0,1584500.0,108.37811434037022,14.308471227250365,5446.918278805621
kbang_00253,864500.0,1585500.0,108.37824942389094,14.31749718416173,5085.609444279096
kbang_00254,864500.0,1586500.0,108.37838460161709,14.32652313297887,4904.7562967256035
kbang_00255,864500.0,1587500.0,108.3785198735665,14.335549073696926,4854.311448879326
kbang_00256,864500.0,1588500.0,108.37865523975708,14.344575006311025,4978.7148165646695
kbang_00257,864500.0,1589500.0,108.37879070020672,14.35360093081632,4917.189655245012
kbang_00258,864500.0,1590500.0,108.37892625493333,14.362626847207938,4884.456191631079
kbang_00259,864500.0,1591500.0,108.37906190395482,14.37165275548103,5296.36050197469
kbang_00260,864500.0,1592500.0,108.37919764728915,14.380678655630733,4276.453396679676
kbang_00261,864500.0,1593500.0,108.37933348495423,14.389704547652185,3551.493751145496
kbang_00262,864500.0,1594500.0,108.37946941696808,14.39873043154053,2989.2267613349763
kbang_00263,864500.0,1595500.0,108.37960544334861,14.407756307290905,2650.362554000698
kbang_00264,864500.0,1596500.0,108.37974156411389,14.416782174898458,1850.0317060344066
kbang_00265,864500.0,1597500.0,108.37987777928186,14.425808034358324,880.1671084674272
kbang_00266,864500.0,1598500.0,108.3800140888706,14.434833885665663,61.678807310049834
kbang_00267,864500.0,1599500.0,108.38015049289808,14.443859728815601,1033.1297952937812
kbang_00268,864500.0,1600500.0,108.38028699138242,14.45288556380328,2028.5454814251384
kbang_00269,864500.0,1601500.0,108.38042358434164,14.461911390623856,2669.8466441817827
kbang_00270,864500.0,1602500.0,108.38056027179383,14.47093720927247,2290.868711728551
kbang_00271,864500.0,1603500.0,108.38069705375709,14.479963019744263,1516.2540971626552
kbang_00272,864500.0,1604500.0,108.3808339302495,14.48898882203439,802.7714832877512
kbang_00273,864500.0,1605500.0,108.38097090128922,14.498014616137983,276.1489350803039
kbang_00274,864500.0,1606443.135732584,108.38110017022301,14.506527157566182,45.06879776879019
kbang_00275,864770.9954290984,1607615.1641219934,108.38377167827328,14.517069385924085,752.0359436984727
kbang_00276,864846.6055929258,1608307.1244235053,108.38456726075314,14.523304723741346,2905.210589487576
kbang_00277,864500.0,1609508.9587031673,108.38152096218418,14.534198569669359,4154.72229440971
kbang_00278,864500.0,1610500.0,108.38165717533238,14.543143463688207,3507.960418047288
kbang_00279,864500.0,1611500.0,108.3817947140372,14.552169208570731,6106.224099390757
kbang_00280,864500.0,1612500.0,108.38193234741652,14.561194945232762,5500.7927520343055
kbang_00281,864500.0,1613500.0,108.38207007548866,14.570220673669454,6302.0766582010965
kbang_00282,864500.0,1614500.0,108.38220789827179,14.57924639387595,6621.38565177738
kbang_00283,864500.0,1615500.0,108.3823458157842,14.588272105847395,7068.8984780716455
kbang_00284,864500.0,1616311.1382478336,108.38245775554878,14.595593199989057,7510.520004265567
kbang_00285,864885.3520808542,1617024.2551002526,108.38612783242932,14.60197772352471,7654.976730026309
kbang_00286,865807.7756457867,1567834.6672328236,108.38797414026418,14.157878842714526,6991.517363064815
kbang_00287,865631.5611786654,1568487.1169509334,108.38643150473423,14.163790875997096,7067.6846226746175
kbang_00288,865500.0,1569500.0,108.38535018184899,14.172950348825738,7161.7514420979605
kbang_00289,865500.0,1570500.0,108.38548421899286,14.181976340058506,7222.990273323076
kbang_00290,865500.0,1571500.0,108.38561835033187,14.191002323263453,6718.472897642314
kbang_00291,865500.0,1572500.0,108.38575257588369,14.200028298435708,6173.69995077519
kbang_00292,865500.0,1573500.0,108.38588689566605,14.209054265570398,5752.500681273221
kbang_00293,865500.0,1574500.0,108.3860213096967,14.218080224662653,5483.425671411635
kbang_00294,865500.0,1575500.0,108.38615581799334,14.227106175707595,5389.308870323116
kbang_00295,865500.0,1576500.0,108.38629042057377,14.236132118700358,5479.1735787060725
kbang_00296,865500.0,1577500.0,108.38642511745574,14.245158053636072,5744.391709436081
kbang_00297,865500.0,1578500.0,108.38655990865706,14.254183980509863,5765.760498753135
kbang_00298,865500.0,1579500.0,108.38669479419552,14.263209899316863,5624.1713982348065
kbang_00299,865500.0,1580500.0,108.38682977408891,14.2722358100522,5658.499244893731
kbang_00300,865500.0,1581500.0,108.38696484835508,14.281261712711009,5818.930450893334
kbang_00301,865500.0,1582500.0,108.38710001701187,14.290287607288414,6032.39700537739
kbang_00302,865500.0,1583500.0,108.38723528007716,14.299313493779552,6248.21528983098
kbang_00303,865500.0,1584500.0,108.3873706375688,14.308339372179557,6359.683086873222
kbang_00304,865500.0,1585500.0,108.38750608950467,14.317365242483556,6053.104463761985
kbang_00305,865500.0,1586500.0,108.38764163590267,14.326391104686682,5901.922858660518
kbang_00306,865500.0,1587500.0,108.38777727678072,14.33541695878407,5854.09216833031
kbang_00307,865500.0,1588500.0,108.38791301215677,14.344442804770859,5957.655301984661
kbang_00308,865500.0,1589500.0,108.38804884204873,14.353468642642175,5674.0954549509925
kbang_00309,865500.0,1590500.0,108.38818476647457,14.362494472393156,5021.445062555679
kbang_00310,865500.0,1591500.0,108.38832078545225,14.371520294018937,4467.15635031739
kbang_00311,865500.0,1592500.0,108.38845689899979,14.380546107514656,3735.5085125854785
kbang_00312,865500.0,1593500.0,108.38859310713514,14.389571912875443,3375.340086735317
kbang_00313,865500.0,1594500.0,108.38872940987635,14.398597710096437,2697.819910063558
kbang_00314,865500.0,1595500.0,108.38886580724143,14.407623499172768,2753.2830561993082
kbang_00315,865500.0,1596500.0,108.38900229924843,14.416649280099591,1756.4319670586078
kbang_00316,865500.0,1597500.0,108.3891388859154,14.425675052872023,305.7396090998169
kbang_00317,865500.0,1598500.0,108.38927556726043,14.434700817485224,161.67464270485223
kbang_00318,865500.0,1599500.0,108.38941234330157,14.443726573934313,1109.706549909289
kbang_00319,865500.0,1600500.0,108.38954921405694,14.452752322214437,2032.1804792552991
kbang_00320,865500.0,1601500.0,108.38968617954465,14.461778062320732,1677.639477287291
kbang_00321,865500.0,1602500.0,108.38982323978284,14.470803794248342,1502.0210076795324
kbang_00322,865500.0,1603500.0,108.38996039478963,14.479829517992403,975.3885730721541
kbang_00323,865500.0,1604500.0,108.3900976445832,14.488855233548064,141.89434302141441
kbang_00324,865500.0,1605500.0,108.39023498918168,14.497880940910454,14.012158107629373
kbang_00325,865500.0,1606500.0,108.39037242860329,14.506906640074718,721.9490106939775
kbang_00326,865500.0,1607500.0,108.39050996286623,14.515932331036002,2024.1102680884649
kbang_00327,865500.0,1608500.0,108.3906475919887,14.524958013789446,3024.1099536234988
kbang_00328,865500.0,1609500.0,108.39078531598891,14.53398368833019,4024.109795448962
kbang_00329,865500.0,1610500.0,108.39092313488513,14.54300935465339,3714.3129855565076
kbang_00330,865500.0,1611500.0,108.39106104869562,14.552035012754171,5943.311173341541
kbang_00331,865500.0,1612500.0,108.39119905743864,14.561060662627689,5136.086440904903
kbang_00332,865500.0,1613500.0,108.39133716113245,14.570086304269083,5339.097458575508
kbang_00333,865500.0,1614500.0,108.3914753597954,14.579111937673497,5712.48977381034
kbang_00334,865500.0,1615500.0,108.39161365344576,14.588137562836081,6225.682063806983
kbang_00335,865500.0,1616407.399233291,108.39173922321423,14.596327401052141,6785.951790929912
kbang_00336,865755.4293949797,1617041.6951136286,108.39419445742782,14.602017849635262,7041.321456575364
kbang_00337,866202.8673831194,1567795.026493107,108.39162346324143,14.157469381375826,6613.0638602132185
kbang_00338,866500.0,1568646.7417864474,108.39448628473026,14.165118002927505,6187.785814358504
kbang_00339,866500.0,1569500.0,108.39460088941675,14.172819436416185,6162.000609095382
kbang_00340,866500.0,1570500.0,108.39473529111304,14.181845340905106,6230.189814366594
kbang_00341,866500.0,1571500.0,108.39486978726043,14.190871237359621,5942.526198654135
kbang_00342,866500.0,1572500.0,108.39500437787669,14.19989712577485,5323.154942359101
kbang_00343,866500.0,1573500.0,108.39513906297958,14.208923006145914,4828.319743576372
kbang_00344,866500.0,1574500.0,108.39527384258686,14.217948878467938,4504.371715573292
kbang_00345,866500.0,1575500.0,108.39540871671635,14.226974742736045,4389.311740797635
kbang_00346,866500.0,1576500.0,108.39554368538582,14.236000598945354,4499.194434979582
kbang_00347,866500.0,1577500.0,108.39567874861312,14.245026447090996,4818.65578451071
kbang_00348,866500.0,1578500.0,108.39581390641608,14.254052287168097,4797.118943120731
kbang_00349,866500.0,1579500.0,108.39594915881256,14.263078119171768,4625.976647388984
kbang_00350,866500.0,1580500.0,108.39608450582038,14.272103943097154,4667.651414783316
kbang_00351,866500.0,1581500.0,108.39621994745745,14.281129758939366,4838.5517879484505
kbang_00352,866500.0,1582500.0,108.39635548374167,14.290155566693535,5043.897545197279
kbang_00353,866500.0,1583500.0,108.39649111469092,14.299181366354784,5299.671894676607
kbang_00354,866500.0,1584500.0,108.39662684032315,14.308207157918249,5714.671590297474
kbang_00355,866500.0,1585500.0,108.39676266065626,14.317232941379052,6231.774578542589
kbang_00356,866500.0,1586500.0,108.39689857570822,14.326258716732315,6675.102371274998
kbang_00357,866500.0,1587500.0,108.39703458549698,14.33528448397318,6643.335069350954
kbang_00358,866500.0,1588500.0,108.39717069004053,14.344310243096764,5785.91647531006
kbang_00359,866500.0,1589500.0,108.39730688935686,14.353335994098202,4981.943202693155
kbang_00360,866500.0,1590500.0,108.39744318346395,14.36236173697262,4261.770370451308
kbang_00361,866500.0,1591500.0,108.39757957237985,14.371387471715153,3619.650861299572
kbang_00362,866500.0,1592500.0,108.39771605612259,14.380413198320927,3137.2675530822853
kbang_00363,866500.0,1593500.0,108.3978526347102,14.389438916785075,2508.7271278985704
kbang_00364,866500.0,1594500.0,108.39798930816076,14.398464627102728,1963.0838317478313
kbang_00365,866500.0,1595500.0,108.39812607649233,14.407490329269015,4312.335252640034
kbang_00366,866500.0,1596500.0,108.39826293972301,14.41651602327907,3718.75919511325
kbang_00367,866500.0,1597500.0,108.39839989787092,14.425541709128028,426.52730794978964
kbang_00368,866500.0,1598500.0,108.39853695095414,14.434567386811022,321.1008827818047
kbang_00369,866500.0,1599500.0,108.39867409899082,14.44359305632318,1614.508280405109
kbang_00370,866500.0,1600500.0,108.39881134199912,14.452618717659643,1066.9410736501595
kbang_00371,866500.0,1601500.0,108.3989486799972,14.461644370815543,703.7305317058403
kbang_00372,866500.0,1602500.0,108.39908611300324,14.470670015786013,595.815335977429
kbang_00373,866500.0,1603500.0,108.39922364103542,14.479695652566184,588.8087350197576
kbang_00374,866500.0,1604500.0,108.39936126411195,14.488721281151202,400.95124926424376
kbang_00375,866500.0,1605500.0,108.39949898225103,14.497746901536196,578.4155942043029
kbang_00376,866500.0,1606500.0,108.39963679547093,14.506772513716301,1401.3206497121366
kbang_00377,866500.0,1607500.0,108.39977470378986,14.515798117686659,2258.527515811155
kbang_00378,866500.0,1608500.0,108.3999127072261,14.524823713442405,3051.5820046115805
kbang_00379,866500.0,1609500.0,108.40005080579793,14.533849300978675,3873.13281741451
kbang_00380,866500.0,1610500.0,108.40018899952364,14.542874880290613,4113.254547066649
kbang_00381,866500.0,1611500.0,108.40032728842154,14.551900451373353,5011.758155615686
kbang_00382,866500.0,1612500.0,108.40046567250992,14.560926014222034,6200.912316266842
kbang_00383,866500.0,1613500.0,108.40060415180716,14.569951568831799,6707.264902483715
kbang_00384,866500.0,1614500.0,108.40074272633157,14.578977115197777,4839.662269436998
kbang_00385,866500.0,1615500.0,108.40088139610154,14.588002653315122,5435.890784952577
kbang_00386,866294.6850936068,1616503.8855763043,108.39911782497589,14.597090999344545,6280.031519739636
kbang_00387,867086.103559279,1568475.1861260612,108.39988486062173,14.163492714616126,5624.433619525924
kbang_00388,867500.0,1569500.0,108.40385150255112,14.172688168368115,5162.346297430219
kbang_00389,867500.0,1570500.0,108.40398626878208,14.181713985877643,5240.1280287369655
kbang_00390,867500.0,1571500.0,108.40412112972014,14.190739795346152,5211.813135123021
kbang_00391,867500.0,1572500.0,108.40425608538307,14.199765596768767,4534.02536368321
kbang_00392,867500.0,1573500.0,108.40439113578869,14.2087913901406,3941.3295985453874
kbang_00393,867500.0,1574500.0,108.40452628095483,14.217817175456771,3537.0569701684512
kbang_00394,867500.0,1575500.0,108.40466152089934,14.2268429527124,3389.3163051070496
kbang_00395,867500.0,1576500.0,108.40479685564004,14.235868721902596,3530.461446031068
kbang_00396,867500.0,1577500.0,108.40493228519485,14.244894483022492,3929.484829816634
kbang_00397,867500.0,1578500.0,108.4050678095816,14.253920236067202,3844.5683996924186
kbang_00398,867500.0,1579500.0,108.40520342881821,14.262945981031839,3628.7760977572025
kbang_00399,867500.0,1580500.0,108.4053391429226,14.271971717911537,3681.755797903285
kbang_00400,867500.0,1581500.0,108.4054749519127,14.280997446701408,3868.031169743206
kbang_00401,867500.0,1582500.0,108.40561085580642,14.290023167396573,4060.6697933699784
kbang_00402,867500.0,1583500.0,108.40574685462174,14.299048879992153,4373.718859089639
kbang_00403,867500.0,1584500.0,108.4058829483766,14.308074584483277,4845.158876578312
kbang_00404,867500.0,1585500.0,108.40601913708902,14.317100280865061,5441.992229089635
kbang_00405,867500.0,1586500.0,108.40615542077697,14.32612596913263,5680.794691589009
kbang_00406,867500.0,1587500.0,108.40629179945846,14.335151649281112,5866.300880085382
kbang_00407,867500.0,1588500.0,108.40642827315153,14.34417732130562,5293.475554818134
kbang_00408,867500.0,1589500.0,108.4065648418742,14.353202985201287,4409.552915866365
kbang_00409,867500.0,1590500.0,108.40670150564455,14.362228640963234,3575.903456949264
kbang_00410,867500.0,1591500.0,108.40683826448063,14.371254288586588,2851.317967014175
kbang_00411,867500.0,1592500.0,108.40697511840052,14.380279928066479,2233.5698330584287
kbang_00412,867500.0,1593500.0,108.40711206742232,14.38930555939802,1931.167921508856
kbang_00413,867500.0,1594500.0,108.40724911156416,14.398331182576353,1350.1358281667287
kbang_00414,867500.0,1595500.0,108.40738625084413,14.407356797596591,204.20582123325937
kbang_00415,867500.0,1596500.0,108.40752348528036,14.416382404453866,140.5005340486882
kbang_00416,867500.0,1597500.0,108.40766081489107,14.425408003143314,42.19495542643773
kbang_00417,867500.0,1598500.0,108.40779823969437,14.43443359366005,759.9102824069248
kbang_00418,867500.0,1599500.0,108.40793575970847,14.443459175999209,980.2038861028248
kbang_00419,867500.0,1600500.0,108.40807337495153,14.452484750155921,201.56026324090143
kbang_00420,867500.0,1601500.0,108.4082110854418,14.461510316125311,24.158566432213387
kbang_00421,867500.0,1602500.0,108.4083488911975,14.470535873902513,361.86639752360685
kbang_00422,867500.0,1603500.0,108.40848679223687,14.479561423482657,210.22402097091282
kbang_00423,867500.0,1604500.0,108.40862478857814,14.488586964860872,539.4010169707694
kbang_00424,867500.0,1605500.0,108.40876288023958,14.497612498032288,120.25106973492214
kbang_00425,867500.0,1606500.0,108.4089010672395,14.50663802299204,931.6489427121402
kbang_00426,867500.0,1607500.0,108.40903934959617,14.515663539735252,1650.5211457381465
kbang_00427,867500.0,1608500.0,108.40917772732793,14.524689048257066,2484.8076230142847
kbang_00428,867500.0,1609500.0,108.40931620045308,14.53371454855261,3117.7294105094875
kbang_00429,867500.0,1610500.0,108.40945476898996,14.542740040617023,3421.375655150334
kbang_00430,867500.0,1611500.0,108.40959343295694,14.551765524445429,3135.6640632210015
kbang_00431,867500.0,1612500.0,108.40973219237239,14.560791000032962,3155.783082072642
kbang_00432,867500.0,1613465.411948769,108.4098662429408,14.569504294185693,3461.011226061869
kbang_00433,867403.8601662895,1614500.0,108.40911904784677,14.578854939400966,4101.025924314238
kbang_00434,867261.0840730118,1615345.2764807283,108.40791335759496,14.586503278009376,4775.017153852196
kbang_00435,867023.7512811209,1616047.3382161455,108.40581139767225,14.59287184146876,5451.9119825020225
kbang_00436,868419.7223121704,1568823.1205531294,108.41226802071978,14.166457783631218,7028.792856347747
kbang_00437,868500.0,1569500.0,108.4131020209962,14.172556544698226,5335.39289333547
kbang_00438,868500.0,1570500.0,108.41323715174406,14.181582274992817,4716.045294797969
kbang_00439,868500.0,1571500.0,108.41337237745498,14.190607997239766,4244.496332772298
kbang_00440,868500.0,1572500.0,108.41350769814674,14.199633711434192,3798.4393141263017
kbang_00441,868500.0,1573500.0,108.4136431138373,14.2086594175712,3123.3774127585802
kbang_00442,868500.0,1574500.0,108.41377862454445,14.217685115645903,2594.6443818715816
kbang_00443,868500.0,1575500.0,108.41391423028612,14.22671080565342,2389.324689996117
kbang_00444,868500.0,1576500.0,108.41404993108019,14.235736487588865,2585.646046943069
kbang_00445,868500.0,1577500.0,108.4141857269446,14.244762161447346,3108.4173603169183
kbang_00446,868500.0,1578500.0,108.41432161789724,14.253787827223986,2923.877939548655
kbang_00447,868500.0,1579500.0,108.41445760395612,14.262813484913888,2633.6992981583435
kbang_00448,868500.0,1580500.0,108.41459368513912,14.271839134512177,2706.230178839231
kbang_00449,868500.0,1581500.0,108.41472986146428,14.280864776013972,2907.7604918106013
kbang_00450,868500.0,1582500.0,108.41486613294957,14.289890409414378,3088.0579980062034
kbang_00451,868500.0,1583500.0,108.41500249961297,14.29891603470852,3480.270726173879
kbang_00452,868500.0,1584500.0,108.41513896147252,14.307941651891516,4032.94928987769
kbang_00453,868500.0,1585500.0,108.41527551854622,14.316967260958473,4648.845123902631
kbang_00454,868500.0,1586500.0,108.41541217085216,14.325992861904522,5354.313496501793
kbang_00455,868500.0,1587500.0,108.41554891840836,14.335018454724775,5114.88304536562
kbang_00456,868500.0,1588500.0,108.41568576123291,14.344044039414346,4466.145606351466
kbang_00457,868500.0,1589500.0,108.41582269934389,14.353069615968364,3889.2812256578777
kbang_00458,868500.0,1590500.0,108.41595973275942,14.362095184381948,3067.814266931217
kbang_00459,868500.0,1591500.0,108.41609686149759,14.37112074465021,2180.4616465287495
kbang_00460,868500.0,1592500.0,108.41623408557655,14.380146296768281,1448.2201516271657
kbang_00461,868500.0,1593500.0,108.41637140501443,14.389171840731269,935.8397515550304
kbang_00462,868500.0,1594500.0,108.4165088198294,14.398197376534304,1010.7097961984712
kbang_00463,868500.0,1595500.0,108.41664633003963,14.407222904172508,89.85757577807016
kbang_00464,868500.0,1596500.0,108.4167839356633,14.416248423641,770.4286096153164
kbang_00465,868500.0,1597500.0,108.41692163671864,14.425273934934907,939.7897516038361
kbang_00466,868500.0,1598500.0,108.41705943322384,14.434299438049356,926.6323826516789
kbang_00467,868500.0,1599500.0,108.41719732519712,14.44332493297945,4.026094940965786
kbang_00468,868500.0,1600500.0,108.41733531265676,14.452350419720334,150.48102226390927
kbang_00469,868500.0,1601500.0,108.417473395621,14.461375898267121,962.9987643079395
kbang_00470,868500.0,1602500.0,108.41761157410811,14.470401368614947,1359.095759155835
kbang_00471,868500.0,1603500.0,108.4177498481364,14.479426830758925,1199.7802229331128
kbang_00472,868500.0,1604500.0,108.41788821772414,14.488452284694189,1144.3362685641628
kbang_00473,868500.0,1605500.0,108.41802668288966,14.497477730415858,448.99789383123596
kbang_00474,868500.0,1606500.0,108.41816524365132,14.506503167919066,266.7026096086461
kbang_00475,868500.0,1607500.0,108.41830390002741,14.515528597198935,1132.7068147748228
kbang_00476,868500.0,1608500.0,108.41844265203635,14.524554018250598,1708.4733431196844
kbang_00477,868500.0,1609500.0,108.41858149969647,14.533579431069171,2193.2856451819152
kbang_00478,868500.0,1610500.0,108.41872044302619,14.542604835649795,3555.221575360063
kbang_00479,868500.0,1611500.0,108.41885948204389,14.551630231987591,3964.845809554505
kbang_00480,868500.0,1612500.0,108.41899861676801,14.56065562007769,2179.1645939259065
kbang_00481,868276.4145939238,1613393.0299891788,108.41705104521513,14.568745873549721,2746.572449026941
kbang_00482,869002.5709947163,1568994.6762135155,108.41768268623036,14.167929363116485,3665.240919596858
kbang_00483,869500.0,1569569.4969373224,108.42236185792237,14.173051820218616,3167.7114262241826
kbang_00484,869500.0,1570500.0,108.42248793974301,14.181450208267385,3278.154210312527
kbang_00485,869500.0,1571500.0,108.42262353020891,14.19047584305723,3341.159554438531
kbang_00486,869500.0,1572500.0,108.42275921591171,14.199501469787899,2989.650993769558
kbang_00487,869500.0,1573500.0,108.42289499686927,14.2085270884545,2386.06083132005
kbang_00488,869500.0,1574500.0,108.42303087309956,14.217552699052142,1718.6002811992962
kbang_00489,869500.0,1575500.0,108.4231668446205,14.226578301575934,1389.3451451621297
kbang_00490,869500.0,1576500.0,108.42330291145001,14.235603896020983,1704.98473255125
kbang_00491,869500.0,1577500.0,108.42343907360609,14.2446294823824,2425.6269177431504
kbang_00492,869500.0,1578500.0,108.4235753311067,14.253655060655296,2077.8397991291463
kbang_00493,869500.0,1579500.0,108.42371168396986,14.262680630834778,1644.6057334770292
kbang_00494,869500.0,1580500.0,108.42384813221354,14.271706192915955,1716.5548672121236
kbang_00495,869500.0,1581500.0,108.42398467585578,14.280731746893949,1945.141780228891
kbang_00496,869500.0,1582500.0,108.4241213149146,14.289757292763854,2140.497821384196
kbang_00497,869500.0,1583500.0,108.42425804940808,14.298782830520794,2628.342321886446
kbang_00498,869500.0,1584500.0,108.42439487935427,14.307808360159878,3240.2613165485677
kbang_00499,869500.0,1585500.0,108.42453180477123,14.316833881676219,3656.897512676154
kbang_00500,869500.0,1586500.0,108.42466882567707,14.325859395064931,3701.3918530676256
kbang_00501,869500.0,1587500.0,108.42480594208992,14.334884900321127,3996.7677946525505
kbang_00502,869500.0,1588500.0,108.42494315402787,14.343910397439917,3700.6754963399103
kbang_00503,869500.0,1589500.0,108.42508046150904,14.352935886416416,3078.8678338919426
kbang_00504,869500.0,1590500.0,108.42521786455163,14.361961367245742,2496.4241336464715
kbang_00505,869500.0,1591500.0,108.42535536317376,14.370986839923013,1727.5972607280364
kbang_00506,869500.0,1592500.0,108.42549295739363,14.380012304443342,849.5530887143138
kbang_00507,869500.0,1593500.0,108.42563064722944,14.38903776080184,102.0287302008752
kbang_00508,869500.0,1594500.0,108.42576843269939,14.398063208993626,513.7872952283924
kbang_00509,869500.0,1595500.0,108.42590631382168,14.407088649013817,293.8877302588443
kbang_00510,869500.0,1596500.0,108.42604429061458,14.416114080857534,1127.5903181116182
kbang_00511,869500.0,1597500.0,108.42618236309633,14.42513950451989,510.3501172103286
kbang_00512,869500.0,1598500.0,108.42632053128519,14.43416491999601,117.73883625814639
kbang_00513,869500.0,1599500.0,108.42645879519945,14.443190327281002,398.7888188807252
kbang_00514,869500.0,1600500.0,108.42659715485738,14.452215726369992,771.751387581773
kbang_00515,869500.0,1601500.0,108.4267356102773,14.461241117258098,1768.47642904102
kbang_00516,869500.0,1602500.0,108.42687416147756,14.470266499940442,2211.8469022384984
kbang_00517,869500.0,1603500.0,108.42701280847646,14.479291874412137,2194.3134937637715
kbang_00518,869500.0,1604500.0,108.42715155129237,14.488317240668312,1826.0863183987453
kbang_00519,869500.0,1605500.0,108.42729038994365,14.497342598704083,1057.978492600126
kbang_00520,869500.0,1606500.0,108.42742932444867,14.506367948514571,133.44055372693342
kbang_00521,869500.0,1607500.0,108.42756835482585,14.515393290094899,294.70662902334027
kbang_00522,869500.0,1608500.0,108.42770748109359,14.524418623440196,810.4893440702382
kbang_00523,869500.0,1609500.0,108.4278467032703,14.533443948545576,2220.3341577834008
kbang_00524,869500.0,1610500.0,108.42798602137444,14.542469265406165,2662.0109324095474
kbang_00525,869500.0,1611500.0,108.42812543542443,14.551494574017084,1188.264301417978
kbang_00526,869341.750901773,1612708.5810523294,108.42682766251951,14.56242388887243,1480.488063068721
kbang_00527,869083.4611223484,1613084.000208315,108.42448659787304,14.565847257008818,1905.6941235834713
kbang_00528,870500.0,1569576.2874815455,108.43161313382781,14.17298076771648,2171.858034573599
kbang_00529,870500.0,1570500.0,108.43173863252295,14.18131778571815,4388.857070499583
kbang_00530,870500.0,1571500.0,108.43187458772597,14.19034333281535,2512.159472946388
kbang_00531,870500.0,1572500.0,108.43201063842186,14.199368871846714,2021.2894680984466
kbang_00532,870500.0,1573500.0,108.43214678462856,14.208394402807334,1881.4995495399883
kbang_00533,870500.0,1574500.0,108.43228302636403,14.21741992569233,978.9950757890301
kbang_00534,870500.0,1575500.0,108.43241936364628,14.22644544049679,389.4706542810604
kbang_00535,870500.0,1576500.0,108.43255579649328,14.23547094721582,1062.2525106552566
kbang_00536,870500.0,1577500.0,108.43269232492305,14.244496445844533,1460.2863083891964
kbang_00537,870500.0,1578500.0,108.43282894895364,14.253521936378029,1444.22098596815
kbang_00538,870500.0,1579500.0,108.43296566860306,14.262547418811408,687.8110525800533
kbang_00539,870500.0,1580500.0,108.43310248388937,14.271572893139783,724.9229939358565
kbang_00540,870500.0,1581500.0,108.43323939483066,14.280598359358258,960.314921913225
kbang_00541,870500.0,1582500.0,108.43337640144499,14.289623817461937,1244.5660279356862
kbang_00542,870500.0,1583500.0,108.43351350375048,14.298649267445928,1839.954394413893
kbang_00543,870500.0,1584500.0,108.43365070176523,14.30767470930534,2526.353920091977
kbang_00544,870500.0,1585500.0,108.43378799550737,14.316700143035279,2662.5718031667575
kbang_00545,870500.0,1586500.0,108.43392538499502,14.325725568630851,2722.657802170518
kbang_00546,870500.0,1587500.0,108.43406287024636,14.334750986087167,3083.1098134539307
kbang_00547,870500.0,1588500.0,108.43420045127957,14.343776395399335,3073.034604635747
kbang_00548,870500.0,1589500.0,108.43433812811281,14.352801796562467,2286.4753859713
kbang_00549,870500.0,1590500.0,108.43447590076428,14.361827189571668,1735.6260253915382
kbang_00550,870500.0,1591500.0,108.43461376925221,14.370852574422049,1156.615086297178
kbang_00551,870500.0,1592500.0,108.43475173359481,14.37987795110873,321.80618287485214
kbang_00552,870500.0,1593500.0,108.43488979381033,14.388903319626804,150.4072143390371
kbang_00553,870500.0,1594500.0,108.43502794991701,14.397928679971397,265.4316018175848
kbang_00554,870500.0,1595500.0,108.43516620193316,14.406954032137621,108.48148436273486
kbang_00555,870500.0,1596500.0,108.43530454987702,14.415979376120575,992.3679760033012
kbang_00556,870500.0,1597500.0,108.43544299376693,14.425004711915385,237.70004387480014
kbang_00557,870500.0,1598500.0,108.43558153362116,14.434030039517163,503.75589280621915
kbang_00558,870500.0,1599500.0,108.43572016945808,14.443055358921015,1105.6621473392129
kbang_00559,870500.0,1600500.0,108.43585890129602,14.452080670122058,1773.0775165062448
kbang_00560,870500.0,1601500.0,108.4359977291533,14.461105973115405,2407.503239635196
kbang_00561,870500.0,1602500.0,108.43613665304834,14.470131267896173,3135.722952119526
kbang_00562,870500.0,1603500.0,108.43627567299951,14.47915655445948,3191.729092391434
kbang_00563,870500.0,1604500.0,108.43641478902522,14.48818183280044,2324.197311602253
kbang_00564,870500.0,1605500.0,108.43655400114386,14.49720710291417,1445.5173042620636
kbang_00565,870500.0,1606500.0,108.4366933093739,14.506232364795784,621.0837520228581
kbang_00566,870500.0,1607500.0,108.43683271373372,14.51525761844039,86.08861448819326
kbang_00567,870500.0,1608500.0,108.43697221424185,14.524282863843117,1013.9558727166346
kbang_00568,870500.0,1609500.0,108.4371118109167,14.533308100999088,1426.2586172802053
kbang_00569,870500.0,1610500.0,108.4372515037768,14.542333329903412,984.0638730735176
kbang_00570,870500.0,1611417.1645655849,108.4373797096979,14.550610942791907,528.1362548729104
kbang_00571,870124.951041593,1612216.9243764896,108.43401633044496,14.557880028117522,555.937572272036
kbang_00572,871909.7588784648,1566698.1357837091,108.44426175321463,14.146816990849972,1881.7259954422573
kbang_00573,871878.6622811416,1567251.2090478712,108.44404939482395,14.151812858944918,1579.3889375119606
kbang_00574,871621.9189586524,1568500.0,108.4418446049701,14.163117873763605,1260.6081879011256
kbang_00575,871500.0,1569500.6483663847,108.44085309392881,14.172165391937472,1169.736361742114
kbang_00576,871500.0,1570500.0,108.44098922982799,14.181185007361954,1426.060410931019
kbang_00577,871500.0,1571500.0,108.4411255497502,14.190210466530985,3033.9564578152927
kbang_00578,871500.0,1572500.0,108.44126196542122,14.199235917627503,1110.4995106455901
kbang_00579,871500.0,1573500.0,108.44139847685905,14.208261360646592,999.3818299625644
kbang_00580,871500.0,1574500.0,108.44153508408174,14.217286795583354,735.7043232270007
kbang_00581,871500.0,1575500.0,108.44167178710728,14.226312222432894,251.03940463774146
kbang_00582,871500.0,1576500.0,108.44180858595377,14.235337641190295,408.52867071081687
kbang_00583,871500.0,1577500.0,108.44194548063922,14.244363051850675,787.4937615581453
kbang_00584,871500.0,1578500.0,108.44208247118172,14.253388454409123,1140.2695255476972
kbang_00585,871500.0,1579500.0,108.44221955759937,14.262413848860735,481.96814988874746
kbang_00586,871500.0,1580500.0,108.44235673991027,14.271439235200624,205.53766509901615
kbang_00587,871500.0,1581500.0,108.4424940181325,14.280464613423884,6.984181183758409
kbang_00588,871500.0,1582500.0,108.44263139228426,14.289489983525614,476.55045302066554
kbang_00589,871500.0,1583500.0,108.44276886238363,14.298515345500924,1113.265325488726
kbang_00590,871500.0,1584500.0,108.44290642844881,14.307540699344907,1906.8192663877899
kbang_00591,871500.0,1585500.0,108.44304409049796,14.316566045052669,1675.015759872221
kbang_00592,871500.0,1586500.0,108.44318184854929,14.325591382619312,1766.8711791982153
kbang_00593,871500.0,1587500.0,108.44331970262097,14.334616712039947,2229.4001126003964
kbang_00594,871500.0,1588500.0,108.44345765273124,14.34364203330967,2681.8061513403472
kbang_00595,871500.0,1589500.0,108.44359569889833,14.352667346423582,1725.2571526386287
kbang_00596,871500.0,1590500.0,108.4437338411405,14.361692651376796,872.3188935788171
kbang_00597,871500.0,1591500.0,108.44387207947597,14.370717948164415,669.6053248558031
kbang_00598,871500.0,1592500.0,108.44401041392307,14.37974323678155,221.52146105529178
kbang_00599,871500.0,1593500.0,108.44414884450002,14.388768517223294,11.08490912861736
kbang_00600,871500.0,1594500.0,108.44428737122522,14.397793789484757,731.4474808596066
kbang_00601,871500.0,1595500.0,108.4444259941169,14.406819053561051,354.36583250477014
kbang_00602,871500.0,1596500.0,108.44456471319344,14.415844309447285,486.5849344060209
kbang_00603,871500.0,1597500.0,108.44470352847317,14.424869557138555,29.012267747825756
kbang_00604,871500.0,1598500.0,108.44484243997447,14.433894796629984,1026.9659909901336
kbang_00605,871500.0,1599500.0,108.4449814477157,14.442920027916673,1920.1943438086523
kbang_00606,871500.0,1600500.0,108.44512055171526,14.45194525099373,2485.788442795866
kbang_00607,871500.0,1601500.0,108.44525975199156,14.460970465856263,3176.6844171073126
kbang_00608,871500.0,1602500.0,108.445399048563,14.469995672499385,724.4735986602049
kbang_00609,871500.0,1603500.0,108.44553844144805,14.479020870918205,413.9723525089479
kbang_00610,871500.0,1604500.0,108.44567793066514,14.48804606110784,299.8092350962125
kbang_00611,871500.0,1605500.0,108.44581751623272,14.497071243063383,740.582222123588
kbang_00612,871500.0,1606500.0,108.44595719816928,14.506096416779965,296.1864229983267
kbang_00613,871500.0,1607500.0,108.44609697649334,14.515121582252691,82.97628297885556
kbang_00614,871500.0,1608500.0,108.44623685122335,14.524146739476674,212.1428435966478
kbang_00615,871500.0,1609500.0,108.44637682237787,14.53317188844702,493.7045333735356
kbang_00616,871500.0,1610500.0,108.44651688997544,14.542197029158855,237.5214692799394
kbang_00617,871500.0,1611380.405856662,108.44664028615512,14.550142809058787,3.3647438102857476
kbang_00618,872582.2317057841,1557725.4842850324,108.44926238937747,14.06574554980001,6126.735722703578
kbang_00619,872788.5483839309,1558711.9533707188,108.4513036811709,14.07462159017207,6260.129961054618
kbang_00620,872989.166569188,1559016.442486321,108.45319994283595,14.077343170316082,6209.9534298326025
kbang_00621,872949.9636350684,1564797.062637613,108.4536234860184,14.12952079855521,2859.296913946964
kbang_00622,872684.5379393937,1565523.0146176335,108.45126760512127,14.136108087550395,2362.931615195712
kbang_00623,872500.0,1566504.908742621,108.44969462142707,14.144994611901566,1673.744134158336
kbang_00624,872500.0,1567500.0,108.44983025338038,14.15397571177334,917.3002288517196
kbang_00625,872500.0,1568500.0,108.44996665009762,14.163001106986918,489.3215915928104
kbang_00626,872500.0,1569500.0,108.45010314276556,14.172026494136,209.44891765487458
kbang_00627,872500.0,1570500.0,108.4502397314022,14.181051873215678,822.9975274217084
kbang_00628,872500.0,1571500.0,108.45037641602559,14.190077244221037,2153.548890061788
kbang_00629,872500.0,1572500.0,108.45051319665373,14.199102607147179,1651.8530055037716
kbang_00630,872500.0,1573500.0,108.45065007330471,14.208127961989186,314.5214573050955
kbang_00631,872500.0,1574500.0,108.45078704599658,14.217153308742159,400.94147585959354
kbang_00632,872500.0,1575500.0,108.45092411474741,14.22617864740119,69.12326752621743
kbang_00633,872500.0,1576500.0,108.45106127957528,14.235203977961367,376.38259824326394
kbang_00634,872500.0,1577500.0,108.45119854049834,14.244229300417791,24.457625093455118
kbang_00635,872500.0,1578500.0,108.45133589753468,14.253254614765558,198.59447760911607
kbang_00636,872500.0,1579500.0,108.45147335070244,14.262279920999754,321.30099427046173
kbang_00637,872500.0,1580500.0,108.45161090001977,14.271305219115487,1182.6898499024953
kbang_00638,872500.0,1581500.0,108.45174854550486,14.280330509107845,889.7529070927973
kbang_00639,872500.0,1582500.0,108.45188628717585,14.289355790971921,230.09134766565734
kbang_00640,872500.0,1583500.0,108.45202412505097,14.29838106470282,721.4712584395194
kbang_00641,872500.0,1584500.0,108.45216205914842,14.307406330295636,1275.1786740555772
kbang_00642,872500.0,1585500.0,108.45230008948641,14.316431587745464,719.133435218889
kbang_00643,872500.0,1586500.0,108.45243821608318,14.325456837047405,847.9193298688689
kbang_00644,872500.0,1587500.0,108.452576438957,14.33448207819656,1527.7862724225129
kbang_00645,872500.0,1588500.0,108.4527147581261,14.343507311188016,2357.797389520244
kbang_00646,872500.0,1589500.0,108.4528531736088,14.352532536016886,1650.7739987075431
kbang_00647,872500.0,1590500.0,108.45299168542338,14.361557752678268,713.7806414947904
kbang_00648,872500.0,1591500.0,108.45313029358815,14.370582961167255,272.51489920747645
kbang_00649,872500.0,1592500.0,108.45326899812142,14.37960816147895,448.7357746368636
kbang_00650,872500.0,1593500.0,108.45340779904156,14.38863335360846,567.0769492708288
kbang_00651,872500.0,1594500.0,108.45354669636689,14.397658537550877,215.39971423083446
kbang_00652,872500.0,1595500.0,108.45368569011579,14.406683713301305,309.03796231522244
kbang_00653,872500.0,1596500.0,108.45382478030665,14.415708880854853,128.34619716315376
kbang_00654,872500.0,1597500.0,108.45396396695786,14.424734040206618,192.26668004225309
kbang_00655,872500.0,1598500.0,108.45410325008784,14.433759191351704,598.7381440528881
kbang_00656,872500.0,1599500.0,108.454242629715,14.442784334285218,365.9870418941836
kbang_00657,872500.0,1600500.0,108.45438210585779,14.451809469002253,1487.6327865790793
kbang_00658,872500.0,1601500.0,108.45452167853466,14.460834595497928,913.0469072870966
kbang_00659,872500.0,1602500.0,108.45466134776409,14.469859713767333,215.76076307287335
kbang_00660,872500.0,1603500.0,108.45480111356456,14.47888482380559,392.2609390483833
kbang_00661,872500.0,1604500.0,108.45494097595456,14.487909925607788,535.9655261774014
kbang_00662,872500.0,1605500.0,108.45508093495259,14.49693501916904,233.608018025686
kbang_00663,872500.0,1606500.0,108.45522099057722,14.505960104484455,565.1052181745983
kbang_00664,872500.0,1607500.0,108.45536114284695,14.514985181549138,753.2433300409571
kbang_00665,872500.0,1608500.0,108.45550139178036,14.524010250358192,384.87749163534767
kbang_00666,872500.0,1609500.0,108.45564173739601,14.533035310906735,103.58686850209143
kbang_00667,872500.0,1610500.0,108.4557821797125,14.542060363189867,536.7863742063098
kbang_00668,872500.0,1611319.68005957,108.4558973696092,14.549458012415325,943.4943212774714
kbang_00669,873661.1598016976,1556895.1660557985,108.45912514699695,14.058108758871835,4893.418261891473
kbang_00670,873500.0,1557735.9494459438,108.45774928069618,14.065718511681226,5250.221334157237
kbang_00671,873500.0,1558500.0,108.45785304707827,14.072614363107338,5524.4590760855435
kbang_00672,873683.0095001801,1559499.1673142072,108.45968100006654,14.081607936794525,5860.302271974571
kbang_00673,873905.4011949861,1560262.1803986165,108.46184117461462,14.088464853233168,6154.98468350999
kbang_00674,873947.1256809765,1561346.946761378,108.46237476274823,14.098249676707638,5838.826825197985
kbang_00675,873906.418119533,1562500.0,108.46215552878095,14.10866176540193,4704.0131458124515
kbang_00676,873807.0724117161,1563580.220238539,108.461384174517,14.118424319850481,3665.9211815042177
kbang_00677,873573.2439525591,1564297.062637613,108.45931954528172,14.12492518917134,3051.1054401472566
kbang_00678,873500.0,1565500.0,108.45880633373518,14.13579184914818,1976.4689862305838
kbang_00679,873500.0,1566500.0,108.45894290200914,14.14481717211037,1115.6682396498363
kbang_00680,873500.0,1567500.0,108.45907956645355,14.153842487011186,307.42754378393346
kbang_00681,873500.0,1568500.0,108.45921632708641,14.162867793845715,361.03620180407313
kbang_00682,873500.0,1569500.0,108.45935318392577,14.171893092609045,619.1847865136542
kbang_00683,873500.0,1570500.0,108.45949013698967,14.180918383296262,1040.614079547299
kbang_00684,873500.0,1571500.0,108.45962718629622,14.189943665902447,1359.4344500112463
kbang_00685,873500.0,1572500.0,108.45976433186345,14.198968940422695,812.6139144809601
kbang_00686,873500.0,1573500.0,108.4599015737095,14.207994206852089,2.3515521883822093
kbang_00687,873500.0,1574500.0,108.46003891185245,14.217019465185718,134.20851153459742
kbang_00688,873500.0,1575500.0,108.46017634631045,14.226044715418675,286.1026289372315
kbang_00689,873500.0,1576500.0,108.46031387710164,14.23506995754604,155.92290988938976
kbang_00690,873500.0,1577500.0,108.46045150424418,14.244095191562907,599.125377681338
kbang_00691,873500.0,1578500.0,108.4605892277562,14.25312041746437,365.1700210578952
kbang_00692,873500.0,1579500.0,108.46072704765594,14.262145635245508,254.45282988630552
kbang_00693,873500.0,1580500.0,108.46086496396155,14.271170844901421,1313.326853685937
kbang_00694,873500.0,1581500.0,108.4610029766913,14.280196046427202,1271.1427294201305
kbang_00695,873500.0,1582500.0,108.46114108586336,14.28922123981793,206.6080685549979
kbang_00696,873500.0,1583500.0,108.46127929149601,14.298246425068712,359.5674728575992
kbang_00697,873500.0,1584500.0,108.46141759360748,14.307271602174628,895.7473249488792
kbang_00698,873500.0,1585500.0,108.46155599221606,14.316296771130775,120.70732265642363
kbang_00699,873500.0,1586500.0,108.46169448734005,14.325321931932248,213.18224274619863
kbang_00700,873500.0,1587500.0,108.4618330789977,14.334347084574132,1213.0819074315245
kbang_00701,873500.0,1588500.0,108.46197176720739,14.34337222905153,1386.1299549101734
kbang_00702,873500.0,1589500.0,108.4621105519874,14.352397365359538,1306.7047657050778
kbang_00703,873500.0,1590500.0,108.46224943335608,14.361422493493242,1344.9661335975436
kbang_00704,873500.0,1591500.0,108.4623884113318,14.370447613447743,2653.0110600793114
kbang_00705,873500.0,1592500.0,108.46252748593294,14.37947272521814,1718.3185826560707
kbang_00706,873500.0,1593500.0,108.46266665717786,14.388497828799515,307.50787094771437
kbang_00707,873500.0,1594500.0,108.46280592508498,14.397522924186976,302.2221869936151
kbang_00708,873500.0,1595500.0,108.46294528967273,14.406548011375616,168.68411807480408
kbang_00709,873500.0,1596500.0,108.46308475095951,14.415573090360533,18.467368720869814
kbang_00710,873500.0,1597500.0,108.46322430896379,14.424598161136828,13.657367031810342
kbang_00711,873500.0,1598500.0,108.46336396370403,14.43362322369959,160.4167984809896
kbang_00712,873500.0,1599500.0,108.46350371519867,14.44264827804393,252.34009834835035
kbang_00713,873500.0,1600500.0,108.46364356346623,14.45167332416493,735.9200399446415
kbang_00714,873500.0,1601500.0,108.46378350852521,14.460698362057707,497.74783423161745
kbang_00715,873500.0,1602500.0,108.46392355039413,14.469723391717345,375.72007451457785
kbang_00716,873500.0,1603500.0,108.46406368909152,14.478748413138959,1016.2870904867058
kbang_00717,873500.0,1604500.0,108.46420392463592,14.487773426317638,3192.1892167556266
kbang_00718,873500.0,1605500.0,108.4643442570459,14.496798431248491,2428.2171120445346
kbang_00719,873500.0,1606500.0,108.46448468634003,14.505823427926611,1691.5839739524051
kbang_00720,873500.0,1607500.0,108.4646252125369,14.514848416347109,811.8452577480143
kbang_00721,873500.0,1608500.0,108.46476583565513,14.523873396505076,63.99059507381284
kbang_00722,873500.0,1609500.0,108.46490655571331,14.532898368395623,1020.6848699462488
kbang_00723,873500.0,1610500.0,108.46504737273011,14.541923332013859,1456.1082392772314
kbang_00724,873500.0,1611180.3097497846,108.4651432273473,14.548063098024114,1732.747410195788
kbang_00725,874091.3871192683,1556778.6863108159,108.46308693461184,14.057000442280259,4450.21689611113
kbang_00726,874500.0,1557500.0,108.46696283948668,14.063456281795476,4225.740132245701
kbang_00727,874500.0,1558500.0,108.46709900038684,14.072481580524123,4635.5415036959275
kbang_00728,874500.0,1559500.0,108.46723525756904,14.081506871224056,5207.649220109118
kbang_00729,874500.0,1560262.1803986165,108.46733917479176,14.088385765492635,5723.183210302997
kbang_00730,874500.0,1561500.0,108.46750806085143,14.099557428518088,5417.902797008
kbang_00731,874500.0,1562500.0,108.46764460698756,14.108582695102351,4738.74023501152
kbang_00732,874500.0,1563500.0,108.46778124947767,14.117607953638212,3639.997188212547
kbang_00733,874500.0,1564500.0,108.46791798833976,14.126633204120743,2645.2000269703017
kbang_00734,874500.0,1565500.0,108.46805482359184,14.135658446545042,1649.3132065958766
kbang_00735,874500.0,1566500.0,108.46819175525201,14.144683680906173,665.4647792028939
kbang_00736,874500.0,1567500.0,108.46832878333825,14.153708907199224,176.40343000415868
kbang_00737,874500.0,1568500.0,108.4684659078687,14.162734125419268,1013.5220979159453
kbang_00738,874500.0,1569500.0,108.46860312886143,14.171759335561395,225.83692433835776
kbang_00739,874500.0,1570500.0,108.46874044633454,14.18078453762068,603.6053129168794
kbang_00740,874500.0,1571500.0,108.46887786030614,14.18980973159221,785.1439232351385
kbang_00741,874500.0,1572500.0,108.46901537079437,14.19883491747106,48.852073749313845
kbang_00742,874500.0,1573500.0,108.46915297781736,14.20786009525232,380.404060595647
kbang_00743,874500.0,1574500.0,108.46929068139328,14.216885264931063,841.5434852923347
kbang_00744,874500.0,1575500.0,108.46942848154033,14.225910426502388,389.93015413137573
kbang_00745,874500.0,1576500.0,108.46956637827667,14.234935579961363,215.59417622230075
kbang_00746,874500.0,1577500.0,108.46970437162048,14.243960725303081,543.9173464615501
kbang_00747,874500.0,1578500.0,108.46984246159003,14.252985862522628,624.7705663670662
kbang_00748,874500.0,1579500.0,108.46998064820353,14.262010991615083,50.28326013375295
kbang_00749,874500.0,1580500.0,108.47011893147923,14.271036112575532,569.2276858021379
kbang_00750,874500.0,1581500.0,108.47025731143539,14.28006122539907,1344.8387391121946
kbang_00751,874500.0,1582500.0,108.47039578809029,14.289086330080773,672.0627068040337
kbang_00752,874500.0,1583500.0,108.4705343614622,14.298111426615728,106.14124034577088
kbang_00753,874500.0,1584500.0,108.47067303156945,14.307136514999032,204.66996052774664
kbang_00754,874500.0,1585500.0,108.47081179843033,14.316161595225761,257.5017249762574
kbang_00755,874500.0,1586500.0,108.47095066206322,14.325186667291009,150.0683191847377
kbang_00756,874500.0,1587500.0,108.47108962248642,14.334211731189862,608.871756160272
kbang_00757,874500.0,1588500.0,108.47122867971834,14.343236786917412,515.7484877280446
kbang_00758,874500.0,1589500.0,108.47136783377731,14.352261834468745,455.9117874710848
kbang_00759,874500.0,1590500.0,108.47150708468173,14.361286873838948,713.8230088894793
kbang_00760,874500.0,1591500.0,108.47164643245004,14.370311905023122,2518.385603895461
kbang_00761,874500.0,1592500.0,108.47178587710066,14.379336928016349,1518.4869179626
kbang_00762,874500.0,1593500.0,108.47192541865198,14.388361942813724,518.9787954620176
kbang_00763,874500.0,1594500.0,108.47206505712248,14.397386949410329,4.379976781303636
kbang_00764,874500.0,1595500.0,108.47220479253062,14.406411947801264,785.603125146518
kbang_00765,874500.0,1596500.0,108.47234462489489,14.415436937981617,1115.573711887108
kbang_00766,874500.0,1597500.0,108.47248455423377,14.424461919946486,789.6149539563951
kbang_00767,874500.0,1598500.0,108.47262458056578,14.433486893690963,820.7335091463012
kbang_00768,874500.0,1599500.0,108.47276470390943,14.442511859210137,577.001587459783
kbang_00769,874500.0,1600500.0,108.47290492428327,14.451536816499097,60.55730808586844
kbang_00770,874500.0,1601500.0,108.47304524170583,14.460561765552953,182.83196018022522
kbang_00771,874500.0,1602500.0,108.47318565619571,14.469586706366785,541.772932738584
kbang_00772,874500.0,1603500.0,108.47332616777148,14.478611638935702,1574.2434157331625
kbang_00773,874500.0,1604500.0,108.47346677645172,14.487636563254783,2659.648695593079
kbang_00774,874500.0,1605500.0,108.47360748225505,14.496661479319137,1815.4237855168085
kbang_00775,874500.0,1606500.0,108.47374828520009,14.50568638712385,1017.4469785124693
kbang_00776,874500.0,1607500.0,108.47388918530551,14.514711286664026,299.6039944335702
kbang_00777,874500.0,1608500.0,108.47403018258993,14.52373617793476,517.8057565958669
kbang_00778,874500.0,1609500.0,108.47417127707202,14.532761060931147,1373.915852794087
kbang_00779,874500.0,1610500.0,108.47431246877048,14.541785935648292,2277.7987427290686
kbang_00780,874249.9999999998,1611221.2491897843,108.4720980310209,14.548329513458,2421.48034288969
kbang_00781,875799.9129401583,1555676.2475783674,108.47873222853434,14.046823543374217,2507.5550261171443
kbang_00782,875596.907864939,1556295.7114128289,108.4769399651287,14.052441365445603,2895.945811493169
kbang_00783,875500.0,1557500.0,108.47620833518873,14.063323235080235,3290.2092052657504
kbang_00784,875500.0,1558500.0,108.47634485741338,14.072348445026082,3802.2154044229364
kbang_00785,875500.0,1559500.0,108.47648147617534,14.081373646936532,4481.986986688679
kbang_00786,875500.0,1560500.0,108.47661819149265,14.090398840806644,5264.938054342355
kbang_00787,875500.0,1561500.0,108.47675500338332,14.099424026631507,4789.054099929303
kbang_00788,875500.0,1562500.0,108.47689191186538,14.108449204406186,4004.6257589367333
kbang_00789,875500.0,1563500.0,108.47702891695688,14.117474374125758,3337.5164068854465
kbang_00790,875500.0,1564500.0,108.47716601867589,14.126499535785294,2606.3643479860293
kbang_00791,875500.0,1565500.0,108.47730321704047,14.135524689379867,1635.4122893395825
kbang_00792,875500.0,1566500.0,108.47744051206872,14.144549834904556,642.21349126606
kbang_00793,875500.0,1567500.0,108.47757790377878,14.153574972354434,313.9605163916858
kbang_00794,875500.0,1568500.0,108.47771539218873,14.162600101724577,980.9588331884521
kbang_00795,875500.0,1569500.0,108.47785297731672,14.171625223010059,548.6500700935344
kbang_00796,875500.0,1570500.0,108.4779906591809,14.180650336205959,114.35634441928593
kbang_00797,875500.0,1571500.0,108.47812843779943,14.189675441307351,572.6713424194967
kbang_00798,875500.0,1572500.0,108.4782663131905,14.198700538309316,179.93424766819945
kbang_00799,875500.0,1573500.0,108.47840428537229,14.20772562720693,265.82518540385007
kbang_00800,875500.0,1574500.0,108.47854235436301,14.216750707995265,43.73670770418474
kbang_00801,875500.0,1575500.0,108.47868052018089,14.225775780669409,569.9350987694886
kbang_00802,875500.0,1576500.0,108.47881878284417,14.234800845224436,527.4230635298402
kbang_00803,875500.0,1577500.0,108.4789571423711,14.243825901655423,693.7437623041682
kbang_00804,875500.0,1578500.0,108.47909559877994,14.252850949957454,176.16569781144577
kbang_00805,875500.0,1579500.0,108.47923415208895,14.261875990125606,794.101761474545
kbang_00806,875500.0,1580500.0,108.47937280231646,14.27090102215496,34.334875539177624
kbang_00807,875500.0,1581500.0,108.47951154948076,14.279926046040604,876.3437118187518
kbang_00808,875500.0,1582500.0,108.4796503936002,14.288951061777608,426.2289550144049
kbang_00809,875500.0,1583500.0,108.47978933469307,14.297976069361056,44.425904118001554
kbang_00810,875500.0,1584500.0,108.47992837277775,14.307001068786036,139.112797365774
kbang_00811,875500.0,1585500.0,108.48006750787263,14.316026060047628,53.710252352702334
kbang_00812,875500.0,1586500.0,108.48020673999606,14.325051043140908,419.24528308602595
kbang_00813,875500.0,1587500.0,108.48034606916644,14.334076018060967,380.8188117508641
kbang_00814,875500.0,1588500.0,108.4804854954022,14.343100984802891,171.14716828792925
kbang_00815,875500.0,1589500.0,108.48062501872175,14.352125943361756,302.1512776052916
kbang_00816,875500.0,1590500.0,108.48076463914353,14.361150893732653,678.0464205448098
kbang_00817,875500.0,1591500.0,108.48090435668601,14.370175835910667,1631.5377678645352
kbang_00818,875500.0,1592500.0,108.48104417136764,14.379200769890877,1479.2785736190287
kbang_00819,875500.0,1593500.0,108.48118408320691,14.388225695668371,485.269806568835
kbang_00820,875500.0,1594500.0,108.48132409222234,14.397250613238244,455.4823880741147
kbang_00821,875500.0,1595500.0,108.4814641984324,14.40627552259557,1367.5117794563944
kbang_00822,875500.0,1596500.0,108.48160440185566,14.41530042373544,1740.2995153243241
kbang_00823,875500.0,1597500.0,108.48174470251064,14.424325316652947,2184.715421445166
kbang_00824,875500.0,1598500.0,108.4818851004159,14.433350201343178,1746.6627966818721
kbang_00825,875500.0,1599500.0,108.48202559559,14.442375077801215,1320.8356919466426
kbang_00826,875500.0,1600500.0,108.48216618805156,14.451399946022148,953.7885950805775
kbang_00827,875500.0,1601500.0,108.48230687781917,14.460424806001067,897.2463315315614
kbang_00828,875500.0,1602500.0,108.4824476649114,14.469449657733065,1553.302137266602
kbang_00829,875500.0,1603500.0,108.48258854934696,14.478474501213228,2074.0111229996674
kbang_00830,875500.0,1604500.0,108.48272953114443,14.487499336436656,1721.3518594361956
kbang_00831,875500.0,1605500.0,108.48287061032248,14.496524163398425,1432.55400345428
kbang_00832,875500.0,1606500.0,108.48301178689982,14.505548982093627,526.7796426551324
kbang_00833,875500.0,1607500.0,108.48315306089509,14.514573792517366,365.0524422591143
kbang_00834,875500.0,1608500.0,108.48329443232704,14.523598594664724,1031.003190154664
kbang_00835,875500.0,1609500.0,108.48343590121436,14.5326233885308,1834.2033119501266
kbang_00836,875500.0,1610401.5691302144,108.48356352875014,14.540759856984229,2631.8616636482175
kbang_00837,875073.4364443595,1611040.9394399994,108.4797019016148,14.546588862410019,3004.6816240899016
kbang_00838,876950.1535707833,1554780.832384251,108.48924339062289,14.038588922367317,1341.8945571163777
kbang_00839,876500.0,1555664.58529692,108.48520274812803,14.046624975144539,1827.4281142605548
kbang_00840,876500.0,1556500.0,108.4853169476149,14.054164706737339,2029.325105934665
kbang_00841,876500.0,1557500.0,108.48545373437146,14.063189835702325,2407.0881918947316
kbang_00842,876500.0,1558500.0,108.48559061790257,14.072214956630143,3070.0877724870734
kbang_00843,876500.0,1559500.0,108.4857275982263,14.081240069515852,3880.309819845605
kbang_00844,876500.0,1560500.0,108.48586467536069,14.090265174354515,4763.2100169114765
kbang_00845,876500.0,1561500.0,108.4860018493238,14.099290271141216,4303.069558614204
kbang_00846,876500.0,1562500.0,108.48613912013374,14.108315359871016,3408.5768178760727
kbang_00847,876500.0,1563500.0,108.48627648780857,14.117340440538975,2592.3703864324843
kbang_00848,876500.0,1564500.0,108.48641395236642,14.12636551314017,1943.9416865574995
kbang_00849,876500.0,1565500.0,108.4865515138254,14.135390577669668,1417.0446122706282
kbang_00850,876500.0,1566500.0,108.48668917220368,14.14441563412254,417.1558824746284
kbang_00851,876500.0,1567500.0,108.4868269275194,14.153440682493857,400.5145657534115
kbang_00852,876500.0,1568500.0,108.48696477979071,14.162465722778684,145.52923214201195
kbang_00853,876500.0,1569500.0,108.48710272903581,14.171490754972096,355.3227217243074
kbang_00854,876500.0,1570500.0,108.48724077527291,14.180515779069164,283.82989614177046
kbang_00855,876500.0,1571500.0,108.48737891852019,14.18954079506496,220.5062333034468
kbang_00856,876500.0,1572500.0,108.48751715879591,14.19856580295456,238.72331181374705
kbang_00857,876500.0,1573500.0,108.48765549611828,14.207590802733026,90.45850904204019
kbang_00858,876500.0,1574500.0,108.48779393050559,14.216615794395437,443.00742058608716
kbang_00859,876500.0,1575500.0,108.48793246197609,14.225640777936873,340.4706987399551
kbang_00860,876500.0,1576500.0,108.48807109054805,14.234665753352392,450.9570494686466
kbang_00861,876500.0,1577500.0,108.48820981623979,14.243690720637083,208.27481117998818
kbang_00862,876500.0,1578500.0,108.48834863906963,14.252715679786014,379.6839754775582
kbang_00863,876500.0,1579500.0,108.48848755905587,14.261740630794257,1428.0119005856059
kbang_00864,876500.0,1580500.0,108.48862657621689,14.270765573656897,987.4960988859493
kbang_00865,876500.0,1581500.0,108.48876569057101,14.279790508369,617.1562651489722
kbang_00866,876500.0,1582500.0,108.48890490213662,14.288815434925649,335.54493358080236
kbang_00867,876500.0,1583500.0,108.48904421093212,14.297840353321918,376.7672754067235
kbang_00868,876500.0,1584500.0,108.48918361697591,14.306865263552881,56.35024113631474
kbang_00869,876500.0,1585500.0,108.48932312028637,14.31589016561362,712.6876307039457
kbang_00870,876500.0,1586500.0,108.48946272088195,14.324915059499206,1327.2932852652577
kbang_00871,876500.0,1587500.0,108.4896024187811,14.33393994520473,1171.9073526289408
kbang_00872,876500.0,1588500.0,108.48974221400229,14.34296482272526,510.0190499383713
kbang_00873,876500.0,1589500.0,108.48988210656397,14.351989692055875,68.20423928700656
kbang_00874,876500.0,1590500.0,108.49002209648465,14.36101455319166,19.38974510399247
kbang_00875,876500.0,1591500.0,108.49016218378281,14.370039406127693,1029.9553974235846
kbang_00876,876500.0,1592500.0,108.490302368477,14.379064250859054,1151.828557456602
kbang_00877,876500.0,1593500.0,108.49044265058572,14.388089087380822,612.1069019621351
kbang_00878,876500.0,1594500.0,108.49058303012754,14.397113915688081,321.9807896846294
kbang_00879,876500.0,1595500.0,108.490723507121,14.406138735775908,1315.5761684760846
kbang_00880,876500.0,1596500.0,108.4908640815847,14.41516354763939,2780.5445868598863
kbang_00881,876500.0,1597500.0,108.49100475353721,14.424188351273605,3053.7744281714495
kbang_00882,876500.0,1598500.0,108.49114552299716,14.433213146673642,2691.6705022731385
kbang_00883,876500.0,1599500.0,108.49128638998316,14.442237933834583,2215.6148701398874
kbang_00884,876500.0,1600500.0,108.49142735451382,14.4512627127515,1905.3138402630068
kbang_00885,876500.0,1601500.0,108.49156841660783,14.460287483419494,1862.6978252601314
kbang_00886,876500.0,1602500.0,108.49170957628382,14.469312245833635,1780.6705527077677
kbang_00887,876500.0,1603500.0,108.49185083356049,14.478336999989018,1278.0631952443537
kbang_00888,876500.0,1604500.0,108.49199218845654,14.48736174588073,618.0204610078741
kbang_00889,876500.0,1605500.0,108.49213364099066,14.49638648350384,49.55937532881478
kbang_00890,876500.0,1606500.0,108.49227519118158,14.505411212853451,44.016364479798995
kbang_00891,876500.0,1607500.0,108.49241683904803,14.514435933924641,758.6349232479214
kbang_00892,876500.0,1608500.0,108.49255858460879,14.523460646712502,1669.8267567749178
kbang_00893,876500.0,1609500.0,108.49270042788258,14.532485351212122,2440.95037489265
kbang_00894,876500.0,1610390.2829092075,108.49282679076026,14.540519884410704,3147.671912471426
kbang_00895,877982.2400006871,1553985.2605331824,108.49867523532731,14.031270909818561,1099.149465538864
kbang_00896,877597.4653893452,1554370.1733828872,108.4951710930598,14.034796219568852,997.1593624307956
kbang_00897,877500.0,1555500.0,108.49442483821174,14.045005996202846,834.5417309851848
kbang_00898,877500.0,1556500.0,108.49456188898982,14.054031043960247,1063.628292913941
kbang_00899,877500.0,1557500.0,108.49469903677961,14.063056083678703,1662.128308134669
kbang_00900,877500.0,1558500.0,108.49483628159916,14.072081115353265,2528.6430906551855
kbang_00901,877500.0,1559500.0,108.4949736234666,14.081106138978999,3467.766031198443
kbang_00902,877500.0,1560500.0,108.49511106240001,14.090131154550964,4193.646523591251
kbang_00903,877500.0,1561500.0,108.4952485984175,14.099156162064228,4012.203394706555
kbang_00904,877500.0,1562500.0,108.4953862315372,14.108181161513848,3033.111336166996
kbang_00905,877500.0,1563500.0,108.49552396177725,14.117206152894887,2074.0666996687146
kbang_00906,877500.0,1564500.0,108.49566178915582,14.126231136202415,1184.7957510746774
kbang_00907,877500.0,1565500.0,108.49579971369107,14.135256111431493,554.9541372005508
kbang_00908,877500.0,1566500.0,108.49593773540121,14.144281078577185,730.7504820247577
kbang_00909,877500.0,1567500.0,108.49607585430441,14.15330603763456,206.8886556340757
kbang_00910,877500.0,1568500.0,108.49621407041892,14.162330988598676,337.81800630367087
kbang_00911,877500.0,1569500.0,108.49635238376294,14.171355931464602,439.4133375427437
kbang_00912,877500.0,1570500.0,108.49649079435473,14.180380866227411,416.65605533142315
kbang_00913,877500.0,1571500.0,108.49662930221255,14.189405792882159,533.4193260578146
kbang_00914,877500.0,1572500.0,108.49676790735467,14.19843071142392,498.7250075463857
kbang_00915,877500.0,1573500.0,108.49690660979938,14.207455621847759,39.02139740376133
kbang_00916,877500.0,1574500.0,108.49704540956498,14.216480524148743,337.27729549849914
kbang_00917,877500.0,1575500.0,108.4971843066698,14.22550541832194,1679.7342723359845
kbang_00918,877500.0,1576500.0,108.49732330113216,14.234530304362425,1793.1907514912293
kbang_00919,877500.0,1577500.0,108.4974623929704,14.243555182265261,1365.1463616679453
kbang_00920,877500.0,1578500.0,108.49760158220292,14.252580052025515,851.7513428840784
kbang_00921,877500.0,1579500.0,108.49774086884804,14.261604913638262,208.791496063211
kbang_00922,877500.0,1580500.0,108.4978802529242,14.270629767098573,484.6700612595088
kbang_00923,877500.0,1581500.0,108.49801973444978,14.279654612401515,322.25862152487866
kbang_00924,877500.0,1582500.0,108.49815931344321,14.288679449542158,18.028411977604186
kbang_00925,877500.0,1583500.0,108.4982989899229,14.29770427851558,400.32917801446183
kbang_00926,877500.0,1584500.0,108.49843876390734,14.30672909931685,965.2901691535163
kbang_00927,877500.0,1585500.0,108.49857863541497,14.315753911941037,1448.569457312352
kbang_00928,877500.0,1586500.0,108.49871860446427,14.324778716383216,2098.59384253342
kbang_00929,877500.0,1587500.0,108.49885867107373,14.333803512638463,1981.5177893373739
kbang_00930,877500.0,1588500.0,108.49899883526187,14.342828300701848,879.5516090653172
kbang_00931,877500.0,1589500.0,108.4991390970472,14.351853080568443,436.8165358232571
kbang_00932,877500.0,1590500.0,108.49927945644826,14.36087785223333,341.2233195185333
kbang_00933,877500.0,1591500.0,108.4994199134836,14.369902615691576,128.2691842948504
kbang_00934,877500.0,1592500.0,108.49956046817181,14.37892737093826,384.00519156101797
kbang_00935,877500.0,1593500.0,108.49970112053144,14.38795211796846,676.147964309226
kbang_00936,877500.0,1594500.0,108.49984187058108,14.396976856777245,158.67420153203994
kbang_00937,877500.0,1595500.0,108.49998271833938,14.406001587359698,5333.7351154834505
kbang_00938,877500.0,1596500.0,108.50012366382492,14.415026309710889,4679.12543520746
kbang_00939,877500.0,1597500.0,108.50026470705637,14.424051023825905,4116.37278924252
kbang_00940,877500.0,1598500.0,108.50040584805238,14.433075729699816,3726.4414221211314
kbang_00941,877500.0,1599500.0,108.50054708683162,14.44210042732771,3150.061075269481
kbang_00942,877500.0,1600500.0,108.50068842341274,14.451125116704647,2695.087870393294
kbang_00943,877500.0,1601500.0,108.5008298578145,14.46014979782572,2137.542217647632
kbang_00944,877500.0,1602500.0,108.50097139005555,14.469174470686001,1255.2376665104234
kbang_00945,877500.0,1603500.0,108.50111302015468,14.47819913528058,367.88474859688097
kbang_00946,877500.0,1604500.0,108.50125474813058,14.487223791604537,34.84530298815579
kbang_00947,877500.0,1605500.0,108.50139657400203,14.496248439652936,314.8794139525666
kbang_00948,877500.0,1606500.0,108.5015384977878,14.505273079420872,35.55809924391648
kbang_00949,877500.0,1607500.0,108.50168051950668,14.514297710903422,905.4214635672591
kbang_00950,877500.0,1608500.0,108.50182263917748,14.523322334095667,1894.384909694726
kbang_00951,877500.0,1609500.0,108.50196485681899,14.532346948992693,2890.7254487373157
kbang_00952,877500.0,1610417.7379140723,108.50209546157006,14.540629172939676,3794.446865213618
kbang_00953,877995.9980326196,1611005.9000868658,108.50677458931395,14.54586825201942,4444.530640663582
kbang_00954,878750.0,1553763.0398249784,108.50574182381071,14.029162560746343,971.144484220421
kbang_00955,878500.0,1554500.0,108.50353200752564,14.035847104184088,403.58817640185885
kbang_00956,878500.0,1555500.0,108.50366932181494,14.044872070507232,56.153884014150876
kbang_00957,878500.0,1556500.0,108.50380673335303,14.053897028789644,316.0729261271722
kbang_00958,878500.0,1557500.0,108.50394424215797,14.062921979026369,1315.7763722784298
kbang_00959,878500.0,1558500.0,108.5040818482479,14.071946921212469,2315.7359152247427
kbang_00960,878500.0,1559500.0,108.50421955164094,14.080971855343,2898.363295335401
kbang_00961,878500.0,1560500.0,108.50435735235526,14.089996781413015,3214.6486462385683
kbang_00962,878500.0,1561500.0,108.50449525040897,14.099021699417579,3372.985528001151
kbang_00963,878500.0,1562500.0,108.5046332458203,14.108046609351742,2963.2976279488544
kbang_00964,878500.0,1563500.0,108.50477133860743,14.11707151121057,1970.5636576617467
kbang_00965,878500.0,1564500.0,108.50490952878855,14.126096404989116,992.5267885488915
kbang_00966,878500.0,1565500.0,108.50504781638188,14.13512129068244,163.54683466118212
kbang_00967,878500.0,1566500.0,108.50518620140566,14.144146168285603,47.72956307442203
kbang_00968,878500.0,1567500.0,108.50532468387814,14.153171037793665,59.087597681669756
kbang_00969,878500.0,1568500.0,108.5054632638176,14.162195899201691,204.73065837479967
kbang_00970,878500.0,1569500.0,108.50560194124229,14.17122075250473,465.47677278149075
kbang_00971,878500.0,1570500.0,108.50574071617052,14.180245597697853,2578.6781616324956
kbang_00972,878500.0,1571500.0,108.5058795886206,14.189270434776116,1655.5693849691454
kbang_00973,878500.0,1572500.0,108.50601855861083,14.198295263734586,893.2254486425212
kbang_00974,878500.0,1573500.0,108.50615762615956,14.20732008456832,172.06601884568025
kbang_00975,878500.0,1574500.0,108.50629679128515,14.216344897272387,272.23509972330794
kbang_00976,878500.0,1575500.0,108.50643605400596,14.225369701841844,286.59778383063247
kbang_00977,878500.0,1576500.0,108.50657541434036,14.234394498271758,197.72522569888193
kbang_00978,878500.0,1577500.0,108.50671487230677,14.243419286557195,458.7636814223138
kbang_00979,878500.0,1578500.0,108.50685442792357,14.252444066693213,86.28240191392084
kbang_00980,878500.0,1579500.0,108.5069940812092,14.261468838674881,228.63128990823856
kbang_00981,878500.0,1580500.0,108.50713383218209,14.270493602497265,303.81614328604945
kbang_00982,878500.0,1581500.0,108.5072736808607,14.279518358155432,218.24105047742307
kbang_00983,878500.0,1582500.0,108.5074136272635,14.288543105644441,887.6333029089446
kbang_00984,878500.0,1583500.0,108.50755367140897,14.297567844959364,1373.5064988152224
kbang_00985,878500.0,1584500.0,108.5076938133156,14.306592576095268,1779.906042367656
kbang_00986,878500.0,1585500.0,108.50783405300191,14.315617299047219,2353.37741532362
kbang_00987,878500.0,1586500.0,108.50797439048642,14.324642013810283,763.5747765810795
kbang_00988,878500.0,1587500.0,108.5081148257877,14.333666720379533,236.5930949138326
kbang_00989,878500.0,1588500.0,108.50825535892426,14.342691418750032,710.6255771237096
kbang_00990,878500.0,1589500.0,108.5083959899147,14.35171610891685,1754.7839946817896
kbang_00991,878500.0,1590500.0,108.5085367187776,14.360740790875058,1181.6935023792787
kbang_00992,878500.0,1591500.0,108.50867754553157,14.369765464619725,638.1633312877565
kbang_00993,878500.0,1592500.0,108.5088184701952,14.378790130145926,150.43515869211473
kbang_00994,878500.0,1593500.0,108.50895949278713,14.387814787448718,237.29914695702402
kbang_00995,878500.0,1594500.0,108.509100613326,14.396839436523187,473.8975245729619
kbang_00996,878500.0,1595500.0,108.50924183183048,14.405864077364399,4424.622789764935
kbang_00997,878500.0,1596500.0,108.50938314831924,14.41488870996742,3919.5217534997796
kbang_00998,878500.0,1597500.0,108.50952456281098,14.423913334327324,3280.9195268196336
kbang_00999,878500.0,1598500.0,108.50966607532439,14.432937950439202,2779.3648026025185
kbang_01000,878500.0,1599500.0,108.50980768587816,14.441962558298096,2398.352081437597
kbang_01001,878500.0,1600500.0,108.50994939449107,14.4509871578991,1771.7123926023462
kbang_01002,878500.0,1601500.0,108.51009120118185,14.460011749237283,1378.9381641628038
kbang_01003,878500.0,1602500.0,108.51023310596926,14.469036332307713,765.7099311431672
kbang_01004,878500.0,1603500.0,108.51037510887207,14.478060907105483,101.12696665093958
kbang_01005,878500.0,1604500.0,108.51051720990908,14.487085473625646,826.3510329785631
kbang_01006,878500.0,1605500.0,108.51065940909909,14.496110031863289,1267.0667390893511
kbang_01007,878500.0,1606500.0,108.51080170646092,14.505134581813486,1027.3312170740467
kbang_01008,878500.0,1607500.0,108.51094410201343,14.514159123471313,1432.0216191196223
kbang_01009,878500.0,1608500.0,108.51108659577544,14.523183656831847,2210.231272191293
kbang_01010,878500.0,1609500.0,108.51122918776584,14.532208181890164,3113.137957595715
kbang_01011,878500.0,1610500.0,108.51137187800347,14.541232698641345,4060.5563987407477
kbang_01012,878675.7565231891,1611270.917416704,108.51311032054672,14.548165395176799,4849.817643233219
kbang_01013,879927.3933559344,1552841.4231427675,108.5164984543462,14.020687052066515,352.92269647597305
kbang_01014,879580.9800309434,1553488.3512342018,108.51338540179844,14.026572027970566,154.85285570324092
kbang_01015,879500.0,1554500.0,108.51277603339325,14.03571291605056,77.77635132086718
kbang_01016,879500.0,1555500.0,108.51291370816939,14.044737792670292,43.27155834334635
kbang_01017,879500.0,1556500.0,108.51305148044938,14.053762661242544,548.8120066808226
kbang_01018,879500.0,1557500.0,108.51318935025137,14.062787521762365,1357.748817548464
kbang_01019,879500.0,1558500.0,108.51332731759352,14.071812374224804,1662.0101184939517
kbang_01020,879500.0,1559500.0,108.51346538249402,14.080837218624918,1958.7412997551396
kbang_01021,879500.0,1560500.0,108.51360354497106,14.089862054957752,2526.1090597812326
kbang_01022,879500.0,1561500.0,108.51374180504286,14.098886883218366,2373.772849105472
kbang_01023,879500.0,1562500.0,108.51388016272762,14.10791170340181,2531.8529422594147
kbang_01024,879500.0,1563500.0,108.5140186180436,14.116936515503133,2312.581926252164
kbang_01025,879500.0,1564500.0,108.51415717100905,14.125961319517398,1244.0224048520663
kbang_01026,879500.0,1565500.0,108.51429582164221,14.13498611543965,244.02474768623998
kbang_01027,879500.0,1566500.0,108.51443456996141,14.144010903264947,79.23342608531847
kbang_01028,879500.0,1567500.0,108.51457341598491,14.153035682988346,177.94736221344513
kbang_01029,879500.0,1568500.0,108.51471235973104,14.162060454604898,403.3679249967108
kbang_01030,879500.0,1569500.0,108.51485140121811,14.171085218109662,25.25018638187642
kbang_01031,879500.0,1570500.0,108.51499054046447,14.180109973497693,135.55505401840756
kbang_01032,879500.0,1571500.0,108.51512977748847,14.189134720764045,1436.96510192706
kbang_01033,879500.0,1572500.0,108.51526911230849,14.198159459903781,437.7719374751898
kbang_01034,879500.0,1573500.0,108.51540854494291,14.207184190911951,355.54163334102554
kbang_01035,879500.0,1574500.0,108.51554807541011,14.216208913783618,104.3762960883799
kbang_01036,879500.0,1575500.0,108.51568770372853,14.22523362851384,54.092387421094756
kbang_01037,879500.0,1576500.0,108.51582742991658,14.234258335097671,1.311127385128859
kbang_01038,879500.0,1577500.0,108.51596725399273,14.243283033530176,100.18368833796569
kbang_01039,879500.0,1578500.0,108.5161071759754,14.252307723806407,860.019065040779
kbang_01040,879500.0,1579500.0,108.51624719588308,14.261332405921431,1155.3849012434205
kbang_01041,879500.0,1580500.0,108.51638731373426,14.270357079870303,1219.433165677902
kbang_01042,879500.0,1581500.0,108.51652752954743,14.279381745648088,428.6942436741936
kbang_01043,879500.0,1582500.0,108.51666784334112,14.288406403249843,788.3650484779822
kbang_01044,879500.0,1583500.0,108.51680825513385,14.29743105267063,1600.9475622175723
kbang_01045,879500.0,1584500.0,108.51694876494419,14.306455693905512,2635.755117417943
kbang_01046,879500.0,1585500.0,108.51708937279066,14.315480326949551,1885.738987310802
kbang_01047,879500.0,1586500.0,108.51723007869185,14.324504951797811,1051.4089225145628
kbang_01048,879500.0,1587500.0,108.51737088266637,14.333529568445348,581.2344887277322
kbang_01049,879500.0,1588500.0,108.51751178473279,14.342554176887232,37.62164119876614
kbang_01050,879500.0,1589500.0,108.51765278490974,14.35157877711853,661.3887078527466
kbang_01051,879500.0,1590500.0,108.5177938832159,14.360603369134298,280.853187579383
kbang_01052,879500.0,1591500.0,108.51793507966984,14.369627952929601,292.34641780195466
kbang_01053,879500.0,1592500.0,108.51807637429027,14.378652528499515,399.64843873116695
kbang_01054,879500.0,1593500.0,108.51821776709588,14.387677095839093,1207.3648890290574
kbang_01055,879500.0,1594500.0,108.5183592581053,14.396701654943405,1394.2505239321845
kbang_01056,879500.0,1595500.0,108.51850084733732,14.405726205807516,3427.4941678535124
kbang_01057,879500.0,1596500.0,108.51864253481062,14.414750748426494,3288.184247075712
kbang_01058,879500.0,1597500.0,108.51878432054392,14.423775282795413,2505.3086177504583
kbang_01059,879500.0,1598500.0,108.518926204556,14.432799808909325,1885.839669607149
kbang_01060,879500.0,1599500.0,108.51906818686561,14.441824326763312,1575.316137806809
kbang_01061,879500.0,1600500.0,108.51921026749154,14.450848836352433,986.5473019810579
kbang_01062,879500.0,1601500.0,108.51935244645257,14.459873337671763,465.92399632934416
kbang_01063,879500.0,1602500.0,108.51949472376755,14.46889783071637,32.18744902899266
kbang_01064,879500.0,1603500.0,108.51963709945527,14.477922315481317,594.651752893654
kbang_01065,879500.0,1604500.0,108.51977957353458,14.486946791961682,1223.7371897620333
kbang_01066,879500.0,1605500.0,108.51992214602433,14.495971260152533,2068.726767092708
kbang_01067,879500.0,1606500.0,108.5200648169434,14.504995720048939,2026.8421136139339
kbang_01068,879500.0,1607500.0,108.52020758631066,14.514020171645974,2271.2603777503527
kbang_01069,879500.0,1608500.0,108.52035045414503,14.5230446149387,2844.939842204596
kbang_01070,879500.0,1609500.0,108.52049342046541,14.532069049922203,3595.9959743597487
kbang_01071,879500.0,1610500.0,108.52063648529074,14.541093476591543,4443.973627490128
kbang_01072,879500.0,1611317.0227953687,108.52075344564517,14.548466632720718,5176.479077287282
kbang_01073,880886.3210147219,1551974.027855977,108.52524247014091,14.0127299984797,79.07290166095831
kbang_01074,880600.3528618236,1552298.4418427541,108.52264398331755,14.015696253924652,110.21665956103165
kbang_01075,880500.0,1553500.0,108.52188202427111,14.026553581297433,114.80568124950739
kbang_01076,880500.0,1554500.0,108.52201996177519,14.035578376027903,56.707158132783825
kbang_01077,880500.0,1555500.0,108.52215799701999,14.044603162709091,17.995223652375955
kbang_01078,880500.0,1556500.0,108.52229613002372,14.05362794133603,356.7267510349059
kbang_01079,880500.0,1557500.0,108.5224343608046,14.062652711903777,398.36059567939
kbang_01080,880500.0,1558500.0,108.5225726893808,14.071677474407373,798.6756614704758
kbang_01081,880500.0,1559500.0,108.52271111577056,14.080702228841869,1112.0309932032346
kbang_01082,880500.0,1560500.0,108.52284963999213,14.089726975202302,1524.1902745212324
kbang_01083,880500.0,1561500.0,108.52298826206376,14.09875171348373,1375.7048034354661
kbang_01084,880500.0,1562500.0,108.52312698200373,14.107776443681196,1633.4152834698102
kbang_01085,880500.0,1563500.0,108.52326579983031,14.116801165789743,2146.0681457377
kbang_01086,880500.0,1564500.0,108.52340471556181,14.125825879804436,1283.4624002466535
kbang_01087,880500.0,1565500.0,108.52354372921656,14.134850585720308,372.98018540563663
kbang_01088,880500.0,1566500.0,108.52368284081284,14.143875283532413,411.15943037600834
kbang_01089,880500.0,1567500.0,108.52382205036906,14.152899973235805,394.9184665492705
kbang_01090,880500.0,1568500.0,108.52396135790353,14.161924654825526,318.5827358732804
kbang_01091,880500.0,1569500.0,108.52410076343465,14.170949328296636,288.48410934010167
kbang_01092,880500.0,1570500.0,108.52424026698077,14.179973993644177,450.33143137047847
kbang_01093,880500.0,1571500.0,108.52437986856035,14.188998650863205,1405.6385650262855
kbang_01094,880500.0,1572500.0,108.52451956819175,14.198023299948778,305.88925249469423
kbang_01095,880500.0,1573500.0,108.52465936589344,14.207047940895936,176.5336500500335
kbang_01096,880500.0,1574500.0,108.52479926168387,14.216072573699735,189.7201839178214
kbang_01097,880500.0,1575500.0,108.52493925558147,14.225097198355236,120.22124226733563
kbang_01098,880500.0,1576500.0,108.52507934760473,14.234121814857483,998.4465197567292
kbang_01099,880500.0,1577500.0,108.52521953777214,14.243146423201537,1088.3398030062806
kbang_01100,880500.0,1578500.0,108.52535982610222,14.252171023382445,1584.7415681620575
kbang_01101,880500.0,1579500.0,108.52550021261348,14.261195615395266,338.94706457334905
kbang_01102,880500.0,1580500.0,108.52564069732445,14.270220199235055,258.31156227392495
kbang_01103,880500.0,1581500.0,108.52578128025367,14.279244774896867,27.604767290612166
kbang_01104,880500.0,1582500.0,108.52592196141971,14.288269342375758,287.47590141875594
kbang_01105,880500.0,1583500.0,108.52606274084117,14.297293901666778,1236.5556633720898
kbang_01106,880500.0,1584500.0,108.52620361853661,14.306318452764996,2013.3765586256513
kbang_01107,880500.0,1585500.0,108.52634459452467,14.315342995665462,2465.4463715879842
kbang_01108,880500.0,1586500.0,108.52648566882395,14.324367530363233,1904.37247837866
kbang_01109,880500.0,1587500.0,108.52662684145311,14.333392056853368,1314.044678490625
kbang_01110,880500.0,1588500.0,108.52676811243077,14.342416575130922,678.7801924188593
kbang_01111,880500.0,1589500.0,108.52690948177563,14.35144108519096,121.12711055458192
kbang_01112,880500.0,1590500.0,108.52705094950635,14.360465587028534,26.29620524698348
kbang_01113,880500.0,1591500.0,108.52719251564164,14.36949008063871,146.23771365805845
kbang_01114,880500.0,1592500.0,108.5273341802002,14.378514566016545,809.8078883873163
kbang_01115,880500.0,1593500.0,108.52747594320077,14.387539043157103,221.4925877242917
kbang_01116,880500.0,1594500.0,108.52761780466207,14.396563512055435,954.9557789434311
kbang_01117,880500.0,1595500.0,108.52775976460289,14.405587972706606,2432.723927952459
kbang_01118,880500.0,1596500.0,108.52790182304196,14.414612425105686,2486.683180077459
kbang_01119,880500.0,1597500.0,108.52804397999809,14.423636869247726,1928.7110194092024
kbang_01120,880500.0,1598500.0,108.52818623549007,14.432661305127802,1091.0965879295188
kbang_01121,880500.0,1599500.0,108.52832858953674,14.441685732740954,578.4923613312438
kbang_01122,880500.0,1600500.0,108.52847104215688,14.450710152082264,470.91437229888635
kbang_01123,880500.0,1601500.0,108.52861359336939,14.459734563146794,336.49919823004444
kbang_01124,880500.0,1602500.0,108.5287562431931,14.468758965929597,302.7387854220251
kbang_01125,880500.0,1603500.0,108.52889899164687,14.477783360425745,1222.2679341905382
kbang_01126,880500.0,1604500.0,108.52904183874962,14.486807746630307,1972.6812502404525
kbang_01127,880500.0,1605500.0,108.52918478452024,14.495832124538342,2637.344540500054
kbang_01128,880500.0,1606500.0,108.52932782897766,14.504856494144917,3026.676143472102
kbang_01129,880500.0,1607500.0,108.5294709721408,14.513880855445095,3197.834954706237
kbang_01130,880500.0,1608500.0,108.52961421402861,14.522905208433944,3635.936070779447
kbang_01131,880500.0,1609500.0,108.52975755466007,14.531929553106538,4258.718057573223
kbang_01132,880500.0,1610500.0,108.52990099405413,14.540953889457935,4997.724664149747
kbang_01133,880500.0,1611492.1407577966,108.53004340374333,14.549907293136005,5806.708908150072
kbang_01134,880706.5498444679,1612543.2444260274,108.53210811171807,14.559363873142319,6815.770601857468
kbang_01135,880762.2193780974,1613441.998210106,108.53275317210144,14.567466689884183,7637.659127863121
kbang_01136,880810.3864091646,1614281.9308112264,108.53332036323815,14.575039723413122,8417.982886661244
kbang_01137,881335.0262628748,1551974.027855977,108.52938981257672,14.01266955652525,152.70484792344766
kbang_01138,881500.0,1552517.3607653796,108.53098969341212,14.017550742941928,384.3033702352385
kbang_01139,881500.0,1553500.0,108.5311254947168,14.026418779569637,127.5406645884683
kbang_01140,881500.0,1554500.0,108.53126379241635,14.035443484133213,55.622358497335334
kbang_01141,881500.0,1555500.0,108.53140218811166,14.04446818064073,9.876622282988894
kbang_01142,881500.0,1556500.0,108.53154068182096,14.053492869087226,276.12528334806535
kbang_01143,881500.0,1557500.0,108.53167927356249,14.062517549467742,137.76772568923008
kbang_01144,881500.0,1558500.0,108.53181796335451,14.07154222177732,72.3262729671358
kbang_01145,881500.0,1559500.0,108.53195675121529,14.080566886011008,147.9548756558596
kbang_01146,881500.0,1560500.0,108.53209563716314,14.089591542163832,819.760957819067
kbang_01147,881500.0,1561500.0,108.53223462121633,14.098616190230848,387.7239652646193
kbang_01148,881500.0,1562500.0,108.53237370339322,14.107640830207092,962.1910700676169
kbang_01149,881500.0,1563500.0,108.5325128837121,14.116665462087614,1271.55418243467
kbang_01150,881500.0,1564500.0,108.53265216219135,14.12569008586745,1787.1091588043334
kbang_01151,881500.0,1565500.0,108.53279153884932,14.134714701541645,799.5429853952511
kbang_01152,881500.0,1566500.0,108.53293101370438,14.143739309105245,38.2163509403502
kbang_01153,881500.0,1567500.0,108.53307058677494,14.152763908553299,762.5007015666613
kbang_01154,881500.0,1568500.0,108.5332102580794,14.161788499880844,108.41986023956419
kbang_01155,881500.0,1569500.0,108.53335002763615,14.170813083082928,102.55784111123371
kbang_01156,881500.0,1570500.0,108.53348989546366,14.179837658154604,511.1546854596568
kbang_01157,881500.0,1571500.0,108.53362986158037,14.188862225090906,1104.0505936395468
kbang_01158,881500.0,1572500.0,108.53376992600475,14.197886783886892,1483.1038552611608
kbang_01159,881500.0,1573500.0,108.53391008875528,14.2069113345376,729.2757299185098
kbang_01160,881500.0,1574500.0,108.53405034985045,14.215935877038083,216.34510407669012
kbang_01161,881500.0,1575500.0,108.53419070930875,14.224960411383387,241.4349021357153
kbang_01162,881500.0,1576500.0,108.53433116714872,14.23398493756856,1066.0039290866796
kbang_01163,881500.0,1577500.0,108.53447172338892,14.243009455588654,2017.271924236576
kbang_01164,881500.0,1578500.0,108.53461237804788,14.252033965438715,6.919606199848752
kbang_01165,881500.0,1579500.0,108.53475313114416,14.26105846711379,54.32025287227887
kbang_01166,881500.0,1580500.0,108.53489398269636,14.270082960608933,40.78716381208307
kbang_01167,881500.0,1581500.0,108.53503493272306,14.279107445919195,90.9856578903725
kbang_01168,881500.0,1582500.0,108.5351759812429,14.288131923039623,204.67965321165883
kbang_01169,881500.0,1583500.0,108.53531712827449,14.297156391965272,762.7635640712015
kbang_01170,881500.0,1584500.0,108.53545837383645,14.306180852691192,1762.5048972641987
kbang_01171,881500.0,1585500.0,108.53559971794746,14.31520530521243,3255.89313308787
kbang_01172,881500.0,1586500.0,108.5357411606262,14.324229749524047,1778.8823302875087
kbang_01173,881500.0,1587500.0,108.53588270189134,14.333254185621087,870.6102746286608
kbang_01174,881500.0,1588500.0,108.53602434176159,14.342278613498612,480.96514627061936
kbang_01175,881500.0,1589500.0,108.53616608025564,14.351303033151666,270.3380877466544
kbang_01176,881500.0,1590500.0,108.53630791739226,14.360327444575315,134.94546356592843
kbang_01177,881500.0,1591500.0,108.53644985319016,14.369351847764602,133.73794310369598
kbang_01178,881500.0,1592500.0,108.53659188766812,14.378376242714587,4.635309194426361
kbang_01179,881500.0,1593500.0,108.53673402084493,14.387400629420322,273.64433408901715
kbang_01180,881500.0,1594500.0,108.53687625273933,14.396425007876866,318.12223641626997
kbang_01181,881500.0,1595500.0,108.53701858337017,14.405449378079274,753.9786254718636
kbang_01182,881500.0,1596500.0,108.53716101275624,14.414473740022602,1525.157705863484
kbang_01183,881500.0,1597500.0,108.5373035409164,14.423498093701903,1523.4610853291435
kbang_01184,881500.0,1598500.0,108.53744616786949,14.432522439112246,634.4230954528393
kbang_01185,881500.0,1599500.0,108.53758889363435,14.441546776248671,213.7774594563616
kbang_01186,881500.0,1600500.0,108.53773171822989,14.450571105106253,423.6409454351745
kbang_01187,881500.0,1601500.0,108.53787464167499,14.459595425680037,798.8790880037309
kbang_01188,881500.0,1602500.0,108.53801766398857,14.46861973796509,25.49880513964075
kbang_01189,881500.0,1603500.0,108.53816078518952,14.477644041956468,389.56887952447914
kbang_01190,881500.0,1604500.0,108.53830400529681,14.486668337649231,2828.040470457767
kbang_01191,881500.0,1605500.0,108.53844732432938,14.495692625038446,3373.2687320186096
kbang_01192,881500.0,1606500.0,108.53859074230621,14.504716904119158,3280.422783471862
kbang_01193,881500.0,1607500.0,108.53873425924627,14.513741174886437,4157.33467473108
kbang_01194,881500.0,1608500.0,108.53887787516855,14.522765437335345,4507.251616016632
kbang_01195,881500.0,1609500.0,108.53902159009209,14.531789691460943,5026.950373887639
kbang_01196,881500.0,1610500.0,108.5391654040359,14.54081393725829,5672.713308641409
kbang_01197,881500.0,1611500.0,108.53930931701902,14.549838174722455,6404.944698409962
kbang_01198,881500.0,1612500.0,108.5394533290605,14.558862403848492,7200.071606859624
kbang_01199,881500.0,1613500.0,108.53959744017946,14.567886624631475,8041.0662040628895
kbang_01200,881500.0,1614402.065843883,108.53972752291139,14.576027058805895,8828.191027878007
kbang_01201,881811.9785525508,1615297.0982869063,108.54274750970662,14.584060142777432,9766.498784776579
kbang_01202,882738.5870767183,1551944.1053155186,108.54235852657828,14.012209996814,1371.7972231242175
kbang_01203,882500.0,1552533.7896617013,108.54023498782081,14.017563943065818,753.9949913432133
kbang_01204,882500.0,1553500.0,108.54036886718497,14.026283626222034,198.13679686155635
kbang_01205,882500.0,1554500.0,108.54050752506178,14.035308240383625,98.84192466310138
kbang_01206,882500.0,1555500.0,108.54064628118934,14.044332846482366,99.91452655254994
kbang_01207,882500.0,1556500.0,108.54078513558595,14.05335744451329,117.31404786567542
kbang_01208,882500.0,1557500.0,108.54092408826989,14.062382034471437,132.34993323198765
kbang_01209,882500.0,1558500.0,108.54106313925945,14.07140661635184,79.58686645703847
kbang_01210,882500.0,1559500.0,108.54120228857298,14.080431190149534,192.67675952345903
kbang_01211,882500.0,1560500.0,108.54134153622879,14.089455755859555,7.003020165449214
kbang_01212,882500.0,1561500.0,108.54148088224524,14.09848031347695,177.5696719852083
kbang_01213,882500.0,1562500.0,108.5416203266407,14.107504862996743,206.36925016771139
kbang_01214,882500.0,1563500.0,108.54175986943353,14.11652940441398,786.5904185492324
kbang_01215,882500.0,1564500.0,108.54189951064218,14.1255539377237,1118.1406201689135
kbang_01216,882500.0,1565500.0,108.542039250285,14.134578462920937,1296.8875875431308
kbang_01217,882500.0,1566500.0,108.54217908838044,14.143602980000733,513.5585543026331
kbang_01218,882500.0,1567500.0,108.54231902494693,14.152627488958126,13.796204313831934
kbang_01219,882500.0,1568500.0,108.54245906000293,14.16165198978816,81.08785140407572
kbang_01220,882500.0,1569500.0,108.5425991935669,14.17067648248587,542.0759548468741
kbang_01221,882500.0,1570500.0,108.54273942565735,14.179700967046301,1067.4205112198483
kbang_01222,882500.0,1571500.0,108.54287975629273,14.188725443464488,1425.2067326032404
kbang_01223,882500.0,1572500.0,108.5430201854916,14.197749911735485,907.2179769560854
kbang_01224,882500.0,1573500.0,108.54316071327247,14.206774371854316,89.61448009887297
kbang_01225,882500.0,1574500.0,108.54330133965387,14.215798823816037,59.31512512834344
kbang_01226,882500.0,1575500.0,108.54344206465436,14.224823267615688,389.3303415779956
kbang_01227,882500.0,1576500.0,108.54358288829252,14.23384770324831,897.4791058874986
kbang_01228,882500.0,1577500.0,108.54372381058694,14.242872130708951,2439.544514792763
kbang_01229,882500.0,1578500.0,108.5438648315562,14.251896549992649,337.11653562053624
kbang_01230,882500.0,1579500.0,108.54400595121894,14.260920961094449,71.33927761185763
kbang_01231,882500.0,1580500.0,108.54414716959377,14.269945364009399,70.8040900667864
kbang_01232,882500.0,1581500.0,108.54428848669936,14.278969758732545,15.343629671767115
kbang_01233,882500.0,1582500.0,108.54442990255433,14.287994145258928,4731.516406880212
kbang_01234,882500.0,1583500.0,108.54457141717741,14.297018523583596,1181.3791526059715
kbang_01235,882500.0,1584500.0,108.54471303058723,14.306042893701598,1999.6238876385598
kbang_01236,882500.0,1585500.0,108.54485474280254,14.315067255607977,2746.7024373695767
kbang_01237,882500.0,1586500.0,108.54499655384205,14.324091609297781,1771.4158700688688
kbang_01238,882500.0,1587500.0,108.54513846372447,14.333115954766061,855.2508930201257
kbang_01239,882500.0,1588500.0,108.54528047246858,14.34214029200786,503.38541983732154
kbang_01240,882500.0,1589500.0,108.54542258009312,14.351164621018226,55.565193571876364
kbang_01241,882500.0,1590500.0,108.54556478661688,14.360188941792211,249.2182708236121
kbang_01242,882500.0,1591500.0,108.54570709205865,14.369213254324867,1069.3094601538621
kbang_01243,882500.0,1592500.0,108.54584949643724,14.378237558611241,516.126968614821
kbang_01244,882500.0,1593500.0,108.54599199977146,14.387261854646376,552.9703160668581
kbang_01245,882500.0,1594500.0,108.54613460208019,14.396286142425332,259.24884964034584
kbang_01246,882500.0,1595500.0,108.54627730338223,14.405310421943156,214.13593238807647
kbang_01247,882500.0,1596500.0,108.54642010369648,14.414334693194899,669.853454215784
kbang_01248,882500.0,1597500.0,108.5465630030418,14.42335895617561,748.3891145229534
kbang_01249,882500.0,1598500.0,108.5467060014371,14.43238321088035,232.57282860376122
kbang_01250,882500.0,1599500.0,108.54684909890132,14.441407457304162,5.492658735489394
kbang_01251,882500.0,1600500.0,108.54699229545335,14.450431695442104,239.30396797085092
kbang_01252,882500.0,1601500.0,108.54713559111212,14.459455925289221,1685.2996932422932
kbang_01253,882500.0,1602500.0,108.54727898589664,14.468480146840578,2297.0037010477504
kbang_01254,882500.0,1603500.0,108.54742247982583,14.477504360091224,3034.582776483272
kbang_01255,882500.0,1604500.0,108.5475660729187,14.486528565036217,3605.084906830546
kbang_01256,882500.0,1605500.0,108.54770976519426,14.495552761670599,4196.844531963989
kbang_01257,882500.0,1606500.0,108.54785355667153,14.50457694998944,3331.2240402465395
kbang_01258,882500.0,1607500.0,108.5479974473695,14.513601129987784,5465.500275062015
kbang_01259,882500.0,1608500.0,108.54814143730725,14.5226253016607,5305.894659312674
kbang_01260,882500.0,1609500.0,108.54828552650386,14.531649465003232,5863.48736455355
kbang_01261,882500.0,1610500.0,108.54842971497837,14.540673620010452,6428.096842165888
kbang_01262,882500.0,1611500.0,108.54857400274989,14.549697766677397,7086.795684240833
kbang_01263,882500.0,1612500.0,108.5487183898375,14.558721904999135,7814.690100108196
kbang_01264,882500.0,1613500.0,108.54886287626037,14.567746034970734,8595.76034536476
kbang_01265,882500.0,1614500.0,108.54900746203758,14.576770156587228,9418.323124057782
kbang_01266,882302.0937352238,1615509.8323865063,108.54731974088173,14.585910887138263,10183.944454815155
kbang_01267,883838.1045445052,1551684.4457889097,108.55248494825553,14.009717750330333,249.583864149691
kbang_01268,883500.0,1552500.0,108.54947322187225,14.017123589682587,863.1396410708808
kbang_01269,883500.0,1553500.0,108.54961214142062,14.026148121271802,466.9601791561397
kbang_01270,883500.0,1554500.0,108.54975115945645,14.035172644796324,665.3691449454891
kbang_01271,883500.0,1555500.0,108.549890275998,14.044197160251196,160.03874313346262
kbang_01272,883500.0,1556500.0,108.55002949106363,14.053221667631435,174.08434465937856
kbang_01273,883500.0,1557500.0,108.55016880467166,14.062246166932077,1035.3095142034213
kbang_01274,883500.0,1558500.0,108.55030821684045,14.071270658148157,711.8741827281405
kbang_01275,883500.0,1559500.0,108.55044772758836,14.0802951412747,579.5292142927526
kbang_01276,883500.0,1560500.0,108.55058733693379,14.089319616306735,40.88082086206031
kbang_01277,883500.0,1561500.0,108.55072704489514,14.0983440832393,5.80862731763209
kbang_01278,883500.0,1562500.0,108.5508668514908,14.107368542067427,116.95851073002055
kbang_01279,883500.0,1563500.0,108.55100675673921,14.116392992786148,344.1002616184336
kbang_01280,883500.0,1564500.0,108.55114676065881,14.125417435390496,205.6450067721169
kbang_01281,883500.0,1565500.0,108.55128686326806,14.134441869875504,54.53157655115129
kbang_01282,883500.0,1566500.0,108.55142706458544,14.143466296236204,621.0327839988439
kbang_01283,883500.0,1567500.0,108.55156736462942,14.152490714467636,695.10527838008
kbang_01284,883500.0,1568500.0,108.5517077634185,14.161515124564831,244.2670573346258
kbang_01285,883500.0,1569500.0,108.55184826097121,14.170539526522822,190.41716468553756
kbang_01286,883500.0,1570500.0,108.55198885730607,14.179563920336653,1032.6151449067463
kbang_01287,883500.0,1571500.0,108.55212955244164,14.188588306001352,601.2763238131402
kbang_01288,883500.0,1572500.0,108.55227034639645,14.197612683511958,429.7321734574431
kbang_01289,883500.0,1573500.0,108.55241123918911,14.206637052863508,355.88912031539473
kbang_01290,883500.0,1574500.0,108.5525522308382,14.215661414051038,117.14566370380096
kbang_01291,883500.0,1575500.0,108.55269332136231,14.22468576706959,145.04164873948702
kbang_01292,883500.0,1576500.0,108.55283451078006,14.233710111914192,32.57679693361631
kbang_01293,883500.0,1577500.0,108.55297579911009,14.242734448579894,300.684223316659
kbang_01294,883500.0,1578500.0,108.55311718637105,14.251758777061731,337.40651431000794
kbang_01295,883500.0,1579500.0,108.55325867258162,14.260783097354736,355.0611416715313
kbang_01296,883500.0,1580500.0,108.55340025776044,14.269807409453957,6.74715623306391
kbang_01297,883500.0,1581500.0,108.55354194192623,14.278831713354432,497.06166604345816
kbang_01298,883500.0,1582500.0,108.5536837250977,14.287856009051197,5671.286081390948
kbang_01299,883500.0,1583500.0,108.55382560729356,14.296880296539298,1961.6661959519133
kbang_01300,883500.0,1584500.0,108.55396758853254,14.305904575813777,2595.384907904663
kbang_01301,883500.0,1585500.0,108.55410966883343,14.314928846869666,3152.5373190821906
kbang_01302,883500.0,1586500.0,108.55425184821496,14.323953109702016,2260.841884001307
kbang_01303,883500.0,1587500.0,108.55439412669593,14.332977364305872,1644.6483353541425
kbang_01304,883500.0,1588500.0,108.55453650429513,14.342001610676263,779.5916460653547
kbang_01305,883500.0,1589500.0,108.55467898103137,14.351025848808248,264.8185048295507
kbang_01306,883500.0,1590500.0,108.55482155692347,14.36005007869686,598.6552672903047
kbang_01307,883500.0,1591500.0,108.5549642319903,14.36907430033715,733.198029009922
kbang_01308,883500.0,1592500.0,108.5551070062507,14.37809851372416,1022.7088096468771
kbang_01309,883500.0,1593500.0,108.55524987972353,14.387122718852932,1726.1373913804866
kbang_01310,883500.0,1594500.0,108.55539285242769,14.39614691571851,940.4649482689434
kbang_01311,883500.0,1595500.0,108.55553592438208,14.405171104315947,588.5483924685083
kbang_01312,883500.0,1596500.0,108.55567909560561,14.414195284640279,205.3722435748527
kbang_01313,883500.0,1597500.0,108.55582236611723,14.423219456686565,88.46809376261963
kbang_01314,883500.0,1598500.0,108.55596573593584,14.432243620449848,396.2049261950559
kbang_01315,883500.0,1599500.0,108.55610920508046,14.44126777592516,94.3927802172634
kbang_01316,883500.0,1600500.0,108.55625277357002,14.450291923107567,388.6709850136342
kbang_01317,883500.0,1601500.0,108.55639644142354,14.459316061992112,2617.9255444127584
kbang_01318,883500.0,1602500.0,108.55654020866002,14.468340192573837,3055.7206669750303
kbang_01319,883500.0,1603500.0,108.55668407529846,14.477364314847803,3710.1568425778737
kbang_01320,883500.0,1604500.0,108.55682804135793,14.486388428809052,4417.6946797930605
kbang_01321,883500.0,1605500.0,108.55697210685746,14.495412534452628,5011.054580944
kbang_01322,883500.0,1606500.0,108.5571162718161,14.504436631773588,3656.674233058895
kbang_01323,883500.0,1607500.0,108.55726053625297,14.513460720766982,6193.027657455558
kbang_01324,883500.0,1608500.0,108.55740490018712,14.522484801427861,5521.370480118045
kbang_01325,883500.0,1609500.0,108.5575493636377,14.531508873751278,6481.763976219908
kbang_01326,883500.0,1610500.0,108.55769392662383,14.540532937732282,7241.248738023716
kbang_01327,883500.0,1611500.0,108.55783858916462,14.549556993365918,7833.664714603342
kbang_01328,883500.0,1612500.0,108.55798335127925,14.558581040647255,8500.921706398172
kbang_01329,883500.0,1613500.0,108.5581282129869,14.567605079571333,9225.803278401736
kbang_01330,883500.0,1614500.0,108.55827317430673,14.5766291101332,9996.657475675782
kbang_01331,883423.6912887732,1615212.6029672755,108.5576694634811,14.583070436911338,10525.464710678563
kbang_01332,884197.4842485212,1551614.3633090185,108.55579677856359,14.009036525411332,23.375177403064765
kbang_01333,884500.0,1552500.0,108.55871603773471,14.016987824012244,113.83964367473185
kbang_01334,884500.0,1553500.0,108.55885531716886,14.02601226473615,169.95193481753643
kbang_01335,884500.0,1554500.0,108.55899469534536,14.035036697388547,282.6279147614444
kbang_01336,884500.0,1555500.0,108.5591341722826,14.04406112196446,40.448393293224775
kbang_01337,884500.0,1556500.0,108.5592737479989,14.053085538458918,172.09225291816082
kbang_01338,884500.0,1557500.0,108.55941342251266,14.062109946866938,234.80309359203136
kbang_01339,884500.0,1558500.0,108.55955319584231,14.071134347183554,0.8910593066404568
kbang_01340,884500.0,1559500.0,108.55969306800625,14.08015873940379,190.7380291794549
kbang_01341,884500.0,1560500.0,108.55983303902289,14.08918312352267,180.62109287852073
kbang_01342,884500.0,1561500.0,108.5599731089107,14.098207499535224,86.89758232255863
kbang_01343,884500.0,1562500.0,108.56011327768815,14.107231867436473,10.070759025143532
kbang_01344,884500.0,1563500.0,108.56025354537368,14.116256227221452,616.9367718891438
kbang_01345,884500.0,1564500.0,108.5603939119858,14.125280578885189,545.1042391310838
kbang_01346,884500.0,1565500.0,108.56053437754301,14.134304922422707,752.5136268402431
kbang_01347,884500.0,1566500.0,108.56067494206383,14.14332925782904,582.8006023670415
kbang_01348,884500.0,1567500.0,108.56081560556679,14.152353585099213,1065.1431494793321
kbang_01349,884500.0,1568500.0,108.56095636807046,14.161377904228258,227.26017509838255
kbang_01350,884500.0,1569500.0,108.56109722959337,14.170402215211206,342.6096380937021
kbang_01351,884500.0,1570500.0,108.56123819015411,14.179426518043089,850.9762518168252
kbang_01352,884500.0,1571500.0,108.56137924977128,14.18845081271893,544.2645974443944
kbang_01353,884500.0,1572500.0,108.5615204084635,14.19747509923377,151.38352465575997
kbang_01354,884500.0,1573500.0,108.56166166624935,14.206499377582634,347.29771166622487
kbang_01355,884500.0,1574500.0,108.56180302314752,14.215523647760556,975.5090408456663
kbang_01356,884500.0,1575500.0,108.56194447917662,14.22454790976257,384.70972143806387
kbang_01357,884500.0,1576500.0,108.56208603435532,14.233572163583704,473.4697622032371
kbang_01358,884500.0,1577500.0,108.56222768870232,14.242596409218999,248.64934202511233
kbang_01359,884500.0,1578500.0,108.56236944223633,14.251620646663484,246.90757952975022
kbang_01360,884500.0,1579500.0,108.56251129497602,14.26064487591219,37.55986685065048
kbang_01361,884500.0,1580500.0,108.56265324694014,14.269669096960158,65.12848040770045
kbang_01362,884500.0,1581500.0,108.56279529814745,14.27869330980242,14.205804809054081
kbang_01363,884500.0,1582500.0,108.56293744861667,14.28771751443401,6598.815830198028
kbang_01364,884500.0,1583500.0,108.56307969836658,14.296741710849968,2882.1995262504142
kbang_01365,884500.0,1584500.0,108.56322204741599,14.305765899045323,2486.7454271479114
kbang_01366,884500.0,1585500.0,108.56336449578366,14.314790079015113,2309.3158932686074
kbang_01367,884500.0,1586500.0,108.56350704348844,14.323814250754381,1827.5316695569327
kbang_01368,884500.0,1587500.0,108.56364969054916,14.33283841425816,1602.851930927624
kbang_01369,884500.0,1588500.0,108.56379243698464,14.341862569521487,1462.0883363740631
kbang_01370,884500.0,1589500.0,108.56393528281374,14.3508867165394,510.5156256505447
kbang_01371,884500.0,1590500.0,108.56407822805537,14.359910855306936,18.862513690178492
kbang_01372,884500.0,1591500.0,108.56422127272839,14.368934985819138,51.06977350151142
kbang_01373,884500.0,1592500.0,108.56436441685172,14.377959108071044,541.796937821227
kbang_01374,884500.0,1593500.0,108.56450766044426,14.386983222057692,1501.116507337318
kbang_01375,884500.0,1594500.0,108.56465100352497,14.396007327774129,1707.52247684673
kbang_01376,884500.0,1595500.0,108.56479444611278,14.40503142521538,830.9745576486483
kbang_01377,884500.0,1596500.0,108.56493798822667,14.414055514376498,778.9664934126753
kbang_01378,884500.0,1597500.0,108.56508162988561,14.423079595252522,48.94373647580257
kbang_01379,884500.0,1598500.0,108.5652253711086,14.432103667838497,382.47424843457287
kbang_01380,884500.0,1599500.0,108.56536921191464,14.441127732129454,749.9280056304457
kbang_01381,884500.0,1600500.0,108.56551315232278,14.450151788120445,1095.1061730141125
kbang_01382,884500.0,1601500.0,108.56565719235202,14.459175835806514,3213.5561374026793
kbang_01383,884500.0,1602500.0,108.56580133202144,14.468199875182695,3921.3076629504717
kbang_01384,884500.0,1603500.0,108.5659455713501,14.47722390624404,4452.863116070734
kbang_01385,884500.0,1604500.0,108.56608991035709,14.486247928985593,5123.895158024583
kbang_01386,884500.0,1605500.0,108.56623434906152,14.495271943402392,5813.4374684598615
kbang_01387,884500.0,1606500.0,108.56637888748249,14.504295949489483,4192.751355686279
kbang_01388,884500.0,1607500.0,108.56652352563913,14.513319947241914,6971.546046720219
kbang_01389,884500.0,1608500.0,108.5666682635506,14.522343936654734,5892.6787055185005
kbang_01390,884500.0,1609500.0,108.56681310123602,14.53136791772298,6804.109899494732
kbang_01391,884500.0,1610500.0,108.56695803871462,14.540391890441713,7737.451823587223
kbang_01392,884500.0,1611500.0,108.56710307600554,14.549415854805963,8630.520391996306
kbang_01393,884500.0,1612500.0,108.56724821312801,14.558439810810782,9241.715189777198
kbang_01394,884500.0,1613500.0,108.56739345010125,14.567463758451227,9915.072700008242
kbang_01395,884467.7084199537,1614557.1189566334,108.56724789104318,14.577007707781906,10658.792223599463
kbang_01396,884024.524067282,1615041.5923792669,108.56321188184617,14.581442298324342,10746.27498904997
kbang_01397,885529.047920245,1551706.8768559871,108.5681165460413,14.0096903236564,155.33656373535192
kbang_01398,885500.0,1552500.0,108.56795875487317,14.016851707008783,426.8541964497242
kbang_01399,885500.0,1553500.0,108.56809839417475,14.02587605663234,96.93955211253588
kbang_01400,885500.0,1554500.0,108.56823813247358,14.034900398177555,4.330630828821917
kbang_01401,885500.0,1555500.0,108.56837796978809,14.043924731639443,31.199858789216687
kbang_01402,885500.0,1556500.0,108.56851790613669,14.052949057013025,151.13886995963867
kbang_01403,885500.0,1557500.0,108.56865794153781,14.061973374293322,94.75494171671166
kbang_01404,885500.0,1558500.0,108.5687980760099,14.070997683475353,216.2297175278755
kbang_01405,885500.0,1559500.0,108.56893830957141,14.080021984554142,76.11741415552694
kbang_01406,885500.0,1560500.0,108.56907864224084,14.089046277524702,128.9523188754703
kbang_01407,885500.0,1561500.0,108.56921907403667,14.098070562382066,67.8485516778472
kbang_01408,885500.0,1562500.0,108.56935960497741,14.107094839121253,359.4408123856201
kbang_01409,885500.0,1563500.0,108.56950023508156,14.11611910773728,135.77414492658417
kbang_01410,885500.0,1564500.0,108.5696409643677,14.125143368225174,464.6002940868699
kbang_01411,885500.0,1565500.0,108.56978179285434,14.134167620579959,263.64510883672955
kbang_01412,885500.0,1566500.0,108.56992272056009,14.143191864796657,282.0954099831743
kbang_01413,885500.0,1567500.0,108.57006374750348,14.152216100870293,255.7230237252305
kbang_01414,885500.0,1568500.0,108.57020487370315,14.16124032879589,171.19934649000623
kbang_01415,885500.0,1569500.0,108.5703460991777,14.170264548568477,6.3288891062037385
kbang_01416,885500.0,1570500.0,108.57048742394572,14.179288760183073,746.6255500999698
kbang_01417,885500.0,1571500.0,108.57062884802589,14.188312963634711,963.847264729691
kbang_01418,885500.0,1572500.0,108.57077037143686,14.197337158918412,513.8475765357003
kbang_01419,885500.0,1573500.0,108.57091199419729,14.206361346029205,313.37728067637414
kbang_01420,885500.0,1574500.0,108.57105371632586,14.215385524962112,264.548883501758
kbang_01421,885500.0,1575500.0,108.57119553784129,14.224409695712168,246.3441748347764
kbang_01422,885500.0,1576500.0,108.57133745876229,14.233433858274394,506.9704478789897
kbang_01423,885500.0,1577500.0,108.57147947910757,14.242458012643821,433.68985394694636
kbang_01424,885500.0,1578500.0,108.57162159889589,14.25148215881548,27.022019219140315
kbang_01425,885500.0,1579500.0,108.571763818146,14.260506296784394,17.933301507598184
kbang_01426,885500.0,1580500.0,108.57190613687669,14.269530426545597,103.04253084898579
kbang_01427,885500.0,1581500.0,108.57204855510673,14.278554548094117,238.63883205085935
kbang_01428,885500.0,1582500.0,108.57219107285495,14.287578661424984,329.6014220579422
kbang_01429,885500.0,1583500.0,108.57233369014013,14.29660276653323,2104.077153389549
kbang_01430,885500.0,1584500.0,108.57247640698114,14.305626863413883,1531.6752313948832
kbang_01431,885500.0,1585500.0,108.57261922339681,14.314650952061976,1336.4676925783072
kbang_01432,885500.0,1586500.0,108.572762139406,14.32367503247254,917.1944898167685
kbang_01433,885500.0,1587500.0,108.5729051550276,14.332699104640605,602.8646550604606
kbang_01434,885500.0,1588500.0,108.57304827028051,14.34172316856121,647.8171489055602
kbang_01435,885500.0,1589500.0,108.57319148518363,14.350747224229378,319.44938124761563
kbang_01436,885500.0,1590500.0,108.57333479975586,14.359771271640152,203.00187433302537
kbang_01437,885500.0,1591500.0,108.57347821401618,14.368795310788562,381.91804391252185
kbang_01438,885500.0,1592500.0,108.57362172798352,14.377819341669644,889.1603054028686
kbang_01439,885500.0,1593500.0,108.57376534167685,14.386843364278425,1658.4368831741087
kbang_01440,885500.0,1594500.0,108.57390905511515,14.395867378609944,2244.3156985573055
kbang_01441,885500.0,1595500.0,108.57405286831742,14.40489138465924,1324.306671376135
kbang_01442,885500.0,1596500.0,108.57419678130269,14.413915382421346,330.4803986075404
kbang_01443,885500.0,1597500.0,108.57434079408996,14.422939371891294,475.8585850175375
kbang_01444,885500.0,1598500.0,108.5744849066983,14.431963353064127,1134.4610388189517
kbang_01445,885500.0,1599500.0,108.57462911914676,14.440987325934877,1600.2615588578244
kbang_01446,885500.0,1600500.0,108.5747734314544,14.450011290498587,1922.6603089386788
kbang_01447,885500.0,1601500.0,108.57491784364032,14.459035246750286,2509.252539474456
kbang_01448,885500.0,1602500.0,108.5750623557236,14.468059194685015,4619.765952753071
kbang_01449,885500.0,1603500.0,108.5752069677234,14.47708313429782,5280.247586251195
kbang_01450,885500.0,1604500.0,108.57535167965884,14.486107065583735,5858.203740597283
kbang_01451,885500.0,1605500.0,108.57549649154905,14.495130988537792,6537.83904545899
kbang_01452,885500.0,1606500.0,108.5756414034132,14.504154903155039,4877.198111057352
kbang_01453,885500.0,1607500.0,108.57578641527047,14.513178809430512,7800.00695357507
kbang_01454,885500.0,1608500.0,108.57593152714006,14.522202707359252,6397.77772436363
kbang_01455,885500.0,1609500.0,108.57607673904118,14.531226596936305,7245.951214871274
kbang_01456,885500.0,1610500.0,108.57622205099305,14.540250478156704,8128.718115805562
kbang_01457,885500.0,1611500.0,108.5763674630149,14.549274351015502,9465.787685677884
kbang_01458,885500.0,1612500.0,108.576512975126,14.558298215507726,10026.76823245646
kbang_01459,885500.0,1613324.7365533018,108.57663305961012,14.56574052010746,10537.882270453629
kbang_01460,885061.2042374931,1614220.4138901343,108.57269794112189,14.573885223287482,10820.969228162445
kbang_01461,886103.4474720984,1551832.8540203597,108.57344295175564,14.01074887126925,176.18572700759105
kbang_01462,886500.0,1552679.8467660197,108.57722654410813,14.018338222954421,44.68792971815337
kbang_01463,886500.0,1553500.0,108.57734137218337,14.025739496977684,93.17243509856999
kbang_01464,886500.0,1554500.0,108.57748147058614,14.034763747180671,469.719706890648
kbang_01465,886500.0,1555500.0,108.57762166825952,14.04378798929348,272.1659338625313
kbang_01466,886500.0,1556500.0,108.57776196522198,14.05281222331111,147.77275802116333
kbang_01467,886500.0,1557500.0,108.57790236149198,14.061836449228585,1050.175120728099
kbang_01468,886500.0,1558500.0,108.57804285708805,14.070860667040922,541.9363960709823
kbang_01469,886500.0,1559500.0,108.57818345202867,14.079884876743135,148.88041290262814
kbang_01470,886500.0,1560500.0,108.57832414633238,14.088909078330234,73.73749794993252
kbang_01471,886500.0,1561500.0,108.57846494001771,14.097933271797244,237.44496306730753
kbang_01472,886500.0,1562500.0,108.57860583310323,14.106957457139181,103.12803415678201
kbang_01473,886500.0,1563500.0,108.57874682560748,14.115981634351057,219.31365460696333
kbang_01474,886500.0,1564500.0,108.57888791754908,14.125005803427895,431.3528086112486
kbang_01475,886500.0,1565500.0,108.57902910894661,14.13402996436471,88.00589389443253
kbang_01476,886500.0,1566500.0,108.57917039981868,14.143054117156524,52.50637262265179
kbang_01477,886500.0,1567500.0,108.57931179018391,14.152078261798355,103.46290321404538
kbang_01478,886500.0,1568500.0,108.57945328006099,14.161102398285216,245.9617724558801
kbang_01479,886500.0,1569500.0,108.57959486946851,14.170126526612135,288.129255980963
kbang_01480,886500.0,1570500.0,108.5797365584252,14.179150646774131,45.5836966199046
kbang_01481,886500.0,1571500.0,108.57987834694971,14.18817475876622,829.6107227523912
kbang_01482,886500.0,1572500.0,108.58002023506077,14.197198862583425,1640.4898912502738
kbang_01483,886500.0,1573500.0,108.58016222277709,14.20622295822077,998.1784456143697
kbang_01484,886500.0,1574500.0,108.5803043101174,14.215247045673276,211.8815208533788
kbang_01485,886500.0,1575500.0,108.58044649710043,14.22427112493596,503.2543899085315
kbang_01486,886500.0,1576500.0,108.58058878374497,14.233295196003848,1118.949668764687
kbang_01487,886500.0,1577500.0,108.58073117006978,14.242319258871966,28.756090596838067
kbang_01488,886500.0,1578500.0,108.58087365609367,14.251343313535335,21.446211216059478
kbang_01489,886500.0,1579500.0,108.58101624183541,14.260367359988974,3.0418307644896707
kbang_01490,886500.0,1580500.0,108.58115892731387,14.269391398227913,3.1313751699042394
kbang_01491,886500.0,1581500.0,108.58130171254787,14.278415428247174,181.79522285260344
kbang_01492,886500.0,1582500.0,108.58144459755624,14.287439450041784,98.99064680341493
kbang_01493,886500.0,1583500.0,108.58158758235786,14.296463463606765,1232.1058219247109
kbang_01494,886500.0,1584500.0,108.58173066697162,14.305487468937146,691.2816920865985
kbang_01495,886500.0,1585500.0,108.58187385141643,14.31451146602795,340.23695861887376
kbang_01496,886500.0,1586500.0,108.58201713571117,14.323535454874204,143.9918206037703
kbang_01497,886500.0,1587500.0,108.58216051987476,14.33255943547094,257.1928353005727
kbang_01498,886500.0,1588500.0,108.58230400392618,14.341583407813179,51.91974030468093
kbang_01499,886500.0,1589500.0,108.58244758788437,14.350607371895949,116.19019410228287
kbang_01500,886500.0,1590500.0,108.58259127176831,14.359631327714279,155.1403557780897
kbang_01501,886500.0,1591500.0,108.58273505559696,14.368655275263198,420.502104602547
kbang_01502,886500.0,1592500.0,108.58287893938933,14.37767921453774,1395.1247471286897
kbang_01503,886500.0,1593500.0,108.58302292316446,14.386703145532923,2290.7367859149417
kbang_01504,886500.0,1594500.0,108.58316700694137,14.395727068243783,2110.853899512689
kbang_01505,886500.0,1595500.0,108.58331119073908,14.404750982665353,1110.9158113708475
kbang_01506,886500.0,1596500.0,108.5834554745767,14.413774888792657,112.08788881752452
kbang_01507,886500.0,1597500.0,108.58359985847326,14.422798786620726,824.2617170968387
kbang_01508,886500.0,1598500.0,108.58374434244789,14.431822676144606,1723.1499498313917
kbang_01509,886500.0,1599500.0,108.58388892651968,14.440846557359306,2527.7845578318947
kbang_01510,886500.0,1600500.0,108.58403361070773,14.449870430259875,2818.7222248840053
kbang_01511,886500.0,1601500.0,108.58417839503122,14.458894294841329,3296.626499783903
kbang_01512,886500.0,1602500.0,108.58432327950929,14.467918151098718,3923.4473468551096
kbang_01513,886500.0,1603500.0,108.58446826416107,14.47694199902707,4630.176663692129
kbang_01514,886500.0,1604500.0,108.5846133490058,14.485965838621414,6661.199269500681
kbang_01515,886500.0,1605500.0,108.58475853406262,14.494989669876782,7266.987835563841
kbang_01516,886500.0,1606500.0,108.5849038193508,14.504013492788216,7951.878845796663
kbang_01517,886500.0,1607500.0,108.5850492048895,14.513037307350752,8604.74927656665
kbang_01518,886500.0,1608500.0,108.58519469069803,14.522061113559413,7009.954157785608
kbang_01519,886500.0,1609500.0,108.5853402767956,14.531084911409248,7791.77171715052
kbang_01520,886500.0,1610500.0,108.5854859632015,14.540108700895289,8618.814053575921
kbang_01521,886500.0,1611500.0,108.58563174993503,14.549132482012567,11122.225825773276
kbang_01522,886500.0,1612500.0,108.58577763701548,14.558156254756126,10364.769852050737
kbang_01523,886250.0,1613474.2247175963,108.58360361287478,14.566982975968337,11145.924714682273
kbang_01524,887485.3663427508,1550827.638983009,108.58607414103565,14.001488738833823,202.88782230273543
kbang_01525,887494.6942249984,1551356.5573322554,108.58623448514582,14.006260518200573,144.11906821546663
kbang_01526,887500.0,1552500.0,108.58644389195862,14.016578419071715,272.3927221388322
kbang_01527,887500.0,1553500.0,108.58658425093982,14.025602585789525,206.67616264851745
kbang_01528,887500.0,1554500.0,108.58672470942808,14.03462674441526,83.86122098900762
kbang_01529,887500.0,1555500.0,108.58686526744187,14.043650894943934,139.00056077039466
kbang_01530,887500.0,1556500.0,108.5870059249997,14.052675037370552,266.0471214312627
kbang_01531,887500.0,1557500.0,108.58714668212012,14.061699171690128,115.37777475798286
kbang_01532,887500.0,1558500.0,108.58728753882164,14.070723297897672,498.96380879113434
kbang_01533,887500.0,1559500.0,108.58742849512285,14.079747415988193,318.3015178252911
kbang_01534,887500.0,1560500.0,108.58756955104231,14.088771525956693,9.611013032383157
kbang_01535,887500.0,1561500.0,108.58771070659859,14.0977956277982,71.41277577496375
kbang_01536,887500.0,1562500.0,108.58785196181032,14.106819721507717,79.2710432991778
kbang_01537,887500.0,1563500.0,108.58799331669607,14.115843807080259,148.03952823558217
kbang_01538,887500.0,1564500.0,108.58813477127454,14.124867884510836,16.252322182168427
kbang_01539,887500.0,1565500.0,108.58827632556432,14.133891953794466,315.7213803756433
kbang_01540,887500.0,1566500.0,108.5884179795841,14.14291601492615,84.38386164388793
kbang_01541,887500.0,1567500.0,108.58855973335253,14.15194006790092,50.575663195596604
kbang_01542,887500.0,1568500.0,108.58870158688833,14.160964112713774,14.280532118873088
kbang_01543,887500.0,1569500.0,108.58884354021019,14.169988149359733,2.0458287312077794
kbang_01544,887500.0,1570500.0,108.58898559333683,14.179012177833815,147.60871978707078
kbang_01545,887500.0,1571500.0,108.589127746287,14.188036198131032,53.40592978996846
kbang_01546,887500.0,1572500.0,108.58926999907943,14.197060210246399,589.111284211706
kbang_01547,887500.0,1573500.0,108.58941235173289,14.206084214174934,1158.474920945502
kbang_01548,887500.0,1574500.0,108.58955480426619,14.215108209911651,809.5588260926355
kbang_01549,887500.0,1575500.0,108.58969735669807,14.22413219745157,176.44658722693333
kbang_01550,887500.0,1576500.0,108.58984000904738,14.233156176789702,385.70239088178045
kbang_01551,887500.0,1577500.0,108.58998276133293,14.24218014792108,128.87295455918945
kbang_01552,887500.0,1578500.0,108.59012561357356,14.251204110840703,41.745620091755114
kbang_01553,887500.0,1579500.0,108.59026856578814,14.2602280655436,169.37842326415856
kbang_01554,887500.0,1580500.0,108.59041161799553,14.269252012024792,35.694528423832146
kbang_01555,887500.0,1581500.0,108.59055477021461,14.27827595027929,67.7774651539556
kbang_01556,887500.0,1582500.0,108.59069802246428,14.287299880302122,462.5793518983211
kbang_01557,887500.0,1583500.0,108.59084137476347,14.2963238020883,232.29003734350604
kbang_01558,887500.0,1584500.0,108.5909848271311,14.30534771563285,299.88825744345695
kbang_01559,887500.0,1585500.0,108.5911283795861,14.31437162093079,237.64378081750297
kbang_01560,887500.0,1586500.0,108.59127203214744,14.323395517977145,715.9519920840808
kbang_01561,887500.0,1587500.0,108.59141578483411,14.332419406766933,306.3466654867537
kbang_01562,887500.0,1588500.0,108.59155963766509,14.341443287295178,1236.129296928106
kbang_01563,887500.0,1589500.0,108.59170359065938,14.3504671595569,565.943864562776
kbang_01564,887500.0,1590500.0,108.59184764383599,14.35949102354712,86.04172350282217
kbang_01565,887500.0,1591500.0,108.59199179721399,14.36851487926087,704.0948343728047
kbang_01566,887500.0,1592500.0,108.5921360508124,14.377538726693173,1529.5247288735209
kbang_01567,887500.0,1593500.0,108.5922804046503,14.386562565839037,2362.877245842563
kbang_01568,887500.0,1594500.0,108.59242485874674,14.395586396693503,2343.028721267395
kbang_01569,887500.0,1595500.0,108.59256941312086,14.40461021925159,1506.0588778496501
kbang_01570,887500.0,1596500.0,108.59271406779173,14.413634033508323,1023.0557650566114
kbang_01571,887500.0,1597500.0,108.59285882277851,14.422657839458727,1350.952572550713
kbang_01572,887500.0,1598500.0,108.59300367810032,14.431681637097835,2139.6979735398327
kbang_01573,887500.0,1599500.0,108.59314863377631,14.440705426420662,3047.4079859538783
kbang_01574,887500.0,1600500.0,108.59329368982567,14.449729207422239,3767.46165190064
kbang_01575,887500.0,1601500.0,108.59343884626759,14.4587529800976,4153.463390651712
kbang_01576,887500.0,1602500.0,108.59358410312123,14.467776744441762,4686.6658784004285
kbang_01577,887500.0,1603500.0,108.59372946040584,14.476800500449754,5337.652092468166
kbang_01578,887500.0,1604500.0,108.59387491814064,14.485824248116614,7440.956197525139
kbang_01579,887500.0,1605500.0,108.59402047634488,14.494847987437364,8053.703299965877
kbang_01580,887500.0,1606500.0,108.59416613503782,14.503871718407037,8677.538437720556
kbang_01581,887500.0,1607500.0,108.59431189423874,14.512895441020655,9365.971117408426
kbang_01582,887500.0,1608500.0,108.59445775396692,14.521919155273254,7703.7234359852255
kbang_01583,887500.0,1609500.0,108.59460371424169,14.530942861159865,8421.377795591352
kbang_01584,887500.0,1610361.5714997945,108.59472955010148,14.538717422261485,9082.609813406532
kbang_01585,887316.2742690609,1611612.6499406411,108.59321033821755,14.55003292670701,11786.237224028131
kbang_01586,887262.7168972325,1612506.8987410823,108.59284489248991,14.558109985397719,10731.327172415042
kbang_01587,887166.3114896847,1613096.7383125331,108.59203798537249,14.56344625217684,11200.295631660145
kbang_01588,888018.3855444295,1551856.5573322554,108.59114466072485,14.010700847928053,180.54621902880567
kbang_01589,888069.932209573,1552258.7206290683,108.59167755641404,14.014322950145093,251.55607697373168
kbang_01590,888500.0,1553500.0,108.59582703018927,14.025465323085255,3.4256545301959687
kbang_01591,888500.0,1554500.0,108.5959678487445,14.034489389898722,198.33771277374436
kbang_01592,888500.0,1555500.0,108.59610876708017,14.04351344860823,296.68544229560035
kbang_01593,888500.0,1556500.0,108.59624978521487,14.052537499208787,607.2465795975329
kbang_01594,888500.0,1557500.0,108.59639090316713,14.061561541695392,311.11918026725414
kbang_01595,888500.0,1558500.0,108.59653212095557,14.070585576063053,47.02052135479126
kbang_01596,888500.0,1559500.0,108.59667343859878,14.079609602306776,125.71325562037465
kbang_01597,888500.0,1560500.0,108.59681485611539,14.088633620421566,140.70433788407317
kbang_01598,888500.0,1561500.0,108.59695637352402,14.09765763040243,173.53422922995267
kbang_01599,888500.0,1562500.0,108.59709799084334,14.106681632244376,354.8191174516671
kbang_01600,888500.0,1563500.0,108.59723970809199,14.115705625942402,133.1456047737458
kbang_01601,888500.0,1564500.0,108.59738152528865,14.124729611491532,169.9546014639466
kbang_01602,888500.0,1565500.0,108.59752344245204,14.13375358888676,6.71337704247987
kbang_01603,888500.0,1566500.0,108.59766545960086,14.142777558123095,11.882491004228092
kbang_01604,888500.0,1567500.0,108.59780757675381,14.151801519195555,13.168943716120696
kbang_01605,888500.0,1568500.0,108.59794979392963,14.16082547209914,108.03467748191761
kbang_01606,888500.0,1569500.0,108.5980921111471,14.169849416828862,85.51863496815956
kbang_01607,888500.0,1570500.0,108.59823452842497,14.178873353379734,415.0727569129734
kbang_01608,888500.0,1571500.0,108.59837704578202,14.187897281746762,701.9590188725982
kbang_01609,888500.0,1572500.0,108.59851966323706,14.196921201924962,112.0540903543778
kbang_01610,888500.0,1573500.0,108.59866238080889,14.205945113909333,252.33854479912534
kbang_01611,888500.0,1574500.0,108.59880519851635,14.2149690176949,944.930423960757
kbang_01612,888500.0,1575500.0,108.59894811637828,14.223992913276666,692.8584195255584
kbang_01613,888500.0,1576500.0,108.59909113441353,14.233016800649645,341.336434182656
kbang_01614,888500.0,1577500.0,108.59923425264098,14.242040679808854,565.9890859203728
kbang_01615,888500.0,1578500.0,108.59937747107953,14.251064550749298,28.50554114183058
kbang_01616,888500.0,1579500.0,108.59952078974804,14.260088413465995,10.522802054704908
kbang_01617,888500.0,1580500.0,108.59966420866549,14.269112267953965,288.66518234608236
kbang_01618,888500.0,1581500.0,108.59980772785076,14.278136114208207,239.09483022744158
kbang_01619,888500.0,1582500.0,108.59995134732281,14.287159952223748,94.66793897786546
kbang_01620,888500.0,1583500.0,108.60009506710063,14.296183781995598,168.44927305511476
kbang_01621,888500.0,1584500.0,108.60023888720318,14.305207603518774,659.3542316887612
kbang_01622,888500.0,1585500.0,108.60038280764942,14.314231416788289,1000.446949782632
kbang_01623,888500.0,1586500.0,108.60052682845843,14.323255221799158,1698.5026838891329
kbang_01624,888500.0,1587500.0,108.60067094964916,14.332279018546403,2037.4074678750164
kbang_01625,888500.0,1588500.0,108.60081517124068,14.341302807025036,2234.4559374957134
kbang_01626,888500.0,1589500.0,108.60095949325206,14.350326587230079,935.5158128591853
kbang_01627,888500.0,1590500.0,108.60110391570234,14.359350359156542,58.67057396320433
kbang_01628,888500.0,1591500.0,108.60124843861061,14.36837412279945,474.2832650886017
kbang_01629,888500.0,1592500.0,108.60139306199599,14.377397878153818,995.2197481284428
kbang_01630,888500.0,1593500.0,108.60153778587757,14.386421625214663,1341.867751954643
kbang_01631,888500.0,1594500.0,108.60168261027448,14.395445363977005,1694.9455418149753
kbang_01632,888500.0,1595500.0,108.60182753520587,14.404469094435873,2412.629567666612
kbang_01633,888500.0,1596500.0,108.60197256069088,14.413492816586269,2020.0798256533249
kbang_01634,888500.0,1597500.0,108.60211768674873,14.422516530423232,2204.348488074739
kbang_01635,888500.0,1598500.0,108.60226291339856,14.431540235941775,2763.6175588787987
kbang_01636,888500.0,1599500.0,108.6024082406596,14.440563933136913,3522.992717957596
kbang_01637,888339.141222145,1600747.47612164,108.60110011713412,14.451843571640863,4524.402866685883
kbang_01638,888500.0,1601748.0170844097,108.6027353062359,14.460849328183327,5154.383569062699
kbang_01639,888500.0,1602500.0,108.6028448263022,14.467634974732144,5525.960100107611
kbang_01640,888500.0,1603500.0,108.60299055620041,14.476658638583904,6087.850838551176
kbang_01641,888500.0,1604500.0,108.60313638680606,14.485682294087379,6728.02017463653
kbang_01642,888500.0,1605500.0,108.60328231813844,14.494705941237582,6988.455098821712
kbang_01643,888500.0,1606500.0,108.60342835021689,14.503729580029546,7376.364542657732
kbang_01644,888500.0,1607500.0,108.60357448306071,14.512753210458294,7872.928493521915
kbang_01645,888500.0,1608500.0,108.60372071668927,14.521776832518848,8459.033766455852
kbang_01646,888500.0,1609401.7066094843,108.6038526629466,14.529913484993406,9049.938897612356
kbang_01647,888151.0872161435,1610361.5714997945,108.6007610117853,14.538624687429511,9498.159524730212
kbang_01648,889613.714293676,1551841.2472984015,108.60588670041831,14.010343494914194,973.0961536545971
kbang_01649,889540.8153360386,1552450.538441494,108.60529888125433,14.015851765255148,464.7055742173175
kbang_01650,889500.0,1553500.0,108.60506970967678,14.025327708882317,277.41591061237625
kbang_01651,889500.0,1554500.0,108.60521088828045,14.034351683648513,102.43559743279265
kbang_01652,889500.0,1555500.0,108.60535216691947,14.043375650303835,1098.1525836559645
kbang_01653,889500.0,1556500.0,108.60549354561243,14.052399608843288,314.5379344918292
kbang_01654,889500.0,1557500.0,108.60563502437796,14.061423559261863,228.13996388549896
kbang_01655,889500.0,1558500.0,108.60577660323472,14.070447501554574,93.58849394600763
kbang_01656,889500.0,1559500.0,108.60591828220132,14.07947143571641,209.19860870674233
kbang_01657,889500.0,1560500.0,108.60606006129645,14.088495361742373,46.8496780187993
kbang_01658,889500.0,1561500.0,108.60620194053878,14.097519279627468,82.18211892659644
kbang_01659,889500.0,1562500.0,108.60634391994702,14.106543189366693,61.070550895756995
kbang_01660,889500.0,1563500.0,108.60648599953988,14.115567090955054,180.18909908487274
kbang_01661,889500.0,1564500.0,108.60662817933608,14.12459098438755,180.73921417408826
kbang_01662,889500.0,1565500.0,108.60677045935437,14.133614869659183,67.54794109581096
kbang_01663,889500.0,1566500.0,108.60691283961346,14.142638746764954,25.796254323680955
kbang_01664,889500.0,1567500.0,108.60705532013219,14.151662615699875,17.469461050317104
kbang_01665,889500.0,1568500.0,108.6071979009293,14.160686476458942,74.82445149269158
kbang_01666,889500.0,1569500.0,108.6073405820236,14.16971032903716,173.32411158152541
kbang_01667,889500.0,1570500.0,108.6074833634339,14.17873417342954,1710.8499748180166
kbang_01668,889500.0,1571500.0,108.60762624517905,14.187758009631075,1523.8688153697685
kbang_01669,889500.0,1572500.0,108.60776922727788,14.19678183763678,743.1133437688839
kbang_01670,889500.0,1573500.0,108.60791230974927,14.205805657441658,30.494996526937225
kbang_01671,889500.0,1574500.0,108.60805549261207,14.214829469040714,1.0216226661909724
kbang_01672,889500.0,1575500.0,108.60819877588519,14.223853272428958,236.24028344244772
kbang_01673,889500.0,1576500.0,108.60834215958751,14.23287706760139,6.888207305194212
kbang_01674,889500.0,1577500.0,108.60848564373798,14.241900854553027,134.33274626743713
kbang_01675,889500.0,1578500.0,108.60862922835551,14.250924633278865,470.83230931720266
kbang_01676,889500.0,1579500.0,108.60877291345906,14.25994840377392,71.12569150577133
kbang_01677,889500.0,1580500.0,108.6089166990676,14.268972166033205,307.5962130223379
kbang_01678,889500.0,1581500.0,108.60906058520013,14.277995920051717,160.8601930642247
kbang_01679,889500.0,1582500.0,108.60920457187561,14.287019665824472,394.1727591291347
kbang_01680,889500.0,1583500.0,108.60934865911307,14.296043403346474,118.65156137440567
kbang_01681,889500.0,1584500.0,108.60949284693153,14.305067132612743,1647.7898796599115
kbang_01682,889500.0,1585500.0,108.60963713535003,14.314090853618278,1820.4240471701737
kbang_01683,889500.0,1586500.0,108.60978152438764,14.3231145663581,2414.636861292479
kbang_01684,889500.0,1587500.0,108.6099260140634,14.332138270827214,2939.5983769670993
kbang_01685,889500.0,1588500.0,108.61007060439644,14.341161967020636,3233.8167904962893
kbang_01686,889500.0,1589500.0,108.61021529540584,14.350185654933368,1240.7171419070435
kbang_01687,889500.0,1590500.0,108.61036008711069,14.35920933456043,498.8785132248749
kbang_01688,889500.0,1591500.0,108.61050497953015,14.368233005896842,368.934556000992
kbang_01689,889500.0,1592500.0,108.61064997268338,14.377256668937605,344.1390169238985
kbang_01690,889500.0,1593500.0,108.6107950665895,14.386280323677738,360.03707437084023
kbang_01691,889500.0,1594500.0,108.61094026126773,14.395303970112252,1048.100156583626
kbang_01692,889500.0,1595500.0,108.61108555673725,14.404327608236159,2011.5802194521957
kbang_01693,889452.9107144146,1596515.2257763385,108.61079719848168,14.413495304761106,2971.487348687985
kbang_01694,889374.6232327003,1597544.762903499,108.6102221349775,14.422796565432131,3038.7545182238077
kbang_01695,889220.825348755,1598349.1001840448,108.60891518100647,14.430076420905158,3243.091779151465
kbang_01696,889240.6214527402,1599689.2280478845,108.60929360272358,14.442166429356366,4132.97784747097
kbang_01697,889091.1137187711,1600161.0494952244,108.60797794304787,14.446445193953792,4405.319668422049
kbang_01698,889500.0,1601625.9362556683,108.61197782858088,14.459605658491247,5848.749878674432
kbang_01699,889500.0,1602500.0,108.61210544879502,14.467492841987932,6387.949092737031
kbang_01700,889500.0,1603500.0,108.61225155128753,14.476516413447579,6901.690068719887
kbang_01701,889500.0,1604500.0,108.6123977547447,14.48553997655177,7493.932119330521
kbang_01702,889500.0,1605500.0,108.61254405918595,14.494563531295526,7940.1764559825415
kbang_01703,889500.0,1606500.0,108.61269046463057,14.503587077673851,8283.637567522524
kbang_01704,889500.0,1607500.0,108.61283697109796,14.512610615681785,8728.739917536868
kbang_01705,889500.0,1608500.0,108.61298357860753,14.521634145314332,9260.839581049471
kbang_01706,889500.0,1609302.2619218994,108.61310126929072,14.52887337348137,9741.072163658051
kbang_01707,889968.329697391,1610061.02432254,108.61755095066816,14.53565306012784,12915.826166187602
kbang_01708,890403.5379339162,1552502.3647252978,108.61327966580598,14.016200506514677,317.60243030945094
kbang_01709,890500.0,1553500.0,108.61431228914756,14.02518974319819,243.33153092127105
kbang_01710,890500.0,1554500.0,108.61445382778108,14.034213625682119,19.480486722146797
kbang_01711,890500.0,1555500.0,108.61459546670481,14.043237500048248,207.79122641856466
kbang_01712,890500.0,1556500.0,108.61473720593743,14.052261366291571,291.8378056822209
kbang_01713,890500.0,1557500.0,108.6148790454976,14.061285224407081,404.18476636358594
kbang_01714,890500.0,1558500.0,108.615020985404,14.070309074389773,60.39197879285683
kbang_01715,890500.0,1559500.0,108.61516302567534,14.079332916234643,242.42322461252664
kbang_01716,890500.0,1560500.0,108.61530516633032,14.088356749936684,17.12302217204948
kbang_01717,890500.0,1561500.0,108.61544740738765,14.0973805754909,14.556779292864762
kbang_01718,890500.0,1562500.0,108.61558974886611,14.106404392892276,2.1620909486535305
kbang_01719,890500.0,1563500.0,108.61573219078444,14.115428202135817,6.684890844590199
kbang_01720,890500.0,1564500.0,108.61587473316142,14.124452003216515,290.2057689530563
kbang_01721,890500.0,1565500.0,108.61601737601582,14.13347579612937,131.25589904242494
kbang_01722,890500.0,1566500.0,108.61616011936648,14.142499580869377,17.469700327880798
kbang_01723,890500.0,1567500.0,108.61630296323217,14.151523357431538,57.21925150522327
kbang_01724,890500.0,1568500.0,108.61644590763176,14.160547125810849,277.87214459465935
kbang_01725,890500.0,1569500.0,108.61658895258408,14.169570886002312,210.30998074689398
kbang_01726,890500.0,1570500.0,108.61673209810802,14.178594638000922,399.4980233639729
kbang_01727,890500.0,1571500.0,108.61687534422241,14.187618381801677,2025.1756108939865
kbang_01728,890500.0,1572500.0,108.61701869094618,14.196642117399586,1267.5662532361093
kbang_01729,890500.0,1573500.0,108.61716213829823,14.20566584478964,748.6983551137324
kbang_01730,890500.0,1574500.0,108.61730568629747,14.214689563966846,840.327468304293
kbang_01731,890500.0,1575500.0,108.61744933496286,14.223713274926208,1145.927228329941
kbang_01732,890500.0,1576500.0,108.61759308431334,14.232736977662716,653.255934405655
kbang_01733,890500.0,1577500.0,108.61773693436787,14.24176067217138,438.4419763558973
kbang_01734,890500.0,1578500.0,108.61788088514545,14.250784358447206,895.18694764626
kbang_01735,890500.0,1579500.0,108.61802493666508,14.259808036485186,217.59456667044986
kbang_01736,890500.0,1580500.0,108.61816908894576,14.268831706280332,1057.3826271818712
kbang_01737,890500.0,1581500.0,108.61831334200653,14.277855367827646,642.9953745761574
kbang_01738,890500.0,1582500.0,108.61845769586643,14.286879021122129,790.123775168954
kbang_01739,890500.0,1583500.0,108.61860215054452,14.295902666158787,1025.3641896619758
kbang_01740,890500.0,1584500.0,108.61874670605985,14.304926302932628,1344.822622067201
kbang_01741,890500.0,1585500.0,108.61889136243155,14.31394993143865,2067.871061481636
kbang_01742,890500.0,1586500.0,108.6190361196787,14.322973551671865,3190.009056950142
kbang_01743,890500.0,1587500.0,108.61918097782042,14.331997163627275,3828.836820920432
kbang_01744,890500.0,1588500.0,108.61932593687584,14.341020767299888,2639.4886684972703
kbang_01745,890500.0,1589500.0,108.61947099686414,14.350044362684713,1891.594412137708
kbang_01746,890500.0,1590500.0,108.61961615780443,14.35906794977675,1457.2372080375048
kbang_01747,890500.0,1591500.0,108.61976141971594,14.368091528571009,854.529721694665
kbang_01748,890500.0,1592500.0,108.61990678261786,14.377115099062511,142.25090219745343
kbang_01749,890500.0,1593500.0,108.62005224652937,14.386138661246244,129.2145588421569
kbang_01750,890441.242789504,1594746.8999493958,108.61968981659186,14.397398469289573,1340.7195334275848
kbang_01751,890266.4105123382,1595500.0,108.61818093353749,14.404218927116567,2010.071670441629
kbang_01752,890070.3896395769,1596145.1899136947,108.61646012427568,14.410068665967588,2625.561520691593
kbang_01753,890047.1752402519,1597155.775217534,108.61639240853748,14.419191051790438,3605.640353216624
kbang_01754,890671.6172519667,1600755.3761190267,108.62269981237598,14.45158328610791,5892.578519142154
kbang_01755,890500.0,1601612.6577873977,108.62123608157549,14.459343425556831,6415.242639292874
kbang_01756,890500.0,1602500.0,108.62136597034247,14.46735034622721,7127.462358672592
kbang_01757,890500.0,1603500.0,108.62151244540995,14.47637382505889,7753.19010264993
kbang_01758,890500.0,1604500.0,108.62165902169934,14.485397295527925,8290.380967202418
kbang_01759,890500.0,1605500.0,108.62180569923007,14.494420757629323,8902.590038063026
kbang_01760,890500.0,1606500.0,108.62195247802148,14.503444211358106,9580.281947327332
kbang_01761,890500.0,1607500.0,108.62209935809305,14.512467656709283,10286.973818388451
kbang_01762,890500.0,1608500.0,108.62224633946423,14.521491093677872,12261.069294785662
kbang_01763,890500.0,1609500.0,108.6223934221544,14.530514522258887,12913.998480167644
kbang_01764,890518.0799162952,1610402.337702931,108.62269370926744,14.53865410196716,13551.692447228676
kbang_01765,891440.8567892793,1552832.5338715238,108.62291349885332,14.0190365340205,298.33517488098806
kbang_01766,891500.0,1553500.0,108.62355476834675,14.0250514260504,183.571868243213
kbang_01767,891500.0,1554500.0,108.62369666699148,14.034075216017087,38.541653155810394
kbang_01768,891500.0,1555500.0,108.62383866618129,14.043098997859024,30.86814535004599
kbang_01769,891500.0,1556500.0,108.62398076593489,14.052122771571202,88.69342932901776
kbang_01770,891500.0,1557500.0,108.62412296627102,14.061146537148609,122.72846622983064
kbang_01771,891500.0,1558500.0,108.62426526720837,14.07017029458624,128.1608214123111
kbang_01772,891500.0,1559500.0,108.62440766876571,14.07919404387908,182.14472089645344
kbang_01773,891500.0,1560500.0,108.6245501709618,14.088217785022117,132.83995753517297
kbang_01774,891500.0,1561500.0,108.62469277381541,14.097241518010348,58.03146719939066
kbang_01775,891500.0,1562500.0,108.62483547734533,14.10626524283876,98.2890225391199
kbang_01776,891500.0,1563500.0,108.62497828157036,14.115288959502342,240.57663224485714
kbang_01777,891500.0,1564500.0,108.62512118650932,14.124312667996088,292.6304338933333
kbang_01778,891500.0,1565500.0,108.62526419218108,14.133336368314994,25.0078732258848
kbang_01779,891500.0,1566500.0,108.62540729860443,14.142360060454047,245.65845811352287
kbang_01780,891500.0,1567500.0,108.62555050579829,14.151383744408243,63.62018204503485
kbang_01781,891500.0,1568500.0,108.62569381378151,14.160407420172573,432.0216092053559
kbang_01782,891500.0,1569500.0,108.625837222573,14.169431087742039,589.3582942038712
kbang_01783,891500.0,1570500.0,108.62598073219165,14.178454747111623,1218.3253694196712
kbang_01784,891500.0,1571500.0,108.6261243426564,14.187478398276323,1806.732400228303
kbang_01785,891500.0,1572500.0,108.6262680539862,14.196502041231138,2118.8541800083185
kbang_01786,891500.0,1573500.0,108.62641186619997,14.20552567597106,1720.3971810371886
kbang_01787,891500.0,1574500.0,108.62655577931673,14.214549302491086,1748.5421066639694
kbang_01788,891500.0,1575500.0,108.62669979335544,14.223572920786214,2023.734474851435
kbang_01789,891500.0,1576500.0,108.62684390833512,14.23259653085143,1363.5491251055416
kbang_01790,891500.0,1577500.0,108.62698812427475,14.241620132681744,1273.9824207774468
kbang_01791,891500.0,1578500.0,108.62713244119337,14.25064372627215,1469.8155500128435
kbang_01792,891500.0,1579500.0,108.62727685911005,14.259667311617637,1185.894377787428
kbang_01793,891500.0,1580500.0,108.62742137804383,14.268690888713216,1628.5985384606313
kbang_01794,891500.0,1581500.0,108.62756599801381,14.277714457553873,1581.619001489241
kbang_01795,891500.0,1582500.0,108.62771071903906,14.286738018134615,1677.3890237700543
kbang_01796,891500.0,1583500.0,108.62785554113869,14.295761570450438,2202.8564286507612
kbang_01797,891500.0,1584500.0,108.62800046433183,14.304785114496342,2203.250074895334
kbang_01798,891500.0,1585500.0,108.6281454886376,14.313808650267326,2751.059204260014
kbang_01799,891500.0,1586500.0,108.62829061407518,14.32283217775839,3471.8107411188994
kbang_01800,891500.0,1587500.0,108.62843584066371,14.331855696964537,4037.507265398059
kbang_01801,891500.0,1588500.0,108.62858116842239,14.340879207880768,3302.2562309066775
kbang_01802,891276.8940081779,1589678.3119391534,108.62668755386736,14.35154334621822,2617.681248563418
kbang_01803,891134.9197875488,1590534.1585874078,108.62549793613931,14.359286225673776,2010.1186693468915
kbang_01804,891381.7163866718,1591428.7613829728,108.6279125161264,14.367323665540093,1134.5382174364713
kbang_01805,891370.3159414406,1592562.1759127043,108.62797211109057,14.377552638459978,292.8489475702001
kbang_01806,891105.1728768395,1593650.960432103,108.62567639357738,14.387414947355843,289.1202971286124
kbang_01807,891057.3178561737,1594246.8999493958,108.62532026138364,14.392799207745329,884.639366392239
kbang_01808,891500.0,1600682.5948826382,108.63035976880762,14.450808318222148,6461.448915810421
kbang_01809,891500.0,1601500.0,108.63047964452402,14.458184093135424,7005.362909023963
kbang_01810,891500.0,1602500.0,108.63062639068738,14.467207487468135,7736.506914751288
kbang_01811,891500.0,1603500.0,108.63077323831045,14.476230873435988,8522.439145975775
kbang_01812,891500.0,1604500.0,108.63092018741267,14.485254251034,9126.982773818003
kbang_01813,891399.1501116967,1605458.9297688575,108.63012717760473,14.493921480055068,9581.003507363583
kbang_01814,891429.3044530214,1606282.6139197978,108.6305276258018,14.501349565036469,10117.525828634343
kbang_01815,891256.1658129169,1607650.0847605674,108.62912528685551,14.513713584587427,10931.340459157567
kbang_01816,891303.3884986717,1608513.0419674278,108.62968978313201,14.521493585994785,12903.012831675424
kbang_01817,891127.3556956924,1609744.4710783926,108.62824068120747,14.532630485516359,13544.02801618563
kbang_01818,891062.6628398069,1610478.3914383487,108.6277496080591,14.53926220598998,13993.731580012018
kbang_01819,892046.6886475454,1552948.736289546,108.62852919529412,14.020001197574436,233.0619724615949
kbang_01820,892330.7279430034,1553332.3018004682,108.63120884121419,14.023422993676505,211.99088119555816
kbang_01821,892500.0,1554500.0,108.63293940565677,14.033936454670991,91.38542345134977
kbang_01822,892500.0,1555500.0,108.63308176509396,14.042960143753756,17.813232135650022
kbang_01823,892500.0,1556500.0,108.63322422534984,14.051983824699791,117.3545062620373
kbang_01824,892500.0,1557500.0,108.63336678644319,14.061007497504082,113.50329678554606
kbang_01825,892500.0,1558500.0,108.63350944839274,14.07003116216161,179.17058763086024
kbang_01826,892500.0,1559500.0,108.63365221121734,14.079054818667364,18.495696631327217
kbang_01827,892500.0,1560500.0,108.63379507493576,14.088078467016325,56.502447524674544
kbang_01828,892500.0,1561500.0,108.63393803956684,14.097102107203483,274.67588100385586
kbang_01829,892500.0,1562500.0,108.63408110512943,14.106125739223819,5.483861824917874
kbang_01830,892500.0,1563500.0,108.63422427164234,14.115149363072325,3.8383093495684033
kbang_01831,892500.0,1564500.0,108.63436753912447,14.124172978743983,349.9849841293592
kbang_01832,892500.0,1565500.0,108.63451090759469,14.133196586233778,150.47045305647785
kbang_01833,892500.0,1566500.0,108.63465437707191,14.142220185536699,236.36158724853047
kbang_01834,892500.0,1567500.0,108.63479794757504,14.151243776647739,406.3469024846124
kbang_01835,892500.0,1568500.0,108.63494161912298,14.160267359561882,330.08426742546106
kbang_01836,892500.0,1569500.0,108.63508539173472,14.169290934274114,1329.4417077505707
kbang_01837,892500.0,1570500.0,108.63522926542917,14.178314500779425,1989.593916329649
kbang_01838,892500.0,1571500.0,108.63537324022535,14.187338059072808,2584.0976996968284
kbang_01839,892500.0,1572500.0,108.63551731614221,14.196361609149248,2981.7607377082654
kbang_01840,892500.0,1573500.0,108.63566149319877,14.205385151003737,2711.62696656931
kbang_01841,892500.0,1574500.0,108.63580577141406,14.214408684631263,2720.9795606472803
kbang_01842,892500.0,1575500.0,108.63595015080709,14.223432210026823,2743.4104808652514
kbang_01843,892500.0,1576500.0,108.63609463139692,14.232455727185402,2300.0143604758614
kbang_01844,892500.0,1577500.0,108.63623921320261,14.241479236101993,2248.0727413206764
kbang_01845,892500.0,1578500.0,108.63638389624325,14.250502736771589,2349.3309326024905
kbang_01846,892500.0,1579500.0,108.63652868053791,14.25952622918918,2182.9666866654566
kbang_01847,892500.0,1580500.0,108.63667356610573,14.268549713349763,2451.801639468298
kbang_01848,892500.0,1581500.0,108.63681855296582,14.27757318924833,2567.0205063492026
kbang_01849,892500.0,1582500.0,108.63696364113731,14.286596656879867,2627.5707906444018
kbang_01850,892500.0,1583500.0,108.63710883063938,14.295620116239379,3008.0536738771925
kbang_01851,892500.0,1584500.0,108.63725412149117,14.304643567321854,3145.0921164491942
kbang_01852,892500.0,1585500.0,108.63739951371187,14.313667010122284,3557.702919527069
kbang_01853,892500.0,1586415.5928046904,108.637532722695,14.32192880215668,4106.481169269905
kbang_01854,892341.187543778,1587724.0918332632,108.63625346511944,14.333758496917397,4446.572004218443
kbang_01855,892157.3306494588,1588630.8030416528,108.63468390919174,14.341966254682756,3742.485766779519
kbang_01856,892099.4832467933,1589116.6011626814,108.63421927223838,14.346358041767374,3353.4336753637667
kbang_01857,892018.4319416991,1591924.335949881,108.63387840952309,14.371704982327966,552.9653450114162
kbang_01858,892017.6080888851,1592094.5841513234,108.6338956270792,14.373241322160961,388.35236459907503
kbang_01859,892250.8729277225,1600780.6727650645,108.63732700050389,14.451585927433594,7117.357589220531
kbang_01860,892282.1504236878,1601500.0,108.63772232434064,14.458072175906974,7585.184785438185
kbang_01861,892323.5762026303,1602646.90614059,108.63827458785121,14.4684151398922,8399.258960603594
kbang_01862,892263.3400541982,1603629.2525419067,108.63786132878617,14.477287794065004,9092.396550957368
kbang_01863,892153.7876341646,1604270.887601295,108.63694123549827,14.48309318081918,9530.763487723008
kbang_01864,892026.7188039479,1605079.4753614003,108.63588349042618,14.490407553432435,10109.282273565534
kbang_01865,892022.1073344692,1606653.6045580404,108.6360727042294,14.504612076073299,11100.464076423028
kbang_01866,893134.7810059035,1553794.9269635829,108.63870599397931,14.027485865987241,332.9004499051693
kbang_01867,893500.0,1554501.1259151357,108.64218220415555,14.033807501469457,221.53696650430604
kbang_01868,893500.0,1555500.0,108.64232476318796,14.042820937750086,305.00719134934263
kbang_01869,893500.0,1556500.0,108.64246758392734,14.051844525694989,57.40156427109965
kbang_01870,893500.0,1557500.0,108.64261050575912,14.060868105491153,154.67873528421813
kbang_01871,893500.0,1558500.0,108.64275352870212,14.06989167713356,417.99451696100317
kbang_01872,893480.4124769686,1559460.2888670878,108.64270989276712,14.078559642147614,559.0501596164472
kbang_01873,893500.0,1560500.0,108.64303987799708,14.087938795937017,120.4970603377566
kbang_01874,893500.0,1561500.0,108.64318320438682,14.096962343088029,9.763018188559158
kbang_01875,893500.0,1562500.0,108.64332663196318,14.105985882065196,22.28459537730386
kbang_01876,893500.0,1563500.0,108.64347016074511,14.11500941286351,825.6822204239874
kbang_01877,893500.0,1564500.0,108.64361379075152,14.124032935477947,321.63656003832875
kbang_01878,893500.0,1565500.0,108.64375752200132,14.133056449903489,183.18596376540745
kbang_01879,893500.0,1566500.0,108.64390135451349,14.142079956135118,958.8977113437004
kbang_01880,893500.0,1567500.0,108.64404528830694,14.151103454167817,1184.4939451574303
kbang_01881,893500.0,1568500.0,108.6441893234007,14.160126943996568,1030.2842019654402
kbang_01882,893500.0,1569500.0,108.64433345981371,14.169150425616355,1649.2256266273923
kbang_01883,893500.0,1570500.0,108.64447769756501,14.17817389902216,2525.5503951078595
kbang_01884,893500.0,1571500.0,108.64462203667361,14.187197364208972,3401.415103283485
kbang_01885,893500.0,1572500.0,108.64476647715854,14.196220821171769,3910.5308025558825
kbang_01886,893500.0,1573500.0,108.64491101903886,14.20524426990554,3705.9354340746704
kbang_01887,893500.0,1574500.0,108.64505566233363,14.214267710405263,3708.1073393503134
kbang_01888,893500.0,1575500.0,108.64520040706194,14.223291142665932,3599.5973258602703
kbang_01889,893500.0,1576500.0,108.64534525324287,14.232314566682527,3274.273339263887
kbang_01890,893500.0,1577500.0,108.64549020089554,14.241337982450041,3237.997975924037
kbang_01891,893500.0,1578500.0,108.64563525003909,14.250361389963453,3298.2349689957227
kbang_01892,893500.0,1579500.0,108.64578040069264,14.259384789217753,3181.8770615651524
kbang_01893,893500.0,1580500.0,108.64592565287536,14.268408180207931,3371.991897843582
kbang_01894,893500.0,1581500.0,108.64607100660642,14.277431562928976,3560.5715684652105
kbang_01895,893500.0,1582500.0,108.64621646190501,14.286454937375865,3604.4699851702385
kbang_01896,893405.205533003,1583465.412164418,108.64547983711788,14.295179663109495,3802.834038584308
kbang_01897,893278.9396742529,1584272.315846751,108.64442893740878,14.302478582507842,3853.6825806012903
kbang_01898,893182.2229307222,1585518.8002203694,108.64371550275254,14.31373981542715,4160.842065208348
kbang_01899,893133.8848897998,1586568.9934938755,108.64342123282464,14.323222970036632,4693.700224700471
kbang_01900,894502.1238641725,1553817.2441011083,108.6513465791657,14.0274967260777,182.6233592866646
kbang_01901,894500.0,1554596.3039064412,108.65143835507492,14.034526875935873,181.8082008347084
kbang_01902,894500.0,1555500.0,108.65156766020837,14.042681379865698,123.36042197950654
kbang_01903,894415.0298676305,1556548.6613021183,108.65093241301528,14.052155849616884,41.6798770120893
kbang_01904,894277.0869869424,1557704.1492013955,108.6498228570037,14.06260168329968,16.88913754426966
kbang_01905,894204.3546775124,1558570.7806411944,108.64927472431155,14.070431907796431,9.080742373762812
kbang_01906,894269.3979270486,1559833.758275724,108.6500571222709,14.081819272624159,534.3844209687551
kbang_01907,894500.0,1560706.4876467222,108.65231424140464,14.089662004228854,229.99170768690414
kbang_01908,894500.0,1561500.0,108.6524282680201,14.096822225681732,35.18896915782979
kbang_01909,894500.0,1562500.0,108.65257205759137,14.105845671380655,202.48300913556645
kbang_01910,894500.0,1563500.0,108.65271594862342,14.114869108893682,238.5804794179534
kbang_01911,894500.0,1564500.0,108.65285994113516,14.123892538215781,4.304275372436034
kbang_01912,894500.0,1565500.0,108.6530040351456,14.132915959341934,794.0661359435176
kbang_01913,894500.0,1566500.0,108.65314823067375,14.141939372267121,483.2552257415205
kbang_01914,894500.0,1567500.0,108.65329252773857,14.150962776986312,1124.632092340268
kbang_01915,894500.0,1568500.0,108.65343692635913,14.159986173494486,1611.930984408496
kbang_01916,894500.0,1569500.0,108.65358142655442,14.169009561786625,2237.52803144268
kbang_01917,894500.0,1570500.0,108.65372602834354,14.178032941857706,3054.65787142312
kbang_01918,894500.0,1571500.0,108.65387073174553,14.187056313702705,3871.6139195627675
kbang_01919,894500.0,1572500.0,108.65401553677947,14.196079677316598,4814.640740262357
kbang_01920,894500.0,1573500.0,108.65416044346448,14.205103032694373,4699.008181898354
kbang_01921,894500.0,1574500.0,108.65430545181967,14.214126379831008,4700.679771142366
kbang_01922,894500.0,1575500.0,108.65445056186415,14.223149718721476,4515.296308124142
kbang_01923,894500.0,1576500.0,108.65459577361707,14.232173049360766,4260.4771730445145
kbang_01924,894500.0,1577500.0,108.6547410870976,14.241196371743852,4232.662369467621
kbang_01925,894500.0,1578476.1396765169,108.65488303148551,14.25000438676813,4275.485072580657
kbang_01926,894381.2804677221,1579270.260598024,108.65390024680379,14.257186833846495,4062.182273101599
kbang_01927,894272.1101147928,1580395.4970267937,108.65305399956856,14.267355693016022,4080.752210354382
kbang_01928,894393.937629824,1581335.98136436,108.65431813562357,14.275824666117039,4466.813540874966
kbang_01929,894275.5071505811,1582560.3325935137,108.6534008167757,14.286889185206551,5076.971665261907
kbang_01930,894080.9421356535,1583146.7649981296,108.65168603623711,14.292208405301132,5324.659585287696
kbang_01931,895261.9873290143,1554705.715734372,108.65849669022383,14.035407633192118,44.17662355639356
kbang_01932,895112.4534213166,1555500.0,108.65722845409407,14.04259573341919,56.07006751075207
kbang_01933,895009.1610963156,1556048.6613021183,108.6563523909906,14.047561004503176,227.18062054031682
kbang_01934,895045.7463663365,1560760.1609510107,108.65736722321763,14.090069743090579,59.7838008919736
kbang_01935,895124.193146728,1561520.2658856227,108.65820183956917,14.09691745329731,27.86898861041493
kbang_01936,895170.035812469,1562459.8786760503,108.6587609863972,14.105389497497208,234.22577176998215
kbang_01937,895500.0,1563677.4213816703,108.66198723926092,14.116329384482993,74.13380424107999
kbang_01938,895500.0,1564500.0,108.66210599002012,14.123751786975328,13.77660647135646
kbang_01939,895500.0,1565500.0,108.6622504467722,14.132775114566975,3.3977600043567167
kbang_01940,895500.0,1566500.0,108.66239500529731,14.141798433950575,282.1708917975748
kbang_01941,895500.0,1567500.0,108.6625396656145,14.150821745121103,302.194426992066
kbang_01942,895500.0,1568500.0,108.66268442774282,14.159845048073532,835.6325960656412
kbang_01943,895500.0,1569653.178944387,108.66285149080458,14.170250520837762,1911.0263884150422
kbang_01944,895500.0,1570500.0,108.66297425750919,14.177891629303971,2741.295719472568
kbang_01945,895500.0,1571500.0,108.66311932518549,14.186914907571934,3731.341905346418
kbang_01946,895500.0,1572500.0,108.66326449474937,14.195938177601686,4725.581721607388
kbang_01947,895500.0,1573500.0,108.66340976621996,14.204961439388205,5694.47171950402
kbang_01948,895500.0,1574500.0,108.6635551396164,14.213984692926465,5695.851172696706
kbang_01949,895500.0,1575500.0,108.66370061495793,14.223007938211438,5460.65019864655
kbang_01950,895424.3604140192,1576566.6379614393,108.66315620074504,14.232643209310885,5169.261648092444
kbang_01951,895444.7092143262,1577311.7649816815,108.66345296514588,14.239363774858264,5163.741437478418
kbang_01952,895359.8080287236,1578367.4109233178,108.66282139389283,14.248901180150822,5139.445323115727
kbang_01953,895027.0309901261,1581757.5907316348,108.66023719658274,14.279538906076455,5071.783508146142
kbang_01954,896204.5164586667,1563677.4213816703,108.66850096172507,14.116230064705544,147.1873086009545
kbang_01955,896500.0,1564571.740035084,108.67136232310851,14.124258009158867,293.2596245161966
kbang_01956,896500.0,1565500.0,108.6714967566258,14.132633915596506,614.2638859460031
kbang_01957,896500.0,1566500.0,108.67164167812882,14.141657141203392,621.8947045531438
kbang_01958,896500.0,1567500.0,108.67178670167928,14.150680358590117,609.2001728509398
kbang_01959,896368.4747911915,1568463.3829219968,108.6707102528386,14.159391792388607,787.8101345951247
kbang_01960,896036.370039659,1569096.1933969252,108.66773093946551,14.165148806143833,1303.1625111462174
kbang_01961,896500.0,1570587.651236783,108.67223512801145,14.178540854985746,2845.4141368556616
kbang_01962,896500.0,1571691.6250100257,108.67239569679458,14.188502212705192,3934.360335388464
kbang_01963,896500.0,1572500.0,108.67251335081254,14.195796322045016,4736.146423486199
kbang_01964,896429.0708729299,1573624.46423048,108.67202108168462,14.205952631991257,5848.222832599127
kbang_01965,896440.514347842,1574356.72775784,108.67223362724785,14.212558340593949,6579.142239925645
kbang_01966,896465.1245173138,1575277.251858881,108.67259547955923,14.220860874026883,6448.850180852983
kbang_01967,896108.2424652061,1576137.5152475948,108.66941977789422,14.228673942664912,5905.623711916727
kbang_01968,897167.6463317246,1564407.90437327,108.67751154866035,14.122685281354752,277.4092209492819
kbang_01969,897362.0890913936,1565741.1754857744,108.679502835225,14.134688067253814,947.069741218097
kbang_01970,897352.5458707965,1566267.301379202,108.67949100612479,14.139436730005865,1408.8602682111077
kbang_01971,897059.0008176194,1567672.159064644,108.67698077032793,14.152154587659908,1115.8626194633623
kbang_01972,897117.597530485,1568128.387864572,108.6775889216504,14.156262901090303,1213.9972209432817
kbang_01973,897030.94982597,1570641.5459042187,108.67715324135058,14.178951786631654,3044.0333886053095
kbang_01974,897117.5978629835,1571639.1604167651,108.67809989213207,14.187941077843144,4016.7061462308898
kbang_01975,897234.3588142003,1572343.8931379896,108.67928249734516,14.19428335416843,4725.866541019404
kbang_01976,897108.4842401241,1573235.3077129028,108.67824832467564,14.202344594778888,5561.407330635736
kbang_01977,898040.5586220725,1565128.3961047842,108.68568700416479,14.129062683183749,1226.4221961269648
