grid_id,x_utm,y_utm,centroid_lon,centroid_lat,dist_to_nearest_road_m
mangyang_00000,841917.4489915476,1526841.811615895,108.16189918806568,13.790810418281325,2105.415901204408
mangyang_00001,841975.4329558654,1527116.295008414,108.16246821781739,13.793281641907264,1827.9072616263097
mangyang_00002,841987.594562498,1529206.4573977906,108.16283511586758,13.812150783932072,190.14315833796263
mangyang_00003,842913.6845681582,1522850.011547788,108.17061564840145,13.754652880029541,3550.9084033253475
mangyang_00004,842936.8755856899,1523055.9258226359,108.17085489512577,13.756509168081614,3466.749043241023
mangyang_00005,842781.6269834664,1524667.1334820194,108.16961706433459,13.771074025330387,3088.2048225504122
mangyang_00006,842735.9966382568,1525148.9728350064,108.16925426091821,13.77542962297887,3114.804971697067
mangyang_00007,842500.0,1526762.6416645062,108.16727088433848,13.790026333238211,2221.8423859115724
mangyang_00008,842578.4866090725,1527604.128440925,108.16809848933029,13.797614136798451,1422.6404348605502
mangyang_00009,842694.0143493465,1528513.8473485904,108.16927672008732,13.805813519018239,680.5005209651438
mangyang_00010,842591.9434443722,1529479.2482486153,108.16845162861044,13.81454155787105,174.41428289489804
mangyang_00011,842901.8973195305,1530296.3113133314,108.17141501299515,13.821881161724118,0.578859655100346
mangyang_00012,843750.0,1522480.0362545152,108.17829478013199,13.751213105493177,2946.836172924896
mangyang_00013,843620.356923967,1523374.5915160934,108.17720646325884,13.759304772472253,2724.5107620534995
mangyang_00014,843753.0472794467,1524261.6848341748,108.1785402690023,13.76729778982604,2231.6766089658313
mangyang_00015,843695.2033794876,1525567.04430814,108.17816538573399,13.779089704412769,2219.4022300529477
mangyang_00016,843500.0,1526690.8842777985,108.17649956673785,13.789259236466242,2631.220957884089
mangyang_00017,843500.0,1527500.0,108.17659846371707,13.796564073898898,1970.3246465360103
mangyang_00018,843500.0,1528500.0,108.17672077166219,13.805592240834352,1390.163145531695
mangyang_00019,843500.0,1529500.0,108.17684316747976,13.814620400083143,869.1963132042965
mangyang_00020,843500.0,1530296.3113133314,108.17694069551213,13.82180961993073,420.01857659132594
mangyang_00021,843577.8588276103,1531265.542149058,108.17777881471815,13.830550648680966,268.356045223239
mangyang_00022,843811.9202318712,1532200.1766543612,108.18005602817809,13.838960578815263,33.101736319448
mangyang_00023,844474.9680266456,1514971.642522519,108.1840756697141,13.683339649650835,882.9226591989298
mangyang_00024,844678.1325583328,1515505.8648202992,108.18601648200722,13.688138553878135,718.5505043986733
mangyang_00025,844694.9956909702,1516500.0,108.18629314598027,13.697111761560668,1431.809564509985
mangyang_00026,844711.9583062984,1517500.0,108.18657154169264,13.70613789549231,2363.8104195026162
mangyang_00027,844725.7175651354,1518311.151969843,108.18679743630743,13.713459454097036,3150.652167750064
mangyang_00028,844793.0818409111,1519500.0,108.18756449653995,13.724184502079588,4308.030343234863
mangyang_00029,844863.8196821866,1520500.0,108.18833982701301,13.73320418048814,3747.4257992845814
mangyang_00030,844934.557523462,1521500.0,108.18911529497613,13.742223837991906,2815.6703993176257
mangyang_00031,844500.0,1522647.8749537577,108.18524216631687,13.752638900119932,2231.040207703157
mangyang_00032,844500.0,1523500.0,108.18534632008819,13.760331990238681,1841.7760169550645
mangyang_00033,844500.0,1524500.0,108.18546862989652,13.769360106594325,1448.7114365485936
mangyang_00034,844500.0,1525500.0,108.18559102776717,13.778388215276479,1428.2535091623126
mangyang_00035,844500.0,1526500.0,108.18571351371625,13.787416316280337,1955.588202921447
mangyang_00036,844500.0,1527500.0,108.18583608775985,13.796444409601113,1636.2544579866726
mangyang_00037,844500.0,1528500.0,108.18595874991408,13.805472495234019,2238.4421858616724
mangyang_00038,844500.0,1529500.0,108.1860815001951,13.814500573174254,1692.7896585255212
mangyang_00039,844500.0,1530500.0,108.18620433861904,13.823528643417028,1276.1499059175708
mangyang_00040,844500.0,1531500.0,108.18632726520204,13.832556705957558,587.1320125464755
mangyang_00041,844820.1127697169,1532442.0845098128,108.18940077705126,13.841023388693165,119.1896797109769
mangyang_00042,844763.1001630153,1533352.4820330183,108.18898616957044,13.849249342594458,19.686718746959418
mangyang_00043,845500.0,1515557.4961384756,108.19361132504234,13.688506832172845,374.1089539763225
mangyang_00044,845500.0,1516500.0,108.19372627240563,13.697015847407334,1289.7839543876894
mangyang_00045,845500.0,1517500.0,108.19384831762595,13.706043935871524,2285.2955704914516
mangyang_00046,845500.0,1518500.0,108.19397045105012,13.715072016689808,3282.7323322549714
mangyang_00047,845500.0,1519500.0,108.19409267269414,13.72410008985739,3657.2824961649867
mangyang_00048,845500.0,1520500.0,108.19421498257411,13.733128155369476,3551.101032599978
mangyang_00049,845500.0,1521500.0,108.19433738070609,13.742156213221254,2587.361715444574
mangyang_00050,845500.0,1522500.0,108.19445986710616,13.751184263407932,1666.9021415079978
mangyang_00051,845500.0,1523500.0,108.19458244179044,13.760212305924703,921.9597504668864
mangyang_00052,845500.0,1524500.0,108.19470510477503,13.769240340766775,633.8385809212457
mangyang_00053,845500.0,1525500.0,108.19482785607606,13.778268367929348,585.5720337516381
mangyang_00054,845500.0,1526500.0,108.19495069570965,13.787296387407622,1242.9419497158797
mangyang_00055,845500.0,1527500.0,108.19507362369198,13.796324399196797,638.8449290951312
mangyang_00056,845500.0,1528500.0,108.19519664003921,13.805352403292082,611.3450669067487
mangyang_00057,845500.0,1529500.0,108.1953197447675,13.814380399688673,876.9722846970487
mangyang_00058,845500.0,1530500.0,108.19544293789308,13.823408388381777,1269.2895099430627
mangyang_00059,845500.0,1531500.0,108.19556621943211,13.832436369366599,1041.220703476924
mangyang_00060,845500.0,1532500.0,108.19568958940084,13.841464342638345,462.32828573192245
mangyang_00061,845500.0,1533150.816336886,108.19576992810315,13.847339890986907,169.59900636606187
mangyang_00062,846500.0,1515609.127456652,108.20285087551622,13.688853580231292,515.4314897856533
mangyang_00063,846500.0,1516500.0,108.20295984079772,13.69689639001385,1286.9442791553715
mangyang_00064,846500.0,1517500.0,108.20308223740074,13.705924396771499,2260.0863408527225
mangyang_00065,846500.0,1518500.0,108.20320472246136,13.714952395877255,2377.16389930335
mangyang_00066,846500.0,1519500.0,108.2033272959957,13.723980387326321,2686.572139107975
mangyang_00067,846500.0,1520500.0,108.20344995801983,13.73300837111388,3017.3860651379046
mangyang_00068,846500.0,1521500.0,108.20357270854991,13.742036347235134,2465.421076375158
mangyang_00069,846500.0,1522500.0,108.20369554760205,13.751064315685277,1470.5179994309833
mangyang_00070,846500.0,1523500.0,108.20381847519238,13.760092276459506,496.53327125798813
mangyang_00071,846500.0,1524500.0,108.20394149133709,13.769120229553014,292.4847785278728
mangyang_00072,846500.0,1525500.0,108.20406459605235,13.778148174961,110.230595061594
mangyang_00073,846500.0,1526500.0,108.20418778935432,13.78717611267866,541.3399537877739
mangyang_00074,846500.0,1527500.0,108.20431107125921,13.79620404270119,25.382301125157746
mangyang_00075,846500.0,1528500.0,108.20443444178326,13.805231965023795,369.16782247229656
mangyang_00076,846500.0,1529500.0,108.20455790094265,13.814259879641664,15.59697855042302
mangyang_00077,846500.0,1530500.0,108.20468144875366,13.823287786550006,74.44382893708074
mangyang_00078,846500.0,1531500.0,108.20480508523251,13.832315685744012,917.5205876787991
mangyang_00079,846500.0,1532500.0,108.20492881039547,13.841343577218886,151.83312038813787
mangyang_00080,846620.8604970991,1533452.845532162,108.20616347566052,13.849931127364123,122.12927344864622
mangyang_00081,846962.4945223245,1534101.7225903247,108.20940049108631,13.855747707328497,534.6454566459339
mangyang_00082,846963.0847284889,1555756.1511476366,108.21211360442999,14.051238471485878,17.28804629247183
mangyang_00083,846956.8512179058,1556314.6406209748,108.21212634483446,14.056281095237638,170.21161869334207
mangyang_00084,847500.0,1515660.7587748286,108.21209037404604,13.689199976538498,1435.9329820069893
mangyang_00085,847500.0,1516500.0,108.21219332074827,13.69677658912877,1842.2331061058599
mangyang_00086,847500.0,1517500.0,108.21231606871791,13.70580451394502,1380.2095501222689
mangyang_00087,847500.0,1518500.0,108.21243890539893,13.714832431103375,1423.173022545189
mangyang_00088,847500.0,1519500.0,108.21256183080746,13.723860340599021,1725.1743824264315
mangyang_00089,847500.0,1520500.0,108.21268484495964,13.732888242427151,2034.7379063357846
mangyang_00090,847500.0,1521500.0,108.21280794787167,13.74191613658295,2052.946540607826
mangyang_00091,847500.0,1522500.0,108.21293113955973,13.750944023061614,1883.1578860884324
mangyang_00092,847500.0,1523500.0,108.21305442003997,13.75997190185833,1276.873418453337
mangyang_00093,847500.0,1524500.0,108.21317778932863,13.768999772968295,1258.8501093818484
mangyang_00094,847500.0,1525500.0,108.21330124744192,13.778027636386698,420.9922657329926
mangyang_00095,847500.0,1526500.0,108.21342479439608,13.787055492108728,55.3376268894829
mangyang_00096,847500.0,1527500.0,108.21354843020733,13.796083340129583,267.3931152811942
mangyang_00097,847500.0,1528500.0,108.21367215489195,13.80511118044446,698.9640366950908
mangyang_00098,847500.0,1529500.0,108.21379596846621,13.814139013048543,426.6102969665743
mangyang_00099,847500.0,1530500.0,108.21391987094638,13.82316683793703,80.11487263572177
mangyang_00100,847500.0,1531500.0,108.21404386234879,13.832194655105122,112.92191597403558
mangyang_00101,847500.0,1532500.0,108.2141679426897,13.841222464548006,395.597743682417
mangyang_00102,847500.0,1533486.6426310604,108.21429045282414,13.850129678633646,108.87941391531143
mangyang_00103,847105.8859833276,1534101.7225903247,108.21072538498117,13.855730320258973,559.5735652435037
mangyang_00104,847981.5074682131,1535656.684508495,108.21900942899154,13.869661794547332,1258.2408541735324
mangyang_00105,847896.9570989318,1550756.0885714083,108.2201189227133,14.00598482087591,80.464559084568
mangyang_00106,847931.6388948942,1551222.2711533122,108.22049828132772,14.010189079487462,56.055900419075925
mangyang_00107,847836.4504860681,1552567.6500870814,108.2197876763608,14.0223463631673,122.5645615012908
mangyang_00108,847542.4355532463,1553718.7454363066,108.21721415504723,14.032774203965008,56.515678589078874
mangyang_00109,847611.649878726,1554274.4834023695,108.21792422564391,14.03778268283089,115.81877911078536
mangyang_00110,847538.7776652267,1555256.1511476366,108.21737419654578,14.046653785914597,60.72155505221957
mangyang_00111,847500.0,1556273.4643180617,108.21714399395576,14.055842483176905,70.23513377032536
mangyang_00112,847667.6243136958,1557686.9186979732,108.21887273176557,14.068581922346635,182.80615726814344
mangyang_00113,847847.9111771047,1558616.4787747893,108.22065766634512,14.076951341440722,11.656569534713007
mangyang_00114,848500.0,1515674.9136457583,108.22132521140712,13.689207689229843,2413.8217335927966
mangyang_00115,848500.0,1516500.0,108.22142671200359,13.69665644476731,1736.720806993762
mangyang_00116,848500.0,1517500.0,108.22154981132371,13.705684287407314,449.50444685132277
mangyang_00117,848500.0,1518500.0,108.22167299960897,13.714712122383395,569.7673050360002
mangyang_00118,848500.0,1519500.0,108.22179627687554,13.72373994969074,828.7278656305572
mangyang_00119,848500.0,1520500.0,108.22191964313963,13.732767769324536,1302.3634742455213
mangyang_00120,848500.0,1521500.0,108.22204309841743,13.74179558127996,1658.0690710741062
mangyang_00121,848500.0,1522500.0,108.2221666427252,13.75082338555221,1767.067486391667
mangyang_00122,848500.0,1523500.0,108.22229027607914,13.759851182136465,1208.6122058106978
mangyang_00123,848500.0,1524500.0,108.22241399849554,13.768878971027915,477.23455184981907
mangyang_00124,848500.0,1525500.0,108.22253780999063,13.777906752221748,1824.0665997011213
mangyang_00125,848500.0,1526500.0,108.22266171058072,13.786934525713146,232.9018972125656
mangyang_00126,848500.0,1527500.0,108.22278570028207,13.795962291497304,325.18912293796694
mangyang_00127,848500.0,1528500.0,108.222909779111,13.804990049569412,1102.9605736853907
mangyang_00128,848500.0,1529500.0,108.22303394708383,13.81401779992465,33.012748558217936
mangyang_00129,848500.0,1530500.0,108.2231582042169,13.823045542558216,181.1199556646452
mangyang_00130,848500.0,1531500.0,108.22328255052652,13.8320732774653,315.7700800540657
mangyang_00131,848500.0,1532500.0,108.22340698602908,13.84110100464109,511.82406145062527
mangyang_00132,848500.0,1533500.0,108.22353151074094,13.850128724080777,72.40123809314107
mangyang_00133,848500.0,1534340.0556296112,108.22363618738574,13.85771250463608,3.5590841018232973
mangyang_00134,848661.7635796405,1535406.7775826943,108.22526389853108,13.867322836505705,449.459622530177
mangyang_00135,848968.5076545147,1536138.7664905915,108.22818966910069,13.873893565539797,369.0127498363065
mangyang_00136,848669.7765834003,1540716.8710234878,108.2260018975256,13.915259610575498,903.1418945043118
mangyang_00137,848836.2613832585,1541696.1661156132,108.22766331578096,13.924079944826072,263.83807500314686
mangyang_00138,848877.7627960637,1542103.9018656262,108.22809803429033,13.927755743323676,174.50633205774
mangyang_00139,848849.8817350133,1543804.7623208968,108.2280538707385,13.943113870687714,372.3308599487287
mangyang_00140,848871.5305959048,1544695.1368452746,108.22836585787651,13.95114916088201,162.32693450973767
mangyang_00141,848787.0192863086,1545191.3099054762,108.22764705884786,13.95563878838626,494.92529683989153
mangyang_00142,848899.0892727766,1546839.2149274528,108.22889033413598,13.970501629505673,106.04552779526558
mangyang_00143,848819.7578892626,1547500.5260468384,108.22824025052114,13.97648142359304,20.065667460681738
mangyang_00144,848771.1168000301,1548632.6901829648,108.22793321287917,13.986708107399895,17.61549939896169
mangyang_00145,848617.4999693874,1549610.3535187999,108.22663625710314,13.995552945377433,128.8589014373683
mangyang_00146,848500.0,1550608.8856121497,108.22567582555018,14.004581740159365,8.619399632646378
mangyang_00147,848500.0,1551297.7510230807,108.22576271153454,14.010800527582123,21.518818424367627
mangyang_00148,848500.0,1552567.6500870814,108.22592299412,14.02226463290076,79.75363975095756
mangyang_00149,848500.0,1553500.0,108.22604076425807,14.030681480891133,147.73468806212315
mangyang_00150,848500.0,1554500.0,108.22616716617017,14.039709036762584,44.33824364066028
mangyang_00151,848500.0,1555500.0,108.22629365765509,14.04873658479225,13.113387214740495
mangyang_00152,848500.0,1556500.0,108.22642023872947,14.057764124975328,21.843200927395927
mangyang_00153,848500.0,1557500.0,108.22654690941002,14.066791657307016,34.28110721068766
mangyang_00154,848272.5527880737,1558692.4467755025,108.22459455134722,14.077584646216634,98.2212423633173
mangyang_00155,849500.0,1515762.6352810175,108.23056904329123,13.689879200150411,1799.2749078992913
mangyang_00156,849500.0,1516500.0,108.23066001430995,13.696535956944716,1141.9829116928
mangyang_00157,849500.0,1517500.0,108.23078346496439,13.705563717173632,400.78556487311
mangyang_00158,849500.0,1518500.0,108.23090700483769,13.714591469732587,248.7049048258223
mangyang_00159,849500.0,1519500.0,108.2310306339461,13.723619214616761,15.416287388433725
mangyang_00160,849500.0,1520500.0,108.23115435230586,13.732646951821328,256.8737437008438
mangyang_00161,849500.0,1521500.0,108.23127815993324,13.741674681341477,652.1314178088214
mangyang_00162,849500.0,1522500.0,108.23140205684447,13.750702403172387,795.4740445582349
mangyang_00163,849500.0,1523500.0,108.23152604305588,13.759730117309239,899.8262509687804
mangyang_00164,849500.0,1524500.0,108.23165011858373,13.768757823747213,2.265952943811889
mangyang_00165,849500.0,1525500.0,108.23177428344437,13.7777855224815,214.1281507937881
mangyang_00166,849500.0,1526500.0,108.23189853765409,13.786813213507275,229.72338516407328
mangyang_00167,849500.0,1527500.0,108.23202288122924,13.795840896819726,241.55048947366586
mangyang_00168,849500.0,1528500.0,108.23214731418618,13.804868572414039,72.55380522202759
mangyang_00169,849500.0,1529500.0,108.23227183654124,13.813896240285391,184.83735412892966
mangyang_00170,849500.0,1530500.0,108.23239644831084,13.822923900428975,362.931837230797
mangyang_00171,849500.0,1531500.0,108.23252114951136,13.831951552839973,246.75678543604806
mangyang_00172,849500.0,1532500.0,108.23264594015917,13.840979197513569,152.2981891295399
mangyang_00173,849500.0,1533500.0,108.23277082027073,13.850006834444953,344.6203132720574
mangyang_00174,849500.0,1534500.0,108.23289578986243,13.859034463629314,420.8012492322316
mangyang_00175,849500.0,1535500.0,108.23302084895074,13.868062085061833,86.53787488137799
mangyang_00176,849585.8432573436,1536636.1280414786,108.23395626478633,13.878308107659803,921.7740950304548
mangyang_00177,849735.6017815263,1537458.9229876902,108.23544320635261,13.885717632630605,1056.9305189708336
mangyang_00178,849749.0669055937,1539720.8165670685,108.23585143126706,13.90613539282561,1497.6632005836946
mangyang_00179,849926.1737638237,1540486.0626519073,108.23758432282396,13.913021957296122,851.9362439069315
mangyang_00180,849500.0,1541663.8959507297,108.23379367712214,13.923707232814408,48.85739846980638
mangyang_00181,849629.9133251413,1542603.9018656262,108.2351125587192,13.932177239877548,823.8838101809658
mangyang_00182,849702.6478587423,1543506.159216899,108.23589835934135,13.940313468878013,1217.4703870010474
mangyang_00183,849500.0,1544500.0,108.23415041081242,13.94931032832788,152.49427289662762
mangyang_00184,849722.5265560041,1545505.4057521392,108.23633398032106,13.9583592807652,68.25777713331898
mangyang_00185,849590.1475398366,1546534.7941966222,108.235240113985,13.967668411262592,94.45586872742227
mangyang_00186,849500.0,1547500.0,108.23452854474903,13.976392935857405,6.636539068006716
mangyang_00187,849500.0,1548500.0,108.23465476879555,13.985420456078263,10.630547465057548
mangyang_00188,849500.0,1549500.0,108.2347810825703,13.99444796847995,12.468287022677508
mangyang_00189,849500.0,1550500.0,108.23490748608987,14.003475473057659,84.34871671638764
mangyang_00190,849500.0,1551500.0,108.23503397937097,14.012502969806585,85.43030008726943
mangyang_00191,849500.0,1552500.0,108.23516056243021,14.021530458721926,13.777823940938028
mangyang_00192,849500.0,1553500.0,108.23528723528433,14.030557939798873,36.14123689001911
mangyang_00193,849500.0,1554500.0,108.23541399794999,14.039585413032624,29.309837195952717
mangyang_00194,849500.0,1555500.0,108.23554085044393,14.048612878418377,105.06975614360546
mangyang_00195,849500.0,1556500.0,108.23566779278282,14.057640335951321,63.27087435143664
mangyang_00196,849500.0,1557254.6120699083,108.23576364449382,14.06445255916459,0.9385545184541026
mangyang_00197,849348.5329254922,1558234.2408485916,108.2344873652593,14.073314897307274,3.156545932630731
mangyang_00198,850050.6936422166,1515762.6352810175,108.23565358352766,13.689812735163368,1643.615948196534
mangyang_00199,850156.8583940405,1516259.7344315345,108.23669523483885,13.694287578567028,1135.334069597244
mangyang_00200,850500.0,1517530.8799295905,108.24002085380641,13.705721577185262,139.53768377491784
mangyang_00201,850500.0,1518500.0,108.24014092083132,13.71447047316627,667.9653684610659
mangyang_00202,850500.0,1519500.0,108.24026490176534,13.723498135392406,889.4352959062076
mangyang_00203,850500.0,1520500.0,108.24038897220451,13.732525789932872,407.0827522996119
mangyang_00204,850500.0,1521500.0,108.24051313216516,13.741553436782844,51.06812699440519
mangyang_00205,850500.0,1522500.0,108.24063738166359,13.750581075937504,153.29818644256656
mangyang_00206,850500.0,1523500.0,108.24076172071615,13.75960870739202,492.91853225629933
mangyang_00207,850500.0,1524500.0,108.24088614933918,13.768636331141579,121.34187430196508
mangyang_00208,850500.0,1525500.0,108.241010667549,13.777663947181352,92.17877796434753
mangyang_00209,850500.0,1526500.0,108.24113527536204,13.786691555506522,5.394361365250811
mangyang_00210,850500.0,1527500.0,108.24125997279464,13.795719156112266,275.1969090877654
mangyang_00211,850500.0,1528500.0,108.2413847598632,13.804746748993766,26.77312776940011
mangyang_00212,850500.0,1529500.0,108.24150963658414,13.813774334146201,190.37574784236162
mangyang_00213,850500.0,1530500.0,108.24163460297387,13.822801911564751,879.6471696269447
mangyang_00214,850500.0,1531500.0,108.24175965904887,13.831829481244597,112.59858072327668
mangyang_00215,850500.0,1532500.0,108.24188480482553,13.840857043180916,437.8568584745057
mangyang_00216,850500.0,1533500.0,108.24201004032035,13.849884597368897,155.11401448530657
mangyang_00217,850500.0,1534500.0,108.24213536554979,13.858912143803721,36.594322165770706
mangyang_00218,850500.0,1535500.0,108.24226078053034,13.867939682480566,936.8927099244601
mangyang_00219,850500.0,1536500.0,108.24238628527853,13.87696721339462,178.03278141681434
mangyang_00220,850500.0,1537469.183335944,108.24250800806539,13.885716538509048,737.4179581193973
mangyang_00221,850845.0954470085,1538538.8938612025,108.24583146555928,13.895330958404175,1372.5288198812818
mangyang_00222,850500.0,1539747.0605524727,108.24279442596325,13.90628009932753,1786.8988095733769
mangyang_00223,850500.0,1540500.0,108.24288920227794,13.913077259326572,1261.8664209598423
mangyang_00224,850500.0,1541500.0,108.24301515611224,13.922104751354425,562.1251293551422
mangyang_00225,850500.0,1542500.0,108.24314119981342,13.93113223559059,117.62059017025733
mangyang_00226,850500.0,1543500.0,108.24326733339812,13.940159712030251,440.3365003776293
mangyang_00227,850500.0,1544500.0,108.24339355688295,13.949187180668602,333.1800043499096
mangyang_00228,850500.0,1545500.0,108.24351987028452,13.958214641500826,665.7260869933473
mangyang_00229,850500.0,1546500.0,108.24364627361948,13.967242094522115,13.914771859584452
mangyang_00230,850500.0,1547500.0,108.24377276690446,13.976269539727653,226.89718134029926
mangyang_00231,850500.0,1548500.0,108.24389935015613,13.985296977112625,64.29911629313003
mangyang_00232,850500.0,1549500.0,108.24402602339117,13.99432440667223,170.76543330550177
mangyang_00233,850500.0,1550500.0,108.24415278662627,14.003351828401648,99.42773882043515
mangyang_00234,850500.0,1551500.0,108.24427963987814,14.01237924229607,32.49692525242443
mangyang_00235,850500.0,1552500.0,108.24440658316348,14.021406648350693,22.584308316356896
mangyang_00236,850500.0,1553500.0,108.24453361649903,14.0304340465607,137.8993842665428
mangyang_00237,850500.0,1554500.0,108.24466073990155,14.039461436921282,32.67021325980044
mangyang_00238,850500.0,1555500.0,108.24478795338776,14.048488819427636,16.634494985178012
mangyang_00239,850500.0,1556500.0,108.24491525697447,14.05751619407495,33.792444938540456
mangyang_00240,850500.0,1557277.817720876,108.24501433826714,14.064537840611727,169.24334895583942
mangyang_00241,850934.1223195525,1566872.297281566,108.25025714139734,14.151095966168498,1232.3113026291005
mangyang_00242,850986.6936635654,1567043.2765823796,108.25076545180465,14.152632849219001,1250.6864994420305
mangyang_00243,851209.5300430823,1517456.7473786492,108.24656309910371,13.704966334758074,803.8764918743383
mangyang_00244,851500.0,1518500.0,108.24937474733608,13.714349132699803,387.79246370091664
mangyang_00245,851500.0,1519500.0,108.24949908007939,13.723376712033055,1009.1332287322331
mangyang_00246,851500.0,1520500.0,108.24962350258168,13.732404283674548,686.1192442064489
mangyang_00247,851500.0,1521500.0,108.2497480148593,13.741431847619463,97.76278286500863
mangyang_00248,851500.0,1522500.0,108.2498726169286,13.750459403862967,187.54440178800922
mangyang_00249,851500.0,1523500.0,108.24999730880597,13.759486952400229,150.261603946884
mangyang_00250,851500.0,1524500.0,108.25012209050779,13.76851449322643,168.9366851174413
mangyang_00251,851500.0,1525500.0,108.25024696205047,13.777542026336743,311.3540704428926
mangyang_00252,851500.0,1526500.0,108.25037192345042,13.786569551726334,381.79609892526713
mangyang_00253,851500.0,1527500.0,108.25049697472406,13.795597069390386,244.64164742853268
mangyang_00254,851500.0,1528500.0,108.25062211588785,13.804624579324074,55.60597723502262
mangyang_00255,851500.0,1529500.0,108.25074734695824,13.813652081522562,61.48991496895356
mangyang_00256,851500.0,1530500.0,108.25087266795168,13.822679575981038,168.90582370711053
mangyang_00257,851500.0,1531500.0,108.25099807888469,13.831707062694672,754.8167882166874
mangyang_00258,851500.0,1532500.0,108.25112357977375,13.840734541658646,242.77947892213209
mangyang_00259,851500.0,1533500.0,108.25124917063536,13.849762012868133,318.94336307621984
mangyang_00260,851500.0,1534500.0,108.25137485148603,13.85878947631831,35.83108129193436
mangyang_00261,851500.0,1535500.0,108.25150062234233,13.86781693200436,39.497553933892625
mangyang_00262,851500.0,1536500.0,108.2516264832208,13.876844379921454,284.77651625714407
mangyang_00263,851500.0,1537500.0,108.251752434138,13.885871820064775,343.7907606726484
mangyang_00264,851500.0,1538500.0,108.25187847511049,13.894899252429502,966.6864815853951
mangyang_00265,851500.0,1539500.0,108.25200460615487,13.903926677010814,1888.4032033518658
mangyang_00266,851500.0,1540500.0,108.25213082728776,13.91295409380389,1135.5469281109868
mangyang_00267,851500.0,1541500.0,108.25225713852574,13.921981502803916,1261.3464393119996
mangyang_00268,851500.0,1542500.0,108.25238353988547,13.93100890400607,214.23369556614816
mangyang_00269,851500.0,1543500.0,108.2525100313836,13.940036297405529,163.47169834634767
mangyang_00270,851500.0,1544500.0,108.25263661303674,13.949063682997481,113.64022352714164
mangyang_00271,851500.0,1545500.0,108.2527632848616,13.958091060777107,493.4729607085372
mangyang_00272,851500.0,1546500.0,108.25289004687485,13.967118430739585,333.35443575022964
mangyang_00273,851500.0,1547500.0,108.2530168990932,13.976145792880107,51.601293390428594
mangyang_00274,851500.0,1548500.0,108.25314384153334,13.985173147193848,70.62265673592337
mangyang_00275,851500.0,1549500.0,108.25327087421199,13.994200493675997,51.52888459406199
mangyang_00276,851500.0,1550500.0,108.25339799714592,14.003227832321738,48.24967508239082
mangyang_00277,851500.0,1551500.0,108.25352521035184,14.012255163126255,108.1142368556858
mangyang_00278,851500.0,1552500.0,108.25365251384655,14.021282486084734,14.889212305612764
mangyang_00279,851500.0,1553500.0,108.2537799076468,14.030309801192361,16.71811606032816
mangyang_00280,851500.0,1554500.0,108.25390739176939,14.039337108444322,23.45306414875097
mangyang_00281,851500.0,1555500.0,108.25403496623112,14.048364407835805,42.85568724467083
mangyang_00282,851500.0,1556500.0,108.25416263104881,14.057391699361997,135.90596323511863
mangyang_00283,851500.0,1557495.305319435,108.25428978625834,14.06637660282334,995.7043990400446
mangyang_00284,851924.7451292911,1558136.6176956743,108.25829976564255,14.072112864252425,1573.839208416267
mangyang_00285,851864.3314000084,1559622.579937409,108.25793135425006,14.085534548310125,2602.5364978313914
mangyang_00286,851759.6151584581,1560344.566164518,108.25705539351834,14.092065184055818,2923.997394114193
mangyang_00287,851996.2509479432,1561005.5503365095,108.25932874625818,14.098002420165281,3337.051879634837
mangyang_00288,851939.8923506489,1562838.7421818622,108.25904279844845,14.114558081375861,1628.5479400025354
mangyang_00289,851934.5057120508,1563069.5641802507,108.25902262367575,14.116642433067977,1427.5333632077284
mangyang_00290,851914.9138511715,1566607.2347388458,108.25929640283574,14.148580103720098,228.32320624903534
mangyang_00291,851585.8734507957,1567365.841869493,108.25635008451606,14.155469528265854,1029.6420495927705
mangyang_00292,851982.6408755921,1570339.1153028295,108.26040423985879,14.182259848302948,3393.630018183168
mangyang_00293,851973.2830553983,1572894.5742611461,108.26064795386694,14.205329483983657,1782.5004735564248
mangyang_00294,852749.9999999998,1517691.6751283947,108.26081611335783,13.706899835023723,1112.3438235859983
mangyang_00295,852500.0,1518500.0,108.25860848409819,13.714227448348588,325.3272121613742
mangyang_00296,852500.0,1519500.0,108.25873316863448,13.723254944554114,39.90231287911495
mangyang_00297,852500.0,1520500.0,108.25885794318354,13.732282433061783,466.0650791294637
mangyang_00298,852500.0,1521500.0,108.25898280776177,13.741309913866763,975.0191892114
mangyang_00299,852500.0,1522500.0,108.25910776238557,13.750337386964219,285.15444554030444
mangyang_00300,852500.0,1523500.0,108.25923280707134,13.759364852349327,10.444739247429077
mangyang_00301,852500.0,1524500.0,108.25935794183556,13.768392310017246,105.50179909497186
mangyang_00302,852500.0,1525500.0,108.25948316669465,13.77741975996315,193.49226433789613
mangyang_00303,852500.0,1526500.0,108.2596084816651,13.78644720218221,10.025071721888656
mangyang_00304,852500.0,1527500.0,108.25973388676333,13.79547463666959,158.235768412599
mangyang_00305,852500.0,1528500.0,108.2598593820059,13.804502063420466,172.30186540285416
mangyang_00306,852500.0,1529500.0,108.25998496740927,13.813529482430006,146.89885391164745
mangyang_00307,852500.0,1530500.0,108.26011064298994,13.822556893693383,560.5573375947857
mangyang_00308,852500.0,1531500.0,108.26023640876448,13.831584297205762,383.1915658215789
mangyang_00309,852500.0,1532500.0,108.2603622647494,13.840611692962321,292.1595939781101
mangyang_00310,852500.0,1533500.0,108.26048821096128,13.849639080958234,116.47286571812617
mangyang_00311,852500.0,1534500.0,108.26061424741668,13.85866646118867,0.5443356474389706
mangyang_00312,852500.0,1535500.0,108.26074037413217,13.867693833648806,50.390972476303006
mangyang_00313,852500.0,1536500.0,108.26086659112435,13.876721198333811,98.8096652367286
mangyang_00314,852500.0,1537500.0,108.26099289840984,13.885748555238859,312.93128763648144
mangyang_00315,852500.0,1538500.0,108.26111929600528,13.894775904359134,1044.7418011263924
mangyang_00316,852500.0,1539500.0,108.26124578392725,13.9038032456898,1043.4393033130366
mangyang_00317,852500.0,1540500.0,108.26137236219245,13.912830579226032,782.4746757896658
mangyang_00318,852500.0,1541500.0,108.26149903081752,13.921857904963018,16.932172125890993
mangyang_00319,852500.0,1542500.0,108.26162578981915,13.930885222895926,500.52041686664063
mangyang_00320,852500.0,1543500.0,108.26175263921401,13.939912533019928,46.375168076077664
mangyang_00321,852500.0,1544500.0,108.26187957901882,13.94893983533021,114.01858540635263
mangyang_00322,852500.0,1545500.0,108.26200660925029,13.957967129821945,69.8370105767735
mangyang_00323,852500.0,1546500.0,108.26213372992514,13.966994416490314,178.82311181862985
mangyang_00324,852500.0,1547500.0,108.26226094106013,13.976021695330495,51.90863073144228
mangyang_00325,852500.0,1548500.0,108.26238824267202,13.985048966337665,68.74510043391192
mangyang_00326,852500.0,1549500.0,108.26251563477756,13.994076229507005,0.7223393331507726
mangyang_00327,852500.0,1550500.0,108.26264311739355,14.003103484833694,8.896106865954225
mangyang_00328,852500.0,1551500.0,108.26277069053678,14.012130732312913,18.179987072864574
mangyang_00329,852500.0,1552500.0,108.26289835422406,14.021157971939843,12.111743754716695
mangyang_00330,852500.0,1553500.0,108.26302610847222,14.030185203709662,181.12233231118452
mangyang_00331,852500.0,1554500.0,108.2631539532981,14.039212427617555,92.34892367315835
mangyang_00332,852500.0,1555500.0,108.26328188871854,14.048239643658707,89.13574436654437
mangyang_00333,852500.0,1556500.0,108.2634099147504,14.057266851828295,409.16978294320893
mangyang_00334,852500.0,1557500.0,108.26353803141058,14.066294052121501,1071.4892798424682
mangyang_00335,852612.3683649905,1558368.905448691,108.26468859869647,14.074123760745994,1913.0846474891923
mangyang_00336,852500.0,1559683.090523311,108.26381803664606,14.086001220143919,2440.660964015496
mangyang_00337,852500.0,1560500.0,108.26392292532994,14.093375605694686,2010.9008057235255
mangyang_00338,852634.065870451,1561446.6227229359,108.26528452280333,14.101904108952256,1736.460840354173
mangyang_00339,852561.1964197482,1562513.3055739542,108.26474771700325,14.111542364369358,1735.4817315290954
mangyang_00340,852750.0,1563265.4355396994,108.26659086749765,14.118308231375044,960.6710410110637
mangyang_00341,852787.9312356524,1564500.0,108.26710078673815,14.129448027886822,188.20558489798984
mangyang_00342,852624.6541028824,1565313.2150125192,108.26569526034528,14.136809558005854,288.1650524178586
mangyang_00343,852500.0,1566734.9374572798,108.26472546679793,14.149659309157526,248.13923348086013
mangyang_00344,852500.0,1567307.7913162408,108.26479937973343,14.154830530312308,816.2103394176764
mangyang_00345,852761.5508739873,1568368.194536117,108.26735602428764,14.164369940196565,1901.5758007295321
mangyang_00346,852679.4978064876,1569622.6020799135,108.26675906623578,14.175703936898158,3206.2937664516676
mangyang_00347,852500.0,1570295.1137016113,108.26518530441757,14.181797409054413,3007.1223870254494
mangyang_00348,852667.2930892425,1571417.4816403557,108.26687841415998,14.191907997121298,2144.7793757072072
mangyang_00349,852617.9989555229,1572588.2145440902,108.26657394814664,14.202482513837186,1592.6023363237382
mangyang_00350,852673.8727325608,1573566.7518211543,108.26721780940646,14.21130876349449,814.5376385020396
mangyang_00351,852903.6133694248,1574708.666909956,108.26949193869063,14.221587791907952,589.974378457365
mangyang_00352,852901.1073502417,1575450.8117400312,108.26956515672735,14.228287468221518,1288.8523744959177
mangyang_00353,853943.2498319044,1516912.640282114,108.27173637483757,13.699721512608924,1793.6576352239167
mangyang_00354,853535.2294676176,1517509.0600767746,108.26804359896097,13.705155486398333,1776.7144013890165
mangyang_00355,853500.0,1518500.0,108.26784213086393,13.714105420128073,1672.4038716392545
mangyang_00356,853500.0,1519500.0,108.2679671671768,13.723132832971048,756.5627848627335
mangyang_00357,853500.0,1520500.0,108.26809229375623,13.732160238110042,46.11735508991938
mangyang_00358,853500.0,1521500.0,108.26821751061864,13.741187635540227,350.1080002084858
mangyang_00359,853500.0,1522500.0,108.2683428177805,13.750215025256763,298.6303824925192
mangyang_00360,853500.0,1523500.0,108.26846821525828,13.759242407254812,393.21231255976664
mangyang_00361,853500.0,1524500.0,108.26859370306845,13.768269781529535,612.2803815980978
mangyang_00362,853500.0,1525500.0,108.2687192812275,13.777297148076107,289.57645779880335
mangyang_00363,853500.0,1526500.0,108.26884494975195,13.786324506889681,457.0487178459472
mangyang_00364,853500.0,1527500.0,108.26897070865833,13.795351857965425,184.25626681920147
mangyang_00365,853500.0,1528500.0,108.26909655796314,13.804379201298511,202.9298650261863
mangyang_00366,853500.0,1529500.0,108.26922249768296,13.813406536884099,370.9864357873794
mangyang_00367,853500.0,1530500.0,108.26934852783435,13.822433864717356,206.27161151013016
mangyang_00368,853500.0,1531500.0,108.26947464843387,13.831461184793453,161.6652606696148
mangyang_00369,853500.0,1532500.0,108.26960085949811,13.840488497107549,192.57619800833166
mangyang_00370,853500.0,1533500.0,108.26972716104369,13.849515801654817,297.90708943611133
mangyang_00371,853500.0,1534500.0,108.26985355308722,13.858543098430427,400.79342878278527
mangyang_00372,853500.0,1535500.0,108.26998003564529,13.86757038742955,55.22377862868939
mangyang_00373,853500.0,1536500.0,108.2701066087346,13.876597668647344,78.74455014905539
mangyang_00374,853500.0,1537500.0,108.27023327237177,13.885624942078985,194.90916174310684
mangyang_00375,853500.0,1538500.0,108.27036002657348,13.894652207719648,567.3776598400203
mangyang_00376,853500.0,1539500.0,108.27048687135643,13.903679465564494,862.681299567345
mangyang_00377,853500.0,1540500.0,108.27061380673727,13.912706715608696,284.10050291765
mangyang_00378,853500.0,1541500.0,108.27074083273274,13.921733957847431,339.0840473810142
mangyang_00379,853500.0,1542500.0,108.27086794935958,13.930761192275869,126.76877900662208
mangyang_00380,853500.0,1543500.0,108.2709951566345,13.939788418889176,162.60749830171252
mangyang_00381,853500.0,1544500.0,108.27112245457423,13.948815637682529,151.62862894026284
mangyang_00382,853500.0,1545500.0,108.27124984319558,13.957842848651103,111.43586923924656
mangyang_00383,853500.0,1546500.0,108.2713773225153,13.966870051790062,632.893651329255
mangyang_00384,853500.0,1547500.0,108.2715048925502,13.975897247094595,354.3734643302587
mangyang_00385,853500.0,1548500.0,108.27163255331705,13.984924434559863,27.1543938945553
mangyang_00386,853500.0,1549500.0,108.27176030483268,13.993951614181048,14.411339860509145
mangyang_00387,853500.0,1550500.0,108.27188814711394,14.002978785953324,128.42349122096917
mangyang_00388,853500.0,1551500.0,108.27201608017766,14.012005949871863,19.171807530844816
mangyang_00389,853500.0,1552500.0,108.2721441040407,14.021033105931844,34.21296722456075
mangyang_00390,853500.0,1553500.0,108.27227221871993,14.030060254128443,35.14589069461992
mangyang_00391,853500.0,1554500.0,108.27240042423223,14.039087394456836,122.12286737882698
mangyang_00392,853500.0,1555500.0,108.27252872059451,14.048114526912205,317.9241332815604
mangyang_00393,853500.0,1556500.0,108.27265710782368,14.057141651489719,1408.2584942125634
mangyang_00394,853500.0,1557500.0,108.27278558593665,14.06616876818456,2224.528381124775
mangyang_00395,853500.0,1558500.0,108.27291415495037,14.075195876991913,1152.9413564750469
mangyang_00396,853500.0,1559500.0,108.27304281488179,14.084222977906952,2216.3286384058447
mangyang_00397,853500.0,1560500.0,108.27317156574789,14.093250070924851,1149.8913482540936
mangyang_00398,853500.0,1561500.0,108.27330040756561,14.102277156040799,892.9051912862504
mangyang_00399,853500.0,1562500.0,108.273429340352,14.111304233249971,1511.6716433364224
mangyang_00400,853500.0,1563721.8871530625,108.27358700517725,14.122334292181508,369.2010133740601
mangyang_00401,853500.0,1564500.0,108.27368747889872,14.129358363928718,263.39010175381543
mangyang_00402,853500.0,1565500.0,108.27381668469312,14.138385417388657,729.4064272606216
mangyang_00403,853500.0,1566500.0,108.27394598152426,14.147412462922546,1031.0421313989098
mangyang_00404,853500.0,1567500.0,108.27407536940923,14.15643950052557,1294.0286409498287
mangyang_00405,853500.0,1568500.0,108.27420484836506,14.165466530192912,1938.6328591149775
mangyang_00406,853500.0,1569500.0,108.27433441840887,14.174493551919754,1994.4438961721494
mangyang_00407,853500.0,1570500.0,108.27446407955776,14.183520565701283,1711.6720190330786
mangyang_00408,853500.0,1571500.0,108.27459383182885,14.192547571532678,1507.6004269345153
mangyang_00409,853500.0,1572500.0,108.27472367523924,14.201574569409132,812.9057123764849
mangyang_00410,853500.0,1573500.0,108.2748536098061,14.210601559325822,430.3415051489213
mangyang_00411,853500.0,1574500.0,108.27498363554659,14.219628541277935,381.34781222026066
mangyang_00412,853500.0,1575371.176646316,108.27509698526073,14.227492630645955,1202.128650791183
mangyang_00413,853811.7653281314,1576197.231153998,108.2780896979004,14.234909778083098,2017.6099549627693
mangyang_00414,854750.0,1516440.4371319646,108.27912592197531,13.695360068040841,1385.229005230986
mangyang_00415,854500.0,1517500.0,108.27695038981034,13.704955711102881,529.0296047592531
mangyang_00416,854500.0,1518500.0,108.27707568737954,13.713983048053752,698.7437891004752
mangyang_00417,854500.0,1519500.0,108.27720107545258,13.723010377299353,422.62771090705456
mangyang_00418,854500.0,1520500.0,108.27732655404594,13.732037698834842,464.95809428449877
mangyang_00419,854500.0,1521500.0,108.2774521231761,13.74106501265538,218.8570760967027
mangyang_00420,854500.0,1522500.0,108.27757778285957,13.750092318756124,179.17701368342134
mangyang_00421,854500.0,1523500.0,108.27770353311284,13.759119617132228,115.9025882673169
mangyang_00422,854500.0,1524500.0,108.27782937395246,13.768146907778858,246.59203086226051
mangyang_00423,854500.0,1525500.0,108.27795530539497,13.777174190691172,56.28339781916301
mangyang_00424,854500.0,1526500.0,108.27808132745692,13.786201465864327,146.75653957972554
mangyang_00425,854500.0,1527500.0,108.27820744015486,13.795228733293484,64.84768562569816
mangyang_00426,854500.0,1528500.0,108.27833364350539,13.804255992973808,352.27036278885646
mangyang_00427,854500.0,1529500.0,108.27845993752511,13.813283244900457,108.47661657556841
mangyang_00428,854500.0,1530500.0,108.27858632223062,13.82231048906859,925.8851994886194
mangyang_00429,854500.0,1531500.0,108.27871279763853,13.831337725473377,490.17544382677414
mangyang_00430,854500.0,1532500.0,108.27883936376551,13.840364954109972,1.5792496838936436
mangyang_00431,854500.0,1533500.0,108.27896602062816,13.849392174973543,430.25783249932977
mangyang_00432,854500.0,1534500.0,108.27909276824317,13.858419388059248,74.95091902407592
mangyang_00433,854500.0,1535500.0,108.27921960662722,13.867446593362263,256.06944506257264
mangyang_00434,854500.0,1536500.0,108.27934653579699,13.876473790877743,75.44904385908717
mangyang_00435,854500.0,1537500.0,108.27947355576917,13.885500980600852,488.4540293600989
mangyang_00436,854500.0,1538500.0,108.27960066656048,13.894528162526756,56.64300050444247
mangyang_00437,854500.0,1539500.0,108.27972786818768,13.903555336650626,42.05461546633379
mangyang_00438,854500.0,1540500.0,108.27985516066747,13.912582502967616,72.46619939182852
mangyang_00439,854500.0,1541500.0,108.27998254401663,13.921609661472912,39.73460497680741
mangyang_00440,854500.0,1542500.0,108.28011001825193,13.930636812161664,399.11976164811404
mangyang_00441,854500.0,1543500.0,108.28023758339015,13.939663955029042,423.520145039759
mangyang_00442,854500.0,1544500.0,108.28036523944806,13.948691090070225,402.03784066363494
mangyang_00443,854500.0,1545500.0,108.2804929864425,13.957718217280364,32.82170489269602
mangyang_00444,854500.0,1546500.0,108.2806208243903,13.966745336654641,542.4307811766033
mangyang_00445,854500.0,1547500.0,108.28074875330827,13.975772448188222,33.465017089645805
mangyang_00446,854500.0,1548500.0,108.28087677321328,13.984799551876273,216.40861363626894
mangyang_00447,854500.0,1549500.0,108.2810048841222,13.993826647713972,37.192940446548
mangyang_00448,854500.0,1550500.0,108.28113308605188,14.002853735696478,238.18754134603972
mangyang_00449,854500.0,1551500.0,108.28126137901923,14.011880815818968,56.273553848533425
mangyang_00450,854500.0,1552500.0,108.28138976304115,14.020907888076614,122.7827761213866
mangyang_00451,854500.0,1553500.0,108.28151823813457,14.029934952464586,5.229451358922872
mangyang_00452,854500.0,1554500.0,108.28164680431641,14.038962008978059,95.53400327506841
mangyang_00453,854500.0,1555500.0,108.28177546160362,14.047989057612204,14.318510779978187
mangyang_00454,854500.0,1556500.0,108.28190421001314,14.05701609836219,830.4464865437362
mangyang_00455,854500.0,1557500.0,108.28203304956196,14.066043131223195,1339.2424960494106
mangyang_00456,854500.0,1558500.0,108.28216198026708,14.075070156190394,164.9089996923108
mangyang_00457,854500.0,1559500.0,108.28229100214548,14.084097173258959,807.3948233439285
mangyang_00458,854500.0,1560500.0,108.28242011521418,14.093124182424063,802.1435480680998
mangyang_00459,854500.0,1561500.0,108.2825493194902,14.102151183680885,108.06457261304364
mangyang_00460,854500.0,1562500.0,108.28267861499059,14.111178177024597,960.3196544658686
mangyang_00461,854500.0,1563500.0,108.2828080017324,14.120205162450377,140.62384734570858
mangyang_00462,854500.0,1564500.0,108.2829374797327,14.129232139953404,664.2016962589751
mangyang_00463,854500.0,1565500.0,108.28306704900857,14.138259109528851,195.67570113535058
mangyang_00464,854500.0,1566500.0,108.2831967095771,14.1472860711719,374.96498296600697
mangyang_00465,854500.0,1567500.0,108.2833264614554,14.156313024877724,543.739668358287
mangyang_00466,854500.0,1568500.0,108.2834563046606,14.1653399706415,1294.9002104909919
mangyang_00467,854500.0,1569500.0,108.28358623920982,14.174366908458412,1091.4989155085427
mangyang_00468,854500.0,1570500.0,108.28371626512023,14.183393838323644,717.3966225817363
mangyang_00469,854500.0,1571500.0,108.283846382409,14.192420760232357,723.0265067873913
mangyang_00470,854500.0,1572500.0,108.28397659109326,14.201447674179752,142.28868529224542
mangyang_00471,854500.0,1573500.0,108.28410689119026,14.210474580160998,364.65824745179503
mangyang_00472,854500.0,1574500.0,108.28423728271716,14.219501478171276,822.0669764404885
mangyang_00473,854500.0,1575500.0,108.2843677656912,14.228528368205772,1528.2780288792947
mangyang_00474,854303.2309966022,1576307.0117145139,108.28265217977041,14.235838228568621,2202.9098134406713
mangyang_00475,855829.7420083468,1515431.3852302367,108.28896815917888,13.686118690417992,219.9940712833641
mangyang_00476,855500.0,1516527.7968498506,108.28606143491376,13.696056747702878,481.64784899160884
mangyang_00477,855500.0,1517500.0,108.28618350433214,13.704833079016309,358.6111116830662
mangyang_00478,855500.0,1518500.0,108.28630915339133,13.713860332141149,236.6597632151804
mangyang_00479,855500.0,1519500.0,108.28643489320805,13.722887577554577,496.1374870939004
mangyang_00480,855500.0,1520500.0,108.28656072379884,13.731914815251736,439.777904158305
mangyang_00481,855500.0,1521500.0,108.28668664518024,13.740942045227786,399.1736563477249
mangyang_00482,855500.0,1522500.0,108.2868126573688,13.749969267477884,59.58210826155087
mangyang_00483,855500.0,1523500.0,108.28693876038105,13.758996481997174,705.6832443149841
mangyang_00484,855500.0,1524500.0,108.28706495423359,13.768023688780817,26.044733578404184
mangyang_00485,855500.0,1525500.0,108.28719123894298,13.777050887823965,318.6264380150685
mangyang_00486,855500.0,1526500.0,108.28731761452585,13.786078079121776,119.8768364751926
mangyang_00487,855500.0,1527500.0,108.2874440809988,13.795105262669402,212.24879193493646
mangyang_00488,855500.0,1528500.0,108.28757063837845,13.804132438462005,656.3351493670349
mangyang_00489,855500.0,1529500.0,108.28769728668146,13.813159606494738,52.600011440868066
mangyang_00490,855500.0,1530500.0,108.28782402592448,13.822186766762753,412.3897904556318
mangyang_00491,855500.0,1531500.0,108.28795085612416,13.83121391926122,39.32819402342456
mangyang_00492,855500.0,1532500.0,108.28807777729719,13.840241063985284,150.78013779484695
mangyang_00493,855500.0,1533500.0,108.28820478946028,13.84926820093011,93.47224471962268
mangyang_00494,855500.0,1534500.0,108.28833189263011,13.858295330090854,122.20770512880847
mangyang_00495,855500.0,1535500.0,108.28845908682342,13.86732245146268,200.53558112171015
mangyang_00496,855500.0,1536500.0,108.28858637205695,13.876349565040744,38.50893471483942
mangyang_00497,855500.0,1537500.0,108.28871374834742,13.885376670820204,100.90819524954534
mangyang_00498,855500.0,1538500.0,108.28884121571163,13.894403768796224,298.18291325917306
mangyang_00499,855500.0,1539500.0,108.28896877416634,13.903430858963963,241.93481431287245
mangyang_00500,855500.0,1540500.0,108.28909642372831,13.912457941318584,218.4639109819454
mangyang_00501,855500.0,1541500.0,108.28922416441439,13.921485015855248,215.3266549748614
mangyang_00502,855500.0,1542500.0,108.28935199624136,13.930512082569118,974.7966103100041
mangyang_00503,855500.0,1543500.0,108.28947991922607,13.939539141455352,1815.643694206222
mangyang_00504,855500.0,1544500.0,108.28960793338537,13.94856619250912,462.1985668661984
mangyang_00505,855500.0,1545500.0,108.28973603873608,13.957593235725582,141.9184939660064
mangyang_00506,855500.0,1546500.0,108.28986423529511,13.966620271099897,255.25606624546782
mangyang_00507,855500.0,1547500.0,108.28999252307933,13.97564729862724,60.78522341760789
mangyang_00508,855500.0,1548500.0,108.29012090210563,13.98467431830277,356.66057199637055
mangyang_00509,855500.0,1549500.0,108.29024937239093,13.993701330121652,169.76204207380644
mangyang_00510,855500.0,1550500.0,108.29037793395216,14.002728334079054,73.96554473644817
mangyang_00511,855500.0,1551500.0,108.29050658680623,14.011755330170137,80.20935346150249
mangyang_00512,855500.0,1552500.0,108.29063533097012,14.020782318390074,68.73053698851494
mangyang_00513,855500.0,1553500.0,108.29076416646079,14.029809298734024,159.9570448513335
mangyang_00514,855500.0,1554500.0,108.29089309329521,14.038836271197166,80.05562089107818
mangyang_00515,855500.0,1555500.0,108.29102211149038,14.04786323577466,23.45107492120562
mangyang_00516,855500.0,1556500.0,108.29115122106332,14.056890192461672,93.65636097397321
mangyang_00517,855500.0,1557500.0,108.29128042203101,14.065917141253378,424.39496855366565
mangyang_00518,855500.0,1558500.0,108.2914097144105,14.074944082144942,471.52836639101304
mangyang_00519,855500.0,1559500.0,108.29153909821888,14.083971015131537,11.992612129858573
mangyang_00520,855500.0,1560500.0,108.29166857347316,14.092997940208328,137.10429639586133
mangyang_00521,855500.0,1561500.0,108.29179814019042,14.10202485737049,526.1486515724631
mangyang_00522,855500.0,1562500.0,108.29192779838776,14.111051766613192,202.6515604357455
mangyang_00523,855500.0,1563500.0,108.29205754808228,14.120078667931608,37.43901831920799
mangyang_00524,855500.0,1564500.0,108.2921873892911,14.129105561320905,314.78632542305706
mangyang_00525,855500.0,1565500.0,108.29231732203134,14.13813244677626,100.48512860481692
mangyang_00526,855500.0,1566500.0,108.29244734632015,14.147159324292842,106.88987080754447
mangyang_00527,855500.0,1567500.0,108.29257746217468,14.156186193865826,105.09997200124052
mangyang_00528,855500.0,1568500.0,108.2927076696121,14.165213055490387,306.52786257135915
mangyang_00529,855500.0,1569500.0,108.2928379686496,14.174239909161694,172.25383989373032
mangyang_00530,855500.0,1570500.0,108.29296835930437,14.18326675487493,87.57599168561052
mangyang_00531,855500.0,1571500.0,108.29309884159362,14.192293592625258,287.04340157073955
mangyang_00532,855500.0,1572500.0,108.29322941553458,14.201320422407866,516.964444182255
mangyang_00533,855500.0,1573500.0,108.2933600811445,14.21034724421792,1251.2517178069634
mangyang_00534,855500.0,1574500.0,108.2934908384406,14.219374058050601,1623.1528287742547
mangyang_00535,855500.0,1575296.2267791776,108.29359501647782,14.226561443246979,2086.4097675115527
mangyang_00536,855027.3800908139,1576033.4196153956,108.28931785380712,14.233276262774181,2262.1796929648085
mangyang_00537,856622.0317762283,1514781.2483388179,108.29620102351927,13.680152430945219,639.4939471595279
mangyang_00538,856500.0,1515526.3411331372,108.29516811305203,13.68689352844757,443.1304917968936
mangyang_00539,856500.0,1516500.0,108.29529061857492,13.695682926565043,110.72956413238163
mangyang_00540,856500.0,1517500.0,108.2954165281129,13.70471010334181,278.9279772534637
mangyang_00541,856500.0,1518500.0,108.29554252864556,13.713737272405849,985.9827923121206
mangyang_00542,856500.0,1519500.0,108.29566862018945,13.722764433752305,1442.6967921204875
mangyang_00543,856500.0,1520500.0,108.29579480276115,13.731791587376327,1435.8289267205914
mangyang_00544,856500.0,1521500.0,108.29592107637725,13.740818733273064,1711.451061595612
mangyang_00545,856500.0,1522500.0,108.29604744105433,13.749845871437662,1729.3041403394025
mangyang_00546,856500.0,1523500.0,108.29617389680897,13.758873001865277,418.55636970088665
mangyang_00547,856500.0,1524500.0,108.29630044365783,13.76790012455105,619.0676856785666
mangyang_00548,856500.0,1525500.0,108.29642708161754,13.776927239490142,2041.0292967123132
mangyang_00549,856500.0,1526500.0,108.29655381070471,13.785954346677693,1626.7739820173933
mangyang_00550,856500.0,1527500.0,108.29668063093604,13.79498144610886,854.2716994554695
mangyang_00551,856500.0,1528500.0,108.29680754232818,13.804008537778792,18.87667593172909
mangyang_00552,856500.0,1529500.0,108.29693454489782,13.81303562168264,757.8683834416514
mangyang_00553,856500.0,1530500.0,108.29706163866167,13.822062697815559,796.811682647913
mangyang_00554,856500.0,1531500.0,108.29718882363643,13.831089766172703,115.29879217770669
mangyang_00555,856500.0,1532500.0,108.29731609983885,13.84011682674922,122.97268888632696
mangyang_00556,856500.0,1533500.0,108.29744346728565,13.849143879540268,195.59533587928985
mangyang_00557,856500.0,1534500.0,108.29757092599358,13.858170924540998,731.0718864824353
mangyang_00558,856500.0,1535500.0,108.29769847597942,13.86719796174657,355.60631547031284
mangyang_00559,856500.0,1536500.0,108.29782611725994,13.876224991152132,660.450914215654
mangyang_00560,856500.0,1537500.0,108.29795384985196,13.88525201275284,799.1679752671718
mangyang_00561,856500.0,1538500.0,108.29808167377227,13.894279026543854,611.3889583983996
mangyang_00562,856500.0,1539500.0,108.2982095890377,13.903306032520328,155.6132672625459
mangyang_00563,856500.0,1540500.0,108.29833759566506,13.912333030677416,699.0120203363168
mangyang_00564,856500.0,1541500.0,108.29846569367123,13.921360021010281,921.78616824066
mangyang_00565,856500.0,1542500.0,108.29859388307307,13.930387003514078,3229.249547748809
mangyang_00566,856500.0,1543500.0,108.29872216388743,13.939413978183959,2547.1856086250273
mangyang_00567,856500.0,1544500.0,108.29885053613123,13.94844094501509,457.8848522170227
mangyang_00568,856500.0,1545500.0,108.29897899982137,13.957467904002627,257.0910643326259
mangyang_00569,856500.0,1546500.0,108.29910755497474,13.966494855141729,178.11285217502316
mangyang_00570,856500.0,1547500.0,108.2992362016083,13.975521798427554,262.4788840990407
mangyang_00571,856500.0,1548500.0,108.299364939739,13.984548733855268,52.47237583238052
mangyang_00572,856500.0,1549500.0,108.29949376938374,13.99357566142003,169.82606607083503
mangyang_00573,856500.0,1550500.0,108.29962269055956,14.002602581116994,13.201678947666371
mangyang_00574,856500.0,1551500.0,108.29975170328342,14.011629492941324,17.767237792291702
mangyang_00575,856500.0,1552500.0,108.29988080757231,14.020656396888187,2.6407197984334587
mangyang_00576,856500.0,1553500.0,108.30001000344325,14.02968329295274,74.76236486427281
mangyang_00577,856500.0,1554500.0,108.30013929091328,14.038710181130147,1026.5252666477159
mangyang_00578,856500.0,1555500.0,108.3002686699994,14.047737061415573,36.90231169159439
mangyang_00579,856500.0,1556500.0,108.30039814071871,14.056763933804179,120.3567006337814
mangyang_00580,856500.0,1557500.0,108.30052770308825,14.065790798291129,488.14644774651657
mangyang_00581,856500.0,1558500.0,108.30065735712509,14.074817654871593,203.5939156502838
mangyang_00582,856500.0,1559500.0,108.30078710284636,14.083844503540732,130.52005612439558
mangyang_00583,856500.0,1560500.0,108.30091694026913,14.092871344293705,13.505894165826572
mangyang_00584,856500.0,1561500.0,108.30104686941056,14.101898177125687,30.03171599450077
mangyang_00585,856500.0,1562500.0,108.30117689028775,14.110925002031836,2.7153611616033806
mangyang_00586,856500.0,1563500.0,108.30130700291788,14.119951819007328,9.872856857924928
mangyang_00587,856500.0,1564500.0,108.30143720731809,14.128978628047324,93.6541567258111
mangyang_00588,856500.0,1565500.0,108.30156750350555,14.138005429146993,6.794388684476821
mangyang_00589,856500.0,1566500.0,108.30169789149748,14.147032222301497,357.6326822139312
mangyang_00590,856500.0,1567500.0,108.30182837131106,14.15605900750602,627.9723784454677
mangyang_00591,856500.0,1568500.0,108.30195894296352,14.16508578475571,581.5961397206021
mangyang_00592,856500.0,1569500.0,108.3020896064721,14.174112554045754,124.78385746759521
mangyang_00593,856500.0,1570500.0,108.302220361854,14.183139315371312,227.1549414980391
mangyang_00594,856500.0,1571500.0,108.30235120912654,14.19216606872756,198.18580442987616
mangyang_00595,856500.0,1572500.0,108.30248214830695,14.201192814109662,836.0472128042953
mangyang_00596,856500.0,1573500.0,108.30261317941253,14.21021955151279,1830.5459741698332
mangyang_00597,856500.0,1574500.0,108.30274430246058,14.21924628093212,2562.101693864665
mangyang_00598,856500.0,1575319.1301368307,108.30285177781492,14.22664034108478,2894.313746517943
mangyang_00599,856986.6900323727,1576068.6075417972,108.30745398324468,14.233343279098916,3720.5855255599813
mangyang_00600,857500.0,1514667.9590834165,108.30429212197573,13.679021668804623,1512.6805357683932
mangyang_00601,857500.0,1515500.0,108.3043970306482,13.6865325914062,1423.4284962669713
mangyang_00602,857500.0,1516500.0,108.30452320015772,13.695559691607624,471.69493773352656
mangyang_00603,857500.0,1517500.0,108.30464946089897,13.704586784095,411.09426428657247
mangyang_00604,857500.0,1518500.0,108.30477581288854,13.713613868863465,1405.0713371240815
mangyang_00605,857500.0,1519500.0,108.30490225614305,13.72264094590817,2175.318910949957
mangyang_00606,857500.0,1520500.0,108.30502879067907,13.731668015224251,2426.681060458389
mangyang_00607,857500.0,1521500.0,108.30515541651327,13.740695076806855,2106.1122550146624
mangyang_00608,857500.0,1522500.0,108.30528213366226,13.749722130651131,1805.7830360724536
mangyang_00609,857500.0,1523500.0,108.3054089421427,13.758749176752215,1283.8230960110095
mangyang_00610,857500.0,1524500.0,108.30553584197125,13.767776215105256,1380.78066359586
mangyang_00611,857500.0,1525500.0,108.3056628331646,13.7768032457054,1198.4306299011469
mangyang_00612,857500.0,1526500.0,108.30578991573944,13.785830268547791,1314.987860760609
mangyang_00613,857500.0,1527500.0,108.30591708971247,13.794857283627575,355.4541248592677
mangyang_00614,857500.0,1528500.0,108.30604435510041,13.803884290939903,89.05419783364938
mangyang_00615,857500.0,1529500.0,108.30617171191999,13.812911290479914,1097.325964984992
mangyang_00616,857500.0,1530500.0,108.30629916018795,13.821938282242764,439.12922100508746
mangyang_00617,857500.0,1531500.0,108.30642669992108,13.830965266223597,552.4952443894722
mangyang_00618,857500.0,1532500.0,108.30655433113611,13.839992242417564,1135.2425539829103
mangyang_00619,857500.0,1533500.0,108.30668205384987,13.849019210819808,753.2514757739092
mangyang_00620,857500.0,1534500.0,108.30680986807914,13.858046171425485,1306.17524366109
mangyang_00621,857500.0,1535500.0,108.30693777384073,13.86707312422974,1278.66229963728
mangyang_00622,857500.0,1536500.0,108.30706577115147,13.876100069227729,1376.6369534302632
mangyang_00623,857500.0,1537500.0,108.3071938600282,13.885127006414594,1318.9568264876602
mangyang_00624,857500.0,1538500.0,108.3073220404878,13.894153935785493,373.5941872362378
mangyang_00625,857500.0,1539500.0,108.30745031254712,13.903180857335574,574.0323437100137
mangyang_00626,857500.0,1540500.0,108.30757867622302,13.91220777105999,1004.66483217234
mangyang_00627,857500.0,1541500.0,108.30770713153242,13.92123467695389,1762.3711053978436
mangyang_00628,857500.0,1542500.0,108.30783567849222,13.930261575012436,3959.0372834946697
mangyang_00629,857500.0,1543500.0,108.30796431711937,13.93928846523077,3300.9237433284366
mangyang_00630,857500.0,1544500.0,108.30809304743079,13.948315347604055,2690.1149308779986
mangyang_00631,857500.0,1545500.0,108.3082218694434,13.957342222127437,939.4178120054924
mangyang_00632,857500.0,1546500.0,108.30835078317419,13.966369088796075,784.7733647006955
mangyang_00633,857500.0,1547500.0,108.30847978864016,13.975395947605122,59.587853550631536
mangyang_00634,857500.0,1548500.0,108.30860888585825,13.984422798549732,145.64562328445695
mangyang_00635,857500.0,1549500.0,108.30873807484552,13.993449641625068,113.69754272744017
mangyang_00636,857500.0,1550500.0,108.30886735561894,14.002476476826278,4.018395918986169
mangyang_00637,857500.0,1551500.0,108.30899672819557,14.01150330414852,136.28268586041904
mangyang_00638,857500.0,1552500.0,108.30912619259246,14.02053012358696,65.39411560546998
mangyang_00639,857500.0,1553500.0,108.30925574882664,14.029556935136744,83.9234336954246
mangyang_00640,857500.0,1554500.0,108.30938539691522,14.038583738793031,185.9642776852681
mangyang_00641,857500.0,1555500.0,108.30951513687526,14.047610534550987,363.2855039661177
mangyang_00642,857500.0,1556500.0,108.30964496872386,14.05663732240576,14.027811123765852
mangyang_00643,857500.0,1557500.0,108.30977489247816,14.065664102352521,632.181229452866
mangyang_00644,857500.0,1558500.0,108.30990490815526,14.074690874386423,60.658812688795265
mangyang_00645,857500.0,1559500.0,108.31003501577231,14.083717638502627,113.87384026340455
mangyang_00646,857500.0,1560500.0,108.31016521534649,14.092744394696291,21.868009026431903
mangyang_00647,857500.0,1561500.0,108.31029550689493,14.10177114296258,92.35838259189006
mangyang_00648,857500.0,1562500.0,108.31042589043483,14.110797883296655,45.33629060573844
mangyang_00649,857500.0,1563500.0,108.31055636598337,14.119824615693675,237.86978051623504
mangyang_00650,857500.0,1564500.0,108.3106869335578,14.128851340148808,599.9020672672196
mangyang_00651,857500.0,1565500.0,108.31081759317533,14.137878056657206,753.6130978219069
mangyang_00652,857500.0,1566500.0,108.31094834485316,14.146904765214042,465.53847528567167
mangyang_00653,857500.0,1567500.0,108.31107918860859,14.155931465814476,136.0172716417095
mangyang_00654,857500.0,1568500.0,108.31121012445885,14.164958158453674,1092.061616347639
mangyang_00655,857500.0,1569500.0,108.31134115242124,14.1739848431268,744.4646157208788
mangyang_00656,857500.0,1570500.0,108.31147227251304,14.183011519829014,633.2283669787132
mangyang_00657,857500.0,1571500.0,108.31160348475157,14.192038188555486,1153.7472196838341
mangyang_00658,857500.0,1572500.0,108.31173478915414,14.20106484930138,1399.2538916362435
mangyang_00659,857500.0,1573500.0,108.3118661857381,14.210091502061863,2147.0526483462686
mangyang_00660,857500.0,1574500.0,108.31199767452078,14.2191181468321,3043.3137689502664
mangyang_00661,857500.0,1575500.0,108.31212925551954,14.228144783607261,3859.0623962126438
mangyang_00662,857378.20883445,1576500.6972759045,108.31113395734513,14.237193351776126,4295.347503118136
mangyang_00663,858500.0,1514718.277617273,108.31353032990445,13.679352472062504,1507.6547706305469
mangyang_00664,858500.0,1515500.0,108.31362917006612,13.686409097644795,1510.6386031993782
mangyang_00665,858500.0,1516500.0,108.31375569050876,13.69543611332828,386.7686216057087
mangyang_00666,858500.0,1517500.0,108.31388230243672,13.704463121291521,584.2389403967991
mangyang_00667,858500.0,1518500.0,108.31400900586661,13.713490121529665,781.3473168115595
mangyang_00668,858500.0,1519500.0,108.31413580081511,13.722517114037846,1536.792192246604
mangyang_00669,858500.0,1520500.0,108.31426268729885,13.7315440988112,2472.4394542256487
mangyang_00670,858500.0,1521500.0,108.3143896653345,13.740571075844867,3007.1646981040394
mangyang_00671,858500.0,1522500.0,108.31451673493876,13.749598045133991,2856.261427502752
mangyang_00672,858500.0,1523500.0,108.31464389612832,13.758625006673707,2056.2599235788643
mangyang_00673,858500.0,1524500.0,108.3147711489199,13.767651960459157,818.8652568872933
mangyang_00674,858500.0,1525500.0,108.31489849333019,13.776678906485483,200.18027997662227
mangyang_00675,858500.0,1526500.0,108.31502592937598,13.78570584474782,419.8058690106082
mangyang_00676,858500.0,1527500.0,108.31515345707399,13.794732775241318,29.398370483606467
mangyang_00677,858500.0,1528500.0,108.31528107644098,13.803759697961112,228.03404258251487
mangyang_00678,858500.0,1529500.0,108.31540878749375,13.812786612902347,1722.0914724431243
mangyang_00679,858500.0,1530500.0,108.31553659024908,13.821813520060166,2489.794436111448
mangyang_00680,858500.0,1531500.0,108.31566448472378,13.830840419429714,1336.9436682577164
mangyang_00681,858500.0,1532500.0,108.31579247093468,13.839867311006131,1918.77572531445
mangyang_00682,858500.0,1533500.0,108.31592054889859,13.848894194784565,1751.4256231436716
mangyang_00683,858500.0,1534500.0,108.31604871863237,13.857921070760156,2050.9016784823534
mangyang_00684,858500.0,1535500.0,108.31617698015289,13.866947938928059,2261.7361765157075
mangyang_00685,858500.0,1536500.0,108.316305333477,13.875974799283407,3046.8903200473023
mangyang_00686,858500.0,1537500.0,108.31643377862162,13.885001651821348,1506.8880141010675
mangyang_00687,858500.0,1538500.0,108.31656231560362,13.894028496537032,666.1523783023567
mangyang_00688,858500.0,1539500.0,108.31669094443993,13.903055333425609,206.77761512158014
mangyang_00689,858500.0,1540500.0,108.31681966514748,13.912082162482212,79.63879545842963
mangyang_00690,858500.0,1541500.0,108.31694847774321,13.921108983702009,920.0545799656154
mangyang_00691,858500.0,1542500.0,108.31707738224408,13.930135797080133,1919.50487388304
mangyang_00692,858500.0,1543500.0,108.31720637866704,13.939162602611736,4071.0984841638897
mangyang_00693,858500.0,1544500.0,108.3173354670291,13.948189400291968,2332.9003259189335
mangyang_00694,858500.0,1545500.0,108.31746464734725,13.957216190115979,1873.8505230488947
mangyang_00695,858500.0,1546500.0,108.3175939196385,13.966242972078913,1324.8360871484206
mangyang_00696,858500.0,1547500.0,108.31772328391986,13.97526974617593,893.0251352465359
mangyang_00697,858500.0,1548500.0,108.31785274020838,13.98429651240217,110.28422613700397
mangyang_00698,858500.0,1549500.0,108.31798228852111,13.993323270752796,912.9111950275967
mangyang_00699,858500.0,1550500.0,108.31811192887513,14.002350021222943,36.727713273737876
mangyang_00700,858500.0,1551500.0,108.31824166128747,14.011376763807776,11.513461499298675
mangyang_00701,858500.0,1552500.0,108.31837148577529,14.020403498502445,161.05963703116177
mangyang_00702,858500.0,1553500.0,108.31850140235565,14.029430225302098,191.23929227029225
mangyang_00703,858500.0,1554500.0,108.3186314110457,14.038456944201894,141.93441144526597
mangyang_00704,858500.0,1555500.0,108.31876151186255,14.047483655196984,65.89991616434138
mangyang_00705,858500.0,1556500.0,108.31889170482334,14.056510358282518,66.89783367689604
mangyang_00706,858500.0,1557500.0,108.31902198994527,14.065537053453657,286.9037468571415
mangyang_00707,858500.0,1558500.0,108.31915236724548,14.074563740705551,197.7366763728362
mangyang_00708,858500.0,1559500.0,108.31928283674118,14.083590420033362,96.6828806956975
mangyang_00709,858500.0,1560500.0,108.31941339844956,14.092617091432231,258.7412348809481
mangyang_00710,858500.0,1561500.0,108.31954405238783,14.101643754897333,451.1341237551553
mangyang_00711,858500.0,1562500.0,108.31967479857323,14.110670410423813,90.99753111229012
mangyang_00712,858500.0,1563500.0,108.31980563702302,14.11969705800683,192.47291895397854
mangyang_00713,858500.0,1564500.0,108.31993656775444,14.128723697641545,44.957299197026416
mangyang_00714,858500.0,1565500.0,108.32006759078476,14.13775032932311,247.0703516526391
mangyang_00715,858500.0,1566500.0,108.32019870613126,14.146776953046684,167.6819578378943
mangyang_00716,858500.0,1567500.0,108.32032991381125,14.155803568807436,688.0417721141893
mangyang_00717,858500.0,1568500.0,108.32046121384205,14.164830176600505,272.35576537405416
mangyang_00718,858500.0,1569500.0,108.32059260624098,14.173856776421072,335.58409775619634
mangyang_00719,858500.0,1570500.0,108.32072409102537,14.182883368264287,1299.7507821105353
mangyang_00720,858500.0,1571500.0,108.32085566821257,14.19190995212531,1896.2230649793369
mangyang_00721,858500.0,1572500.0,108.32098733781997,14.200936527999303,2554.5677509788775
mangyang_00722,858500.0,1573500.0,108.32111909986494,14.20996309588143,2805.1330781251836
mangyang_00723,858500.0,1574500.0,108.32125095436488,14.218989655766844,3538.4594398556587
mangyang_00724,858500.0,1575402.841853647,108.3213700775577,14.2271392049528,4294.020472624383
mangyang_00725,858330.2103070992,1576131.4751126599,108.31989506377796,14.233738111554729,4886.5187860120195
mangyang_00726,859500.0,1514763.061005558,108.3227677802675,13.679632958466636,729.1770877852111
mangyang_00727,859500.0,1515500.0,108.32286121801533,13.686285260811855,238.79492152365438
mangyang_00728,859500.0,1516500.0,108.32298808937449,13.695312191742689,87.0814301226667
mangyang_00729,859500.0,1517500.0,108.32311505247252,13.704339114947079,145.74304512449956
mangyang_00730,859500.0,1518500.0,108.3232421073261,13.713366030420152,490.12397136055114
mangyang_00731,859500.0,1519500.0,108.32336925395192,13.72239293815705,1411.1867771360876
mangyang_00732,859500.0,1520500.0,108.3234964923667,13.731419838152899,2396.3878510427394
mangyang_00733,859500.0,1521500.0,108.32362382258712,13.740446730402839,3153.055429390206
mangyang_00734,859500.0,1522500.0,108.32375124462996,13.749473614902,2240.5821735667287
mangyang_00735,859500.0,1523500.0,108.32387875851194,13.75850049164552,1442.1065613441801
mangyang_00736,859500.0,1524500.0,108.32400636424978,13.76752736062853,758.7451064182609
mangyang_00737,859500.0,1525500.0,108.32413406186032,13.776554221846174,58.49702364134554
mangyang_00738,859500.0,1526500.0,108.32426185136029,13.785581075293582,33.892350083165724
mangyang_00739,859500.0,1527500.0,108.3243897327665,13.794607920965891,304.4041997986504
mangyang_00740,859500.0,1528500.0,108.32451770609579,13.803634758858244,9.650020182952886
mangyang_00741,859500.0,1529500.0,108.32464577136496,13.812661588965769,601.5452436160244
mangyang_00742,859500.0,1530500.0,108.32477392859084,13.82168841128361,974.8022381664533
mangyang_00743,859500.0,1531500.0,108.3249021777903,13.830715225806909,1723.3002617025447
mangyang_00744,859500.0,1532500.0,108.32503051898021,13.839742032530797,2643.7261924098325
mangyang_00745,859500.0,1533500.0,108.32515895217745,13.848768831450418,2750.926324177517
mangyang_00746,859500.0,1534500.0,108.32528747739889,13.857795622560909,2950.644272434473
mangyang_00747,859500.0,1535500.0,108.32541609466145,13.866822405857416,2449.3473586733076
mangyang_00748,859500.0,1536500.0,108.32554480398204,13.875849181335075,1768.1156911320277
mangyang_00749,859500.0,1537500.0,108.32567360537763,13.884875948989023,1638.3695934682664
mangyang_00750,859500.0,1538500.0,108.32580249886513,13.89390270881441,926.6087192467091
mangyang_00751,859500.0,1539500.0,108.3259314844615,13.902929460806373,368.7331320190625
mangyang_00752,859500.0,1540500.0,108.32606056218376,13.911956204960056,199.52449315924736
mangyang_00753,859500.0,1541500.0,108.32618973204887,13.920982941270601,1107.6170466884307
mangyang_00754,859500.0,1542500.0,108.32631899407382,13.93000966973315,2092.316531550911
mangyang_00755,859500.0,1543500.0,108.32644834827563,13.939036390342848,3044.0863011625524
mangyang_00756,859500.0,1544500.0,108.32657779467135,13.94806310309484,3174.6128543917885
mangyang_00757,859500.0,1545500.0,108.32670733327801,13.95708980798427,2738.3273434876933
mangyang_00758,859500.0,1546500.0,108.32683696411267,13.96611650500628,2130.9011883388034
mangyang_00759,859500.0,1547500.0,108.32696668719241,13.975143194156017,1523.4934361341627
mangyang_00760,859500.0,1548500.0,108.32709650253429,13.984169875428632,2248.403506915632
mangyang_00761,859500.0,1549500.0,108.32722641015545,13.993196548819263,1448.3343289174675
mangyang_00762,859500.0,1550500.0,108.32735641007294,14.002223214323058,862.440407662728
mangyang_00763,859500.0,1551500.0,108.32748650230394,14.011249871935169,130.65533443195622
mangyang_00764,859500.0,1552500.0,108.32761668686558,14.020276521650741,175.74260683814086
mangyang_00765,859500.0,1553500.0,108.327746963775,14.02930316346492,85.80625083657927
mangyang_00766,859500.0,1554500.0,108.32787733304937,14.038329797372855,174.23615137161397
mangyang_00767,859500.0,1555500.0,108.32800779470588,14.047356423369697,105.32022489659676
mangyang_00768,859500.0,1556500.0,108.32813834876171,14.056383041450589,42.48827834568368
mangyang_00769,859500.0,1557500.0,108.32826899523408,14.065409651610688,117.3492875318967
mangyang_00770,859500.0,1558500.0,108.32839973414022,14.074436253845148,99.79842960743814
mangyang_00771,859500.0,1559500.0,108.32853056549735,14.083462848149106,12.158595436458398
mangyang_00772,859500.0,1560500.0,108.32866148932273,14.092489434517718,249.73445188272945
mangyang_00773,859500.0,1561500.0,108.32879250563361,14.101516012946144,187.01985916030176
mangyang_00774,859500.0,1562500.0,108.32892361444728,14.11054258342952,86.03180840848512
mangyang_00775,859500.0,1563500.0,108.32905481578103,14.119569145963013,1146.3648366553523
mangyang_00776,859500.0,1564500.0,108.32918610965217,14.12859570054177,56.748553747215496
mangyang_00777,859500.0,1565500.0,108.329317496078,14.137622247160941,165.79413110152854
mangyang_00778,859500.0,1566500.0,108.32944897507588,14.146648785815682,345.4106837686455
mangyang_00779,859500.0,1567500.0,108.32958054666314,14.15567531650115,21.31893239048418
mangyang_00780,859500.0,1568500.0,108.32971221085714,14.164701839212494,404.9228076623062
mangyang_00781,859500.0,1569500.0,108.32984396767525,14.17372835394487,1075.2553562914966
mangyang_00782,859500.0,1570500.0,108.32997581713487,14.182754860693437,1741.4461804586047
mangyang_00783,859500.0,1571500.0,108.33010775925338,14.191781359453348,2570.8695432409577
mangyang_00784,859500.0,1572500.0,108.33023979404823,14.20080785021976,3236.6316558579624
mangyang_00785,859500.0,1573500.0,108.33037192153682,14.209834332987826,3623.2179201937893
mangyang_00786,859500.0,1574500.0,108.33050414173663,14.218860807752709,4216.59005817793
mangyang_00787,859500.0,1575322.862120065,108.33061301027459,14.226288345908785,4807.0248221747925
mangyang_00788,860818.1612903888,1514522.8291755482,108.33490606803147,13.677300748265822,159.41204967764028
mangyang_00789,860500.0,1515500.0,108.33209317424235,13.686161080923096,7.866901720769906
mangyang_00790,860500.0,1516500.0,108.33222039650134,13.695187926866586,471.96235750141426
mangyang_00791,860500.0,1517500.0,108.33234771075276,13.704214765077406,915.1525291064391
mangyang_00792,860500.0,1518500.0,108.33247511701335,13.71324159555068,1367.4572699414973
mangyang_00793,860500.0,1519500.0,108.33260261529979,13.722268418281546,1902.936151786852
mangyang_00794,860500.0,1520500.0,108.33273020562889,13.731295233265126,2715.215021032193
mangyang_00795,860500.0,1521500.0,108.33285788801737,13.74032204049655,2945.643084227773
mangyang_00796,860500.0,1522500.0,108.33298566248202,13.749348839970953,1958.715413584313
mangyang_00797,860500.0,1523500.0,108.33311352903965,13.758375631683457,961.4376095185409
mangyang_00798,860500.0,1524500.0,108.33324148770703,13.7674024156292,30.550774034710948
mangyang_00799,860500.0,1525500.0,108.33336953850097,13.77642919180331,38.8369192134979
mangyang_00800,860500.0,1526500.0,108.33349768143836,13.785455960200917,169.40987365299094
mangyang_00801,860500.0,1527500.0,108.33362591653598,13.794482720817156,138.75636621044873
mangyang_00802,860500.0,1528500.0,108.33375424381073,13.803509473647159,125.1257633849854
mangyang_00803,860500.0,1529500.0,108.33388266327945,13.81253621868606,325.59446841239856
mangyang_00804,860500.0,1530500.0,108.33401117495904,13.821562955928986,537.0800036277138
mangyang_00805,860500.0,1531500.0,108.3341397788664,13.830589685371079,1519.2035145912735
mangyang_00806,860500.0,1532500.0,108.33426847501843,13.839616407007465,2515.4529825055783
mangyang_00807,860500.0,1533500.0,108.33439726343208,13.848643120833286,3513.833817306382
mangyang_00808,860500.0,1534500.0,108.33452614412427,13.85766982684367,2978.7494044345676
mangyang_00809,860500.0,1535500.0,108.33465511711195,13.866696525033763,1999.9696568214904
mangyang_00810,860500.0,1536500.0,108.33478418241212,13.875723215398692,1061.5127140049
mangyang_00811,860500.0,1537500.0,108.33491334004171,13.884749897933592,503.7259729073217
mangyang_00812,860500.0,1538500.0,108.33504259001775,13.893776572633604,230.30480890029563
mangyang_00813,860500.0,1539500.0,108.33517193235724,13.902803239493867,123.37243578842981
mangyang_00814,860500.0,1540500.0,108.33530136707721,13.911829898509511,305.52775992637544
mangyang_00815,860500.0,1541500.0,108.33543089419467,13.920856549675683,1093.641383768344
mangyang_00816,860500.0,1542500.0,108.33556051372668,13.929883192987518,2046.0057836407125
mangyang_00817,860500.0,1543500.0,108.33569022569033,13.938909828440146,3029.2289212094474
mangyang_00818,860500.0,1544500.0,108.33582003010265,13.947936456028717,4020.7357594714254
mangyang_00819,860500.0,1545500.0,108.33594992698079,13.956963075748371,3504.851759596311
mangyang_00820,860500.0,1546500.0,108.33607991634179,13.965989687594242,2937.6694656399177
mangyang_00821,860500.0,1547500.0,108.3362099982028,13.975016291561474,3552.7674908752974
mangyang_00822,860500.0,1548500.0,108.33634017258095,13.984042887645208,2860.6759494743433
mangyang_00823,860500.0,1549500.0,108.3364704394934,13.993069475840585,2093.69716926319
mangyang_00824,860500.0,1550500.0,108.33660079895728,14.002096056142744,1094.3616488300172
mangyang_00825,860500.0,1551500.0,108.33673125098977,14.01112262854683,102.25374478530374
mangyang_00826,860500.0,1552500.0,108.33686179560807,14.020149193047986,387.3531964609507
mangyang_00827,860500.0,1553500.0,108.33699243282939,14.029175749641354,204.03276866757264
mangyang_00828,860500.0,1554500.0,108.3371231626709,14.038202298322078,33.379712008778384
mangyang_00829,860500.0,1555500.0,108.33725398514989,14.047228839085305,169.0546672819346
mangyang_00830,860500.0,1556500.0,108.33738490028355,14.05625537192617,85.30442225626528
mangyang_00831,860500.0,1557500.0,108.33751590808915,14.065281896839826,75.64023083920979
mangyang_00832,860500.0,1558500.0,108.33764700858397,14.074308413821417,170.1877731296087
mangyang_00833,860500.0,1559500.0,108.33777820178528,14.083334922866088,72.07498545226592
mangyang_00834,860500.0,1560500.0,108.33790948771039,14.092361423968983,461.2258125112349
mangyang_00835,860500.0,1561500.0,108.3380408663766,14.101387917125251,151.7118264984217
mangyang_00836,860500.0,1562500.0,108.33817233780125,14.11041440233004,4.729607592812483
mangyang_00837,860500.0,1563500.0,108.33830390200167,14.119440879578493,443.71906119671394
mangyang_00838,860500.0,1564500.0,108.3384355589952,14.128467348865767,482.77846741258963
mangyang_00839,860500.0,1565500.0,108.33856730879923,14.137493810186996,85.12654120337623
mangyang_00840,860500.0,1566500.0,108.33869915143111,14.14652026353734,925.8791837762361
mangyang_00841,860500.0,1567500.0,108.33883108690827,14.155546708911945,775.6447088411597
mangyang_00842,860500.0,1568500.0,108.33896311524809,14.164573146305958,1.3142003026547473
mangyang_00843,860500.0,1569500.0,108.33909523646801,14.173599575714531,544.4454841185081
mangyang_00844,860500.0,1570500.0,108.33922745058545,14.182625997132817,1476.1956953393355
mangyang_00845,860500.0,1571500.0,108.33935975761787,14.19165241055596,2462.0898798987278
mangyang_00846,860500.0,1572500.0,108.33949215758274,14.200678815979119,3456.098873363012
mangyang_00847,860500.0,1573500.0,108.33962465049751,14.209705213397443,4688.819617663473
mangyang_00848,860334.1013503621,1574621.8252067824,108.33823831816271,14.219852705362866,4939.568029914932
mangyang_00849,860144.5541006709,1575272.7058044123,108.33657068553798,14.225752330526946,5214.7534313879005
mangyang_00850,861250.0,1514542.056104056,108.33889504361805,13.677420562870223,343.8207803146209
mangyang_00851,861500.0,1515500.0,108.34132503849364,13.68603655799428,698.2697531177894
mangyang_00852,861500.0,1516500.0,108.34145261163577,13.695063318715736,1391.211010542658
mangyang_00853,861500.0,1517500.0,108.34158027702387,13.704090071698282,2025.955849060204
mangyang_00854,861500.0,1518500.0,108.3417080346747,13.713116816937042,2250.2090532906536
mangyang_00855,861500.0,1519500.0,108.34183588460503,13.722143554427134,2692.7465301418492
mangyang_00856,861500.0,1520500.0,108.34196382683169,13.73117028416369,3316.9429431710864
mangyang_00857,861500.0,1521500.0,108.34209186137143,13.740197006141832,2855.827399004266
mangyang_00858,861500.0,1522500.0,108.34221998824114,13.749223720356685,1855.830903629664
mangyang_00859,861500.0,1523500.0,108.34234820745759,13.758250426803373,855.842598162955
mangyang_00860,861500.0,1524500.0,108.34247651903767,13.767277125477019,42.43994339277464
mangyang_00861,861500.0,1525500.0,108.34260492299825,13.776303816372762,431.7812083615123
mangyang_00862,861500.0,1526500.0,108.34273341935616,13.785330499485712,111.86903653520741
mangyang_00863,861500.0,1527500.0,108.34286200812834,13.794357174811003,357.9554122351108
mangyang_00864,861500.0,1528500.0,108.34299068933167,13.803383842343768,1122.394885357324
mangyang_00865,861500.0,1529500.0,108.34311946298305,13.812410502079128,1239.2113932528716
mangyang_00866,861500.0,1530500.0,108.34324832909945,13.821437154012221,1275.4099172654899
mangyang_00867,861500.0,1531500.0,108.3433772876978,13.830463798138165,1909.5012033274281
mangyang_00868,861500.0,1532500.0,108.34350633879505,13.839490434452093,2768.7035294445354
mangyang_00869,861500.0,1533500.0,108.34363548240817,13.848517062949137,3699.357190433003
mangyang_00870,861500.0,1534500.0,108.34376471855416,13.857543683624424,2977.046260714193
mangyang_00871,861500.0,1535500.0,108.34389404725,13.866570296473087,1996.0166222639054
mangyang_00872,861500.0,1536500.0,108.34402346851273,13.875596901490256,1044.6047384654414
mangyang_00873,861500.0,1537500.0,108.34415298235936,13.884623498671063,223.01553672729972
mangyang_00874,861500.0,1538500.0,108.34428258880693,13.89365008801064,145.52267980202402
mangyang_00875,861500.0,1539500.0,108.3444122878725,13.902676669504118,6.269909462053744
mangyang_00876,861500.0,1540500.0,108.34454207957313,13.91170324314663,784.9062700838863
mangyang_00877,861500.0,1541500.0,108.3446719639259,13.920729808933311,1135.0956056999269
mangyang_00878,861500.0,1542500.0,108.34480194094793,13.929756366859294,2068.460834649714
mangyang_00879,861500.0,1543500.0,108.34493201065632,13.938782916919708,3044.4405750285714
mangyang_00880,861500.0,1544500.0,108.34506217306819,13.947809459109697,3726.9481915313822
mangyang_00881,861500.0,1545500.0,108.34519242820066,13.956835993424388,3029.294106530125
mangyang_00882,861500.0,1546500.0,108.34532277607089,13.965862519858916,2542.2633115704703
mangyang_00883,861500.0,1547500.0,108.34545321669606,13.974889038408426,3848.9806598612286
mangyang_00884,861500.0,1548500.0,108.34558375009334,13.983915549068044,2862.118039141397
mangyang_00885,861500.0,1549500.0,108.34571437627991,13.992942051832909,1888.6716627267967
mangyang_00886,861500.0,1550500.0,108.34584509527299,14.001968546698162,933.2125627252558
mangyang_00887,861500.0,1551500.0,108.34597590708981,14.010995033658935,28.58710201693787
mangyang_00888,861500.0,1552500.0,108.34610681174757,14.020021512710372,502.3701001057984
mangyang_00889,861500.0,1553500.0,108.34623780926356,14.029047983847605,383.91784378814805
mangyang_00890,861500.0,1554500.0,108.346368899655,14.038074447065773,32.19190633134735
mangyang_00891,861500.0,1555500.0,108.3465000829392,14.04710090236002,143.36878406682007
mangyang_00892,861500.0,1556500.0,108.34663135913344,14.056127349725484,145.20725021204754
mangyang_00893,861500.0,1557500.0,108.346762728255,14.065153789157302,716.227693938924
mangyang_00894,861500.0,1558500.0,108.34689419032122,14.07418022065062,856.5033678564172
mangyang_00895,861500.0,1559500.0,108.34702574534943,14.083206644200574,391.03026716864537
mangyang_00896,861500.0,1560500.0,108.34715739335695,14.092233059802302,110.88735308190674
mangyang_00897,861500.0,1561500.0,108.34728913436118,14.101259467450955,151.32190987157477
mangyang_00898,861500.0,1562500.0,108.34742096837945,14.11028586714167,262.0008547716957
mangyang_00899,861500.0,1563500.0,108.34755289542919,14.119312258869586,155.77463383460758
mangyang_00900,861500.0,1564500.0,108.34768491552775,14.128338642629855,244.0605333888906
mangyang_00901,861500.0,1565500.0,108.34781702869259,14.137365018417611,894.5563862618774
mangyang_00902,861500.0,1566500.0,108.3479492349411,14.146391386228004,1419.4424554168709
mangyang_00903,861500.0,1567500.0,108.34808153429074,14.155417746056177,1357.7415033719728
mangyang_00904,861500.0,1568500.0,108.34821392675896,14.164444097897274,792.9790992859588
mangyang_00905,861500.0,1569500.0,108.34834641236326,14.173470441746439,811.7104270172565
mangyang_00906,861500.0,1570500.0,108.34847899112107,14.182496777598818,1594.2417204081332
mangyang_00907,861500.0,1571500.0,108.34861166304992,14.191523105449559,2534.6280809718874
mangyang_00908,861500.0,1572500.0,108.34874442816732,14.200549425293806,3508.1437192071508
mangyang_00909,861232.8184864565,1573423.4039577036,108.34639499007969,14.208918984477126,4384.364685783265
mangyang_00910,861100.6877771786,1574081.3266190742,108.34525979907059,14.21487473290112,5030.598476747246
mangyang_00911,862010.1873243453,1514982.7453386527,108.3459689389472,13.681303781267134,495.9061622879362
mangyang_00912,862260.1873243455,1515406.1799119024,108.3483309337813,13.685094781955312,974.0596721055698
mangyang_00913,862500.0,1516500.0,108.35068473452424,13.694938367305955,1933.8554221479228
mangyang_00914,862500.0,1517500.0,108.35081275103225,13.703965034825536,2780.6549136451463
mangyang_00915,862500.0,1518500.0,108.35094086005654,13.71299169459507,3374.23557921385
mangyang_00916,862500.0,1519500.0,108.35106906161398,13.722018346609671,3588.95552402152
mangyang_00917,862500.0,1520500.0,108.35119735572137,13.731044990864458,3981.8591150730413
mangyang_00918,862500.0,1521500.0,108.35132574239557,13.740071627354554,3023.8320426660084
mangyang_00919,862500.0,1522500.0,108.35145422165347,13.749098256075083,2105.2122059823582
mangyang_00920,862437.8921941551,1523570.8323667888,108.35101836533852,13.758772061695083,1218.3813375719562
mangyang_00921,862303.4259425204,1524500.0,108.34989611587484,13.767176214079893,246.61823506048358
mangyang_00922,862347.7261039729,1525395.1457544956,108.35042042772568,13.77525078295923,480.2321222934173
mangyang_00923,862500.0,1526500.0,108.35196906485974,13.785204693163891,1000.3574704212706
mangyang_00924,862500.0,1527500.0,108.35209800728956,13.794231282963377,1003.8201541229511
mangyang_00925,862500.0,1528500.0,108.35222704240455,13.803257864964026,1673.2795949755534
mangyang_00926,862500.0,1529500.0,108.3523561702217,13.812284439160955,2220.4647663099527
mangyang_00927,862500.0,1530500.0,108.35248539075795,13.821311005549292,2228.202410873299
mangyang_00928,862500.0,1531500.0,108.35261470403032,13.830337564124159,2642.8035061788673
mangyang_00929,862500.0,1532500.0,108.3527441100558,13.83936411488068,3317.217924816072
mangyang_00930,862500.0,1533500.0,108.35287360885141,13.84839065781398,4125.949484563617
mangyang_00931,862500.0,1534500.0,108.3530032004342,13.857417192919183,3279.2211858850915
mangyang_00932,862500.0,1535500.0,108.35313288482119,13.866443720191421,2414.2971923523464
mangyang_00933,862500.0,1536500.0,108.35326266202945,13.875470239625816,1637.0208010459437
mangyang_00934,862500.0,1537500.0,108.35339253207607,13.884496751217492,1138.1748878304722
mangyang_00935,862500.0,1538500.0,108.35352249497811,13.893523254961583,1407.8755991151106
mangyang_00936,862500.0,1539500.0,108.35365255075268,13.90254975085321,904.3969091055493
mangyang_00937,862500.0,1540500.0,108.35378269941693,13.9115762388875,1231.2283873488448
mangyang_00938,862500.0,1541500.0,108.35391294098791,13.92060271905959,1838.7040522791667
mangyang_00939,862500.0,1542500.0,108.35404327548285,13.9296291913646,2524.0682998422085
mangyang_00940,862500.0,1543500.0,108.35417370291884,13.938655655797662,3370.609584729273
mangyang_00941,862500.0,1544500.0,108.3543042233131,13.947682112353908,3178.5294953079433
mangyang_00942,862500.0,1545500.0,108.35443483668276,13.956708561028467,2321.536067788238
mangyang_00943,862500.0,1546500.0,108.35456554304507,13.965735001816466,1635.8513610780108
mangyang_00944,862500.0,1547500.0,108.35469634241721,13.974761434713042,1400.8888739082363
mangyang_00945,862500.0,1548500.0,108.35482723481641,13.983787859713317,2840.2731664712637
mangyang_00946,862500.0,1549500.0,108.35495822025993,13.992814276812432,1857.607945840763
mangyang_00947,862500.0,1550500.0,108.355089298765,14.001840686005517,905.5653032483084
mangyang_00948,862500.0,1551500.0,108.35522047034888,14.0108670872877,19.711093804917265
mangyang_00949,862500.0,1552500.0,108.35535173502888,14.01989348065412,592.9446782265156
mangyang_00950,862500.0,1553500.0,108.35548309282227,14.028919866099907,229.51691298535144
mangyang_00951,862500.0,1554500.0,108.35561454374637,14.037946243620194,342.72535398387816
mangyang_00952,862500.0,1555500.0,108.3557460878185,14.046972613210118,61.438829554270484
mangyang_00953,862500.0,1556500.0,108.355877725056,14.055998974864812,15.398887950827108
mangyang_00954,862500.0,1557500.0,108.3560094554762,14.065025328579413,189.79519193113438
mangyang_00955,862500.0,1558500.0,108.35614127909649,14.074051674349054,795.6143178529439
mangyang_00956,862500.0,1559500.0,108.35627319593424,14.08307801216887,1617.392474310835
mangyang_00957,862500.0,1560500.0,108.35640520600684,14.092104342034,187.13684586046338
mangyang_00958,862500.0,1561500.0,108.35653730933169,14.101130663939584,53.304871912759964
mangyang_00959,862500.0,1562500.0,108.35666950592622,14.110156977880754,32.096195605599604
mangyang_00960,862500.0,1563500.0,108.35680179580784,14.119183283852648,630.5865316504942
mangyang_00961,862500.0,1564500.0,108.35693417899404,14.12820958185041,814.2060819889604
mangyang_00962,862500.0,1565500.0,108.35706665550225,14.13723587186917,1483.7025618787097
mangyang_00963,862500.0,1566500.0,108.35719922534996,14.146262153904072,2257.664133181784
mangyang_00964,862500.0,1567500.0,108.35733188855463,14.155288427950252,2103.785594152931
mangyang_00965,862500.0,1568500.0,108.35746464513379,14.164314694002854,1771.6077172214762
mangyang_00966,862500.0,1569500.0,108.35759749510495,14.173340952057014,1738.1964070495708
mangyang_00967,862500.0,1570500.0,108.35773043848566,14.18236720210788,2214.511141367635
mangyang_00968,862500.0,1571500.0,108.35786347529344,14.191393444150584,2964.252425317846
mangyang_00969,862500.0,1572315.662486969,108.35797205762037,14.198755805249835,3665.345788575791
mangyang_00970,862161.3654757577,1573214.831162443,108.35495864381126,14.206915904187401,4367.668885175009
mangyang_00971,863187.9342299828,1515919.2060454015,108.3569613252315,13.689609606410672,2000.2169377351133
mangyang_00972,863500.0,1516532.6619374156,108.35992095618273,13.695107898426121,2644.1363074123456
mangyang_00973,863500.0,1517500.0,108.36004513252432,13.703839654475031,3338.305296097305
mangyang_00974,863500.0,1518500.0,108.36017359290527,13.71286622854064,3983.5774704056344
mangyang_00975,863500.0,1519500.0,108.36030214607295,13.721892794845033,4479.7323129921
mangyang_00976,863500.0,1520465.1526528506,108.3604263075126,13.730604801895032,4371.836764769814
mangyang_00977,863203.3856552928,1521736.2610307145,108.35785107123228,13.742115858450042,2992.2277541582007
mangyang_00978,863092.8597256796,1522500.0,108.3569287830341,13.749023710620019,2441.698923050377
mangyang_00979,863010.2506399449,1523070.8323667888,108.35623944382621,13.754186768445383,1650.2212970399662
mangyang_00980,863170.2217593723,1525828.3173714085,108.35807222811671,13.779057212246078,1209.7469584230028
mangyang_00981,863355.9149149456,1526607.798856652,108.35988784601187,13.786069787693481,1789.3577819630234
mangyang_00982,863386.1085198253,1527508.3660899017,108.36028310914871,13.794194956728775,1839.044959397696
mangyang_00983,863500.0,1528690.515188362,108.36148796388808,13.804851225268575,2503.4927135374974
mangyang_00984,863500.0,1529500.0,108.36159278474119,13.812158029947536,3075.2329559409377
mangyang_00985,863500.0,1530500.0,108.36172235968031,13.821184510556215,3209.844468285652
mangyang_00986,863500.0,1531275.643382967,108.36182292765973,13.828185835127092,3419.870101889685
mangyang_00987,863464.447896412,1532392.2846153164,108.36163939087731,13.838269668422381,3948.2907628807575
mangyang_00988,863437.1354646186,1533475.77648785,108.36152775447435,13.848053231368342,4624.374842517667
mangyang_00989,863500.0,1534500.0,108.36224158951002,13.857290354744018,3816.226412654603
mangyang_00990,863500.0,1535500.0,108.3623716295711,13.866316796204842,3051.219145930433
mangyang_00991,863500.0,1536500.0,108.36250176270784,13.875343229821455,2445.4499080931623
mangyang_00992,863500.0,1537500.0,108.36263198893735,13.884369655588982,2822.0878675191634
mangyang_00993,863463.6064852519,1538591.3307745382,108.36243794624846,13.894225097825307,2136.6040499666465
mangyang_00994,863500.0,1539546.7148688063,108.36289881522161,13.902844150926539,1894.573898061288
mangyang_00995,863500.0,1540500.0,108.36302322635393,13.91144888574826,2073.4815953740685
mangyang_00996,863500.0,1541500.0,108.363153825126,13.920475280070663,2645.2439394069042
mangyang_00997,863500.0,1542500.0,108.36328451707668,13.929501666519595,3234.7042121431878
mangyang_00998,863500.0,1543500.0,108.36341530222312,13.938528045090175,3876.7869068633354
mangyang_00999,863500.0,1544500.0,108.36354618058257,13.947554415777539,2883.740051170718
mangyang_01000,863500.0,1545500.0,108.36367715217226,13.956580778576802,1898.0085996183475
mangyang_01001,863500.0,1546500.0,108.3638082170094,13.965607133483088,942.8237405391881
mangyang_01002,863500.0,1547500.0,108.3639393751113,13.974633480491535,418.80373353566523
mangyang_01003,863500.0,1548500.0,108.36407062649519,13.983659819597259,1015.8399472385253
mangyang_01004,863500.0,1549500.0,108.36420197117839,13.992686150795395,127.39730412551565
mangyang_01005,863500.0,1550500.0,108.36433340917817,14.00171247408106,103.59183957537462
mangyang_01006,863500.0,1551500.0,108.36446494051185,14.010738789449391,9.19218615468549
mangyang_01007,863500.0,1552500.0,108.36459656519678,14.019765096895512,33.73346749249401
mangyang_01008,863500.0,1553500.0,108.36472828325027,14.028791396414547,353.28466068943277
mangyang_01009,863500.0,1554500.0,108.3648600946897,14.037817688001637,326.7709057216761
mangyang_01010,863500.0,1555500.0,108.36499199953244,14.046843971651901,388.59577922836786
mangyang_01011,863500.0,1556500.0,108.36512399779583,14.055870247360474,164.22155598415912
mangyang_01012,863500.0,1557500.0,108.36525608949732,14.064896515122483,50.013755414602336
mangyang_01013,863500.0,1558500.0,108.36538827465431,14.073922774933063,255.12769562009302
mangyang_01014,863500.0,1559500.0,108.36552055328421,14.08294902678734,924.1066604269469
mangyang_01015,863500.0,1560500.0,108.36565292540446,14.091975270680448,147.7517467078247
mangyang_01016,863500.0,1561500.0,108.36578539103253,14.101001506607519,128.83111131145392
mangyang_01017,863500.0,1562500.0,108.36591795018586,14.110027734563687,210.9762864443009
mangyang_01018,863500.0,1563500.0,108.36605060288197,14.119053954544082,476.19380697277745
mangyang_01019,863500.0,1564500.0,108.36618334913831,14.12808016654384,1361.9730341806878
mangyang_01020,863500.0,1565500.0,108.36631618897243,14.13710637055809,2176.7384654164257
mangyang_01021,863500.0,1566500.0,108.36644912240182,14.14613256658197,2876.9136405184445
mangyang_01022,863500.0,1567500.0,108.36658214944403,14.155158754610618,3000.2747865994315
mangyang_01023,863500.0,1568500.0,108.36671527011663,14.164184934639161,2738.803906063775
mangyang_01024,863500.0,1569274.7146683624,108.36681846503157,14.171177643203803,2689.9194040673137
mangyang_01025,863347.1732459601,1570500.0,108.36556794408867,14.182257150716675,2910.3852440580854
mangyang_01026,863164.5055323049,1571746.631274741,108.36404418927559,14.193533224774447,3567.602868964774
mangyang_01027,863022.5787597131,1572347.2467911122,108.36281118848332,14.198972954472236,3958.7541404415374
mangyang_01028,864500.0,1516520.863939105,108.3691513871782,13.694875763112888,3416.9082770209634
mangyang_01029,864500.0,1517500.0,108.36927742124655,13.703713930662683,4034.149115286562
mangyang_01030,864401.2236923537,1518546.589440301,108.36850027292594,13.713173400346127,4719.08179079052
mangyang_01031,864351.243056018,1519532.8510903355,108.36816590651335,13.722082178793608,5493.004753840232
mangyang_01032,864080.9281110605,1520562.4815242025,108.36580276601198,13.731410198755498,4584.668947923783
mangyang_01033,864047.6708369988,1528702.3845650381,108.36654793073329,13.804889024239658,2950.696056693916
mangyang_01034,864078.1454588536,1529373.4941452886,108.36691643781042,13.810942892147375,3386.0767034284067
mangyang_01035,864203.2571133842,1530613.9961719802,108.36823307347636,13.822124321365749,3922.2804894878627
mangyang_01036,864123.6326191231,1531160.1470929983,108.3675685231989,13.827064213973756,3969.0763849300997
mangyang_01037,864015.70036336,1532091.9903008232,108.36669259671605,13.835489124481951,4242.071956171766
mangyang_01038,864329.1522251412,1533791.7399579668,108.36980929519405,13.850791901071103,4886.46459264375
mangyang_01039,864147.728476455,1534465.2219393132,108.36822097867169,13.856894092297026,4250.4155092051715
mangyang_01040,864108.9978643239,1535260.3502933895,108.36796673534454,13.864076158639518,3659.8893852117894
mangyang_01041,864090.6587961952,1536526.9772595468,108.36796239267498,13.875511553881973,2967.6663650007704
mangyang_01042,864065.3184213527,1537500.0,108.367855182924,13.884297652044433,2681.031229043502
mangyang_01043,864009.3592317712,1538100.421032669,108.36741650010218,13.889724410226982,2582.2233251469893
mangyang_01044,864228.2266340533,1539649.5154379895,108.36964114556747,13.903679162348599,2619.928349891234
mangyang_01045,864334.7757483133,1540500.0,108.3707369228091,13.911342307270877,2855.6031236864733
mangyang_01046,864500.0,1541519.8365111735,108.37239721473982,13.920526542367245,3443.031626657322
mangyang_01047,864357.4511230679,1542411.7838704688,108.37119679592251,13.928595775961382,3896.1182983157437
mangyang_01048,864500.0,1543500.0,108.3726568083144,13.938400084813464,3904.1495426546503
mangyang_01049,864500.0,1544500.0,108.37278804462183,13.94742636939681,2920.4218210576396
mangyang_01050,864500.0,1545500.0,108.37291937441427,13.956452646085632,1953.290448041132
mangyang_01051,864500.0,1546500.0,108.37305079770901,13.96547891487504,1046.1682130491865
mangyang_01052,864500.0,1547500.0,108.37318231452339,13.974505175760173,295.400764525799
mangyang_01053,864500.0,1548500.0,108.3733139248747,13.983531428736143,78.63090061985214
mangyang_01054,864500.0,1549500.0,108.37344562878025,13.992557673798075,209.8732019234844
mangyang_01055,864500.0,1550500.0,108.37357742625744,14.001583910941092,289.2511189403976
mangyang_01056,864500.0,1551500.0,108.3737093173236,14.010610140160312,204.55119334628324
mangyang_01057,864500.0,1552500.0,108.3738413019961,14.019636361450862,27.95794158433979
mangyang_01058,864500.0,1553500.0,108.37397338029234,14.028662574807866,117.49806317440267
mangyang_01059,864500.0,1554500.0,108.37410555222972,14.037688780226443,74.13158535861426
mangyang_01060,864500.0,1555500.0,108.37423781782567,14.046714977701726,298.8241904149064
mangyang_01061,864500.0,1556500.0,108.3743701770976,14.055741167228835,29.683706968377866
mangyang_01062,864500.0,1557500.0,108.37450263006296,14.064767348802896,461.9528622848841
mangyang_01063,864500.0,1558500.0,108.3746351767392,14.073793522419034,47.38332407640852
mangyang_01064,864500.0,1559500.0,108.37476781714382,14.08281968807238,334.689138268516
mangyang_01065,864500.0,1560500.0,108.37490055129429,14.091845845758053,707.9779929551056
mangyang_01066,864500.0,1561500.0,108.3750333792081,14.100871995471186,1212.401025744027
mangyang_01067,864500.0,1562500.0,108.37516630090278,14.109898137206903,1738.20302994345
mangyang_01068,864500.0,1563500.0,108.37529931639583,14.118924270960335,1217.8975590282873
mangyang_01069,864500.0,1564500.0,108.37543242570483,14.127950396726606,1887.4806861885781
mangyang_01070,864500.0,1565500.0,108.37556562884733,14.136976514500851,2695.599394836168
mangyang_01071,864500.0,1566500.0,108.37569892584088,14.146002624278193,3579.587846344758
mangyang_01072,864500.0,1567500.0,108.37583231670307,14.155028726053771,3946.0197463866493
mangyang_01073,864500.0,1568487.1169509334,108.3759640811639,14.163938536264729,3725.3267707066384
mangyang_01074,864446.6609056582,1569171.7266369192,108.37556209378891,14.170124835211825,3629.6496831183595
mangyang_01075,865136.6127130201,1516584.8297918737,108.37503675750169,13.695372984724457,3996.1867291819212
mangyang_01076,865226.9170382357,1517706.1319456964,108.37601506807441,13.705482959600912,4710.624201406246
mangyang_01077,865109.2227773111,1518231.1249168087,108.37499622102624,13.71023662128049,4975.681699335111
mangyang_01078,865002.3719048714,1541524.357213008,108.3770400898587,13.9205030176601,3876.7487126322508
mangyang_01079,865181.0629263226,1542903.3726071366,108.37887240198913,13.932927438378155,4831.411576712887
mangyang_01080,865500.0,1543597.4414207183,108.3819110395459,13.93915130091168,4088.1742943244017
mangyang_01081,865500.0,1544500.0,108.38202981517605,13.947297973227991,3277.4640414645505
mangyang_01082,865500.0,1545500.0,108.38216150315398,13.956324163571232,2406.3954888929375
mangyang_01083,865500.0,1546500.0,108.38229328488902,13.96535034600861,1669.9204835673384
mangyang_01084,865500.0,1547500.0,108.38242516039854,13.974376520535257,1117.453726997393
mangyang_01085,865500.0,1548500.0,108.38255712969992,13.983402687146283,818.669832871436
mangyang_01086,865500.0,1549500.0,108.38268919281052,13.992428845836807,442.48233056247835
mangyang_01087,865500.0,1550500.0,108.38282134974773,14.001454996601945,3.5137804067785208
mangyang_01088,865500.0,1551500.0,108.38295360052899,14.010481139436813,388.7311939975664
mangyang_01089,865500.0,1552500.0,108.38308594517169,14.019507274336535,109.4068330467405
mangyang_01090,865500.0,1553500.0,108.38321838369328,14.02853340129622,88.03618299516631
mangyang_01091,865500.0,1554500.0,108.3833509161112,14.037559520311,27.67015625104469
mangyang_01092,865500.0,1555500.0,108.38348354244292,14.04658563137599,131.46324798346822
mangyang_01093,865500.0,1556500.0,108.38361626270593,14.055611734486304,165.03630464292473
mangyang_01094,865500.0,1557500.0,108.3837490769177,14.06463782963707,377.3259685244546
mangyang_01095,865500.0,1558500.0,108.38388198509575,14.073663916823406,594.3492962071588
mangyang_01096,865500.0,1559500.0,108.38401498725759,14.08268999604043,336.8635214488921
mangyang_01097,865500.0,1560500.0,108.38414808342077,14.091716067283272,31.550478445783906
mangyang_01098,865500.0,1561500.0,108.3842812736028,14.100742130547047,438.5456735791949
mangyang_01099,865500.0,1562500.0,108.38441455782127,14.109768185826884,996.4416862587171
mangyang_01100,865500.0,1563500.0,108.38454793609377,14.118794233117896,1923.5127551047715
mangyang_01101,865500.0,1564500.0,108.38468140843786,14.127820272415217,2597.345172367772
mangyang_01102,865500.0,1565500.0,108.38481497487118,14.136846303713966,3290.2144034804205
mangyang_01103,865500.0,1566500.0,108.38494863541129,14.145872327009265,4077.6791123584503
mangyang_01104,865500.0,1567311.2705575372,108.38505713942605,14.153194868076781,4867.271339191812
mangyang_01105,865131.5611786654,1568487.1169509334,108.38180630630933,14.163856178374077,4350.490607119926
mangyang_01106,866186.5330231234,1543724.0387924204,108.38827223074381,13.940205689621529,4281.613234321887
mangyang_01107,866356.2046350887,1544617.2350629598,108.38995805701902,13.948245939601298,3533.393197466246
mangyang_01108,866500.0,1545500.0,108.39140353813654,13.95619533104993,3076.9486857657084
mangyang_01109,866500.0,1546500.0,108.39153567829453,13.965221426900134,1880.6894662568916
mangyang_01110,866500.0,1547500.0,108.39166791248184,13.974247514833138,1283.4717283908467
mangyang_01111,866500.0,1548500.0,108.39180024071591,13.983273594844038,714.2538717724073
mangyang_01112,866500.0,1549500.0,108.39193266301415,13.99229966692796,93.25133371108572
mangyang_01113,866500.0,1550500.0,108.39206517939401,14.001325731080007,117.8099639342425
mangyang_01114,866500.0,1551500.0,108.39219778987292,14.010351787295292,278.6842005411738
mangyang_01115,866500.0,1552500.0,108.3923304944684,14.019377835568935,57.949558106467904
mangyang_01116,866500.0,1553500.0,108.39246329319788,14.028403875896048,166.68215182064125
mangyang_01117,866500.0,1554500.0,108.39259618607889,14.037429908271742,162.49017491081267
mangyang_01118,866500.0,1555500.0,108.39272917312891,14.046455932691131,101.19540368127514
mangyang_01119,866500.0,1556500.0,108.3928622543655,14.055481949149337,47.8286637076637
mangyang_01120,866500.0,1557500.0,108.39299542980618,14.06450795764147,45.69103217094219
mangyang_01121,866500.0,1558500.0,108.39312869946849,14.07353395816265,291.2969135129111
mangyang_01122,866500.0,1559500.0,108.39326206337003,14.082559950707992,930.2499807026239
mangyang_01123,866500.0,1560500.0,108.39339552152835,14.091585935272606,846.9192161767427
mangyang_01124,866500.0,1561500.0,108.39352907396108,14.10061191185162,487.5284237813217
mangyang_01125,866500.0,1562500.0,108.39366272068578,14.109637880440149,982.0602297841216
mangyang_01126,866500.0,1563500.0,108.3937964617201,14.118663841033305,1916.1021840862963
mangyang_01127,866500.0,1564500.0,108.39393029708168,14.127689793626214,2894.555728397176
mangyang_01128,866500.0,1565500.0,108.39406422678817,14.136715738213992,3884.000276742207
mangyang_01129,866500.0,1566500.0,108.39419825085726,14.145741674791756,4699.833858872581
mangyang_01130,866500.0,1567278.8340250882,108.3943026987395,14.152771375755075,5301.007118797187
mangyang_01131,866850.132126342,1568109.4458101888,108.3976529237943,14.160222535373983,6105.591198829357
mangyang_01132,867217.736002624,1544913.2739320197,108.39795918428455,13.950806834696984,2978.4168900420464
mangyang_01133,867500.0,1545644.4532740535,108.40066461313303,13.957369985583256,2208.3037668091574
mangyang_01134,867500.0,1546500.0,108.40077797767071,13.965092157565994,1368.5429325589414
mangyang_01135,867500.0,1547500.0,108.4009105705184,13.974118158670203,466.4836711961884
mangyang_01136,867500.0,1548500.0,108.40104325766774,13.983144151845815,57.593657514828266
mangyang_01137,867500.0,1549500.0,108.40117603913617,13.992170137087946,687.2974090069431
mangyang_01138,867500.0,1550500.0,108.4013089149412,14.001196114391703,667.0001139226583
mangyang_01139,867500.0,1551500.0,108.40144188510034,14.010222083752188,562.6456515954575
mangyang_01140,867500.0,1552500.0,108.40157494963107,14.019248045164519,326.23309560623767
mangyang_01141,867500.0,1553500.0,108.40170810855096,14.028273998623797,7.748633778409211
mangyang_01142,867500.0,1554500.0,108.40184136187753,14.037299944125133,480.38738457491326
mangyang_01143,867500.0,1555500.0,108.40197470962835,14.046325881663645,96.7725224042691
mangyang_01144,867500.0,1556500.0,108.40210815182098,14.055351811234434,539.0295638479563
mangyang_01145,867500.0,1557500.0,108.402241688473,14.064377732832611,25.70586397971436
mangyang_01146,867500.0,1558500.0,108.40237531960203,14.073403646453292,970.189943525954
mangyang_01147,867500.0,1559500.0,108.40250904522568,14.08242955209159,1650.5076049076677
mangyang_01148,867500.0,1560500.0,108.40264286536157,14.091455449742606,1722.68091660852
mangyang_01149,867500.0,1561500.0,108.40277678002734,14.100481339401462,1484.9499483948628
mangyang_01150,867500.0,1562500.0,108.40291078924065,14.109507221063271,1713.4726597565448
mangyang_01151,867500.0,1563500.0,108.40304489301919,14.118533094723142,2375.4986509509536
mangyang_01152,867500.0,1564500.0,108.40317909138062,14.127558960376193,3217.141452533045
mangyang_01153,867500.0,1565500.0,108.40331338434262,14.136584818017536,4130.012640482238
mangyang_01154,867500.0,1566500.0,108.40344777192296,14.145610667642284,5075.826011151259
mangyang_01155,867500.0,1567500.0,108.40358225413932,14.154636509245552,6039.123693087958
mangyang_01156,867586.103559279,1568475.1861260612,108.4045099646402,14.163427065434002,6792.434512029843
mangyang_01157,868189.4637165654,1545737.9473030393,108.4070489850992,13.958124579000897,2120.050399104678
mangyang_01158,868426.041122583,1546299.7173469258,108.40931003168033,13.963164400275952,1639.3345812378245
mangyang_01159,868500.0,1547500.0,108.41015313425333,13.973988452062894,743.9918717701619
mangyang_01160,868497.2295545278,1548523.458875436,108.4102636956404,13.983226455756167,856.4527376745267
mangyang_01161,868500.0,1549500.0,108.4104193209216,13.992040256333235,1376.7056629897106
mangyang_01162,868500.0,1550500.0,108.41055255613432,14.001066146553507,1660.6987487922995
mangyang_01163,868500.0,1551500.0,108.41068588595614,14.010092028823987,1562.6291641517375
mangyang_01164,868500.0,1552500.0,108.41081931040462,14.01911790313978,1347.772109545593
mangyang_01165,868500.0,1553500.0,108.41095282949736,14.028143769495983,395.50511011988783
mangyang_01166,868500.0,1554500.0,108.41108644325195,14.037169627887707,447.70578128291464
mangyang_01167,868500.0,1555500.0,108.41122015168597,14.046195478310056,470.05699420076456
mangyang_01168,868500.0,1556500.0,108.41135395481705,14.055221320758132,819.8595760911242
mangyang_01169,868500.0,1557500.0,108.41148785266283,14.064247155227045,596.4992129351778
mangyang_01170,868500.0,1558500.0,108.41162184524097,14.0732729817119,1265.7182215504395
mangyang_01171,868500.0,1559500.0,108.4117559325691,14.082298800207804,2166.2414869675913
mangyang_01172,868500.0,1560500.0,108.4118901146649,14.091324610709854,2675.139566433814
mangyang_01173,868500.0,1561500.0,108.41202439154608,14.100350413213178,2484.445357515659
mangyang_01174,868500.0,1562500.0,108.41215876323034,14.109376207712867,2628.2189437987645
mangyang_01175,868500.0,1563500.0,108.41229322973538,14.118401994204039,3100.7321879645338
mangyang_01176,868500.0,1564500.0,108.41242779107894,14.127427772681793,3784.381770701254
mangyang_01177,868500.0,1565500.0,108.41256244727877,14.136453543141247,4585.689770509186
mangyang_01178,868500.0,1566500.0,108.41269719835263,14.145479305577508,5453.031813247491
mangyang_01179,868500.0,1567500.0,108.4128320443183,14.154505059985686,6359.446614386024
mangyang_01180,868500.0,1568270.947185505,108.41293606822543,14.161463434460245,7075.479035314664
mangyang_01181,869049.4221650478,1546799.7173469258,108.41513791185785,13.967596382589777,1593.3185205954483
mangyang_01182,869069.272526691,1547517.584699775,108.41541697199378,13.974073174171659,1275.492774524846
mangyang_01183,869015.5111244638,1548195.6274359962,108.41501041090936,13.98020008744922,1217.9523742320916
mangyang_01184,869040.6405341772,1549500.0,108.41541657434568,13.991969891394277,1835.073124135846
mangyang_01185,869118.3811615346,1550403.5919219786,108.41625573188288,14.0001154380075,2441.0264014303148
mangyang_01186,869348.5247447185,1551490.484577251,108.41852830318037,14.009895514091387,2084.593831856958
mangyang_01187,869313.0473741769,1552552.4349824362,108.41834235798099,14.019485099978413,1099.6046360238297
mangyang_01188,869367.4913144655,1553352.3729290273,108.41895270482914,14.026698061333985,419.7304898578072
mangyang_01189,869500.0,1554500.0,108.42033142994691,14.037038959576018,632.9080302761415
mangyang_01190,869500.0,1555500.0,108.42046549904653,14.046064722646943,1469.075389954268
mangyang_01191,869500.0,1556500.0,108.42059966309844,14.055090477737023,1627.8392391090279
mangyang_01192,869500.0,1557500.0,108.42073392212033,14.06411622484137,1527.580497030198
mangyang_01193,869500.0,1558500.0,108.4208682761299,14.073141963955083,2004.281357851486
mangyang_01194,869500.0,1559500.0,108.42100272514483,14.082167695073258,2668.3503138971237
mangyang_01195,869500.0,1560500.0,108.42113726918286,14.091193418190997,3494.3744735173464
mangyang_01196,869500.0,1561500.0,108.42127190826174,14.10021913330341,3484.2303482583234
mangyang_01197,869500.0,1562500.0,108.42140664239922,14.109244840405593,3588.7436628090645
mangyang_01198,869500.0,1563500.0,108.42154147161304,14.118270539492656,3947.9217776304604
mangyang_01199,869500.0,1564500.0,108.421676395921,14.127296230559695,4504.785416335109
mangyang_01200,869500.0,1565500.0,108.4218114153409,14.13632191360182,5196.161749999909
mangyang_01201,869500.0,1566500.0,108.4219465298905,14.145347588614133,5975.542001952522
mangyang_01202,869500.0,1567500.0,108.4220817395877,14.154373255591745,6812.789993977165
mangyang_01203,869500.0,1568494.6762135155,108.42221632386406,14.163350863869978,7684.280575317057
mangyang_01204,869535.6321825569,1569063.1363717082,108.42262288678437,14.168476879908537,8210.166237340172
mangyang_01205,870472.1346717397,1553843.0183974034,108.42923045159232,14.030981886205732,699.6572968537088
mangyang_01206,870385.0249168419,1554333.7583161248,108.42849106263735,14.035422575255382,911.5885169582696
mangyang_01207,870392.0369597999,1555500.0,108.42871261047742,14.045947786468084,1932.6449158944763
mangyang_01208,870460.562788478,1556360.9968654276,108.42946195389463,14.05370986677506,2575.8688467263783
mangyang_01209,870500.0,1557500.0,108.42997989659015,14.063984941692233,2512.2087968124324
mangyang_01210,870500.0,1558500.0,108.43011461201344,14.073010593199491,2827.5138594365435
mangyang_01211,870500.0,1559500.0,108.43024942269746,14.082036236704619,3398.1737176739794
mangyang_01212,870500.0,1560500.0,108.43038432866,14.091061872202703,4078.9881317533823
mangyang_01213,870500.0,1561500.0,108.43051932991882,14.100087499688849,4871.211732462438
mangyang_01214,870500.0,1562500.0,108.43065442649174,14.10911311915815,4566.248716196013
mangyang_01215,870500.0,1563500.0,108.43078961839659,14.118138730605711,4853.62056851361
mangyang_01216,870500.0,1564500.0,108.43092490565114,14.127164334026627,5316.449746591706
mangyang_01217,870500.0,1565500.0,108.43106028827329,14.136189929415995,5913.682709866302
mangyang_01218,870500.0,1566500.0,108.43119576628084,14.145215516768918,6608.982408654775
mangyang_01219,870500.0,1567500.0,108.4313313396917,14.154241096080492,7374.662959271082
mangyang_01220,870500.0,1568500.0,108.43146700852373,14.163266667345821,8191.010868493677
mangyang_01221,870483.2555340487,1569070.145303707,108.43138951378899,14.168414768984407,8665.031219358698
mangyang_01222,871008.7631726508,1553636.668745965,108.4341636065173,14.029049030143865,1171.0073262743458
mangyang_01223,871056.1730359143,1556873.0905174988,108.43503768533913,14.058253532905574,3058.3350094929015
mangyang_01224,871306.1730359143,1557437.90547024,108.43742530253498,14.063318408487435,3306.870648509915
mangyang_01225,871500.0,1558500.0,108.43936085263624,14.072878869461837,3737.984147796841
mangyang_01226,871500.0,1559500.0,108.43949602497159,14.081904425118601,4201.924211085256
mangyang_01227,871500.0,1560500.0,108.43963129284083,14.0909299727617,4802.669611455723
mangyang_01228,871500.0,1561500.0,108.43976665626182,14.099955512386234,5491.4656477387725
mangyang_01229,871500.0,1562500.0,108.4399021152524,14.108981043987294,5551.772113386073
mangyang_01230,871500.0,1563500.0,108.44003766983039,14.118006567559968,5790.438574400726
mangyang_01231,871500.0,1564500.0,108.4401733200137,14.127032083099357,6183.541393800525
mangyang_01232,871500.0,1565500.0,108.44030906582023,14.136057590600554,6703.968187109868
mangyang_01233,871409.7588784648,1566698.1357837091,108.43963717823947,14.146883329986785,7391.266227620852
mangyang_01234,871378.6622811416,1567251.2090478712,108.43942471779052,14.151879216912622,7758.218894596938
mangyang_01235,871121.9189586524,1568500.0,108.43721968842934,14.16318424109976,8547.456753148124
mangyang_01236,871000.1576873523,1569000.6483663847,108.43616146278745,14.167719002078663,8884.98976816928
mangyang_01237,872027.4844572804,1557937.90547024,108.44416201752895,14.06773605215953,4700.315085141144
mangyang_01238,872162.4652802696,1558586.4290186288,108.44549781318092,14.073571477886505,4390.134184105372
mangyang_01239,872500.0,1559539.705358394,108.44874791511369,14.082130619591107,5081.476175566127
mangyang_01240,872500.0,1560500.0,108.44887816146995,14.09079771988476,5596.204028276949
mangyang_01241,872500.0,1561500.0,108.44901388703522,14.099823171412346,6211.576786783718
mangyang_01242,872500.0,1562500.0,108.44914970842557,14.108848614909807,6541.690902188882
mangyang_01243,872500.0,1563500.0,108.44928562565889,14.11787405037223,6745.422532704488
mangyang_01244,872500.0,1564297.062637613,108.4493940288607,14.125067882009656,7006.479101735231
mangyang_01245,872184.5379393937,1565523.0146176335,108.44664328080356,14.136174512323784,7286.983241777393
mangyang_01246,872000.9306605498,1566004.908742621,108.44501069361046,14.140548197032798,7405.158477865709
mangyang_01247,873183.0095001801,1559499.1673142072,108.45505781551614,14.081674272206566,5676.998217207776
mangyang_01248,873405.4011949861,1560262.1803986165,108.45721786270518,14.088531261671132,6223.561686948868
mangyang_01249,873447.1256809765,1561346.946761378,108.4577512564663,14.09831614051534,6862.620167781395
mangyang_01250,873406.418119533,1562500.0,108.45753181163782,14.10872827303108,7441.300843021779
mangyang_01251,873307.0724117161,1563580.220238539,108.45676025673478,14.118490857689157,7544.857870216185
mangyang_01252,873073.2439525591,1564297.062637613,108.45469548620291,14.12499171730185,7540.239948539265
mangyang_01253,874019.8292843828,1560786.996164699,108.46297074048556,14.09318627358813,7019.436185401968
