system:index,B11,B12,B2,B3,B4,B8,NBR,NDVI,elev,label,rand,slope,.geo,lon,lat,dist_to_nearest_road_m
000000000000000002a4,2960.0,2264.0,720.0,1004.0,1116.0,2710.0,0.08966626,0.41662312,218,0,0.1051202720424592,3.370558,"{""type"":""Point"",""coordinates"":[108.33507296895415,13.67833261335471]}",108.33507296895415,13.67833261335471,55.95261568087666
00000000000000000258,3199.0,2135.0,570.0,921.0,917.0,2879.0,0.14838453,0.5168598,230,0,0.2268850729702541,3.986486,"{""type"":""Point"",""coordinates"":[108.34773681594595,13.687224060855284]}",108.34773681594595,13.687224060855284,1078.1215168490262
000000000000000001d6,3827.5,2758.0,1021.0,1342.5,1590.0,2880.5,0.021725636,0.28867018,235,0,0.185875972816802,5.8628073,"{""type"":""Point"",""coordinates"":[108.23724475094261,13.693961762547039]}",108.23724475094261,13.693961762547039,1158.383850292205
00000000000000000270,3601.0,2697.5,732.0,1049.0,1308.0,2870.0,0.030983387,0.3738631,241,0,0.2868497055344015,8.074273,"{""type"":""Point"",""coordinates"":[108.346657713491,13.695308411065179]}",108.346657713491,13.695308411065179,1827.0713442428728
00000000000000000039,4202.0,3374.5,796.0,1104.5,1494.5,2774.0,-0.0976661,0.29975402,248,0,0.2100316661888721,5.782694,"{""type"":""Point"",""coordinates"":[108.3463901674278,13.695580416229442]}",108.3463901674278,13.695580416229442,1829.452268482761
00000000000000000060,3811.0,2616.0,1050.0,1260.0,1466.0,2809.0,0.035576038,0.31415203,257,0,0.3251431050264304,7.6164613,"{""type"":""Point"",""coordinates"":[108.37441561754872,13.700971469403058]}",108.37441561754872,13.700971469403058,4267.792183241077
000000000000000002fd,2708.0,1901.0,569.0,840.0,856.0,2996.0,0.22360629,0.5555556,259,0,0.4182555437787453,4.851146,"{""type"":""Point"",""coordinates"":[108.24290335017943,13.712021121813498]}",108.24290335017943,13.712021121813498,709.4038633131479
0000000000000000024c,4024.0,3158.0,708.0,926.0,1285.0,2379.0,-0.14068991,0.2985808,359,0,0.7516349252764364,8.578158,"{""type"":""Point"",""coordinates"":[108.36363797030252,13.728996919523965]}",108.36363797030252,13.728996919523965,5144.062831360505
000000000000000000e9,3707.0,2981.5,789.0,991.5,1167.5,2687.5,-0.051861,0.39429313,387,0,0.4910590808313729,5.107887,"{""type"":""Point"",""coordinates"":[108.35905847352063,13.722798769059676]}",108.35905847352063,13.722798769059676,4412.897871554504
000000000000000000df,2611.0,2077.0,640.0,1003.0,1210.0,2361.0,0.06399279,0.32231867,431,0,0.4109569389444096,7.598676,"{""type"":""Point"",""coordinates"":[108.3579793710657,13.708516268385488]}",108.3579793710657,13.708516268385488,3559.1137923028004
00000000000000000276,2285.5,1536.5,456.0,672.0,822.0,2312.0,0.20150708,0.47543076,479,0,0.0178173280844305,5.9990163,"{""type"":""Point"",""coordinates"":[108.25395300258987,13.710670014194303]}",108.25395300258987,13.710670014194303,340.78248385243893
00000000000000000170,2027.0,1218.0,440.0,658.0,574.0,2606.0,0.3629707,0.63899374,483,0,0.0117293559137002,7.9030786,"{""type"":""Point"",""coordinates"":[108.2614978015723,13.727650271005825]}",108.2614978015723,13.727650271005825,61.8917308586174
00000000000000000214,2126.5,1612.5,518.0,732.0,984.5,1901.0,0.08211186,0.3176226,483,0,0.2033771066812411,6.6255984,"{""type"":""Point"",""coordinates"":[108.25233880800852,13.714981964912983]}",108.25233880800852,13.714981964912983,131.82280373194487
00000000000000000075,1541.0,732.0,387.0,587.0,362.0,3575.0,0.66008824,0.81610364,484,0,0.5351610373348981,4.165193,"{""type"":""Point"",""coordinates"":[108.26042315821842,13.72791781706903]}",108.26042315821842,13.72791781706903,150.2335551694694
000000000000000002ca,2383.5,1509.5,686.5,963.5,972.0,2498.0,0.24666251,0.43976945,493,0,0.3926631141459672,12.204934,"{""type"":""Point"",""coordinates"":[108.27120080546459,13.736002167278928]}",108.27120080546459,13.736002167278928,285.9010533745834
00000000000000000194,2259.0,1438.0,413.0,660.0,631.0,2508.0,0.27116066,0.5979611,494,0,0.5800475656379247,4.6273675,"{""type"":""Point"",""coordinates"":[108.26688885474593,13.730076021978899]}",108.26688885474593,13.730076021978899,201.02405871285913
00000000000000000018,1991.0,1484.0,447.0,677.0,1074.0,2585.0,0.27058247,0.41295436,497,0,0.2256466427877332,2.0854118,"{""type"":""Point"",""coordinates"":[108.18846664451897,13.760259677009675]}",108.18846664451897,13.760259677009675,1521.192759989254
0000000000000000018e,1956.0,978.0,361.0,627.0,364.0,2814.0,0.4841772,0.7709251,499,0,0.6467004031423573,3.9869237,"{""type"":""Point"",""coordinates"":[108.28359710639319,13.73762082096133]}",108.28359710639319,13.73762082096133,279.43611675540467
0000000000000000006d,1500.0,721.0,361.0,612.0,455.0,3047.0,0.6173036,0.7401485,501,0,0.0855251925177363,6.2342763,"{""type"":""Point"",""coordinates"":[108.23050704925086,13.759720125782207]}",108.23050704925086,13.759720125782207,926.8255787017243
000000000000000002c9,2011.0,993.0,468.0,694.0,439.0,3578.0,0.5655218,0.78142893,503,0,0.7035856132231043,5.3092303,"{""type"":""Point"",""coordinates"":[108.26554220622776,13.736002167278928]}",108.26554220622776,13.736002167278928,248.8680218455178
0000000000000000020e,2320.5,1487.5,422.0,611.5,692.0,2442.0,0.24290623,0.5583918,504,0,0.4002493646376255,1.908947,"{""type"":""Point"",""coordinates"":[108.27200790275526,13.743011874134941]}",108.27200790275526,13.743011874134941,203.3290966605313
000000000000000000ed,2351.0,1824.0,432.0,589.0,974.0,1847.0,0.0062653227,0.30946472,505,0,0.7579125659676983,12.161749,"{""type"":""Point"",""coordinates"":[108.25233880800852,13.743279420198153]}",108.25233880800852,13.743279420198153,76.69787287306742
00000000000000000044,2078.0,958.0,486.0,630.0,436.0,3291.0,0.54907036,0.7660317,506,0,0.4686921273927743,5.309311,"{""type"":""Point"",""coordinates"":[108.25772540208109,13.743011874134943]}",108.25772540208109,13.743011874134943,760.9173843028136
00000000000000000189,2712.5,1793.5,524.0,767.0,920.5,2721.5,0.2055371,0.4945085,507,0,0.2588874276161985,8.43092,"{""type"":""Point"",""coordinates"":[108.27443365372835,13.757026828745925]}",108.27443365372835,13.757026828745925,12.355628308586258
00000000000000000229,1743.0,1432.0,491.0,650.0,1111.0,1521.0,0.030138843,0.15577507,507,0,0.5000463983826031,2.0853777,"{""type"":""Point"",""coordinates"":[108.26931460571899,13.74193277168001]}",108.26931460571899,13.74193277168001,379.6284503610804
00000000000000000011,1874.0,1023.5,326.5,569.0,358.0,3017.0,0.49337953,0.78785187,508,0,0.656143453714199,6.7931824,"{""type"":""Point"",""coordinates"":[108.2830575551657,13.73762082096133]}",108.2830575551657,13.73762082096133,233.33910732496096
00000000000000000305,1345.0,651.5,290.0,471.5,298.0,3313.5,0.6713745,0.8349716,508,0,0.6493977356280275,4.71466,"{""type"":""Point"",""coordinates"":[108.28117135542011,13.738967469479467]}",108.28117135542011,13.738967469479467,124.6406819115481
00000000000000000042,2112.0,925.0,472.0,620.0,378.0,3789.0,0.607552,0.8185745,509,0,0.6327965316701967,0.95474637,"{""type"":""Point"",""coordinates"":[108.25826495330854,13.74489807388055]}",108.25826495330854,13.74489807388055,734.9808646197754
00000000000000000050,1926.0,1591.0,433.0,579.0,1048.0,1562.0,-0.00919759,0.19693486,509,0,0.4965056568135624,10.495756,"{""type"":""Point"",""coordinates"":[108.27335901037448,13.740046571934405]}",108.27335901037448,13.740046571934405,98.3366966507062
0000000000000000005a,2110.5,903.5,399.5,603.5,305.5,3259.0,0.5658859,0.8285875,509,0,0.0514283802114143,4.6767397,"{""type"":""Point"",""coordinates"":[108.2614978015723,13.747863376081094]}",108.2614978015723,13.747863376081094,1863.9726764063855
000000000000000001b5,2237.5,1768.0,452.0,607.0,900.5,1918.5,0.04082463,0.36112097,511,0,0.6310590101108979,2.122025,"{""type"":""Point"",""coordinates"":[108.27147281062885,13.746244722398695]}",108.27147281062885,13.746244722398695,108.13758780424179
0000000000000000022a,2029.0,884.5,381.0,568.5,275.0,3553.5,0.60139704,0.8563406,513,0,0.6553266953376787,5.4344916,"{""type"":""Point"",""coordinates"":[108.2614978015723,13.750289127054169]}",108.2614978015723,13.750289127054169,1754.9783521408174
0000000000000000029d,2060.5,875.5,406.5,545.0,303.0,3362.0,0.58678466,0.8346521,513,0,0.230964134746039,4.724009,"{""type"":""Point"",""coordinates"":[108.26392355254536,13.757294374809131]}",108.26392355254536,13.757294374809131,21.97658889617093
0000000000000000005d,1478.0,633.0,301.0,503.0,316.0,3400.0,0.68608975,0.82992464,514,0,0.5802118577271255,6.464861,"{""type"":""Point"",""coordinates"":[108.28251800393824,13.73896746947947]}",108.28251800393824,13.73896746947947,307.3856231100423
0000000000000000020d,2076.5,1642.0,420.5,579.5,1025.5,1589.0,-0.01640359,0.21552879,514,0,0.2172232961004683,3.8251762,"{""type"":""Point"",""coordinates"":[108.27767096109314,13.747863376081094]}",108.27767096109314,13.747863376081094,151.61636254768533
00000000000000000043,2212.0,1539.0,387.5,565.0,738.5,2430.0,0.2244898,0.5338488,515,0,0.7848639126132103,6.464861,"{""type"":""Point"",""coordinates"":[108.25691830479042,13.750556673117375]}",108.25691830479042,13.750556673117375,403.5408267832928
00000000000000000134,3144.0,2046.5,703.5,993.5,1074.5,2896.0,0.17187658,0.45875835,515,0,0.7977024745174215,7.331048,"{""type"":""Point"",""coordinates"":[108.34746926988272,13.77642837742947]}",108.34746926988272,13.77642837742947,1018.2900684126652
0000000000000000016f,2728.0,1937.0,711.0,938.0,1228.0,2265.0,0.078058064,0.29687947,515,0,0.4485273959811546,7.649543,"{""type"":""Point"",""coordinates"":[108.26123025550909,13.761606325527817]}",108.26123025550909,13.761606325527817,1246.251667849936
00000000000000000264,2282.5,1297.0,328.0,522.0,451.5,2672.5,0.3465172,0.7109475,515,0,0.0327589660383097,1.8543341,"{""type"":""Point"",""coordinates"":[108.25125970555358,13.75298242409045]}",108.25125970555358,13.75298242409045,2.699734246842391
0000000000000000001d,1916.5,1520.0,486.5,667.5,990.5,1957.0,0.12568305,0.327905,516,0,0.6707278844299244,6.903215,"{""type"":""Point"",""coordinates"":[108.24398245263437,13.757294374809133]}",108.24398245263437,13.757294374809133,271.72202211097766
000000000000000002f4,2066.0,910.5,385.5,597.5,380.0,3465.0,0.583819,0.8023407,516,0,0.6032508962776036,4.6273675,"{""type"":""Point"",""coordinates"":[108.25880450453602,13.749749575826701]}",108.25880450453602,13.749749575826701,611.8052462045006
000000000000000001be,3022.5,1888.0,582.5,840.5,932.5,2735.5,0.18330269,0.49154854,518,0,0.7045013869199831,9.366896,"{""type"":""Point"",""coordinates"":[108.26176980673655,13.761066774300348]}",108.26176980673655,13.761066774300348,337.7730018308729
0000000000000000002c,2595.0,1944.0,460.0,700.0,1049.0,2200.0,0.06177606,0.35426286,520,0,0.4849668677932102,2.8621821,"{""type"":""Point"",""coordinates"":[108.28117135542011,13.750017121889908]}",108.28117135542011,13.750017121889908,72.56965004976587
0000000000000000011e,2283.0,1873.0,441.0,641.0,990.0,2035.0,0.04145343,0.34545454,520,0,0.7776023439901436,4.6273675,"{""type"":""Point"",""coordinates"":[108.25179925678104,13.751903321635515]}",108.25179925678104,13.751903321635515,90.42458398800248
0000000000000000026a,3019.5,2040.5,575.0,792.5,921.5,2605.0,0.121515445,0.47738552,520,0,0.0719071700965959,2.9391992,"{""type"":""Point"",""coordinates"":[108.3399244709003,13.771309329420113]}",108.3399244709003,13.771309329420113,187.68045655761375
00000000000000000207,2224.0,1355.0,423.0,637.0,639.0,2852.0,0.3558355,0.6339158,522,0,0.7118551450872852,3.8251798,"{""type"":""Point"",""coordinates"":[108.25718585085363,13.751096224344842]}",108.25718585085363,13.751096224344842,269.58675191403927
0000000000000000024d,2308.5,1306.0,497.0,638.0,674.0,2868.0,0.37422138,0.61942405,522,0,0.6434649373517081,3.0083406,"{""type"":""Point"",""coordinates"":[108.26015115305415,13.761338779464607]}",108.26015115305415,13.761338779464607,191.54734623216143
000000000000000001c5,2597.0,1526.0,484.0,788.0,678.0,2932.0,0.31538805,0.6243767,525,0,0.6400752039289322,12.753443,"{""type"":""Point"",""coordinates"":[108.3304890130712,13.767536929928898]}",108.3304890130712,13.767536929928898,263.662289771886
000000000000000001af,1978.0,1575.0,465.0,636.5,992.5,1813.5,0.07038513,0.2925873,526,0,0.1067067252556759,2.0853906,"{""type"":""Point"",""coordinates"":[108.27254745398274,13.748938019434975]}",108.27254745398274,13.748938019434975,204.11408449903917
00000000000000000294,2994.0,2112.0,593.5,762.0,793.5,2830.5,0.14537178,0.5620861,526,0,0.5246793693409552,4.715148,"{""type"":""Point"",""coordinates"":[108.34099911425417,13.776160831366262]}",108.34099911425417,13.776160831366262,316.5749888609938
00000000000000000059,3961.0,2949.5,787.5,1094.0,1165.0,2956.0,0.0011006689,0.43460324,527,0,0.0223499483581096,2.0854454,"{""type"":""Point"",""coordinates"":[108.34045956302671,13.778314577175074]}",108.34045956302671,13.778314577175074,529.1513728669823
0000000000000000019f,2302.5,1642.5,517.0,704.5,954.0,2043.5,0.10879002,0.36346957,527,0,0.3998861749667262,4.714798,"{""type"":""Point"",""coordinates"":[108.27281945914699,13.749477570662444]}",108.27281945914699,13.749477570662444,267.57644194613147
000000000000000001aa,4273.0,3263.0,1032.0,1354.0,1628.0,2800.0,-0.07636484,0.2646793,528,0,0.4494885459469927,3.814234,"{""type"":""Point"",""coordinates"":[108.34181067064593,13.77804703111187]}",108.34181067064593,13.77804703111187,543.0727389369399
00000000000000000025,2759.0,1908.0,664.0,909.0,1065.0,2473.0,0.12896599,0.39796495,531,0,0.2196817942821277,8.754548,"{""type"":""Point"",""coordinates"":[108.30354266540523,13.759987671845414]}",108.30354266540523,13.759987671845414,1053.8985225493057
00000000000000000069,2714.5,1949.0,482.5,624.5,904.5,2003.5,0.013788741,0.37792298,531,0,0.0049083298706961,3.825182,"{""type"":""Point"",""coordinates"":[108.25772540208108,13.753249970153655]}",108.25772540208108,13.753249970153655,26.629574462500468
0000000000000000010a,2556.0,2171.0,519.5,677.5,1138.5,1861.0,-0.07688492,0.24087349,531,0,0.6857019236745263,0.0,"{""type"":""Point"",""coordinates"":[108.25880450453602,13.754329072608593]}",108.25880450453602,13.754329072608593,127.10175687763403
0000000000000000015a,3823.0,2629.0,731.5,883.0,1116.5,2944.0,0.05652252,0.45006773,532,0,0.4256461758700269,6.024413,"{""type"":""Point"",""coordinates"":[108.34073156819099,13.776695923492674]}",108.34073156819099,13.776695923492674,361.1432107866019
000000000000000002fa,3664.0,3180.0,1180.0,1435.0,1711.0,2630.0,-0.09466437,0.21170238,537,0,0.7348931667314476,4.239057,"{""type"":""Point"",""coordinates"":[108.3385733632811,13.801760530514096]}",108.3385733632811,13.801760530514096,680.7710909832157
00000000000000000122,2076.0,1565.0,576.0,785.0,1112.0,1895.0,0.095375724,0.26039243,538,0,0.5152935155863847,6.736317,"{""type"":""Point"",""coordinates"":[108.33076101823546,13.772655977938253]}",108.33076101823546,13.772655977938253,25.89524565922486
0000000000000000019d,2527.0,1647.5,576.0,849.5,908.5,2691.0,0.24052092,0.49520767,538,0,0.0108774140391221,0.92740995,"{""type"":""Point"",""coordinates"":[108.3345334177267,13.796101931277274]}",108.3345334177267,13.796101931277274,313.53947509755585
0000000000000000010e,3418.0,2520.0,748.0,1000.0,1111.0,2358.0,-0.033210333,0.3594696,539,0,0.4885386590454955,6.000653,"{""type"":""Point"",""coordinates"":[108.34369687039153,13.781547425438825]}",108.34369687039153,13.781547425438825,980.905041955224
000000000000000001e5,2216.0,1472.5,606.0,814.0,753.0,2351.0,0.2297633,0.51481956,539,0,0.3186468594734605,6.2343593,"{""type"":""Point"",""coordinates"":[108.33102856429868,13.774809723747067]}",108.33102856429868,13.774809723747067,238.70499052196513
0000000000000000000b,3148.0,2314.0,685.0,974.5,1195.5,2394.0,0.016992353,0.33389053,541,0,0.1506251516711059,8.756513,"{""type"":""Point"",""coordinates"":[108.34396441645472,13.769151124510245]}",108.34396441645472,13.769151124510245,110.73657697415933
000000000000000001f2,2894.5,2195.5,626.0,842.5,1065.5,2482.0,0.061250668,0.39929527,541,0,0.2606683056279021,2.9392226,"{""type"":""Point"",""coordinates"":[108.33938491967285,13.789096683522308]}",108.33938491967285,13.789096683522308,313.0109076024605
00000000000000000072,3348.0,2174.0,671.0,953.0,1124.0,2708.0,0.1093814,0.41336116,542,0,0.1698712923069363,6.344364,"{""type"":""Point"",""coordinates"":[108.33130056946294,13.811191529242132]}",108.33130056946294,13.811191529242132,119.95448502383883
000000000000000001b2,2503.0,1821.0,525.0,758.0,952.0,2552.0,0.16716214,0.456621,542,0,0.6201756510141783,2.1221554,"{""type"":""Point"",""coordinates"":[108.30542886515086,13.763760071336627]}",108.30542886515086,13.763760071336627,1244.879433317636
0000000000000000004f,3364.5,2559.0,734.0,936.5,1123.5,2499.5,-0.011762381,0.37979576,543,0,0.2829386540829999,4.8528857,"{""type"":""Point"",""coordinates"":[108.33911291450859,13.79933477954102]}",108.33911291450859,13.79933477954102,689.6630535840746
00000000000000000304,2606.0,1905.5,622.0,837.5,967.5,2229.5,0.0783555,0.39474508,544,0,0.2537600222585262,9.102495,"{""type"":""Point"",""coordinates"":[108.344236421619,13.769151124510245]}",108.344236421619,13.769151124510245,105.37320560305048
000000000000000000d1,2361.0,2127.0,620.0,767.0,951.0,2161.0,0.007929104,0.3888175,547,0,0.6027895075472217,0.92740995,"{""type"":""Point"",""coordinates"":[108.31701360968769,13.79313662907673]}",108.31701360968769,13.79313662907673,86.0260698166157
0000000000000000017d,2725.0,2022.0,584.0,878.0,1146.0,2255.0,0.05447744,0.32608056,547,0,0.398224809754496,1.330951,"{""type"":""Point"",""coordinates"":[108.30785461612393,13.760259677009675]}",108.30785461612393,13.760259677009675,1509.0938118930992
000000000000000001d1,2785.0,2381.0,837.0,1130.0,1419.0,1997.0,-0.08771128,0.16920374,547,0,0.7346889125136822,1.3310575,"{""type"":""Point"",""coordinates"":[108.33749871992723,13.79664148250474]}",108.33749871992723,13.79664148250474,386.8070360733558
00000000000000000308,3488.0,2484.0,622.0,907.0,1070.0,2511.0,0.0054054055,0.40240157,547,0,0.4305619238436107,6.343903,"{""type"":""Point"",""coordinates"":[108.344236421619,13.789903780812983]}",108.344236421619,13.789903780812983,44.34159405817373
00000000000000000181,3940.0,3183.0,919.0,1168.5,1487.5,2809.5,-0.06232791,0.3076565,549,0,0.6742002268256634,0.92740995,"{""type"":""Point"",""coordinates"":[108.31836471730689,13.803379184196498]}",108.31836471730689,13.803379184196498,125.64790846793291
000000000000000001fc,3360.0,2406.5,657.0,891.0,1113.5,2411.0,0.0009340944,0.36813733,549,0,0.3022194273916149,13.258009,"{""type"":""Point"",""coordinates"":[108.3445039676822,13.787478029839907]}",108.3445039676822,13.787478029839907,189.17191472060028
000000000000000002d3,2796.0,1971.0,685.0,888.0,1016.0,2696.0,0.15534605,0.4525862,550,0,0.423933551791177,13.29136,"{""type"":""Point"",""coordinates"":[108.33291476404429,13.766185822309705]}",108.33291476404429,13.766185822309705,151.65240152613157
00000000000000000116,1512.0,791.0,319.5,542.5,392.5,3119.5,0.59544814,0.7764806,551,0,0.6559588793994277,4.1654534,"{""type"":""Point"",""coordinates"":[108.31782516607943,13.79798813102288]}",108.31782516607943,13.79798813102288,65.1374800167175
00000000000000000306,2083.0,1706.0,463.0,669.0,871.0,1999.0,0.07908232,0.39303136,552,0,0.1804544071834866,3.7047918,"{""type"":""Point"",""coordinates"":[108.32079046827997,13.793136629076733]}",108.32079046827997,13.793136629076733,375.2354200836238
0000000000000000020b,2959.0,1929.0,544.0,825.0,878.0,2604.0,0.148908,0.49569213,554,0,0.1939227429104462,2.939242,"{""type"":""Point"",""coordinates"":[108.3148598638789,13.803646730259706]}",108.3148598638789,13.803646730259706,267.8566731319591
00000000000000000279,2460.0,1519.0,406.0,624.0,654.0,2693.0,0.27872744,0.60920227,554,0,0.5640625577853646,4.6273675,"{""type"":""Point"",""coordinates"":[108.32510241899865,13.80553293000531]}",108.32510241899865,13.80553293000531,75.86925413755668
0000000000000000027f,3105.0,2507.0,858.0,1137.0,1412.0,2847.0,0.06350392,0.33693355,554,0,0.7631084736609967,5.8629785,"{""type"":""Point"",""coordinates"":[108.31189456167836,13.759448120617945]}",108.31189456167836,13.759448120617945,1768.7569415360485
000000000000000002e2,3789.0,2875.0,881.0,1149.0,1348.0,2922.0,0.008107642,0.36861828,554,0,0.4100200100683742,2.6607175,"{""type"":""Point"",""coordinates"":[108.31324121019648,13.803107179032235]}",108.31324121019648,13.803107179032235,624.6074643700854
000000000000000000a7,3082.0,2277.0,629.0,812.0,999.0,2225.0,-0.011550422,0.38027295,556,0,0.0421022263442649,5.5099473,"{""type"":""Point"",""coordinates"":[108.32914236455308,13.81065643711572]}",108.32914236455308,13.81065643711572,121.06499123116136
00000000000000000106,3600.0,2749.0,925.0,1183.0,1607.0,2774.0,0.0045265253,0.26637754,556,0,0.1081736115777095,5.0025945,"{""type"":""Point"",""coordinates"":[108.32375131137947,13.772655977938253]}",108.32375131137947,13.772655977938253,216.1658161857026
00000000000000000125,3786.0,3035.0,896.0,1171.0,1445.0,2449.0,-0.10685631,0.25783256,557,0,0.5051820080906724,0.9549528,"{""type"":""Point"",""coordinates"":[108.33911291450859,13.795562380049807]}",108.33911291450859,13.795562380049807,280.6451345617991
000000000000000000c0,2700.5,1795.5,533.0,746.5,712.0,2965.0,0.24566747,0.61272776,558,0,0.6059983510780252,16.188908,"{""type"":""Point"",""coordinates"":[108.34746926988272,13.763760071336625]}",108.34746926988272,13.763760071336625,576.2828678225052
000000000000000000de,3881.0,3038.0,1008.0,1256.0,1538.0,2518.0,-0.09359251,0.24161735,559,0,0.4001576530622965,6.7183433,"{""type"":""Point"",""coordinates"":[108.33938491967285,13.79502282882234]}",108.33938491967285,13.79502282882234,233.01912011639752
000000000000000002a3,4121.0,3279.0,841.0,1095.0,1446.0,2529.0,-0.12913223,0.27245283,561,0,0.2010912782383933,11.845088,"{""type"":""Point"",""coordinates"":[108.31485986387888,13.804186281487173]}",108.31485986387888,13.804186281487173,288.6254841061352
00000000000000000174,2172.5,1696.5,467.5,697.5,1278.5,1802.5,0.03029437,0.17007466,562,0,0.3044808494375129,2.9392016,"{""type"":""Point"",""coordinates"":[108.25179925678104,13.773463075228925]}",108.25179925678104,13.773463075228925,299.6400017916039
000000000000000001c9,3870.0,3208.0,904.0,1205.0,1493.0,2539.0,-0.116408564,0.2594246,562,0,0.1110989278965191,2.7802885,"{""type"":""Point"",""coordinates"":[108.31593896633382,13.785052278866834]}",108.31593896633382,13.785052278866834,376.5105678881218
00000000000000000149,2453.0,1598.0,500.0,740.0,779.0,2328.0,0.1859399,0.49855167,563,0,0.0410227546645771,5.547545,"{""type"":""Point"",""coordinates"":[108.30785461612392,13.80580493516957]}",108.30785461612392,13.80580493516957,135.6580330443042
000000000000000000bb,3838.5,2907.5,783.0,1018.0,1101.0,2402.5,-0.09510358,0.37148565,564,0,0.4292245558457045,10.765781,"{""type"":""Point"",""coordinates"":[108.32941436971733,13.8198154306795]}",108.32941436971733,13.8198154306795,449.18609420069646
0000000000000000007f,2630.0,1746.5,483.5,655.5,838.5,2346.0,0.14648747,0.4733867,565,0,0.5749884740085064,8.077579,"{""type"":""Point"",""coordinates"":[108.30650350850472,13.805265383942102]}",108.30650350850472,13.805265383942102,162.8804003147473
000000000000000001df,2343.0,1715.0,495.0,810.0,841.0,2292.0,0.143998,0.46313438,565,0,0.1111748488676577,8.500245,"{""type"":""Point"",""coordinates"":[108.2272742009871,13.79340863424099]}",108.2272742009871,13.79340863424099,99.35204308405707
00000000000000000226,3139.5,2016.5,606.5,870.5,1079.0,2955.5,0.1888576,0.4651134,565,0,0.5594888048354594,8.724671,"{""type"":""Point"",""coordinates"":[108.31108746438767,13.78100787421136]}",108.31108746438767,13.78100787421136,713.8698183594511
00000000000000000243,1885.0,1366.0,436.0,611.0,737.5,1944.5,0.17474702,0.45003727,565,0,0.1878688501975977,1.3310078,"{""type"":""Point"",""coordinates"":[108.28467620884813,13.779661225693216]}",108.28467620884813,13.779661225693216,164.02084438540192
000000000000000002f6,2708.0,1622.5,509.5,757.5,856.0,2803.5,0.26683235,0.53217655,567,0,0.6937125964998782,11.874635,"{""type"":""Point"",""coordinates"":[108.33264721798109,13.829790439736055]}",108.33264721798109,13.829790439736055,1419.015312359694
000000000000000000c9,4064.5,3231.5,975.5,1259.5,1643.5,2741.0,-0.082126416,0.2503136,568,0,0.7663037615866249,6.2343993,"{""type"":""Point"",""coordinates"":[108.31054791316019,13.781819430603084]}",108.31054791316019,13.781819430603084,800.0966173517488
0000000000000000011b,2133.0,1613.0,537.0,767.0,1205.0,1720.0,0.03210321,0.17606838,568,0,0.2357442086092915,3.371072,"{""type"":""Point"",""coordinates"":[108.2434429014069,13.79017132687619]}",108.2434429014069,13.79017132687619,165.97882062062024
000000000000000000b4,2641.0,1960.0,515.0,683.0,846.0,2261.0,0.07131012,0.45542324,571,0,0.5846116517057097,18.858822,"{""type"":""Point"",""coordinates"":[108.3482763671734,13.786398927384973]}",108.3482763671734,13.786398927384973,585.6200731386402
0000000000000000019a,3320.0,2412.0,667.0,960.0,1127.0,2513.0,0.020507615,0.38076922,571,0,0.2893910775045694,6.7181025,"{""type"":""Point"",""coordinates"":[108.31539941510636,13.786398927384974]}",108.31539941510636,13.786398927384974,341.1266472501668
0000000000000000004a,2419.0,1411.0,488.0,782.0,672.0,2716.0,0.31621033,0.60330576,572,0,0.3187320156656726,6.7937675,"{""type"":""Point"",""coordinates"":[108.32456286777118,13.766457827473966]}",108.32456286777118,13.766457827473966,845.7936163802473
0000000000000000001f,2180.5,1170.0,436.0,662.5,560.0,2889.5,0.42357433,0.67531526,573,0,0.4170794702881797,2.122572,"{""type"":""Point"",""coordinates"":[108.26203735279978,13.820626987071225]}",108.26203735279978,13.820626987071225,455.2788298473393
000000000000000000e7,4109.0,3497.0,1023.0,1352.0,1785.0,2769.0,-0.11618257,0.21607378,576,0,0.6253901225519537,8.75657,"{""type"":""Point"",""coordinates"":[108.3148598638789,13.783973176411902]}",108.3148598638789,13.783973176411902,443.9941464133818
00000000000000000179,1912.0,1480.0,459.0,663.0,1006.0,1760.0,0.086419754,0.2725958,579,0,0.1844867388166264,3.3710349,"{""type"":""Point"",""coordinates"":[108.2809038093569,13.782358981830551]}",108.2809038093569,13.782358981830551,96.88617507454718
00000000000000000070,2437.0,1644.0,448.0,676.0,825.0,2209.0,0.14663899,0.45616347,584,0,0.0273953761860192,3.7047918,"{""type"":""Point"",""coordinates"":[108.27066125423714,13.793136629076733]}",108.27066125423714,13.793136629076733,414.0044396851632
0000000000000000012b,2640.5,1686.5,497.5,719.5,673.5,2490.0,0.19238597,0.57420576,584,0,0.1393844839752194,7.2030654,"{""type"":""Point"",""coordinates"":[108.34369687039151,13.796909028567947]}",108.34369687039151,13.796909028567947,651.0587834188343
000000000000000002b9,3181.5,2256.0,767.0,953.5,1110.5,2369.5,0.024537887,0.3617816,584,0,0.1783667522859344,6.7188864,"{""type"":""Point"",""coordinates"":[108.35339541518277,13.781547425438823]}",108.35339541518277,13.781547425438823,1238.6352740008099
00000000000000000221,3006.0,1862.0,645.0,866.0,922.0,2648.0,0.17427938,0.4834734,585,0,0.0662958237137057,12.902037,"{""type"":""Point"",""coordinates"":[108.35043457208329,13.812810182924531]}",108.35043457208329,13.812810182924531,2005.3529387389085
0000000000000000008c,2181.0,1348.0,527.5,755.0,688.5,2973.0,0.37607035,0.6239246,586,0,0.0760959885248163,5.109697,"{""type"":""Point"",""coordinates"":[108.26527466016456,13.818740787325618]}",108.26527466016456,13.818740787325618,262.2836712262038
000000000000000001f7,2516.0,1603.0,606.0,847.0,850.0,2708.0,0.25632104,0.5222035,586,0,0.2687717366893274,3.8252425,"{""type"":""Point"",""coordinates"":[108.3482763671734,13.81307772898774]}",108.3482763671734,13.81307772898774,1770.206584452619
00000000000000000267,2102.0,1038.0,384.0,638.0,469.0,3349.0,0.5267837,0.75432163,588,0,0.0631351890296741,18.096088,"{""type"":""Point"",""coordinates"":[108.35528161492837,13.782626527893758]}",108.35528161492837,13.782626527893758,1421.1686993170176
000000000000000002ff,2608.0,1643.5,568.0,800.0,859.5,2895.5,0.27583167,0.5422104,588,0,0.7985496043796767,16.357588,"{""type"":""Point"",""coordinates"":[108.34369687039151,13.762685427982749]}",108.34369687039151,13.762685427982749,386.2232455392942
00000000000000000218,2351.0,1211.0,438.0,644.0,642.0,2719.0,0.383715,0.6179708,590,0,0.4869425678882285,12.360727,"{""type"":""Point"",""coordinates"":[108.34369687039151,13.848384891128928]}",108.34369687039151,13.848384891128928,3687.7370582144076
000000000000000001ab,3076.5,2035.5,625.5,893.5,982.0,2745.5,0.1485045,0.4731053,592,0,0.4493202460900947,4.2392035,"{""type"":""Point"",""coordinates"":[108.3428853139998,13.811731080469599]}",108.3428853139998,13.811731080469599,1233.471671091203
0000000000000000019c,3549.5,2622.5,841.0,1092.0,1339.5,2688.0,0.012334055,0.3348231,593,0,0.2952269927001398,7.9363685,"{""type"":""Point"",""coordinates"":[108.35124166937395,13.781547425438823]}",108.35124166937395,13.781547425438823,1075.983108714355
00000000000000000038,2545.5,1828.0,500.5,793.0,936.0,2332.0,0.12115385,0.42717257,595,0,0.4504508013600621,4.6273675,"{""type"":""Point"",""coordinates"":[108.27820605321956,13.787478029839907]}",108.27820605321956,13.787478029839907,5.3577534334669075
00000000000000000195,2302.0,1328.0,419.0,689.0,639.0,2905.0,0.37254903,0.6393905,596,0,0.5880345566320616,0.0,"{""type"":""Point"",""coordinates"":[108.1760703435904,13.796369477340479]}",108.1760703435904,13.796369477340479,1950.1475486271468
0000000000000000029f,2407.0,1355.0,430.0,735.0,607.5,2937.5,0.3686663,0.65726376,597,0,0.5623684829450863,1.3310608,"{""type"":""Point"",""coordinates"":[108.1752632462997,13.797720584959672]}",108.1752632462997,13.797720584959672,1779.1188969473953
00000000000000000206,3158.5,2280.5,832.0,1106.0,1409.5,2605.0,0.06642104,0.2977955,598,0,0.471258019995292,6.718641,"{""type"":""Point"",""coordinates"":[108.3124341129058,13.75460107777285]}",108.3124341129058,13.75460107777285,2561.2882505405832
00000000000000000055,3893.0,3078.0,827.0,1070.0,1359.0,2347.0,-0.13474654,0.2665947,599,0,0.2872260612226841,9.887308,"{""type"":""Point"",""coordinates"":[108.31378076142394,13.755136169899265]}",108.31378076142394,13.755136169899265,2436.848568645387
00000000000000000242,2861.5,1857.0,580.0,756.5,881.5,2690.0,0.1831977,0.5063699,599,0,0.7197800829362127,6.6270795,"{""type"":""Point"",""coordinates"":[108.31889980943332,13.817389679706423]}",108.31889980943332,13.817389679706423,2316.9752282805707
0000000000000000024e,2212.0,1067.0,338.0,626.0,461.0,3010.0,0.4765759,0.73437047,599,0,0.4717631038884642,14.63545,"{""type"":""Point"",""coordinates"":[108.34962301569155,13.81281018292453]}",108.34962301569155,13.81281018292453,1918.9398706460718
00000000000000000314,2557.0,1946.0,589.0,866.0,1174.5,2109.0,0.040197287,0.28460485,599,0,0.5859086269638283,2.7802885,"{""type"":""Point"",""coordinates"":[108.27901760961129,13.789631775648722]}",108.27901760961129,13.789631775648722,51.573244629571896
0000000000000000010b,2979.0,1802.0,610.0,840.0,963.0,2668.0,0.19373602,0.46956763,600,0,0.512560252223568,9.849194,"{""type"":""Point"",""coordinates"":[108.34908346446409,13.792597077849264]}",108.34908346446409,13.792597077849264,631.2085209313661
0000000000000000027a,2947.5,2016.0,708.0,947.0,1051.5,2905.5,0.18073758,0.46853676,600,0,0.4003883140019759,2.6606815,"{""type"":""Point"",""coordinates"":[108.34746926988272,13.796909028567947]}",108.34746926988272,13.796909028567947,801.6816884882628
0000000000000000030b,1707.5,936.5,362.5,542.5,560.0,2588.5,0.4686525,0.64427507,600,0,0.0289885198500687,4.852853,"{""type"":""Point"",""coordinates"":[108.30623596244153,13.797720584959672]}",108.30623596244153,13.797720584959672,37.244524545106174
000000000000000000eb,3116.0,2201.0,676.0,922.0,938.0,2690.0,0.09997956,0.4829107,601,0,0.2257594047232879,14.289366,"{""type"":""Point"",""coordinates"":[108.34908346446409,13.793136629076733]}",108.34908346446409,13.793136629076733,658.1944411845594
000000000000000002fc,2502.0,2023.0,682.0,859.0,915.0,2186.0,0.03872654,0.4098678,601,0,0.1431853933888937,1.8543341,"{""type"":""Point"",""coordinates"":[108.32563751112505,13.762685427982749]}",108.32563751112505,13.762685427982749,998.7980577367491
0000000000000000005b,3381.0,2345.0,658.0,912.0,1047.0,2823.0,0.09249226,0.45891473,605,0,0.7147946177925286,2.6606507,"{""type"":""Point"",""coordinates"":[108.34935546962835,13.79178998055859]}",108.34935546962835,13.79178998055859,627.2148000565088
0000000000000000016d,1976.0,1602.5,686.0,1013.0,1152.5,1897.5,0.084285714,0.2442623,605,0,0.5787875016258657,4.1656933,"{""type"":""Point"",""coordinates"":[108.22916040073272,13.862127840575646]}",108.22916040073272,13.862127840575646,33.84331131019532
00000000000000000076,3336.0,2475.0,912.0,1233.0,1429.0,2913.0,0.08129176,0.34177798,607,0,0.4894922926879528,2.122525,"{""type"":""Point"",""coordinates"":[108.34369687039151,13.814156831442673]}",108.34369687039151,13.814156831442673,1261.0366795703887
00000000000000000312,2855.0,2157.0,632.5,876.0,1079.5,2262.0,0.023761032,0.353883,608,0,0.0375021693672116,4.724184,"{""type"":""Point"",""coordinates"":[108.2566507587272,13.96911505215097]}",108.2566507587272,13.96911505215097,245.50707382836453
000000000000000001eb,2170.0,1611.0,435.0,663.0,1146.0,1843.0,0.067168504,0.23318836,609,0,0.2563558358492833,6.7950377,"{""type"":""Point"",""coordinates"":[108.25637875356294,13.828978883344329]}",108.25637875356294,13.828978883344329,2386.013150626272
0000000000000000022d,2935.0,1646.5,593.0,823.0,886.0,2718.0,0.2455035,0.5083241,609,0,0.0128530364338268,5.8631215,"{""type"":""Point"",""coordinates"":[108.34962301569155,13.813889285379467]}",108.34962301569155,13.813889285379467,1897.3825786413643
00000000000000000208,2587.0,1901.0,598.0,782.0,843.0,2161.0,0.06400788,0.43874833,612,0,0.3688597011877954,16.641996,"{""type"":""Point"",""coordinates"":[108.32752371087066,13.820894533134432]}",108.32752371087066,13.820894533134432,681.5555507960231
0000000000000000009f,2847.5,1829.0,568.0,805.5,825.5,2416.0,0.13828033,0.4906679,613,0,0.2505929247952113,18.9386,"{""type"":""Point"",""coordinates"":[108.33722671476298,13.847573334737197]}",108.33722671476298,13.847573334737197,3428.881021778314
000000000000000001a5,3175.0,2343.0,925.0,1329.0,1689.0,3105.0,0.13986784,0.2953692,621,0,0.5209354883579488,8.086622,"{""type"":""Point"",""coordinates"":[108.27200790275526,13.983937104052625]}",108.27200790275526,13.983937104052625,74.38874963187392
000000000000000000d2,2908.5,1739.5,555.5,801.0,952.5,2822.5,0.23739588,0.49536425,622,0,0.2608411392901767,3.7047918,"{""type"":""Point"",""coordinates"":[108.35124166937396,13.793676180304196]}",108.35124166937396,13.793676180304196,893.5315100524957
0000000000000000021c,2844.5,2030.5,575.0,797.0,883.5,2265.0,0.054592013,0.43878037,622,0,0.7249796328506025,8.007163,"{""type"":""Point"",""coordinates"":[108.27443365372835,13.818468782161355]}",108.27443365372835,13.818468782161355,632.5463430096794
00000000000000000091,2352.0,1456.0,631.0,774.0,1012.0,2350.0,0.23489228,0.39797738,625,0,0.0016009215106418,4.1654763,"{""type"":""Point"",""coordinates"":[108.30138446049538,13.804186281487171]}",108.30138446049538,13.804186281487171,20.481276183785248
00000000000000000205,3380.0,2774.5,793.0,1043.5,1293.0,2461.5,-0.059778456,0.31122652,625,0,0.568203889576329,2.9391832,"{""type"":""Point"",""coordinates"":[108.3286028133256,13.759448120617945]}",108.3286028133256,13.759448120617945,1024.752848211018
00000000000000000142,2845.0,1978.0,693.0,922.0,1102.0,2464.0,0.109410174,0.38194054,626,0,0.7196828181848697,9.280597,"{""type"":""Point"",""coordinates"":[108.31728561485195,13.818468782161357]}",108.31728561485195,13.818468782161357,1603.1559880054283
000000000000000000b5,2271.0,1215.0,427.0,669.0,618.0,2914.0,0.41147977,0.6500566,629,0,0.2422358313668375,15.726963,"{""type"":""Point"",""coordinates"":[108.35043457208329,13.8149683878344]}",108.35043457208329,13.8149683878344,1966.7302229634479
000000000000000002af,3084.0,2469.0,706.0,906.0,1096.0,2172.0,-0.06399483,0.32925338,629,0,0.1150740075372168,8.723852,"{""type"":""Point"",""coordinates"":[108.31943936066078,13.7578339260366]}",108.31943936066078,13.7578339260366,1856.8485084331537
0000000000000000030e,2239.0,1125.0,476.0,702.0,475.0,3134.0,0.471707,0.7367692,635,0,0.1156565335993395,1.3310552,"{""type"":""Point"",""coordinates"":[108.35312786911956,13.795829926113012]}",108.35312786911956,13.795829926113012,1186.4269330263728
0000000000000000007b,3330.0,2388.0,752.0,1013.0,1253.0,2708.0,0.06279435,0.36733148,637,0,0.605511334179979,9.237976,"{""type"":""Point"",""coordinates"":[108.31054791316019,13.786398927384974]}",108.31054791316019,13.786398927384974,867.4909957940354
00000000000000000139,2711.0,2209.0,691.0,926.0,1085.0,2625.0,0.0860571,0.41509435,637,0,0.5981061298462513,6.5338116,"{""type"":""Point"",""coordinates"":[108.3286028133256,13.758641023327272]}",108.3286028133256,13.758641023327272,1099.2890248676374
000000000000000000a5,2008.0,1102.0,443.0,664.0,539.0,2556.0,0.39748496,0.65169626,641,0,0.3069802652141966,3.9876728,"{""type"":""Point"",""coordinates"":[108.31432031265142,13.8230527380443]}",108.31432031265142,13.8230527380443,1089.931565172669
000000000000000001e3,2806.0,1724.0,594.0,812.0,801.0,2666.0,0.21457858,0.53792906,642,0,0.5833919693634847,4.2384353,"{""type"":""Point"",""coordinates"":[108.32671661358,13.75918057455474]}",108.32671661358,13.75918057455474,1175.5260454567845
00000000000000000086,3266.0,1992.0,637.0,881.0,888.0,2934.0,0.19123021,0.53532183,643,0,0.5392290168226986,3.8149087,"{""type"":""Point"",""coordinates"":[108.27631985347395,13.819547884616288]}",108.27631985347395,13.819547884616288,576.0094415899006
00000000000000000301,2364.0,1487.0,415.0,630.5,633.5,2334.0,0.22166972,0.57304126,644,0,0.161064936004443,11.005461,"{""type"":""Point"",""coordinates"":[108.27578476134755,13.831944185544867]}",108.27578476134755,13.831944185544867,772.9929094821639
00000000000000000000,2848.0,1633.0,600.0,865.0,918.0,2204.0,0.14881417,0.41191545,645,0,0.5781746651818143,7.490174,"{""type"":""Point"",""coordinates"":[108.27847805838383,13.817389679706423]}",108.27847805838383,13.817389679706423,244.3263904726866
00000000000000000033,2505.0,1434.0,516.0,743.0,645.0,3259.0,0.38887706,0.6695697,646,0,0.3048077946077516,11.171577,"{""type"":""Point"",""coordinates"":[108.33507296895415,13.761066774300346]}",108.33507296895415,13.761066774300346,655.3590417228846
000000000000000001a7,2556.0,1593.0,518.0,751.0,717.0,3187.0,0.33347282,0.6326844,652,0,0.5526784094895388,7.616689,"{""type"":""Point"",""coordinates"":[108.35663272254757,13.814968387834398]}",108.35663272254757,13.814968387834398,2634.460745413043
000000000000000002ac,2867.5,1929.0,548.0,814.5,1016.0,2713.5,0.16898222,0.45515484,652,0,0.7795658750048154,9.384864,"{""type"":""Point"",""coordinates"":[108.27200790275526,13.889346193405878]}",108.27200790275526,13.889346193405878,193.4542345292132
00000000000000000302,3544.0,2524.0,792.0,1079.0,1253.0,2542.0,0.003553099,0.33965746,654,0,0.3837373915517151,7.293566,"{""type"":""Point"",""coordinates"":[108.27874560444704,13.820626987071225]}",108.27874560444704,13.820626987071225,1062.8375924027544
00000000000000000004,2645.5,1557.0,480.5,704.5,674.5,2902.0,0.30163714,0.6228156,655,0,0.289065460804958,1.3310918,"{""type"":""Point"",""coordinates"":[108.29734451494096,13.808230686142647]}",108.29734451494096,13.808230686142647,393.0957762368804
0000000000000000023a,3087.0,2225.0,799.5,1077.5,1344.0,2327.5,0.022515101,0.26787415,655,0,0.3935119357997043,1.909514,"{""type"":""Point"",""coordinates"":[108.29060681324918,13.812542636861325]}",108.29060681324918,13.812542636861325,229.9797045557142
00000000000000000074,1927.5,978.5,351.5,535.0,460.0,2473.0,0.43300015,0.686328,661,0,0.4104393239286799,7.814133,"{""type"":""Point"",""coordinates"":[108.35609317132011,13.816043031188281]}",108.35609317132011,13.816043031188281,2568.6907843626796
000000000000000001e1,2799.0,2060.0,629.5,823.0,951.0,2361.5,0.06818953,0.42581132,661,0,0.6974077141855373,8.633001,"{""type"":""Point"",""coordinates"":[108.27578476134755,13.820894533134432]}",108.27578476134755,13.820894533134432,1247.3036413081536
000000000000000002f8,2048.5,1035.0,401.0,636.5,493.0,2999.0,0.48686168,0.71764034,661,0,0.7958670095564541,11.1727295,"{""type"":""Point"",""coordinates"":[108.35636071738331,13.815235933897608]}",108.35636071738331,13.815235933897608,2602.750152801548
00000000000000000005,3280.0,2452.0,692.0,827.0,1105.0,2511.0,0.011887971,0.38882744,662,0,0.4380138917627552,2.862957,"{""type"":""Point"",""coordinates"":[108.29087435931241,13.813349734152002]}",108.29087435931241,13.813349734152002,265.0341571567445
0000000000000000009c,4196.0,3246.0,1033.0,1466.5,1972.5,3051.5,-0.030885272,0.21476911,662,0,0.7036889130363315,5.8636246,"{""type"":""Point"",""coordinates"":[108.3121665668426,14.003343111837223]}",108.3121665668426,14.003343111837223,116.25109615623396
00000000000000000272,2414.0,1826.0,484.5,786.0,1219.5,2109.0,0.07191868,0.26723748,663,0,0.056287957633659,9.61674,"{""type"":""Point"",""coordinates"":[108.29114190537561,13.990946810908643]}",108.29114190537561,13.990946810908643,328.1127184315548
00000000000000000190,3015.0,2059.0,782.0,1073.0,1210.0,2665.0,0.12828112,0.37548387,664,0,0.0898980840672298,6.719348,"{""type"":""Point"",""coordinates"":[108.30946881070528,13.830865083089938]}",108.30946881070528,13.830865083089938,793.9344110636156
000000000000000001ba,2280.0,1292.0,514.0,787.0,827.0,2787.0,0.3665114,0.5423354,664,0,0.1392419810241409,2.1221025,"{""type"":""Point"",""coordinates"":[108.32563751112505,13.756754823581664]}",108.32563751112505,13.756754823581664,1456.053121870665
000000000000000002a5,3059.0,1891.0,741.0,1028.0,1251.0,2574.0,0.15296753,0.34588236,665,0,0.3622059866549895,16.422567,"{""type"":""Point"",""coordinates"":[108.2811713554201,13.833830385290478]}",108.2811713554201,13.833830385290478,178.77231950394005
000000000000000002dd,3770.0,2612.0,870.0,1199.0,1163.0,2928.0,0.05703971,0.43143487,665,0,0.1068184649699762,3.7047918,"{""type"":""Point"",""coordinates"":[108.29680496371348,13.81065643711572]}",108.29680496371348,13.81065643711572,563.3733602296595
00000000000000000098,3135.0,2194.0,852.0,1074.5,1227.5,2470.0,0.059176672,0.33603787,666,0,0.0051011269886958,6.3448133,"{""type"":""Point"",""coordinates"":[108.30974081586953,13.831676639481662]}",108.30974081586953,13.831676639481662,881.3569999140052
000000000000000000c1,2783.0,1840.0,705.0,897.0,966.0,2623.0,0.17544253,0.4616885,669,0,0.7905271005117454,6.234578,"{""type"":""Point"",""coordinates"":[108.31701360968769,13.814156831442672]}",108.31701360968769,13.814156831442672,1913.2914398112791
000000000000000001cd,2272.0,1536.0,418.0,697.0,821.0,2483.0,0.23563075,0.5030266,669,0,0.544421359793246,10.096576,"{""type"":""Point"",""coordinates"":[108.29114190537561,13.99121435697185]}",108.29114190537561,13.99121435697185,323.04282455148393
000000000000000001d8,2510.0,1535.0,646.5,865.5,934.5,1980.0,0.12660028,0.3587236,670,0,0.571952026589443,13.742549,"{""type"":""Point"",""coordinates"":[108.28009671206621,13.831137088254197]}",108.28009671206621,13.831137088254197,373.1823938864497
000000000000000002ba,3004.0,2159.0,761.5,957.0,991.0,2557.0,0.08439355,0.44137543,670,0,0.4094673593141319,2.122621,"{""type"":""Point"",""coordinates"":[108.31027590799596,13.827092683598723]}",108.31027590799596,13.827092683598723,641.0520430867982
000000000000000000a3,2407.0,1627.0,414.0,641.0,760.0,2300.0,0.17137764,0.503268,671,0,0.4647287194269763,9.281211,"{""type"":""Point"",""coordinates"":[108.34342486522725,13.837063233554225]}",108.34342486522725,13.837063233554225,2525.1100861566547
000000000000000002b8,1669.5,874.0,400.0,586.0,461.0,2900.0,0.53683096,0.7256769,671,0,0.4093404766293281,6.025395,"{""type"":""Point"",""coordinates"":[108.23293280022394,13.83814233600916]}",108.23293280022394,13.83814233600916,53.19924434206007
000000000000000001d4,3406.0,2303.0,665.0,885.0,946.0,2873.0,0.11012365,0.50458235,672,0,0.3846077664044164,11.172789,"{""type"":""Point"",""coordinates"":[108.28225045787505,13.817929230933892]}",108.28225045787505,13.817929230933892,380.13076740695243
00000000000000000117,2805.0,1868.0,564.0,825.0,898.0,2579.0,0.15988307,0.48346275,673,0,0.4599544225549545,17.607502,"{""type"":""Point"",""coordinates"":[108.3498950208558,13.854043490365745]}",108.3498950208558,13.854043490365745,3508.422001087807
000000000000000002e9,2073.0,1313.5,389.5,561.0,587.0,2687.0,0.34333208,0.6414172,673,0,0.6470959929306472,6.795191,"{""type"":""Point"",""coordinates"":[108.34369687039151,13.836256136263554]}",108.34369687039151,13.836256136263554,2461.2386331148655
0000000000000000004b,2403.0,1217.0,360.0,658.0,544.0,2843.0,0.4004926,0.6787718,674,0,0.5615854985445218,8.007087,"{""type"":""Point"",""coordinates"":[108.29680496371348,13.812003085633858]}",108.29680496371348,13.812003085633858,667.790284055614
000000000000000001cb,3060.0,2353.0,792.0,1059.0,1184.0,2549.0,0.03998368,0.36565766,677,0,0.0930568921924767,11.348892,"{""type"":""Point"",""coordinates"":[108.292760559058,13.83059753702673]}",108.292760559058,13.83059753702673,620.4951142403796
0000000000000000015c,2790.0,1888.0,584.0,789.0,815.0,2435.0,0.1265325,0.49846154,678,0,0.7074737806694193,1.3311433,"{""type"":""Point"",""coordinates"":[108.29087435931241,13.82574603508058]}",108.29087435931241,13.82574603508058,80.05317428576902
000000000000000001d9,1952.0,1141.0,297.0,475.0,466.0,2562.0,0.3837429,0.6922061,679,0,0.1709040570784975,3.0092406,"{""type"":""Point"",""coordinates"":[108.28710195982119,13.838681887236627]}",108.28710195982119,13.838681887236627,275.3514423137507
0000000000000000002f,2344.0,1733.0,531.0,741.0,954.0,2287.0,0.13781095,0.41129282,680,0,0.4482602412223107,4.239754,"{""type"":""Point"",""coordinates"":[108.24586865237998,13.849191988419596]}",108.24586865237998,13.849191988419596,60.94131600151843
00000000000000000047,2573.5,1602.0,496.0,764.5,716.5,2563.0,0.23073229,0.5630431,680,0,0.1023114398490818,5.1099653,"{""type"":""Point"",""coordinates"":[108.29410720757615,13.832751282835543]}",108.29410720757615,13.832751282835543,332.01871983039086
00000000000000000084,4449.5,3553.5,1284.5,1574.5,1767.5,3088.5,-0.07000903,0.2720346,681,0,0.152480402159978,5.434985,"{""type"":""Point"",""coordinates"":[108.29572586125855,13.827632234826188]}",108.29572586125855,13.827632234826188,483.16678999231766
000000000000000001ce,3249.0,2259.5,695.5,983.0,1212.0,2478.0,0.046121374,0.34308943,684,0,0.6264471040062777,2.660913,"{""type"":""Point"",""coordinates"":[108.29815161223162,13.836256136263554]}",108.29815161223162,13.836256136263554,144.92462566983363
00000000000000000228,3484.0,2291.0,696.0,1008.0,1326.0,2711.0,0.08396641,0.34307653,684,0,0.7065935329859481,9.368878,"{""type"":""Point"",""coordinates"":[108.29787960706736,13.83814233600916]}",108.29787960706736,13.83814233600916,217.88653669438037
00000000000000000318,2869.5,2068.0,627.5,843.0,969.5,2263.5,0.04513448,0.40024745,685,0,0.4676747380493903,9.238661,"{""type"":""Point"",""coordinates"":[108.2827900091025,13.820626987071224]}",108.2827900091025,13.820626987071224,828.6146020684126
00000000000000000049,2366.0,1389.0,450.0,682.0,566.0,2597.0,0.3030607,0.6421119,686,0,0.2155987905301984,11.632429,"{""type"":""Point"",""coordinates"":[108.28818106227612,13.826825137535515]}",108.28818106227612,13.826825137535515,42.47985265875025
000000000000000001c7,2347.5,1465.5,446.5,660.5,631.5,2511.5,0.26301232,0.5981546,686,0,0.4033171808640952,12.947624,"{""type"":""Point"",""coordinates"":[108.28575531130305,13.816043031188283]}",108.28575531130305,13.816043031188283,227.68145766166933
00000000000000000108,3344.0,2373.0,1011.0,1224.0,1443.0,3047.0,0.12435424,0.3572383,687,0,0.0822577182835625,7.6015,"{""type"":""Point"",""coordinates"":[108.30003781197723,13.823587830170714]}",108.30003781197723,13.823587830170714,454.36173137716315
0000000000000000014b,2175.0,1006.5,329.5,628.0,375.5,2884.0,0.4825858,0.7695966,687,0,0.7671289512271195,2.0858023,"{""type"":""Point"",""coordinates"":[108.2986911634591,13.967768403632832]}",108.2986911634591,13.967768403632832,113.61846063258548
00000000000000000252,2057.0,1358.0,446.5,668.0,715.5,2382.5,0.27389386,0.5380891,687,0,0.7956640089873569,8.538431,"{""type"":""Point"",""coordinates"":[108.29006726202174,13.979625153333943]}",108.29006726202174,13.979625153333943,38.26065746375793
000000000000000001dc,3174.0,2234.5,709.0,935.5,1039.0,2946.0,0.13734196,0.47854453,689,0,0.4700655720528434,3.3712518,"{""type"":""Point"",""coordinates"":[108.29761206100414,13.829250888508588]}",108.29761206100414,13.829250888508588,219.50409838495966
00000000000000000280,2198.0,1313.0,439.5,671.0,630.0,2904.0,0.37728244,0.6434635,689,0,0.3736260470573185,7.6015477,"{""type"":""Point"",""coordinates"":[108.29761206100414,13.825478489017373]}",108.29761206100414,13.825478489017373,514.9011424004955
00000000000000000003,3039.0,2118.0,680.5,890.0,1058.5,2523.0,0.08726568,0.40890688,690,0,0.461439329412374,9.528267,"{""type"":""Point"",""coordinates"":[108.28818106227611,13.828171786053653]}",108.28818106227611,13.828171786053653,160.48170510685452
0000000000000000029b,2333.0,1866.0,473.0,660.0,860.0,2110.0,0.06136821,0.42087543,690,0,0.6993656106780759,4.678533,"{""type"":""Point"",""coordinates"":[108.29330011028547,13.986902406253167]}",108.29330011028547,13.986902406253167,246.79370379235553
000000000000000000e1,2732.0,1798.0,637.0,917.0,1096.0,2849.5,0.22625068,0.44443035,691,0,0.579309898689158,8.966401,"{""type"":""Point"",""coordinates"":[108.29841915829483,13.959956058587194]}",108.29841915829483,13.959956058587194,32.67131487456996
00000000000000000136,2030.0,1031.0,397.0,667.0,527.0,3067.0,0.49682772,0.70673347,691,0,0.772122402600896,3.8254082,"{""type"":""Point"",""coordinates"":[108.24452200386182,13.974778110488849]}",108.24452200386182,13.974778110488849,84.01247834384252
00000000000000000255,2650.0,1444.0,441.0,658.0,672.0,2967.0,0.34527317,0.63066775,691,0,0.6318506701992792,3.3718894,"{""type"":""Point"",""coordinates"":[108.29626541248601,13.966154209051481]}",108.29626541248601,13.966154209051481,431.0213927644463
000000000000000000d3,3978.5,2925.5,878.0,1184.5,1508.0,2573.0,-0.064108394,0.26096544,693,0,0.6499026213775283,3.0092309,"{""type"":""Point"",""coordinates"":[108.29923071468657,13.837874789945955]}",108.29923071468657,13.837874789945955,335.65434134334646
000000000000000000f7,1473.0,627.5,260.5,423.0,303.5,3169.0,0.6694324,0.825198,693,0,0.6822038569823815,5.786105,"{""type"":""Point"",""coordinates"":[108.3445039676822,13.83814233600916]}",108.3445039676822,13.83814233600916,2686.0929574981014
000000000000000001a8,2292.0,1463.0,460.0,694.0,669.0,3091.0,0.35748792,0.64414895,693,0,0.7742607260027737,7.20371,"{""type"":""Point"",""coordinates"":[108.29491876396789,13.821701630425109]}",108.29491876396789,13.821701630425109,305.9777868287023
000000000000000000ef,2819.0,1574.0,551.0,798.0,839.0,3154.0,0.33417937,0.5797646,694,0,0.4023607568832134,8.3425,"{""type"":""Point"",""coordinates"":[108.30731506489644,13.976664310234458]}",108.30731506489644,13.976664310234458,83.0901060705754
00000000000000000012,2688.0,1456.5,446.5,728.5,683.5,3161.0,0.36913913,0.6444271,695,0,0.6654132744402329,7.4391427,"{""type"":""Point"",""coordinates"":[108.29923071468657,13.968307954860299]}",108.29923071468657,13.968307954860299,37.24993152735648
000000000000000000b0,1745.0,823.0,430.0,607.5,355.5,3077.0,0.5779487,0.79286236,695,0,0.6900692852541028,6.719106,"{""type"":""Point"",""coordinates"":[108.30974081586953,13.822241181652572]}",108.30974081586953,13.822241181652572,667.2074790769096
00000000000000000171,1961.0,1442.5,525.5,802.0,802.0,1884.0,0.13272208,0.4028295,695,0,0.3238892674660222,5.4350724,"{""type"":""Point"",""coordinates"":[108.27874560444704,13.8411076382097]}",108.27874560444704,13.8411076382097,24.61629700934496
00000000000000000262,3367.5,2458.0,684.5,952.5,1019.5,2760.0,0.05787658,0.46051064,695,0,0.1121997764721293,5.310212,"{""type"":""Point"",""coordinates"":[108.29222100783055,13.820626987071224]}",108.29222100783055,13.820626987071224,220.6975469504015
00000000000000000023,2695.0,2078.0,544.0,785.0,800.0,2268.0,0.04371836,0.4784876,696,0,0.0780498537068629,6.719223,"{""type"":""Point"",""coordinates"":[108.30192401172283,13.826285586308046]}",108.30192401172283,13.826285586308046,106.25211385382937
000000000000000001f1,2993.0,2549.0,997.0,1297.0,1390.0,3119.0,0.10056458,0.3834553,696,0,0.2946273783420648,5.311139,"{""type"":""Point"",""coordinates"":[108.27200790275528,13.899588748525643]}",108.27200790275528,13.899588748525643,649.1278563027627
00000000000000000253,2461.0,1350.0,549.0,779.0,722.0,2782.0,0.3465634,0.58789957,696,0,0.243639105481036,5.9866476,"{""type"":""Point"",""coordinates"":[108.30381021146846,13.817661684870682]}",108.30381021146846,13.817661684870682,1494.648888760654
0000000000000000016c,2891.0,1670.0,497.0,791.0,855.0,2702.0,0.23604758,0.5192578,697,0,0.0005999065367400247,13.748605,"{""type"":""Point"",""coordinates"":[108.3008449092679,13.966154209051483]}",108.3008449092679,13.966154209051483,18.907292107468084
00000000000000000036,3069.0,2042.0,694.0,845.0,913.0,2657.0,0.13087891,0.4885154,698,0,0.6053397371458507,2.1225657,"{""type"":""Point"",""coordinates"":[108.29572586125855,13.8198154306795]}",108.29572586125855,13.8198154306795,487.65065053697833
000000000000000001a0,2155.0,930.5,352.5,661.0,389.5,3250.5,0.55489117,0.785989,698,0,0.4040756666969295,10.268544,"{""type"":""Point"",""coordinates"":[108.29841915829483,13.963188906850943]}",108.29841915829483,13.963188906850943,231.37944429977603
000000000000000001f0,3151.5,2032.5,841.5,1154.5,1209.5,2955.5,0.18504411,0.4192077,699,0,0.0372785248441175,12.488503,"{""type"":""Point"",""coordinates"":[108.31108746438767,13.984748660444355]}",108.31108746438767,13.984748660444355,349.9180719085772
000000000000000000e0,2362.0,1266.0,539.0,745.0,745.0,2626.0,0.34943473,0.55799466,700,0,0.1644203488711939,10.429779,"{""type"":""Point"",""coordinates"":[108.35474652280195,13.800413881995954]}",108.35474652280195,13.800413881995954,1626.781901915256
00000000000000000135,2878.0,1509.0,616.0,854.0,733.0,3147.0,0.35180414,0.62216496,700,0,0.4195246793404025,4.717742,"{""type"":""Point"",""coordinates"":[108.30138446049538,13.972352359515774]}",108.30138446049538,13.972352359515774,288.66320952632736
00000000000000000275,2325.0,1151.5,404.5,631.5,476.5,3024.5,0.44851533,0.7277921,700,0,0.0070362146041447,2.9394505,"{""type"":""Point"",""coordinates"":[108.29895870952231,13.959956058587192]}",108.29895870952231,13.959956058587192,19.430191616233294
00000000000000000034,3006.0,1835.5,501.0,775.5,848.5,3071.5,0.25188506,0.5670918,701,0,0.2214132269702582,1.3316468,"{""type"":""Point"",""coordinates"":[108.31566696116955,13.99579831285479]}",108.31566696116955,13.99579831285479,583.6639059671936
00000000000000000188,3357.5,2473.0,735.5,995.0,1017.5,2725.5,0.048571702,0.45631847,702,0,0.7359269045067145,18.260967,"{""type"":""Point"",""coordinates"":[108.2844086627849,13.817389679706425]}",108.2844086627849,13.817389679706425,356.1158104008687
000000000000000001f3,1319.0,513.0,298.0,556.0,298.0,3163.0,0.72089225,0.82779545,702,0,0.4738318805506486,0.92740995,"{""type"":""Point"",""coordinates"":[108.2434429014069,13.980976260953138]}",108.2434429014069,13.980976260953138,24.91270919495483
00000000000000000051,2379.5,1555.5,728.5,1013.5,1109.0,2845.5,0.2931152,0.43912,703,0,0.1606114436152991,1.8543341,"{""type"":""Point"",""coordinates"":[108.30515685998658,14.081765322064175]}",108.30515685998658,14.081765322064175,32.72393118621923
000000000000000001c1,2567.0,1822.5,645.5,1017.0,792.5,2853.5,0.2204876,0.56527704,703,0,0.0890484150064339,2.0860088,"{""type"":""Point"",""coordinates"":[108.32105801434318,14.076106722827351]}",108.32105801434318,14.076106722827351,36.85816072317342
00000000000000000285,2030.0,1748.0,695.5,1045.5,1579.5,1797.5,0.01396136,0.06455434,703,0,0.3614472593187556,4.2405324,"{""type"":""Point"",""coordinates"":[108.27254745398274,13.90201449949872]}",108.27254745398274,13.90201449949872,606.0672615817019
00000000000000000083,2330.0,1240.0,404.0,701.0,604.0,3078.0,0.42566,0.67191744,704,0,0.3241735755555044,3.9279535,"{""type"":""Point"",""coordinates"":[108.29599340732175,13.980976260953137]}",108.29599340732175,13.980976260953137,14.20577753554626
00000000000000000092,2331.0,1589.0,541.0,751.0,991.0,2385.0,0.20030196,0.4129147,704,0,0.3805326135594333,13.77157,"{""type"":""Point"",""coordinates"":[108.28494375491132,13.955372102704253]}",108.28494375491132,13.955372102704253,66.85619318248489
00000000000000000118,2747.0,1828.0,508.0,768.0,977.0,2641.0,0.18191989,0.4599226,704,0,0.1310036353924564,9.616659,"{""type"":""Point"",""coordinates"":[108.29141391053986,13.968307954860299]}",108.29141391053986,13.968307954860299,163.87301523913158
00000000000000000192,1517.0,644.0,319.0,598.0,360.0,3023.0,0.6487592,0.7871711,704,0,0.5406872047656054,3.4110935,"{""type"":""Point"",""coordinates"":[108.24452200386182,13.982050904307014]}",108.24452200386182,13.982050904307014,158.54726577840955
000000000000000002a2,2800.0,2353.0,623.0,870.0,1396.0,1991.0,-0.083333336,0.17567168,704,0,0.1721891245929013,4.6273675,"{""type"":""Point"",""coordinates"":[108.28251800393825,13.875063692731691]}",108.28251800393825,13.875063692731691,3.8156518355303968
00000000000000000219,3237.5,2051.5,916.5,1182.5,1358.0,3057.0,0.19682881,0.38482445,705,0,0.727623454597591,5.8636327,"{""type"":""Point"",""coordinates"":[108.35124166937395,14.006308414037766]}",108.35124166937395,14.006308414037766,319.26931268242134
0000000000000000025a,2302.0,1300.0,418.0,736.0,596.0,2516.0,0.3186583,0.6169666,705,0,0.5359892644494887,15.57805,"{""type"":""Point"",""coordinates"":[108.33480096378989,13.871019288076218]}",108.33480096378989,13.871019288076218,1537.8789865762587
0000000000000000028c,2797.0,1713.5,636.5,859.5,955.0,2748.5,0.23195876,0.48427165,705,0,0.1606250245749306,13.771573,"{""type"":""Point"",""coordinates"":[108.29923071468657,13.958069858841586]}",108.29923071468657,13.958069858841586,197.95672622163323
0000000000000000004e,3025.0,2360.0,621.0,915.0,1468.0,2390.0,0.0063157897,0.23898393,706,0,0.7886497760865765,5.9881234,"{""type"":""Point"",""coordinates"":[108.28898815956678,13.959956058587194]}",108.28898815956678,13.959956058587194,138.197619316734
0000000000000000013b,2423.0,1546.5,497.5,838.5,689.0,3098.5,0.33412272,0.63617164,706,0,0.447997685381223,8.633787,"{""type"":""Point"",""coordinates"":[108.33803381205365,13.857276338629495]}",108.33803381205365,13.857276338629495,2977.2170220787757
000000000000000001f9,2687.0,1583.0,579.0,784.0,950.0,2511.0,0.22667319,0.45102572,706,0,0.5460482501288352,6.00502,"{""type"":""Point"",""coordinates"":[108.30219155778605,13.969387057315233]}",108.30219155778605,13.969387057315233,260.00064159020764
0000000000000000022c,2724.0,1506.0,437.0,705.0,637.0,3000.0,0.33155793,0.6497113,706,0,0.7932257233551412,3.9889665,"{""type"":""Point"",""coordinates"":[108.29195346176735,13.969387057315233]}",108.29195346176735,13.969387057315233,133.8970448064456
000000000000000002f7,2630.0,1925.0,494.0,776.0,938.0,2336.5,0.096562244,0.4270881,706,0,0.6534318609751739,4.71914,"{""type"":""Point"",""coordinates"":[108.34315731916405,14.076646274054818]}",108.34315731916405,14.076646274054818,455.4134211473785
000000000000000000ba,2755.5,1672.5,532.0,763.5,747.5,2886.5,0.26628646,0.5886076,707,0,0.02775257287848,1.9095753,"{""type"":""Point"",""coordinates"":[108.29168145660307,13.820087435843755]}",108.29168145660307,13.820087435843755,287.1667899137138
000000000000000000ee,3169.0,2060.0,662.0,878.0,987.0,2541.5,0.10463979,0.44055548,707,0,0.3334083646840817,5.4359045,"{""type"":""Point"",""coordinates"":[108.2924930129948,13.969926608542698]}",108.2924930129948,13.969926608542698,124.63625845966543
000000000000000002a9,3134.0,2501.0,669.0,1032.0,1492.0,2253.0,-0.052166596,0.20320427,707,0,0.2097649360061309,4.677683,"{""type"":""Point"",""coordinates"":[108.2827900091025,13.87425659544102]}",108.2827900091025,13.87425659544102,96.59006726664482
00000000000000000128,2514.0,1488.0,439.0,668.0,626.0,2579.0,0.2682567,0.6093604,709,0,0.2285159136682495,5.0032024,"{""type"":""Point"",""coordinates"":[108.29626541248602,13.96804040879709]}",108.29626541248602,13.96804040879709,359.13960796785784
00000000000000000211,3121.0,1977.0,683.0,984.0,1158.0,2809.0,0.17384037,0.4161835,709,0,0.6685211404184769,4.7169733,"{""type"":""Point"",""coordinates"":[108.29249301299481,13.9144108004273]}",108.29249301299481,13.9144108004273,174.1655669540887
000000000000000000d7,2039.0,1285.5,503.0,760.0,872.0,3044.5,0.40623558,0.5547044,710,0,0.2516709885635324,3.4112356,"{""type"":""Point"",""coordinates"":[108.2809038093569,13.995526307690533]}",108.2809038093569,13.995526307690533,5.540643333025218
00000000000000000079,2406.0,1228.0,531.0,822.0,602.5,3559.0,0.4869438,0.71044093,711,0,0.7348880482786401,14.438672,"{""type"":""Point"",""coordinates"":[108.34935546962835,14.02705661123945]}",108.34935546962835,14.02705661123945,792.4075541637077
00000000000000000109,1498.0,649.5,351.0,533.0,350.0,3181.0,0.6608798,0.8017559,711,0,0.4321007391537931,9.86089,"{""type"":""Point"",""coordinates"":[108.3857372751234,14.095508271510894]}",108.3857372751234,14.095508271510894,28.936199527789064
0000000000000000023b,2019.0,1195.0,502.0,737.0,588.0,2167.0,0.2891136,0.5731397,712,0,0.4907692196880805,1.3319647,"{""type"":""Point"",""coordinates"":[108.30300311417777,14.101978427139445]}",108.30300311417777,14.101978427139445,66.30778762055411
000000000000000000c3,3210.0,2152.0,646.0,899.0,1169.0,2524.0,0.079555176,0.36691037,713,0,0.7439827777535797,5.0028195,"{""type"":""Point"",""coordinates"":[108.30461730875912,13.845419588928383]}",108.30461730875912,13.845419588928383,627.413705850118
000000000000000001a9,2305.0,1142.0,387.5,680.0,530.0,3264.0,0.481616,0.7206115,713,0,0.1555408940810029,11.920213,"{""type"":""Point"",""coordinates"":[108.2968049637135,14.039724917332292]}",108.2968049637135,14.039724917332292,653.0743065575953
000000000000000001bc,3488.0,2213.0,635.0,837.0,984.0,2837.5,0.123651125,0.48501897,713,0,0.7115943258359484,5.312203,"{""type"":""Point"",""coordinates"":[108.31351321536074,13.989867708453707]}",108.31351321536074,13.989867708453707,275.37552134266485
000000000000000001ed,1612.0,848.0,370.0,540.0,381.0,3123.0,0.5729036,0.78253424,713,0,0.2481255114542481,5.511998,"{""type"":""Point"",""coordinates"":[108.27793850715636,13.926807101355877]}",108.27793850715636,13.926807101355877,85.71407893725348
000000000000000001de,3067.0,2066.0,713.0,965.5,1030.5,3009.0,0.1858128,0.48978835,714,0,0.2417717375958886,2.1236694,"{""type"":""Point"",""coordinates"":[108.29491876396789,13.968579960024558]}",108.29491876396789,13.968579960024558,403.45148512607915
000000000000000001ff,3501.0,2578.0,800.0,1162.0,1414.0,2947.0,0.06678733,0.3515249,714,0,0.0813905802302359,2.6621268,"{""type"":""Point"",""coordinates"":[108.30623596244153,14.041071565850432]}",108.30623596244153,14.041071565850432,348.4147474792207
00000000000000000032,2789.5,2143.0,581.5,858.5,1316.0,2265.5,0.027787229,0.26511237,715,0,0.3994265800213306,1.9100064,"{""type"":""Point"",""coordinates"":[108.28575531130305,13.872637941758615]}",108.28575531130305,13.872637941758615,126.90762604961046
0000000000000000007e,3281.5,2153.0,681.0,914.5,1030.5,2463.0,0.067157716,0.41004723,715,0,0.4735738820443128,7.4391956,"{""type"":""Point"",""coordinates"":[108.32348376531624,14.069101475072387]}",108.32348376531624,14.069101475072387,110.08960534647521
00000000000000000088,3876.0,3079.0,923.5,1255.5,1407.5,3023.5,-0.009094633,0.36470324,715,0,0.719735708064229,2.7802885,"{""type"":""Point"",""coordinates"":[108.29356765634869,13.913871249199834]}",108.29356765634869,13.913871249199834,260.9645794607184
000000000000000000e3,1657.0,929.0,375.0,568.0,428.0,3646.0,0.59387976,0.7898871,715,0,0.231888118425308,3.9262865,"{""type"":""Point"",""coordinates"":[108.27767096109314,13.876949892477297]}",108.27767096109314,13.876949892477297,13.142257924043161
000000000000000001e0,3073.0,1771.0,540.0,805.0,842.0,2979.0,0.2543158,0.55927765,715,0,0.6951324626647074,2.864818,"{""type"":""Point"",""coordinates"":[108.3008449092679,13.964268009305874]}",108.3008449092679,13.964268009305874,13.1997999268334
00000000000000000201,2338.0,1194.0,398.0,633.0,496.0,3033.0,0.43506032,0.71890056,715,0,0.6594233759516175,2.6617243,"{""type"":""Point"",""coordinates"":[108.28952771079426,13.973699008033917]}",108.28952771079426,13.973699008033917,24.820357868039356
0000000000000000000e,2317.0,1622.0,493.0,734.0,991.0,2747.0,0.257496,0.46976992,716,0,0.5610260334431059,6.7954516,"{""type"":""Point"",""coordinates"":[108.28117135542011,13.849191988419596]}",108.28117135542011,13.849191988419596,195.24789484986255
0000000000000000027b,2212.5,1494.5,449.0,657.0,672.0,2745.5,0.29504716,0.60673004,716,0,0.0013894282564516,2.9394054,"{""type"":""Point"",""coordinates"":[108.28386911155745,13.926267550128408]}",108.28386911155745,13.926267550128408,243.0432858928625
0000000000000000009d,2676.0,1484.0,508.0,816.0,698.0,3088.0,0.35083115,0.6312731,717,0,0.5281050422334834,12.545367,"{""type"":""Point"",""coordinates"":[108.37522717394043,14.011427462047118]}",108.37522717394043,14.011427462047118,291.45394659949955
00000000000000000127,2788.0,1796.5,535.0,801.0,934.5,2903.5,0.23553191,0.5130276,717,0,0.0953913243760982,7.4391074,"{""type"":""Point"",""coordinates"":[108.28682995465692,13.900128299753108]}",108.28682995465692,13.900128299753108,28.394739428542493
0000000000000000019e,3179.5,2732.0,1188.5,1375.0,1486.5,2218.0,-0.103838384,0.19746254,717,0,0.387728180482853,2.0860193,"{""type"":""Point"",""coordinates"":[108.32887481848987,14.081765322064175]}",108.32887481848987,14.081765322064175,47.173312813524376
000000000000000000f0,3419.0,2395.0,780.0,1103.5,1218.5,2911.5,0.09733346,0.40992737,718,0,0.1400656550914758,3.7047918,"{""type"":""Point"",""coordinates"":[108.29303256422226,13.913871249199834]}",108.29303256422226,13.913871249199834,204.53813318577795
0000000000000000012a,2196.0,1434.5,602.0,870.5,855.0,2579.5,0.28525162,0.50211096,718,0,0.5459000738169878,8.54013,"{""type"":""Point"",""coordinates"":[108.360672668102,14.026249513948775]}",108.360672668102,14.026249513948775,19.628789107748137
000000000000000001b6,2794.0,2353.0,594.5,858.0,918.0,2248.0,-0.022821127,0.42008844,718,0,0.605549486375343,0.95612985,"{""type"":""Point"",""coordinates"":[108.32079046827997,14.079879122318568]}",108.32079046827997,14.079879122318568,117.10220280390463
000000000000000002c0,2900.0,1795.5,572.5,849.0,830.5,3183.0,0.2786984,0.5861468,718,0,0.5249442118914848,6.9120374,"{""type"":""Point"",""coordinates"":[108.34504351890966,14.078260468636168]}",108.34504351890966,14.078260468636168,362.92983334954135
00000000000000000013,3460.5,2167.5,634.0,905.5,1122.0,2422.0,0.055452663,0.36681715,719,0,0.1285758836474561,11.285772,"{""type"":""Point"",""coordinates"":[108.30192401172283,13.847845339901456]}",108.30192401172283,13.847845339901456,246.43018865641022
000000000000000001da,2652.5,1517.5,459.0,701.5,665.0,2973.0,0.32412872,0.6344145,719,0,0.2019100481930519,2.6612668,"{""type"":""Point"",""coordinates"":[108.29114190537561,13.896351441160844]}",108.29114190537561,13.896351441160844,514.2148800625354
00000000000000000251,2700.0,1808.0,578.0,884.0,973.0,2739.0,0.20475039,0.47575432,719,0,0.5887582994245525,7.598444,"{""type"":""Point"",""coordinates"":[108.29060681324918,13.886113345142132]}",108.29060681324918,13.886113345142132,55.67704215083913
00000000000000000035,2651.0,2209.0,557.0,765.0,1196.0,1944.0,-0.0638093,0.23821656,720,0,0.6090118891536874,4.6776915,"{""type"":""Point"",""coordinates"":[108.28494375491132,13.875331238794898]}",108.28494375491132,13.875331238794898,179.13908247162007
0000000000000000006a,3060.0,2195.0,653.0,984.0,1072.0,3082.0,0.16808793,0.48387095,720,0,0.3960787197129107,5.863666,"{""type"":""Point"",""coordinates"":[108.38897012338717,14.01897226102955]}",108.38897012338717,14.01897226102955,17.7416002559914
0000000000000000023e,2325.0,2101.0,520.0,727.0,1094.0,2118.0,0.004029391,0.31880447,720,0,0.3068178439919792,3.7047918,"{""type"":""Point"",""coordinates"":[108.2844086627849,13.848924442356392]}",108.2844086627849,13.848924442356392,113.99926043696732
000000000000000000e2,2552.0,1485.5,536.5,835.5,696.0,3041.5,0.3437155,0.6275585,721,0,0.4004243780453345,2.6619906,"{""type"":""Point"",""coordinates"":[108.38897012338717,14.018432709802083]}",108.38897012338717,14.018432709802083,33.217069353358774
00000000000000000126,3023.0,1858.5,572.0,816.5,876.5,2737.5,0.19125326,0.5149419,721,0,0.3808779112722388,2.6617146,"{""type"":""Point"",""coordinates"":[108.29330011028547,13.972080354351514]}",108.29330011028547,13.972080354351514,10.068212059948737
00000000000000000168,2855.5,1670.0,561.5,835.5,885.5,3178.5,0.31112716,0.56422246,721,0,0.5058235302219681,7.9041953,"{""type"":""Point"",""coordinates"":[108.31189456167836,13.983937104052625]}",108.31189456167836,13.983937104052625,398.1963554109298
000000000000000001d2,3493.0,2448.0,825.0,1160.0,1444.5,2932.0,0.089962825,0.33988348,721,0,0.7595937059950177,10.750342,"{""type"":""Point"",""coordinates"":[108.31054791316019,14.037031620296005]}",108.31054791316019,14.037031620296005,146.54603936839416
0000000000000000028b,1980.0,1200.0,327.5,507.0,510.0,2378.0,0.3292342,0.6468144,721,0,0.5404168907116155,3.818639,"{""type"":""Point"",""coordinates"":[108.24101715043382,14.04592306779658]}",108.24101715043382,14.04592306779658,114.91436170126214
000000000000000002e7,2609.5,1576.5,572.0,863.5,932.0,2660.5,0.2558414,0.48114127,721,0,0.2138244498923356,3.410104,"{""type"":""Point"",""coordinates"":[108.29006726202172,13.8866528963696]}",108.29006726202172,13.8866528963696,11.516372539644085
000000000000000000ac,3116.0,1834.5,598.5,888.0,941.0,3344.5,0.29156208,0.5608447,722,0,0.2722572822506118,13.176483,"{""type"":""Point"",""coordinates"":[108.31297366413327,13.9879815087081]}",108.31297366413327,13.9879815087081,62.228448041938925
000000000000000000ad,1815.0,775.0,372.0,570.0,387.0,3581.0,0.644169,0.8049395,722,0,0.729911628860246,17.119883,"{""type"":""Point"",""coordinates"":[108.32914236455308,14.068022372617454]}",108.32914236455308,14.068022372617454,82.61784969084754
000000000000000000fa,3537.0,2594.0,1012.0,1304.0,1481.0,3050.0,0.08079376,0.34628117,722,0,0.5806228056112493,7.606362,"{""type"":""Point"",""coordinates"":[108.39166342042343,14.019244266193809]}",108.39166342042343,14.019244266193809,48.549741195044376
000000000000000001b3,2232.5,1267.0,386.5,545.0,499.0,2724.0,0.36507142,0.6903506,722,0,0.2037778188148133,1.3318903,"{""type"":""Point"",""coordinates"":[108.33911291450859,14.077185825282287]}",108.33911291450859,14.077185825282287,146.91738877949265
00000000000000000089,2797.0,1763.0,528.0,759.0,895.0,2973.0,0.25548986,0.5372285,723,0,0.146333745054531,9.240501,"{""type"":""Point"",""coordinates"":[108.29141391053986,13.911985049454223]}",108.29141391053986,13.911985049454223,16.92848782285211
000000000000000001c2,2552.0,1397.0,479.0,743.0,666.0,2984.0,0.36224607,0.6350685,723,0,0.4146804249913504,8.342529,"{""type"":""Point"",""coordinates"":[108.29572586125855,14.03945737126908]}",108.29572586125855,14.03945737126908,549.64203477936
0000000000000000021a,2330.0,1096.5,388.5,652.0,468.5,3202.5,0.48988137,0.7447562,723,0,0.7071478560209987,8.080288,"{""type"":""Point"",""coordinates"":[108.292760559058,13.894737246579492]}",108.292760559058,13.894737246579492,911.1532614942515
00000000000000000310,3543.0,2685.0,818.0,1085.0,1272.0,2931.0,0.04380342,0.39471805,723,0,0.2651418680328785,10.501941,"{""type"":""Point"",""coordinates"":[108.29410720757616,13.913331697972367]}",108.29410720757616,13.913331697972367,307.13242680179223
00000000000000000008,4513.5,3663.0,1304.5,1563.0,1814.0,2977.0,-0.10331325,0.24274682,724,0,0.0809210466917415,2.122576,"{""type"":""Point"",""coordinates"":[108.29895870952231,13.821166538298693]}",108.29895870952231,13.821166538298693,722.9748066561806
00000000000000000024,2716.5,1478.5,490.0,755.0,717.0,2786.0,0.30660102,0.5906366,725,0,0.3110336486186521,19.780174,"{""type"":""Point"",""coordinates"":[108.35636071738331,14.01924426619381]}",108.35636071738331,14.01924426619381,463.0278220464787
000000000000000000fd,2046.0,1222.0,525.0,794.0,721.0,3027.5,0.4248735,0.6153128,725,0,0.7241775177401103,5.7172847,"{""type"":""Point"",""coordinates"":[108.22673464975963,14.041071565850428]}",108.22673464975963,14.041071565850428,54.51314082008547
000000000000000001cf,3146.5,2386.5,856.0,1085.0,1150.0,3010.5,0.115619786,0.44718182,725,0,0.7040946403366203,9.241729,"{""type"":""Point"",""coordinates"":[108.3043497626959,13.97261990557898]}",108.3043497626959,13.97261990557898,316.6883095083805
00000000000000000232,1966.0,1099.0,421.0,660.0,626.0,2636.0,0.4115127,0.6161864,725,0,0.7573960454127897,6.0251055,"{""type"":""Point"",""coordinates"":[108.29976580681299,13.820087435843755]}",108.29976580681299,13.820087435843755,765.0424586640717
0000000000000000025f,3973.5,2969.0,989.0,1267.0,1405.5,2808.0,-0.027869137,0.33285868,725,0,0.6176566808693261,0.9563302,"{""type"":""Point"",""coordinates"":[108.30650350850472,14.127850131451538]}",108.30650350850472,14.127850131451538,216.902712895129
000000000000000000a1,2498.0,1320.0,391.0,678.0,541.0,3021.0,0.3918452,0.69623804,726,0,0.3120416972621311,5.4359207,"{""type"":""Point"",""coordinates"":[108.29303256422226,13.97261990557898]}",108.29303256422226,13.97261990557898,50.186580183912554
000000000000000000a4,2534.5,1449.0,534.5,837.0,835.5,3199.0,0.37650603,0.5858223,726,0,0.2678116052368466,2.7802885,"{""type"":""Point"",""coordinates"":[108.37334097419483,14.005768862810298]}",108.37334097419483,14.005768862810298,67.95924493812407
000000000000000000b8,2778.0,1624.5,466.5,732.0,677.0,3207.0,0.32753804,0.6513903,726,0,0.2261165555564531,17.403805,"{""type"":""Point"",""coordinates"":[108.29168145660307,13.885573793914663]}",108.29168145660307,13.885573793914663,150.68063431361918
00000000000000000019,2225.0,1039.0,387.0,588.0,457.0,3189.0,0.50851464,0.7493143,727,0,0.0438285518916137,8.597066,"{""type"":""Point"",""coordinates"":[108.29787960706736,13.95699075638665]}",108.29787960706736,13.95699075638665,235.32843141475087
000000000000000002b0,2766.0,2269.0,774.0,1043.0,1342.0,2107.0,-0.03702011,0.22180343,727,0,0.4211473213326588,9.641277,"{""type"":""Point"",""coordinates"":[108.28117135542011,13.905247347762469]}",108.28117135542011,13.905247347762469,8.73464919088198
0000000000000000003c,1874.5,942.0,425.5,722.5,420.0,3847.0,0.60659844,0.8031404,728,0,0.6559138144565564,7.4920883,"{""type"":""Point"",""coordinates"":[108.31755316091518,14.049427921224586]}",108.31755316091518,14.049427921224586,27.445282684108637
00000000000000000124,2333.0,1243.0,460.0,750.0,684.0,2723.0,0.37317196,0.5984737,728,0,0.3824001442270126,8.534377,"{""type"":""Point"",""coordinates"":[108.30461730875913,13.868325991039935]}",108.30461730875913,13.868325991039935,1005.266407087961
0000000000000000020a,2352.0,1118.0,356.0,599.0,383.0,3369.0,0.5016715,0.79584223,728,0,0.2867215141856826,2.9394677,"{""type"":""Point"",""coordinates"":[108.29653295854924,13.972891910743238]}",108.29653295854924,13.972891910743238,32.520866787531915
0000000000000000008e,3159.0,2000.0,582.5,800.0,931.5,2828.5,0.17158538,0.50452125,729,0,0.4658339162687426,10.556884,"{""type"":""Point"",""coordinates"":[108.29410720757615,14.01978381742128]}",108.29410720757615,14.01978381742128,116.01093375179587
000000000000000000aa,2616.5,2186.0,743.5,935.0,1145.5,2101.5,-0.019708455,0.29442564,729,0,0.3741388980387379,2.6613357,"{""type"":""Point"",""coordinates"":[108.28090380935689,13.907940644798746]}",108.28090380935689,13.907940644798746,55.8426149284207
000000000000000000dd,2996.0,1873.0,561.0,819.0,889.0,3015.0,0.23363338,0.5445697,729,0,0.4572101653072927,7.6053057,"{""type"":""Point"",""coordinates"":[108.29734451494096,13.976931856297663]}",108.29734451494096,13.976931856297663,38.90256871462282
000000000000000000fb,2265.5,1138.5,434.5,682.5,516.5,3506.0,0.5097427,0.7431945,730,0,0.7177530589473489,8.872007,"{""type"":""Point"",""coordinates"":[108.3366871635355,14.008462159846578]}",108.3366871635355,14.008462159846578,391.7078239722497
00000000000000000268,2882.5,1597.0,509.0,723.5,784.0,2867.0,0.2844982,0.5705286,730,0,0.0189393738929497,6.2354693,"{""type"":""Point"",""coordinates"":[108.29815161223162,13.973427002869654]}",108.29815161223162,13.973427002869654,146.69620862299328
000000000000000002c4,2432.0,1338.0,433.0,673.0,565.0,3017.0,0.38553387,0.6845338,730,0,0.4986428186984006,6.8001614,"{""type"":""Point"",""coordinates"":[108.34612262136459,14.077725376509756]}",108.34612262136459,14.077725376509756,466.05143466356964
00000000000000000099,3041.0,1786.5,485.5,684.5,635.5,3108.0,0.26999694,0.6604782,731,0,0.5390190161504825,7.337929,"{""type"":""Point"",""coordinates"":[108.31000836193274,14.138088227470249]}",108.31000836193274,14.138088227470249,665.1999536370686
00000000000000000185,3540.0,2859.0,850.0,1137.0,1533.0,2299.0,-0.10856921,0.19989562,731,0,0.7782968435551098,4.7242556,"{""type"":""Point"",""coordinates"":[108.31405276658822,14.05508652046141]}",108.31405276658822,14.05508652046141,73.51070594854724
000000000000000000f8,3291.0,2386.0,677.0,991.0,1208.0,2765.0,0.07357795,0.3918953,732,0,0.0778189164934681,1.3315872,"{""type"":""Point"",""coordinates"":[108.29437921274041,13.975852753842728]}",108.29437921274041,13.975852753842728,29.91511492799258
00000000000000000145,1287.5,790.5,611.0,849.5,822.5,1973.5,0.4280029,0.4116595,732,0,0.7397910455069826,8.500379,"{""type"":""Point"",""coordinates"":[108.30569641121404,13.868325991039937]}",108.30569641121404,13.868325991039937,2849.549643227909
0000000000000000021d,3830.5,2581.5,798.0,1017.0,1183.0,2769.0,0.035043456,0.40131578,732,0,0.4058047239564649,5.1126857,"{""type"":""Point"",""coordinates"":[108.29787960706736,13.975317661716314]}",108.29787960706736,13.975317661716314,123.1464270055392
0000000000000000027d,3481.5,2270.0,786.5,937.5,1070.0,2836.0,0.110849984,0.45212492,732,0,0.7423374615834638,8.583173,"{""type"":""Point"",""coordinates"":[108.30300311417777,13.8688655422674]}",108.30300311417777,13.8688655422674,822.0724958228718
000000000000000002d7,2567.5,1404.5,459.0,757.5,715.0,3142.5,0.38223004,0.62929356,732,0,0.3903605819935393,8.500689,"{""type"":""Point"",""coordinates"":[108.29222100783055,14.039185366104823]}",108.29222100783055,14.039185366104823,166.09750230148003
0000000000000000006f,710.0,358.0,410.0,636.0,391.0,847.0,0.40580913,0.36833602,733,0,0.60291712444908,4.166462,"{""type"":""Point"",""coordinates"":[108.23050704925086,14.06559662164438]}",108.23050704925086,14.06559662164438,121.56831343497088
00000000000000000224,4516.5,3494.5,1350.5,1551.0,1746.5,2910.5,-0.09117877,0.24994631,733,0,0.3356978444695815,2.1248908,"{""type"":""Point"",""coordinates"":[108.30488931392338,14.131354984879549]}",108.30488931392338,14.131354984879549,96.09132818828513
0000000000000000025d,2179.5,1104.0,498.5,749.0,596.0,2694.0,0.4186414,0.63768995,733,0,0.2583921142735293,3.0096633,"{""type"":""Point"",""coordinates"":[108.29734451494096,13.874796146668487]}",108.29734451494096,13.874796146668487,494.1048879093071
00000000000000000130,3203.0,2100.0,587.0,839.0,899.0,2591.0,0.10466851,0.48481375,734,0,0.4236357331922926,0.92740995,"{""type"":""Point"",""coordinates"":[108.3202509170525,14.117068025104308]}",108.3202509170525,14.117068025104308,184.41644666963003
00000000000000000234,3104.5,2047.0,577.0,813.0,1079.0,2324.5,0.06347936,0.36594683,734,0,0.5659527806340031,3.989412,"{""type"":""Point"",""coordinates"":[108.29572586125855,14.019511812257017]}",108.29572586125855,14.019511812257017,59.03810505427292
00000000000000000104,3400.5,2740.5,900.5,1184.5,1476.5,2335.0,-0.079893604,0.22523941,735,0,0.4291580360722534,0.9552297,"{""type"":""Point"",""coordinates"":[108.292760559058,13.862934937866317]}",108.292760559058,13.862934937866317,14.589579502452448
0000000000000000013d,2614.0,1363.0,447.0,676.0,643.0,2985.0,0.3730451,0.64553475,735,0,0.1932327646809229,18.265434,"{""type"":""Point"",""coordinates"":[108.29303256422226,13.910638400936087]}",108.29303256422226,13.910638400936087,104.33121062002323
00000000000000000166,2860.0,1964.0,582.0,787.0,852.0,2772.0,0.1706081,0.5298013,735,0,0.2471556851785603,3.825457,"{""type"":""Point"",""coordinates"":[108.29410720757615,14.022209568394352]}",108.29410720757615,14.022209568394352,121.50737819357877
0000000000000000023c,2886.0,1854.0,757.0,774.0,773.0,1284.0,-0.18164437,0.24842003,735,0,0.6640574513029383,1.3316684,"{""type"":""Point"",""coordinates"":[108.22942794679591,14.003075565774017]}",108.22942794679591,14.003075565774017,41.41830503013199
00000000000000000241,2968.0,1774.0,504.5,720.5,727.0,2926.0,0.24510638,0.601971,735,0,0.4292140934763248,17.603872,"{""type"":""Point"",""coordinates"":[108.29195346176735,13.92464889644601]}",108.29195346176735,13.92464889644601,490.31774971953763
0000000000000000026b,4618.0,4468.0,2270.0,2628.0,2368.0,2855.0,-0.22026491,0.09324143,735,0,0.0441840504230186,2.085917,"{""type"":""Point"",""coordinates"":[108.30569641121404,14.02813571369438]}",108.30569641121404,14.02813571369438,48.562871649554715
00000000000000000299,1613.5,666.0,385.5,591.5,352.0,3679.5,0.693476,0.8253752,735,0,0.7274340850327327,14.200424,"{""type"":""Point"",""coordinates"":[108.387623474869,14.095780276675153]}",108.387623474869,14.095780276675153,80.30119478452121
000000000000000002d1,3613.0,2508.0,680.0,985.0,1242.0,2805.0,0.055900622,0.38621202,735,0,0.7377704356964231,6.026033,"{""type"":""Point"",""coordinates"":[108.29599340732176,13.877756989767972]}",108.29599340732176,13.877756989767972,581.80030339975
00000000000000000010,2458.0,1456.5,478.5,786.0,638.5,3089.5,0.3592169,0.65745705,736,0,0.2731217341818887,9.852019,"{""type"":""Point"",""coordinates"":[108.3463901674278,13.86643979129433]}",108.3463901674278,13.86643979129433,2085.796772842118
0000000000000000015d,2621.0,1464.0,470.0,728.0,717.0,3151.0,0.36554712,0.6292658,736,0,0.1398903356606698,7.6557374,"{""type"":""Point"",""coordinates"":[108.30030535804045,13.954832551476786]}",108.30030535804045,13.954832551476786,1609.1909711291353
00000000000000000198,3726.0,2384.0,648.0,947.0,1181.0,2660.0,0.054718476,0.385056,736,0,0.7088613392433658,0.92740995,"{""type"":""Point"",""coordinates"":[108.30111691443217,13.872905487821825]}",108.30111691443217,13.872905487821825,643.962207012544
000000000000000001ea,3003.5,2152.5,682.5,932.5,1128.0,2502.5,0.075187966,0.37859797,736,0,0.5374668196313952,2.6611536,"{""type"":""Point"",""coordinates"":[108.29815161223162,13.877217438540505]}",108.29815161223162,13.877217438540505,775.7191904833145
0000000000000000021f,2603.0,1807.0,556.0,794.5,1023.5,2344.0,0.12936641,0.39213067,736,0,0.239232415213374,0.0,"{""type"":""Point"",""coordinates"":[108.28225045787505,13.905247347762469]}",108.28225045787505,13.905247347762469,6.550574957120593
0000000000000000023f,4054.0,3782.0,1634.0,1907.0,1842.0,2445.5,-0.2146126,0.14075802,736,0,0.5764245065294723,1.3317431,"{""type"":""Point"",""coordinates"":[108.30488931392338,14.028135713694383]}",108.30488931392338,14.028135713694383,47.35536320654189
00000000000000000284,2373.0,1306.0,474.0,731.0,641.0,3105.0,0.40784404,0.6577683,736,0,0.0651232450860918,0.0,"{""type"":""Point"",""coordinates"":[108.22969995196017,14.043229770760297]}",108.22969995196017,14.043229770760297,107.96182547589298
000000000000000002de,3076.0,2000.0,672.0,1044.0,1132.0,3254.0,0.2386753,0.48381212,736,0,0.0019169213411667,9.645453,"{""type"":""Point"",""coordinates"":[108.35932601958386,14.010887910819651]}",108.35932601958386,14.010887910819651,364.071601692708
000000000000000002ea,2413.0,1253.5,403.0,594.5,542.0,2958.0,0.40472516,0.69028574,736,0,0.2219163014000007,13.891361,"{""type"":""Point"",""coordinates"":[108.34342486522725,14.126231477769139]}",108.34342486522725,14.126231477769139,52.35378268944669
00000000000000000053,1502.5,646.5,298.5,526.0,330.5,3280.0,0.6706991,0.81692284,737,0,0.5771178924191412,6.34946,"{""type"":""Point"",""coordinates"":[108.22080404535855,14.042150668305359]}",108.22080404535855,14.042150668305359,59.16251814938095
00000000000000000073,2936.0,1697.0,676.0,998.0,934.0,3413.0,0.33581212,0.57027835,737,0,0.6541382661174411,12.36723,"{""type"":""Point"",""coordinates"":[108.30974081586953,13.976664310234458]}",108.30974081586953,13.976664310234458,74.2682946230314
000000000000000000a9,1996.0,954.5,389.0,584.0,401.0,3585.0,0.5794691,0.79879576,737,0,0.0886017112454728,6.726037,"{""type"":""Point"",""coordinates"":[108.33076101823546,14.066943270162522]}",108.33076101823546,14.066943270162522,65.3908533308078
00000000000000000187,3184.0,2067.5,798.0,1013.0,1172.5,2699.5,0.13257813,0.39436984,737,0,0.0691390631500482,6.464861,"{""type"":""Point"",""coordinates"":[108.28575531130305,13.905514893825673]}",108.28575531130305,13.905514893825673,34.33500948497078
00000000000000000289,1693.0,1033.0,489.0,746.0,599.0,2536.0,0.42112637,0.6178628,737,0,0.1349215505785428,0.956287,"{""type"":""Point"",""coordinates"":[108.31836471730689,14.117607576331773]}",108.31836471730689,14.117607576331773,156.62659009253892
000000000000000002ec,1660.0,766.0,377.0,605.0,390.0,2957.0,0.5885039,0.7669555,737,0,0.2602837688007633,7.061629,"{""type"":""Point"",""coordinates"":[108.40217352160641,14.011159915983914]}",108.40217352160641,14.011159915983914,647.4632192233396
000000000000000000dc,2255.0,1088.0,357.0,573.0,430.0,3236.0,0.49676225,0.7654119,738,0,0.5806062896619602,1.3315187,"{""type"":""Point"",""coordinates"":[108.30219155778605,13.95267880566797]}",108.30219155778605,13.95267880566797,1896.792035575565
00000000000000000110,2976.5,1933.5,524.5,723.0,820.5,2461.5,0.12013652,0.5,738,0,0.5574746058851642,3.9894543,"{""type"":""Point"",""coordinates"":[108.29356765634867,14.024095768139958]}",108.29356765634867,14.024095768139958,124.5070156873691
00000000000000000160,3009.0,1651.0,556.0,832.0,848.0,3526.0,0.36217886,0.6122542,738,0,0.4609142064250311,9.103712,"{""type"":""Point"",""coordinates"":[108.3005773632047,13.951332157149832]}",108.3005773632047,13.951332157149832,1824.0518070424273
00000000000000000167,1170.0,642.0,506.0,728.0,712.0,1966.0,0.50766873,0.4682599,738,0,0.6221347671620827,4.6795187,"{""type"":""Point"",""coordinates"":[108.28818106227612,14.116260927813633]}",108.28818106227612,14.116260927813633,176.32412081855745
0000000000000000026c,1267.0,723.0,460.0,698.0,644.0,2042.0,0.47703436,0.5204765,738,0,0.1471896923204547,1.8543341,"{""type"":""Point"",""coordinates"":[108.31836471730689,14.120572878532315]}",108.31836471730689,14.120572878532315,65.31744806230643
000000000000000002f2,1690.5,716.5,349.0,509.5,324.0,3263.5,0.63994974,0.81937283,738,0,0.7069779031418126,14.167085,"{""type"":""Point"",""coordinates"":[108.34558307013714,14.084998170327923]}",108.34558307013714,14.084998170327923,440.5293374162474
0000000000000000000a,4507.0,3487.0,1150.0,1452.0,1689.0,2938.0,-0.08544747,0.26993734,739,0,0.1491827124759505,5.110678,"{""type"":""Point"",""coordinates"":[108.30542886515086,13.870212190785542]}",108.30542886515086,13.870212190785542,3018.9481569495338
00000000000000000026,2803.5,1663.0,464.5,708.0,719.0,3189.0,0.31450948,0.63203686,739,0,0.3174649185174246,15.85667,"{""type"":""Point"",""coordinates"":[108.31351321536076,13.986634860189962]}",108.31351321536076,13.986634860189962,86.60400467426477
000000000000000000a6,2615.0,1483.5,440.0,678.0,698.5,2749.5,0.29907867,0.5948376,739,0,0.2452354644656115,5.987153,"{""type"":""Point"",""coordinates"":[108.30138446049538,13.866707337357534]}",108.30138446049538,13.866707337357534,2470.5166734393156
0000000000000000011a,2934.0,1871.5,781.5,978.0,1091.0,2545.0,0.15249632,0.39988998,739,0,0.3841214201620413,10.499959,"{""type"":""Point"",""coordinates"":[108.33426141256244,13.85808343592017]}",108.33426141256244,13.85808343592017,2939.121050972068
00000000000000000282,2090.0,1173.0,460.0,640.0,571.0,3074.0,0.44761008,0.6866941,739,0,0.1945578264585438,8.010104,"{""type"":""Point"",""coordinates"":[108.3304890130712,14.062903324608099]}",108.3304890130712,14.062903324608099,48.72663400125747
000000000000000002a6,2803.5,1645.5,491.0,715.0,760.0,2862.0,0.2698835,0.58034235,739,0,0.1794823112422232,4.1661105,"{""type"":""Point"",""coordinates"":[108.30812216218712,13.973159456806446]}",108.30812216218712,13.973159456806446,268.0785920615244
0000000000000000030d,4135.0,3890.0,1393.0,1645.0,1632.0,2563.0,-0.2056408,0.22193088,739,0,0.7707393866729889,0.9558921,"{""type"":""Point"",""coordinates"":[108.2954538560943,14.023016665685025]}",108.2954538560943,14.023016665685025,21.87764494571346
000000000000000001c8,3008.0,1836.0,610.0,877.0,968.0,3078.0,0.25274727,0.52150273,740,0,0.0396711164306038,17.00615,"{""type"":""Point"",""coordinates"":[108.31728561485195,13.993372561881719]}",108.31728561485195,13.993372561881719,886.8590368842646
000000000000000001ca,4222.0,3244.0,1062.0,1378.0,1726.0,3034.0,-0.03345014,0.27478993,740,0,0.5237657386894897,4.677658,"{""type"":""Point"",""coordinates"":[108.30381021146844,13.87075174201301]}",108.30381021146844,13.87075174201301,885.661030757993
0000000000000000028e,2308.0,1246.0,402.0,672.0,676.0,2884.0,0.39661017,0.6202247,740,0,0.1471839370711781,13.361423,"{""type"":""Point"",""coordinates"":[108.33803381205364,13.864553591548722]}",108.33803381205364,13.864553591548722,2172.7188275901226
000000000000000002ef,4218.5,3261.0,751.0,1047.0,1512.0,2816.0,-0.07322692,0.3012939,740,0,0.5047734872865267,2.8655784,"{""type"":""Point"",""coordinates"":[108.29815161223162,14.02517041149384]}",108.29815161223162,14.02517041149384,120.56718862885856
00000000000000000046,2828.0,1930.0,700.0,933.0,1008.0,2495.0,0.12768361,0.42449328,741,0,0.216665358034056,12.542376,"{""type"":""Point"",""coordinates"":[108.28682995465692,13.821701630425107]}",108.28682995465692,13.821701630425107,507.20970158142865
000000000000000001e7,2484.0,1434.0,446.0,719.0,645.0,3080.0,0.36464334,0.6536913,741,0,0.1616761770908855,8.638778,"{""type"":""Point"",""coordinates"":[108.3482763671734,14.085809726719651]}",108.3482763671734,14.085809726719651,1139.8002012363272
00000000000000000231,2582.5,1405.5,510.5,758.5,735.5,2914.0,0.34923023,0.5969311,741,0,0.0651454337542296,16.24506,"{""type"":""Point"",""coordinates"":[108.35204876666462,14.10575082663066]}",108.35204876666462,14.10575082663066,718.8643930865647
00000000000000000260,2502.0,1669.0,561.0,772.0,920.0,2325.0,0.16424637,0.4329738,741,0,0.5239581608654688,5.1113772,"{""type"":""Point"",""coordinates"":[108.2844086627849,13.906866001444868]}",108.2844086627849,13.906866001444868,67.07306645634652
00000000000000000001,3480.5,3050.0,1002.0,1400.0,1536.0,2705.0,-0.05994787,0.27564254,742,0,0.4588986845902133,2.085901,"{""type"":""Point"",""coordinates"":[108.29787960706736,14.019783817421278]}",108.29787960706736,14.019783817421278,109.44769036986057
00000000000000000031,3707.0,3912.0,2681.0,3248.0,2740.0,3113.0,-0.11373665,0.063728005,742,0,0.1537027759453493,2.8655093,"{""type"":""Point"",""coordinates"":[108.29815161223162,14.019783817421278]}",108.29815161223162,14.019783817421278,107.94211322515372
0000000000000000003b,2542.0,1453.0,448.0,782.0,653.0,2628.0,0.28791964,0.60195065,742,0,0.5124394722127008,2.7802885,"{""type"":""Point"",""coordinates"":[108.31728561485195,14.053739871943266]}",108.31728561485195,14.053739871943266,42.03228659175775
00000000000000000061,1979.5,949.5,350.5,517.0,444.0,3298.5,0.5529661,0.7627255,742,0,0.1748961703011848,13.42417,"{""type"":""Point"",""coordinates"":[108.34719726471849,14.117607576331777]}",108.34719726471849,14.117607576331777,79.16220776978619
000000000000000000db,2297.0,1204.0,451.0,757.0,529.0,3495.0,0.48755056,0.73707753,742,0,0.272398341432662,1.3317589,"{""type"":""Point"",""coordinates"":[108.41753512473554,14.033254761703738]}",108.41753512473554,14.033254761703738,130.56576916176425
000000000000000000fe,2898.0,1724.0,686.0,1010.0,959.0,2980.0,0.2670068,0.5130744,742,0,0.041207000226396,2.0861046,"{""type"":""Point"",""coordinates"":[108.32159756557064,14.126231477769135]}",108.32159756557064,14.126231477769135,159.02472720554368
00000000000000000129,2171.0,1051.0,346.0,612.0,445.0,3440.0,0.5319528,0.7709138,742,0,0.2994526967281191,9.930618,"{""type"":""Point"",""coordinates"":[108.33749871992723,13.865360688839395]}",108.33749871992723,13.865360688839395,2088.846240337305
0000000000000000003f,2492.0,1313.0,364.0,664.0,485.0,3170.0,0.41423154,0.73461014,743,0,0.3068981130532444,3.9895806,"{""type"":""Point"",""coordinates"":[108.28898815956678,14.038378268814144]}",108.28898815956678,14.038378268814144,42.11494935700567
0000000000000000015e,2682.0,1292.5,416.0,858.0,556.5,4167.0,0.5265134,0.76436967,743,0,0.3692380122246096,16.257227,"{""type"":""Point"",""coordinates"":[108.39436117656076,13.991753908199316]}",108.39436117656076,13.991753908199316,211.3562082916661
000000000000000002dc,2374.0,1412.5,509.0,761.0,848.5,2915.0,0.34719816,0.54908997,743,0,0.2213808758649585,12.538746,"{""type"":""Point"",""coordinates"":[108.33453341772669,13.855929690111353]}",108.33453341772669,13.855929690111353,3168.3646737544786
000000000000000000b6,2481.0,1267.0,533.0,864.0,621.0,3536.0,0.47241306,0.70122683,744,0,0.2717922219926872,17.523127,"{""type"":""Point"",""coordinates"":[108.36040512203878,14.101171329848773]}",108.36040512203878,14.101171329848773,295.73451915066096
00000000000000000173,3477.0,2109.0,731.0,1029.0,1098.0,2998.0,0.1740748,0.4638672,744,0,0.6028821241421544,8.086973,"{""type"":""Point"",""coordinates"":[108.3186322633701,13.998763615055337]}",108.3186322633701,13.998763615055337,401.88880967770956
000000000000000001fe,1547.0,662.5,331.5,508.5,316.5,3418.5,0.6753247,0.83052206,744,0,0.2505724788816322,6.7956104,"{""type"":""Point"",""coordinates"":[108.3544745176377,13.857008792566289]}",108.3544745176377,13.857008792566289,3388.979010991418
000000000000000000f2,3172.0,2030.0,566.0,764.0,934.0,2455.0,0.09476031,0.44880494,745,0,0.0255515251192611,2.0859115,"{""type"":""Point"",""coordinates"":[108.29410720757615,14.02517041149384]}",108.29410720757615,14.02517041149384,128.29011340689388
00000000000000000155,2981.0,1748.0,484.0,786.0,771.0,3078.0,0.27559054,0.59937644,745,0,0.3378599448926405,13.648223,"{""type"":""Point"",""coordinates"":[108.3188998094333,13.998763615055335]}",108.3188998094333,13.998763615055335,412.93388655301607
0000000000000000029e,2256.0,1100.0,392.0,736.0,441.0,3220.0,0.49074075,0.7590822,745,0,0.1599435244880001,17.608479,"{""type"":""Point"",""coordinates"":[108.31620651239702,13.989060611163035]}",108.31620651239702,13.989060611163035,267.6217659867433
000000000000000002a7,1288.0,539.0,399.0,554.0,292.0,3351.0,0.7228792,0.83969253,745,0,0.4427652842031527,9.385083,"{""type"":""Point"",""coordinates"":[108.36660327250307,14.024095768139958]}",108.36660327250307,14.024095768139958,203.9126090693028
000000000000000002b5,2283.0,1365.5,425.0,679.0,508.5,3309.0,0.4157664,0.7335953,745,0,0.4949322101161868,2.6621616,"{""type"":""Point"",""coordinates"":[108.26284890919149,14.047002170251513]}",108.26284890919149,14.047002170251513,29.091138989741
0000000000000000003a,3580.5,2539.5,868.5,1192.5,1263.5,2910.0,0.06798789,0.394513,746,0,0.738488421168881,0.92740995,"{""type"":""Point"",""coordinates"":[108.32402331654373,14.12596393170593]}",108.32402331654373,14.12596393170593,422.80134563480215
000000000000000000e6,2247.0,1401.5,440.5,628.0,661.5,2452.0,0.27260932,0.5750763,746,0,0.305969189469798,6.7259183,"{""type"":""Point"",""coordinates"":[108.23805184823327,14.062903324608099]}",108.23805184823327,14.062903324608099,257.21535046069226
000000000000000002da,1552.0,672.0,355.0,565.0,361.0,3286.0,0.66043454,0.8020291,746,0,0.07844797702951,10.479576,"{""type"":""Point"",""coordinates"":[108.29895870952231,14.078532473800427]}",108.29895870952231,14.078532473800427,200.02378689895843
000000000000000002e1,1444.0,611.0,340.0,514.0,321.0,3134.0,0.67369825,0.81418234,746,0,0.6022965506134179,7.337024,"{""type"":""Point"",""coordinates"":[108.38465817266848,14.09119632079221]}",108.38465817266848,14.09119632079221,93.76094805819139
00000000000000000151,2541.0,1738.0,704.0,983.0,1074.0,2944.0,0.25758222,0.46540567,747,0,0.7122480413306475,3.7047918,"{""type"":""Point"",""coordinates"":[108.26284890919149,14.04673016508725]}",108.26284890919149,14.04673016508725,8.966220797407459
000000000000000001e2,3735.0,3431.0,1202.0,1410.0,1505.0,2441.0,-0.16859673,0.23720223,747,0,0.2400322833263302,0.95590484,"{""type"":""Point"",""coordinates"":[108.29680496371348,14.025981967885567]}",108.29680496371348,14.025981967885567,27.159464631227568
00000000000000000045,1723.0,938.5,345.0,522.0,458.5,2331.0,0.4259061,0.6712673,748,0,0.138458954727266,2.8661652,"{""type"":""Point"",""coordinates"":[108.30650350850472,14.072334323336138]}",108.30650350850472,14.072334323336138,456.21790148962765
000000000000000000b9,3510.5,2966.0,962.0,1160.0,1252.5,2457.0,-0.09385949,0.32470682,748,0,0.3922183311058762,2.6621666,"{""type"":""Point"",""coordinates"":[108.25718585085363,14.047809267542187]}",108.25718585085363,14.047809267542187,19.086675799257076
00000000000000000247,2346.0,1434.0,432.0,707.0,645.0,2564.0,0.28264132,0.5980056,748,0,0.2088338144738469,4.7186813,"{""type"":""Point"",""coordinates"":[108.23266525416072,14.042418214368569]}",108.23266525416072,14.042418214368569,54.37341833422436
000000000000000002ad,3091.0,2275.0,645.0,890.0,1117.0,2263.5,-0.0025338768,0.33915102,748,0,0.2762246065007165,1.8543341,"{""type"":""Point"",""coordinates"":[108.25718585085363,14.04834881876965]}",108.25718585085363,14.04834881876965,14.373515558626941
000000000000000000ca,4036.5,3255.5,1024.5,1270.0,1648.5,2653.5,-0.101878494,0.23361227,749,0,0.7414674104628877,11.397931,"{""type"":""Point"",""coordinates"":[108.30812216218712,13.86778643981247]}",108.30812216218712,13.86778643981247,1388.801192522035
00000000000000000240,3099.0,1902.0,612.0,997.0,916.5,3529.5,0.29964098,0.5877193,749,0,0.0904651110774698,8.084095,"{""type"":""Point"",""coordinates"":[108.3043497626959,13.875603243959157]}",108.3043497626959,13.875603243959157,1091.1242424204243
00000000000000000037,1889.0,1162.0,447.0,655.0,646.0,2352.0,0.33864543,0.569046,750,0,0.7402742388710603,1.9114491,"{""type"":""Point"",""coordinates"":[108.25395300258987,14.04673016508725]}",108.25395300258987,14.04673016508725,70.4356267163578
00000000000000000164,2622.0,1422.0,518.5,831.0,661.5,3090.5,0.36975068,0.64738804,750,0,0.6478800631371784,19.841476,"{""type"":""Point"",""coordinates"":[108.39705447359705,13.987441957480632]}",108.39705447359705,13.987441957480632,3.38469308801122
0000000000000000022e,2305.0,1182.0,455.0,729.0,628.0,3429.0,0.48731294,0.6904116,750,0,0.5618924905565896,17.676468,"{""type"":""Point"",""coordinates"":[108.360672668102,14.098745578875699]}",108.360672668102,14.098745578875699,442.6783396455666
000000000000000000ea,3077.0,2273.0,578.0,772.0,1024.0,2245.0,-0.0061974325,0.37350872,751,0,0.3987103656612655,12.022146,"{""type"":""Point"",""coordinates"":[108.21918985077721,14.05508652046141]}",108.21918985077721,14.05508652046141,24.131832576271865
00000000000000000213,4638.0,3437.0,996.0,1205.0,1528.0,2625.0,-0.13394919,0.2641464,751,0,0.6520714000139652,10.500437,"{""type"":""Point"",""coordinates"":[108.30542886515086,13.871291293240478]}",108.30542886515086,13.871291293240478,3124.3065730344183
00000000000000000307,2203.0,1084.0,336.0,586.0,463.0,2997.0,0.46875766,0.73236996,751,0,0.6864203230990389,13.575682,"{""type"":""Point"",""coordinates"":[108.3008449092679,13.864281586384461]}",108.3008449092679,13.864281586384461,2207.699681672935
00000000000000000315,2731.0,1478.0,528.0,966.0,771.0,3364.0,0.38950846,0.62708586,751,0,0.6467154661650506,19.301937,"{""type"":""Point"",""coordinates"":[108.36956857470362,14.078800019863632]}",108.36956857470362,14.078800019863632,411.7330978015209
0000000000000000002b,2058.0,1033.0,420.0,575.0,387.0,3238.0,0.51627254,0.78648275,752,0,0.5554689758019575,9.242957,"{""type"":""Point"",""coordinates"":[108.330221467008,13.867518893749262]}",108.330221467008,13.867518893749262,2095.794552364851
00000000000000000078,3345.0,2150.0,660.0,908.0,1113.0,2891.0,0.14699465,0.44405594,752,0,0.6871750214961841,11.174136,"{""type"":""Point"",""coordinates"":[108.29437921274041,13.880994297132773]}",108.29437921274041,13.880994297132773,523.9889522432082
0000000000000000007d,2638.0,1342.0,529.0,784.0,656.0,3117.0,0.39807132,0.6522661,752,0,0.0340701730943856,7.4391932,"{""type"":""Point"",""coordinates"":[108.36794992102121,14.065057070416911]}",108.36794992102121,14.065057070416911,190.11671927843418
00000000000000000095,3627.0,2746.0,632.0,802.0,1090.0,1891.0,-0.18438646,0.2687018,752,0,0.2983155874969462,4.242724,"{""type"":""Point"",""coordinates"":[108.25934405576349,14.049427921224586]}",108.25934405576349,14.049427921224586,95.2251315591395
0000000000000000010c,2311.0,1254.0,436.0,695.0,669.0,3373.0,0.45796412,0.6689758,752,0,0.2618064374646794,9.519092,"{""type"":""Point"",""coordinates"":[108.3560931713201,14.094161622992754]}",108.3560931713201,14.094161622992754,64.38330076563614
00000000000000000152,1717.0,792.0,321.5,438.0,369.0,3424.0,0.62428844,0.80543107,752,0,0.5005040331178023,1.9119484,"{""type"":""Point"",""coordinates"":[108.34719726471849,14.106290377858125]}",108.34719726471849,14.106290377858125,297.39979321773194
00000000000000000263,2682.0,1393.5,490.0,731.5,640.0,3065.0,0.37490186,0.6545209,752,0,0.1176624331829011,14.4921875,"{""type"":""Point"",""coordinates"":[108.29060681324918,13.884227145396522]}",108.29060681324918,13.884227145396522,131.60656561860046
0000000000000000001a,2300.0,1170.0,422.0,695.0,518.0,3644.0,0.51391774,0.7510812,753,0,0.3543953151870264,23.253288,"{""type"":""Point"",""coordinates"":[108.36121221932945,14.095240725447688]}",108.36121221932945,14.095240725447688,223.63360703500115
0000000000000000009e,4155.0,3231.5,899.0,1111.0,1324.5,2866.0,-0.0599426,0.36785588,753,0,0.0044487358062813,14.973651,"{""type"":""Point"",""coordinates"":[108.41241607672617,14.02813571369438]}",108.41241607672617,14.02813571369438,456.3547085982598
000000000000000000b1,2805.5,1772.0,570.5,860.5,818.0,2928.5,0.24603766,0.56332576,753,0,0.0612830433567207,8.637045,"{""type"":""Point"",""coordinates"":[108.33749871992723,14.00684796526523]}",108.33749871992723,14.00684796526523,566.2519096563079
000000000000000002a8,2018.0,1070.0,430.0,666.0,601.0,3218.0,0.5009328,0.6852579,753,0,0.4279868364960325,4.243127,"{""type"":""Point"",""coordinates"":[108.29087435931241,14.07637426889056]}",108.29087435931241,14.07637426889056,303.4937655457651
00000000000000000062,3574.0,2465.5,884.5,1138.5,1339.0,3048.5,0.10573087,0.38962963,754,0,0.2145923406604517,15.931882,"{""type"":""Point"",""coordinates"":[108.28898815956678,13.907940644798748]}",108.28898815956678,13.907940644798748,353.7044651808636
000000000000000000c7,2530.0,1323.0,510.5,688.0,725.0,3323.0,0.43047783,0.64179844,754,0,0.7897787910475483,9.2448,"{""type"":""Point"",""coordinates"":[108.3445039676822,14.122731083442183]}",108.3445039676822,14.122731083442183,49.01628043257777
000000000000000001a4,2539.0,1469.0,460.0,694.0,759.0,3004.0,0.34317014,0.59659845,754,0,0.2784625304349716,13.679157,"{""type"":""Point"",""coordinates"":[108.34962301569155,13.868593537103141]}",108.34962301569155,13.868593537103141,2009.5642382566984
000000000000000001c3,3104.0,2060.5,654.0,879.0,975.5,2688.0,0.132147,0.46744916,755,0,0.3049258716626585,2.0861213,"{""type"":""Point"",""coordinates"":[108.32536996506187,14.1348553792065]}",108.32536996506187,14.1348553792065,153.67847817548824
00000000000000000227,3579.0,2668.5,850.0,1079.0,1286.5,2702.0,0.0062377807,0.35489532,755,0,0.5313014615592654,20.837767,"{""type"":""Point"",""coordinates"":[108.29464675880362,13.922495150637195]}",108.29464675880362,13.922495150637195,673.7417571674506
00000000000000000096,2717.0,1694.0,555.0,842.0,822.0,2718.0,0.23209429,0.5355932,756,0,0.4209608730022078,4.6791344,"{""type"":""Point"",""coordinates"":[108.37145477444922,14.066136172871847]}",108.37145477444922,14.066136172871847,101.13237747917374
0000000000000000017b,1855.0,946.0,374.0,558.0,566.0,2702.0,0.48135966,0.65361077,756,0,0.1401663067982768,5.628319,"{""type"":""Point"",""coordinates"":[108.30407775753164,14.06828991868066]}",108.30407775753164,14.06828991868066,800.1971305346956
00000000000000000266,3113.0,2070.0,704.0,893.0,1038.0,2856.0,0.15956151,0.4668721,757,0,0.3235559710598609,16.916292,"{""type"":""Point"",""coordinates"":[108.29761206100414,13.94755529855756]}",108.29761206100414,13.94755529855756,1856.401613379183
0000000000000000027c,2851.0,1552.0,580.5,838.5,889.5,3269.5,0.35621694,0.5722529,757,0,0.1816419963578831,19.622246,"{""type"":""Point"",""coordinates"":[108.33156811552614,14.005496857646037]}",108.33156811552614,14.005496857646037,777.6134649409303
000000000000000001b9,2424.0,1337.0,552.0,807.0,789.0,2685.0,0.33515665,0.54576856,758,0,0.1423692065397719,11.179062,"{""type"":""Point"",""coordinates"":[108.28790905711186,14.10898367489441]}",108.28790905711186,14.10898367489441,458.02835117083754
00000000000000000295,2435.0,1221.5,440.5,647.0,528.5,3489.5,0.48142645,0.7369338,758,0,0.0878957143643437,22.760647,"{""type"":""Point"",""coordinates"":[108.29330011028547,13.925460452837738]}",108.29330011028547,13.925460452837738,660.2650448301387
00000000000000000200,2979.5,1747.0,578.5,881.0,980.5,3204.5,0.29435524,0.5314217,759,0,0.3691757608479787,33.11878,"{""type"":""Point"",""coordinates"":[108.29303256422226,13.910098849708618]}",108.29303256422226,13.910098849708618,75.41971218145568
000000000000000002bd,2973.0,2148.0,652.0,870.0,1000.0,2381.0,0.051446237,0.40845904,759,0,0.4701616426157227,6.904922,"{""type"":""Point"",""coordinates"":[108.28844860833934,13.820087435843757]}",108.28844860833934,13.820087435843757,498.1741608098653
000000000000000000ae,3150.0,1841.5,776.0,1158.0,1288.0,3259.0,0.27791393,0.43347263,760,0,0.5692524003161997,16.194683,"{""type"":""Point"",""coordinates"":[108.29787960706736,13.94809484978503]}",108.29787960706736,13.94809484978503,1842.236614734231
00000000000000000172,2747.0,1483.0,500.0,756.0,692.0,3363.0,0.3879488,0.65869296,760,0,0.7343564667662827,28.131018,"{""type"":""Point"",""coordinates"":[108.3005773632047,13.950792605922363]}",108.3005773632047,13.950792605922363,1858.3761522843945
00000000000000000220,3218.5,2351.0,575.5,810.5,1025.5,2267.0,-0.018189693,0.3770691,760,0,0.416050674626324,2.8658767,"{""type"":""Point"",""coordinates"":[108.21757119709481,14.049155916060327]}",108.21757119709481,14.049155916060327,67.17747022166552
00000000000000000057,2127.0,1033.0,340.0,541.0,391.0,3714.0,0.56477773,0.80950063,761,0,0.6699910286595017,13.292859,"{""type"":""Point"",""coordinates"":[108.35905847352063,14.104671724175727]}",108.35905847352063,14.104671724175727,8.411701891609374
000000000000000002ab,2614.5,1515.0,494.5,756.5,692.5,3057.5,0.3373428,0.6306667,761,0,0.22200844664433,18.768116,"{""type"":""Point"",""coordinates"":[108.2970725097767,13.940550050802598]}",108.2970725097767,13.940550050802598,2330.4055894918984
0000000000000000012f,1923.0,969.5,384.0,585.5,508.5,2604.5,0.45747063,0.6733055,763,0,0.0719672493547624,4.16643,"{""type"":""Point"",""coordinates"":[108.23050704925086,14.05724026627022]}",108.23050704925086,14.05724026627022,91.50927100873622
000000000000000002f5,2022.0,963.0,325.0,545.0,339.0,3251.0,0.54295206,0.8111421,763,0,0.388290100694992,8.634196,"{""type"":""Point"",""coordinates"":[108.35204876666462,13.876142795186626]}",108.35204876666462,13.876142795186626,1492.9198494714676
00000000000000000182,2059.0,947.0,378.0,624.5,430.5,3262.0,0.5500119,0.76682466,764,0,0.1862305399244065,15.809942,"{""type"":""Point"",""coordinates"":[108.3264490675168,13.868593537103141]}",108.3264490675168,13.868593537103141,2226.519623468721
000000000000000002d0,3132.0,1878.0,560.0,871.0,1008.0,2565.0,0.15462525,0.43576828,764,0,0.2434333844929359,14.7337475,"{""type"":""Point"",""coordinates"":[108.29437921274041,13.881801394423446]}",108.29437921274041,13.881801394423446,552.2726727400081
000000000000000000af,2167.0,1784.0,544.0,766.0,1037.0,2710.0,0.20605251,0.44649053,765,0,0.5660907458612645,15.582295,"{""type"":""Point"",""coordinates"":[108.34315731916405,13.870751742013008]}",108.34315731916405,13.870751742013008,1526.9090303485673
00000000000000000100,1370.0,561.0,375.0,501.0,270.0,3514.0,0.7246626,0.85729384,765,0,0.0647326042081394,4.6273675,"{""type"":""Point"",""coordinates"":[108.32887481848987,13.868325991039935]}",108.32887481848987,13.868325991039935,2094.342217691261
0000000000000000009b,1263.0,496.0,368.0,565.0,316.0,3371.0,0.7434704,0.82858694,766,0,0.3490646192199025,13.188327,"{""type"":""Point"",""coordinates"":[108.36471707275747,14.027328616403707]}",108.36471707275747,14.027328616403707,376.3798878475785
00000000000000000112,2689.0,1441.5,594.0,903.5,733.5,3539.0,0.42114246,0.6566413,766,0,0.6027018402027627,26.00785,"{""type"":""Point"",""coordinates"":[108.28198291181184,13.95133215714983]}",108.28198291181184,13.95133215714983,337.2675327320565
00000000000000000317,2077.5,1106.0,447.5,711.5,620.0,3363.0,0.5050347,0.6886769,767,0,0.1968722856429537,1.3312701,"{""type"":""Point"",""coordinates"":[108.32698861874425,13.868865542267402]}",108.32698861874425,13.868865542267402,2166.305803118344
00000000000000000063,1577.5,695.0,342.0,493.5,397.5,3198.5,0.64299476,0.778921,768,0,0.2024805871672641,0.9562567,"{""type"":""Point"",""coordinates"":[108.34719726471849,14.110330323412548]}",108.34719726471849,14.110330323412548,286.39871176288693
000000000000000000be,2632.0,1341.5,478.5,811.0,545.5,3674.0,0.46505833,0.74143857,769,0,0.4378983157225555,16.417595,"{""type"":""Point"",""coordinates"":[108.27631985347396,14.103597080821846]}",108.27631985347396,14.103597080821846,573.5509438614038
0000000000000000023d,2385.5,1393.5,455.5,687.0,679.5,2958.5,0.35960478,0.6264431,769,0,0.0776124241384881,11.850066,"{""type"":""Point"",""coordinates"":[108.2730870052102,14.051042115805933]}",108.2730870052102,14.051042115805933,825.0182074531208
00000000000000000014,2392.0,1367.0,418.0,649.0,556.0,2660.0,0.32108268,0.65422887,770,0,0.3582976386448622,17.426254,"{""type"":""Point"",""coordinates"":[108.32994946184375,13.85377148520149]}",108.32994946184375,13.85377148520149,3321.208159729614
00000000000000000236,2716.0,1844.0,642.0,848.0,941.0,2342.0,0.11896799,0.42674384,770,0,0.1422786201265765,5.628382,"{""type"":""Point"",""coordinates"":[108.31000836193274,14.158033786482315]}",108.31000836193274,14.158033786482315,2045.2413067204727
00000000000000000120,1974.5,848.5,300.5,598.5,329.5,3306.5,0.5915764,0.8187569,771,0,0.3243073183853544,1.3319798,"{""type"":""Point"",""coordinates"":[108.35232077182887,14.106829929085594]}",108.35232077182887,14.106829929085594,742.2644698302103
000000000000000001ac,2690.0,1500.0,404.0,693.0,671.0,2827.0,0.30667898,0.6163522,771,0,0.4683900554576345,11.920162,"{""type"":""Point"",""coordinates"":[108.29923071468657,13.879375643450375]}",108.29923071468657,13.879375643450375,966.233974119367
00000000000000000027,3563.0,2539.0,879.0,1168.0,1377.0,3015.0,0.085704,0.37295082,772,0,0.4239404572690122,15.141326,"{""type"":""Point"",""coordinates"":[108.29815161223163,13.947827303721823]}",108.29815161223163,13.947827303721823,1883.597721363407
0000000000000000024b,2599.0,1652.0,556.0,779.0,748.0,2293.0,0.16248415,0.5080566,773,0,0.4648640769132298,2.0859795,"{""type"":""Point"",""coordinates"":[108.22511599607724,14.06074511969823]}",108.22511599607724,14.06074511969823,187.9790007445076
000000000000000002b2,2000.5,920.5,398.5,529.5,499.0,3049.0,0.53621364,0.7187148,773,0,0.6388947196045389,7.8241816,"{""type"":""Point"",""coordinates"":[108.31297366413327,14.133241184625158]}",108.31297366413327,14.133241184625158,455.97077208660653
0000000000000000002d,3205.0,2172.0,663.5,968.5,978.5,2683.0,0.10525232,0.4655196,774,0,0.5166853350250441,18.138645,"{""type"":""Point"",""coordinates"":[108.33372186133495,13.875063692731691]}",108.33372186133495,13.875063692731691,1182.822170225097
000000000000000000fc,1651.5,672.5,341.0,506.0,281.5,3142.5,0.6474443,0.8355724,774,0,0.4433428972317872,12.65422,"{""type"":""Point"",""coordinates"":[108.34881591840087,13.863206943030576]}",108.34881591840087,13.863206943030576,2511.6307627627943
00000000000000000137,1434.0,628.0,297.0,466.0,309.0,2890.0,0.64297897,0.8068146,774,0,0.3637695608261058,7.9045815,"{""type"":""Point"",""coordinates"":[108.35124166937395,14.070987674817996]}",108.35124166937395,14.070987674817996,948.3096966507823
00000000000000000082,2037.0,965.0,329.0,600.0,497.0,3192.0,0.53572285,0.7305503,776,0,0.4007349701139341,12.019387,"{""type"":""Point"",""coordinates"":[108.35366742034702,13.87398459027676]}",108.35366742034702,13.87398459027676,1787.9732983601182
00000000000000000259,2418.5,1446.0,377.0,616.5,540.5,2289.5,0.22580644,0.6180212,776,0,0.7163565716020911,1.9115534,"{""type"":""Point"",""coordinates"":[108.22107605052283,14.05912646601583]}",108.22107605052283,14.05912646601583,115.38073773221906
00000000000000000065,3311.0,2142.0,625.5,869.5,1058.5,2659.0,0.1076859,0.43053126,777,0,0.4524592727560509,16.733974,"{""type"":""Point"",""coordinates"":[108.2970725097767,13.942168704485]}",108.2970725097767,13.942168704485,2213.3349700716594
000000000000000002f1,3039.0,1810.5,590.0,806.0,839.5,3003.0,0.24774073,0.5630449,777,0,0.3964614647636226,16.52398,"{""type"":""Point"",""coordinates"":[108.3121665668426,13.980704255788877]}",108.3121665668426,13.980704255788877,471.47438615252787
0000000000000000030f,1877.0,872.0,300.0,547.0,293.0,3210.0,0.57275844,0.8327148,777,0,0.0752753537359801,9.243054,"{""type"":""Point"",""coordinates"":[108.27497320495583,14.103325075657585]}",108.27497320495583,14.103325075657585,721.0420126025131
00000000000000000209,2218.0,1282.0,479.0,713.5,614.0,2678.5,0.35260698,0.62703115,778,0,0.6143926683437488,15.042511,"{""type"":""Point"",""coordinates"":[108.33130056946294,13.873717044213551]}",108.33130056946294,13.873717044213551,1455.3503162698266
000000000000000002b3,2678.0,1527.0,545.0,768.0,807.0,3149.0,0.34687766,0.5920121,778,0,0.3535644708766617,11.937695,"{""type"":""Point"",""coordinates"":[108.35366742034702,14.096319827902626]}",108.35366742034702,14.096319827902626,97.93813482931954
000000000000000002b6,2586.5,1438.0,486.0,735.5,723.0,2728.5,0.30973238,0.5810517,778,0,0.0578220824805595,15.626361,"{""type"":""Point"",""coordinates"":[108.3304890130712,13.860241640830038]}",108.3304890130712,13.860241640830038,2819.2992471695125
00000000000000000138,3028.0,2337.0,627.0,882.0,1102.0,2477.0,0.029081844,0.38418552,779,0,0.4177902107768915,14.63569,"{""type"":""Point"",""coordinates"":[108.38493017783273,14.054546969233941]}",108.38493017783273,14.054546969233941,120.12357686790779
0000000000000000018f,2973.0,1793.0,522.0,762.0,908.0,2815.0,0.2217882,0.51222134,779,0,0.1128002911885152,10.139915,"{""type"":""Point"",""coordinates"":[108.35339541518277,14.09604782273836]}",108.35339541518277,14.09604782273836,66.46400866560494
000000000000000002d4,2205.0,1024.5,539.5,789.0,459.0,3664.0,0.56297326,0.7773466,780,0,0.1859412776927139,20.154764,"{""type"":""Point"",""coordinates"":[108.2809038093569,14.099285130103164]}",108.2809038093569,14.099285130103164,89.21423510386951
000000000000000000b2,2767.5,1668.0,543.5,814.0,772.5,3225.0,0.31820968,0.61350846,781,0,0.0817390733626496,16.69817,"{""type"":""Point"",""coordinates"":[108.28818106227612,14.164231936946603]}",108.28818106227612,14.164231936946603,770.2133875385105
0000000000000000014a,1910.0,887.0,346.0,515.0,352.0,3427.0,0.5887807,0.81370735,781,0,0.4739090174727747,22.18467,"{""type"":""Point"",""coordinates"":[108.3560931713201,14.107369480313062]}",108.3560931713201,14.107369480313062,246.46334119379992
00000000000000000158,3057.0,2341.5,587.5,801.0,898.5,2626.0,0.05727227,0.49014044,781,0,0.4270612266164797,2.6622047,"{""type"":""Point"",""coordinates"":[108.38654437241408,14.054279423170735]}",108.38654437241408,14.054279423170735,20.66833761696331
000000000000000000cb,2363.0,1314.0,435.0,663.0,570.0,3506.0,0.4547718,0.720314,782,0,0.0638816655049481,16.043554,"{""type"":""Point"",""coordinates"":[108.35986557081131,14.106018372693866]}",108.35986557081131,14.106018372693866,54.02755200189295
00000000000000000153,1692.0,796.0,345.0,578.0,397.0,3241.0,0.60564774,0.78174824,782,0,0.4169063064967723,5.6283245,"{""type"":""Point"",""coordinates"":[108.36444506759321,14.07664627405482]}",108.36444506759321,14.07664627405482,441.70434150858614
0000000000000000011d,2849.0,1873.0,450.0,672.0,883.0,2702.0,0.18120219,0.5073919,783,0,0.0604246571036136,2.085622,"{""type"":""Point"",""coordinates"":[108.34773681594595,13.87237039569541]}",108.34773681594595,13.87237039569541,1545.3772226343044
00000000000000000269,3107.0,1945.0,822.0,1086.0,1140.0,2877.0,0.1932808,0.43241224,783,0,0.2217526737233547,7.816093,"{""type"":""Point"",""coordinates"":[108.30542886515086,13.878568546159704]}",108.30542886515086,13.878568546159704,1375.5060921828674
0000000000000000028a,1821.0,876.0,373.5,497.5,477.0,2925.5,0.5391293,0.7196179,783,0,0.6434386191300309,11.217676,"{""type"":""Point"",""coordinates"":[108.35474652280195,14.087963472528465]}",108.35474652280195,14.087963472528465,1052.3737217872028
000000000000000000b3,2316.5,1248.0,434.5,637.0,593.0,2910.0,0.3997114,0.66143304,784,0,0.3998244014519452,7.211742,"{""type"":""Point"",""coordinates"":[108.34665771349101,14.12596393170593]}",108.34665771349101,14.12596393170593,6.1664087165458685
000000000000000000c5,3175.0,1909.0,906.0,1204.0,1197.0,3391.0,0.27962264,0.478204,784,0,0.0089126532481218,14.778021,"{""type"":""Point"",""coordinates"":[108.34612262136459,14.12569192654167]}",108.34612262136459,14.12569192654167,66.16649765740223
00000000000000000148,2104.0,1278.0,405.0,552.0,702.0,2335.0,0.29255468,0.53770167,784,0,0.0876366056312564,7.660916,"{""type"":""Point"",""coordinates"":[108.35312786911956,14.11383517684056]}",108.35312786911956,14.11383517684056,12.553950725933355
00000000000000000256,1664.0,836.0,344.0,515.0,477.0,2656.0,0.5211913,0.69549954,784,0,0.397110822518083,0.92740995,"{""type"":""Point"",""coordinates"":[108.31593896633382,14.136741578952112]}",108.31593896633382,14.136741578952112,405.88669090996297
00000000000000000041,2547.0,1381.0,458.0,737.0,647.0,3111.0,0.38512912,0.6556679,785,0,0.2809898174764969,18.992908,"{""type"":""Point"",""coordinates"":[108.3563607173833,14.08607727278286]}",108.3563607173833,14.08607727278286,1312.5842774192342
0000000000000000022f,2704.0,1614.0,484.0,829.0,684.0,2965.0,0.29504257,0.62510276,785,0,0.595828853356708,21.293056,"{""type"":""Point"",""coordinates"":[108.3919354255877,14.069908572363065]}",108.3919354255877,14.069908572363065,316.31046660730993
0000000000000000001b,1780.0,788.0,335.0,565.0,331.0,3708.0,0.6494662,0.836098,786,0,0.4260008547138492,16.86172,"{""type"":""Point"",""coordinates"":[108.37495516877617,14.084730624264719]}",108.37495516877617,14.084730624264719,452.4264112353937
00000000000000000107,2088.5,1029.5,342.5,652.5,538.5,3174.5,0.51022834,0.70993805,786,0,0.2203814404027877,18.5249,"{""type"":""Point"",""coordinates"":[108.33318676920854,13.89231149560642]}",108.33318676920854,13.89231149560642,487.83053441080006
000000000000000002aa,1558.0,723.5,386.5,579.0,484.5,3096.0,0.6211546,0.72936743,786,0,0.6756955212591393,2.6621466,"{""type"":""Point"",""coordinates"":[108.40945077452562,14.044304414114176]}",108.40945077452562,14.044304414114176,330.68163158997663
000000000000000002f9,2683.0,1552.5,520.0,759.5,757.0,2855.0,0.295519,0.58084166,786,0,0.0789598033045347,8.971035,"{""type"":""Point"",""coordinates"":[108.35905847352063,14.093082520537818]}",108.35905847352063,14.093082520537818,24.935892736438987
0000000000000000002e,2090.0,1017.0,341.0,654.0,395.0,2924.0,0.48388734,0.7619765,788,0,0.5322244241025677,16.645172,"{""type"":""Point"",""coordinates"":[108.26823550326407,14.125691926541672]}",108.26823550326407,14.125691926541672,123.8386085272239
000000000000000002bc,3442.5,2334.5,795.5,1105.5,1216.0,2898.0,0.10769231,0.40884784,788,0,0.5991230218972818,9.29389,"{""type"":""Point"",""coordinates"":[108.30569641121404,13.87829654099544]}",108.30569641121404,13.87829654099544,1379.2837713982974
000000000000000002d8,3140.0,1889.5,610.0,881.0,869.0,3277.5,0.26862782,0.5808513,788,0,0.0959273070342441,10.651676,"{""type"":""Point"",""coordinates"":[108.29787960706736,13.940550050802598]}",108.29787960706736,13.940550050802598,2395.570805351794
000000000000000002ee,2489.0,1551.0,552.5,795.5,785.0,3251.5,0.3540864,0.6110492,788,0,0.4255729353360783,17.923716,"{""type"":""Point"",""coordinates"":[108.29761206100414,13.940010499575129]}",108.29761206100414,13.940010499575129,2413.8192282108294
0000000000000000021b,2827.0,1395.0,476.0,778.0,614.0,3582.0,0.43942133,0.7073403,789,0,0.2368371931505175,21.057045,"{""type"":""Point"",""coordinates"":[108.30246356295031,13.955911653931718]}",108.30246356295031,13.955911653931718,1786.2695104786283
000000000000000000bc,2340.0,1929.5,516.5,718.0,1186.5,1878.5,-0.013392857,0.22577488,790,0,0.6206733683462088,9.243456,"{""type"":""Point"",""coordinates"":[108.38331152415034,14.05724026627022]}",108.38331152415034,14.05724026627022,117.58312061258795
000000000000000000f5,1275.0,491.0,320.0,508.0,249.0,3533.0,0.7559642,0.8683236,790,0,0.452669894111951,10.560689,"{""type"":""Point"",""coordinates"":[108.35690026861079,14.106557923921335]}",108.35690026861079,14.106557923921335,162.0332861294001
00000000000000000248,1251.5,494.0,340.5,484.5,284.0,3145.5,0.72853416,0.8343782,790,0,0.611514546033496,7.336139,"{""type"":""Point"",""coordinates"":[108.40972277968989,14.045115970505904]}",108.40972277968989,14.045115970505904,319.9497221267282
0000000000000000008d,2751.5,1584.0,607.0,826.5,748.5,3046.0,0.31576675,0.6054816,791,0,0.3138418036898329,13.19185,"{""type"":""Point"",""coordinates"":[108.34315731916405,14.130275882424613]}",108.34315731916405,14.130275882424613,472.32330574685574
0000000000000000006e,1593.0,660.0,374.0,599.0,357.0,3830.0,0.7060134,0.8294722,792,0,0.1302178063602762,13.111716,"{""type"":""Point"",""coordinates"":[108.36552417004815,14.00361065790043]}",108.36552417004815,14.00361065790043,175.36047336647349
00000000000000000150,2112.0,1092.0,402.0,700.0,583.0,3209.0,0.4922111,0.69251055,792,0,0.6645862531858222,14.9743395,"{""type"":""Point"",""coordinates"":[108.35986557081131,14.082572419354847]}",108.35986557081131,14.082572419354847,1095.2660988027121
00000000000000000235,2116.0,1051.0,308.0,575.0,390.0,2878.0,0.46500382,0.7613219,792,0,0.116038272292019,17.798473,"{""type"":""Point"",""coordinates"":[108.31378076142394,14.165039034237273]}",108.31378076142394,14.165039034237273,874.3010882745666
000000000000000000bf,1901.0,824.5,397.5,638.5,331.5,3279.0,0.5981479,0.81636894,793,0,0.2058922821956441,3.8253138,"{""type"":""Point"",""coordinates"":[108.33102856429868,13.882880496878384]}",108.33102856429868,13.882880496878384,1310.4715786304982
00000000000000000169,2634.0,1412.0,533.0,794.0,705.0,3544.0,0.43018565,0.6681572,793,0,0.3971340557510435,21.002148,"{""type"":""Point"",""coordinates"":[108.29626541248601,13.909287293316886]}",108.29626541248601,13.909287293316886,407.7935791340237
00000000000000000028,2405.5,1696.5,615.0,809.5,1036.0,2218.5,0.13333334,0.36334306,794,0,0.4349894665412497,16.66497,"{""type"":""Point"",""coordinates"":[108.33938491967285,13.902821596789392]}",108.33938491967285,13.902821596789392,143.7975777654303
0000000000000000003d,3128.0,1784.0,692.0,942.0,1014.0,3083.0,0.26689953,0.5050037,794,0,0.6988809291214697,6.0300503,"{""type"":""Point"",""coordinates"":[108.34719726471847,14.124884829250997]}",108.34719726471847,14.124884829250997,56.241822641858676
000000000000000002e3,2098.0,1030.0,375.0,614.0,363.0,3547.0,0.54992354,0.81432223,794,0,0.2161407575409022,7.8235765,"{""type"":""Point"",""coordinates"":[108.35393496641024,14.114374728068029]}",108.35393496641024,14.114374728068029,55.250110359387996
000000000000000000ce,2209.5,1090.0,405.0,639.5,494.0,3220.5,0.4942582,0.73401535,795,0,0.0102815859446407,7.0609927,"{""type"":""Point"",""coordinates"":[108.33102856429868,13.882608491714121]}",108.33102856429868,13.882608491714121,1328.4530911305608
000000000000000001fa,2614.5,1350.5,398.0,650.0,525.5,3359.0,0.4264784,0.72943753,795,0,0.7820505200877677,12.902158,"{""type"":""Point"",""coordinates"":[108.29653295854924,13.919262302373445]}",108.29653295854924,13.919262302373445,817.5189874056495
0000000000000000027e,2588.0,1631.0,544.0,753.0,866.0,2546.0,0.21905674,0.49237984,795,0,0.1253813490939269,11.319502,"{""type"":""Point"",""coordinates"":[108.31000836193274,13.969654603378439]}",108.31000836193274,13.969654603378439,616.0984731485886
000000000000000001bb,2133.0,1638.0,493.5,711.0,974.0,1992.5,0.097644955,0.3433339,796,0,0.572313028974689,6.0071163,"{""type"":""Point"",""coordinates"":[108.38250442685967,14.058591373889417]}",108.38250442685967,14.058591373889417,270.20241709903297
0000000000000000000d,1683.5,782.0,344.0,531.5,302.0,3038.5,0.5906295,0.8191888,797,0,0.0833593856846257,11.014705,"{""type"":""Point"",""coordinates"":[108.37792047097672,14.055354066524613]}",108.37792047097672,14.055354066524613,76.66870834345882
00000000000000000203,2204.0,1223.5,444.0,645.5,485.0,3478.0,0.4795278,0.7552359,797,0,0.0019787900185442,18.462454,"{""type"":""Point"",""coordinates"":[108.32563751112505,13.866707337357534]}",108.32563751112505,13.866707337357534,2444.526262299321
00000000000000000067,1894.0,897.0,372.0,548.0,495.0,2911.0,0.52888656,0.70933646,801,0,0.5165302165928766,11.937962,"{""type"":""Point"",""coordinates"":[108.34396441645472,14.13000387726035]}",108.34396441645472,14.13000387726035,434.1531174715393
00000000000000000080,3194.0,1936.0,632.0,870.0,982.0,2852.0,0.19131161,0.48774126,801,0,0.6635462611746862,5.988228,"{""type"":""Point"",""coordinates"":[108.31054791316019,13.969926608542696]}",108.31054791316019,13.969926608542696,594.7722226464856
00000000000000000097,2070.5,1904.0,439.5,568.0,736.0,2452.5,0.12590382,0.5383409,801,0,0.5380087391577437,11.350967,"{""type"":""Point"",""coordinates"":[108.34585061620032,13.874524141504224]}",108.34585061620032,13.874524141504224,1236.887402083401
0000000000000000024f,1958.0,856.0,352.0,589.0,400.0,3219.0,0.5798773,0.77894443,801,0,0.5398524998211027,12.663538,"{""type"":""Point"",""coordinates"":[108.34773681594595,14.125152375314203]}",108.34773681594595,14.125152375314203,0.9839456340357817
000000000000000001ef,3456.0,2259.0,844.0,1068.0,1242.0,2541.0,0.05875,0.34337828,802,0,0.2485903285575841,12.454801,"{""type"":""Point"",""coordinates"":[108.28710195982119,14.166385682755417]}",108.28710195982119,14.166385682755417,920.0541669229287
00000000000000000140,2942.5,1577.0,538.5,792.5,751.5,3537.0,0.38326162,0.6495278,803,0,0.4822501541180731,17.307926,"{""type"":""Point"",""coordinates"":[108.35824691712892,14.107369480313059]}",108.35824691712892,14.107369480313059,44.68393836738898
00000000000000000141,2066.5,976.0,350.5,660.5,411.5,2825.0,0.48645094,0.74571294,805,0,0.4630565204027869,11.1255045,"{""type"":""Point"",""coordinates"":[108.27147281062886,14.120572878532315]}",108.27147281062886,14.120572878532315,649.261725713207
00000000000000000300,2515.0,1379.0,360.0,595.0,592.0,2707.0,0.32501224,0.6411034,805,0,0.1987147364786358,22.233414,"{""type"":""Point"",""coordinates"":[108.28548330613879,14.159380435000456]}",108.28548330613879,14.159380435000456,934.0702274234604
00000000000000000162,2852.5,1892.0,557.5,815.5,802.5,2744.5,0.18386714,0.54750496,806,0,0.6039613067303973,9.894223,"{""type"":""Point"",""coordinates"":[108.3498950208558,14.122191532214718]}",108.3498950208558,14.122191532214718,72.77208232802346
0000000000000000018c,1957.0,913.0,338.5,590.0,382.5,3375.5,0.5742101,0.7964343,808,0,0.1811764931129312,6.6280494,"{""type"":""Point"",""coordinates"":[108.33076101823546,13.884227145396522]}",108.33076101823546,13.884227145396522,1249.7191181725157
000000000000000002b4,2697.0,1603.0,470.0,711.0,760.0,2814.0,0.27416798,0.5747062,808,0,0.0316490137720918,12.165877,"{""type"":""Point"",""coordinates"":[108.29761206100414,13.856197236174559]}",108.29761206100414,13.856197236174559,1251.0003555327712
000000000000000002c3,2270.5,1184.5,424.0,686.0,570.0,3165.0,0.4553397,0.6947791,808,0,0.2147256615952213,11.820609,"{""type"":""Point"",""coordinates"":[108.30785461612393,14.152910279371904]}",108.30785461612393,14.152910279371904,66.28863397506638
0000000000000000007c,2635.0,1609.0,623.0,832.0,868.0,2369.0,0.19105078,0.46370095,809,0,0.7774204534950993,22.891031,"{""type"":""Point"",""coordinates"":[108.31782516607943,14.170158082246632]}",108.31782516607943,14.170158082246632,174.28886792802268
00000000000000000165,1964.0,837.0,328.0,530.0,313.0,3409.0,0.60574657,0.83181083,809,0,0.5086658203960744,23.605745,"{""type"":""Point"",""coordinates"":[108.33426141256244,13.882608491714121]}",108.33426141256244,13.882608491714121,593.2474133693402
000000000000000000cc,1414.5,642.5,320.0,485.0,330.0,3177.5,0.66361254,0.8118318,811,0,0.420402803652677,9.681911,"{""type"":""Point"",""coordinates"":[108.39031677190529,14.056165622916343]}",108.39031677190529,14.056165622916343,20.76782616047477
000000000000000002e4,2748.5,1520.0,529.0,780.5,707.5,3235.0,0.36067298,0.6410907,812,0,0.3533561446503023,23.98389,"{""type"":""Point"",""coordinates"":[108.3498950208558,13.88476669662399]}",108.3498950208558,13.88476669662399,768.8446108729462
000000000000000000d5,2319.0,1225.0,433.0,740.0,563.0,3344.0,0.46377763,0.7117993,813,0,0.1012353067066128,7.439253,"{""type"":""Point"",""coordinates"":[108.3124341129058,14.177974886393324]}",108.3124341129058,14.177974886393324,762.0788142787572
000000000000000000d9,2611.0,1371.0,522.0,767.0,555.0,3083.0,0.3843736,0.6948873,814,0,0.7717249431072807,3.413104,"{""type"":""Point"",""coordinates"":[108.3202509170525,14.173395389611434]}",108.3202509170525,14.173395389611434,272.74486133266873
00000000000000000288,2166.5,1177.0,527.0,724.0,677.5,2955.5,0.43036902,0.62703,814,0,0.3373436266669067,8.087653,"{""type"":""Point"",""coordinates"":[108.3447715137454,14.134587833143296]}",108.3447715137454,14.134587833143296,503.7636432807305
00000000000000000144,2053.0,1399.0,431.0,662.0,811.0,2000.0,0.17681672,0.42298114,815,0,0.0602052214650925,12.547418,"{""type"":""Point"",""coordinates"":[108.38303951898607,14.05912646601583]}",108.38303951898607,14.05912646601583,279.4879929738068
00000000000000000184,2364.0,1287.0,462.0,743.0,575.0,3394.0,0.4501175,0.7102545,815,0,0.0222051205693433,9.2444,"{""type"":""Point"",""coordinates"":[108.36309841907507,14.103325075657585]}",108.36309841907507,14.103325075657585,63.340425006617195
00000000000000000215,2317.0,1223.0,443.0,684.0,579.0,2987.0,0.41900238,0.6752664,815,0,0.795062366262408,20.233707,"{""type"":""Point"",""coordinates"":[108.37522717394043,14.086349277947116]}",108.37522717394043,14.086349277947116,376.46454431418425
00000000000000000121,1861.0,915.0,334.0,550.0,353.0,2809.0,0.5085929,0.77672356,816,0,0.212745507717919,14.441824,"{""type"":""Point"",""coordinates"":[108.26392355254538,14.113028079549888]}",108.26392355254538,14.113028079549888,1600.295709433764
00000000000000000021,2672.0,1394.0,559.0,873.0,797.0,3570.0,0.43835616,0.6349897,818,0,0.5620271535826146,17.46725,"{""type"":""Point"",""coordinates"":[108.29545385609428,13.935431002793242]}",108.29545385609428,13.935431002793242,2589.8795754266175
00000000000000000093,2372.0,1185.0,482.0,780.0,584.0,3385.5,0.48145717,0.70575637,818,0,0.0929240567373155,15.351998,"{""type"":""Point"",""coordinates"":[108.35178122060141,13.884494691459729]}",108.35178122060141,13.884494691459729,971.3232905039922
000000000000000000e4,2241.0,1137.5,398.0,722.0,443.0,3211.5,0.47689125,0.7575592,818,0,0.3395700399127295,21.391245,"{""type"":""Point"",""coordinates"":[108.36013311687452,14.083651521809783]}",108.36013311687452,14.083651521809783,1739.0753925539827
000000000000000000f4,1407.0,585.0,357.0,530.0,295.0,3383.0,0.7051411,0.83958673,818,0,0.6803932202814307,15.866191,"{""type"":""Point"",""coordinates"":[108.37064321805748,14.048348818769652]}",108.37064321805748,14.048348818769652,341.67320207411655
0000000000000000011c,2089.0,1134.0,359.0,564.0,454.0,3163.0,0.4721899,0.74896324,818,0,0.230038382055422,5.990195,"{""type"":""Point"",""coordinates"":[108.32590951628931,14.15695468402738]}",108.32590951628931,14.15695468402738,102.61744461927648
00000000000000000239,2399.0,1194.0,420.0,697.0,523.0,3565.0,0.49821392,0.7441292,819,0,0.4726276372599368,17.12502,"{""type"":""Point"",""coordinates"":[108.32806326209814,14.166118136692214]}",108.32806326209814,14.166118136692214,326.4787028978836
00000000000000000244,2332.0,1235.0,407.0,708.0,537.0,3020.0,0.41950646,0.69806015,819,0,0.2119819334346074,16.79986,"{""type"":""Point"",""coordinates"":[108.33183566158937,13.903361148016861]}",108.33183566158937,13.903361148016861,181.6365616817148
0000000000000000000f,2306.0,1171.5,403.5,630.0,443.0,3161.5,0.4592661,0.75419617,820,0,0.3432568227277308,3.926406,"{""type"":""Point"",""coordinates"":[108.32941436971733,13.884494691459729]}",108.32941436971733,13.884494691459729,1350.9362752083136
00000000000000000143,2199.0,1411.5,550.5,758.0,763.5,2231.0,0.22498284,0.49006513,820,0,0.7327751358415926,12.189738,"{""type"":""Point"",""coordinates"":[108.3984011221152,14.095780276675153]}",108.3984011221152,14.095780276675153,1142.6733839941412
0000000000000000020f,2972.5,1967.5,556.0,821.5,795.5,2752.5,0.16631356,0.55157834,820,0,0.2712599178283466,17.941685,"{""type"":""Point"",""coordinates"":[108.28818106227612,14.194955143204847]}",108.28818106227612,14.194955143204847,314.8534712792187
000000000000000002d5,2693.0,1553.0,834.0,964.0,1019.0,2948.0,0.30993113,0.48626167,821,0,0.5005590335789816,20.410421,"{""type"":""Point"",""coordinates"":[108.30354266540523,13.880722291968514]}",108.30354266540523,13.880722291968514,1405.4702077078666
0000000000000000028d,2351.0,1538.0,522.0,738.0,837.0,2458.0,0.23023023,0.49195752,822,0,0.704674418756388,7.333314,"{""type"":""Point"",""coordinates"":[108.330221467008,13.896623446325101]}",108.330221467008,13.896623446325101,991.873541966288
000000000000000002a0,2426.0,1361.0,445.0,676.0,577.0,2851.0,0.35375118,0.66336054,822,0,0.5335716972545644,12.552167,"{""type"":""Point"",""coordinates"":[108.28682995465692,14.16908343889275]}",108.28682995465692,14.16908343889275,917.1499462629176
0000000000000000008a,2160.0,1283.0,445.0,683.0,715.0,2709.0,0.35721442,0.5823598,823,0,0.3528505486432702,11.150053,"{""type"":""Point"",""coordinates"":[108.38303951898607,14.059666017243297]}",108.38303951898607,14.059666017243297,364.85452043111036
000000000000000000ff,2823.0,1605.0,565.0,804.0,731.0,2958.0,0.29651546,0.60368663,823,0,0.2710300761465141,10.4458475,"{""type"":""Point"",""coordinates"":[108.28198291181184,14.165311039401537]}",108.28198291181184,14.165311039401537,1450.6216925040976
000000000000000001dd,2373.0,1099.0,486.0,795.0,481.0,3623.0,0.53451926,0.76559454,825,0,0.1317578976743387,21.560179,"{""type"":""Point"",""coordinates"":[108.29976580681299,13.94755529855756]}",108.29976580681299,13.94755529855756,2026.0874496235674
000000000000000002ce,2789.0,1780.5,673.0,916.5,977.0,2534.5,0.17473929,0.44354266,827,0,0.1763818229509496,11.890367,"{""type"":""Point"",""coordinates"":[108.3205184631157,14.175549135420251]}",108.3205184631157,14.175549135420251,502.1973299409074
00000000000000000054,2706.5,1669.5,475.5,735.0,776.0,2588.0,0.21573694,0.5386445,828,0,0.0095908607613076,21.62465,"{""type"":""Point"",""coordinates"":[108.32456286777118,13.871558839303683]}",108.32456286777118,13.871558839303683,2134.265379456996
000000000000000001fd,2927.5,1797.5,751.0,1030.5,1119.5,2832.0,0.22345826,0.43337974,828,0,0.5169220801568246,13.758958,"{""type"":""Point"",""coordinates"":[108.28036425812942,14.19360403558565]}",108.28036425812942,14.19360403558565,1046.6373936930224
0000000000000000015b,2179.5,1649.5,502.5,657.5,809.0,1926.5,0.07746085,0.40851763,829,0,0.0137350825184936,13.792115,"{""type"":""Point"",""coordinates"":[108.330221467008,13.897162997552567]}",108.330221467008,13.897162997552567,351.00169368619726
00000000000000000297,1557.0,710.5,401.5,539.0,386.5,3302.5,0.64590085,0.79045814,830,0,0.7141572948127043,8.50046,"{""type"":""Point"",""coordinates"":[108.35986557081131,13.913331697972366]}",108.35986557081131,13.913331697972366,1871.2968428000593
00000000000000000094,1293.0,506.0,302.0,502.0,281.0,3395.0,0.74057937,0.8471164,831,0,0.6320811491031825,6.9098954,"{""type"":""Point"",""coordinates"":[108.40945077452562,14.001184906927355]}",108.40945077452562,14.001184906927355,1540.8320955680067
0000000000000000011f,2561.0,1495.0,494.0,797.0,799.0,2845.0,0.31105992,0.5614709,831,0,0.7948735618654174,14.958685,"{""type"":""Point"",""coordinates"":[108.33507296895415,13.899049197298178]}",108.33507296895415,13.899049197298178,9.92186854611904
00000000000000000090,3103.0,1799.0,675.0,943.0,943.0,2971.0,0.24570231,0.51814,832,0,0.6606650238135072,11.645217,"{""type"":""Point"",""coordinates"":[108.36363797030252,14.102517978366912]}",108.36363797030252,14.102517978366912,10.215660806453283
00000000000000000115,2699.0,1417.0,541.0,812.0,622.0,3358.0,0.40649214,0.6874372,832,0,0.5173934902609437,22.8165,"{""type"":""Point"",""coordinates"":[108.29599340732176,13.926267550128408]}",108.29599340732176,13.926267550128408,962.6996910078644
00000000000000000309,2736.0,1599.0,756.0,945.0,1042.0,2553.0,0.22976878,0.42030597,832,0,0.3886609453743134,13.913781,"{""type"":""Point"",""coordinates"":[108.30407775753164,13.880722291968514]}",108.30407775753164,13.880722291968514,1441.496089162041
0000000000000000010d,3689.0,2311.0,767.0,1023.0,1194.0,3059.0,0.13929236,0.438514,833,0,0.2204372007262358,27.39868,"{""type"":""Point"",""coordinates"":[108.24856194941624,14.066403718935057]}",108.24856194941624,14.066403718935057,464.21599306851516
0000000000000000012d,3478.5,2195.0,834.5,1054.5,1192.5,3090.5,0.16942579,0.44314733,833,0,0.1973108802355734,4.7720647,"{""type"":""Point"",""coordinates"":[108.32833526726239,14.17689578393839]}",108.32833526726239,14.17689578393839,1161.8933107814735
00000000000000000202,2250.0,1168.0,370.5,596.0,458.5,3255.0,0.47185168,0.75306314,833,0,0.4288676479753022,26.320042,"{""type"":""Point"",""coordinates"":[108.28359710639319,14.144825929162007]}",108.28359710639319,14.144825929162007,627.6159016314491
00000000000000000056,1432.5,684.5,341.5,490.0,341.0,2668.5,0.5917089,0.7733843,834,0,0.2333463011786719,7.061261,"{""type"":""Point"",""coordinates"":[108.34531106497288,13.937045197374587]}",108.34531106497288,13.937045197374587,2864.547533745439
0000000000000000018a,2614.0,1406.0,543.0,800.0,801.0,3165.0,0.38481733,0.5960666,834,0,0.7792837761095769,13.2629385,"{""type"":""Point"",""coordinates"":[108.27416610766514,14.06532461648012]}",108.27416610766514,14.06532461648012,2063.0063865105444
000000000000000002b1,2467.0,1404.0,404.0,672.0,656.0,2627.0,0.30339867,0.6003655,834,0,0.1797937545285423,26.148405,"{""type"":""Point"",""coordinates"":[108.30003781197723,13.881529389259187]}",108.30003781197723,13.881529389259187,1202.4386874934223
0000000000000000015f,1871.5,899.5,341.0,448.0,404.5,2874.0,0.5232543,0.7532408,835,0,0.0393446366065499,8.593902,"{""type"":""Point"",""coordinates"":[108.33965246573604,14.163424839655928]}",108.33965246573604,14.163424839655928,112.62768753341919
000000000000000001f6,2680.0,1617.0,523.0,770.0,719.0,3248.0,0.3352518,0.63750947,835,0,0.6476509310546458,14.071815,"{""type"":""Point"",""coordinates"":[108.29815161223162,13.895276797806961]}",108.29815161223162,13.895276797806961,538.0945539304007
00000000000000000105,2028.0,975.0,361.5,560.0,346.0,3201.0,0.53304595,0.80490553,836,0,0.7265269625729966,27.78717,"{""type"":""Point"",""coordinates"":[108.27767096109314,14.068829469908131]}",108.27767096109314,14.068829469908131,988.4382253912893
000000000000000000f1,3683.0,2429.0,715.5,982.0,1213.5,3059.0,0.114795916,0.4319485,837,0,0.5251440297521158,6.6323347,"{""type"":""Point"",""coordinates"":[108.33076101823546,14.174470032965315]}",108.33076101823546,14.174470032965315,1203.882328524331
0000000000000000017c,2313.0,1359.0,429.0,600.0,558.0,2795.0,0.3456909,0.6671637,838,0,0.6850495174944868,1.332159,"{""type"":""Point"",""coordinates"":[108.32968191578054,14.166385682755417]}",108.32968191578054,14.166385682755417,485.4214973659637
0000000000000000030c,2669.0,1465.0,515.0,738.0,711.0,2865.0,0.32332563,0.602349,839,0,0.0662466134143776,13.066822,"{""type"":""Point"",""coordinates"":[108.28413665762064,14.154261386991099]}",108.28413665762064,14.154261386991099,302.22157610882977
00000000000000000002,2559.5,1635.0,443.5,608.5,632.0,2362.5,0.18198875,0.5778928,841,0,0.469762793527915,23.765955,"{""type"":""Point"",""coordinates"":[108.29168145660307,14.193336489522443]}",108.29168145660307,14.193336489522443,97.48667904876852
0000000000000000014c,2829.5,1760.0,608.5,887.0,995.5,2798.5,0.22781616,0.47522405,841,0,0.0234259431770601,24.344675,"{""type"":""Point"",""coordinates"":[108.35663272254757,13.87237039569541]}",108.35663272254757,13.87237039569541,2137.466573228667
00000000000000000298,1465.0,619.0,378.0,543.0,346.0,3390.0,0.69119483,0.81477517,841,0,0.4009582733442658,3.9274096,"{""type"":""Point"",""coordinates"":[108.35339541518277,13.947287752494352]}",108.35339541518277,13.947287752494352,3262.579321406579
000000000000000001bd,2015.0,1006.0,369.0,527.0,431.0,3079.0,0.5074663,0.7544159,844,0,0.4968327000395532,9.685384,"{""type"":""Point"",""coordinates"":[108.3401920169635,14.163692385719136]}",108.3401920169635,14.163692385719136,153.9348421231393
0000000000000000026e,2617.5,1474.0,502.5,740.5,709.0,3026.5,0.34496167,0.6203989,845,0,0.6344351983434716,20.349318,"{""type"":""Point"",""coordinates"":[108.35339541518277,14.022209568394352]}",108.35339541518277,14.022209568394352,895.409664487107
00000000000000000007,2550.5,1428.0,600.5,828.0,744.0,3158.5,0.37730294,0.6187059,847,0,0.2558598019679231,33.970264,"{""type"":""Point"",""coordinates"":[108.30407775753164,13.962381809560268]}",108.30407775753164,13.962381809560268,354.3162753487195
00000000000000000081,3024.0,1705.5,604.0,891.0,884.0,3251.0,0.31181276,0.5724305,849,0,0.0058191351988116,6.736699,"{""type"":""Point"",""coordinates"":[108.30030535804043,13.939742953511924]}",108.30030535804043,13.939742953511924,2654.1646115616863
00000000000000000230,2321.0,1196.0,419.0,667.0,545.0,3163.0,0.45125028,0.706041,849,0,0.6669185052100736,17.274323,"{""type"":""Point"",""coordinates"":[108.31108746438767,13.966154209051485]}",108.31108746438767,13.966154209051485,1016.2695116584902
000000000000000001b1,2623.0,1509.5,604.5,803.5,850.5,2738.0,0.28922895,0.5259858,850,0,0.1615585453717262,15.936348,"{""type"":""Point"",""coordinates"":[108.28225045787505,14.152642733308697]}",108.28225045787505,14.152642733308697,319.18622294193113
00000000000000000278,1908.0,899.0,404.0,664.0,428.0,3548.0,0.5956825,0.78470826,851,0,0.6362127587310802,7.6045365,"{""type"":""Point"",""coordinates"":[108.35743981983823,13.946208650039422]}",108.35743981983823,13.946208650039422,3193.4348446256577
00000000000000000123,2344.0,1249.0,404.0,663.0,594.0,3213.0,0.44016138,0.6879433,852,0,0.0132013996430084,20.589602,"{""type"":""Point"",""coordinates"":[108.35016256691901,14.015471866702597]}",108.35016256691901,14.015471866702597,632.1799077254798
0000000000000000025c,1448.5,662.0,314.5,487.0,288.0,3268.5,0.6631472,0.83804303,852,0,0.4067773999697577,10.136291,"{""type"":""Point"",""coordinates"":[108.35770736590145,13.917911194754254]}",108.35770736590145,13.917911194754254,2032.2358996636642
00000000000000000290,2972.0,1859.0,601.0,914.0,998.0,3049.0,0.2424613,0.50679517,852,0,0.0301126668956118,25.916035,"{""type"":""Point"",""coordinates"":[108.360672668102,14.084191073037251]}",108.360672668102,14.084191073037251,1702.5427605698071
00000000000000000114,3297.0,2447.0,780.0,1048.0,1306.0,2528.0,0.016281407,0.31872717,854,0,0.3337087096514443,19.600304,"{""type"":""Point"",""coordinates"":[108.31162701561514,13.870212190785542]}",108.31162701561514,13.870212190785542,1732.2780687129991
000000000000000001d0,2073.0,1038.0,489.0,725.0,743.0,2910.0,0.47416413,0.59321105,854,0,0.7320856710944132,10.560653,"{""type"":""Point"",""coordinates"":[108.3660637212756,14.10575082663066]}",108.3660637212756,14.10575082663066,393.31991026877796
000000000000000001ae,2514.0,1395.0,494.0,702.0,723.0,2902.0,0.3507098,0.6011034,855,0,0.2384368508828073,15.489298,"{""type"":""Point"",""coordinates"":[108.28413665762064,14.154800938218568]}",108.28413665762064,14.154800938218568,354.74220841400023
0000000000000000029c,1982.0,951.0,371.0,599.0,443.0,3014.0,0.52030265,0.74370843,855,0,0.684337048136991,9.651,"{""type"":""Point"",""coordinates"":[108.34099911425419,14.149677431108154]}",108.34099911425419,14.149677431108154,1338.6805525785232
000000000000000002c7,2559.0,1539.0,432.5,716.0,643.0,2826.0,0.29484537,0.62928796,855,0,0.5992338451849604,24.384783,"{""type"":""Point"",""coordinates"":[108.31378076142394,13.979090061207529]}",108.31378076142394,13.979090061207529,577.1628995375119
00000000000000000030,2451.0,1337.0,441.5,702.5,603.0,3556.5,0.45356086,0.7100613,857,0,0.3906302237630007,24.351969,"{""type"":""Point"",""coordinates"":[108.32429086260692,14.177707340330114]}",108.32429086260692,14.177707340330114,915.7981032341794
000000000000000000c4,2596.5,1461.0,430.5,715.0,600.5,3242.5,0.3787605,0.6874837,857,0,0.4691918834134222,8.50042,"{""type"":""Point"",""coordinates"":[108.29761206100414,13.891232393151485]}",108.29761206100414,13.891232393151485,785.4170520240012
00000000000000000273,2459.0,1281.0,659.0,888.0,844.0,3034.0,0.40625724,0.5647241,857,0,0.502386293448781,15.936169,"{""type"":""Point"",""coordinates"":[108.34531106497288,14.1429397294164]}",108.34531106497288,14.1429397294164,962.282247127714
000000000000000002be,2282.0,1197.0,458.0,710.0,653.0,2710.0,0.38725364,0.61165625,858,0,0.2374400460733092,13.755469,"{""type"":""Point"",""coordinates"":[108.34099911425417,14.14940988504495]}",108.34099911425417,14.14940988504495,1350.1179408343794
000000000000000002d6,2561.5,1438.5,509.0,750.5,667.0,3077.5,0.3629318,0.6437442,858,0,0.1271475130841708,12.02382,"{""type"":""Point"",""coordinates"":[108.34099911425417,14.16369238571914]}",108.34099911425417,14.16369238571914,187.585430368842
0000000000000000006c,2541.5,1464.0,515.0,770.5,710.5,2711.0,0.29868263,0.5846851,859,0,0.5083719681926765,8.64149,"{""type"":""Point"",""coordinates"":[108.28898815956678,14.208426087487306]}",108.28898815956678,14.208426087487306,797.7813046585055
000000000000000001e8,2380.0,1177.0,431.0,692.0,540.0,3779.0,0.5250202,0.7499421,859,0,0.7785213520534494,15.002761,"{""type"":""Point"",""coordinates"":[108.36552417004815,14.10575082663066]}",108.36552417004815,14.10575082663066,371.60080722433855
0000000000000000020c,1278.0,551.0,337.0,480.0,329.0,2940.0,0.6843311,0.7987152,859,0,0.089459500163066,6.464861,"{""type"":""Point"",""coordinates"":[108.35096966420969,13.943247806939933]}",108.35096966420969,13.943247806939933,3696.3978876705996
000000000000000002c5,2498.0,1362.5,669.5,840.5,697.0,2799.5,0.3452667,0.6013156,859,0,0.4904090404056956,22.661522,"{""type"":""Point"",""coordinates"":[108.27335901037448,14.067482821389985]}",108.27335901037448,14.067482821389985,2309.525041958492
00000000000000000250,1924.5,1074.5,468.5,640.5,528.5,2853.5,0.45290223,0.68746305,860,0,0.1243121833007858,10.766278,"{""type"":""Point"",""coordinates"":[108.33210766675363,13.909019747253684]}",108.33210766675363,13.909019747253684,108.81737063279434
00000000000000000132,2566.5,1470.0,462.5,766.5,689.5,3049.5,0.34948558,0.6311848,861,0,0.2988534706882474,10.441744,"{""type"":""Point"",""coordinates"":[108.38950967461463,14.073141420626811]}",108.38950967461463,14.073141420626811,95.31085361758333
0000000000000000004d,2264.5,1162.0,346.5,616.0,416.0,3552.5,0.5070527,0.790349,862,0,0.3626589280330369,20.235394,"{""type"":""Point"",""coordinates"":[108.26904705965579,14.107097475148803]}",108.26904705965579,14.107097475148803,2104.4293405469257
0000000000000000017f,3099.0,1960.0,736.0,1027.0,1023.0,3384.0,0.26646706,0.5357386,862,0,0.4767137254822445,22.156128,"{""type"":""Point"",""coordinates"":[108.2970725097767,13.935431002793244]}",108.2970725097767,13.935431002793244,2715.7447014005334
000000000000000001c4,2517.0,1456.5,558.5,806.0,726.5,2964.5,0.3410993,0.60633975,863,0,0.1268537756050318,17.683716,"{""type"":""Point"",""coordinates"":[108.3463901674278,14.141325534835053]}",108.3463901674278,14.141325534835053,982.1508251822637
00000000000000000178,2562.0,1785.0,499.0,734.0,764.0,2377.0,0.1422393,0.51353073,864,0,0.0136926489484204,21.835638,"{""type"":""Point"",""coordinates"":[108.28251800393824,14.160459537455388]}",108.28251800393824,14.160459537455388,999.2353045572734
00000000000000000183,3376.5,2200.0,569.5,755.0,964.0,2489.5,0.06173366,0.4417258,864,0,0.7294197559500192,12.538181,"{""type"":""Point"",""coordinates"":[108.34019201696351,14.151024079626296]}",108.34019201696351,14.151024079626296,1096.5629987725642
00000000000000000233,2926.0,1522.0,584.0,864.0,795.0,3516.5,0.39585194,0.63121885,864,0,0.2138816851214804,26.850203,"{""type"":""Point"",""coordinates"":[108.30192401172285,13.947555298557562]}",108.30192401172285,13.947555298557562,2195.976312523388
000000000000000002e0,1990.0,1021.0,337.0,560.0,426.0,2913.0,0.48093542,0.74483377,867,0,0.4847628256232544,20.145746,"{""type"":""Point"",""coordinates"":[108.33911291450859,14.146984134071877]}",108.33911291450859,14.146984134071877,982.2415573860566
00000000000000000313,2534.0,1671.0,483.0,705.0,590.0,2774.0,0.24814399,0.6492271,868,0,0.0481326422156682,21.119854,"{""type"":""Point"",""coordinates"":[108.26365600648217,14.105211275403194]}",108.26365600648217,14.105211275403194,1908.78922179258
000000000000000002bf,2150.5,1019.0,350.5,644.5,379.5,3709.0,0.56895095,0.81435734,869,0,0.192596733746089,19.328585,"{""type"":""Point"",""coordinates"":[108.35124166937395,14.020590914711953]}",108.35124166937395,14.020590914711953,986.438960284424
000000000000000000f3,2660.5,1412.0,460.5,750.0,717.5,3057.5,0.36816198,0.61986756,870,0,0.457777005182147,18.765469,"{""type"":""Point"",""coordinates"":[108.2970725097767,13.904168245307535]}",108.2970725097767,13.904168245307535,216.64192209750084
000000000000000001e4,2939.0,1932.0,633.0,882.0,907.0,2850.0,0.19196989,0.5171679,870,0,0.030232858994505,28.846931,"{""type"":""Point"",""coordinates"":[108.27874560444704,14.151024079626296]}",108.27874560444704,14.151024079626296,625.6200874637243
000000000000000002e5,2619.0,1488.0,429.0,647.5,589.5,3122.5,0.35451686,0.68238145,870,0,0.1522254560258675,7.6628575,"{""type"":""Point"",""coordinates"":[108.34153866548166,14.173123384447177]}",108.34153866548166,14.173123384447177,396.08766317489
00000000000000000029,1583.0,768.0,332.0,508.0,442.0,2837.0,0.5739251,0.7304056,871,0,0.0879938545604532,16.345709,"{""type"":""Point"",""coordinates"":[108.34099911425419,14.153182284536166]}",108.34099911425419,14.153182284536166,1126.9832881899633
000000000000000002fe,2677.0,1459.0,467.0,700.0,659.0,2908.0,0.33180672,0.6305018,872,0,0.5656474871054743,12.902425,"{""type"":""Point"",""coordinates"":[108.3385733632811,14.150216982335623]}",108.3385733632811,14.150216982335623,1006.3214789926251
000000000000000000a8,2936.0,1772.0,705.0,962.0,853.0,3635.0,0.34455335,0.61987525,873,0,0.1090514107805564,20.451138,"{""type"":""Point"",""coordinates"":[108.34746926988272,14.133776276751568]}",108.34746926988272,14.133776276751568,798.1370582603708
00000000000000000277,3091.5,1849.5,881.0,1177.0,946.0,3023.0,0.24084146,0.5233056,873,0,0.2575969643548836,10.932655,"{""type"":""Point"",""coordinates"":[108.33076101823546,14.180940188593866]}",108.33076101823546,14.180940188593866,1660.0716084124285
00000000000000000257,1726.0,843.0,282.0,513.0,376.0,2609.0,0.5115875,0.7480737,875,0,0.2386474654310452,22.080536,"{""type"":""Point"",""coordinates"":[108.3005773632047,13.883148042941588]}",108.3005773632047,13.883148042941588,1141.316812568879
00000000000000000225,1764.0,798.0,372.0,613.0,415.0,3181.0,0.5988942,0.769188,876,0,0.1942394917505161,7.4391246,"{""type"":""Point"",""coordinates"":[108.35663272254757,13.933005251820168]}",108.35663272254757,13.933005251820168,2991.175026149205
00000000000000000274,2360.0,1225.5,460.5,722.5,608.0,2678.5,0.37218237,0.63000154,876,0,0.7999336295322379,10.434269,"{""type"":""Point"",""coordinates"":[108.29383966151295,13.903361148016861]}",108.29383966151295,13.903361148016861,78.08744688185746
0000000000000000002a,1894.5,943.0,395.0,558.5,474.0,3145.5,0.5387061,0.7380854,877,0,0.1495933200409054,11.938247,"{""type"":""Point"",""coordinates"":[108.29168145660307,14.16584613152795]}",108.29168145660307,14.16584613152795,421.5242227679616
00000000000000000048,2318.0,1065.0,585.0,881.0,548.0,4030.0,0.5819431,0.7605941,877,0,0.0891976056765241,22.192783,"{""type"":""Point"",""coordinates"":[108.36444506759321,13.998763615055335]}",108.36444506759321,13.998763615055335,57.051315559942225
0000000000000000005c,1399.0,622.0,508.0,658.5,539.5,3333.5,0.6855012,0.7214046,877,0,0.7790001443699563,10.268466,"{""type"":""Point"",""coordinates"":[108.32994946184375,13.910098849708616]}",108.32994946184375,13.910098849708616,334.422070026366
000000000000000000d4,2619.0,1332.0,485.0,779.0,570.0,3655.0,0.4658111,0.7301775,877,0,0.6713227447720587,6.727215,"{""type"":""Point"",""coordinates"":[108.26716085991016,14.108176577603736]}",108.26716085991016,14.108176577603736,2041.0351606216768
0000000000000000018d,2593.0,1382.0,438.0,711.0,574.0,3065.0,0.3784574,0.6845287,877,0,0.421097551819225,23.541126,"{""type"":""Point"",""coordinates"":[108.3140527665882,13.978010958752597]}",108.3140527665882,13.978010958752597,561.3879661331478
000000000000000002bb,2131.5,969.0,414.5,682.5,447.5,3150.0,0.52949744,0.7512161,877,0,0.0029750026431644,3.4135962,"{""type"":""Point"",""coordinates"":[108.27874560444704,14.219747745062007]}",108.27874560444704,14.219747745062007,382.26729493300047
00000000000000000157,2111.5,1012.0,398.5,702.5,362.0,3617.0,0.56275654,0.8180447,880,0,0.4896589898723896,21.102745,"{""type"":""Point"",""coordinates"":[108.40190597554322,13.987713962644898]}",108.40190597554322,13.987713962644898,380.94204628965724
000000000000000001b4,1827.5,841.5,497.0,670.5,560.0,3327.5,0.5963061,0.71189713,881,0,0.5202118558021407,8.756158,"{""type"":""Point"",""coordinates"":[108.32887481848987,13.908212649963009]}",108.32887481848987,13.908212649963009,143.09131396108555
00000000000000000319,2451.0,1381.0,594.0,787.0,697.0,3173.0,0.3935002,0.6397933,882,0,0.4851764060146281,11.848088,"{""type"":""Point"",""coordinates"":[108.35905847352063,13.953485902958644]}",108.35905847352063,13.953485902958644,2378.7345777671994
00000000000000000159,1906.0,816.0,371.0,655.0,353.0,3720.0,0.64021164,0.8266634,883,0,0.7692820080115934,15.386567,"{""type"":""Point"",""coordinates"":[108.32563751112505,13.89985629458885]}",108.32563751112505,13.89985629458885,531.7318388507631
0000000000000000016b,2515.5,1279.5,427.0,726.5,496.0,3783.0,0.49451852,0.7681701,884,0,0.4753804767747147,26.678211,"{""type"":""Point"",""coordinates"":[108.40244552677068,13.991486362136111]}",108.40244552677068,13.991486362136111,700.6939636855251
000000000000000001a3,1463.0,750.5,325.0,494.5,452.5,2531.0,0.5425872,0.696665,885,0,0.2758775860453109,17.308002,"{""type"":""Point"",""coordinates"":[108.3445039676822,14.148598328653224]}",108.3445039676822,14.148598328653224,1357.758042617995
000000000000000001c0,3053.0,1955.5,598.5,893.0,1071.0,3076.5,0.22277424,0.4835443,885,0,0.7478617681334527,10.538298,"{""type"":""Point"",""coordinates"":[108.34261776793659,14.14859832865322]}",108.34261776793659,14.14859832865322,1261.6308988153194
00000000000000000085,1866.0,841.0,331.0,530.0,397.0,3291.0,0.5929332,0.7847071,886,0,0.6522353368043409,13.99241,"{""type"":""Point"",""coordinates"":[108.35824691712891,13.971005710997632]}",108.35824691712891,13.971005710997632,1038.5869148024
00000000000000000087,2948.0,1770.5,515.0,756.0,730.0,2583.5,0.18672486,0.5593783,887,0,0.1511922742602155,23.082048,"{""type"":""Point"",""coordinates"":[108.27901760961129,14.169890536183425]}",108.27901760961129,14.169890536183425,1720.3682267719282
0000000000000000013c,2432.0,1369.0,448.0,661.0,700.0,2944.0,0.36517504,0.6158068,887,0,0.6342006680235461,2.6628911,"{""type"":""Point"",""coordinates"":[108.3428853139998,14.168271882501026]}",108.3428853139998,14.168271882501026,171.17613706818344
00000000000000000271,3070.5,1960.0,633.0,933.0,1083.5,2912.0,0.1954023,0.45763984,889,0,0.6036465575409716,6.005046,"{""type"":""Point"",""coordinates"":[108.36363797030252,13.970466159770167]}",108.36363797030252,13.970466159770167,526.977194132644
00000000000000000119,2303.0,1221.0,420.0,697.0,566.5,3166.0,0.44335538,0.6964501,890,0,0.3701091104710998,13.717434,"{""type"":""Point"",""coordinates"":[108.34531106497286,14.173123384447177]}",108.34531106497286,14.173123384447177,532.6503992118235
0000000000000000025e,2062.0,976.0,374.0,635.0,334.0,3732.0,0.5853866,0.83571076,890,0,0.6945271714441461,16.430914,"{""type"":""Point"",""coordinates"":[108.37172232051243,13.968307954860297]}",108.37172232051243,13.968307954860297,702.6172339988972
0000000000000000005e,2841.0,1842.0,797.0,1136.5,1259.5,3072.0,0.25030527,0.41844627,891,0,0.4190306442611068,12.658129,"{""type"":""Point"",""coordinates"":[108.36552417004815,13.973966554097121]}",108.36552417004815,13.973966554097121,232.44066326065996
00000000000000000111,2429.0,1334.0,358.5,586.5,554.0,3206.5,0.4123995,0.7053583,891,0,0.7802630109140282,14.635798,"{""type"":""Point"",""coordinates"":[108.33588006624483,14.163152834491665]}",108.33588006624483,14.163152834491665,56.12671371726124
0000000000000000013a,2441.0,1409.0,405.0,645.0,574.0,2540.0,0.28640163,0.63134235,895,0,0.4167968316140975,12.549223,"{""type"":""Point"",""coordinates"":[108.3364196174723,14.181747285884539]}",108.3364196174723,14.181747285884539,1476.5554470268432
000000000000000001f8,3174.0,2111.0,788.0,1089.0,1206.0,2829.0,0.14534412,0.40223047,896,0,0.1777207499743975,6.7365494,"{""type"":""Point"",""coordinates"":[108.31162701561514,13.874524141504224]}",108.31162701561514,13.874524141504224,1783.5775036244556
00000000000000000216,2727.0,1710.0,592.0,773.0,892.0,2969.0,0.2690746,0.53794354,896,0,0.3843606909699507,11.883111,"{""type"":""Point"",""coordinates"":[108.35043457208329,14.017086061283942]}",108.35043457208329,14.017086061283942,808.4444973161037
00000000000000000217,2554.0,1449.0,585.0,778.0,732.5,2804.5,0.31867874,0.5858072,897,0,0.2768555646165488,15.867823,"{""type"":""Point"",""coordinates"":[108.26634930351844,14.084998170327923]}",108.26634930351844,14.084998170327923,2130.283248543492
0000000000000000028f,1994.5,944.5,421.0,585.5,441.0,3477.5,0.57281774,0.77491385,897,0,0.521367493951138,23.080057,"{""type"":""Point"",""coordinates"":[108.3051568599866,13.945401552748747]}",108.3051568599866,13.945401552748747,2616.783756804226
000000000000000001d3,3290.0,2245.0,660.0,916.0,1174.0,2800.0,0.11000991,0.40915954,898,0,0.1545600323869604,19.306677,"{""type"":""Point"",""coordinates"":[108.29923071468657,13.899588748525645]}",108.29923071468657,13.899588748525645,187.49455826277483
000000000000000001a6,2194.0,1142.0,329.0,625.0,435.0,3224.0,0.4768667,0.7622301,899,0,0.6539577432538427,18.264912,"{""type"":""Point"",""coordinates"":[108.29626541248601,13.899588748525643]}",108.29626541248601,13.899588748525643,259.37818670869206
000000000000000001ec,2763.0,1768.5,662.0,999.5,924.0,2764.0,0.21963596,0.4989154,899,0,0.3052801431585905,16.2703,"{""type"":""Point"",""coordinates"":[108.32402331654373,14.181747285884539]}",108.32402331654373,14.181747285884539,1282.2493517971063
00000000000000000292,2562.0,1655.0,521.0,757.0,886.0,2165.0,0.13350785,0.41920683,900,0,0.613779570955552,0.9552789,"{""type"":""Point"",""coordinates"":[108.31108746438767,13.875063692731691]}",108.31108746438767,13.875063692731691,1742.7081423498676
000000000000000002f3,2566.0,1346.0,490.0,722.0,645.0,2754.0,0.34341463,0.6204766,901,0,0.0519396124879357,17.607702,"{""type"":""Point"",""coordinates"":[108.367682374958,13.978278504815803]}",108.367682374958,13.978278504815803,422.4819371848886
0000000000000000004c,2030.5,1001.5,461.0,671.0,496.0,2995.0,0.49881145,0.71584076,902,0,0.686240539393713,0.92740995,"{""type"":""Point"",""coordinates"":[108.32725616480747,13.891771944378952]}",108.32725616480747,13.891771944378952,1589.972195071565
0000000000000000007a,2760.0,1522.0,457.0,750.0,736.0,3099.0,0.34126812,0.6161669,902,0,0.0311481859316896,16.168224,"{""type"":""Point"",""coordinates"":[108.30192401172285,13.940550050802598]}",108.30192401172285,13.940550050802598,2722.424943321372
0000000000000000013e,2400.0,1412.5,495.0,663.0,660.0,2418.5,0.2625946,0.57121974,902,0,0.6697842122312825,15.36794,"{""type"":""Point"",""coordinates"":[108.28494375491132,14.149137879880689]}",108.28494375491132,14.149137879880689,150.17646284909492
0000000000000000024a,1312.0,673.0,291.5,435.0,354.0,2317.5,0.54990804,0.73498034,902,0,0.7880059784248092,8.542172,"{""type"":""Point"",""coordinates"":[108.39004922584209,14.081765322064175]}",108.39004922584209,14.081765322064175,496.72989182496923
000000000000000001d7,2643.0,1521.0,604.0,841.0,819.0,2631.0,0.26734105,0.5252174,903,0,0.2247603194217678,4.166789,"{""type"":""Point"",""coordinates"":[108.27739895592889,14.151024079626296]}",108.27739895592889,14.151024079626296,770.504641880851
000000000000000001e6,2961.0,1812.0,534.0,771.0,887.0,2956.0,0.23993288,0.53838146,903,0,0.2062942801322635,12.488288,"{""type"":""Point"",""coordinates"":[108.37334097419483,13.97747140752513]}",108.37334097419483,13.97747140752513,125.94128547828895
00000000000000000006,2489.0,1276.0,424.0,670.0,541.0,3496.0,0.46521375,0.7319792,904,0,0.0644923732746822,16.81386,"{""type"":""Point"",""coordinates"":[108.36956857470362,13.975585207779522]}",108.36956857470362,13.975585207779522,104.73545375516824
000000000000000000bd,2490.0,1300.0,471.0,747.0,563.0,3489.0,0.45708916,0.72211254,904,0,0.7930423424740303,28.215101,"{""type"":""Point"",""coordinates"":[108.30003781197723,13.937317202538852]}",108.30003781197723,13.937317202538852,2809.003982827546
0000000000000000014d,2298.0,1125.0,560.0,881.0,698.0,3500.0,0.5135135,0.6674607,904,0,0.7862791896879234,14.94279,"{""type"":""Point"",""coordinates"":[108.36201931662013,13.953218356895437]}",108.36201931662013,13.953218356895437,2302.7881767308754
00000000000000000009,2933.0,1757.0,559.0,816.0,815.0,3526.0,0.33484763,0.62451047,905,0,0.6927435165698632,30.873926,"{""type"":""Point"",""coordinates"":[108.34504351890965,14.16611813669221]}",108.34504351890965,14.16611813669221,442.9226330912125
000000000000000000d0,3094.0,2032.0,553.0,911.0,1003.0,3080.0,0.20500782,0.5086946,905,0,0.7141435760354874,14.503534,"{""type"":""Point"",""coordinates"":[108.31997891188824,14.180940188593866]}",108.31997891188824,14.180940188593866,1076.1221960280002
000000000000000001a1,2319.0,1189.0,384.0,600.0,529.0,2805.0,0.4046069,0.68266344,905,0,0.2794693663747777,10.435851,"{""type"":""Point"",""coordinates"":[108.30246356295031,13.939470948347662]}",108.30246356295031,13.939470948347662,2847.0864670596584
00000000000000000193,2952.0,1895.0,733.0,1013.0,1106.0,2818.0,0.19584128,0.4362895,907,0,0.1961489484570518,7.4931893,"{""type"":""Point"",""coordinates"":[108.32698861874425,14.180940188593866]}",108.32698861874425,14.180940188593866,1377.5941510489033
00000000000000000066,2425.0,1318.0,480.0,722.0,640.0,3053.0,0.39693433,0.65339833,908,0,0.635837170807034,17.932655,"{""type"":""Point"",""coordinates"":[108.25125970555358,14.067482821389985]}",108.25125970555358,14.067482821389985,763.1104849394228
000000000000000000e5,2542.0,1745.0,612.5,807.0,959.0,2670.5,0.20960253,0.47155255,910,0,0.2544961490103729,4.7720647,"{""type"":""Point"",""coordinates"":[108.3498950208558,14.17689578393839]}",108.3498950208558,14.17689578393839,1178.3513413988942
000000000000000001b7,2973.0,1747.5,596.5,779.5,957.5,2959.0,0.25740996,0.511043,910,0,0.3842685485920152,20.777077,"{""type"":""Point"",""coordinates"":[108.36741036979375,13.979897158498206]}",108.36741036979375,13.979897158498206,557.6190818357892
000000000000000002f0,2168.0,1057.0,401.0,706.5,434.0,3790.5,0.5638989,0.7945319,910,0,0.3892340500530713,20.348019,"{""type"":""Point"",""coordinates"":[108.41807467596301,14.002536014546546]}",108.41807467596301,14.002536014546546,2769.958032538491
000000000000000000d6,2967.5,2070.5,763.5,897.0,961.5,2282.5,0.048702046,0.40721333,911,0,0.055090049337397,13.746841,"{""type"":""Point"",""coordinates"":[108.34153866548166,13.927074647419085]}",108.34153866548166,13.927074647419085,1704.5070423452157
000000000000000001f4,2726.0,1567.0,640.0,909.0,960.0,3334.0,0.36053866,0.55286443,911,0,0.492711489143386,26.025717,"{""type"":""Point"",""coordinates"":[108.36201931662013,14.110869874640017]}",108.36201931662013,14.110869874640017,78.6107277675924
000000000000000002db,1972.0,923.0,397.0,579.0,396.0,3036.0,0.5337206,0.7692308,911,0,0.3518275171091233,17.676004,"{""type"":""Point"",""coordinates"":[108.41700003260911,14.004961765519624]}",108.41700003260911,14.004961765519624,2586.361202755887
00000000000000000283,2777.0,1677.5,546.5,825.0,942.0,2824.0,0.25469288,0.49973446,912,0,0.5200838372981278,8.636419,"{""type"":""Point"",""coordinates"":[108.37280142296736,13.978278504815803]}",108.37280142296736,13.978278504815803,42.28910511470928
000000000000000000d8,1698.0,828.0,436.0,652.0,481.0,3047.0,0.5726452,0.72732425,913,0,0.7448657936956921,18.600227,"{""type"":""Point"",""coordinates"":[108.35878646835637,13.933005251820166]}",108.35878646835637,13.933005251820166,3140.970902472051
00000000000000000176,1765.0,804.0,364.0,557.0,360.0,3230.0,0.6013882,0.7994429,913,0,0.1474047344145288,7.617132,"{""type"":""Point"",""coordinates"":[108.43262918180145,14.033526766867995]}",108.43262918180145,14.033526766867995,1166.6230587101718
000000000000000002c1,2266.0,1137.0,455.0,698.0,512.0,3365.0,0.49489117,0.7358782,916,0,0.7549816226201611,21.636217,"{""type"":""Point"",""coordinates"":[108.26580975229099,14.095508271510894]}",108.26580975229099,14.095508271510894,1740.6187510776388
00000000000000000016,2830.0,1559.0,514.0,772.0,743.0,3112.0,0.33247697,0.61452657,917,0,0.0620985741399955,6.464861,"{""type"":""Point"",""coordinates"":[108.36309841907507,13.986634860189962]}",108.36309841907507,13.986634860189962,784.8562817741972
00000000000000000210,1830.0,947.0,325.0,511.0,451.0,2317.0,0.4197304,0.67413294,917,0,0.5245647464597921,18.028606,"{""type"":""Point"",""coordinates"":[108.26580975229098,14.100359773457045]}",108.26580975229098,14.100359773457045,1667.5733505977157
0000000000000000017a,2053.0,1007.0,368.0,655.5,357.0,3201.5,0.5214447,0.79935366,918,0,0.4722558672428429,18.139137,"{""type"":""Point"",""coordinates"":[108.27551275618328,14.160459537455388]}",108.27551275618328,14.160459537455388,1433.5111697230648
00000000000000000196,2900.0,1715.5,541.5,851.5,732.0,2977.5,0.26891115,0.6053376,918,0,0.2184930275034423,16.529419,"{""type"":""Point"",""coordinates"":[108.27174035669206,14.0793395710911]}",108.27174035669206,14.0793395710911,1342.5152044973252
000000000000000000c8,2082.0,990.0,394.0,629.0,387.0,3455.0,0.55455565,0.79854244,919,0,0.7609217836630638,26.014105,"{""type"":""Point"",""coordinates"":[108.3560931713201,13.88126184319598]}",108.3560931713201,13.88126184319598,1537.7222838519367
00000000000000000311,1439.0,577.0,316.0,468.0,275.0,3327.0,0.7044057,0.847307,920,0,0.6038233281034613,5.547545,"{""type"":""Point"",""coordinates"":[108.32321176015198,13.924381350382802]}",108.32321176015198,13.924381350382802,1395.7361772356949
0000000000000000009a,2809.5,1568.5,727.0,1090.5,1128.0,3066.5,0.3231931,0.4621528,921,0,0.7310640901956247,10.76718,"{""type"":""Point"",""coordinates"":[108.25772540208108,14.069101475072387]}",108.25772540208108,14.069101475072387,1632.4927112622813
000000000000000001fb,2579.0,1327.0,477.0,819.0,606.0,3656.0,0.46738914,0.7156265,922,0,0.7150659479760106,30.167704,"{""type"":""Point"",""coordinates"":[108.36444506759321,14.083383975746576]}",108.36444506759321,14.083383975746576,1014.1772800054102
00000000000000000064,2825.0,1685.0,569.0,899.0,824.0,2846.0,0.25623482,0.5509537,923,0,0.4971118437042852,14.735696,"{""type"":""Point"",""coordinates"":[108.41564892498994,14.005496857646037]}",108.41564892498994,14.005496857646037,2430.987149933884
00000000000000000071,2602.0,1377.0,642.0,897.0,808.0,3492.0,0.43438077,0.62418604,924,0,0.5840007036328826,24.706186,"{""type"":""Point"",""coordinates"":[108.36525662398492,13.994451664336653]}",108.36525662398492,13.994451664336653,95.14449497641749
00000000000000000186,2774.0,1496.0,537.0,839.0,786.0,2946.0,0.32642955,0.57877815,924,0,0.322366780859599,3.01203,"{""type"":""Point"",""coordinates"":[108.27685940470143,14.075027620372419]}",108.27685940470143,14.075027620372419,728.5346999886987
000000000000000001cc,2153.0,1115.0,453.0,654.0,578.0,3133.5,0.47510886,0.68853563,924,0,0.1478859344390752,8.086641,"{""type"":""Point"",""coordinates"":[108.36175177055692,13.984748660444353]}",108.36175177055692,13.984748660444353,1029.0226451881513
00000000000000000245,2774.0,1662.0,520.0,778.0,759.0,2809.0,0.25654215,0.5745516,924,0,0.0360870006312167,22.418653,"{""type"":""Point"",""coordinates"":[108.34261776793659,14.175009584192784]}",108.34261776793659,14.175009584192784,605.9317132051688
0000000000000000001c,2470.0,1234.0,427.0,737.0,587.0,3455.0,0.47366175,0.7095497,925,0,0.4849400185707335,11.214986,"{""type"":""Point"",""coordinates"":[108.3660637212756,13.9896001623905]}",108.3660637212756,13.9896001623905,404.21053397365625
0000000000000000014e,2457.0,1504.0,542.0,812.0,683.0,3351.0,0.38043255,0.66137826,925,0,0.6949889615167293,11.645008,"{""type"":""Point"",""coordinates"":[108.26338400131792,14.097934022483969]}",108.26338400131792,14.097934022483969,1943.2660117257474
00000000000000000254,2353.0,1277.0,440.0,684.0,640.0,2824.0,0.37722507,0.630485,926,0,0.7773731046658339,6.027847,"{""type"":""Point"",""coordinates"":[108.36552417004815,13.990139713617971]}",108.36552417004815,13.990139713617971,369.7883327168708
000000000000000002cb,2644.0,1358.0,462.0,704.5,544.0,3175.5,0.4009044,0.7074876,929,0,0.3420000541273834,16.270298,"{""type"":""Point"",""coordinates"":[108.28467620884813,14.176088686647718]}",108.28467620884813,14.176088686647718,892.3359980806579
00000000000000000052,2354.5,1265.5,406.5,646.5,540.0,3269.0,0.4418348,0.716461,934,0,0.4500357051040116,22.64925,"{""type"":""Point"",""coordinates"":[108.26580975229098,14.101706421975186]}",108.26580975229098,14.101706421975186,1677.5300272185277
0000000000000000022b,2664.0,1559.0,730.0,1043.0,1154.0,2965.0,0.3107869,0.43966982,934,0,0.241813667078651,20.212378,"{""type"":""Point"",""coordinates"":[108.36417752153,13.968579960024558]}",108.36417752153,13.968579960024558,637.1743539800017
00000000000000000204,2504.5,1387.0,491.5,661.5,625.0,3272.0,0.40459326,0.67924047,935,0,0.6360819391723013,21.125349,"{""type"":""Point"",""coordinates"":[108.27631985347395,14.158840883772987]}",108.27631985347395,14.158840883772987,1249.3184051823996
00000000000000000293,2939.0,1794.0,540.0,827.0,886.0,2981.0,0.24858639,0.54176366,935,0,0.7410115443218066,5.51457,"{""type"":""Point"",""coordinates"":[108.27200790275526,14.071527226045461]}",108.27200790275526,14.071527226045461,1330.6124341558648
00000000000000000249,3082.0,2025.0,768.0,1013.0,1098.0,2817.0,0.16356878,0.43908045,938,0,0.4765673974631953,11.009855,"{""type"":""Point"",""coordinates"":[108.30407775753164,13.938663851056992]}",108.30407775753164,13.938663851056992,3035.3000717395894
000000000000000002ae,2641.0,1514.0,474.0,804.0,593.0,3148.0,0.35049334,0.6829725,942,0,0.4073980196469671,10.435754,"{""type"":""Point"",""coordinates"":[108.30327066024098,13.93731720253885]}",108.30327066024098,13.93731720253885,3072.6163375021997
00000000000000000175,1464.0,613.0,554.0,671.0,468.0,3189.0,0.67753816,0.7440525,944,0,0.7233600892021874,7.3788605,"{""type"":""Point"",""coordinates"":[108.31809271214263,13.904168245307535]}",108.31809271214263,13.904168245307535,141.61484098346938
00000000000000000265,2255.0,1119.5,410.0,660.5,465.0,3488.5,0.5141059,0.7647654,945,0,0.1714516872237066,9.24305,"{""type"":""Point"",""coordinates"":[108.26392355254536,14.090928774729008]}",108.26392355254536,14.090928774729008,2125.1318864666005
00000000000000000303,3377.5,2215.0,849.0,1187.5,1394.5,2936.5,0.1400563,0.35603786,945,0,0.600964074178487,6.629445,"{""type"":""Point"",""coordinates"":[108.36902902347614,13.979357607270737]}",108.36902902347614,13.979357607270737,382.45928622891506
000000000000000000da,2725.0,1805.0,674.0,798.0,803.0,2814.0,0.21844555,0.5559856,948,0,0.1670427378789233,17.322004,"{""type"":""Point"",""coordinates"":[108.25988360699095,14.09119632079221]}",108.25988360699095,14.09119632079221,3110.4926927767897
000000000000000000e8,2042.0,1208.0,466.5,660.5,608.5,2711.5,0.38359484,0.63343376,948,0,0.0669476509396328,13.67922,"{""type"":""Point"",""coordinates"":[108.26473510893709,14.101438875911978]}",108.26473510893709,14.101438875911978,1790.2021142493832
00000000000000000077,2592.5,1283.5,545.5,882.0,705.5,4092.0,0.522463,0.7058885,949,0,0.4433765733782706,22.548775,"{""type"":""Point"",""coordinates"":[108.36498461882069,13.959416507359728]}",108.36498461882069,13.959416507359728,1561.8730003890003
00000000000000000180,2402.0,1179.0,481.0,764.0,607.0,3621.0,0.50875,0.7128666,949,0,0.6613456801993619,35.791775,"{""type"":""Point"",""coordinates"":[108.36067266810198,14.11248852832242]}",108.36067266810198,14.11248852832242,196.19116054737506
00000000000000000287,2221.5,1155.5,378.5,609.0,463.5,2895.0,0.42945316,0.72398394,949,0,0.0675608930953194,18.039429,"{""type"":""Point"",""coordinates"":[108.346657713491,14.168811433728491]}",108.346657713491,14.168811433728491,511.98108240927377
00000000000000000068,2153.0,1094.0,391.0,642.0,516.0,3049.0,0.4718803,0.71051896,950,0,0.4668934482603326,16.419178,"{""type"":""Point"",""coordinates"":[108.34261776793659,14.175821140584508]}",108.34261776793659,14.175821140584508,695.332742839659
000000000000000002eb,1665.5,804.5,338.5,530.0,336.0,3077.5,0.58552295,0.8031346,950,0,0.0733700759427004,24.079811,"{""type"":""Point"",""coordinates"":[108.27767096109314,14.160999088682855]}",108.27767096109314,14.160999088682855,1318.2704504459853
00000000000000000286,2705.0,1529.0,575.0,776.0,852.0,2798.0,0.2932748,0.5331507,952,0,0.38768857067067,11.938333,"{""type"":""Point"",""coordinates"":[108.34127111941844,14.17662823787518]}",108.34127111941844,14.17662823787518,785.1862355650939
0000000000000000008b,2665.5,1528.5,611.5,793.0,869.5,3217.5,0.35587862,0.57450455,954,0,0.4375005391331381,25.842995,"{""type"":""Point"",""coordinates"":[108.36821746708442,13.98717441141743]}",108.36821746708442,13.98717441141743,720.2791413480817
0000000000000000012e,1923.0,836.0,405.0,645.0,351.0,4146.0,0.6643918,0.8438959,954,0,0.1122481154427069,16.930044,"{""type"":""Point"",""coordinates"":[108.41564892498994,14.149949436272419]}",108.41564892498994,14.149949436272419,6040.247754161011
00000000000000000146,1589.0,783.0,309.0,426.0,355.0,2819.0,0.5652415,0.7763075,954,0,0.7555750137631106,32.95821,"{""type"":""Point"",""coordinates"":[108.3428853139998,14.155068484281772]}",108.3428853139998,14.155068484281772,1035.6190055420427
00000000000000000163,2344.0,1153.0,468.0,771.0,578.0,3188.0,0.468786,0.693043,956,0,0.2311483472030562,7.617212,"{""type"":""Point"",""coordinates"":[108.25934405576349,14.072601869399346]}",108.25934405576349,14.072601869399346,1629.6562349705553
0000000000000000018b,1407.0,631.0,307.0,462.0,298.0,3427.5,0.6890477,0.8400215,957,0,0.6324766870786579,9.930945,"{""type"":""Point"",""coordinates"":[108.31620651239702,13.918990297209188]}",108.31620651239702,13.918990297209188,1024.5015884601403
000000000000000001b8,1575.0,878.0,332.0,485.0,408.0,2356.0,0.45701918,0.7047757,957,0,0.3937253790830441,25.869581,"{""type"":""Point"",""coordinates"":[108.33264721798109,14.183365939566938]}",108.33264721798109,14.183365939566938,1831.049636212431
00000000000000000222,1270.0,484.0,434.0,562.0,270.0,3974.0,0.78286225,0.87276155,958,0,0.6982922565143493,15.024458,"{""type"":""Point"",""coordinates"":[108.38654437241408,13.96965460337844]}",108.38654437241408,13.96965460337844,1795.0245668253308
000000000000000000ab,1948.0,951.5,345.0,545.0,368.5,3049.0,0.52430946,0.78434527,960,0,0.7156239138161729,10.026696,"{""type"":""Point"",""coordinates"":[108.27281945914699,14.174202486902105]}",108.27281945914699,14.174202486902105,2160.3198359388
000000000000000000c2,2440.5,1513.0,607.5,934.0,725.5,2857.0,0.30755147,0.5949756,960,0,0.4912506575107197,17.603615,"{""type"":""Point"",""coordinates"":[108.33561252018163,13.921148502119054]}",108.33561252018163,13.921148502119054,1641.8795938588303
000000000000000002d9,2586.5,1402.5,493.0,693.0,613.0,2420.5,0.26628304,0.59584635,960,0,0.5116151405894326,21.024336,"{""type"":""Point"",""coordinates"":[108.28198291181184,14.146177036781198]}",108.28198291181184,14.146177036781198,543.3766084753179
000000000000000000cf,1690.5,781.5,394.5,512.5,441.0,3046.5,0.5916928,0.7470968,961,0,0.1392851609170746,14.955529,"{""type"":""Point"",""coordinates"":[108.34045956302673,14.157494235254848]}",108.34045956302673,14.157494235254848,676.0207960227802
000000000000000001e9,2238.5,1130.0,370.0,501.0,411.0,2778.0,0.42169908,0.74223894,961,0,0.7733937765856911,26.604204,"{""type"":""Point"",""coordinates"":[108.27308700521021,14.16153418080927]}",108.27308700521021,14.16153418080927,1708.764365857842
000000000000000002cc,2578.0,1504.0,441.0,708.0,544.0,2919.0,0.3199186,0.68582153,961,0,0.5009079808408747,11.220326,"{""type"":""Point"",""coordinates"":[108.34935546962835,14.184173036857613]}",108.34935546962835,14.184173036857613,1802.6744300281275
000000000000000002cf,2770.0,1868.0,539.0,741.0,827.5,2696.0,0.1814198,0.53029656,962,0,0.423253931170373,20.982664,"{""type"":""Point"",""coordinates"":[108.27281945914699,14.161806185973528]}",108.27281945914699,14.161806185973528,1750.3269253761982
000000000000000000f6,2450.0,1626.0,602.5,784.0,944.5,2238.5,0.15849398,0.4065347,963,0,0.0077485171174603,18.122007,"{""type"":""Point"",""coordinates"":[108.25934405576349,14.090928774729004]}",108.25934405576349,14.090928774729004,3045.831546651887
000000000000000001bf,2741.0,1428.0,504.0,827.0,550.0,4475.0,0.5161782,0.78109455,964,0,0.4538699693506884,10.928699,"{""type"":""Point"",""coordinates"":[108.25880450453602,14.067750367453197]}",108.25880450453602,14.067750367453197,1459.1763458503026
0000000000000000010f,2834.0,1864.0,700.0,1002.0,1119.0,2636.0,0.17155555,0.40399468,965,0,0.6540642132143833,19.221775,"{""type"":""Point"",""coordinates"":[108.35474652280195,13.965075106596549]}",108.35474652280195,13.965075106596549,1658.0297467635464
00000000000000000212,2062.5,966.5,429.5,626.5,399.5,3770.0,0.5918927,0.8083703,967,0,0.0528072178835331,21.007084,"{""type"":""Point"",""coordinates"":[108.31674606362449,13.920336945727326]}",108.31674606362449,13.920336945727326,835.6964673712224
000000000000000001db,2196.0,1110.0,471.0,712.0,572.0,3492.0,0.5176011,0.71850395,968,0,0.6408784458457331,26.699223,"{""type"":""Point"",""coordinates"":[108.34773681594595,14.167197239147143]}",108.34773681594595,14.167197239147143,675.0749575731056
000000000000000002df,2360.0,1283.0,500.0,702.0,615.0,3107.0,0.41548976,0.66953254,968,0,0.4833796740328583,23.985859,"{""type"":""Point"",""coordinates"":[108.35824691712891,13.974778110488849]}",108.35824691712891,13.974778110488849,1020.6763929639238
000000000000000002e8,1878.5,958.0,331.5,542.5,413.5,3311.0,0.5511829,0.7779568,968,0,0.1500535407559345,18.847368,"{""type"":""Point"",""coordinates"":[108.34746926988272,14.171776735929033]}",108.34746926988272,14.171776735929033,640.9128583938611
0000000000000000026f,2213.5,1318.5,637.5,819.0,741.5,3037.0,0.3945586,0.6075162,970,0,0.4488577922272588,8.869622,"{""type"":""Point"",""coordinates"":[108.31378076142394,13.922223145472934]}",108.31378076142394,13.922223145472934,1467.6959246237254
000000000000000001c6,2146.0,1177.0,388.0,567.0,477.0,2995.0,0.43576223,0.7252304,972,0,0.6681248677774945,9.685087,"{""type"":""Point"",""coordinates"":[108.27793850715636,14.154528933054307]}",108.27793850715636,14.154528933054307,826.0415099428094
00000000000000000020,1964.5,1021.5,390.0,575.0,459.0,2863.0,0.47406358,0.72366047,973,0,0.4165519633952018,6.7982855,"{""type"":""Point"",""coordinates"":[108.35959356564706,13.98717441141743]}",108.35959356564706,13.98717441141743,2597.057710613491
0000000000000000005f,2722.0,1690.0,565.0,763.0,785.0,2900.0,0.26361656,0.57394844,975,0,0.1506329678972788,16.529264,"{""type"":""Point"",""coordinates"":[108.27443365372835,14.076646274054818]}",108.27443365372835,14.076646274054818,993.717332016037
000000000000000002c2,2114.0,1250.0,435.0,614.0,623.0,2908.0,0.3987494,0.6471255,975,0,0.2637691418471428,16.992832,"{""type"":""Point"",""coordinates"":[108.27793850715636,14.154800938218568]}",108.27793850715636,14.154800938218568,840.861618395058
00000000000000000103,2435.5,1246.5,437.0,713.0,577.5,3435.0,0.46747836,0.71214956,976,0,0.1504204367676606,17.678438,"{""type"":""Point"",""coordinates"":[108.26850750842833,14.068022372617454]}",108.26850750842833,14.068022372617454,2655.6802899634135
00000000000000000154,1928.0,947.0,337.0,572.0,370.0,3275.0,0.55139744,0.79698217,981,0,0.00030329477431068064,15.868941,"{""type"":""Point"",""coordinates"":[108.34261776793659,14.155875581572444]}",108.34261776793659,14.155875581572444,944.0759110851692
0000000000000000016a,2898.5,2015.5,528.0,712.5,912.5,2195.0,0.042631518,0.41271117,981,0,0.5600988942761387,33.53589,"{""type"":""Point"",""coordinates"":[108.34908346446409,14.155608035509239]}",108.34908346446409,14.155608035509239,1406.6781359243648
00000000000000000197,2248.5,980.5,404.0,677.5,459.0,3899.5,0.59815574,0.7893771,982,0,0.0550634723568582,13.754359,"{""type"":""Point"",""coordinates"":[108.26069070428161,14.093082520537822]}",108.26069070428161,14.093082520537822,3305.258742473229
000000000000000002c8,2701.5,1894.0,680.0,912.5,960.0,3233.5,0.26123843,0.5421486,984,0,0.2081207027251533,20.74198,"{""type"":""Point"",""coordinates"":[108.26284890919149,14.096587373965829]}",108.26284890919149,14.096587373965829,2023.417482172737
0000000000000000025b,1537.0,754.5,342.0,541.5,473.0,2795.0,0.5748697,0.7105263,987,0,0.4855097710873571,11.647684,"{""type"":""Point"",""coordinates"":[108.27713140986567,14.155068484281774]}",108.27713140986567,14.155068484281774,931.2964143364879
0000000000000000008f,2428.5,1317.0,439.5,654.5,537.5,2861.0,0.36955482,0.683684,988,0,0.5692727745287135,23.961294,"{""type"":""Point"",""coordinates"":[108.35204876666464,14.178781983684]}",108.35204876666464,14.178781983684,1491.059579702421
000000000000000000a2,2906.5,1722.5,584.0,786.0,866.5,2609.5,0.2047553,0.50143844,989,0,0.062239624123796,11.544914,"{""type"":""Point"",""coordinates"":[108.36337042423932,13.981783358243812]}",108.36337042423932,13.981783358243812,1012.225651330439
00000000000000000102,2205.0,1511.0,522.0,732.0,928.0,2586.0,0.26238713,0.47182697,989,0,0.322092671562874,17.581053,"{""type"":""Point"",""coordinates"":[108.36094467326626,13.906326450217401]}",108.36094467326626,13.906326450217401,1697.803525784619
0000000000000000021e,2273.0,1475.0,497.0,760.0,909.0,2955.0,0.3340858,0.5295031,989,0,0.7357312377128687,15.04453,"{""type"":""Point"",""coordinates"":[108.36094467326626,13.906593996280607]}",108.36094467326626,13.906593996280607,1702.5030982609517
00000000000000000113,2598.5,1493.0,559.5,823.0,725.0,3302.5,0.37733293,0.6399752,991,0,0.4481856667611182,22.889683,"{""type"":""Point"",""coordinates"":[108.3480088211102,14.152375187245493]}",108.3480088211102,14.152375187245493,1604.3190223053634
000000000000000000cd,1793.0,804.0,349.0,524.0,288.0,3861.0,0.65530545,0.86117136,993,0,0.1480667926787372,19.780434,"{""type"":""Point"",""coordinates"":[108.3364196174723,14.18740588512136]}",108.3364196174723,14.18740588512136,2064.8482771325516
000000000000000000ec,2032.5,943.5,358.5,566.0,311.0,3400.0,0.5655577,0.8323902,993,0,0.7521829819977836,24.38277,"{""type"":""Point"",""coordinates"":[108.32105801434318,13.860241640830036]}",108.32105801434318,13.860241640830036,2648.9425514278087
0000000000000000001e,3062.0,2079.0,551.0,841.0,1038.0,2635.0,0.11794654,0.43479446,995,0,0.7128414705445653,24.755224,"{""type"":""Point"",""coordinates"":[108.34504351890965,14.163152834491669]}",108.34504351890965,14.163152834491669,515.7103855222695
00000000000000000291,1980.5,906.5,298.0,510.5,333.0,3661.0,0.60306513,0.83324987,995,0,0.3193821750027716,16.063023,"{""type"":""Point"",""coordinates"":[108.2709332594014,14.156687137964173]}",108.2709332594014,14.156687137964173,1254.7029560200158
00000000000000000191,2236.5,1288.5,489.5,669.5,730.0,2483.0,0.31671748,0.545596,996,0,0.7869775395625229,7.9427977,"{""type"":""Point"",""coordinates"":[108.3498950208558,14.148598328653224]}",108.3498950208558,14.148598328653224,1738.2778583431545
00000000000000000017,2540.0,1345.0,381.0,668.0,522.0,3524.0,0.44752517,0.7419674,997,0,0.5244252676004504,23.643108,"{""type"":""Point"",""coordinates"":[108.32590951628931,14.185791690540015]}",108.32590951628931,14.185791690540015,1774.4276607398692
00000000000000000040,1850.0,823.0,378.0,538.0,287.0,3515.0,0.6205625,0.8490268,998,0,0.677696662720487,14.076673,"{""type"":""Point"",""coordinates"":[108.41484182769925,13.978550509980064]}",108.41484182769925,13.978550509980064,1177.7584492761055
00000000000000000296,2506.0,1620.0,521.0,743.0,751.0,2373.0,0.18858002,0.51920617,999,0,0.2209036810657084,11.343379,"{""type"":""Point"",""coordinates"":[108.35393496641022,14.177974886393324]}",108.35393496641022,14.177974886393324,1591.824217260672
000000000000000000f9,2694.0,1466.0,525.0,828.0,648.0,3424.0,0.40040898,0.6817289,1003,0,0.1327137520605369,35.896843,"{""type"":""Point"",""coordinates"":[108.35959356564706,13.983402011926211]}",108.35959356564706,13.983402011926211,1261.525459647164
0000000000000000014f,1517.0,662.0,349.0,450.0,287.0,2995.0,0.6379546,0.8251066,1003,0,0.5700586624294185,18.858913,"{""type"":""Point"",""coordinates"":[108.36687081856627,13.912792146744897]}",108.36687081856627,13.912792146744897,2514.8584964334523
0000000000000000016e,2974.5,1781.0,537.0,782.0,833.0,2993.5,0.2539533,0.5646152,1003,0,0.4354100150826163,28.15889,"{""type"":""Point"",""coordinates"":[108.3525883178921,14.181747285884539]}",108.3525883178921,14.181747285884539,1769.5982559794522
00000000000000000161,2554.0,1348.0,447.0,752.0,559.0,3313.0,0.42158335,0.7112603,1004,0,0.5713374158925812,13.088798,"{""type"":""Point"",""coordinates"":[108.27470565889261,14.078260468636167]}",108.27470565889261,14.078260468636167,1000.864086130775
00000000000000000101,2166.0,1013.0,374.5,607.0,419.0,3840.5,0.5825693,0.8032633,1006,0,0.6190497243317942,22.196146,"{""type"":""Point"",""coordinates"":[108.26042315821842,14.085537721555392]}",108.26042315821842,14.085537721555392,2834.4912444941174
00000000000000000316,2187.0,1188.5,373.5,644.0,525.0,3311.0,0.4717191,0.72627735,1006,0,0.2003653913290871,9.932494,"{""type"":""Point"",""coordinates"":[108.26311645525469,14.069636567198804]}",108.26311645525469,14.069636567198804,1387.9646274955433
000000000000000002a1,2379.0,1364.5,560.0,793.0,630.0,2737.5,0.33471477,0.6258352,1008,0,0.1759696753434934,10.02376,"{""type"":""Point"",""coordinates"":[108.37334097419483,13.961030701941077]}",108.37334097419483,13.961030701941077,1495.2230457781704
000000000000000001ee,1683.5,730.5,327.0,539.0,309.5,3423.5,0.6482908,0.8341816,1009,0,0.511625606331599,9.864003,"{""type"":""Point"",""coordinates"":[108.3560931713201,14.175009584192784]}",108.3560931713201,14.175009584192784,1639.340643975112
000000000000000000b7,2870.0,1715.0,694.5,919.0,850.5,2862.5,0.25068268,0.5418799,1012,0,0.7293835785457196,28.60844,"{""type"":""Point"",""coordinates"":[108.36013311687452,13.981783358243812]}",108.36013311687452,13.981783358243812,1234.9260992618247
00000000000000000015,2695.0,1946.5,687.0,871.0,976.0,2164.5,0.05302846,0.3784429,1013,0,0.7002628656928708,20.406153,"{""type"":""Point"",""coordinates"":[108.26069070428161,14.098745578875695]}",108.26069070428161,14.098745578875695,3217.2295147846057
0000000000000000006b,2939.0,1852.0,518.0,746.0,818.0,2783.0,0.200863,0.5456818,1016,0,0.3642280834026654,30.44381,"{""type"":""Point"",""coordinates"":[108.25799740724534,14.090389223501539]}",108.25799740724534,14.090389223501539,2893.0294038220622
0000000000000000012c,1309.0,522.5,271.5,450.0,238.0,3198.0,0.7191238,0.8614668,1017,0,0.0308501756794303,17.469707,"{""type"":""Point"",""coordinates"":[108.30596395727726,13.895816349034426]}",108.30596395727726,13.895816349034426,147.37362668916415
000000000000000002fb,3107.0,1974.0,541.0,824.0,956.0,3545.0,0.284653,0.5752055,1017,0,0.2253615077350168,31.079983,"{""type"":""Point"",""coordinates"":[108.35016256691901,14.168543887665288]}",108.35016256691901,14.168543887665288,891.124048130803
00000000000000000131,1398.0,545.0,304.5,542.0,271.0,3862.0,0.75266623,0.86886036,1018,0,0.377394439998281,22.632395,"{""type"":""Point"",""coordinates"":[108.30731506489646,13.895544343870167]}",108.30731506489646,13.895544343870167,242.2381841628357
0000000000000000017e,2437.5,1411.0,671.0,847.0,772.0,2737.0,0.31967214,0.5599886,1020,0,0.6502304774992682,12.449812,"{""type"":""Point"",""coordinates"":[108.37280142296736,13.961842258332801]}",108.37280142296736,13.961842258332801,1389.2313866047366
000000000000000001ad,2523.0,1423.0,590.0,839.0,709.0,2878.0,0.33829343,0.6046836,1021,0,0.4392809288040193,23.259287,"{""type"":""Point"",""coordinates"":[108.367682374958,13.96480310143229]}",108.367682374958,13.96480310143229,940.2521465067894
00000000000000000246,1066.5,473.5,310.5,438.5,274.0,2770.0,0.7080315,0.8199737,1024,0,0.1269914096994303,4.6794443,"{""type"":""Point"",""coordinates"":[108.44448593150257,14.106557923921335]}",108.44448593150257,14.106557923921335,6014.520488963299
000000000000000002c6,2537.5,1299.0,386.5,615.5,426.0,3375.0,0.44415918,0.77584845,1024,0,0.5076430365036101,25.10323,"{""type"":""Point"",""coordinates"":[108.27200790275526,14.153182284536166]}",108.27200790275526,14.153182284536166,1057.0946488640732
000000000000000002ed,2244.0,1104.0,487.0,764.0,635.0,3567.0,0.52729607,0.69776297,1028,0,0.7550266210190267,16.430359,"{""type"":""Point"",""coordinates"":[108.37280142296736,13.959416507359728]}",108.37280142296736,13.959416507359728,1638.205834605025
0000000000000000019b,2355.0,1589.0,405.0,565.0,776.0,2624.0,0.24566817,0.5435294,1033,0,0.7324601344639142,20.156887,"{""type"":""Point"",""coordinates"":[108.3286028133256,14.186598787830688]}",108.3286028133256,14.186598787830688,1991.4029313961344
000000000000000001b0,2119.5,1006.5,469.5,666.0,429.0,3948.5,0.5937437,0.8039977,1034,0,0.574504764448196,6.72102,"{""type"":""Point"",""coordinates"":[108.32159756557064,13.890153290696555]}",108.32159756557064,13.890153290696555,1318.9573979103727
00000000000000000237,2183.0,1243.0,576.0,874.0,591.0,3418.0,0.46663806,0.70516336,1036,0,0.284097283314249,36.81982,"{""type"":""Point"",""coordinates"":[108.26392355254536,14.07961157625536]}",108.26392355254536,14.07961157625536,3294.127979296131
000000000000000001d5,1202.0,503.0,331.0,468.0,252.0,2928.0,0.70679104,0.84150946,1041,0,0.7774863979673565,16.260387,"{""type"":""Point"",""coordinates"":[108.4455650339575,14.110330323412548]}",108.4455650339575,14.110330323412548,6179.237085786702
000000000000000002b7,2030.5,892.0,340.0,600.0,365.0,4087.5,0.6417311,0.8360472,1051,0,0.3514126174716325,21.554699,"{""type"":""Point"",""coordinates"":[108.26176980673655,14.08230487329164]}",108.26176980673655,14.08230487329164,2575.767226899163
0000000000000000013f,2314.0,1203.0,508.0,728.0,648.0,2845.0,0.4056324,0.62897223,1052,0,0.3098842621032265,29.155493,"{""type"":""Point"",""coordinates"":[108.35178122060141,14.150488987499884]}",108.35178122060141,14.150488987499884,2029.8720163151515
00000000000000000147,2127.0,989.0,406.0,655.0,429.0,3794.0,0.586452,0.7968269,1058,0,0.1674324235058137,27.771759,"{""type"":""Point"",""coordinates"":[108.26473510893709,14.076106722827351]}",108.26473510893709,14.076106722827351,2555.1302410417957
000000000000000002e6,2780.0,1691.0,640.0,875.0,766.0,3404.0,0.33621198,0.6326139,1058,0,0.7231336087807627,32.907177,"{""type"":""Point"",""coordinates"":[108.26716085991016,14.141325534835053]}",108.26716085991016,14.141325534835053,436.71990865015937
00000000000000000133,1568.5,649.5,328.0,474.5,274.5,3404.5,0.67957574,0.85077465,1060,0,0.5609190810994544,8.0111885,"{""type"":""Point"",""coordinates"":[108.42589148010968,14.151563630853765]}",108.42589148010968,14.151563630853765,6783.080697355068
0000000000000000026d,2124.0,1028.0,513.0,739.0,575.0,4053.0,0.5953553,0.7515125,1060,0,0.6332609246298602,27.11501,"{""type"":""Point"",""coordinates"":[108.32752371087066,13.928693301101486]}",108.32752371087066,13.928693301101486,1971.9307069217336
000000000000000002d2,2352.0,1205.5,551.5,788.0,583.5,3967.0,0.5338811,0.74354464,1060,0,0.4081748039372567,11.607327,"{""type"":""Point"",""coordinates"":[108.26877505449151,14.078532473800427]}",108.26877505449151,14.078532473800427,1630.9531939551948
00000000000000000177,1420.0,620.5,328.5,480.0,304.0,3110.5,0.6673814,0.82193583,1066,0,0.4850983828710836,7.904629,"{""type"":""Point"",""coordinates"":[108.42427282642728,14.082037327228434]}",108.42427282642728,14.082037327228434,2901.7087193817356
000000000000000000c6,2287.5,1319.5,393.0,632.0,605.0,3098.0,0.40260327,0.6732379,1068,0,0.7311292975641788,20.496347,"{""type"":""Point"",""coordinates"":[108.25583920233547,14.088235477692724]}",108.25583920233547,14.088235477692724,2564.0680512562008
00000000000000000199,1890.0,861.5,348.5,550.5,367.5,2996.0,0.55333763,0.78147763,1068,0,0.3784725695482911,24.39738,"{""type"":""Point"",""coordinates"":[108.3579793710657,14.179321534911466]}",108.3579793710657,14.179321534911466,2038.13418540751
00000000000000000261,1323.0,595.0,265.5,434.5,286.0,2304.0,0.5895136,0.7791506,1068,0,0.2621141644686469,2.9395814,"{""type"":""Point"",""coordinates"":[108.4261590261729,14.056972720207014]}",108.4261590261729,14.056972720207014,2133.056880372867
000000000000000000a0,2511.0,1490.0,505.0,802.5,692.5,3096.0,0.35019624,0.63442,1069,0,0.5788214669558166,13.037497,"{""type"":""Point"",""coordinates"":[108.26769595203659,14.07179477210867]}",108.26769595203659,14.07179477210867,1768.3653091503975
000000000000000001a2,1857.5,827.5,348.0,530.5,313.0,3608.5,0.62691617,0.8403672,1069,0,0.714014347120881,15.583943,"{""type"":""Point"",""coordinates"":[108.31135501045088,13.920876496954795]}",108.31135501045088,13.920876496954795,1086.8457669673835
000000000000000001f5,2669.0,1498.5,556.5,841.0,756.0,3075.5,0.3447748,0.6053765,1069,0,0.158025347577333,9.893264,"{""type"":""Point"",""coordinates"":[108.26742840597338,14.072062318171877]}",108.26742840597338,14.072062318171877,1789.6394775204512
00000000000000000156,2472.5,1479.5,424.5,667.5,641.5,2620.5,0.2782927,0.606683,1071,0,0.2883589352796067,20.44748,"{""type"":""Point"",""coordinates"":[108.25637875356294,14.087963472528465]}",108.25637875356294,14.087963472528465,2594.85919645908
00000000000000000022,2633.0,1491.0,592.0,891.0,836.0,3404.0,0.39080694,0.6056604,1075,0,0.2002678263011557,16.47031,"{""type"":""Point"",""coordinates"":[108.2650026550003,14.075567171599886]}",108.2650026550003,14.075567171599886,2075.0144438269076
0000000000000000029a,2261.0,1184.0,546.5,765.5,584.0,3457.0,0.48976514,0.71096265,1081,0,0.6150151351571149,24.427515,"{""type"":""Point"",""coordinates"":[108.26742840597339,14.076646274054823]}",108.26742840597339,14.076646274054823,1748.470360861592
0000000000000000003e,2127.5,1010.0,408.5,596.0,481.5,3793.0,0.5794295,0.7747105,1094,0,0.5312545012857374,23.669935,"{""type"":""Point"",""coordinates"":[108.35770736590145,14.18013309130319]}",108.35770736590145,14.18013309130319,2062.867642696363
00000000000000000058,1216.0,604.0,351.0,457.0,373.0,2119.0,0.5563716,0.70064205,1097,0,0.4733955838294013,21.834074,"{""type"":""Point"",""coordinates"":[108.26419555770964,14.07476007430921]}",108.26419555770964,14.07476007430921,1962.323534923838
0000000000000000000c,1818.0,866.0,318.0,492.0,338.0,3004.0,0.55245477,0.7977259,1100,0,0.7701003473198307,24.98547,"{""type"":""Point"",""coordinates"":[108.3563607173833,14.184173036857613]}",108.3563607173833,14.184173036857613,2242.561548174875
00000000000000000281,2077.0,1002.0,371.0,618.0,524.0,2854.0,0.48029044,0.6897572,1101,0,0.3467578536214236,27.754126,"{""type"":""Point"",""coordinates"":[108.2550321050448,14.091468325956473]}",108.2550321050448,14.091468325956473,2712.373024042367
00000000000000000223,1309.0,585.0,256.0,431.5,274.5,2177.5,0.5764706,0.7761011,1108,0,0.2396972278524493,15.001107,"{""type"":""Point"",""coordinates"":[108.42589148010968,14.058591373889417]}",108.42589148010968,14.058591373889417,2072.083610618338
00000000000000000238,2106.0,1024.0,299.0,610.0,383.0,3427.0,0.53987867,0.79895014,1112,0,0.3589605509023009,28.111643,"{""type"":""Point"",""coordinates"":[108.26931460571899,14.14752368529934]}",108.26931460571899,14.14752368529934,540.7754375469345
0000000000000000030a,1842.0,925.0,474.0,685.0,558.0,2851.0,0.5100636,0.67263126,1167,0,0.480250073646815,8.870329,"{""type"":""Point"",""coordinates"":[108.37441561754872,13.947827303721823]}",108.37441561754872,13.947827303721823,2916.6095241394864
000000000000000002cd,1821.0,752.0,388.0,652.0,375.0,3878.0,0.67516196,0.8236539,1219,0,0.2853427645969464,27.525652,"{""type"":""Point"",""coordinates"":[108.32159756557064,13.9618422583328]}",108.32159756557064,13.9618422583328,1976.9205502813245
00000000000000000451,2962.0,2151.0,506.0,747.0,810.0,2603.0,0.09507783,0.52534425,383,1,0.0256873401697486,7.060277,"{""type"":""Point"",""coordinates"":[108.36309841907506,13.736002167278928]}",108.36309841907506,13.736002167278928,3793.2592873251756
000000000000000003bb,3297.0,2555.0,580.0,778.0,930.0,2423.0,-0.026516674,0.4452729,387,1,0.3422550513891046,11.283974,"{""type"":""Point"",""coordinates"":[108.36337042423932,13.736002167278928]}",108.36337042423932,13.736002167278928,3802.4466432759878
000000000000000005f3,3115.5,2424.0,720.0,902.5,1075.0,2270.0,-0.03280784,0.35724962,470,1,0.6116938853510515,10.318699,"{""type"":""Point"",""coordinates"":[108.35016256691901,13.76672537353717]}",108.35016256691901,13.76672537353717,286.8505892290441
000000000000000005d7,2184.5,1296.0,569.0,815.0,843.0,2625.5,0.33902845,0.5139109,505,1,0.0375608507074671,15.57071,"{""type"":""Point"",""coordinates"":[108.26904705965578,13.74489807388055]}",108.26904705965578,13.74489807388055,302.9797641919623
000000000000000004da,4440.5,3534.5,1029.5,1361.0,1827.0,2554.0,-0.1610413,0.16594385,508,1,0.5494544855677028,2.8624806,"{""type"":""Point"",""coordinates"":[108.34207821670911,13.774542177683859]}",108.34207821670911,13.774542177683859,270.6637916185402
000000000000000004aa,3050.5,2484.5,724.0,931.5,1025.0,1843.5,-0.14810535,0.28534076,518,1,0.7096542536581855,6.736306,"{""type"":""Point"",""coordinates"":[108.32941436971733,13.76807202205531]}",108.32941436971733,13.76807202205531,335.7226429861524
00000000000000000517,3815.0,2758.0,931.0,1168.0,1414.0,2796.0,0.0068419157,0.32826602,519,1,0.7038312693433572,4.2387114,"{""type"":""Point"",""coordinates"":[108.33884536844536,13.77804703111187]}",108.33884536844536,13.77804703111187,252.28489738778399
000000000000000003f0,2270.0,1115.0,388.0,687.0,472.0,3152.0,0.47738457,0.73951435,520,1,0.5386483043679372,2.0853875,"{""type"":""Point"",""coordinates"":[108.27254745398274,13.747323824853629]}",108.27254745398274,13.747323824853629,27.286304902315862
0000000000000000052b,2858.0,1825.0,629.0,850.0,816.0,2884.0,0.22488852,0.5589189,520,1,0.7486194550905361,7.4390435,"{""type"":""Point"",""coordinates"":[108.34612262136459,13.776160831366262]}",108.34612262136459,13.776160831366262,929.4357682855567
00000000000000000329,2403.0,1423.0,472.0,736.0,650.0,2597.0,0.2920398,0.5996304,521,1,0.1435303043128306,5.547545,"{""type"":""Point"",""coordinates"":[108.25044814916185,13.7578339260366]}",108.25044814916185,13.7578339260366,287.8515630236718
00000000000000000395,2985.0,1906.0,723.0,857.0,977.0,2646.5,0.16265789,0.46074238,521,1,0.597864469693977,7.0605016,"{""type"":""Point"",""coordinates"":[108.3399244709003,13.78208697666629]}",108.3399244709003,13.78208697666629,229.75404485859556
000000000000000004ff,3264.0,2199.0,735.5,940.5,990.0,2655.0,0.09394314,0.45679012,521,1,0.3968156769742177,7.0605016,"{""type"":""Point"",""coordinates"":[108.3399244709003,13.782358981830553]}",108.3399244709003,13.782358981830553,222.92026261404166
00000000000000000438,3140.0,2113.0,727.0,905.0,971.5,2694.0,0.120865405,0.46992224,523,1,0.5033856355106443,2.7802885,"{""type"":""Point"",""coordinates"":[108.33965246573604,13.782358981830553]}",108.33965246573604,13.782358981830553,193.92290146821836
0000000000000000040b,3982.0,2912.0,1024.5,1225.5,1606.5,2897.0,-0.0025822,0.2865549,527,1,0.0552514230774299,3.924844,"{""type"":""Point"",""coordinates"":[108.34181067064593,13.786131381321766]}",108.34181067064593,13.786131381321766,87.42987180236535
00000000000000000582,3882.0,2917.0,983.5,1232.0,1502.5,2936.5,0.0033313402,0.32304573,527,1,0.4652790702490564,3.924844,"{""type"":""Point"",""coordinates"":[108.34207821670911,13.786131381321766]}",108.34207821670911,13.786131381321766,59.854406242529315
000000000000000005e3,2729.0,2096.5,658.0,877.5,1061.0,2184.5,0.020555945,0.34617162,527,1,0.1331840798494739,13.789358,"{""type"":""Point"",""coordinates"":[108.32914236455308,13.767804475992104]}",108.32914236455308,13.767804475992104,377.2308263714402
00000000000000000335,2251.5,1862.0,526.5,746.5,1106.5,1788.5,-0.020134227,0.23557858,538,1,0.1856438301607099,1.9093798,"{""type"":""Point"",""coordinates"":[108.3205184631157,13.796101931277274]}",108.3205184631157,13.796101931277274,110.72860928493989
0000000000000000048d,2187.5,1983.0,578.5,764.5,1024.0,1688.5,-0.080212444,0.24497695,539,1,0.289644032359967,3.8252206,"{""type"":""Point"",""coordinates"":[108.32079046827997,13.79151797539433]}",108.32079046827997,13.79151797539433,196.2946005835373
00000000000000000514,2804.0,2173.5,606.0,698.5,975.0,2661.5,0.10093071,0.46377012,539,1,0.1914888581339946,6.3438787,"{""type"":""Point"",""coordinates"":[108.33830581721791,13.788824678358049]}",108.33830581721791,13.788824678358049,397.70573944424126
00000000000000000609,2171.0,1764.0,502.0,700.0,890.0,1915.0,0.041043762,0.36541888,539,1,0.5357867579676199,2.9392314,"{""type"":""Point"",""coordinates"":[108.3205184631157,13.795829926113012]}",108.3205184631157,13.795829926113012,140.24922250032992
00000000000000000554,2229.5,1335.5,480.0,680.5,658.5,2403.5,0.2856379,0.56988895,540,1,0.0133767868478353,12.535081,"{""type"":""Point"",""coordinates"":[108.32752371087066,13.76888357844704]}",108.32752371087066,13.76888357844704,467.1849129494572
000000000000000005c5,2608.0,2023.0,696.0,839.0,903.0,2227.0,0.048,0.4230032,540,1,0.1099194914294875,11.39488,"{""type"":""Point"",""coordinates"":[108.34585061620032,13.774274631620656]}",108.34585061620032,13.774274631620656,426.60015145042496
000000000000000004de,1984.0,1710.5,611.5,778.0,881.5,2162.5,0.116705395,0.42082787,542,1,0.1237823319739825,2.8627288,"{""type"":""Point"",""coordinates"":[108.3164785175613,13.79475528275913]}",108.3164785175613,13.79475528275913,112.22243485848189
00000000000000000617,2185.0,1572.0,642.0,879.0,942.0,2576.0,0.24204436,0.46446845,542,1,0.1008744841238729,7.4898834,"{""type"":""Point"",""coordinates"":[108.2830575551657,13.781819430603084]}",108.2830575551657,13.781819430603084,266.83774175831553
000000000000000003b4,2697.0,2172.0,724.0,1032.0,1347.0,2100.0,-0.016853932,0.21845083,543,1,0.5944852280103748,3.9250023,"{""type"":""Point"",""coordinates"":[108.33695916869976,13.796101931277274]}",108.33695916869976,13.796101931277274,339.6782487857678
000000000000000003d9,1902.5,1661.5,601.5,771.5,883.5,2037.0,0.101527646,0.3949666,543,1,0.0810136637261318,2.8627322,"{""type"":""Point"",""coordinates"":[108.3164785175613,13.795022828822342]}",108.3164785175613,13.795022828822342,117.21591611216598
000000000000000003eb,1957.5,1711.5,595.0,797.0,893.0,2118.5,0.10626632,0.40694007,543,1,0.1777482917425272,1.3310527,"{""type"":""Point"",""coordinates"":[108.31620651239703,13.79502282882234]}",108.31620651239703,13.79502282882234,88.08967904512687
0000000000000000035f,3513.5,2595.5,812.0,1033.0,1419.5,2564.5,-0.006007752,0.2873996,545,1,0.150618766686659,0.9548755,"{""type"":""Point"",""coordinates"":[108.33318676920855,13.776695923492676]}",108.33318676920855,13.776695923492676,67.52739458561075
00000000000000000392,3500.0,2480.0,691.0,954.5,1366.5,2462.5,-0.0035407182,0.2862366,545,1,0.2129473233361114,6.7939873,"{""type"":""Point"",""coordinates"":[108.33453341772669,13.777235474720143]}",108.33453341772669,13.777235474720143,176.64382082408
0000000000000000051c,3465.5,2482.5,804.0,1037.5,1356.0,2568.0,0.016929017,0.3088685,545,1,0.7779332685869492,2.0854418,"{""type"":""Point"",""coordinates"":[108.33318676920854,13.77642837742947]}",108.33318676920854,13.77642837742947,37.89430213356254
00000000000000000551,3648.0,2675.5,847.0,1098.5,1462.5,2644.0,-0.0059216092,0.2877146,545,1,0.7636759190063341,0.0,"{""type"":""Point"",""coordinates"":[108.33291476404429,13.776695923492674]}",108.33291476404429,13.776695923492674,51.057032398582336
00000000000000000599,3531.5,2510.5,789.0,1037.0,1351.0,2611.5,0.01971886,0.31810725,545,1,0.1951681278548853,1.3309981,"{""type"":""Point"",""coordinates"":[108.33291476404429,13.77642837742947]}",108.33291476404429,13.77642837742947,26.635770521800204
00000000000000000607,3717.0,2712.0,864.0,1118.0,1486.0,2761.0,0.008953042,0.3002119,545,1,0.7199207932015549,0.0,"{""type"":""Point"",""coordinates"":[108.33264721798109,13.776695923492673]}",108.33264721798109,13.776695923492673,26.198550467946355
00000000000000000633,3598.0,2683.0,842.0,1077.0,1473.0,2651.0,-0.00599925,0.285645,545,1,0.0370909460999617,0.0,"{""type"":""Point"",""coordinates"":[108.33291476404429,13.776967928656935]}",108.33291476404429,13.776967928656935,63.91036817969119
00000000000000000589,3445.0,2422.5,672.5,943.0,1393.0,2368.0,-0.011376683,0.25923955,547,1,0.3837637856420247,4.1653767,"{""type"":""Point"",""coordinates"":[108.3345334177267,13.777507479884404]}",108.3345334177267,13.777507479884404,184.63791918516935
00000000000000000363,2327.0,1428.0,535.5,765.5,702.5,2862.0,0.33426574,0.6058353,550,1,0.5709113166525503,13.648223,"{""type"":""Point"",""coordinates"":[108.34504351890965,13.774274631620655]}",108.34504351890965,13.774274631620655,692.8985654561557
000000000000000005f4,1343.0,627.0,320.0,514.0,347.0,3003.0,0.6545454,0.79283583,551,1,0.7257812832896114,2.7802885,"{""type"":""Point"",""coordinates"":[108.31889980943332,13.800413881995954]}",108.31889980943332,13.800413881995954,161.40010505416495
00000000000000000512,2805.0,1990.0,693.0,819.0,891.0,2899.0,0.1859276,0.5298153,559,1,0.7396213525275263,11.872793,"{""type"":""Point"",""coordinates"":[108.344236421619,13.78855713229484]}",108.344236421619,13.78855713229484,87.86025922316806
00000000000000000559,3568.5,2467.5,686.0,946.0,1186.5,2927.5,0.08526413,0.4231891,564,1,0.3104611665539197,6.656588,"{""type"":""Point"",""coordinates"":[108.34099911425419,13.84461249163771]}",108.34099911425419,13.84461249163771,3199.5240294307305
000000000000000003c7,3630.5,2455.5,682.5,928.5,1162.5,2896.5,0.0823991,0.42719883,567,1,0.7668588529856561,8.007474,"{""type"":""Point"",""coordinates"":[108.34099911425419,13.844340486473449]}",108.34099911425419,13.844340486473449,3170.7141447185836
00000000000000000443,2620.5,1480.5,403.0,660.0,663.0,3384.0,0.39130434,0.6723499,574,1,0.0462216414023121,10.499453,"{""type"":""Point"",""coordinates"":[108.34127111941844,13.843800935245982]}",108.34127111941844,13.843800935245982,3122.585908868963
00000000000000000420,2853.0,2080.0,718.0,905.0,1016.0,2376.5,0.06653203,0.40103167,577,1,0.1484519899601164,16.908228,"{""type"":""Point"",""coordinates"":[108.3385733632811,13.827092683598723]}",108.3385733632811,13.827092683598723,1305.0308091632662
000000000000000004b4,3360.0,2437.0,767.0,994.0,1150.0,2759.0,0.061970748,0.4116142,577,1,0.1841001776211047,8.866409,"{""type"":""Point"",""coordinates"":[108.34773681594595,13.805265383942102]}",108.34773681594595,13.805265383942102,1643.508643976565
0000000000000000047e,2989.0,2252.0,706.5,889.0,1041.5,2729.5,0.09585466,0.44762662,579,1,0.0554734059749344,6.718639,"{""type"":""Point"",""coordinates"":[108.34773681594595,13.805532930005308]}",108.34773681594595,13.805532930005308,1646.5898674201328
00000000000000000494,3371.5,2520.5,901.0,1133.0,1286.0,3003.5,0.08743664,0.40039632,579,1,0.283206127105479,5.5098643,"{""type"":""Point"",""coordinates"":[108.34800882111021,13.805804935169572]}",108.34800882111021,13.805804935169572,1679.4596418399228
00000000000000000479,3091.0,2269.0,706.0,884.0,1002.0,2466.0,0.04160507,0.42214534,580,1,0.3767468347929761,10.429996,"{""type"":""Point"",""coordinates"":[108.34800882111021,13.805265383942102]}",108.34800882111021,13.805265383942102,1663.9643757500767
00000000000000000385,3561.5,2432.0,808.5,1005.5,1162.0,3105.5,0.12162528,0.45541885,582,1,0.2031998088710177,15.857175,"{""type"":""Point"",""coordinates"":[108.34153866548166,13.843800935245982]}",108.34153866548166,13.843800935245982,3131.6296602152083
00000000000000000529,2502.5,1612.0,575.0,756.0,1008.5,2265.0,0.1684292,0.38383994,585,1,0.5003932163618277,4.2390447,"{""type"":""Point"",""coordinates"":[108.17607034359038,13.80095343322342]}",108.17607034359038,13.80095343322342,1588.7350439609952
00000000000000000572,3415.5,2388.5,659.0,951.5,1198.0,3165.5,0.13989916,0.4508995,585,1,0.2553108064245803,15.170297,"{""type"":""Point"",""coordinates"":[108.34153866548166,13.843533389182776]}",108.34153866548166,13.843533389182776,3103.530414912978
00000000000000000387,2103.5,1221.5,387.5,649.5,535.5,3044.0,0.42726526,0.7007962,586,1,0.6770248286629462,7.203051,"{""type"":""Point"",""coordinates"":[108.17849609456347,13.796369477340479]}",108.17849609456347,13.796369477340479,2125.525539609248
000000000000000004ba,3234.5,2369.5,681.5,969.5,1156.5,2987.5,0.11536308,0.44184363,586,1,0.2586126943253752,11.333725,"{""type"":""Point"",""coordinates"":[108.3482763671734,13.805532930005306]}",108.3482763671734,13.805532930005306,1701.300600995363
00000000000000000561,2326.0,1559.0,537.0,690.5,852.5,1924.0,0.10479472,0.3859175,588,1,0.7696186951681055,6.0010056,"{""type"":""Point"",""coordinates"":[108.17849609456347,13.79690902856795]}",108.17849609456347,13.79690902856795,2083.3977073143083
00000000000000000584,3633.5,2540.5,690.0,941.0,1152.0,2727.5,0.03549734,0.40610904,588,1,0.0974525046341325,9.616217,"{""type"":""Point"",""coordinates"":[108.34207821670911,13.843800935245982]}",108.34207821670911,13.843800935245982,3150.5987563735425
0000000000000000039e,3063.0,2029.0,695.0,929.0,1092.0,2767.0,0.15387823,0.43405026,591,1,0.7935317419049929,13.771412,"{""type"":""Point"",""coordinates"":[108.34881591840087,13.80553293000531]}",108.34881591840087,13.80553293000531,1721.1401904156496
000000000000000004a5,2425.0,1547.0,498.0,755.0,1021.0,2332.0,0.20237175,0.39099315,591,1,0.7121699046500772,5.6281333,"{""type"":""Point"",""coordinates"":[108.17553079236292,13.80095343322342]}",108.17553079236292,13.80095343322342,1543.969071529844
00000000000000000576,3112.5,2405.0,710.0,1005.0,1148.5,2863.0,0.08694001,0.42739624,591,1,0.0864731618876305,9.528045,"{""type"":""Point"",""coordinates"":[108.34854837233766,13.805532930005308]}",108.34854837233766,13.805532930005308,1711.0819079523944
000000000000000004c5,4002.5,3232.0,898.0,1163.0,1427.0,2713.0,-0.087300256,0.31062803,592,1,0.7434676152829339,6.718828,"{""type"":""Point"",""coordinates"":[108.34935546962835,13.775349274974534]}",108.34935546962835,13.775349274974534,462.43059934249993
00000000000000000501,3395.0,2380.5,709.5,951.5,1161.5,3017.5,0.11800667,0.44412538,592,1,0.0572564125868844,8.755453,"{""type"":""Point"",""coordinates"":[108.34181067064593,13.843533389182776]}",108.34181067064593,13.843533389182776,3113.057163192753
000000000000000005cd,2916.5,2142.5,694.0,888.0,980.5,2379.0,0.05230565,0.41628218,594,1,0.079434316090306,15.595727,"{""type"":""Point"",""coordinates"":[108.34019201696351,13.816854587580007]}",108.34019201696351,13.816854587580007,845.378827084284
0000000000000000041b,2223.5,1515.0,443.5,599.0,718.0,2310.5,0.20794667,0.5258379,596,1,0.2338545216197245,8.2891,"{""type"":""Point"",""coordinates"":[108.24532910115249,13.798255677086086]}",108.24532910115249,13.798255677086086,263.7499258638495
000000000000000005a7,2921.5,2138.0,740.0,900.0,1084.5,2510.5,0.08013338,0.39666203,597,1,0.7605874015714252,14.289288,"{""type"":""Point"",""coordinates"":[108.34773681594595,13.79178998055859]}",108.34773681594595,13.79178998055859,461.72802657277384
00000000000000000520,2409.0,1364.0,394.0,613.0,579.0,2484.0,0.2910603,0.6219393,598,1,0.1750409020808332,15.669282,"{""type"":""Point"",""coordinates"":[108.34612262136459,13.851345734228413]}",108.34612262136459,13.851345734228413,3696.52588064294
000000000000000003f8,2154.5,1243.5,447.0,666.5,681.5,2617.5,0.35586634,0.5868445,600,1,0.1194143542844206,3.8145735,"{""type"":""Point"",""coordinates"":[108.17579833842613,13.798795228313553]}",108.17579833842613,13.798795228313553,1729.3010401415165
000000000000000003e9,2963.0,2041.0,601.0,799.0,870.0,2832.0,0.162323,0.5299838,602,1,0.7965740895879586,9.293514,"{""type"":""Point"",""coordinates"":[108.34719726471847,13.852696841847605]}",108.34719726471847,13.852696841847605,3573.847506133834
00000000000000000422,2997.0,2315.0,691.0,849.0,985.0,2157.0,-0.035330947,0.3730108,604,1,0.2823164603830604,14.300441,"{""type"":""Point"",""coordinates"":[108.3043497626959,13.80984488072399]}",108.3043497626959,13.80984488072399,704.5754863555695
000000000000000005b7,2449.0,1603.0,507.5,722.0,701.0,2998.0,0.30319497,0.62097865,605,1,0.304025654525731,8.962702,"{""type"":""Point"",""coordinates"":[108.34746926988272,13.852696841847605]}",108.34746926988272,13.852696841847605,3580.5670171019965
0000000000000000034a,2571.0,1926.0,634.0,783.0,903.0,2436.0,0.11691885,0.4591195,607,1,0.3645901458618368,13.405061,"{""type"":""Point"",""coordinates"":[108.34746926988272,13.852424836683346]}",108.34746926988272,13.852424836683346,3609.8815286193817
00000000000000000352,2233.0,1280.0,356.5,610.0,432.5,2691.5,0.35540727,0.7231114,607,1,0.1605785465264579,0.92740995,"{""type"":""Point"",""coordinates"":[108.25583920233547,13.899856294588853]}",108.25583920233547,13.899856294588853,1460.945643273003
000000000000000003d1,2389.5,1407.5,419.0,643.0,649.5,2551.5,0.28896186,0.5941893,608,1,0.5867099300608039,2.661288,"{""type"":""Point"",""coordinates"":[108.25557165627227,13.90012829975311]}",108.25557165627227,13.90012829975311,1489.3755412752137
00000000000000000394,3600.5,3148.0,755.5,941.5,1215.0,2309.0,-0.15374748,0.3104427,609,1,0.7253398404789941,9.242931,"{""type"":""Point"",""coordinates"":[108.30246356295031,13.80553293000531]}",108.30246356295031,13.80553293000531,201.11575491265867
00000000000000000355,3097.0,2298.5,596.5,783.5,884.5,2018.0,-0.064983204,0.3905254,610,1,0.4337478566315573,20.835209,"{""type"":""Point"",""coordinates"":[108.30461730875913,13.809844880723992]}",108.30461730875913,13.809844880723992,719.8437538309839
000000000000000004dd,2485.0,1752.0,512.0,692.0,669.0,2666.0,0.20688094,0.5988006,610,1,0.4633365121098711,12.205251,"{""type"":""Point"",""coordinates"":[108.34746926988272,13.852964387910813]}",108.34746926988272,13.852964387910813,3551.74639746285
000000000000000004f3,2675.0,1808.0,652.0,831.0,991.0,2630.0,0.18521857,0.4526374,610,1,0.3683525720174055,14.958674,"{""type"":""Point"",""coordinates"":[108.35070211814649,13.784784732803624]}",108.35070211814649,13.784784732803624,892.7132710088982
0000000000000000062b,3091.5,2116.5,759.5,1043.5,1385.5,2736.0,0.12766615,0.32767197,612,1,0.0548145695508851,5.3098884,"{""type"":""Point"",""coordinates"":[108.35043457208329,13.792869083013523]}",108.35043457208329,13.792869083013523,777.3068591532121
00000000000000000549,2292.0,1380.0,463.0,696.0,754.0,2705.0,0.3243574,0.56403583,613,1,0.361250292869325,13.900917,"{""type"":""Point"",""coordinates"":[108.33695916869976,13.846226686219056]}",108.33695916869976,13.846226686219056,3277.0416766463372
00000000000000000488,2184.5,1393.0,488.5,626.5,583.0,2652.0,0.31124845,0.63956726,614,1,0.7492171197343583,3.9870765,"{""type"":""Point"",""coordinates"":[108.30838970825035,13.755136169899263]}",108.30838970825035,13.755136169899263,1731.3323056943043
00000000000000000630,2836.0,2137.0,726.0,885.5,988.5,2172.5,0.008237614,0.374565,614,1,0.0878582833131951,7.292707,"{""type"":""Point"",""coordinates"":[108.30812216218712,13.754868623836058]}",108.30812216218712,13.754868623836058,1718.8270272954217
000000000000000004ee,3225.0,2484.5,906.5,1171.0,1319.0,2249.5,-0.049640894,0.2607538,617,1,0.7132601381989494,12.257932,"{""type"":""Point"",""coordinates"":[108.33291476404429,13.763492525273422]}",108.33291476404429,13.763492525273422,410.36465753271096
0000000000000000053b,1922.5,1388.0,463.5,674.0,934.0,1872.0,0.14846626,0.33428368,618,1,0.4432170814595256,4.165689,"{""type"":""Point"",""coordinates"":[108.2350910051338,13.861048738120715]}",108.2350910051338,13.861048738120715,676.736465251375
000000000000000005b8,2266.0,1286.0,422.0,677.0,664.0,2775.0,0.36665845,0.61384124,618,1,0.5906544905819705,9.675222,"{""type"":""Point"",""coordinates"":[108.3366871635355,13.846498691383317]}",108.3366871635355,13.846498691383317,3302.5472839695794
0000000000000000034d,3431.5,2528.5,914.5,1123.0,1387.0,2883.0,0.06550864,0.35035127,624,1,0.2780266279220813,20.471159,"{""type"":""Point"",""coordinates"":[108.34719726471849,13.854043490365745]}",108.34719726471849,13.854043490365745,3428.640745425783
00000000000000000328,2718.0,1959.0,592.5,869.0,906.0,2836.0,0.18289885,0.515767,628,1,0.6601457871544332,13.259181,"{""type"":""Point"",""coordinates"":[108.34558307013712,13.854043490365745]}",108.34558307013712,13.854043490365745,3392.042274887745
000000000000000005e1,3182.0,1826.5,704.5,908.5,927.5,3109.5,0.25992706,0.54050034,628,1,0.2258192653331352,8.432744,"{""type"":""Point"",""coordinates"":[108.27362655643766,13.820354981906965]}",108.27362655643766,13.820354981906965,241.5899823921677
0000000000000000046c,2866.0,2140.0,688.0,818.0,1004.0,2285.0,0.03276836,0.38948008,636,1,0.31780275083134,14.300461,"{""type"":""Point"",""coordinates"":[108.30407775753164,13.811463534406393]}",108.30407775753164,13.811463534406393,849.3760492896602
00000000000000000437,2358.0,1873.0,598.5,764.0,878.5,2141.0,0.066766314,0.4181156,637,1,0.6841607069455051,16.140377,"{""type"":""Point"",""coordinates"":[108.31755316091518,13.816854587580007]}",108.31755316091518,13.816854587580007,2216.4474732677927
0000000000000000048a,2672.0,1700.5,501.5,700.5,702.5,2352.0,0.16076496,0.5400229,646,1,0.3460540180343332,6.7191606,"{""type"":""Point"",""coordinates"":[108.3043497626959,13.811731080469599]}",108.3043497626959,13.811731080469599,888.686095074822
000000000000000003b9,2535.5,1562.0,491.0,718.0,726.5,2738.5,0.27357283,0.5806638,650,1,0.5996448185554665,23.066921,"{""type"":""Point"",""coordinates"":[108.34234576277233,13.859969635665779]}",108.34234576277233,13.859969635665779,2691.007682345937
00000000000000000563,3527.5,2557.0,811.0,975.5,1199.5,2559.0,0.00039093042,0.36171344,651,1,0.0030586245211153,6.9041204,"{""type"":""Point"",""coordinates"":[108.35312786911956,13.790443332040448]}",108.35312786911956,13.790443332040448,1006.7546160598149
00000000000000000528,2810.0,2218.0,739.0,862.0,984.0,2430.0,0.045611016,0.4235501,652,1,0.6871289389007291,7.0607133,"{""type"":""Point"",""coordinates"":[108.32267666802558,13.825478489017375]}",108.32267666802558,13.825478489017375,1410.5689001365856
0000000000000000048c,2327.5,1228.5,352.5,565.5,530.5,2851.5,0.39779413,0.6862803,654,1,0.6025029744856335,2.122482,"{""type"":""Point"",""coordinates"":[108.2970725097767,13.808230686142645]}",108.2970725097767,13.808230686142645,376.59878133927793
000000000000000003ee,2843.0,2207.0,696.0,910.0,979.0,2342.0,0.029676853,0.41041854,655,1,0.1363446871464053,0.92740995,"{""type"":""Point"",""coordinates"":[108.32590951628931,13.8230527380443]}",108.32590951628931,13.8230527380443,971.1979057829653
00000000000000000411,2524.0,1899.0,579.0,837.0,1168.0,2396.0,0.11571595,0.3445567,656,1,0.4100623762667909,8.636541,"{""type"":""Point"",""coordinates"":[108.28467620884813,13.983937104052625]}",108.28467620884813,13.983937104052625,188.96211085771782
0000000000000000036e,2939.5,2295.0,767.0,970.5,1016.0,2688.0,0.07886815,0.4514039,657,1,0.738207849662323,4.6773024,"{""type"":""Point"",""coordinates"":[108.32617706235253,13.823320284107504]}",108.32617706235253,13.823320284107504,971.7014626773189
00000000000000000365,2408.0,1587.0,455.0,646.0,732.0,2447.0,0.2131879,0.5394778,658,1,0.1621705355319275,10.54848,"{""type"":""Point"",""coordinates"":[108.32186511163384,13.825478489017375]}",108.32186511163384,13.825478489017375,1477.1706091629821
00000000000000000377,2601.0,1795.0,578.0,765.0,863.0,2681.0,0.1979446,0.5129797,658,1,0.3696332844308778,2.7802885,"{""type"":""Point"",""coordinates"":[108.32617706235253,13.823587830170712]}",108.32617706235253,13.823587830170712,993.3237303389251
00000000000000000497,2846.0,2007.0,593.0,805.0,908.5,2752.0,0.15654549,0.50361973,658,1,0.6562020503165075,1.3311367,"{""type"":""Point"",""coordinates"":[108.3264490675168,13.82358783017071]}",108.3264490675168,13.82358783017071,973.6508230890595
000000000000000005fe,2997.0,2260.0,696.0,943.0,979.0,2447.0,0.039728064,0.42848805,658,1,0.168821429953961,5.7121015,"{""type"":""Point"",""coordinates"":[108.3164785175613,13.83032553186247]}",108.3164785175613,13.83032553186247,1393.8580176474284
00000000000000000613,2657.0,1726.0,543.0,732.0,960.0,2296.0,0.14172053,0.41031942,658,1,0.3929913568463825,10.534475,"{""type"":""Point"",""coordinates"":[108.22754174705031,13.983937104052629]}",108.22754174705031,13.983937104052629,40.67042755721563
00000000000000000624,2522.5,1774.0,581.5,854.5,1199.0,2285.0,0.12589307,0.3117107,658,1,0.4332116608271532,3.9279938,"{""type"":""Point"",""coordinates"":[108.28467620884813,13.983669557989419]}",108.28467620884813,13.983669557989419,197.2559788573709
000000000000000004bf,2344.5,1663.5,622.5,788.5,897.5,2409.5,0.18315738,0.45721197,659,1,0.1111167643631905,2.1225924,"{""type"":""Point"",""coordinates"":[108.3264490675168,13.823320284107504]}",108.3264490675168,13.823320284107504,951.581614561437
000000000000000003a0,2552.0,1672.0,532.5,724.5,758.0,2282.0,0.15427415,0.5013158,660,1,0.003913533857472,10.7657385,"{""type"":""Point"",""coordinates"":[108.31512740994211,13.812003085633858]}",108.31512740994211,13.812003085633858,1630.7537669761693
000000000000000003d2,2226.5,1218.0,471.5,671.5,546.5,2735.5,0.3838371,0.6669714,660,1,0.3920504880320854,2.9392753,"{""type"":""Point"",""coordinates"":[108.32698861874425,13.828978883344329]}",108.32698861874425,13.828978883344329,1451.4901232316947
000000000000000003fa,2551.0,1884.0,551.0,718.0,852.0,2201.0,0.07760098,0.44186047,660,1,0.4508250645742903,11.032403,"{""type"":""Point"",""coordinates"":[108.3221371167981,13.82574603508058]}",108.3221371167981,13.82574603508058,1473.9433324341442
0000000000000000045b,2658.5,1865.0,630.5,836.0,951.5,2455.0,0.13657407,0.4413621,660,1,0.786821520590495,3.3712518,"{""type"":""Point"",""coordinates"":[108.32698861874425,13.829250888508588]}",108.32698861874425,13.829250888508588,1479.1236799641
00000000000000000553,2316.0,1656.0,499.0,735.0,1079.0,2029.0,0.10122117,0.3056628,660,1,0.6020977842261124,13.033253,"{""type"":""Point"",""coordinates"":[108.22781375221456,13.98366955798942]}",108.22781375221456,13.98366955798942,6.79339234660743
00000000000000000626,2708.0,2058.0,661.0,847.0,967.0,2593.0,0.11502903,0.45674157,660,1,0.3423506980336968,9.50958,"{""type"":""Point"",""coordinates"":[108.34342486522725,13.857548343793754]}",108.34342486522725,13.857548343793754,2971.3498419783336
000000000000000003cb,2148.0,1267.0,430.0,659.0,652.0,2673.0,0.3568528,0.60781956,661,1,0.253547626995117,8.594966,"{""type"":""Point"",""coordinates"":[108.32186511163384,13.825746035080583]}",108.32186511163384,13.825746035080583,1496.2253129795386
000000000000000005d0,2463.0,1580.0,476.0,655.0,742.0,2642.0,0.25153956,0.56146574,661,1,0.2644231664877978,9.850467,"{""type"":""Point"",""coordinates"":[108.32590951628931,13.825746035080583]}",108.32590951628931,13.825746035080583,1197.2557884077955
0000000000000000058a,2431.5,1643.0,531.0,693.0,791.5,2367.5,0.18065079,0.49889207,662,1,0.6752967300402395,10.992985,"{""type"":""Point"",""coordinates"":[108.32240466286132,13.825746035080583]}",108.32240466286132,13.825746035080583,1452.2754805461834
0000000000000000031c,2543.0,1781.0,648.0,791.0,929.0,2592.0,0.1854562,0.472309,666,1,0.7670428276618901,16.253593,"{""type"":""Point"",""coordinates"":[108.34989502085581,13.853771485201488]}",108.34989502085581,13.853771485201488,3537.063924339304
0000000000000000053e,2395.0,1635.0,523.0,748.0,1050.0,2032.0,0.10826288,0.31862426,666,1,0.3886391831684022,6.72367,"{""type"":""Point"",""coordinates"":[108.22808129827779,13.983937104052625]}",108.22808129827779,13.983937104052625,31.449455251854875
000000000000000003ff,2036.5,1046.0,405.0,604.5,494.0,2624.0,0.42997274,0.6831302,667,1,0.7692414989203812,14.973349,"{""type"":""Point"",""coordinates"":[108.32348376531624,13.82574603508058]}",108.32348376531624,13.82574603508058,1367.624991812983
00000000000000000436,2467.0,1316.0,454.0,759.0,625.0,2839.0,0.36654633,0.6391455,668,1,0.2761058827401907,2.6609116,"{""type"":""Point"",""coordinates"":[108.29599340732176,13.835988590200346]}",108.29599340732176,13.835988590200346,37.367465074960364
0000000000000000056f,2113.0,1229.5,395.0,581.5,542.0,2681.0,0.37118015,0.6636674,670,1,0.4174714332431694,2.661802,"{""type"":""Point"",""coordinates"":[108.22673464975963,13.986634860189962]}",108.22673464975963,13.986634860189962,14.633230440383397
0000000000000000061d,3338.0,1986.0,532.0,699.0,859.0,2569.0,0.12799121,0.49883315,671,1,0.3148674636250227,5.9865847,"{""type"":""Point"",""coordinates"":[108.29680496371348,13.811731080469599]}",108.29680496371348,13.811731080469599,646.6994589664106
000000000000000003d3,2406.0,1935.0,531.0,712.0,937.5,2328.0,0.0921886,0.42581534,672,1,0.685068327652094,6.0048637,"{""type"":""Point"",""coordinates"":[108.28009671206621,13.962649355623475]}",108.28009671206621,13.962649355623475,585.261673959001
0000000000000000052c,2233.0,1575.0,400.0,639.0,1175.5,2331.5,0.1936516,0.32962647,673,1,0.6726023978224643,3.7047918,"{""type"":""Point"",""coordinates"":[108.2709332594014,13.906054445053142]}",108.2709332594014,13.906054445053142,434.7259251002374
000000000000000003ef,2775.0,2068.0,587.0,777.0,958.0,2051.0,-0.004127215,0.3632436,675,1,0.236088378708675,4.7158017,"{""type"":""Point"",""coordinates"":[108.29141391053986,13.82574603508058]}",108.29141391053986,13.82574603508058,129.8010046504619
0000000000000000052e,2712.0,1987.5,775.5,972.0,1030.5,2218.0,0.05480918,0.36555332,675,1,0.5416593662199894,12.522005,"{""type"":""Point"",""coordinates"":[108.32617706235253,13.829250888508588]}",108.32617706235253,13.829250888508588,1515.9572393910887
00000000000000000404,2452.5,1698.0,516.0,702.0,906.5,2324.0,0.15564395,0.43878657,676,1,0.4507412639423621,3.9276636,"{""type"":""Point"",""coordinates"":[108.28036425812942,13.962916901686683]}",108.28036425812942,13.962916901686683,550.3388917622992
00000000000000000595,2256.5,1588.5,421.5,666.0,838.5,2459.0,0.21507104,0.4914329,676,1,0.422502006099172,3.410334,"{""type"":""Point"",""coordinates"":[108.26554220622778,13.909019747253682]}",108.26554220622778,13.909019747253682,320.5400940578552
000000000000000004e4,3863.5,3391.0,910.0,1104.0,1319.0,2680.0,-0.11711415,0.34033507,677,1,0.701045280525219,7.2936864,"{""type"":""Point"",""coordinates"":[108.28736950588439,13.829790439736055]}",108.28736950588439,13.829790439736055,202.15538043007305
00000000000000000483,2931.0,2018.0,750.0,1025.0,984.0,2475.0,0.10171378,0.43104944,679,1,0.7425047642062579,4.7240696,"{""type"":""Point"",""coordinates"":[108.32698861874425,13.83059753702673]}",108.32698861874425,13.83059753702673,1617.2466003759819
00000000000000000496,3549.0,2668.0,1001.0,1251.5,1490.5,2776.5,0.019928368,0.3013827,680,1,0.4413583747202212,6.905233,"{""type"":""Point"",""coordinates"":[108.29383966151295,13.831404634317403]}",108.29383966151295,13.831404634317403,415.9886849367081
00000000000000000587,3721.0,3110.5,900.5,1045.0,1280.5,2745.5,-0.062329236,0.36388475,680,1,0.5828149078880732,9.242942,"{""type"":""Point"",""coordinates"":[108.28710195982119,13.829790439736056]}",108.28710195982119,13.829790439736056,218.42762027185478
000000000000000005f6,2302.5,2087.5,704.0,856.0,879.0,2007.0,-0.01966052,0.3908524,680,1,0.787788686909618,4.7158675,"{""type"":""Point"",""coordinates"":[108.32671661358,13.830865083089936]}",108.32671661358,13.830865083089936,1655.5997156570913
00000000000000000610,2873.0,2214.0,637.5,801.0,997.5,2433.5,0.047229692,0.41853687,680,1,0.7734231015392348,10.765797,"{""type"":""Point"",""coordinates"":[108.27982470690198,13.822513186816833]}",108.27982470690198,13.822513186816833,824.7000930837108
00000000000000000432,2068.0,1264.0,388.0,665.5,413.5,3378.0,0.45540714,0.7818805,681,1,0.6673786672022152,23.323112,"{""type"":""Point"",""coordinates"":[108.34369687039151,13.839488984527302]}",108.34369687039151,13.839488984527302,2777.590134354274
00000000000000000445,3105.0,2138.0,763.0,910.0,1210.0,2526.0,0.0831904,0.3522484,683,1,0.2230143333452268,10.145234,"{""type"":""Point"",""coordinates"":[108.30407775753164,13.975585207779522]}",108.30407775753164,13.975585207779522,120.62979164065646
000000000000000004fa,2993.0,2275.0,660.0,937.0,1334.0,2107.0,-0.038338657,0.224644,683,1,0.3115664548842947,2.6618764,"{""type"":""Point"",""coordinates"":[108.28710195982119,13.999298707181747]}",108.28710195982119,13.999298707181747,181.52131072173935
00000000000000000477,3473.0,2722.0,875.0,1120.0,1244.0,2624.0,-0.018331463,0.35677353,684,1,0.2060819861752594,5.510108,"{""type"":""Point"",""coordinates"":[108.28225045787505,13.8198154306795]}",108.28225045787505,13.8198154306795,546.2032405593044
000000000000000004bb,2568.0,1811.0,539.0,765.0,836.0,2439.0,0.14776471,0.48946565,684,1,0.5248388514704809,2.1233077,"{""type"":""Point"",""coordinates"":[108.29087435931241,13.920069399664118]}",108.29087435931241,13.920069399664118,218.6044578664432
000000000000000005c3,2350.0,1902.0,569.0,699.0,911.0,2023.0,0.030828025,0.37900478,684,1,0.1777141893403494,4.8550787,"{""type"":""Point"",""coordinates"":[108.26823550326407,13.908752201190474]}",108.26823550326407,13.908752201190474,178.78125057842695
00000000000000000615,2520.0,2034.5,715.0,890.0,950.0,2291.0,0.059299503,0.4137612,685,1,0.3993253317790274,16.973307,"{""type"":""Point"",""coordinates"":[108.32590951628931,13.829518434571796]}",108.32590951628931,13.829518434571796,1555.4115054574283
00000000000000000334,2652.0,2052.0,547.0,692.0,994.0,2030.0,-0.005389515,0.3425926,686,1,0.2508681469725,2.7802885,"{""type"":""Point"",""coordinates"":[108.26877505449151,13.908752201190474]}",108.26877505449151,13.908752201190474,177.22984897345472
0000000000000000059e,3174.0,1963.0,633.0,938.0,859.0,3070.0,0.21994834,0.5627386,686,1,0.45540326889391,8.598582,"{""type"":""Point"",""coordinates"":[108.34908346446409,14.050774569742725]}",108.34908346446409,14.050774569742725,93.51769634308094
00000000000000000627,2371.5,1859.0,474.5,701.5,1060.0,2261.5,0.09768232,0.36173415,686,1,0.3535146107975355,0.92740995,"{""type"":""Point"",""coordinates"":[108.27254745398274,13.897970094843243]}",108.27254745398274,13.897970094843243,582.9697214614549
0000000000000000062c,2296.0,2122.0,678.0,803.0,860.0,1843.0,-0.0703657,0.36367,686,1,0.143294546960495,8.532458,"{""type"":""Point"",""coordinates"":[108.31539941510634,13.81523593389761]}",108.31539941510634,13.81523593389761,1964.6314177975655
00000000000000000350,2849.0,1806.0,562.0,830.0,908.0,2666.0,0.1923077,0.49188584,687,1,0.4212012546540079,8.873206,"{""type"":""Point"",""coordinates"":[108.34881591840087,14.051314120970195]}",108.34881591840087,14.051314120970195,145.20662629226024
00000000000000000473,2682.5,1802.0,505.0,712.5,653.5,2711.5,0.20150658,0.6115899,687,1,0.1295080730746409,11.149734,"{""type"":""Point"",""coordinates"":[108.28009671206622,13.822780732880041]}",108.28009671206622,13.822780732880041,783.4979930917801
000000000000000003c4,2825.5,1975.0,631.0,782.5,925.5,2022.0,0.011758819,0.37201017,688,1,0.3498730457579652,13.291644,"{""type"":""Point"",""coordinates"":[108.3188998094333,13.831137088254197]}",108.3188998094333,13.831137088254197,1670.5035941732276
0000000000000000036f,2637.0,1730.0,546.0,773.0,776.0,2632.0,0.20678587,0.54460096,689,1,0.3037205330308603,7.3321805,"{""type"":""Point"",""coordinates"":[108.34854837233766,13.83679568749102]}",108.34854837233766,13.83679568749102,2806.8665840410717
00000000000000000367,2991.0,2062.0,835.0,1028.0,1066.0,2324.0,0.05973552,0.37109146,691,1,0.4463634250828378,12.448607,"{""type"":""Point"",""coordinates"":[108.32375131137947,13.830597537026732]}",108.32375131137947,13.830597537026732,1774.1366743305837
000000000000000005d8,2401.0,1439.0,499.0,707.0,776.0,2769.0,0.31606463,0.5622003,691,1,0.2593315000231483,7.60717,"{""type"":""Point"",""coordinates"":[108.34908346446409,14.051314120970192]}",108.34908346446409,14.051314120970192,149.97009298870603
000000000000000003d7,2697.0,1937.0,636.0,824.0,947.0,2372.0,0.1009515,0.42934617,693,1,0.5774559658680691,13.5755,"{""type"":""Point"",""coordinates"":[108.34854837233766,13.837063233554225]}",108.34854837233766,13.837063233554225,2830.0995447375944
00000000000000000457,2687.0,2121.0,819.0,920.0,1057.0,2217.0,0.022130014,0.35430667,693,1,0.0638259632646374,3.987773,"{""type"":""Point"",""coordinates"":[108.32267666802558,13.834369936517945]}",108.32267666802558,13.834369936517945,2190.6212938175836
000000000000000004cf,1980.0,1617.5,475.5,678.5,1109.5,1654.0,0.011156961,0.19703275,693,1,0.5798085518417504,8.757407,"{""type"":""Point"",""coordinates"":[108.23967050191567,13.997144961372934]}",108.23967050191567,13.997144961372934,118.64702989720485
00000000000000000604,2812.0,1739.0,548.0,811.0,822.0,3250.0,0.3028663,0.59626716,693,1,0.2497735978566962,16.24506,"{""type"":""Point"",""coordinates"":[108.3482763671734,13.837063233554225]}",108.3482763671734,13.837063233554225,2811.9904625929676
000000000000000003a1,2887.0,1924.0,809.0,1034.0,1178.0,2865.5,0.19657585,0.41733646,694,1,0.4645759013749025,3.4117525,"{""type"":""Point"",""coordinates"":[108.33695916869976,14.045115970505904]}",108.33695916869976,14.045115970505904,43.44776440087883
000000000000000003e8,1992.0,1177.5,539.0,652.5,496.5,2304.0,0.32356742,0.64542043,694,1,0.4494391534313874,3.4095647,"{""type"":""Point"",""coordinates"":[108.32294421408879,13.834369936517945]}",108.32294421408879,13.834369936517945,2180.243997024061
000000000000000004eb,3057.5,2384.5,698.0,911.0,1049.0,2443.0,0.012118073,0.39919817,694,1,0.1129116471360777,15.858723,"{""type"":""Point"",""coordinates"":[108.28009671206621,13.823052738044302]}",108.28009671206621,13.823052738044302,759.0334330875198
0000000000000000046e,2662.0,1720.0,464.0,754.5,825.0,2741.0,0.22887245,0.5372967,695,1,0.1287014917749372,7.9401026,"{""type"":""Point"",""coordinates"":[108.31539941510634,13.996065858918]}",108.31539941510634,13.996065858918,274.1851664356954
00000000000000000594,2401.0,1301.0,396.0,638.5,468.5,3009.0,0.3962877,0.73055357,695,1,0.6642463961748488,8.73444,"{""type"":""Point"",""coordinates"":[108.35016256691901,14.056165622916344]}",108.35016256691901,14.056165622916344,1412.8182239842617
00000000000000000405,3377.5,2132.0,626.5,882.0,1014.5,2867.0,0.1470294,0.47726396,696,1,0.2477454767026773,16.145271,"{""type"":""Point"",""coordinates"":[108.29330011028547,13.916297000172905]}",108.29330011028547,13.916297000172905,236.03256992492533
0000000000000000059c,2932.5,1925.0,668.0,892.5,958.0,2745.0,0.17558886,0.4825817,696,1,0.3792524923799151,12.768225,"{""type"":""Point"",""coordinates"":[108.32483041383439,13.830325531862469]}",108.32483041383439,13.830325531862469,1689.0657332000394
00000000000000000341,2552.0,1388.0,412.0,679.0,512.0,2806.0,0.33810204,0.6913803,697,1,0.6642902016331567,6.349986,"{""type"":""Point"",""coordinates"":[108.34207821670911,14.065864167707588]}",108.34207821670911,14.065864167707588,203.67714748609134
0000000000000000038d,2551.0,1821.0,611.0,815.0,967.0,2324.0,0.121351026,0.41233668,697,1,0.4390509084159192,15.847954,"{""type"":""Point"",""coordinates"":[108.32240466286132,13.834369936517946]}",108.32240466286132,13.834369936517946,2164.3264143135034
000000000000000004a1,2623.0,1397.0,442.0,670.0,555.0,2607.0,0.3021978,0.64895636,697,1,0.280830801324673,8.439603,"{""type"":""Point"",""coordinates"":[108.35016256691901,14.055626071688877]}",108.35016256691901,14.055626071688877,1384.597334364403
000000000000000004f4,2402.0,1502.0,636.0,826.0,878.0,2642.0,0.27509654,0.50113636,697,1,0.2772438859324884,12.902057,"{""type"":""Point"",""coordinates"":[108.32321176015198,13.83059753702673]}",108.32321176015198,13.83059753702673,1805.5794008246055
000000000000000005ad,2878.0,1857.0,596.5,757.0,847.5,2506.0,0.14875086,0.49455792,697,1,0.4370974392499193,8.289012,"{""type"":""Point"",""coordinates"":[108.33965246573604,14.024363314203166]}",108.33965246573604,14.024363314203166,73.98788888297686
000000000000000005c1,1962.5,1477.0,465.5,689.5,1103.5,1735.5,0.080466926,0.2226136,698,1,0.0288751609166738,14.177645,"{""type"":""Point"",""coordinates"":[108.23670519971515,14.02328421174823]}",108.23670519971515,14.02328421174823,115.4779356296549
0000000000000000049b,3797.0,3227.0,888.0,1078.0,1324.0,2451.0,-0.13666785,0.29854304,699,1,0.4772016237341975,3.7047918,"{""type"":""Point"",""coordinates"":[108.29356765634869,13.820894533134432]}",108.29356765634869,13.820894533134432,238.24395641878783
000000000000000004ea,2295.0,1241.0,421.0,686.0,516.0,2807.0,0.38685772,0.68943727,699,1,0.4659266162612916,5.7176085,"{""type"":""Point"",""coordinates"":[108.35043457208329,14.054279423170739]}",108.35043457208329,14.054279423170739,315.11719526020323
00000000000000000383,2554.0,1545.0,418.0,710.0,701.0,2830.0,0.29371428,0.6029453,700,1,0.0391512866548054,8.088214,"{""type"":""Point"",""coordinates"":[108.34962301569155,14.051581667033396]}",108.34962301569155,14.051581667033396,199.71221145301342
000000000000000003ac,2643.0,1566.0,456.0,720.0,626.0,2744.0,0.27331787,0.62848663,700,1,0.3788820519593556,3.7047918,"{""type"":""Point"",""coordinates"":[108.3498950208558,14.054546969233941]}",108.3498950208558,14.054546969233941,278.25272661816615
00000000000000000358,2055.0,1218.0,407.0,592.0,517.0,2704.0,0.3788883,0.67898166,701,1,0.3376592507228114,18.891636,"{""type"":""Point"",""coordinates"":[108.31917181459758,13.831404634317403]}",108.31917181459758,13.831404634317403,1708.9375078295097
000000000000000004b8,2341.0,1192.0,392.0,680.0,543.0,2947.0,0.42401546,0.6888252,701,1,0.0629780159380197,15.933109,"{""type"":""Point"",""coordinates"":[108.28710195982119,13.975852753842728]}",108.28710195982119,13.975852753842728,77.72044535585827
00000000000000000571,2367.5,1177.0,394.0,619.5,543.0,3010.5,0.43785074,0.6943858,701,1,0.1481771886271444,4.2415237,"{""type"":""Point"",""coordinates"":[108.29895870952231,13.968847506087766]}",108.29895870952231,13.968847506087766,73.72902484969606
0000000000000000058d,2354.5,1240.0,413.0,639.0,473.5,2663.5,0.36467272,0.6981192,701,1,0.1548668195109039,5.791387,"{""type"":""Point"",""coordinates"":[108.35043457208329,14.055626071688877]}",108.35043457208329,14.055626071688877,419.0425673264859
000000000000000003aa,2485.5,1354.5,410.0,613.0,482.0,2594.5,0.31400356,0.6866569,702,1,0.1727506621083183,8.541231,"{""type"":""Point"",""coordinates"":[108.35043457208329,14.056165622916343]}",108.35043457208329,14.056165622916343,464.64478063404243
00000000000000000442,2353.0,1214.0,394.5,597.5,455.0,2742.5,0.3863263,0.71540266,702,1,0.5148376670938241,5.791394,"{""type"":""Point"",""coordinates"":[108.35043457208329,14.05589361775208]}",108.35043457208329,14.05589361775208,441.64700305018187
00000000000000000588,3117.0,2363.5,801.0,1020.5,1095.0,2702.5,0.0669167,0.4233048,702,1,0.0569185832166655,10.648451,"{""type"":""Point"",""coordinates"":[108.32429086260692,13.827899780889394]}",108.32429086260692,13.827899780889394,1493.2457065519966
00000000000000000616,2603.0,1516.0,492.0,752.0,693.0,2881.0,0.31043893,0.6121992,702,1,0.2895071533228747,7.6043544,"{""type"":""Point"",""coordinates"":[108.34207821670911,14.067215275326781]}",108.34207821670911,14.067215275326781,237.82075803838512
0000000000000000061f,2772.0,1892.0,563.0,892.0,854.0,2609.0,0.15929793,0.50678605,702,1,0.0910354352483198,8.088417,"{""type"":""Point"",""coordinates"":[108.34315731916405,14.060205568470764]}",108.34315731916405,14.060205568470764,1172.93351446123
00000000000000000458,2500.5,1404.5,409.5,608.0,593.0,2670.5,0.31067485,0.6365865,703,1,0.311092370221359,3.9291577,"{""type"":""Point"",""coordinates"":[108.35070211814649,14.05589361775208]}",108.35070211814649,14.05589361775208,422.9537777139231
00000000000000000558,2571.0,1667.0,536.0,825.0,796.0,2860.0,0.26352993,0.5645514,703,1,0.2181832528457232,8.873579,"{""type"":""Point"",""coordinates"":[108.34261776793659,14.064789524353705]}",108.34261776793659,14.064789524353705,297.45760902441634
000000000000000005c9,2346.0,1805.0,773.0,913.0,1006.0,2223.0,0.10377359,0.37689686,703,1,0.4538988512890056,14.300753,"{""type"":""Point"",""coordinates"":[108.32321176015198,13.834909487745412]}",108.32321176015198,13.834909487745412,2220.1153177862734
0000000000000000060f,2355.0,1197.0,419.0,691.0,471.0,2759.0,0.39484328,0.7083591,703,1,0.3659951120697762,4.8580365,"{""type"":""Point"",""coordinates"":[108.35016256691901,14.05508652046141]}",108.35016256691901,14.05508652046141,339.0209316477095
000000000000000003fe,2603.0,1504.0,383.0,587.0,594.0,2667.0,0.27883002,0.63569456,704,1,0.4062613336337342,6.028909,"{""type"":""Point"",""coordinates"":[108.35096966420969,14.055354066524613]}",108.35096966420969,14.055354066524613,358.6419355456494
000000000000000004c6,2234.0,1174.0,419.0,660.0,499.0,2783.0,0.4066212,0.6959171,704,1,0.1650796578209523,3.9291308,"{""type"":""Point"",""coordinates"":[108.35124166937395,14.054279423170735]}",108.35124166937395,14.054279423170735,250.912985204961
00000000000000000502,2370.0,1272.0,436.0,600.0,531.0,2761.5,0.36928228,0.67744875,704,1,0.6976725375514613,6.028909,"{""type"":""Point"",""coordinates"":[108.35070211814649,14.055354066524613]}",108.35070211814649,14.055354066524613,377.3367530948558
000000000000000005d6,2024.5,1601.0,492.5,706.5,1162.5,1786.5,0.054760147,0.21159714,704,1,0.2405135376995282,9.373704,"{""type"":""Point"",""coordinates"":[108.23697720487941,14.023284211748232]}",108.23697720487941,14.023284211748232,120.64713229464266
0000000000000000044f,2426.0,1512.0,565.0,738.0,656.0,2736.0,0.2881356,0.6132075,705,1,0.0379182200277913,12.4486065,"{""type"":""Point"",""coordinates"":[108.32321176015198,13.830325531862469]}",108.32321176015198,13.830325531862469,1780.4903055449843
00000000000000000378,2953.0,2132.0,649.0,868.0,938.5,2188.5,0.01307719,0.39974415,706,1,0.2455560865521566,9.288677,"{""type"":""Point"",""coordinates"":[108.34315731916405,14.060745119698227]}",108.34315731916405,14.060745119698227,1224.8093337520925
0000000000000000038a,2497.5,1762.5,541.5,759.5,797.5,2498.5,0.1727294,0.5160801,706,1,0.2531757052901384,7.941311,"{""type"":""Point"",""coordinates"":[108.3428853139998,14.064789524353708]}",108.3428853139998,14.064789524353708,323.1001390162952
00000000000000000427,2122.0,1714.0,458.0,649.0,1073.0,1827.0,0.03191189,0.26,706,1,0.3459758960449305,8.589134,"{""type"":""Point"",""coordinates"":[108.2550321050448,14.033254761703738]}",108.2550321050448,14.033254761703738,120.02615059505868
00000000000000000540,2493.0,1934.0,473.0,723.0,995.0,2207.0,0.065926105,0.37851343,706,1,0.6312108861326265,11.920226,"{""type"":""Point"",""coordinates"":[108.37980667072233,14.08257241935485]}",108.37980667072233,14.08257241935485,73.77265341328824
00000000000000000321,3037.0,2007.0,789.0,899.0,1192.0,2534.0,0.11605373,0.36017177,707,1,0.7668017341423974,15.048738,"{""type"":""Point"",""coordinates"":[108.30623596244153,13.975317661716312]}",108.30623596244153,13.975317661716312,73.17680934809846
00000000000000000353,2441.0,1320.0,409.0,580.0,559.0,2540.0,0.31606218,0.6392385,707,1,0.0669456559528883,7.821695,"{""type"":""Point"",""coordinates"":[108.35124166937395,14.055626071688877]}",108.35124166937395,14.055626071688877,363.1438824186984
000000000000000003ea,2364.0,1303.0,423.0,680.0,547.0,2656.0,0.34175298,0.6584452,707,1,0.1553531406956317,7.821668,"{""type"":""Point"",""coordinates"":[108.35070211814649,14.054814515297146]}",108.35070211814649,14.054814515297146,334.04995294714865
00000000000000000403,2210.0,1182.0,427.0,637.0,550.0,2686.0,0.38883144,0.6600742,707,1,0.1381023018974251,6.7214046,"{""type"":""Point"",""coordinates"":[108.35124166937395,14.054546969233941]}",108.35124166937395,14.054546969233941,271.77494782464544
00000000000000000448,3276.5,2709.5,732.0,961.0,1011.0,2479.0,-0.04442517,0.42063037,708,1,0.2597491806907532,10.096576,"{""type"":""Point"",""coordinates"":[108.27982470690198,13.823320284107504]}",108.27982470690198,13.823320284107504,753.7537214262222
00000000000000000508,2848.0,1855.0,571.0,793.0,809.0,2506.0,0.14927769,0.51191556,709,1,0.246824299926695,6.6306458,"{""type"":""Point"",""coordinates"":[108.34396441645472,14.06074511969823]}",108.34396441645472,14.06074511969823,1268.7631606919676
00000000000000000598,1683.0,1233.0,644.0,897.0,874.0,1662.0,0.14818653,0.31072554,709,1,0.0007938186654876667,3.4117002,"{""type"":""Point"",""coordinates"":[108.25557165627227,14.039992463395496]}",108.25557165627227,14.039992463395496,105.4039241476817
00000000000000000481,2119.0,1554.0,630.0,925.0,1221.0,1862.0,0.09016393,0.20791437,710,1,0.0828758233648483,2.124201,"{""type"":""Point"",""coordinates"":[108.25583920233547,14.03972491733229]}",108.25583920233547,14.03972491733229,63.99731254603694
000000000000000005e5,2875.0,2394.0,699.0,864.0,978.0,1947.0,-0.102971666,0.33128205,710,1,0.6539821564516248,12.76813,"{""type"":""Point"",""coordinates"":[108.28009671206621,13.82358783017071]}",108.28009671206621,13.82358783017071,712.1698374012799
000000000000000005d9,2292.0,1719.0,431.0,684.0,806.0,1954.0,0.0639804,0.41594204,711,1,0.5505743171394607,10.096576,"{""type"":""Point"",""coordinates"":[108.22322979633162,14.048888369997117]}",108.22322979633162,14.048888369997117,51.391937810627425
00000000000000000464,2655.0,1847.0,640.0,831.0,879.0,2887.0,0.21968737,0.53319174,712,1,0.5010339985289889,8.287567,"{""type"":""Point"",""coordinates"":[108.32429086260692,13.829790439736055]}",108.32429086260692,13.829790439736055,1667.3815189546292
00000000000000000491,3407.0,2423.0,734.0,1026.0,1258.0,2520.0,0.01962371,0.33403918,712,1,0.1525677757593246,3.4118078,"{""type"":""Point"",""coordinates"":[108.32536996506187,14.05023501851526]}",108.32536996506187,14.05023501851526,186.0682549550393
000000000000000004c2,2588.0,2005.0,644.0,795.0,941.0,2545.0,0.11868132,0.46012622,712,1,0.4881933384951432,4.1664577,"{""type"":""Point"",""coordinates"":[108.34342486522726,14.064517519189447]}",108.34342486522726,14.064517519189447,388.7580991745298
00000000000000000621,3881.5,2735.0,845.0,1140.5,1349.5,2861.5,0.022603413,0.3590596,712,1,0.6521148811231344,6.464861,"{""type"":""Point"",""coordinates"":[108.30300311417777,13.846226686219056]}",108.30300311417777,13.846226686219056,432.562168579743
0000000000000000040f,2514.0,1750.0,587.0,795.0,862.0,2528.0,0.18186069,0.49144542,714,1,0.2474279212044704,8.078569,"{""type"":""Point"",""coordinates"":[108.35043457208329,13.838142336009161]}",108.35043457208329,13.838142336009161,3051.5114931501907
000000000000000004af,2468.5,1637.0,479.5,768.0,775.0,2411.5,0.19130543,0.5135729,714,1,0.257148221854905,14.189138,"{""type"":""Point"",""coordinates"":[108.33722671476296,13.87209839053115]}",108.33722671476296,13.87209839053115,1353.9712949397162
00000000000000000581,2338.0,1827.0,472.0,637.0,1034.0,1866.0,0.01056052,0.28689656,714,1,0.2000013659905191,6.7250853,"{""type"":""Point"",""coordinates"":[108.25449255381734,14.033526766867995]}",108.25449255381734,14.033526766867995,54.94155631030557
000000000000000003b5,2510.0,1861.0,496.0,728.0,975.0,1951.0,0.023609653,0.33356118,715,1,0.2319381928511998,6.630395,"{""type"":""Point"",""coordinates"":[108.22484845001402,14.043764862886707]}",108.22484845001402,14.043764862886707,36.07166743052932
000000000000000005f8,2162.0,1041.0,376.0,619.0,419.0,3207.0,0.509887,0.76889133,716,1,0.708904786232859,9.530023,"{""type"":""Point"",""coordinates"":[108.32132556040638,14.003882663064688]}",108.32132556040638,14.003882663064688,209.34379018119836
00000000000000000354,2460.0,1551.0,507.0,797.0,866.0,2601.0,0.25289017,0.50043267,717,1,0.6003239437175499,9.646679,"{""type"":""Point"",""coordinates"":[108.22592755246896,14.041611117077895]}",108.22592755246896,14.041611117077895,116.14766404245785
00000000000000000500,2299.5,1673.5,503.0,737.5,1109.5,2067.0,0.105199836,0.3014324,717,1,0.4468978716241372,8.589469,"{""type"":""Point"",""coordinates"":[108.22619509853217,14.042418214368569]}",108.22619509853217,14.042418214368569,142.98763582367528
000000000000000005bb,2585.0,1579.5,435.0,660.5,635.5,2753.0,0.27085978,0.6249078,717,1,0.0300271940032438,10.559446,"{""type"":""Point"",""coordinates"":[108.37926711949486,14.078260468636167]}",108.37926711949486,14.078260468636167,280.3198122991662
0000000000000000037b,2509.0,1743.0,509.0,695.0,954.0,1971.0,0.06138934,0.3476923,718,1,0.2506251409446177,6.662284,"{""type"":""Point"",""coordinates"":[108.22458090395081,14.043764862886707]}",108.22458090395081,14.043764862886707,57.709151766416845
00000000000000000484,2613.0,1936.0,655.0,859.0,994.0,2366.0,0.09995351,0.40833333,718,1,0.4408785924107012,13.116192,"{""type"":""Point"",""coordinates"":[108.35043457208329,13.83841434117342]}",108.35043457208329,13.83841434117342,3074.7149511201583
00000000000000000489,2271.0,1832.0,627.0,835.0,1271.0,2093.0,0.06649681,0.24435197,719,1,0.6405337737491803,15.861189,"{""type"":""Point"",""coordinates"":[108.33264721798109,14.038106263649887]}",108.33264721798109,14.038106263649887,238.02421330314348
00000000000000000490,1807.0,1098.0,461.0,761.0,611.0,2956.0,0.45831278,0.6574152,719,1,0.2235045430454711,20.836592,"{""type"":""Point"",""coordinates"":[108.34019201696351,13.87075174201301]}",108.34019201696351,13.87075174201301,1481.9312538035408
00000000000000000530,3423.0,2811.0,878.0,1043.0,1167.0,2205.0,-0.1208134,0.30782917,719,1,0.6997653941602313,2.1245391,"{""type"":""Point"",""coordinates"":[108.32321176015198,14.084730624264719]}",108.32321176015198,14.084730624264719,32.728993689962714
00000000000000000600,3000.0,1764.0,804.0,1112.0,1162.0,2922.0,0.24711908,0.43095005,719,1,0.3462940355091983,7.335501,"{""type"":""Point"",""coordinates"":[108.38977722067784,14.011695008110326]}",108.38977722067784,14.011695008110326,49.808153261909005
00000000000000000537,4141.0,3324.5,1101.0,1344.5,1706.5,2704.0,-0.10292776,0.22616483,721,1,0.4243497846485748,2.086021,"{""type"":""Point"",""coordinates"":[108.32941436971734,14.08257241935485]}",108.32941436971734,14.08257241935485,15.993603854159417
0000000000000000037d,2924.0,1864.0,579.0,883.5,890.5,3127.5,0.25313032,0.55674464,722,1,0.4910616472713427,8.595702,"{""type"":""Point"",""coordinates"":[108.33776626599042,13.871830844467944]}",108.33776626599042,13.871830844467944,1373.8291628266252
0000000000000000045a,3051.0,2032.5,719.0,905.5,1010.5,2628.5,0.12786956,0.44462764,722,1,0.2909510459903831,0.9561461,"{""type"":""Point"",""coordinates"":[108.330221467008,14.083923526974043]}",108.330221467008,14.083923526974043,19.355443123777654
00000000000000000509,3551.0,2429.5,821.0,1108.5,1251.0,2931.5,0.09363925,0.40179318,722,1,0.6377124563382779,0.95614034,"{""type"":""Point"",""coordinates"":[108.32968191578054,14.08257241935485]}",108.32968191578054,14.08257241935485,7.037499828141103
00000000000000000323,2969.0,1846.0,645.5,958.5,1104.0,3000.0,0.23813455,0.4619883,723,1,0.4905342878157305,12.802614,"{""type"":""Point"",""coordinates"":[108.34854837233766,14.069636567198804]}",108.34854837233766,14.069636567198804,946.4446023077529
00000000000000000333,3259.5,2018.5,635.0,868.0,983.0,3131.5,0.2161165,0.52217764,723,1,0.6269707860866509,6.464861,"{""type"":""Point"",""coordinates"":[108.32806326209813,14.034333864158672]}",108.32806326209813,14.034333864158672,141.8724209665419
0000000000000000043c,2660.0,1617.0,496.5,738.5,791.0,2710.0,0.25259995,0.5481291,723,1,0.7654640581572176,5.5111833,"{""type"":""Point"",""coordinates"":[108.34585061620032,13.880722291968514]}",108.34585061620032,13.880722291968514,684.7360946706028
00000000000000000343,3579.0,2867.0,961.0,1278.0,1573.0,2404.0,-0.08783912,0.20895147,724,1,0.0332564580862319,11.9359255,"{""type"":""Point"",""coordinates"":[108.30111691443217,13.87075174201301]}",108.30111691443217,13.87075174201301,594.2155180751747
0000000000000000049e,3997.5,3151.0,949.0,1230.5,1545.5,2464.0,-0.12235085,0.22908093,724,1,0.6341133310195486,1.3319112,"{""type"":""Point"",""coordinates"":[108.32968191578054,14.084191073037251]}",108.32968191578054,14.084191073037251,79.60614343461882
0000000000000000059a,4006.0,3174.0,964.5,1216.0,1548.0,2508.0,-0.11721225,0.2366864,724,1,0.7297480267916845,2.939618,"{""type"":""Point"",""coordinates"":[108.32994946184375,14.084191073037251]}",108.32994946184375,14.084191073037251,60.95775398830122
000000000000000005c7,3851.0,3036.0,895.5,1137.0,1539.5,2397.5,-0.117511734,0.21793243,724,1,0.3105796410719643,1.8543341,"{""type"":""Point"",""coordinates"":[108.32941436971734,14.083923526974043]}",108.32941436971734,14.083923526974043,69.27375861934382
00000000000000000362,2859.0,1590.0,584.0,851.0,806.0,3074.0,0.3181818,0.5845361,725,1,0.730186154888733,8.439946,"{""type"":""Point"",""coordinates"":[108.37926711949486,14.067215275326781]}",108.37926711949486,14.067215275326781,60.68209351446384
00000000000000000393,2435.0,1436.5,497.5,790.5,724.5,2689.5,0.30368397,0.5755712,725,1,0.5531223103521338,5.791891,"{""type"":""Point"",""coordinates"":[108.37657382245857,14.076106722827351]}",108.37657382245857,14.076106722827351,69.79175089599141
00000000000000000476,3813.5,2934.5,970.5,1194.0,1532.5,2508.0,-0.07836472,0.24143052,725,1,0.2438447155954411,2.6623929,"{""type"":""Point"",""coordinates"":[108.32914236455308,14.085537721555392]}",108.32914236455308,14.085537721555392,231.36873298723702
000000000000000004bc,2839.0,2057.0,493.0,713.0,986.0,1890.0,-0.042310614,0.31432545,725,1,0.0972609871787019,8.084867,"{""type"":""Point"",""coordinates"":[108.2237693475591,14.044304414114176]}",108.2237693475591,14.044304414114176,53.7424722849337
00000000000000000518,2769.0,1969.0,604.0,841.0,1059.0,2069.0,0.024764735,0.32289,725,1,0.3077073517599188,2.9395673,"{""type"":""Point"",""coordinates"":[108.34342486522725,14.04673016508725]}",108.34342486522725,14.04673016508725,145.8873956706433
00000000000000000545,2538.0,1573.5,486.0,745.5,753.0,2837.5,0.28655633,0.5805598,725,1,0.7182535890488623,3.0097382,"{""type"":""Point"",""coordinates"":[108.34612262136459,13.880994297132775]}",108.34612262136459,13.880994297132775,673.8374619796493
0000000000000000054a,2941.0,2260.0,704.0,937.0,1134.0,2317.0,0.012453572,0.3427992,725,1,0.7644764565182981,11.883978,"{""type"":""Point"",""coordinates"":[108.3447715137454,14.064789524353708]}",108.3447715137454,14.064789524353708,513.8871248572491
0000000000000000055a,3861.5,3025.0,926.0,1228.5,1635.5,2477.5,-0.099500224,0.20471676,725,1,0.7309255281905915,1.3319112,"{""type"":""Point"",""coordinates"":[108.32941436971733,14.084191073037251]}",108.32941436971733,14.084191073037251,96.33171303655084
000000000000000004be,3733.0,2959.0,856.0,1086.0,1396.5,2430.0,-0.09816293,0.27009016,726,1,0.7325500495368934,2.7802885,"{""type"":""Point"",""coordinates"":[108.32941436971734,14.084730624264719]}",108.32941436971734,14.084730624264719,143.92248727620165
00000000000000000330,3664.0,2396.0,848.5,1149.5,1306.0,3271.0,0.15440269,0.4293205,728,1,0.4890050882197515,10.438343,"{""type"":""Point"",""coordinates"":[108.31728561485195,13.996065858918]}",108.31728561485195,13.996065858918,369.08268214328905
00000000000000000345,4101.0,3106.0,977.0,1289.0,1570.0,2822.0,-0.04790823,0.28506374,728,1,0.4923368299615139,2.9396193,"{""type"":""Point"",""coordinates"":[108.330221467008,14.084998170327925]}",108.330221467008,14.084998170327925,111.33381261902534
000000000000000003f7,2724.0,1479.0,633.0,922.0,672.0,3587.0,0.4161074,0.684433,729,1,0.1131277883842344,15.183905,"{""type"":""Point"",""coordinates"":[108.37953912465912,14.067482821389985]}",108.37953912465912,14.067482821389985,92.54649821517766
000000000000000004c7,2588.5,1793.5,514.5,741.0,809.0,2503.0,0.16513442,0.5114734,729,1,0.3680045194092141,12.74775,"{""type"":""Point"",""coordinates"":[108.3463901674278,13.880722291968516]}",108.3463901674278,13.880722291968516,714.8398511482475
0000000000000000053a,2351.0,1300.0,579.0,789.0,730.0,2509.0,0.31740615,0.54924357,729,1,0.2239974312733239,7.2050896,"{""type"":""Point"",""coordinates"":[108.29787960706736,13.874524141504223]}",108.29787960706736,13.874524141504223,492.2820687595903
00000000000000000614,2236.5,1269.0,407.5,659.5,532.5,2832.0,0.38112655,0.68345964,729,1,0.1528790361167662,1.331808,"{""type"":""Point"",""coordinates"":[108.23832385339753,14.049695467287792]}",108.23832385339753,14.049695467287792,35.80786552388512
000000000000000003db,3101.0,2175.0,877.0,1073.0,978.0,2165.0,-0.0023041475,0.37766466,730,1,0.048499260072589,3.009247,"{""type"":""Point"",""coordinates"":[108.34962301569155,13.839221438464094]}",108.34962301569155,13.839221438464094,3090.430825842959
000000000000000005ce,2689.5,1848.0,732.0,891.5,1002.0,2110.5,0.066313,0.35614458,730,1,0.347510005446783,7.9035616,"{""type"":""Point"",""coordinates"":[108.34935546962835,13.839221438464094]}",108.34935546962835,13.839221438464094,3073.0299976029646
000000000000000005e4,3765.5,2818.5,935.5,1160.5,1402.5,2411.5,-0.07782027,0.26455164,731,1,0.7809811591937371,3.3726947,"{""type"":""Point"",""coordinates"":[108.31027590799596,14.137013584116367]}",108.31027590799596,14.137013584116367,1274.4042982297863
00000000000000000619,2251.5,1476.0,429.0,610.0,654.5,2682.0,0.2900433,0.6076727,731,1,0.4235675847512488,5.514188,"{""type"":""Point"",""coordinates"":[108.23778430217008,14.049967472452053]}",108.23778430217008,14.049967472452053,22.983898705402176
00000000000000000557,2312.0,1553.5,447.0,625.5,706.0,2587.5,0.24969815,0.5712768,732,1,0.0485671078815769,8.734211,"{""type"":""Point"",""coordinates"":[108.23778430217008,14.049695467287792]}",108.23778430217008,14.049695467287792,51.986005042551405
000000000000000005e9,3412.0,2713.0,850.5,991.0,1183.0,2460.0,-0.04890779,0.35053527,733,1,0.0565176855842893,13.616669,"{""type"":""Point"",""coordinates"":[108.29599340732176,13.853503939138282]}",108.29599340732176,13.853503939138282,905.2167260243558
0000000000000000039d,2381.5,1381.0,497.5,760.5,679.0,2937.0,0.360352,0.6244469,734,1,0.0114766486553705,13.575738,"{""type"":""Point"",""coordinates"":[108.33911291450859,13.872637941758615]}",108.33911291450859,13.872637941758615,1271.9902408621103
000000000000000003b2,2388.0,1344.0,579.0,793.0,658.0,2862.0,0.36091298,0.62613636,734,1,0.2103767053443294,9.645652,"{""type"":""Point"",""coordinates"":[108.40702502355255,14.015739412765802]}",108.40702502355255,14.015739412765802,1032.072521928813
000000000000000003df,2883.5,1844.0,568.0,873.0,881.5,3255.5,0.27679184,0.5738458,736,1,0.446151442114495,3.8253036,"{""type"":""Point"",""coordinates"":[108.33830581721791,13.872905487821825]}",108.33830581721791,13.872905487821825,1248.54140624118
00000000000000000544,2522.0,1442.0,468.0,709.0,695.0,2842.0,0.3267974,0.6070116,736,1,0.7481244464363525,15.921737,"{""type"":""Point"",""coordinates"":[108.3482763671734,13.843261384018515]}",108.3482763671734,13.843261384018515,3381.2752003731157
000000000000000003c8,2580.5,1342.0,549.5,786.0,630.5,2779.5,0.34878078,0.6302053,737,1,0.3485464208548063,13.750839,"{""type"":""Point"",""coordinates"":[108.40702502355255,14.015471866702597]}",108.40702502355255,14.015471866702597,1049.0545382494504
00000000000000000533,3293.0,2265.0,1051.0,1462.0,1847.0,3325.0,0.18962432,0.28576952,737,1,0.4538269287257372,5.4363093,"{""type"":""Point"",""coordinates"":[108.40891122329816,14.032180118349858]}",108.40891122329816,14.032180118349858,29.057206970734217
00000000000000000342,2870.5,1873.0,651.5,809.5,927.0,2663.5,0.17425328,0.48363736,738,1,0.3999489319747887,10.577764,"{""type"":""Point"",""coordinates"":[108.30138446049538,14.07664627405482]}",108.30138446049538,14.07664627405482,112.8060319016232
000000000000000003b3,1529.0,703.0,334.0,566.0,315.0,2742.0,0.5918723,0.7939156,738,1,0.7761986235748392,10.479425,"{""type"":""Point"",""coordinates"":[108.40864367723495,14.032447664413064]}",108.40864367723495,14.032447664413064,64.48008974561974
00000000000000000417,2403.0,1186.0,509.0,745.0,567.0,2816.0,0.40729636,0.66479456,738,1,0.2776536063702607,4.678752,"{""type"":""Point"",""coordinates"":[108.40729702871683,14.015739412765802]}",108.40729702871683,14.015739412765802,1056.5115801689115
0000000000000000047c,2674.0,1607.0,599.0,829.0,827.0,2836.0,0.2766149,0.54845756,738,1,0.1157703929581988,11.8783865,"{""type"":""Point"",""coordinates"":[108.29464675880361,13.913064151909158]}",108.29464675880361,13.913064151909158,360.0903876598846
00000000000000000402,1729.0,904.0,598.0,744.0,669.0,2708.0,0.4994463,0.60379034,739,1,0.7415795212116328,5.514302,"{""type"":""Point"",""coordinates"":[108.32914236455308,14.056433168979547]}",108.32914236455308,14.056433168979547,1.5972590452905224
0000000000000000051d,2845.0,1614.5,480.5,692.5,665.0,2743.5,0.25906378,0.609799,739,1,0.6529143942161937,17.521242,"{""type"":""Point"",""coordinates"":[108.38061822711406,14.072334323336138]}",108.38061822711406,14.072334323336138,642.2389743424615
0000000000000000035d,2569.0,1764.0,546.0,703.0,749.5,2128.5,0.09364162,0.4791522,740,1,0.0553107907242794,9.289125,"{""type"":""Point"",""coordinates"":[108.30866171341461,14.074220523081744]}",108.30866171341461,14.074220523081744,185.1147365384006
000000000000000004f0,2526.0,1360.0,380.0,616.0,460.0,2972.0,0.3721145,0.7319347,740,1,0.6719078653419209,13.714693,"{""type"":""Point"",""coordinates"":[108.38088577317727,14.072062318171877]}",108.38088577317727,14.072062318171877,683.4388806484079
0000000000000000051a,2955.0,2144.0,722.0,921.0,1167.0,2548.0,0.086104006,0.3717362,740,1,0.5527386588399407,11.352785,"{""type"":""Point"",""coordinates"":[108.29464675880362,13.912792146744897]}",108.29464675880362,13.912792146744897,357.6035660517131
000000000000000005d4,1776.0,864.0,346.0,582.0,387.0,2666.0,0.5104816,0.74647886,740,1,0.3218303064625898,6.736914,"{""type"":""Point"",""coordinates"":[108.40891122329818,14.032447664413064]}",108.40891122329818,14.032447664413064,58.67519587853636
0000000000000000048f,3390.5,2109.0,691.5,980.5,1141.5,2565.5,0.0976575,0.3841381,741,1,0.1543991779740228,3.990181,"{""type"":""Point"",""coordinates"":[108.35096966420969,14.105211275403194]}",108.35096966420969,14.105211275403194,793.705987618731
0000000000000000040e,2181.5,1253.5,394.5,592.5,585.5,2404.5,0.31465283,0.6083612,743,1,0.0713503479200442,2.866186,"{""type"":""Point"",""coordinates"":[108.30838970825033,14.073948517917483]}",108.30838970825033,14.073948517917483,224.17377579208002
00000000000000000523,2309.0,1230.0,437.0,607.0,538.0,2947.0,0.41106057,0.6912482,743,1,0.1182902945753433,4.8580365,"{""type"":""Point"",""coordinates"":[108.3345334177267,14.05508652046141]}",108.3345334177267,14.05508652046141,146.8747316738618
00000000000000000541,1771.5,837.5,286.5,540.0,340.5,3261.0,0.5913139,0.81091213,744,1,0.0637621505384803,11.883978,"{""type"":""Point"",""coordinates"":[108.22862084950525,14.068289918680664]}",108.22862084950525,14.068289918680664,115.22811744251138
00000000000000000364,2913.0,1967.0,647.0,820.0,1016.0,2840.0,0.18161015,0.47302905,745,1,0.6847805084531533,17.773909,"{""type"":""Point"",""coordinates"":[108.29491876396789,13.91225259551743]}",108.29491876396789,13.91225259551743,374.5027215615148
00000000000000000456,2630.0,1719.5,560.5,763.5,935.5,2733.5,0.22771165,0.49005178,745,1,0.4342959182958694,14.068803,"{""type"":""Point"",""coordinates"":[108.34854837233766,13.843261384018513]}",108.34854837233766,13.843261384018513,3396.3499917227296
00000000000000000503,1815.0,887.0,309.5,549.0,372.0,3257.5,0.57196283,0.79501307,745,1,0.1448072338816771,15.080503,"{""type"":""Point"",""coordinates"":[108.22889285466951,14.068289918680664]}",108.22889285466951,14.068289918680664,91.59139305905661
00000000000000000462,3149.0,1971.0,687.0,927.0,1015.0,2936.0,0.19665784,0.48620602,746,1,0.0948251278966441,14.195254,"{""type"":""Point"",""coordinates"":[108.31809271214263,13.993912113109182]}",108.31809271214263,13.993912113109182,854.511627281953
000000000000000005e0,2033.0,1194.0,487.5,608.0,565.5,2624.0,0.37454164,0.645399,746,1,0.3447200006637123,3.82549,"{""type"":""Point"",""coordinates"":[108.33480096378989,14.054007418006474]}",108.33480096378989,14.054007418006474,132.52251657923594
000000000000000005b6,2444.5,1641.0,561.5,751.5,816.5,2617.0,0.22921559,0.524392,747,1,0.1238830044678606,9.851157,"{""type"":""Point"",""coordinates"":[108.34881591840087,13.843800935245984]}",108.34881591840087,13.843800935245984,3462.499717547243
0000000000000000031e,2735.0,1848.5,649.5,887.0,998.0,2189.0,0.084334366,0.3737057,749,1,0.6605497398684934,8.433419,"{""type"":""Point"",""coordinates"":[108.34881591840087,13.843533389182776]}",108.34881591840087,13.843533389182776,3437.106671426358
0000000000000000043f,2341.5,1453.0,485.0,752.0,659.5,2854.5,0.32536274,0.6246443,749,1,0.0759286333943162,4.1663465,"{""type"":""Point"",""coordinates"":[108.4199608757086,14.035145420550402]}",108.4199608757086,14.035145420550402,436.500605053077
0000000000000000053c,2644.0,2329.0,810.0,954.0,1136.0,1884.0,-0.10562544,0.24768212,749,1,0.1306824138083664,3.4118457,"{""type"":""Point"",""coordinates"":[108.2337398975146,14.054007418006474]}",108.2337398975146,14.054007418006474,48.80125262296695
000000000000000003c0,2884.0,2216.0,657.0,827.0,1029.0,2578.0,0.07551105,0.42944276,750,1,0.762014775833193,15.018247,"{""type"":""Point"",""coordinates"":[108.29626541248602,13.854311036428955]}",108.29626541248602,13.854311036428955,998.0220473084411
000000000000000003e4,1962.0,1502.0,557.0,733.0,1077.0,2120.0,0.17062396,0.32624334,750,1,0.4758905355895472,21.873775,"{""type"":""Point"",""coordinates"":[108.3579793710657,14.043497316823501]}",108.3579793710657,14.043497316823501,187.41824157043942
000000000000000004d5,2911.5,1876.5,445.5,692.5,730.5,2573.5,0.15662922,0.5578087,750,1,0.4616269458313028,14.491605,"{""type"":""Point"",""coordinates"":[108.2954538560943,13.855390138883886]}",108.2954538560943,13.855390138883886,1064.3252516336345
000000000000000005a4,2260.0,992.0,411.0,586.0,366.0,3316.0,0.5394615,0.801195,750,1,0.243877052837281,11.217234,"{""type"":""Point"",""coordinates"":[108.38142532440472,14.072062318171877]}",108.38142532440472,14.072062318171877,573.9942858876591
000000000000000003e1,3320.0,2469.0,636.0,895.0,1244.0,2352.0,-0.024268825,0.30812013,751,1,0.6832250720722886,15.358293,"{""type"":""Point"",""coordinates"":[108.2827900091025,13.952946351731176]}",108.2827900091025,13.952946351731176,263.72239628005826
00000000000000000429,2796.0,1694.0,547.0,793.0,774.0,3581.0,0.3577251,0.6445465,751,1,0.1338083573462619,14.202209,"{""type"":""Point"",""coordinates"":[108.34099911425419,14.130815433652081]}",108.34099911425419,14.130815433652081,409.73490840921215
000000000000000005cb,2608.0,1613.0,608.0,804.0,845.0,2938.0,0.29114482,0.5532646,751,1,0.1777066634872678,7.2963376,"{""type"":""Point"",""coordinates"":[108.41349517918111,14.029754367376785]}",108.41349517918111,14.029754367376785,294.20123136162226
0000000000000000033e,2011.5,1050.0,326.0,560.0,448.0,2728.5,0.4442239,0.7179285,752,1,0.1078850420112456,8.2891,"{""type"":""Point"",""coordinates"":[108.2272742009871,14.068829469908131]}",108.2272742009871,14.068829469908131,149.78801931495232
0000000000000000050d,2056.0,1079.0,327.5,587.0,460.5,3169.5,0.492056,0.74628097,752,1,0.5199767010087424,8.2891,"{""type"":""Point"",""coordinates"":[108.22808129827779,14.068561923844925]}",108.22808129827779,14.068561923844925,144.18718075410374
0000000000000000032f,3246.0,2058.5,644.5,825.5,1032.0,2572.5,0.11099115,0.42738244,753,1,0.7074529772203759,19.458612,"{""type"":""Point"",""coordinates"":[108.31108746438767,14.143751285808126]}",108.31108746438767,14.143751285808126,552.4952701447683
0000000000000000035b,2321.0,1264.0,459.0,707.0,743.0,2629.0,0.35062933,0.559312,753,1,0.4858181470857051,5.514506,"{""type"":""Point"",""coordinates"":[108.22996749802338,14.067750367453197]}",108.22996749802338,14.067750367453197,32.06814564704008
000000000000000003c9,2941.0,1984.0,672.0,827.0,952.0,2463.0,0.107713066,0.44245973,753,1,0.4424283518401655,17.608248,"{""type"":""Point"",""coordinates"":[108.33480096378989,13.885573793914663]}",108.33480096378989,13.885573793914663,804.8431282152679
000000000000000003be,2998.5,1691.5,602.5,874.0,816.0,3320.0,0.3249526,0.6054159,754,1,0.6116613979572487,12.276819,"{""type"":""Point"",""coordinates"":[108.34099911425417,14.131890077005961]}",108.34099911425417,14.131890077005961,295.2853554869046
000000000000000003f9,2956.0,1816.0,571.0,788.0,817.0,3157.0,0.26965615,0.5888274,754,1,0.354887089113283,15.593415,"{""type"":""Point"",""coordinates"":[108.34099911425417,14.131082979715282]}",108.34099911425417,14.131082979715282,380.97814489910934
0000000000000000057c,2310.0,1780.0,771.5,1070.0,1379.5,2593.0,0.18591356,0.30547515,754,1,0.1462497880155152,2.6622896,"{""type"":""Point"",""coordinates"":[108.22996749802338,14.068289918680664]}",108.22996749802338,14.068289918680664,2.4281841180989057
00000000000000000433,3069.0,2233.0,577.0,768.0,914.0,2143.0,-0.020566728,0.40202814,755,1,0.7498466486288706,9.371865,"{""type"":""Point"",""coordinates"":[108.2830575551657,13.952946351731176]}",108.2830575551657,13.952946351731176,284.900557305292
00000000000000000472,2090.0,1560.0,556.0,776.0,1141.0,2307.0,0.193173,0.33816704,755,1,0.2279364805471427,20.545847,"{""type"":""Point"",""coordinates"":[108.35824691712891,14.043497316823505]}",108.35824691712891,14.043497316823505,197.98963361713734
000000000000000004e9,2665.0,1658.0,573.0,740.0,816.0,2547.0,0.21141498,0.514719,755,1,0.7030960161662763,18.9651,"{""type"":""Point"",""coordinates"":[108.33507296895415,13.885306247851455]}",108.33507296895415,13.885306247851455,799.4761067712693
00000000000000000360,2863.0,1703.0,649.0,908.0,932.0,2784.0,0.2409182,0.49838537,756,1,0.7163474236836103,15.187831,"{""type"":""Point"",""coordinates"":[108.34099911425417,14.131354984879549]}",108.34099911425417,14.131354984879549,351.8919156359906
0000000000000000036d,2481.0,1656.0,468.0,772.0,712.0,2719.0,0.24297144,0.58496064,756,1,0.7797292236564721,17.78923,"{""type"":""Point"",""coordinates"":[108.3984011221152,13.982050904307016]}",108.3984011221152,13.982050904307016,235.04317564902152
0000000000000000037a,2750.0,1661.0,595.5,854.5,866.5,3184.5,0.31441543,0.5722044,757,1,0.1403515785832495,7.823452,"{""type"":""Point"",""coordinates"":[108.35232077182887,14.11060232857681]}",108.35232077182887,14.11060232857681,19.516279565255758
0000000000000000040c,2415.0,1770.0,634.0,864.0,1263.0,2265.0,0.12267658,0.2840136,757,1,0.681267978513503,8.757591,"{""type"":""Point"",""coordinates"":[108.35878646835637,14.043497316823501]}",108.35878646835637,14.043497316823501,224.51782397233112
00000000000000000440,2429.0,1783.0,624.0,870.0,1262.0,2253.0,0.116451934,0.28193456,757,1,0.3905008080717725,13.771665,"{""type"":""Point"",""coordinates"":[108.35851892229319,14.043497316823501]}",108.35851892229319,14.043497316823501,209.76000187984974
00000000000000000596,2660.0,1668.5,755.0,1082.0,1425.5,2655.0,0.22817162,0.3013111,758,1,0.6344566360135413,3.8255064,"{""type"":""Point"",""coordinates"":[108.22646710369642,14.069636567198804]}",108.22646710369642,14.069636567198804,48.48258168122992
000000000000000005e8,3447.5,2152.0,662.0,794.5,1130.0,2319.5,0.037459467,0.3448326,758,1,0.2537349658055864,20.357338,"{""type"":""Point"",""coordinates"":[108.31108746438767,14.143211734580659]}",108.31108746438767,14.143211734580659,571.3905899196628
0000000000000000036b,3101.0,1960.0,745.0,905.0,1023.0,2844.0,0.18401332,0.4709077,759,1,0.4237314549289768,8.010743,"{""type"":""Point"",""coordinates"":[108.35150921543716,14.1151818253587]}",108.35150921543716,14.1151818253587,21.717377642193615
000000000000000003ec,3222.0,2053.5,497.0,698.0,1126.0,2749.0,0.1448204,0.4188387,759,1,0.4360624192404725,8.08416,"{""type"":""Point"",""coordinates"":[108.34773681594595,13.87829654099544]}",108.34773681594595,13.87829654099544,1019.8384444052308
00000000000000000552,2036.0,1132.5,323.5,525.5,489.5,2832.5,0.4287516,0.705298,759,1,0.2835110440946843,5.5145407,"{""type"":""Point"",""coordinates"":[108.22808129827779,14.069636567198806]}",108.22808129827779,14.069636567198806,73.52877579671289
000000000000000005a8,3354.0,2299.0,748.0,962.0,1135.0,2464.0,0.034642033,0.36926925,759,1,0.6705168785263121,3.412664,"{""type"":""Point"",""coordinates"":[108.29599340732176,14.131622530942753]}",108.29599340732176,14.131622530942753,632.7874292511653
000000000000000003a7,2653.5,1812.0,611.0,911.0,1369.0,2610.5,0.18055399,0.31197387,760,1,0.4556320810323897,4.6273675,"{""type"":""Point"",""coordinates"":[108.22781375221457,14.069636567198806]}",108.22781375221457,14.069636567198806,78.77789713311155
00000000000000000578,2839.0,2369.0,599.0,780.0,828.0,2244.0,-0.027097333,0.4609375,760,1,0.276791689981986,10.322287,"{""type"":""Point"",""coordinates"":[108.30974081586953,14.15695468402738]}",108.30974081586953,14.15695468402738,235.2955753607577
000000000000000005eb,2544.0,1528.0,420.0,677.0,707.0,2828.5,0.29851946,0.6000566,760,1,0.3181869283937975,3.8255067,"{""type"":""Point"",""coordinates"":[108.2272742009871,14.069908572363062]}",108.2272742009871,14.069908572363062,44.36126457376241
000000000000000005a9,2151.0,1445.0,573.5,797.0,1025.5,2352.0,0.2388728,0.39274612,761,1,0.6350121991816193,18.992527,"{""type"":""Point"",""coordinates"":[108.3579793710657,14.043229770760297]}",108.3579793710657,14.043229770760297,214.5747710495007
00000000000000000532,2254.5,1175.0,491.0,613.0,608.5,3034.0,0.4416726,0.6658888,762,1,0.029537232501192,2.7802885,"{""type"":""Point"",""coordinates"":[108.28979525685746,14.092275423247147]}",108.28979525685746,14.092275423247147,320.8097583554838
00000000000000000620,2638.5,1494.0,549.5,746.0,747.5,2804.0,0.30479294,0.5790511,762,1,0.6653896835494051,8.7364,"{""type"":""Point"",""coordinates"":[108.3525883178921,14.11060232857681]}",108.3525883178921,14.11060232857681,32.45790680585043
000000000000000003ad,2673.0,1872.0,405.0,635.0,901.0,2514.0,0.14637482,0.47232798,763,1,0.0314062408546443,16.469915,"{""type"":""Point"",""coordinates"":[108.3480088211102,13.871558839303683]}",108.3480088211102,13.871558839303683,1637.7476317323797
000000000000000003b7,2426.0,1321.0,541.0,829.5,760.5,3177.5,0.4126931,0.61376333,763,1,0.7248585717420314,24.699734,"{""type"":""Point"",""coordinates"":[108.34612262136459,13.903628694080068]}",108.34612262136459,13.903628694080068,86.67289664982582
00000000000000000374,3119.0,2093.0,574.0,863.0,1019.0,2673.0,0.12169534,0.44799566,764,1,0.0152335681286848,7.4920907,"{""type"":""Point"",""coordinates"":[108.40244552677068,14.049695467287792]}",108.40244552677068,14.049695467287792,73.95841018888663
00000000000000000396,3052.0,1992.0,692.0,871.0,855.0,2562.0,0.12516469,0.499561,764,1,0.5880485818844394,20.789606,"{""type"":""Point"",""coordinates"":[108.31836471730689,13.993372561881719]}",108.31836471730689,13.993372561881719,920.6233089642658
000000000000000003f5,2935.0,1812.0,605.0,878.0,1068.0,2917.0,0.23366462,0.46398997,764,1,0.3117551655204519,13.57664,"{""type"":""Point"",""coordinates"":[108.3345334177267,14.006036408873504]}",108.3345334177267,14.006036408873504,713.2289102965882
00000000000000000475,2732.0,1533.5,554.0,776.5,760.0,3196.5,0.35158563,0.6158221,764,1,0.3425786379627983,14.743214,"{""type"":""Point"",""coordinates"":[108.34127111941844,14.132162082170218]}",108.34127111941844,14.132162082170218,278.8381167010763
0000000000000000055e,2120.0,1396.0,558.0,798.0,1081.0,2321.0,0.2488566,0.36449146,764,1,0.5020936204614097,15.810575,"{""type"":""Point"",""coordinates"":[108.35824691712892,14.043229770760297]}",108.35824691712892,14.043229770760297,226.107390222932
0000000000000000034f,2073.0,1264.0,487.0,634.0,622.0,2518.0,0.3315706,0.60382164,765,1,0.2850013670115572,6.349844,"{""type"":""Point"",""coordinates"":[108.22458090395081,14.05939847118009]}",108.22458090395081,14.05939847118009,28.241768276516712
00000000000000000480,1892.0,953.0,426.0,591.0,539.0,2727.0,0.48206523,0.66993266,765,1,0.3635177471261129,6.235958,"{""type"":""Point"",""coordinates"":[108.22511599607724,14.059666017243297]}",108.22511599607724,14.059666017243297,76.66722774914805
00000000000000000485,2845.0,1738.0,621.0,860.5,1022.0,3082.5,0.27891296,0.50201,765,1,0.7750831359592419,18.796137,"{""type"":""Point"",""coordinates"":[108.3482763671734,14.063710421898772]}",108.3482763671734,14.063710421898772,548.7993215247056
000000000000000004ac,3049.0,2187.0,724.0,894.0,1176.0,2256.0,0.015530047,0.3146853,765,1,0.3995631861655434,11.884315,"{""type"":""Point"",""coordinates"":[108.35932601958386,14.043497316823505]}",108.35932601958386,14.043497316823505,260.1375497336461
0000000000000000047f,2634.0,2021.0,562.0,717.0,847.0,2157.0,0.03255146,0.43608522,766,1,0.340227390776059,14.635792,"{""type"":""Point"",""coordinates"":[108.30974081586953,14.15614758673671]}",108.30974081586953,14.15614758673671,146.83442062868968
00000000000000000515,3071.0,1890.5,669.5,942.0,1201.5,2707.5,0.17768595,0.38526478,766,1,0.096643629929089,9.243032,"{""type"":""Point"",""coordinates"":[108.40082687308828,14.049967472452053]}",108.40082687308828,14.049967472452053,10.750818326514523
00000000000000000580,2517.5,1300.0,538.5,842.0,722.0,3311.5,0.43619213,0.6419983,766,1,0.0181426739744875,14.1719055,"{""type"":""Point"",""coordinates"":[108.3447715137454,13.891504398315744]}",108.3447715137454,13.891504398315744,124.09278491666005
0000000000000000041e,2318.0,1160.0,403.0,656.0,672.0,2736.0,0.40451744,0.6056338,767,1,0.6305038201332668,8.08567,"{""type"":""Point"",""coordinates"":[108.22404135272336,14.070448123590529]}",108.22404135272336,14.070448123590529,79.19198911061376
0000000000000000055c,1812.0,931.0,436.0,585.0,512.0,2662.0,0.4817701,0.6773787,767,1,0.6022529028535484,7.296739,"{""type"":""Point"",""coordinates"":[108.22458090395081,14.059666017243297]}",108.22458090395081,14.059666017243297,56.2722049547541
0000000000000000033f,2725.0,1651.5,618.5,876.5,1050.5,2611.5,0.22519353,0.4262698,768,1,0.7912683086604213,5.628321,"{""type"":""Point"",""coordinates"":[108.22458090395081,14.071527226045465]}",108.22458090395081,14.071527226045465,169.46723981111612
00000000000000000340,3228.0,2267.0,875.0,1137.0,1182.0,3045.0,0.14646085,0.4407381,768,1,0.5738522394225875,29.755674,"{""type"":""Point"",""coordinates"":[108.3463901674278,14.02517041149384]}",108.3463901674278,14.02517041149384,566.9784505602308
0000000000000000036c,2273.0,1549.0,458.0,740.0,1045.0,2699.0,0.27071562,0.4417735,768,1,0.7814657621644041,5.00352,"{""type"":""Point"",""coordinates"":[108.23077905441512,14.068829469908131]}",108.23077905441512,14.068829469908131,61.029290628697645
000000000000000003a2,2886.5,1788.5,523.0,768.5,845.0,2622.5,0.18907277,0.5126172,768,1,0.5503168606956509,10.139832,"{""type"":""Point"",""coordinates"":[108.34854837233766,13.874524141504224]}",108.34854837233766,13.874524141504224,1399.507342177605
000000000000000005c2,1898.0,914.0,321.0,491.0,420.0,2850.0,0.5143464,0.74311924,768,1,0.185467825430131,5.628321,"{""type"":""Point"",""coordinates"":[108.22458090395081,14.071255220881206]}",108.22458090395081,14.071255220881206,151.0073497910752
000000000000000004f8,2461.0,1978.5,572.0,659.5,723.5,1959.5,-0.004824784,0.46067834,769,1,0.6995384201975763,7.4392424,"{""type"":""Point"",""coordinates"":[108.30946881070527,14.157494235254848]}",108.30946881070527,14.157494235254848,283.4057186145009
00000000000000000421,3081.0,1927.0,877.0,1083.0,1180.0,2740.0,0.17420185,0.39795917,770,1,0.2256664935169355,23.189014,"{""type"":""Point"",""coordinates"":[108.28413665762064,14.073680971854278]}",108.28413665762064,14.073680971854278,225.4180244231104
0000000000000000046f,2604.5,1546.0,472.0,716.5,699.5,2978.5,0.31660956,0.6196302,770,1,0.4872478781245315,16.15698,"{""type"":""Point"",""coordinates"":[108.3043497626959,14.151024079626296]}",108.3043497626959,14.151024079626296,207.03270725956878
000000000000000004ef,4593.0,2656.0,1097.0,1545.0,2281.0,3504.0,0.13766234,0.21140881,770,1,0.1947743784692612,10.507575,"{""type"":""Point"",""coordinates"":[108.22430889878657,14.06910147507239]}",108.22430889878657,14.06910147507239,17.42063016172134
00000000000000000542,2244.5,1159.5,386.0,641.5,567.5,2937.5,0.43397608,0.6761769,770,1,0.0791936634836467,6.7215652,"{""type"":""Point"",""coordinates"":[108.22430889878657,14.07179477210867]}",108.22430889878657,14.07179477210867,172.79305265884082
00000000000000000568,2371.5,1312.5,434.0,668.5,717.5,2469.0,0.30583102,0.54966265,770,1,0.1648326960794295,6.7215652,"{""type"":""Point"",""coordinates"":[108.22458090395081,14.07179477210867]}",108.22458090395081,14.07179477210867,149.8750672197035
000000000000000005b3,2638.0,1431.0,530.0,763.0,727.0,3023.0,0.35743153,0.61226666,770,1,0.1279559980860128,15.058432,"{""type"":""Point"",""coordinates"":[108.34153866548166,14.131890077005957]}",108.34153866548166,14.131890077005957,318.97624644972746
000000000000000003e6,2903.5,1857.0,598.0,854.5,1128.0,2806.5,0.20360245,0.42661074,771,1,0.3327876924870441,16.815609,"{""type"":""Point"",""coordinates"":[108.35232077182887,14.02463086026637]}",108.35232077182887,14.02463086026637,841.3933837664899
0000000000000000044a,1830.0,930.0,438.0,595.5,551.0,2717.0,0.48999178,0.6627907,771,1,0.5035540871133295,7.9412274,"{""type"":""Point"",""coordinates"":[108.22458090395081,14.059938022407556]}",108.22458090395081,14.059938022407556,83.78058888574617
0000000000000000059d,3528.0,2262.0,617.0,821.0,1139.0,2629.0,0.07503578,0.39543524,771,1,0.5145917694256484,4.679323,"{""type"":""Point"",""coordinates"":[108.35905847352063,14.090928774729004]}",108.35905847352063,14.090928774729004,207.0506411404774
000000000000000005b0,2721.5,1874.0,589.0,738.5,820.5,2405.5,0.12419675,0.49132052,771,1,0.4569267664265598,19.17461,"{""type"":""Point"",""coordinates"":[108.30758261095967,14.159919986227923]}",108.30758261095967,14.159919986227923,2377.61358914601
0000000000000000042c,2977.0,1843.0,677.0,908.0,988.0,3184.0,0.26675949,0.52636623,772,1,0.6427356831098638,11.645595,"{""type"":""Point"",""coordinates"":[108.35312786911955,14.11060232857681]}",108.35312786911955,14.11060232857681,85.98902315392776
000000000000000005b5,2845.0,2161.0,670.0,920.0,1158.0,2393.0,0.050944224,0.34778935,772,1,0.4385346681256863,14.947633,"{""type"":""Point"",""coordinates"":[108.34504351890966,13.891504398315744]}",108.34504351890966,13.891504398315744,153.5281149735041
000000000000000004d2,2884.0,1845.0,524.0,805.0,847.5,3016.0,0.24089694,0.56127864,773,1,0.4778796380582099,18.21163,"{""type"":""Point"",""coordinates"":[108.35474652280195,14.085537721555392]}",108.35474652280195,14.085537721555392,1307.1834390033105
0000000000000000054d,2662.0,1855.0,531.0,704.0,683.0,2765.0,0.1969697,0.6038283,773,1,0.3392034473104844,15.844743,"{""type"":""Point"",""coordinates"":[108.30758261095967,14.15964798106366]}",108.30758261095967,14.15964798106366,2361.987191796605
0000000000000000057e,2680.0,2228.0,602.0,697.0,779.0,1609.0,-0.16132395,0.3475712,773,1,0.2598930682861382,6.236517,"{""type"":""Point"",""coordinates"":[108.30946881070527,14.157761781318055]}",108.30946881070527,14.157761781318055,2080.4718165389945
00000000000000000482,1635.0,906.0,462.0,594.0,492.0,2590.0,0.48169336,0.6807268,774,1,0.7326750932808064,18.90387,"{""type"":""Point"",""coordinates"":[108.41295562795364,14.027596162466912]}",108.41295562795364,14.027596162466912,522.9640074669957
00000000000000000526,3302.0,1999.0,1088.0,1529.5,1781.0,3002.0,0.20055988,0.25527912,774,1,0.7874324378889873,8.342545,"{""type"":""Point"",""coordinates"":[108.22458090395081,14.072062318171877]}",108.22458090395081,14.072062318171877,131.43697291565283
00000000000000000560,2346.5,1627.5,439.5,704.5,830.0,2572.5,0.225,0.51212347,774,1,0.1457299547620226,5.863804,"{""type"":""Point"",""coordinates"":[108.22916040073272,14.07017611842627]}",108.22916040073272,14.07017611842627,18.803716077670767
0000000000000000056e,3127.0,2098.5,658.5,808.0,1036.0,2651.0,0.11632803,0.4380255,774,1,0.6186223221252077,19.988688,"{""type"":""Point"",""coordinates"":[108.31135501045088,14.1429397294164]}",108.31135501045088,14.1429397294164,609.5329010646947
0000000000000000042e,2554.0,1452.5,411.5,682.5,686.0,2824.0,0.3207062,0.6091168,775,1,0.6636041700627587,11.883978,"{""type"":""Point"",""coordinates"":[108.22646710369644,14.070715669653737]}",108.22646710369644,14.070715669653737,65.30128757699629
000000000000000004f5,3010.0,1827.0,678.0,842.0,812.0,2821.0,0.21385542,0.5529865,775,1,0.246297208125618,23.574125,"{""type"":""Point"",""coordinates"":[108.292760559058,13.933005251820168]}",108.292760559058,13.933005251820168,2588.9250812347555
00000000000000000507,3142.0,2168.0,666.0,826.0,951.0,2578.0,0.086388536,0.46103713,775,1,0.0926933386536593,15.826658,"{""type"":""Point"",""coordinates"":[108.34800882111021,13.883955140232263]}",108.34800882111021,13.883955140232263,614.3781147312708
0000000000000000050b,2042.0,854.0,529.0,959.0,496.0,3853.0,0.63713616,0.7719016,775,1,0.27713799992691,23.36601,"{""type"":""Point"",""coordinates"":[108.3463901674278,13.903900699244325]}",108.3463901674278,13.903900699244325,104.54422577554624
00000000000000000632,2035.0,1593.0,472.5,707.5,1129.5,1965.5,0.10467894,0.27011308,775,1,0.5051413482502256,3.3723805,"{""type"":""Point"",""coordinates"":[108.22969995196017,14.070448123590529]}",108.22969995196017,14.070448123590529,11.484389479391927
000000000000000003ae,2223.0,1533.5,440.5,672.0,938.0,2447.0,0.22949378,0.44579026,776,1,0.615994960263782,5.4365597,"{""type"":""Point"",""coordinates"":[108.22889285466951,14.070448123590529]}",108.22889285466951,14.070448123590529,52.06990482684154
00000000000000000419,2156.0,1912.5,536.0,790.0,1304.0,1869.0,-0.011503371,0.17806493,776,1,0.1437709807812208,7.0619287,"{""type"":""Point"",""coordinates"":[108.22969995196019,14.071255220881206]}",108.22969995196019,14.071255220881206,31.97284954750349
00000000000000000467,2575.5,1916.5,559.0,796.5,1292.0,2214.0,0.07202518,0.26297775,776,1,0.7415542631193777,8.2891,"{""type"":""Point"",""coordinates"":[108.22942794679591,14.071255220881206]}",108.22942794679591,14.071255220881206,22.28739400641843
000000000000000004fd,2954.5,1889.0,618.0,850.5,1108.0,2785.0,0.19169876,0.43077317,776,1,0.7165511014881037,22.595486,"{""type"":""Point"",""coordinates"":[108.3525883178921,14.024902865430633]}",108.3525883178921,14.024902865430633,800.5459133455327
000000000000000004e6,1591.0,810.0,356.0,534.0,439.0,3171.0,0.59306705,0.7567867,777,1,0.3635223712619738,1.3318412,"{""type"":""Point"",""coordinates"":[108.2237693475591,14.06074511969823]}",108.2237693475591,14.06074511969823,125.74939428564441
0000000000000000056a,3213.0,2133.0,590.0,852.0,965.0,2958.0,0.16205068,0.5080296,777,1,0.7159048567247861,9.288182,"{""type"":""Point"",""coordinates"":[108.4035246292256,14.046190613859784]}",108.4035246292256,14.046190613859784,83.1126621468545
00000000000000000591,2907.0,1562.0,561.0,834.0,989.0,3255.0,0.35146356,0.53393024,777,1,0.304321274825608,12.188576,"{""type"":""Point"",""coordinates"":[108.2237693475591,14.069636567198806]}",108.2237693475591,14.069636567198806,51.23123691305151
000000000000000005a3,3127.0,1898.0,617.0,782.0,950.0,2691.0,0.17280453,0.47816533,777,1,0.6744179463424035,16.669128,"{""type"":""Point"",""coordinates"":[108.31189456167834,14.143479280643867]}",108.31189456167834,14.143479280643867,644.6433532509285
00000000000000000380,3214.5,1813.0,967.5,1330.5,1709.0,2945.5,0.23799516,0.2656569,778,1,0.2846609753122409,9.859948,"{""type"":""Point"",""coordinates"":[108.2237693475591,14.071255220881206]}",108.2237693475591,14.071255220881206,172.440802455213
000000000000000003dd,1960.0,1064.0,473.5,734.0,640.5,2958.0,0.47090998,0.64401835,778,1,0.5210845415044337,6.7369385,"{""type"":""Point"",""coordinates"":[108.40972277968989,14.042957765596036]}",108.40972277968989,14.042957765596036,449.8465803402424
0000000000000000043b,2714.5,1585.5,494.0,678.0,679.0,2878.5,0.28965053,0.61827123,778,1,0.2502196291746803,2.9397197,"{""type"":""Point"",""coordinates"":[108.31027590799596,14.158573337709779]}",108.31027590799596,14.158573337709779,2051.6386859436957
00000000000000000372,2047.0,1263.0,510.0,736.0,737.0,2854.0,0.38644645,0.5895294,779,1,0.0447861838436357,6.5339804,"{""type"":""Point"",""coordinates"":[108.40999032575311,14.042957765596036]}",108.40999032575311,14.042957765596036,470.079509935087
0000000000000000048e,2682.5,2012.0,600.0,736.0,809.5,2360.5,0.07970269,0.48927444,779,1,0.1732036458675115,7.212649,"{""type"":""Point"",""coordinates"":[108.30785461612392,14.15964798106366]}",108.30785461612392,14.15964798106366,2336.8164043498537
000000000000000004a9,2639.5,1647.0,531.5,755.0,867.0,2554.0,0.21590097,0.49313065,779,1,0.0238016569577217,11.846322,"{""type"":""Point"",""coordinates"":[108.30974081586953,13.86590024006686]}",108.30974081586953,13.86590024006686,1604.1916751786728
00000000000000000338,2786.0,2221.0,699.0,954.0,1186.0,2240.0,0.0042591346,0.3076474,780,1,0.72144632415603,13.879181,"{""type"":""Point"",""coordinates"":[108.34531106497288,13.891504398315744]}",108.34531106497288,13.891504398315744,182.48090667268917
0000000000000000036a,2739.5,1911.5,584.5,778.5,839.5,2348.5,0.10258216,0.4733375,780,1,0.594438757445899,10.931923,"{""type"":""Point"",""coordinates"":[108.30785461612392,14.159919986227923]}",108.30785461612392,14.159919986227923,2352.610029978694
0000000000000000046b,2786.0,1970.0,579.0,820.0,828.0,2492.0,0.1169879,0.50120485,780,1,0.2219730955505628,0.9564645,"{""type"":""Point"",""coordinates"":[108.30812216218712,14.15964798106366]}",108.30812216218712,14.15964798106366,2312.15564138687
00000000000000000478,4559.5,2759.5,1400.0,1916.5,2880.5,3463.5,0.113128714,0.09189785,780,1,0.5008529148963918,11.032487,"{""type"":""Point"",""coordinates"":[108.22592755246896,14.070987674817996]}",108.22592755246896,14.070987674817996,111.71594572376554
0000000000000000049a,2756.0,1730.0,680.0,945.0,898.0,3741.0,0.36757448,0.6128476,780,1,0.1371543522064583,24.424057,"{""type"":""Point"",""coordinates"":[108.346657713491,14.025170411493837]}",108.346657713491,14.025170411493837,594.0071180144404
0000000000000000055d,2753.5,1647.5,989.0,1388.0,1583.0,3370.5,0.34336388,0.36085597,780,1,0.3503819998713766,17.278662,"{""type"":""Point"",""coordinates"":[108.42077243210032,14.0319081131856]}",108.42077243210032,14.0319081131856,155.95948515129604
000000000000000005d2,2383.0,1409.0,490.0,640.0,639.0,2832.0,0.33553407,0.6318064,780,1,0.2228565931960487,6.464861,"{""type"":""Point"",""coordinates"":[108.30974081586953,14.158840883772989]}",108.30974081586953,14.158840883772989,2116.3743708290085
00000000000000000399,2960.0,2010.0,539.0,681.0,847.0,1982.0,-0.0070140283,0.40120184,781,1,0.5054298495438123,7.439243,"{""type"":""Point"",""coordinates"":[108.31027590799596,14.159112888937251]}",108.31027590799596,14.159112888937251,2084.1491599006276
0000000000000000047d,3209.0,2243.0,865.0,1120.0,1200.0,2999.0,0.14421976,0.42843536,781,1,0.1346983163680437,25.082266,"{""type"":""Point"",""coordinates"":[108.3463901674278,14.024902865430635]}",108.3463901674278,14.024902865430635,578.4677608094224
00000000000000000493,3014.0,2001.0,668.0,923.0,1154.0,3120.0,0.21851201,0.45999065,781,1,0.4858267887130152,18.090029,"{""type"":""Point"",""coordinates"":[108.35743981983823,14.088770569819138]}",108.35743981983823,14.088770569819138,460.2077624940612
000000000000000005bd,2878.0,1752.5,574.5,716.5,794.5,3116.0,0.28006572,0.5936581,781,1,0.1355746410943733,23.397753,"{""type"":""Point"",""coordinates"":[108.29923071468657,14.162345737200997]}",108.29923071468657,14.162345737200997,432.0633404895801
000000000000000005fd,4595.0,2799.5,1256.5,1803.0,2492.0,3233.5,0.07193767,0.12950835,781,1,0.6925506929129879,12.028223,"{""type"":""Point"",""coordinates"":[108.22619509853217,14.070987674817996]}",108.22619509853217,14.070987674817996,103.16673613446534
0000000000000000037c,2930.0,1747.0,521.0,835.0,799.0,3076.0,0.27555463,0.5876129,782,1,0.5087585049394209,8.439325,"{""type"":""Point"",""coordinates"":[108.40379217528881,14.046190613859784]}",108.40379217528881,14.046190613859784,71.63889281313278
00000000000000000441,2703.0,1549.0,462.5,725.5,692.5,3416.5,0.37609506,0.662935,782,1,0.4153600933216708,36.20418,"{""type"":""Point"",""coordinates"":[108.40513882380696,13.99148636213611]}",108.40513882380696,13.99148636213611,915.4251425782977
0000000000000000052a,2660.0,1470.0,487.0,696.0,797.0,2899.0,0.32707712,0.56872296,782,1,0.4168880976532327,4.858223,"{""type"":""Point"",""coordinates"":[108.22161560175027,14.06424997312624]}",108.22161560175027,14.06424997312624,37.04214818425916
00000000000000000547,3968.0,2600.5,858.0,1209.5,1581.0,2651.5,0.009710587,0.25292382,782,1,0.6479204771379301,13.292708,"{""type"":""Point"",""coordinates"":[108.22646710369644,14.070987674817996]}",108.22646710369644,14.070987674817996,93.89147713424912
00000000000000000577,2541.0,1494.5,545.5,801.0,725.0,2939.5,0.32589084,0.60431165,782,1,0.2558313741409079,21.11646,"{""type"":""Point"",""coordinates"":[108.40325262406134,13.994986756463065]}",108.40325262406134,13.994986756463065,1069.2488176776499
0000000000000000033a,3468.5,2271.5,1000.0,1378.0,1679.5,3160.0,0.1635828,0.30592003,783,1,0.6525128905977152,9.296762,"{""type"":""Point"",""coordinates"":[108.22350180149589,14.072062318171877]}",108.22350180149589,14.072062318171877,220.85079390753114
000000000000000003d4,2449.5,1972.5,567.0,777.0,987.5,2893.5,0.18927251,0.49111053,783,1,0.7824055278702029,11.211731,"{""type"":""Point"",""coordinates"":[108.35232077182887,13.869672639558077]}",108.35232077182887,13.869672639558077,2074.304412622919
000000000000000005f0,2828.5,2097.0,711.5,1064.5,1094.5,3007.0,0.17829153,0.46629283,783,1,0.4933103776423264,21.391214,"{""type"":""Point"",""coordinates"":[108.34962301569155,14.06209176821637]}",108.34962301569155,14.06209176821637,1765.6313316498945
00000000000000000325,2242.0,1252.0,334.0,544.0,587.0,2343.0,0.30347705,0.59931743,784,1,0.0280531589460932,17.12282,"{""type"":""Point"",""coordinates"":[108.35312786911956,13.869672639558077]}",108.35312786911956,13.869672639558077,2129.290329135736
0000000000000000045e,2420.0,1258.0,412.0,673.0,665.0,3163.0,0.43089798,0.65256006,784,1,0.7032536250923932,2.662283,"{""type"":""Point"",""coordinates"":[108.22458090395081,14.067215275326781]}",108.22458090395081,14.067215275326781,13.075253805990135
00000000000000000470,4322.5,2940.0,1374.5,1907.0,2524.5,3391.0,0.071236774,0.14647959,784,1,0.4836343041214176,11.360366,"{""type"":""Point"",""coordinates"":[108.22322979633162,14.071255220881206]}",108.22322979633162,14.071255220881206,201.79968858443274
000000000000000005c6,4181.0,2810.0,1436.0,1863.0,2562.0,3359.0,0.088993356,0.13460565,784,1,0.0146355968811671,11.360366,"{""type"":""Point"",""coordinates"":[108.22322979633162,14.071527226045465]}",108.22322979633162,14.071527226045465,226.5661862324362
0000000000000000037f,3670.0,2199.0,1040.0,1535.0,1981.0,3337.0,0.20556359,0.25498307,785,1,0.0140194153541683,14.166272,"{""type"":""Point"",""coordinates"":[108.22322979633162,14.070987674817998]}",108.22322979633162,14.070987674817998,178.78756976601525
000000000000000003c1,3045.0,1897.0,759.0,912.0,1132.0,2745.0,0.18267988,0.41604334,785,1,0.3871831130477116,15.367586,"{""type"":""Point"",""coordinates"":[108.34504351890965,14.128389682679007]}",108.34504351890965,14.128389682679007,220.73275139526248
00000000000000000410,4442.5,3059.5,1479.5,2113.0,2664.0,3208.0,0.023693658,0.09264305,785,1,0.5434430213174684,8.2891,"{""type"":""Point"",""coordinates"":[108.22592755246896,14.071255220881206]}",108.22592755246896,14.071255220881206,110.62089892765975
00000000000000000424,2483.0,1299.0,469.5,740.5,773.5,3092.0,0.40833524,0.599793,785,1,0.7647603564775902,8.2891,"{""type"":""Point"",""coordinates"":[108.22592755246896,14.071527226045461]}",108.22592755246896,14.071527226045461,84.8587148484554
000000000000000005bc,3698.0,2343.0,733.0,963.0,1214.0,2765.0,0.0826155,0.38979644,785,1,0.6548514022297822,6.007261,"{""type"":""Point"",""coordinates"":[108.22215515297775,14.064789524353708]}",108.22215515297775,14.064789524353708,120.46335861484137
00000000000000000397,3627.0,2341.0,810.0,1143.0,1547.0,2761.0,0.08232066,0.2818013,786,1,0.43663217760405,4.769707,"{""type"":""Point"",""coordinates"":[108.22215515297775,14.06397796796198]}",108.22215515297775,14.06397796796198,57.892542349082724
00000000000000000450,2282.5,1715.5,532.5,754.5,866.0,2596.5,0.20431355,0.4997834,786,1,0.2071360696851606,13.170154,"{""type"":""Point"",""coordinates"":[108.34315731916405,13.87237039569541]}",108.34315731916405,13.87237039569541,1353.4673393848761
000000000000000003af,2187.0,1132.0,483.0,706.0,658.0,2931.0,0.44277626,0.633324,787,1,0.3601472682923343,13.754387,"{""type"":""Point"",""coordinates"":[108.35312786911955,14.116260927813633]}",108.35312786911955,14.116260927813633,141.5275964350075
000000000000000003e2,3184.0,1957.0,701.0,939.0,1016.0,2910.0,0.1958085,0.48242486,787,1,0.0515678921583373,16.47015,"{""type"":""Point"",""coordinates"":[108.39705447359707,13.99310055671746]}",108.39705447359707,13.99310055671746,503.3814181098525
000000000000000004c0,4457.0,2780.0,1392.5,1894.5,2504.0,3209.0,0.07163133,0.12340277,787,1,0.2391891784204554,11.125083,"{""type"":""Point"",""coordinates"":[108.2256555473047,14.071255220881206]}",108.2256555473047,14.071255220881206,125.57551034110804
000000000000000004cc,2688.0,1679.0,467.0,744.0,851.0,2968.0,0.27738327,0.55433357,787,1,0.1007231296052264,16.469912,"{""type"":""Point"",""coordinates"":[108.35286032305636,13.869672639558077]}",108.35286032305636,13.869672639558077,2110.8211791977383
000000000000000004ce,3886.0,2388.0,841.0,1171.0,1531.0,2807.0,0.08065447,0.29414478,787,1,0.7723369615847334,4.769713,"{""type"":""Point"",""coordinates"":[108.22215515297775,14.06424997312624]}",108.22215515297775,14.06424997312624,78.79121783603055
00000000000000000555,2376.0,1269.0,389.0,683.0,549.0,3269.0,0.4407228,0.71241486,787,1,0.3894117366809829,21.114433,"{""type"":""Point"",""coordinates"":[108.29491876396789,13.928693301101486]}",108.29491876396789,13.928693301101486,1004.143975749496
0000000000000000057f,3600.0,2336.0,1145.5,1640.0,2395.0,3060.5,0.13425368,0.121986985,787,1,0.6121135799189678,1.8543341,"{""type"":""Point"",""coordinates"":[108.22458090395081,14.063438416734511]}",108.22458090395081,14.063438416734511,75.00423222251574
00000000000000000583,4050.0,2742.0,954.0,1414.0,2349.0,2971.0,0.04008402,0.11691729,787,1,0.7012098228766054,4.7189612,"{""type"":""Point"",""coordinates"":[108.22296225026841,14.063438416734511]}",108.22296225026841,14.063438416734511,72.82216863815096
00000000000000000612,3754.0,2471.0,759.0,993.0,1341.0,2760.0,0.055247564,0.34601316,787,1,0.0014658838860097,0.0,"{""type"":""Point"",""coordinates"":[108.22242269904096,14.063710421898772]}",108.22242269904096,14.063710421898772,58.17297486193114
0000000000000000044b,3252.0,2132.0,743.0,1120.0,1657.0,2693.0,0.11626943,0.23816092,788,1,0.4621118522291021,6.721485,"{""type"":""Point"",""coordinates"":[108.22322979633162,14.063170870671309]}",108.22322979633162,14.063170870671309,43.55124952543124
00000000000000000505,3035.0,2263.0,725.0,988.0,1204.0,2380.0,0.025199225,0.328125,788,1,0.2562814708106636,11.459029,"{""type"":""Point"",""coordinates"":[108.34558307013714,13.891232393151485]}",108.34558307013714,13.891232393151485,214.05396184734374
00000000000000000510,4076.0,2800.0,867.0,1268.0,2046.0,2628.0,-0.031687547,0.12451861,788,1,0.2121719815205165,4.2429357,"{""type"":""Point"",""coordinates"":[108.22296225026841,14.063710421898772]}",108.22296225026841,14.063710421898772,100.19335903287397
000000000000000005a6,2690.5,1839.0,582.5,707.0,898.5,2136.0,0.07471698,0.40781018,788,1,0.136439406240262,19.779964,"{""type"":""Point"",""coordinates"":[108.33507296895415,13.882880496878382]}",108.33507296895415,13.882880496878382,500.51095613035903
00000000000000000431,3976.0,2701.0,877.5,1189.0,1726.0,2484.5,-0.04175104,0.18014488,789,1,0.129526003210382,7.439193,"{""type"":""Point"",""coordinates"":[108.22404135272336,14.063710421898772]}",108.22404135272336,14.063710421898772,94.1248725544489
000000000000000004e2,2920.0,1813.0,455.0,751.0,751.0,2923.0,0.234375,0.5911813,789,1,0.550307039527993,33.798244,"{""type"":""Point"",""coordinates"":[108.40513882380696,13.991214356971849]}",108.40513882380696,13.991214356971849,898.074163886634
0000000000000000058b,3965.0,2725.0,858.0,1218.0,1753.0,2496.0,-0.04386133,0.17486468,789,1,0.0910251111244363,2.1243825,"{""type"":""Point"",""coordinates"":[108.22296225026841,14.06397796796198]}",108.22296225026841,14.06397796796198,120.74938053197972
000000000000000005ca,3791.0,2590.0,699.0,951.0,1458.0,2243.0,-0.07179806,0.21210484,789,1,0.2499630553627354,5.0035033,"{""type"":""Point"",""coordinates"":[108.2237693475591,14.063710421898774]}",108.2237693475591,14.063710421898774,104.03542441438506
000000000000000003f2,4067.5,2762.0,1290.0,1712.0,2428.5,2982.5,0.038384542,0.10238403,790,1,0.273721134626298,2.939592,"{""type"":""Point"",""coordinates"":[108.22296225026841,14.064789524353705]}",108.22296225026841,14.064789524353705,84.48884508533287
00000000000000000413,3808.0,2423.0,921.0,1314.0,1989.0,2835.0,0.07835679,0.17537314,790,1,0.727008672952634,2.0859869,"{""type"":""Point"",""coordinates"":[108.22322979633162,14.064789524353708]}",108.22322979633162,14.064789524353708,65.04528232818785
0000000000000000052f,4174.0,2969.0,1022.0,1542.0,2374.0,3027.0,0.009673116,0.12090354,790,1,0.5892256051014308,0.92740995,"{""type"":""Point"",""coordinates"":[108.22269024510415,14.06424997312624]}",108.22269024510415,14.06424997312624,120.46419223667561
00000000000000000593,2861.0,1701.5,477.0,680.0,743.5,2694.5,0.22588716,0.5674811,790,1,0.1126347973461562,12.542141,"{""type"":""Point"",""coordinates"":[108.29410720757616,13.93569854885645]}",108.29410720757616,13.93569854885645,2467.696600239188
0000000000000000037e,2532.0,1383.0,428.0,719.0,671.0,3006.0,0.3697881,0.63502854,792,1,0.5555746176592051,13.189756,"{""type"":""Point"",""coordinates"":[108.2235018014959,14.06910147507239]}",108.2235018014959,14.06910147507239,67.90336471048539
0000000000000000048b,3024.0,1967.0,628.0,887.0,936.0,2735.0,0.16333476,0.4900572,792,1,0.2420881518532209,16.81387,"{""type"":""Point"",""coordinates"":[108.39516827385145,13.975852753842728]}",108.39516827385145,13.975852753842728,877.2039987990064
0000000000000000034c,3404.0,2445.0,872.0,1051.0,1291.0,2658.0,0.041740153,0.34616357,795,1,0.223474581669582,18.268614,"{""type"":""Point"",""coordinates"":[108.31135501045088,13.976392305070192]}",108.31135501045088,13.976392305070192,243.61894897604617
000000000000000003fd,3086.0,2145.0,648.0,926.0,899.5,2773.0,0.12769419,0.510143,795,1,0.0652330145998274,11.547036,"{""type"":""Point"",""coordinates"":[108.30920126464206,14.161266634746061]}",108.30920126464206,14.161266634746061,2294.8517617005195
0000000000000000044c,2752.5,1626.5,465.5,731.0,815.0,2973.0,0.29274923,0.56969374,795,1,0.5524111143268629,3.4119534,"{""type"":""Point"",""coordinates"":[108.22404135272336,14.06424997312624]}",108.22404135272336,14.06424997312624,50.782423157585654
000000000000000004b7,2864.5,1661.5,472.0,739.0,591.5,3414.0,0.3452862,0.7046561,795,1,0.4818980854295943,18.999983,"{""type"":""Point"",""coordinates"":[108.29437921274041,13.933812349110841]}",108.29437921274041,13.933812349110841,2641.4114066957904
000000000000000004d6,2949.0,2099.5,498.0,703.5,990.0,2293.5,0.044161167,0.39698493,795,1,0.122282031897088,5.8632865,"{""type"":""Point"",""coordinates"":[108.34773681594595,13.876410341249832]}",108.34773681594595,13.876410341249832,1182.899462482194
00000000000000000618,2854.0,1626.0,645.0,926.0,801.0,3393.0,0.35206217,0.6180258,795,1,0.6171248605113862,22.91513,"{""type"":""Point"",""coordinates"":[108.39678692753384,13.99283301065425]}",108.39678692753384,13.99283301065425,464.7285247809657
00000000000000000332,2685.0,1354.0,600.0,925.0,671.0,3192.0,0.40431148,0.6526016,796,1,0.4297865844825701,7.0615377,"{""type"":""Point"",""coordinates"":[108.3954402790157,13.992833010654248]}",108.3954402790157,13.992833010654248,376.90489572334167
00000000000000000382,2676.5,1730.0,601.0,748.0,824.0,2317.5,0.14515133,0.47540984,796,1,0.3229918616964955,14.50339,"{""type"":""Point"",""coordinates"":[108.30677551366898,14.178246891557581]}",108.30677551366898,14.178246891557581,156.0282610417241
000000000000000004ae,2713.0,1583.0,542.0,773.0,864.0,3093.0,0.32292557,0.56330556,796,1,0.4507309492999077,20.726873,"{""type"":""Point"",""coordinates"":[108.31000836193274,14.153182284536166]}",108.31000836193274,14.153182284536166,181.52202797914956
000000000000000004d7,4079.0,2481.0,1165.0,1608.0,2344.0,3256.0,0.13508803,0.16285715,796,1,0.5918809307362718,9.617016,"{""type"":""Point"",""coordinates"":[108.22242269904096,14.067482821389985]}",108.22242269904096,14.067482821389985,73.31163113779712
000000000000000004e1,2516.0,1947.0,585.0,730.0,807.0,2271.0,0.07681365,0.47563353,796,1,0.5956508623605763,15.061273,"{""type"":""Point"",""coordinates"":[108.30677551366898,14.177435335165857]}",108.30677551366898,14.177435335165857,153.04787862823403
0000000000000000032b,3015.0,1912.0,543.0,767.0,944.0,2581.0,0.14889829,0.46439716,798,1,0.5586946455755184,14.398672,"{""type"":""Point"",""coordinates"":[108.33507296895415,13.88260849171412]}",108.33507296895415,13.88260849171412,509.56121046956906
00000000000000000391,2525.0,1716.0,646.0,819.0,891.0,2438.0,0.17380838,0.46470413,798,1,0.2635539315304391,13.417484,"{""type"":""Point"",""coordinates"":[108.29923071468657,14.165578585464743]}",108.29923071468657,14.165578585464743,341.2339217907747
000000000000000004e3,2750.5,1961.0,584.5,747.0,831.0,2282.5,0.075762935,0.4661956,798,1,0.1319085668826357,15.06129,"{""type"":""Point"",""coordinates"":[108.30677551366898,14.177707340330114]}",108.30677551366898,14.177707340330114,150.3677955072098
0000000000000000059b,3813.0,3049.0,1124.0,1411.0,1613.0,3083.0,0.0055446834,0.31303236,799,1,0.2487241261828575,14.964813,"{""type"":""Point"",""coordinates"":[108.35717227377502,14.108176577603736]}",108.35717227377502,14.108176577603736,126.71249578275133
0000000000000000033c,2142.5,1893.0,455.0,581.0,728.5,2475.5,0.13334097,0.54525596,800,1,0.5021348267987231,6.9064174,"{""type"":""Point"",""coordinates"":[108.34585061620032,13.874796146668487]}",108.34585061620032,13.874796146668487,1210.5014919577557
00000000000000000428,4477.0,2745.0,1271.0,1747.0,2747.0,3409.0,0.107897304,0.10753736,800,1,0.1386527369517943,9.296696,"{""type"":""Point"",""coordinates"":[108.22269024510415,14.067482821389989]}",108.22269024510415,14.067482821389989,53.29503568711521
00000000000000000453,2245.5,1243.5,484.5,677.0,620.0,2526.0,0.3402308,0.60584867,800,1,0.4428120591735839,16.155249,"{""type"":""Point"",""coordinates"":[108.35339541518277,14.116800479041101]}",108.35339541518277,14.116800479041101,177.0480854910363
000000000000000003bd,2431.0,1398.0,634.0,840.0,756.0,3571.0,0.43731132,0.6505662,801,1,0.3885360878588046,26.299982,"{""type"":""Point"",""coordinates"":[108.38169287046793,14.068022372617454]}",108.38169287046793,14.068022372617454,327.39187206298016
00000000000000000357,2495.0,2103.0,519.0,728.0,690.0,2880.0,0.15593016,0.6134454,802,1,0.1515101444265572,14.433123,"{""type"":""Point"",""coordinates"":[108.3445039676822,13.87398459027676]}",108.3445039676822,13.87398459027676,1229.7932076670666
000000000000000004c9,4080.0,2900.5,1300.0,1713.5,2369.0,2792.0,-0.019060167,0.08196086,802,1,0.1235331570870247,15.626789,"{""type"":""Point"",""coordinates"":[108.22215515297775,14.067750367453197]}",108.22215515297775,14.067750367453197,102.29546925988481
000000000000000004f7,2877.5,2218.0,709.0,902.0,1073.5,2937.0,0.13947624,0.46465528,802,1,0.1862653606161234,16.323042,"{""type"":""Point"",""coordinates"":[108.29895870952231,14.16584613152795]}",108.29895870952231,14.16584613152795,300.86464893793413
00000000000000000459,2201.0,1332.5,433.5,674.0,807.5,2825.5,0.35906687,0.5554638,803,1,0.0517937990783435,12.755553,"{""type"":""Point"",""coordinates"":[108.3822324216954,14.05912646601583]}",108.3822324216954,14.05912646601583,308.5903880117224
0000000000000000051f,2154.5,1430.0,436.0,654.5,849.5,2385.5,0.2504259,0.47480682,803,1,0.3261209912445789,14.198546,"{""type"":""Point"",""coordinates"":[108.38277197292285,14.058858919952623]}",108.38277197292285,14.058858919952623,271.7459835909225
0000000000000000032e,3173.0,2026.0,685.0,965.0,920.0,3234.0,0.2296578,0.55705345,804,1,0.6605321985164023,18.859055,"{""type"":""Point"",""coordinates"":[108.35986557081131,14.106557923921335]}",108.35986557081131,14.106557923921335,48.626170036888595
0000000000000000045f,1886.5,903.0,441.5,623.0,430.5,2917.5,0.527287,0.7428315,804,1,0.5580054322146888,11.343062,"{""type"":""Point"",""coordinates"":[108.2237693475591,14.07341342579107]}",108.2237693475591,14.07341342579107,90.27396100147126
000000000000000004cd,2558.0,1545.0,556.5,757.5,851.5,3047.5,0.32716385,0.56322134,804,1,0.7946480377218247,9.649552,"{""type"":""Point"",""coordinates"":[108.3544745176377,14.113567630777352]}",108.3544745176377,14.113567630777352,18.50431108875783
000000000000000005da,2919.0,1839.0,624.0,813.0,959.0,2358.0,0.12365976,0.42176667,804,1,0.1212666556748051,8.583603,"{""type"":""Point"",""coordinates"":[108.35096966420969,13.880722291968514]}",108.35096966420969,13.880722291968514,1069.1829862649001
000000000000000005dd,2084.0,1039.0,470.0,704.0,563.0,3673.0,0.5589983,0.7341832,804,1,0.6063451869011582,18.150362,"{""type"":""Point"",""coordinates"":[108.35932601958386,14.106557923921335]}",108.35932601958386,14.106557923921335,49.42448825758595
0000000000000000039f,3840.5,2745.5,1329.0,1715.0,2295.5,2905.5,0.028313573,0.11728514,805,1,0.7587106040572963,16.470295,"{""type"":""Point"",""coordinates"":[108.22242269904096,14.067750367453197]}",108.22242269904096,14.067750367453197,74.23160936061645
000000000000000004cb,2839.0,1826.5,712.0,889.0,1006.0,2596.0,0.17399661,0.44142142,805,1,0.4349422824390689,15.003151,"{""type"":""Point"",""coordinates"":[108.35339541518276,14.117068025104306]}",108.35339541518276,14.117068025104306,187.46622364563297
00000000000000000535,2606.5,1387.5,485.0,711.5,742.0,2796.0,0.33667982,0.580554,805,1,0.1510039944838306,10.479541,"{""type"":""Point"",""coordinates"":[108.22269024510415,14.067750367453197]}",108.22269024510415,14.067750367453197,47.221595641973394
00000000000000000548,2939.0,1633.0,568.0,818.0,769.0,3368.0,0.34693062,0.628233,805,1,0.4329172727450747,20.421242,"{""type"":""Point"",""coordinates"":[108.35959356564706,14.106557923921335]}",108.35959356564706,14.106557923921335,46.07826594710837
0000000000000000061a,2938.0,1816.5,696.5,926.5,1038.5,2713.5,0.19801325,0.44642857,805,1,0.518548928725893,12.663249,"{""type"":""Point"",""coordinates"":[108.35312786911956,14.117340030268567]}",108.35312786911956,14.117340030268567,178.33706363729945
00000000000000000536,3338.0,2398.0,796.0,1007.0,1100.0,2752.0,0.068737864,0.42886811,807,1,0.1768714174821504,10.096576,"{""type"":""Point"",""coordinates"":[108.292760559058,14.197915986304336]}",108.292760559058,14.197915986304336,222.59778500151242
000000000000000005a2,2828.0,1743.0,511.0,759.0,749.0,2679.0,0.21166892,0.5630105,807,1,0.5961496969319766,7.617449,"{""type"":""Point"",""coordinates"":[108.28521576007557,14.18740588512136]}",108.28521576007557,14.18740588512136,566.4069408216789
000000000000000005ec,2752.0,1729.0,535.0,764.0,824.0,2690.0,0.21747002,0.5310188,808,1,0.0124128368865411,6.6325297,"{""type"":""Point"",""coordinates"":[108.28548330613879,14.18740588512136]}",108.28548330613879,14.18740588512136,538.3920971621894
0000000000000000042f,2235.0,1195.5,476.5,732.5,524.5,2807.5,0.40269798,0.68517405,809,1,0.3244777181074844,19.293758,"{""type"":""Point"",""coordinates"":[108.3401920169635,13.897702548780035]}",108.3401920169635,13.897702548780035,87.15930958477551
0000000000000000031f,2772.5,1697.5,565.5,813.5,771.5,3120.0,0.29527763,0.6034948,811,1,0.6423814660601996,15.679568,"{""type"":""Point"",""coordinates"":[108.35339541518277,14.117340030268567]}",108.35339541518277,14.117340030268567,202.00339407735726
000000000000000005e6,2159.0,1682.0,558.0,705.0,878.0,2142.0,0.12029289,0.41854304,812,1,0.1268702416739062,7.4908667,"{""type"":""Point"",""coordinates"":[108.33264721798109,13.902014499498717]}",108.33264721798109,13.902014499498717,227.52489735392965
00000000000000000361,2424.5,1654.0,549.0,728.5,837.0,2426.0,0.18921569,0.48697516,813,1,0.6429052570929399,20.625994,"{""type"":""Point"",""coordinates"":[108.29949826074976,14.16584613152795]}",108.29949826074976,14.16584613152795,332.2043246650575
0000000000000000049d,2722.0,1954.0,554.5,765.5,842.5,2369.0,0.09599815,0.47532305,813,1,0.7857928890417709,13.894555,"{""type"":""Point"",""coordinates"":[108.28521576007557,14.186870792994947]}",108.28521576007557,14.186870792994947,592.8865800978164
000000000000000003d6,2918.5,1831.0,539.5,761.5,804.5,2439.0,0.14238876,0.5039309,815,1,0.4246960965080537,7.94349,"{""type"":""Point"",""coordinates"":[108.28440866278491,14.18740588512136]}",108.28440866278491,14.18740588512136,646.2220423410953
000000000000000003de,2880.0,2078.0,619.0,789.0,845.0,2636.0,0.11837081,0.51450735,815,1,0.3639313233779726,13.99605,"{""type"":""Point"",""coordinates"":[108.28467620884813,14.186598787830688]}",108.28467620884813,14.186598787830688,642.840867542912
00000000000000000586,2163.5,975.5,508.5,791.5,488.0,3731.0,0.5854669,0.76866555,816,1,0.2046226830247264,7.6170073,"{""type"":""Point"",""coordinates"":[108.40136642431574,13.972352359515774]}",108.40136642431574,13.972352359515774,592.7929489967353
00000000000000000527,2838.5,2005.0,650.0,827.5,935.0,1958.5,-0.011732055,0.35372385,817,1,0.3738960915165615,3.825611,"{""type"":""Point"",""coordinates"":[108.31701360968769,14.169890536183422]}",108.31701360968769,14.169890536183422,260.98230579702795
0000000000000000056b,3558.0,2127.0,994.0,1268.0,1457.0,3456.0,0.23804407,0.4068797,817,1,0.5480618245520786,14.741828,"{""type"":""Point"",""coordinates"":[108.36013311687452,14.107369480313062]}",108.36013311687452,14.107369480313062,4.642256087042291
00000000000000000574,2526.0,1670.0,512.0,768.0,936.0,2491.0,0.19730835,0.45374963,817,1,0.4854470749445433,26.782572,"{""type"":""Point"",""coordinates"":[108.33614761230804,13.898509646070712]}",108.33614761230804,13.898509646070712,38.639017655277414
00000000000000000400,2682.5,1475.0,503.5,791.0,708.5,3257.5,0.3766508,0.64271307,818,1,0.6217469188460751,23.59537,"{""type"":""Point"",""coordinates"":[108.2218831478135,14.068022372617454]}",108.2218831478135,14.068022372617454,129.8152207024386
000000000000000004a0,2651.5,1680.0,490.0,699.0,717.5,2602.5,0.21541156,0.5677711,818,1,0.6838051237896092,10.322573,"{""type"":""Point"",""coordinates"":[108.28413665762064,14.18740588512136]}",108.28413665762064,14.18740588512136,673.9001505848825
000000000000000005f5,2684.0,1507.0,465.0,710.0,617.0,3098.0,0.34549403,0.6678331,818,1,0.193508439345411,19.340063,"{""type"":""Point"",""coordinates"":[108.33372186133495,14.167197239147146]}",108.33372186133495,14.167197239147146,560.0922947751452
0000000000000000040a,2821.0,1885.0,685.5,933.5,1027.0,2949.5,0.22018823,0.48346537,819,1,0.0500400712287745,27.4441,"{""type"":""Point"",""coordinates"":[108.38169287046793,14.066675724099316]}",108.38169287046793,14.066675724099316,255.8546468525106
00000000000000000324,2358.5,1453.0,481.0,641.0,679.0,2380.5,0.241946,0.5561366,820,1,0.5562639957332769,17.615004,"{""type"":""Point"",""coordinates"":[108.29949826074976,14.16611813669221]}",108.29949826074976,14.16611813669221,308.5010220108719
000000000000000004fb,2808.0,1908.5,569.0,759.0,792.5,2836.5,0.19557428,0.5632406,820,1,0.4786887969027544,9.246117,"{""type"":""Point"",""coordinates"":[108.28413665762064,14.186598787830688]}",108.28413665762064,14.186598787830688,698.6615038082887
000000000000000004fe,2094.0,941.0,489.5,772.5,476.5,3869.0,0.6087318,0.7806927,820,1,0.7749599955280398,8.2891,"{""type"":""Point"",""coordinates"":[108.40136642431574,13.972080354351514]}",108.40136642431574,13.972080354351514,619.3198470642675
0000000000000000062e,3078.5,2044.0,687.0,937.0,1046.0,2830.0,0.16126385,0.46026832,824,1,0.7008396769416044,14.173591,"{""type"":""Point"",""coordinates"":[108.29545385609428,13.930311954783885]}",108.29545385609428,13.930311954783885,1167.9260854503016
000000000000000005fa,3451.0,2339.5,695.0,895.5,1091.5,2605.5,0.05379171,0.40952122,825,1,0.1987012753116501,26.144522,"{""type"":""Point"",""coordinates"":[108.29545385609428,13.9340843542751]}",108.29545385609428,13.9340843542751,2697.83031335132
000000000000000003b0,2219.0,1744.0,516.0,641.0,842.0,1850.0,0.0294936,0.3744428,826,1,0.5557966594877034,15.67105,"{""type"":""Point"",""coordinates"":[108.34073156819099,13.897430543615776]}",108.34073156819099,13.897430543615776,51.27835712734533
0000000000000000041c,2848.5,1777.5,514.0,718.0,810.5,2477.5,0.16451234,0.50699514,826,1,0.2394366159231475,12.494594,"{""type"":""Point"",""coordinates"":[108.28386911155745,14.187138339058151]}",108.28386911155745,14.187138339058151,711.2097839263176
00000000000000000585,2680.0,1708.0,546.0,827.5,875.0,3261.5,0.3126069,0.576937,826,1,0.2680704020151829,15.8522835,"{""type"":""Point"",""coordinates"":[108.35286032305635,13.910638400936085]}",108.35286032305635,13.910638400936085,1087.4447693845502
000000000000000003c6,2805.5,1746.0,562.0,751.5,769.0,2512.0,0.17989667,0.53124046,827,1,0.5619868271696251,21.316772,"{""type"":""Point"",""coordinates"":[108.27093325940139,14.107369480313062]}",108.27093325940139,14.107369480313062,2013.6860715874373
0000000000000000046d,2020.0,947.0,422.0,636.0,432.0,3119.0,0.53418595,0.75668824,829,1,0.0463176407462349,4.2430897,"{""type"":""Point"",""coordinates"":[108.22215515297775,14.073948517917483]}",108.22215515297775,14.073948517917483,33.108639113655876
0000000000000000038f,2250.0,1535.0,575.0,808.0,784.0,2544.0,0.24736455,0.52884614,830,1,0.5150675968840052,6.720005,"{""type"":""Point"",""coordinates"":[108.32698861874425,13.90362869408007]}",108.32698861874425,13.90362869408007,236.93994458583126
000000000000000004a6,2782.0,2086.5,652.0,990.0,1304.0,2601.5,0.10985495,0.33222377,831,1,0.5881625249960498,17.685904,"{""type"":""Point"",""coordinates"":[108.33372186133495,14.171776735929033]}",108.33372186133495,14.171776735929033,871.2800264368262
00000000000000000622,3369.5,2376.0,642.5,986.5,1288.0,2603.0,0.045591485,0.33795938,831,1,0.1896280668822336,16.726866,"{""type"":""Point"",""coordinates"":[108.33372186133495,14.171509189865827]}",108.33372186133495,14.171509189865827,856.2756906634122
0000000000000000032d,2379.5,1602.0,562.0,736.0,784.5,2335.0,0.18618238,0.4970348,832,1,0.7407863239524226,8.75611,"{""type"":""Point"",""coordinates"":[108.32671661358,13.903900699244327]}",108.32671661358,13.903900699244327,258.00213246186087
00000000000000000389,2829.0,2050.0,817.5,1026.5,1113.5,2144.0,0.02241297,0.31634688,832,1,0.3312200386764559,5.990036,"{""type"":""Point"",""coordinates"":[108.3445039676822,14.141865086062516]}",108.3445039676822,14.141865086062516,825.8921577764609
000000000000000005d1,1697.0,766.0,335.0,679.0,333.0,3159.0,0.60968155,0.80927837,832,1,0.3092965429874293,23.830803,"{""type"":""Point"",""coordinates"":[108.28764151104866,13.940550050802598]}",108.28764151104866,13.940550050802598,1598.6826985694572
0000000000000000060b,2328.0,1526.0,479.0,736.0,751.5,2136.5,0.16668943,0.47957063,832,1,0.0996512409526798,24.272009,"{""type"":""Point"",""coordinates"":[108.39813357605198,14.095780276675153]}",108.39813357605198,14.095780276675153,1114.2647570173328
0000000000000000038c,2735.0,1754.0,548.0,876.0,929.0,2664.0,0.20597555,0.4828834,835,1,0.0813924762173885,9.930308,"{""type"":""Point"",""coordinates"":[108.38735146970477,13.980976260953138]}",108.38735146970477,13.980976260953138,1035.0248014849915
00000000000000000466,2243.0,1239.0,426.0,575.0,592.0,2459.0,0.32990807,0.6119305,835,1,0.4758038973665779,15.871476,"{""type"":""Point"",""coordinates"":[108.28629486253053,14.16665768791968]}",108.28629486253053,14.16665768791968,1005.1690510809967
000000000000000005b4,2325.5,1676.0,501.0,682.0,780.5,2331.5,0.1635683,0.49839333,835,1,0.7343501319776967,10.551927,"{""type"":""Point"",""coordinates"":[108.32483041383439,13.905514893825671]}",108.32483041383439,13.905514893825671,372.4212481845564
0000000000000000060c,2250.0,1836.0,569.0,732.0,880.0,2003.0,0.04350091,0.3895248,835,1,0.1938563833748554,11.123662,"{""type"":""Point"",""coordinates"":[108.32698861874425,13.903900699244325]}",108.32698861874425,13.903900699244325,229.27332912745155
00000000000000000623,2872.0,1882.0,621.0,876.0,1029.0,2680.0,0.17492329,0.44513345,835,1,0.0288377454730338,15.221856,"{""type"":""Point"",""coordinates"":[108.38546526995914,13.98016470456141]}",108.38546526995914,13.98016470456141,1141.7371803835142
00000000000000000373,2570.0,1944.0,488.0,666.0,765.0,1862.0,-0.02154493,0.4175866,836,1,0.689413447166639,2.7802885,"{""type"":""Point"",""coordinates"":[108.32887481848987,14.159380435000456]}",108.32887481848987,14.159380435000456,158.54005403747448
00000000000000000487,2454.0,1557.0,511.0,798.0,886.0,2776.0,0.28132933,0.51611143,836,1,0.3099530427598553,6.907934,"{""type"":""Point"",""coordinates"":[108.34558307013714,13.930039949619626]}",108.34558307013714,13.930039949619626,3097.7575053045193
000000000000000003c3,2589.5,1634.0,567.0,789.5,703.5,2894.5,0.27834824,0.6089494,837,1,0.1546644144073234,27.384548,"{""type"":""Point"",""coordinates"":[108.41052987698056,13.99552630769053]}",108.41052987698056,13.99552630769053,1644.7641831758203
0000000000000000042d,3002.5,2059.0,676.0,907.0,959.0,2751.0,0.14386694,0.48301888,837,1,0.3186214496901423,21.860794,"{""type"":""Point"",""coordinates"":[108.3919354255877,14.072873874563605]}",108.3919354255877,14.072873874563605,159.87536601088556
0000000000000000044e,2546.0,1861.0,500.0,711.0,910.0,2231.0,0.090420336,0.4205667,837,1,0.7561971519978733,20.061365,"{""type"":""Point"",""coordinates"":[108.33534051501736,13.898509646070712]}",108.33534051501736,13.898509646070712,53.20618822936099
0000000000000000050e,2373.0,1597.5,535.5,810.5,844.5,2753.0,0.26560166,0.5305073,837,1,0.7198051687264957,26.610117,"{""type"":""Point"",""coordinates"":[108.3822324216954,14.066136172871847]}",108.3822324216954,14.066136172871847,279.14521657253374
0000000000000000031b,2233.0,1725.0,592.0,679.0,845.0,2122.0,0.1031973,0.4304011,838,1,0.1072832776171406,8.435231,"{""type"":""Point"",""coordinates"":[108.32483041383439,13.90605444505314]}",108.32483041383439,13.90605444505314,332.4388607622458
00000000000000000562,2592.0,1789.0,694.5,861.0,995.0,2258.5,0.11599753,0.388351,838,1,0.4874892795466981,9.376824,"{""type"":""Point"",""coordinates"":[108.3445039676822,14.141593080898259]}",108.3445039676822,14.141593080898259,811.5182984079158
0000000000000000039c,1762.5,891.5,382.0,527.0,452.5,2850.5,0.52351683,0.7260067,839,1,0.0317325862361644,20.010729,"{""type"":""Point"",""coordinates"":[108.33561252018163,13.90794064479875]}",108.33561252018163,13.90794064479875,99.88187583878414
0000000000000000043a,2063.0,1130.0,441.0,673.0,541.0,3361.0,0.4967713,0.7227063,840,1,0.1029453564987713,6.6287155,"{""type"":""Point"",""coordinates"":[108.34585061620032,13.92977240355642]}",108.34585061620032,13.92977240355642,2104.465175361932
000000000000000004c1,1569.0,678.0,428.0,591.0,393.0,3154.0,0.6461378,0.7784043,841,1,0.5617765956792905,10.436108,"{""type"":""Point"",""coordinates"":[108.35663272254757,13.945401552748747]}",108.35663272254757,13.945401552748747,3307.7537757945274
000000000000000004db,2422.0,1709.0,466.0,671.0,758.0,2377.0,0.16348507,0.51642746,841,1,0.1219821655439289,11.0095,"{""type"":""Point"",""coordinates"":[108.34585061620032,13.930039949619626]}",108.34585061620032,13.930039949619626,3117.9762223446933
00000000000000000573,2388.0,1610.0,629.0,867.0,895.0,2964.0,0.29602098,0.53614926,841,1,0.4054667690246361,20.721262,"{""type"":""Point"",""coordinates"":[108.3822324216954,14.066403718935057]}",108.3822324216954,14.066403718935057,298.52463207796274
000000000000000005aa,2417.0,1937.5,559.0,657.5,892.5,1786.0,-0.040687524,0.33358222,841,1,0.6007958969495242,12.543927,"{""type"":""Point"",""coordinates"":[108.32698861874425,13.904168245307535]}",108.32698861874425,13.904168245307535,223.0971208732367
00000000000000000386,2057.0,1226.0,459.0,627.0,689.0,2396.0,0.32302594,0.55332255,842,1,0.28212426324656,9.291395,"{""type"":""Point"",""coordinates"":[108.3447715137454,14.141325534835053]}",108.3447715137454,14.141325534835053,824.3986344551479
000000000000000004a8,3187.0,2184.0,798.0,1037.0,1311.0,2569.0,0.081001475,0.3242268,842,1,0.6505953383310232,6.533895,"{""type"":""Point"",""coordinates"":[108.32752371087068,13.90039584581632]}",108.32752371087068,13.90039584581632,322.70776934013173
0000000000000000062a,2722.0,1718.0,664.5,842.5,923.0,2812.5,0.24158481,0.50582254,842,1,0.2819770895543648,22.788548,"{""type"":""Point"",""coordinates"":[108.35043457208329,14.124077731960325]}",108.35043457208329,14.124077731960325,141.1992660701182
00000000000000000381,2297.0,1822.0,614.0,731.0,1020.0,1850.0,0.0076252725,0.2891986,844,1,0.5670675442354347,12.902142,"{""type"":""Point"",""coordinates"":[108.33102856429868,13.904707796535]}",108.33102856429868,13.904707796535,156.72919662843822
000000000000000003b1,2143.0,1214.0,429.5,608.0,606.5,2448.0,0.33697432,0.602881,844,1,0.2997478566917357,11.032515,"{""type"":""Point"",""coordinates"":[108.33776626599044,14.152375187245491]}",108.33776626599044,14.152375187245491,794.8635639364757
000000000000000005df,2328.0,1814.0,577.0,693.0,863.0,2045.0,0.059860066,0.40646493,844,1,0.0478926702836631,12.754429,"{""type"":""Point"",""coordinates"":[108.33076101823548,13.904707796535]}",108.33076101823548,13.904707796535,132.1873214549015
000000000000000003bc,2649.0,1960.0,621.0,829.0,948.0,2308.0,0.08153702,0.41769043,845,1,0.1371463815368238,13.171974,"{""type"":""Point"",""coordinates"":[108.32510241899865,13.905786898989936]}",108.32510241899865,13.905786898989936,330.32886426578074
00000000000000000349,2426.5,1284.0,455.5,696.5,597.0,3352.5,0.44613394,0.6976833,846,1,0.4461037337484463,20.983198,"{""type"":""Point"",""coordinates"":[108.32483041383439,14.17500958419278]}",108.32483041383439,14.17500958419278,742.2381333297759
00000000000000000519,2038.0,1194.0,438.5,636.0,552.0,2729.5,0.39135975,0.6635685,847,1,0.3027120995806351,5.1158957,"{""type"":""Point"",""coordinates"":[108.34504351890965,14.141325534835053]}",108.34504351890965,14.141325534835053,851.1788556842317
00000000000000000625,2465.0,1445.0,456.0,699.0,668.0,2810.0,0.32079905,0.6158712,847,1,0.5388633333837946,10.533236,"{""type"":""Point"",""coordinates"":[108.34612262136459,13.930039949619628]}",108.34612262136459,13.930039949619628,3138.6174906733063
0000000000000000031d,2500.0,1783.0,753.0,864.0,988.0,3147.0,0.27667344,0.52212816,848,1,0.3688727843621074,8.500523,"{""type"":""Point"",""coordinates"":[108.35016256691901,13.947827303721823]}",108.35016256691901,13.947827303721823,3390.829194565753
000000000000000003c5,1854.0,970.0,465.0,641.0,517.0,3083.0,0.5213422,0.7127778,851,1,0.6770443423063344,12.802568,"{""type"":""Point"",""coordinates"":[108.34045956302673,13.911985049454223]}",108.34045956302673,13.911985049454223,105.96148470391654
00000000000000000550,2070.0,1711.0,601.0,787.0,912.0,1652.0,-0.01754386,0.28861153,851,1,0.2985099779299841,3.9884393,"{""type"":""Point"",""coordinates"":[108.33345431527175,13.910098849708616]}",108.33345431527175,13.910098849708616,156.8981595037297
00000000000000000369,2148.0,1577.0,581.5,772.0,856.0,2180.0,0.16050039,0.43610013,853,1,0.4260886236920533,5.6282086,"{""type"":""Point"",""coordinates"":[108.33372186133495,13.910098849708616]}",108.33372186133495,13.910098849708616,151.5149393571686
0000000000000000035a,2438.0,1487.5,491.5,695.5,654.5,3192.5,0.36431623,0.65973485,855,1,0.3906347819107487,4.7241344,"{""type"":""Point"",""coordinates"":[108.33156811552614,13.909287293316886]}",108.33156811552614,13.909287293316886,162.32348656290216
0000000000000000047a,2343.0,1442.0,370.0,637.0,572.0,2505.0,0.26931846,0.6282093,855,1,0.3791069874484147,10.141147,"{""type"":""Point"",""coordinates"":[108.39112832829701,14.077185825282287]}",108.39112832829701,14.077185825282287,459.2450939921722
000000000000000004a7,2267.5,1811.0,552.5,737.5,943.0,2124.5,0.07965951,0.38516706,855,1,0.7945184935656607,3.7047918,"{""type"":""Point"",""coordinates"":[108.33130056946294,13.909287293316886]}",108.33130056946294,13.909287293316886,177.0732236745579
000000000000000004e7,2995.0,2140.0,557.5,733.5,907.5,2248.0,0.02461258,0.4248138,855,1,0.7442971392402244,11.853007,"{""type"":""Point"",""coordinates"":[108.2924930129948,14.194683138040585]}",108.2924930129948,14.194683138040585,151.4778186912978
000000000000000005b9,2638.5,1741.5,550.0,686.5,858.5,2291.0,0.13626783,0.4548341,856,1,0.3116164384093006,7.333545,"{""type"":""Point"",""coordinates"":[108.33102856429868,13.909019747253684]}",108.33102856429868,13.909019747253684,168.9404346253894
0000000000000000045c,3228.0,2116.0,602.0,795.0,944.0,2448.0,0.07274321,0.44339624,857,1,0.3984512059619989,5.51679,"{""type"":""Point"",""coordinates"":[108.29114190537561,14.194683138040585]}",108.29114190537561,14.194683138040585,6.357570663517107
000000000000000005a1,2112.5,1667.5,548.5,676.5,843.5,2180.0,0.13320337,0.44203737,857,1,0.6103032596210463,8.288164,"{""type"":""Point"",""coordinates"":[108.33345431527177,13.910638400936085]}",108.33345431527177,13.910638400936085,215.08096057247764
0000000000000000034e,2788.0,1987.0,673.0,933.0,942.0,2727.0,0.15697922,0.48650858,858,1,0.3341502704569717,15.810684,"{""type"":""Point"",""coordinates"":[108.3919354255877,14.07341342579107]}",108.3919354255877,14.07341342579107,162.0901045692253
000000000000000003fc,3544.0,2280.0,564.0,748.0,892.0,2452.0,0.03634827,0.46650717,859,1,0.2573586203755491,7.6107845,"{""type"":""Point"",""coordinates"":[108.29141391053986,14.194415591977377]}",108.29141391053986,14.194415591977377,39.06949213986921
000000000000000005a0,2246.0,1173.0,407.0,601.0,528.0,3211.0,0.46487227,0.71757156,859,1,0.1623912800052269,7.9428716,"{""type"":""Point"",""coordinates"":[108.33938491967285,14.152642733308697]}",108.33938491967285,14.152642733308697,934.528372118874
0000000000000000045d,2070.0,1593.0,523.0,691.5,732.0,2515.5,0.2245345,0.5491917,860,1,0.5952292330921268,15.859669,"{""type"":""Point"",""coordinates"":[108.33102856429869,13.909559298481152]}",108.33102856429869,13.909559298481152,218.34909945756817
000000000000000003a5,2226.0,1988.0,579.0,636.0,770.0,1562.0,-0.12,0.33962265,862,1,0.0532236594081749,8.757067,"{""type"":""Point"",""coordinates"":[108.33345431527177,13.910905946999291]}",108.33345431527177,13.910905946999291,244.16618305741247
000000000000000004c3,2389.5,1506.0,456.5,649.5,648.0,2678.5,0.28020075,0.61040133,862,1,0.5866374958880407,11.936224,"{""type"":""Point"",""coordinates"":[108.330221467008,13.909287293316888]}",108.330221467008,13.909287293316888,247.65924860697032
00000000000000000495,2231.5,1237.0,489.5,687.5,702.0,2911.0,0.40356797,0.6114033,863,1,0.1952101669414332,14.635545,"{""type"":""Point"",""coordinates"":[108.33076101823546,13.908480196026215]}",108.33076101823546,13.908480196026215,143.37869119854167
0000000000000000062d,2329.5,1532.0,483.0,639.5,780.0,2325.5,0.20570317,0.49766544,863,1,0.1707462096639515,11.936226,"{""type"":""Point"",""coordinates"":[108.3304890130712,13.90955929848115]}",108.3304890130712,13.90955929848115,251.46304334541685
00000000000000000412,2368.0,1476.0,418.0,645.0,618.0,2524.0,0.262,0.60662,864,1,0.5952069714902348,11.818653,"{""type"":""Point"",""coordinates"":[108.39085632313277,14.077453371345493]}",108.39085632313277,14.077453371345493,485.1618593880714
00000000000000000506,2791.0,1828.0,632.0,814.5,1015.5,2304.5,0.115305506,0.388253,864,1,0.3551464917280112,19.29096,"{""type"":""Point"",""coordinates"":[108.33291476404429,13.880722291968514]}",108.33291476404429,13.880722291968514,807.7517041013115
00000000000000000521,2226.5,1165.0,610.0,782.0,576.5,2965.0,0.43583536,0.67443174,868,1,0.4529597325130721,14.777641,"{""type"":""Point"",""coordinates"":[108.36094467326625,13.95456500541358]}",108.36094467326625,13.95456500541358,2194.208397901869
0000000000000000061e,3453.0,2661.0,1197.0,1525.0,1777.0,2898.0,0.042633567,0.2397861,869,1,0.7732305518948174,16.143257,"{""type"":""Point"",""coordinates"":[108.30812216218712,13.875603243959157]}",108.30812216218712,13.875603243959157,1458.7634913477277
0000000000000000041d,2990.0,1948.0,657.0,942.0,1196.0,2543.0,0.1324872,0.36025676,871,1,0.6192186526898014,8.342456,"{""type"":""Point"",""coordinates"":[108.33291476404429,13.880454745905308]}",108.33291476404429,13.880454745905308,821.9552303456164
000000000000000004d8,2660.0,1619.0,579.0,840.0,893.0,3006.0,0.2998919,0.54193383,871,1,0.5831659203550875,8.5007515,"{""type"":""Point"",""coordinates"":[108.39139587436024,14.073680971854282]}",108.39139587436024,14.073680971854282,119.31100194168155
000000000000000004e8,2060.5,1338.5,414.0,554.0,568.0,2308.5,0.26597202,0.6050756,871,1,0.0729392754039202,6.9140368,"{""type"":""Point"",""coordinates"":[108.3366871635355,14.149949436272419]}",108.3366871635355,14.149949436272419,907.2326775515505
000000000000000004c4,2373.0,1416.5,634.0,807.5,840.0,2772.5,0.32370493,0.5349481,872,1,0.6853507301310086,18.617914,"{""type"":""Point"",""coordinates"":[108.360672668102,13.95456500541358]}",108.360672668102,13.95456500541358,2203.978878192837
00000000000000000504,2789.0,1712.0,629.0,842.0,947.0,2429.0,0.17314658,0.43898106,873,1,0.4209017604144236,3.410038,"{""type"":""Point"",""coordinates"":[108.33291476404429,13.880182740741047]}",108.33291476404429,13.880182740741047,837.2243405743037
000000000000000003fb,2626.5,1550.5,597.0,727.0,779.5,2798.5,0.2869625,0.5642817,874,1,0.2010544996416925,12.486429,"{""type"":""Point"",""coordinates"":[108.33776626599042,13.914950351654765]}",108.33776626599042,13.914950351654765,394.292394152773
000000000000000004f9,2437.5,1445.0,478.5,668.5,702.5,2358.5,0.24017352,0.54099965,874,1,0.0684151402264239,13.141857,"{""type"":""Point"",""coordinates"":[108.29923071468657,13.911985049454223]}",108.29923071468657,13.911985049454223,773.6125615757932
00000000000000000592,2523.0,1378.0,574.0,764.0,791.0,2269.0,0.2443104,0.48300654,876,1,0.5819909635689432,20.41006,"{""type"":""Point"",""coordinates"":[108.32914236455308,14.182286837112008]}",108.32914236455308,14.182286837112008,1642.3239472166754
000000000000000003a6,2324.5,1754.5,548.0,687.0,851.5,2199.0,0.112432025,0.44173086,877,1,0.7166959723359075,12.028028,"{""type"":""Point"",""coordinates"":[108.33102856429868,13.914138795263039]}",108.33102856429868,13.914138795263039,669.1668844919033
000000000000000003da,2467.5,1403.0,461.5,663.5,771.0,2432.0,0.26831812,0.5185763,878,1,0.6143234645219174,10.139935,"{""type"":""Point"",""coordinates"":[108.34207821670911,14.148598328653224]}",108.34207821670911,14.148598328653224,1238.9430741752178
000000000000000005d5,2630.0,2116.0,579.0,724.0,896.0,2376.0,0.057880677,0.45232275,878,1,0.7094166158782398,14.398838,"{""type"":""Point"",""coordinates"":[108.32483041383439,13.909019747253684]}",108.32483041383439,13.909019747253684,135.9817454917123
0000000000000000061b,2056.0,1267.5,514.0,686.5,645.0,2558.0,0.33734152,0.59725255,878,1,0.7115028896662713,29.671917,"{""type"":""Point"",""coordinates"":[108.33480096378989,14.174470032965315]}",108.33480096378989,14.174470032965315,934.7699751414406
00000000000000000339,1879.0,978.0,366.0,544.0,429.0,2872.0,0.49194804,0.74007875,879,1,0.3395542941373716,6.9075294,"{""type"":""Point"",""coordinates"":[108.32941436971734,13.915217897717971]}",108.32941436971734,13.915217897717971,707.2366549005517
000000000000000003a4,2909.0,1734.0,541.0,661.0,826.0,2295.0,0.1392405,0.47068247,879,1,0.7814242240787274,7.49099,"{""type"":""Point"",""coordinates"":[108.32698861874425,13.916836551400372]}",108.32698861874425,13.916836551400372,712.2129987071928
000000000000000003c2,2015.5,1136.5,436.0,594.5,548.5,2656.5,0.4007382,0.6577223,879,1,0.2120423294203219,19.218206,"{""type"":""Point"",""coordinates"":[108.32483041383439,13.875063692731691]}",108.32483041383439,13.875063692731691,1879.6252071222189
000000000000000004b6,2981.5,1857.0,506.0,656.5,937.5,2358.0,0.11886121,0.43104234,879,1,0.5317977964097058,10.139848,"{""type"":""Point"",""coordinates"":[108.32725616480747,13.916564546236112]}",108.32725616480747,13.916564546236112,700.170771973463
00000000000000000525,2130.5,1077.5,646.0,816.0,714.5,3001.5,0.47168425,0.61544675,879,1,0.3544214182214259,13.923976,"{""type"":""Point"",""coordinates"":[108.36094467326625,13.954293000249317]}",108.36094467326625,13.954293000249317,2222.7149369273793
00000000000000000603,1598.5,756.0,429.5,573.5,447.5,2939.0,0.5907984,0.7357153,880,1,0.6768897052876408,15.207009,"{""type"":""Point"",""coordinates"":[108.32941436971734,13.914950351654765]}",108.32941436971734,13.914950351654765,684.5198491973248
00000000000000000416,3087.0,2014.0,655.0,874.0,1150.0,2318.0,0.07017544,0.33679354,881,1,0.4008672816510239,9.863066,"{""type"":""Point"",""coordinates"":[108.34099911425417,14.151024079626296]}",108.34099911425417,14.151024079626296,1279.5819380872204
0000000000000000041a,2179.0,1102.0,456.0,619.0,550.0,3152.0,0.48189938,0.70286334,881,1,0.4757866675803363,3.9268272,"{""type"":""Point"",""coordinates"":[108.32725616480747,13.910905946999291]}",108.32725616480747,13.910905946999291,199.33317531525145
000000000000000003a3,2854.0,1830.0,539.0,853.0,851.0,2681.0,0.18864997,0.51812005,882,1,0.552962385814668,11.149849,"{""type"":""Point"",""coordinates"":[108.32402331654373,13.90955929848115]}",108.32402331654373,13.90955929848115,143.9284858041599
000000000000000005cc,2647.0,1453.0,535.0,694.0,795.0,2629.0,0.28809407,0.5356308,882,1,0.5888082895438036,4.240758,"{""type"":""Point"",""coordinates"":[108.3264490675168,13.91710409746358]}",108.3264490675168,13.91710409746358,711.1547451977253
0000000000000000046a,2785.0,1901.0,668.0,817.5,1019.0,2151.5,0.061813693,0.3571992,883,1,0.2935196412948928,12.543289,"{""type"":""Point"",""coordinates"":[108.31297366413327,13.870212190785542]}",108.31297366413327,13.870212190785542,1877.959825383802
000000000000000005f2,1524.0,709.0,401.0,571.0,413.0,3048.0,0.62257123,0.7613407,883,1,0.7207017891797898,18.999569,"{""type"":""Point"",""coordinates"":[108.32968191578054,13.914678346490504]}",108.32968191578054,13.914678346490504,680.0437954456315
00000000000000000327,2512.0,1396.0,470.0,675.0,734.0,2653.0,0.31044704,0.5665781,884,1,0.551208859413739,9.242977,"{""type"":""Point"",""coordinates"":[108.32698861874425,13.917104097463579]}",108.32698861874425,13.917104097463579,737.9081294271493
0000000000000000032a,2015.0,1168.0,387.0,576.0,533.0,2581.0,0.3769005,0.657675,884,1,0.1406948247630804,7.490981,"{""type"":""Point"",""coordinates"":[108.330221467008,13.915757448945438]}",108.330221467008,13.915757448945438,809.14065431004
000000000000000004dc,2280.5,1228.0,472.0,627.0,653.5,3014.0,0.4210278,0.64362645,884,1,0.6313356703970266,6.0265613,"{""type"":""Point"",""coordinates"":[108.32752371087068,13.910638400936087]}",108.32752371087068,13.910638400936087,205.71383720072444
0000000000000000055b,2685.5,1950.0,714.0,946.5,1125.5,2034.0,0.021084337,0.2875455,884,1,0.3523800360646886,11.9214,"{""type"":""Point"",""coordinates"":[108.31270165896903,13.870484195949803]}",108.31270165896903,13.870484195949803,1847.9636034354328
00000000000000000570,2486.0,1415.0,485.0,691.0,725.0,2692.0,0.31093255,0.57565117,884,1,0.4477690422692334,5.003043,"{""type"":""Point"",""coordinates"":[108.32671661358,13.917104097463579]}",108.32671661358,13.917104097463579,723.9561472076904
000000000000000003f4,3063.0,1814.0,581.0,829.0,665.0,3112.0,0.2634998,0.6478687,885,1,0.76838254823539,18.457245,"{""type"":""Point"",""coordinates"":[108.37522717394043,13.992293459426785]}",108.37522717394043,13.992293459426785,169.20487929189005
00000000000000000590,2624.0,2017.0,558.0,736.0,898.0,1899.0,-0.03013279,0.35788345,885,1,0.5759252196858734,22.386065,"{""type"":""Point"",""coordinates"":[108.34181067064593,13.925188447673477]}",108.34181067064593,13.925188447673477,1502.2047008055763
000000000000000005cf,1830.0,898.0,457.0,589.0,487.0,3325.0,0.5747099,0.7444911,885,1,0.2529418016309575,2.085706,"{""type"":""Point"",""coordinates"":[108.33372186133495,13.916836551400372]}",108.33372186133495,13.916836551400372,819.9730103718666
0000000000000000042a,1836.5,1717.0,524.5,593.5,813.0,1353.5,-0.11838463,0.24948072,886,1,0.1247817726873167,19.602388,"{""type"":""Point"",""coordinates"":[108.33102856429868,13.913871249199834]}",108.33102856429868,13.913871249199834,642.3304147803416
00000000000000000359,2426.0,1581.5,670.5,784.5,877.5,2156.0,0.15371238,0.42146036,888,1,0.2581050788393272,13.912151,"{""type"":""Point"",""coordinates"":[108.34719726471849,14.141593080898259]}",108.34719726471849,14.141593080898259,1069.48864799944
00000000000000000498,2825.0,2045.0,689.0,857.0,962.0,2499.0,0.09991197,0.4440913,888,1,0.5901400482181994,13.791635,"{""type"":""Point"",""coordinates"":[108.32429086260692,13.874796146668485]}",108.32429086260692,13.874796146668485,1944.8337002233818
000000000000000005b1,3054.0,1894.5,555.5,750.5,916.0,2780.5,0.18951872,0.504396,888,1,0.0040173296299965,6.7366457,"{""type"":""Point"",""coordinates"":[108.32510241899865,13.916297000172905]}",108.32510241899865,13.916297000172905,575.9000611395378
000000000000000004a4,2612.0,1584.0,505.0,625.0,818.0,2140.0,0.14930183,0.44692358,889,1,0.735276351978525,15.207041,"{""type"":""Point"",""coordinates"":[108.32617706235253,13.916564546236112]}",108.32617706235253,13.916564546236112,644.5458296675234
000000000000000005ea,2689.5,1716.5,520.5,735.5,841.5,2617.0,0.2077997,0.51337284,889,1,0.2388024227259756,11.286845,"{""type"":""Point"",""coordinates"":[108.33264721798109,13.91387124919983]}",108.33264721798109,13.91387124919983,583.6099234889202
00000000000000000606,1567.0,772.0,416.0,577.0,437.0,2946.0,0.584723,0.74164945,890,1,0.3681180383191529,13.648223,"{""type"":""Point"",""coordinates"":[108.3286028133256,13.914678346490504]}",108.3286028133256,13.914678346490504,605.890941853803
00000000000000000346,2473.5,1588.5,560.0,736.5,852.5,2258.0,0.17405434,0.4518566,891,1,0.0917392050454519,16.820976,"{""type"":""Point"",""coordinates"":[108.31297366413327,13.870484195949803]}",108.31297366413327,13.870484195949803,1877.3990094180028
00000000000000000371,2298.5,1405.0,533.5,707.5,746.0,2162.0,0.21222316,0.4869326,891,1,0.0504398463906652,21.026522,"{""type"":""Point"",""coordinates"":[108.33507296895415,14.174470032965315]}",108.33507296895415,14.174470032965315,912.5127753832604
00000000000000000538,2060.5,1714.5,488.5,606.0,772.0,1602.0,-0.0339213,0.34962088,891,1,0.7797200471952977,11.936265,"{""type"":""Point"",""coordinates"":[108.33022146700802,13.9144108004273]}",108.33022146700802,13.9144108004273,697.8285565743466
0000000000000000057b,2144.0,1315.0,485.0,629.0,733.0,2435.0,0.29866666,0.5372475,891,1,0.1944913329682853,9.6167145,"{""type"":""Point"",""coordinates"":[108.38897012338717,13.983669557989419]}",108.38897012338717,13.983669557989419,692.614144432257
000000000000000005ee,3384.0,2138.5,599.0,749.0,1032.5,2584.0,0.09433563,0.42900595,891,1,0.3619859703035761,8.596414,"{""type"":""Point"",""coordinates"":[108.32536996506187,13.916297000172905]}",108.32536996506187,13.916297000172905,584.4619211425464
000000000000000003cd,2656.0,1501.0,519.5,699.5,622.0,3207.5,0.36242965,0.67515343,892,1,0.2362259674254063,19.408512,"{""type"":""Point"",""coordinates"":[108.36148422449371,13.956179199994926]}",108.36148422449371,13.956179199994926,2006.137201655099
000000000000000004f6,1733.0,884.0,628.0,793.0,802.0,2995.0,0.5442124,0.57756126,892,1,0.5115571940523749,1.9104071,"{""type"":""Point"",""coordinates"":[108.32375131137947,13.921148502119054]}",108.32375131137947,13.921148502119054,1090.13688104715
0000000000000000061c,2274.0,1579.0,527.0,656.0,820.0,1761.0,0.054491017,0.36458737,892,1,0.7536569203226837,22.792494,"{""type"":""Point"",""coordinates"":[108.33480096378989,14.168543887665285]}",108.33480096378989,14.168543887665285,629.7893833894126
000000000000000003cf,1872.0,1055.5,458.0,617.0,539.0,2677.5,0.43450308,0.6648531,893,1,0.3320231390890336,10.143042,"{""type"":""Point"",""coordinates"":[108.32941436971734,13.916836551400372]}",108.32941436971734,13.916836551400372,850.0218091051759
000000000000000004b3,2510.0,1598.0,485.0,672.0,802.0,2840.0,0.2798558,0.55958265,893,1,0.0630404275614883,14.973695,"{""type"":""Point"",""coordinates"":[108.32402331654373,13.916024995008643]}",108.32402331654373,13.916024995008643,524.4556476390821
000000000000000005be,1910.5,1867.0,555.5,670.5,920.5,1392.0,-0.14575022,0.20389189,893,1,0.5481040675881712,6.533903,"{""type"":""Point"",""coordinates"":[108.33183566158937,13.913871249199834]}",108.33183566158937,13.913871249199834,608.2281334217388
000000000000000005ed,3328.0,2277.0,617.0,785.0,1094.0,2465.0,0.03964572,0.38522056,893,1,0.1222500294039038,15.221477,"{""type"":""Point"",""coordinates"":[108.32510241899865,13.916024995008645]}",108.32510241899865,13.916024995008645,546.9745099161161
0000000000000000031a,2321.0,1784.5,544.0,713.0,789.0,2179.0,0.09953324,0.46832883,894,1,0.104852081498498,10.268472,"{""type"":""Point"",""coordinates"":[108.33237521281681,13.91387124919983]}",108.33237521281681,13.91387124919983,590.6699882323065
00000000000000000331,1964.0,1047.0,485.0,631.0,637.0,3033.0,0.4867647,0.65286106,894,1,0.3271892770456311,7.29476,"{""type"":""Point"",""coordinates"":[108.32590951628931,13.91117795216355]}",108.32590951628931,13.91117795216355,120.84083888201287
0000000000000000038e,2496.0,1793.0,507.0,706.0,937.0,2470.0,0.15880835,0.44995597,894,1,0.1848653278769257,18.210047,"{""type"":""Point"",""coordinates"":[108.32321176015198,13.915757448945438]}",108.32321176015198,13.915757448945438,552.1718092033049
000000000000000003d0,2049.5,1143.0,512.5,732.0,801.0,3014.0,0.4500842,0.58007866,894,1,0.3480171603543941,7.490958,"{""type"":""Point"",""coordinates"":[108.3345334177267,13.913064151909158]}",108.3345334177267,13.913064151909158,461.43564441378464
000000000000000004df,2181.0,1371.0,484.5,580.5,649.5,1968.5,0.178919,0.5038197,894,1,0.7285927632565095,17.081573,"{""type"":""Point"",""coordinates"":[108.27820605321955,14.170430087410892]}",108.27820605321955,14.170430087410892,1777.5022717968607
00000000000000000611,1968.0,841.5,332.5,600.0,288.5,3497.5,0.6121226,0.8475964,894,1,0.0209179813905633,17.799025,"{""type"":""Point"",""coordinates"":[108.3399244709003,14.175821140584508]}",108.3399244709003,14.175821140584508,726.9559021983288
000000000000000003e3,1878.0,973.0,397.0,557.0,626.0,2213.0,0.38920277,0.55899966,895,1,0.66756648240963,26.027721,"{""type"":""Point"",""coordinates"":[108.3445039676822,14.149949436272419]}",108.3445039676822,14.149949436272419,1486.8059501300122
000000000000000004d0,2002.0,1249.0,526.0,652.0,627.0,2338.0,0.30359632,0.57706577,895,1,0.5437823481253093,5.8633947,"{""type"":""Point"",""coordinates"":[108.32968191578054,13.917104097463579]}",108.32968191578054,13.917104097463579,890.9654991947076
00000000000000000356,3407.0,2098.0,576.0,699.0,1027.0,2458.0,0.07901668,0.41061693,896,1,0.5133562889542067,11.936278,"{""type"":""Point"",""coordinates"":[108.32698861874425,13.916024995008645]}",108.32698861874425,13.916024995008645,633.8519296182473
00000000000000000423,1903.5,1121.5,472.0,580.0,673.5,2293.5,0.3431918,0.5460061,897,1,0.6568770410785312,13.260242,"{""type"":""Point"",""coordinates"":[108.32994946184375,13.914138795263039]}",108.32994946184375,13.914138795263039,655.7086585700932
0000000000000000042b,2949.0,1937.0,579.0,708.0,982.0,2177.0,0.058337383,0.37828428,897,1,0.6305291038634635,17.4667,"{""type"":""Point"",""coordinates"":[108.32617706235253,13.916297000172904]}",108.32617706235253,13.916297000172904,617.8355554538767
00000000000000000575,3342.0,2037.0,575.0,701.0,991.0,2356.0,0.07261553,0.4078279,897,1,0.4387134334439201,20.398502,"{""type"":""Point"",""coordinates"":[108.32671661358,13.916297000172905]}",108.32671661358,13.916297000172905,645.7953339554664
00000000000000000460,2871.5,1712.5,623.0,846.5,826.5,3074.0,0.28444585,0.5762082,898,1,0.7463454283390154,13.534558,"{""type"":""Point"",""coordinates"":[108.3428853139998,14.173934940838901]}",108.3428853139998,14.173934940838901,492.71243740406476
000000000000000004ed,2211.0,1260.5,472.0,697.5,634.0,2935.5,0.3991897,0.6447682,898,1,0.0890367933898336,20.400158,"{""type"":""Point"",""coordinates"":[108.32752371087066,13.914678346490504]}",108.32752371087066,13.914678346490504,537.3527222221807
0000000000000000050f,1489.0,671.0,444.0,580.0,428.0,3059.0,0.6402145,0.7545168,898,1,0.1069719177883129,16.642967,"{""type"":""Point"",""coordinates"":[108.32779571603493,13.914678346490504]}",108.32779571603493,13.914678346490504,553.7180732893476
000000000000000005e2,3456.0,2069.0,556.0,702.0,1037.0,2427.0,0.07962634,0.4012702,898,1,0.6310163197194039,14.492833,"{""type"":""Point"",""coordinates"":[108.32725616480748,13.916024995008645]}",108.32725616480748,13.916024995008645,648.3720616556506
000000000000000004d1,1624.5,735.5,405.5,596.5,368.0,3595.0,0.66031635,0.8142821,899,1,0.6019129432480507,6.7967877,"{""type"":""Point"",""coordinates"":[108.31782516607943,13.914410800427298]}",108.31782516607943,13.914410800427298,186.8871995651673
00000000000000000628,2021.0,920.0,553.0,693.0,667.0,3163.0,0.549351,0.6516971,899,1,0.5606300593889711,9.294373,"{""type"":""Point"",""coordinates"":[108.32563751112507,13.91117795216355]}",108.32563751112507,13.91117795216355,103.12742449598704
0000000000000000041f,2145.0,1086.0,638.0,743.0,691.0,3086.0,0.4793864,0.63410115,900,1,0.4324903002071611,7.903876,"{""type"":""Point"",""coordinates"":[108.32536996506187,13.91117795216355]}",108.32536996506187,13.91117795216355,85.70442472769939
00000000000000000474,2785.0,1934.0,579.0,787.0,955.0,2498.0,0.12725632,0.4468578,900,1,0.5650891050597471,17.92301,"{""type"":""Point"",""coordinates"":[108.32429086260692,13.910098849708616]}",108.32429086260692,13.910098849708616,77.77444860638273
00000000000000000408,1474.5,641.5,589.5,682.0,509.0,3140.5,0.6607615,0.72105765,901,1,0.4618720251836803,9.384905,"{""type"":""Point"",""coordinates"":[108.31755316091518,13.914410800427298]}",108.31755316091518,13.914410800427298,180.07769365948332
0000000000000000033b,2259.5,1480.5,511.5,656.5,680.5,2007.5,0.15108944,0.4936756,902,1,0.0053754439776997,18.62579,"{""type"":""Point"",""coordinates"":[108.27847805838383,14.170430087410896]}",108.27847805838383,14.170430087410896,1750.2232383632145
00000000000000000511,2687.0,1664.0,499.0,640.0,753.0,2703.0,0.23792078,0.5642361,902,1,0.411222930193605,16.042494,"{""type"":""Point"",""coordinates"":[108.32698861874425,13.915757448945438]}",108.32698861874425,13.915757448945438,608.0954683306506
000000000000000004f2,3004.5,2178.0,572.0,694.5,1094.5,2131.0,-0.010907403,0.32134554,903,1,0.1915702796017653,14.734287,"{""type"":""Point"",""coordinates"":[108.32563751112505,13.916024995008645]}",108.32563751112505,13.916024995008645,566.3276278061986
000000000000000003f1,2878.5,2034.0,738.0,912.0,991.5,2686.5,0.13822688,0.4608483,905,1,0.0478947054566503,23.384838,"{""type"":""Point"",""coordinates"":[108.34099911425417,13.924109345218543]}",108.34099911425417,13.924109345218543,1371.3197034997922
000000000000000004d3,1560.0,706.0,444.0,598.0,440.0,3070.0,0.6260593,0.7492877,905,1,0.3858751419716516,16.642967,"{""type"":""Point"",""coordinates"":[108.32806326209813,13.914678346490504]}",108.32806326209813,13.914678346490504,570.7542773902677
00000000000000000370,1979.0,1001.5,563.5,692.0,594.5,3246.0,0.5284285,0.6904049,906,1,0.4532749849704874,5.628212,"{""type"":""Point"",""coordinates"":[108.31728561485195,13.915217897717971]}",108.31728561485195,13.915217897717971,620.936041348021
00000000000000000468,2300.0,1344.0,542.0,808.0,914.0,2702.0,0.33564013,0.49446902,906,1,0.4958319412545905,23.28265,"{""type"":""Point"",""coordinates"":[108.3445039676822,14.149677431108154]}",108.3445039676822,14.149677431108154,1460.509678557422
000000000000000004b2,2117.0,1076.0,616.0,678.0,747.0,3253.0,0.5028875,0.6265,907,1,0.7633836110668547,1.9103612,"{""type"":""Point"",""coordinates"":[108.31755316091518,13.91548544378118]}",108.31755316091518,13.91548544378118,623.8087582631016
0000000000000000058c,2302.5,1257.0,464.0,684.5,539.0,3195.0,0.43530998,0.71130157,907,1,0.2220617916096601,26.145412,"{""type"":""Point"",""coordinates"":[108.34207821670911,14.161534180809268]}",108.34207821670911,14.161534180809268,443.1550516526203
00000000000000000486,2912.0,1972.0,689.0,922.0,1109.0,2257.0,0.06739182,0.34105763,908,1,0.3113656299088229,22.883284,"{""type"":""Point"",""coordinates"":[108.34127111941844,13.924381350382802]}",108.34127111941844,13.924381350382802,1404.9638206411748
00000000000000000524,1712.0,774.0,504.0,613.0,498.5,3310.5,0.62100625,0.7382515,908,1,0.0343266151049536,7.0611515,"{""type"":""Point"",""coordinates"":[108.31755316091518,13.914678346490504]}",108.31755316091518,13.914678346490504,209.37879530891783
0000000000000000054c,2208.0,1218.0,587.0,709.0,678.0,3194.0,0.44786945,0.6497934,911,1,0.1761529161794981,9.370889,"{""type"":""Point"",""coordinates"":[108.31728561485195,13.91548544378118]}",108.31728561485195,13.91548544378118,642.722459791089
0000000000000000056c,3261.0,2742.0,783.0,1117.0,1115.0,2622.0,-0.022371365,0.40326464,911,1,0.4629458778760665,16.247086,"{""type"":""Point"",""coordinates"":[108.3345334177267,14.179053988848256]}",108.3345334177267,14.179053988848256,1843.9358973008802
0000000000000000057d,2585.5,1649.5,596.0,881.0,1052.0,2439.5,0.19320127,0.39739367,914,1,0.3423382562082685,15.866158,"{""type"":""Point"",""coordinates"":[108.34477151374541,14.149677431108158]}",108.34477151374541,14.149677431108158,1474.9702399594428
000000000000000005d3,2217.0,1190.0,532.0,748.0,665.0,3299.5,0.46987414,0.66452265,914,1,0.2277601553269629,12.76933,"{""type"":""Point"",""coordinates"":[108.3205184631157,13.908480196026213]}",108.3205184631157,13.908480196026213,18.212273859688576
00000000000000000384,1917.0,926.0,556.0,668.0,586.0,3073.0,0.53688425,0.6796939,915,1,0.5054752895804631,8.288201,"{""type"":""Point"",""coordinates"":[108.31701360968769,13.91548544378118]}",108.31701360968769,13.91548544378118,662.6948415271097
00000000000000000446,2439.0,1772.0,513.0,674.0,775.0,1904.0,0.035908595,0.4214259,916,1,0.7608674439489391,8.593595,"{""type"":""Point"",""coordinates"":[108.34558307013712,14.155068484281772]}",108.34558307013712,14.155068484281772,1207.1237704728837
000000000000000005f7,1611.0,726.0,446.0,604.0,453.0,2988.0,0.6090469,0.73670447,916,1,0.3134654362125293,29.577204,"{""type"":""Point"",""coordinates"":[108.32779571603493,13.914410800427298]}",108.32779571603493,13.914410800427298,529.6708663075909
00000000000000000320,2482.0,1715.0,532.0,681.0,783.0,2306.0,0.14697836,0.49303982,917,1,0.5792588537589134,15.853098,"{""type"":""Point"",""coordinates"":[108.34127111941845,13.924648896446012]}",108.34127111941845,13.924648896446012,1434.3279335533537
0000000000000000051e,2431.5,1327.5,598.0,794.0,787.0,3295.5,0.4256976,0.61445194,917,1,0.6563481508773144,20.783102,"{""type"":""Point"",""coordinates"":[108.31943936066077,13.909019747253684]}",108.31943936066077,13.909019747253684,101.27585229444348
000000000000000005ae,2576.0,1829.0,534.0,688.0,824.0,1988.0,0.04165575,0.41394025,917,1,0.6889777398088966,8.593584,"{""type"":""Point"",""coordinates"":[108.34558307013712,14.154800938218568]}",108.34558307013712,14.154800938218568,1229.6057784514146
00000000000000000447,2603.0,1518.0,578.0,802.0,741.0,2523.0,0.24870081,0.5459559,918,1,0.2539264870630513,22.70912,"{""type"":""Point"",""coordinates"":[108.27578476134755,14.072062318171874]}",108.27578476134755,14.072062318171874,930.5356579384385
000000000000000004e0,3221.0,2449.0,714.0,1004.0,1225.0,2362.0,-0.01808356,0.31697798,918,1,0.6248713820736602,17.52824,"{""type"":""Point"",""coordinates"":[108.33480096378989,14.179053988848256]}",108.33480096378989,14.179053988848256,1868.0740578369698
000000000000000005e7,1846.0,1186.0,497.0,690.0,992.0,1629.0,0.15737122,0.24303702,918,1,0.5206701311528582,7.616887,"{""type"":""Point"",""coordinates"":[108.3264490675168,13.913064151909158]}",108.3264490675168,13.913064151909158,324.06453678116867
0000000000000000033d,3022.5,1841.0,667.0,830.5,950.5,2905.0,0.22418879,0.50693816,919,1,0.4200053038175037,15.206945,"{""type"":""Point"",""coordinates"":[108.31997891188824,13.911713044289963]}",108.31997891188824,13.911713044289963,83.86855399929658
00000000000000000471,2622.5,1642.5,513.0,812.5,813.0,2750.5,0.25221944,0.543707,919,1,0.6666122794119425,11.288028,"{""type"":""Point"",""coordinates"":[108.37792047097672,13.986362855025702]}",108.37792047097672,13.986362855025702,228.3199910119976
0000000000000000049f,3057.5,2156.5,563.5,800.5,1064.5,2404.5,0.05437404,0.38627848,919,1,0.5004497067948149,19.287792,"{""type"":""Point"",""coordinates"":[108.34531106497286,14.15533603034498]}",108.34531106497286,14.15533603034498,1165.4643739977328
000000000000000005fb,3477.0,2253.0,624.5,945.5,1115.5,3160.0,0.16755958,0.47818968,921,1,0.0164579300229977,11.883978,"{""type"":""Point"",""coordinates"":[108.34612262136459,14.154528933054307]}",108.34612262136459,14.154528933054307,1290.5122000631122
00000000000000000629,2534.5,1838.0,502.0,644.0,853.0,1940.0,0.026998412,0.38918725,923,1,0.7734271857918,8.737995,"{""type"":""Point"",""coordinates"":[108.34585061620032,14.154800938218568]}",108.34585061620032,14.154800938218568,1248.4713800820516
00000000000000000388,2424.5,1395.0,431.5,599.5,613.5,2909.5,0.3518411,0.6517173,926,1,0.097552607308995,6.2365,"{""type"":""Point"",""coordinates"":[108.34612262136459,14.154800938218568]}",108.34612262136459,14.154800938218568,1268.0398549949807
0000000000000000058e,2257.0,1308.0,485.0,659.0,577.0,2636.0,0.336714,0.6408341,926,1,0.7865409747342247,24.116955,"{""type"":""Point"",""coordinates"":[108.27901760961129,14.165039034237276]}",108.27901760961129,14.165039034237276,1616.360142481065
00000000000000000579,2190.0,1258.5,410.5,560.5,734.0,2298.0,0.29228175,0.5158311,927,1,0.7070946425479874,10.562816,"{""type"":""Point"",""coordinates"":[108.34612262136459,14.155068484281774]}",108.34612262136459,14.155068484281774,1246.2513227506497
00000000000000000461,1584.5,826.0,327.0,461.0,424.0,2204.5,0.45487544,0.6773825,928,1,0.3144092379052084,17.79117,"{""type"":""Point"",""coordinates"":[108.34612262136459,14.15533603034498]}",108.34612262136459,14.15533603034498,1224.7923855182855
000000000000000004e5,2419.5,1578.0,472.0,606.0,785.0,2433.0,0.2131638,0.51211935,928,1,0.4756051854554899,27.073893,"{""type"":""Point"",""coordinates"":[108.32725616480747,13.9144108004273]}",108.32725616480747,13.9144108004273,496.7331987043117
000000000000000005af,2279.5,1385.5,479.0,631.0,653.0,2028.0,0.18822323,0.51286834,928,1,0.3960347133128642,20.238792,"{""type"":""Point"",""coordinates"":[108.27578476134755,14.149137879880685]}",108.27578476134755,14.149137879880685,952.7914553845823
00000000000000000337,1629.0,966.0,366.0,492.5,557.5,1997.5,0.34806815,0.5636008,930,1,0.1248802972954054,19.396168,"{""type"":""Point"",""coordinates"":[108.34612262136459,14.155608035509239]}",108.34612262136459,14.155608035509239,1202.7740779867904
00000000000000000631,2547.0,1810.0,513.0,732.0,856.0,2406.0,0.14136623,0.47516862,932,1,0.1912300384501303,42.17593,"{""type"":""Point"",""coordinates"":[108.33776626599044,14.166925233982884]}",108.33776626599044,14.166925233982884,284.1202101692882
000000000000000005dc,1822.0,761.0,365.0,568.0,295.0,3554.0,0.64727694,0.8467134,933,1,0.057578941294669,5.0037794,"{""type"":""Point"",""coordinates"":[108.41753512473554,14.150488987499884]}",108.41753512473554,14.150488987499884,6191.718198944102
00000000000000000322,2406.5,1695.0,574.5,871.5,876.5,2368.0,0.16564116,0.45970103,934,1,0.1009098862411804,21.0259,"{""type"":""Point"",""coordinates"":[108.34639016742781,14.166385682755418]}",108.34639016742781,14.166385682755418,591.1401111515797
00000000000000000469,2030.0,1114.5,355.0,565.0,441.5,2851.5,0.43797275,0.73185545,935,1,0.3068821148538732,17.271624,"{""type"":""Point"",""coordinates"":[108.34073156819099,13.924920901610268]}",108.34073156819099,13.924920901610268,1457.6811448343035
0000000000000000049c,2157.0,1248.5,592.0,751.5,636.5,2934.0,0.40298864,0.6434673,936,1,0.3860380092142735,13.184176,"{""type"":""Point"",""coordinates"":[108.31889980943332,13.904707796535]}",108.31889980943332,13.904707796535,92.0562620173513
0000000000000000055f,2708.0,1931.0,573.5,798.5,889.0,2246.0,0.075412974,0.43285486,938,1,0.2163974921785116,17.288317,"{""type"":""Point"",""coordinates"":[108.35124166937395,14.177167789102649]}",108.35124166937395,14.177167789102649,1307.0299304421458
00000000000000000601,1811.0,980.5,374.0,522.0,515.5,2360.0,0.41296214,0.6414537,938,1,0.7872447526900119,18.467186,"{""type"":""Point"",""coordinates"":[108.3463901674278,14.15533603034498]}",108.3463901674278,14.15533603034498,1244.5351310789356
00000000000000000366,2490.5,1512.0,494.0,732.5,833.0,2451.0,0.23694171,0.49269184,941,1,0.6722056713004395,9.298439,"{""type"":""Point"",""coordinates"":[108.3264490675168,14.183633485630148]}",108.3264490675168,14.183633485630148,1589.916665869444
00000000000000000401,2745.0,1504.0,825.0,1084.0,925.0,3342.0,0.37928188,0.5664401,941,1,0.2536872398035076,14.967821,"{""type"":""Point"",""coordinates"":[108.36040512203878,13.933812349110843]}",108.36040512203878,13.933812349110843,3324.936507297897
000000000000000004c8,1980.0,1107.5,574.0,702.5,561.0,3070.0,0.46977857,0.6909942,942,1,0.5607920230357177,3.9267297,"{""type"":""Point"",""coordinates"":[108.3186322633701,13.904707796534998]}",108.3186322633701,13.904707796534998,84.01177102039404
00000000000000000556,1994.0,1254.0,600.0,842.0,708.0,2889.0,0.39464158,0.6063386,944,1,0.7402876048709511,4.716837,"{""type"":""Point"",""coordinates"":[108.31782516607943,13.904168245307535]}",108.31782516607943,13.904168245307535,142.13246760906435
0000000000000000047b,2377.0,1544.0,560.5,708.5,885.0,2320.5,0.20093155,0.44782406,946,1,0.0549673349851991,14.561639,"{""type"":""Point"",""coordinates"":[108.35178122060141,14.17689578393839]}",108.35178122060141,14.17689578393839,1333.6520866303401
000000000000000004bd,3069.0,2103.0,551.5,749.0,815.0,2406.5,0.06730236,0.49402452,946,1,0.1173310522113089,18.487005,"{""type"":""Point"",""coordinates"":[108.34773681594595,14.154800938218568]}",108.34773681594595,14.154800938218568,1388.869042017304
0000000000000000051b,2955.0,1791.0,890.0,1128.0,1096.0,3166.0,0.2773855,0.48568746,947,1,0.658108043169678,16.801931,"{""type"":""Point"",""coordinates"":[108.36067266810198,13.933812349110841]}",108.36067266810198,13.933812349110841,3344.702663380734
00000000000000000336,2908.0,2088.0,531.5,735.5,774.0,2278.5,0.04362762,0.49287468,948,1,0.0362028153358122,17.42922,"{""type"":""Point"",""coordinates"":[108.34800882111021,14.154800938218568]}",108.34800882111021,14.154800938218568,1409.7302953885116
00000000000000000435,2857.0,1702.0,788.0,989.0,1020.0,3142.0,0.29727498,0.50985104,948,1,0.4356744007581492,15.927587,"{""type"":""Point"",""coordinates"":[108.36067266810198,13.9340843542751]}",108.36067266810198,13.9340843542751,3366.714346550143
0000000000000000052d,3207.0,2152.0,775.0,891.0,1094.0,2449.0,0.06455118,0.38244426,948,1,0.5340786686795658,12.951478,"{""type"":""Point"",""coordinates"":[108.31512740994211,13.910638400936085]}",108.31512740994211,13.910638400936085,312.8792076324493
00000000000000000376,2540.0,1700.0,513.0,693.0,830.0,2282.0,0.14615771,0.466581,959,1,0.2096262168741396,29.93754,"{""type"":""Point"",""coordinates"":[108.33749871992723,14.166925233982884]}",108.33749871992723,14.166925233982884,300.83339529219074
00000000000000000398,2970.0,1783.0,746.0,1132.0,1013.0,3063.0,0.26413536,0.50294405,959,1,0.7532136070034766,17.775414,"{""type"":""Point"",""coordinates"":[108.36094467326626,13.933544803047633]}",108.36094467326626,13.933544803047633,3343.5382817675845
00000000000000000449,3126.0,1894.0,788.0,1130.0,1379.0,3273.0,0.266886,0.4071367,959,1,0.11811755269602,18.447203,"{""type"":""Point"",""coordinates"":[108.36094467326626,13.933812349110841]}",108.36094467326626,13.933812349110841,3364.9345538934126
00000000000000000463,2613.5,1600.5,573.5,840.0,806.5,2898.5,0.28850856,0.56464237,959,1,0.7847987072895151,24.647783,"{""type"":""Point"",""coordinates"":[108.26527466016456,14.080146668381776]}",108.26527466016456,14.080146668381776,2039.6141891879568
00000000000000000430,2040.0,989.0,535.0,700.0,580.0,3392.5,0.54855645,0.70799243,960,1,0.2906138387965434,7.6168685,"{""type"":""Point"",""coordinates"":[108.31943936066077,13.903900699244327]}",108.31943936066077,13.903900699244327,197.75503442428123
000000000000000005ab,2737.0,1587.0,722.0,1045.0,823.0,3324.0,0.35369578,0.6030866,962,1,0.542016231394679,16.979488,"{""type"":""Point"",""coordinates"":[108.36094467326626,13.933272797883378]}",108.36094467326626,13.933272797883378,3321.9151918229745
0000000000000000054f,2702.0,1918.0,721.0,900.0,1048.0,2599.0,0.15076378,0.42528105,963,1,0.4819925559668955,8.758891,"{""type"":""Point"",""coordinates"":[108.27955716083875,14.15614758673671]}",108.27955716083875,14.15614758673671,789.5019762030232
00000000000000000375,2300.5,1243.0,478.0,690.5,566.5,2939.5,0.40561864,0.6768397,968,1,0.6186415981457541,22.25968,"{""type"":""Point"",""coordinates"":[108.34396441645472,14.164771488174068]}",108.34396441645472,14.164771488174068,336.3116055345577
00000000000000000522,2708.5,1816.0,558.5,756.5,859.5,2620.5,0.18133664,0.5060345,971,1,0.3301009449410316,11.821326,"{""type"":""Point"",""coordinates"":[108.35150921543716,14.180400637366397]}",108.35150921543716,14.180400637366397,1580.4180398805079
00000000000000000351,2329.0,1314.0,421.0,656.0,513.0,2705.0,0.346106,0.68116844,972,1,0.7130270798713617,9.105282,"{""type"":""Point"",""coordinates"":[108.35204876666462,14.182558842276265]}",108.35204876666462,14.182558842276265,1803.2619234577005
0000000000000000043d,1910.5,1016.5,343.5,498.0,374.0,2676.0,0.4494245,0.7547541,974,1,0.5230417819974054,16.60511,"{""type"":""Point"",""coordinates"":[108.35178122060141,14.181747285884539]}",108.35178122060141,14.181747285884539,1714.397169619801
00000000000000000406,2753.0,2003.5,525.5,704.5,951.5,1860.5,-0.03700828,0.32325748,975,1,0.2572088046794788,25.368961,"{""type"":""Point"",""coordinates"":[108.34854837233766,14.155336030344976]}",108.34854837233766,14.155336030344976,1394.7373262634603
0000000000000000058f,2614.5,1470.5,455.0,697.5,714.0,2362.5,0.23271589,0.53583616,975,1,0.5658031306503992,17.615465,"{""type"":""Point"",""coordinates"":[108.32671661358,14.184980134148285]}",108.32671661358,14.184980134148285,1733.8079208583706
00000000000000000452,2415.5,1615.0,705.5,989.0,912.0,2661.5,0.24470946,0.48957604,976,1,0.2106382151713116,24.297321,"{""type"":""Point"",""coordinates"":[108.36363797030252,13.922495150637195]}",108.36363797030252,13.922495150637195,2840.144797613275
00000000000000000569,3409.0,2533.0,980.0,1224.0,1459.0,2610.0,0.014971807,0.28287047,977,1,0.1481213186225819,22.039799,"{""type"":""Point"",""coordinates"":[108.31755316091518,13.907133547508076]}",108.31755316091518,13.907133547508076,99.83331796041817
00000000000000000605,2665.0,1873.0,568.0,765.5,933.5,2444.0,0.13226777,0.4472243,979,1,0.3436504779968984,30.60996,"{""type"":""Point"",""coordinates"":[108.34773681594595,14.16611813669221]}",108.34773681594595,14.16611813669221,730.0518429383852
000000000000000003ba,2534.0,1941.0,530.0,698.0,818.0,2142.0,0.049228508,0.4472973,981,1,0.6640325809641849,23.669922,"{""type"":""Point"",""coordinates"":[108.34719726471847,14.157494235254848]}",108.34719726471847,14.157494235254848,1116.1006403005945
000000000000000003cc,2660.0,1671.0,630.0,839.0,653.0,3027.0,0.28863347,0.6451087,982,1,0.0269458701768574,20.972946,"{""type"":""Point"",""coordinates"":[108.36390551636573,13.922223145472934]}",108.36390551636573,13.922223145472934,2838.828191224124
00000000000000000546,2648.0,1862.0,666.0,888.0,1046.0,2757.0,0.19376488,0.44990796,982,1,0.4525536224154505,26.298607,"{""type"":""Point"",""coordinates"":[108.31809271214263,13.90282159678939]}",108.31809271214263,13.90282159678939,290.7780445053416
00000000000000000415,2724.0,1713.0,501.0,766.0,677.0,3372.0,0.32625368,0.6655964,986,1,0.62468839358711,23.677532,"{""type"":""Point"",""coordinates"":[108.3525883178921,14.182286837112008]}",108.3525883178921,14.182286837112008,1815.5543983516748
00000000000000000390,2393.5,1369.0,483.5,673.5,612.5,3082.0,0.38485733,0.66842604,987,1,0.4430604585041122,22.3294,"{""type"":""Point"",""coordinates"":[108.35232077182887,14.181747285884539]}",108.35232077182887,14.181747285884539,1751.010858120823
0000000000000000032c,1992.0,1119.5,421.0,603.5,436.5,3026.0,0.45989627,0.74787,988,1,0.0436873805119608,29.04788,"{""type"":""Point"",""coordinates"":[108.34800882111021,14.166118136692214]}",108.34800882111021,14.166118136692214,755.2416327931381
0000000000000000035e,3225.0,2523.0,946.0,1171.0,1373.0,2546.0,0.004537384,0.29931104,990,1,0.3534629791650454,16.91461,"{""type"":""Point"",""coordinates"":[108.36390551636575,13.922495150637197]}",108.36390551636575,13.922495150637197,2860.301387620284
000000000000000005c4,2164.5,1004.5,447.5,688.0,420.5,3899.5,0.5903344,0.8053241,992,1,0.2135016493231907,10.142503,"{""type"":""Point"",""coordinates"":[108.31782516607943,13.902554050726183]}",108.31782516607943,13.902554050726183,255.68434722915623
00000000000000000426,2600.0,1801.0,669.5,768.5,941.5,2036.0,0.061245766,0.36759025,993,1,0.5363635573761498,14.303967,"{""type"":""Point"",""coordinates"":[108.26123025550909,14.092547428411407]}",108.26123025550909,14.092547428411407,2315.4803189455934
000000000000000005ef,2798.0,1435.0,651.0,995.0,830.0,3846.0,0.4565423,0.64499575,995,1,0.0742326904974598,28.363216,"{""type"":""Point"",""coordinates"":[108.36201931662013,13.942168704485]}",108.36201931662013,13.942168704485,3499.1822513285174
000000000000000003d8,2734.0,1884.0,558.0,786.0,984.0,2517.0,0.14383094,0.43787488,996,1,0.5524085050964163,5.516238,"{""type"":""Point"",""coordinates"":[108.3447715137454,14.164231936946607]}",108.3447715137454,14.164231936946607,438.03628353232233
000000000000000004ca,3183.5,2111.5,645.0,879.5,1126.0,2586.5,0.10110685,0.39340067,996,1,0.5738478459546303,14.443286,"{""type"":""Point"",""coordinates"":[108.34881591840087,14.152642733308697]}",108.34881591840087,14.152642733308697,1641.5796291216952
00000000000000000379,2339.0,1301.5,423.0,644.5,568.0,3154.0,0.41577825,0.69478774,997,1,0.6737879111324936,10.322546,"{""type"":""Point"",""coordinates"":[108.32105801434317,14.184712588085082]}",108.32105801434317,14.184712588085082,1505.4892679942093
000000000000000004a3,3141.0,1827.5,921.0,1068.5,1277.5,2374.5,0.13017611,0.30038336,998,1,0.2079080184310117,12.538096,"{""type"":""Point"",""coordinates"":[108.35096966420969,14.14940988504495]}",108.35096966420969,14.14940988504495,1884.876766763757
000000000000000005ba,2074.5,1181.0,351.5,527.0,489.5,2659.0,0.38489583,0.6890583,998,1,0.3427481681602233,15.62703,"{""type"":""Point"",""coordinates"":[108.35178122060142,14.183093934402677]}",108.35178122060142,14.183093934402677,1834.0431822859007
000000000000000004d9,2196.0,1117.0,409.0,684.0,520.0,3034.0,0.46181643,0.70737195,1000,1,0.4216248376734506,6.7220635,"{""type"":""Point"",""coordinates"":[108.3383058172179,13.927346652583344]}",108.3383058172179,13.927346652583344,1725.047099752275
00000000000000000444,2981.0,1574.0,542.0,767.0,935.0,2495.0,0.22634554,0.4548105,1004,1,0.6361164907867132,13.4267,"{""type"":""Point"",""coordinates"":[108.34504351890965,14.163959931782344]}",108.34504351890965,14.163959931782344,476.3453616731063
000000000000000004d4,2212.5,1085.0,436.0,697.0,580.5,3101.0,0.48160535,0.6846394,1004,1,0.0611879940207173,12.526902,"{""type"":""Point"",""coordinates"":[108.33776626599044,13.92761419864655]}",108.33776626599044,13.92761419864655,1759.848683188249
000000000000000003a8,2436.0,1660.0,525.0,693.0,787.0,2155.0,0.12975098,0.4649898,1005,1,0.4183011795636632,21.391357,"{""type"":""Point"",""coordinates"":[108.34558307013712,14.164231936946603]}",108.34558307013712,14.164231936946603,521.0728405141107
000000000000000003f3,3042.5,2012.0,604.0,857.0,890.0,3058.0,0.20631164,0.5491388,1006,1,0.6319940772866073,23.478975,"{""type"":""Point"",""coordinates"":[108.34585061620032,14.161806185973528]}",108.34585061620032,14.161806185973528,672.0906906287415
0000000000000000060e,2434.0,1497.0,702.5,828.5,1029.5,2681.5,0.28347492,0.44516304,1006,1,0.3172479805468929,25.066235,"{""type"":""Point"",""coordinates"":[108.35232077182887,14.147791231362548]}",108.35232077182887,14.147791231362548,1890.8671489435455
0000000000000000039b,2356.0,1502.0,493.5,691.0,853.0,1966.0,0.1337947,0.39482087,1007,1,0.0743823802767587,24.513767,"{""type"":""Point"",""coordinates"":[108.34585061620032,14.164231936946607]}",108.34585061620032,14.164231936946607,548.7669866976498
00000000000000000492,2138.0,1119.0,356.0,563.0,393.0,3584.0,0.5241335,0.8023636,1007,1,0.0322851112613938,21.965717,"{""type"":""Point"",""coordinates"":[108.35204876666462,14.183365939566938]}",108.35204876666462,14.183365939566938,1875.3500867711277
00000000000000000499,2974.0,1730.0,1054.0,1245.0,1345.0,2550.0,0.19158879,0.309371,1008,1,0.3631702166030415,19.703485,"{""type"":""Point"",""coordinates"":[108.35124166937396,14.149677431108158]}",108.35124166937396,14.149677431108158,1926.5234758730448
000000000000000005f9,2304.5,1406.0,467.0,603.5,607.0,2382.5,0.25775373,0.593912,1008,1,0.035708790942872,4.72052,"{""type"":""Point"",""coordinates"":[108.35582116615585,14.178781983684]}",108.35582116615585,14.178781983684,1810.094572129382
00000000000000000608,1973.0,1226.0,409.0,514.5,555.0,1867.0,0.20724216,0.5417011,1008,1,0.6169807063033942,8.759142,"{""type"":""Point"",""coordinates"":[108.35528161492837,14.178514437620791]}",108.35528161492837,14.178514437620791,1745.23771797593
00000000000000000564,2767.0,2127.5,500.0,673.0,836.0,2366.0,0.053076666,0.47782636,1009,1,0.7902630319375327,26.093178,"{""type"":""Point"",""coordinates"":[108.34908346446409,14.15614758673671]}",108.34908346446409,14.15614758673671,1361.0048719651088
0000000000000000054b,2641.0,2032.0,552.0,763.0,953.0,2047.0,0.003677372,0.36466667,1010,1,0.2669725554365179,13.375427,"{""type"":""Point"",""coordinates"":[108.34531106497288,14.163959931782344]}",108.34531106497288,14.163959931782344,503.28246387676234
00000000000000000347,2994.0,1939.0,668.5,925.5,963.5,2864.5,0.19267201,0.49660397,1013,1,0.1829077145204106,22.817726,"{""type"":""Point"",""coordinates"":[108.36201931662012,13.941629153257534]}",108.36201931662012,13.941629153257534,3558.0832552106617
000000000000000004b5,2238.5,1148.5,415.5,602.5,461.0,2799.0,0.41811273,0.7171779,1013,1,0.2704184777102467,19.514206,"{""type"":""Point"",""coordinates"":[108.31943936066077,14.185519685375754]}",108.31943936066077,14.185519685375754,1510.9706799016096
0000000000000000050a,2307.0,1566.0,572.0,722.0,766.0,2272.0,0.18394998,0.49572086,1015,1,0.3645984428726384,25.916044,"{""type"":""Point"",""coordinates"":[108.35070211814649,14.15641513279991]}",108.35070211814649,14.15641513279991,1460.2939772079649
0000000000000000038b,2427.0,1691.0,552.0,700.0,878.0,2003.0,0.08446129,0.3904894,1017,1,0.1379374552625111,15.721128,"{""type"":""Point"",""coordinates"":[108.34558307013712,14.16395993178234]}",108.34558307013712,14.16395993178234,530.7559934061093
000000000000000003ab,2145.0,1126.0,473.0,671.0,526.0,3035.0,0.45878395,0.7045774,1017,1,0.4280947285682908,2.1233613,"{""type"":""Point"",""coordinates"":[108.33695916869978,13.927346652583344]}",108.33695916869978,13.927346652583344,1741.9898763839976
0000000000000000060d,1635.0,769.0,417.0,621.0,435.0,3279.0,0.6200593,0.7657512,1017,1,0.4036510773552584,6.534003,"{""type"":""Point"",""coordinates"":[108.27497320495581,14.0809582247735]}",108.27497320495581,14.0809582247735,1099.6892471559163
0000000000000000059f,2335.0,1512.0,505.0,685.0,632.0,2006.0,0.14042069,0.5208491,1018,1,0.6837718108510922,17.528221,"{""type"":""Point"",""coordinates"":[108.3563607173833,14.178781983683999]}",108.3563607173833,14.178781983683999,1858.562392209185
00000000000000000534,2776.0,2058.0,578.5,717.0,869.5,2168.0,0.026029343,0.4274897,1019,1,0.7436608984561487,31.15313,"{""type"":""Point"",""coordinates"":[108.34612262136459,14.162073732036735]}",108.34612262136459,14.162073732036735,678.3966200595233
00000000000000000418,2261.5,1373.0,504.0,648.0,756.5,1885.0,0.15715162,0.4272194,1020,1,0.4751325617514922,19.780397,"{""type"":""Point"",""coordinates"":[108.34585061620032,14.163959931782344]}",108.34585061620032,14.163959931782344,557.9697690057138
000000000000000003a9,2223.0,1463.0,466.0,693.0,716.0,2121.0,0.18359375,0.49524146,1023,1,0.0736187456105313,18.028671,"{""type"":""Point"",""coordinates"":[108.35232077182887,14.183633485630148]}",108.35232077182887,14.183633485630148,1916.5561069715052
0000000000000000053f,1984.0,1280.0,383.0,516.0,503.0,1738.0,0.15175612,0.5510933,1024,1,0.7118150397884729,15.594943,"{""type"":""Point"",""coordinates"":[108.34854837233766,14.156687137964173]}",108.34854837233766,14.156687137964173,1277.9607267242088
000000000000000005ff,2673.0,1954.5,511.0,711.0,803.0,2134.5,0.044020545,0.4532766,1024,1,0.2707918411831436,20.98337,"{""type"":""Point"",""coordinates"":[108.3563607173833,14.179053988848256]}",108.3563607173833,14.179053988848256,1875.266756656631
00000000000000000368,3355.0,2000.0,725.5,1068.5,1109.0,3928.5,0.32529306,0.5597022,1026,1,0.4903039692479398,30.509504,"{""type"":""Point"",""coordinates"":[108.3622913217844,13.941629153257535]}",108.3622913217844,13.941629153257535,3553.2461592875097
00000000000000000425,2200.5,1520.5,468.0,611.5,693.5,1746.0,0.06903414,0.43144086,1030,1,0.4668430836092482,22.059404,"{""type"":""Point"",""coordinates"":[108.34908346446409,14.15830133254552]}",108.34908346446409,14.15830133254552,1189.8073939944056
000000000000000004fc,2611.0,1898.0,605.0,814.0,992.0,2122.0,0.055721395,0.36287734,1032,1,0.4329440879333638,33.705257,"{""type"":""Point"",""coordinates"":[108.35070211814649,14.156687137964173]}",108.35070211814649,14.156687137964173,1439.6290122797739
000000000000000003f6,2579.5,1420.0,566.5,820.5,736.5,3178.5,0.3824073,0.6237548,1036,1,0.752664936639242,18.960415,"{""type"":""Point"",""coordinates"":[108.35366742034702,14.149137879880685]}",108.35366742034702,14.149137879880685,2095.505978287236
00000000000000000516,1926.0,1351.0,412.0,541.0,526.0,2077.0,0.2117853,0.59585094,1039,1,0.5101050812582093,21.084545,"{""type"":""Point"",""coordinates"":[108.34908346446409,14.156687137964173]}",108.34908346446409,14.156687137964173,1316.4610735309623
000000000000000005de,3226.0,2185.5,612.5,992.5,1528.0,2473.5,0.06181584,0.23628639,1039,1,0.0017543778551455,14.400455,"{""type"":""Point"",""coordinates"":[108.34612262136459,14.163424839655928]}",108.34612262136459,14.163424839655928,606.6990611588645
00000000000000000567,3069.5,1955.0,639.5,852.0,1016.5,2777.5,0.1737982,0.46415392,1041,1,0.1149212705519031,24.433228,"{""type"":""Point"",""coordinates"":[108.34612262136459,14.160999088682857]}",108.34612262136459,14.160999088682857,751.9942067927665
00000000000000000597,2038.0,1156.0,420.0,693.0,540.0,3112.0,0.45829427,0.7042716,1041,1,0.5246347155129336,32.232018,"{""type"":""Point"",""coordinates"":[108.3622913217844,13.941089602030065]}",108.3622913217844,13.941089602030065,3612.2545578600607
0000000000000000057a,2995.0,2056.0,613.0,889.0,860.0,3363.0,0.2411884,0.5927066,1042,1,0.1837773125252764,1.8543341,"{""type"":""Point"",""coordinates"":[108.35204876666464,14.151835636018024]}",108.35204876666464,14.151835636018024,1933.130786506681
0000000000000000050c,1940.0,1346.0,473.0,532.0,675.0,1620.0,0.09238031,0.4117647,1044,1,0.4257194447073595,24.319227,"{""type"":""Point"",""coordinates"":[108.34908346446409,14.157222230090587]}",108.34908346446409,14.157222230090587,1273.310595800198
00000000000000000348,2354.0,1261.5,445.0,689.0,555.5,3343.0,0.45205778,0.7150186,1045,1,0.5752506973720902,26.661161,"{""type"":""Point"",""coordinates"":[108.35528161492837,14.179861086138931]}",108.35528161492837,14.179861086138931,1834.0014501973003
00000000000000000455,2231.5,1539.5,486.0,588.0,730.0,1980.5,0.12528409,0.461354,1048,1,0.1374866784143501,14.502481,"{""type"":""Point"",""coordinates"":[108.3463901674278,14.162613283264204]}",108.3463901674278,14.162613283264204,671.7814226181604
000000000000000003dc,2563.5,1779.5,562.5,719.0,881.5,1896.5,0.031828076,0.36537078,1056,1,0.1916158771295154,36.700317,"{""type"":""Point"",""coordinates"":[108.35070211814649,14.15695468402738]}",108.35070211814649,14.15695468402738,1419.633293366946
000000000000000003e5,2914.0,1819.0,733.0,861.0,933.0,2668.0,0.18921328,0.4818106,1056,1,0.6596040347840348,25.883366,"{""type"":""Point"",""coordinates"":[108.3542069715745,14.149677431108154]}",108.3542069715745,14.149677431108154,2177.6986772718064
000000000000000005b2,3093.0,1894.0,522.0,817.0,1012.0,3380.0,0.2817596,0.5391621,1058,1,0.1553453604674146,24.406187,"{""type"":""Point"",""coordinates"":[108.32510241899865,14.186870792994947]}",108.32510241899865,14.186870792994947,1850.4042402381851
000000000000000004ec,3263.5,2371.5,679.5,901.5,1117.5,2900.5,0.100341424,0.44375312,1059,1,0.3616492351189588,24.75502,"{""type"":""Point"",""coordinates"":[108.3463901674278,14.160727083518594]}",108.3463901674278,14.160727083518594,793.6449963051901
000000000000000005f1,3148.5,1895.0,676.0,898.5,913.5,2706.5,0.17635554,0.49530387,1069,1,0.4324006171430998,18.212242,"{""type"":""Point"",""coordinates"":[108.35232077182887,14.150488987499884]}",108.35232077182887,14.150488987499884,2068.945722402979
000000000000000004f1,2792.0,1792.0,529.0,686.0,760.0,2017.0,0.05907062,0.45264673,1070,1,0.2228132020011669,28.538912,"{""type"":""Point"",""coordinates"":[108.3498950208558,14.169890536183422]}",108.3498950208558,14.169890536183422,855.576606070699
000000000000000004b0,3836.0,3035.0,826.0,1103.5,1490.0,2998.5,-0.0060495567,0.3360811,1071,1,0.5864523587007764,24.857103,"{""type"":""Point"",""coordinates"":[108.34665771349101,14.160999088682855]}",108.34665771349101,14.160999088682855,796.0153278491123
000000000000000004a2,2672.5,1398.5,545.0,717.0,688.5,2691.0,0.3160533,0.5925433,1072,1,0.3680348370030607,28.872168,"{""type"":""Point"",""coordinates"":[108.35339541518277,14.150488987499884]}",108.35339541518277,14.150488987499884,2140.713775999893
00000000000000000566,1756.0,1004.0,340.0,444.0,418.0,2091.0,0.35121164,0.66679955,1072,1,0.2774378264563801,23.395145,"{""type"":""Point"",""coordinates"":[108.34773681594595,14.159112888937248]}",108.34773681594595,14.159112888937248,1022.1176453602071
00000000000000000409,3459.0,2696.0,724.0,1006.0,1196.0,2774.0,0.014259598,0.3974811,1073,1,0.7314845109035858,20.453295,"{""type"":""Point"",""coordinates"":[108.346657713491,14.160727083518594]}",108.346657713491,14.160727083518594,815.3412044838717
00000000000000000439,1954.0,1149.0,377.0,504.0,516.0,2304.0,0.33449176,0.63404256,1074,1,0.3671284226815312,28.524387,"{""type"":""Point"",""coordinates"":[108.34746926988272,14.159112888937248]}",108.34746926988272,14.159112888937248,1001.5333826286443
0000000000000000054e,2715.0,1853.0,653.5,805.0,890.5,2297.5,0.10709553,0.44134253,1074,1,0.1310065869424587,23.824514,"{""type"":""Point"",""coordinates"":[108.3542069715745,14.150488987499884]}",108.3542069715745,14.150488987499884,2197.4296541076396
0000000000000000044d,2424.5,1567.5,511.0,647.5,795.5,2175.5,0.16243654,0.46449006,1075,1,0.1224673397075227,13.912515,"{""type"":""Point"",""coordinates"":[108.35232077182887,14.1510240796263]}",108.35232077182887,14.1510240796263,2021.859378359365
00000000000000000465,2401.5,1396.5,559.5,699.5,717.5,2512.0,0.2854036,0.55565876,1075,1,0.0266548389980474,21.85118,"{""type"":""Point"",""coordinates"":[108.346657713491,14.160187532291127]}",108.346657713491,14.160187532291127,855.5265881964192
000000000000000004b9,2646.0,1652.0,611.0,737.0,888.0,2335.0,0.17130674,0.4489606,1075,1,0.4735750182620145,21.89951,"{""type"":""Point"",""coordinates"":[108.346657713491,14.160459537455388]}",108.346657713491,14.160459537455388,834.9748741804432
00000000000000000414,2773.0,1601.0,466.0,738.0,526.0,3654.0,0.39067554,0.74832535,1078,1,0.1952568135200576,26.73296,"{""type"":""Point"",""coordinates"":[108.32375131137947,14.186598787830688]}",108.32375131137947,14.186598787830688,1774.3884236148158
000000000000000003ce,2744.5,1617.5,644.0,793.0,842.0,2088.0,0.12697342,0.42525598,1079,1,0.6450718395827129,17.1199,"{""type"":""Point"",""coordinates"":[108.35286032305636,14.150756533563092]}",108.35286032305636,14.150756533563092,2081.264121226567
000000000000000005c8,1631.0,681.0,324.0,505.0,294.0,3101.5,0.6399207,0.8268296,1079,1,0.5346473495865921,6.9080563,"{""type"":""Point"",""coordinates"":[108.31351321536074,13.934351900338307]}",108.31351321536074,13.934351900338307,2683.0741013331585
000000000000000005fc,2778.0,1739.5,515.5,702.0,719.0,2171.0,0.11034395,0.50242215,1081,1,0.495751056826562,20.983006,"{""type"":""Point"",""coordinates"":[108.3498950208558,14.170158082246632]}",108.3498950208558,14.170158082246632,857.3004172336056
000000000000000003b6,2209.0,1531.5,473.0,574.0,704.5,1472.5,-0.01964048,0.35277906,1082,1,0.6149392473787559,21.875185,"{""type"":""Point"",""coordinates"":[108.34773681594595,14.159380435000456]}",108.34773681594595,14.159380435000456,1001.7385816117863
000000000000000005bf,2472.0,1617.5,496.0,634.0,728.5,2155.0,0.14247847,0.49471128,1082,1,0.6140321972977224,14.443224,"{""type"":""Point"",""coordinates"":[108.35258831789209,14.151024079626296]}",108.35258831789209,14.151024079626296,2039.7569736045243
000000000000000005db,2769.5,1969.5,567.0,766.0,798.0,2481.0,0.114930905,0.51326627,1083,1,0.7615101631027841,21.51463,"{""type"":""Point"",""coordinates"":[108.32267666802558,14.186870792994947]}",108.32267666802558,14.186870792994947,1773.4193053672573
00000000000000000565,2550.0,1490.0,466.5,701.5,683.5,3474.0,0.3996777,0.67119664,1085,1,0.3531132605738044,18.13147,"{""type"":""Point"",""coordinates"":[108.3221371167981,14.186870792994947]}",108.3221371167981,14.186870792994947,1761.150868909847
00000000000000000454,2236.5,1443.5,592.0,700.0,752.5,2111.5,0.18790436,0.47451118,1086,1,0.7356735507724463,22.653572,"{""type"":""Point"",""coordinates"":[108.35474652280195,14.149949436272415]}",108.35474652280195,14.149949436272415,2242.664374329783
0000000000000000034b,2077.0,992.0,369.0,583.0,362.0,3351.0,0.5431729,0.8050094,1087,1,0.149159852674497,30.958595,"{""type"":""Point"",""coordinates"":[108.34962301569155,14.15964798106366]}",108.34962301569155,14.15964798106366,1142.420388082493
000000000000000003ed,2414.0,1367.0,409.0,611.0,647.0,2434.0,0.2807156,0.5800065,1087,1,0.0213819856346855,27.673666,"{""type"":""Point"",""coordinates"":[108.32105801434318,14.187677890285622]}",108.32105801434318,14.187677890285622,1733.4651281496876
00000000000000000407,2630.0,1555.0,472.0,692.0,592.0,3058.0,0.32581833,0.67561644,1089,1,0.5843773703181531,13.4176855,"{""type"":""Point"",""coordinates"":[108.35016256691901,14.170430087410896]}",108.35016256691901,14.170430087410896,888.8444737851082
000000000000000003bf,1666.0,722.0,382.0,580.0,333.0,3270.0,0.6382766,0.815154,1090,1,0.5344040965783688,15.207386,"{""type"":""Point"",""coordinates"":[108.3140527665882,13.934623905502567]}",108.3140527665882,13.934623905502567,2704.00034319024
0000000000000000060a,2910.0,2074.0,614.0,805.0,1055.0,2229.0,0.03602138,0.35749087,1092,1,0.2925705841517987,15.493925,"{""type"":""Point"",""coordinates"":[108.34719726471847,14.159380435000456]}",108.34719726471847,14.159380435000456,959.7864190119822
000000000000000004ab,2860.0,1818.5,506.0,729.0,632.5,2908.5,0.23059022,0.6427563,1093,1,0.5527569030023307,15.811102,"{""type"":""Point"",""coordinates"":[108.32240466286132,14.187138339058155]}",108.32240466286132,14.187138339058155,1795.9894539716684
0000000000000000056d,2049.0,1268.0,438.5,590.5,545.0,2290.0,0.28724003,0.6155203,1093,1,0.0233242533201561,20.839407,"{""type"":""Point"",""coordinates"":[108.35501406886516,14.149677431108154]}",108.35501406886516,14.149677431108154,2249.1187512211054
000000000000000003d5,2515.0,1502.0,522.0,762.0,719.0,2729.0,0.29000238,0.58294666,1095,1,0.2043253794303605,21.084564,"{""type"":""Point"",""coordinates"":[108.34773681594595,14.15964798106366]}",108.34773681594595,14.15964798106366,981.8312696140097
0000000000000000053d,2518.5,1694.0,488.5,677.0,767.5,2664.0,0.22257917,0.55267376,1095,1,0.3082791290101735,21.671646,"{""type"":""Point"",""coordinates"":[108.32267666802558,14.187138339058155]}",108.32267666802558,14.187138339058155,1802.301085805946
00000000000000000326,2599.0,1653.0,649.0,818.5,894.5,2122.0,0.12423841,0.40692857,1096,1,0.4319493707047614,16.603743,"{""type"":""Point"",""coordinates"":[108.35339541518276,14.153721835763633]}",108.35339541518276,14.153721835763633,1876.9578607568153
00000000000000000344,3057.0,2124.0,706.5,944.0,1197.0,2366.0,0.05389755,0.3280943,1096,1,0.4618055742806936,20.01488,"{""type"":""Point"",""coordinates"":[108.35393496641022,14.1542613869911]}",108.35393496641022,14.1542613869911,1879.0005289020532
000000000000000004ad,1972.0,1067.5,441.5,593.0,521.0,2519.5,0.40479508,0.6572932,1097,1,0.3064374188011716,18.48367,"{""type"":""Point"",""coordinates"":[108.35501406886516,14.150216982335623]}",108.35501406886516,14.150216982335623,2277.9951224937645
00000000000000000434,1763.0,944.0,368.0,521.0,411.0,2438.0,0.44175044,0.7114777,1103,1,0.6648276958907564,21.123518,"{""type"":""Point"",""coordinates"":[108.35528161492837,14.149677431108154]}",108.35528161492837,14.149677431108154,2273.037735960106
0000000000000000040d,2244.0,1430.5,656.5,740.0,809.5,2122.0,0.19465165,0.447723,1104,1,0.7993818466350673,16.442348,"{""type"":""Point"",""coordinates"":[108.35528161492837,14.150216982335623]}",108.35528161492837,14.150216982335623,2297.5625773987194
000000000000000003e7,2726.0,1680.5,592.5,745.0,836.5,1723.5,0.012632198,0.34648436,1107,1,0.4756805585009084,18.292358,"{""type"":""Point"",""coordinates"":[108.35393496641022,14.1510240796263]}",108.35393496641022,14.1510240796263,2133.517141410521
00000000000000000543,2364.0,1489.0,509.0,720.0,753.0,2438.0,0.2416603,0.5280476,1111,1,0.0263788885559985,16.74831,"{""type"":""Point"",""coordinates"":[108.35555362009264,14.150488987499884]}",108.35555362009264,14.150488987499884,2295.7656808627066
000000000000000005ac,2299.0,1447.5,484.0,594.5,762.5,1585.5,0.045499504,0.35051107,1111,1,0.7419232135545965,11.347619,"{""type"":""Point"",""coordinates"":[108.35393496641022,14.151296084790557]}",108.35393496641022,14.151296084790557,2111.083352855335
00000000000000000539,2731.5,1932.0,588.0,731.5,887.5,1762.5,-0.04587901,0.3301887,1112,1,0.7695700174600897,6.0304837,"{""type"":""Point"",""coordinates"":[108.3542069715745,14.151296084790557]}",108.3542069715745,14.151296084790557,2130.9274493914995
00000000000000000513,2471.0,1536.0,627.0,749.0,890.0,2362.0,0.21190354,0.45264453,1113,1,0.7649286146149217,14.183248,"{""type"":""Point"",""coordinates"":[108.35555362009264,14.150756533563092]}",108.35555362009264,14.150756533563092,2274.349761450755
000000000000000005a5,2435.0,1492.5,525.0,701.0,688.0,2359.0,0.22497728,0.54840827,1117,1,0.2918253725095653,10.40585,"{""type"":""Point"",""coordinates"":[108.35393496641024,14.153449830599373]}",108.35393496641024,14.153449830599373,1939.8795519992464
000000000000000003ca,2408.0,1564.5,563.0,820.5,742.5,2644.5,0.25659302,0.5615589,1118,1,0.7136848939608734,13.415767,"{""type"":""Point"",""coordinates"":[108.38977722067784,13.962109804396007]}",108.38977722067784,13.962109804396007,2260.1016015648975
0000000000000000043e,2492.5,1745.5,585.0,724.5,852.5,2201.5,0.11553078,0.44171578,1118,1,0.6410826879268786,4.8600464,"{""type"":""Point"",""coordinates"":[108.3542069715745,14.153449830599373]}",108.3542069715745,14.153449830599373,1961.273622949429
000000000000000003b8,1800.0,1004.0,326.0,441.5,631.0,1990.5,0.32943732,0.51859623,1119,1,0.1077085132803785,33.001526,"{""type"":""Point"",""coordinates"":[108.31997891188824,14.188484987576295]}",108.31997891188824,14.188484987576295,1649.874139742284
000000000000000003e0,2337.5,1185.0,367.0,585.0,440.5,3326.5,0.47467583,0.7661269,1120,1,0.7015211893237591,27.086905,"{""type"":""Point"",""coordinates"":[108.32456286777118,14.187405885121358]}",108.32456286777118,14.187405885121358,1886.361167091706
00000000000000000531,2048.0,1271.5,489.5,612.0,649.5,2139.0,0.25436154,0.5341582,1121,1,0.374280200753704,11.343298,"{""type"":""Point"",""coordinates"":[108.35528161492837,14.151296084790559]}",108.35528161492837,14.151296084790559,2211.020311218541
000000000000000004b1,1801.0,922.0,381.0,533.0,415.0,2618.0,0.47909606,0.7263436,1122,1,0.0333337159829263,7.439239,"{""type"":""Point"",""coordinates"":[108.35501406886516,14.151296084790557]}",108.35501406886516,14.151296084790557,2190.8409195504723
0000000000000000039a,2316.0,1588.0,592.0,716.0,731.0,2168.0,0.1544196,0.49568817,1125,1,0.5591690294057197,13.99545,"{""type"":""Point"",""coordinates"":[108.35555362009262,14.151296084790557]}",108.35555362009262,14.151296084790557,2231.7331595193914
0000000000000000035c,2172.0,1484.0,495.0,756.0,667.0,2537.0,0.26187515,0.58364546,1127,1,0.4889546474234211,11.638685,"{""type"":""Point"",""coordinates"":[108.3900492258421,13.962381809560268]}",108.3900492258421,13.962381809560268,2217.9950084817688
00000000000000000602,2266.0,1407.0,520.0,658.0,707.0,2173.0,0.21396647,0.5090278,1127,1,0.24283047166257,10.657791,"{""type"":""Point"",""coordinates"":[108.35528161492837,14.151563630853767]}",108.35528161492837,14.151563630853767,2189.9856822561514
000000000000000005c0,2647.0,1586.0,478.5,751.0,724.0,3294.5,0.3500666,0.63966656,1128,1,0.7867878298598363,24.61497,"{""type"":""Point"",""coordinates"":[108.32429086260693,14.18740588512136]}",108.32429086260693,14.18740588512136,1877.1418033309833
0000000000000000062f,2052.5,1291.0,487.0,773.0,652.0,2633.0,0.34199795,0.60304415,1131,1,0.7194012434898567,22.044037,"{""type"":""Point"",""coordinates"":[108.3900492258421,13.961842258332801]}",108.3900492258421,13.961842258332801,2262.0998216697617
